Latitude,Longitude,District,State,Jan,Feb,Mar,Apr,May,Jun,Jul,Aug,Sep,Oct,Nov,Dec
12.75,78.25,Gudupalle,Andhra Pradesh,0,0.02,0.75,0.01,4.32,3.03,1.52,1.82,1.73,3.09,0.75,0.05
12.75,78.5,Kuppam,Andhra Pradesh,0,0.08,0.16,0.01,3.42,2.64,3.21,4.06,2.85,4.15,1.61,0.32
13,78.5,Venkatagirikota,Andhra Pradesh,0,0,0.25,0.03,3.65,3.41,2.52,2.56,2.32,4.6,1.44,0.29
13.25,78.75,Gangavaram,Andhra Pradesh,0.06,0,0.21,0.1,2.73,2.26,1.88,3.27,3.8,5.5,2.05,0.14
13.25,79,Thavanampalle,Andhra Pradesh,0.14,0,0.11,0,2.74,1.32,3.1,4.31,3.82,4.14,2.16,0.2
13.25,79.25,Gangadhara Nellore,Andhra Pradesh,0.08,0,0,0.01,3.01,2.93,3.59,7.06,3.28,3.05,2.33,2.14
13.25,79.75,Vijayapuram,Andhra Pradesh,0,0.09,0,0,0.47,3.31,2.9,4.29,4.44,5.73,4.62,2.58
13.5,78.5,Madanapalle,Andhra Pradesh,0,0,0.78,0.03,1.82,3.52,0.64,2.02,2.59,4.31,1.17,0.15
13.5,78.75,Somala,Andhra Pradesh,0.02,0,0.52,0.02,2.34,1.59,1.16,2.67,3.79,3.23,1.81,0.08
13.5,79,Pakala,Andhra Pradesh,0.01,0,0.9,0,3.34,1.56,1.16,2.97,4.57,2.48,2.1,0.18
13.5,79.25,Ramachandrapuram,Andhra Pradesh,0.03,0.01,0.13,0,2.73,1.53,3.1,7.21,2.68,3.33,2.55,1.04
13.5,79.5,Vadamalapeta,Andhra Pradesh,0,0.09,0,0,1.25,2.68,3.47,6.64,4.6,5.47,3.85,2.24
13.5,79.75,Kumara Venkata Bhupalapuram,Andhra Pradesh,0,0.26,0,0,0.74,1.42,2.38,6.12,4.64,6.47,5.01,2.82
13.5,80,Satyavedu,Andhra Pradesh,0,0.06,0,0,0.61,1.71,2.37,5.22,4.26,8.21,7.19,4.6
13.5,80.25,Tada,Andhra Pradesh,0,0.02,0,0,0.52,2.03,2.56,4.32,3.87,8.79,7.44,4.83
13.75,77,Agali,Andhra Pradesh,0,0,1.08,0.45,5.09,2.06,1,2.12,2.04,4.35,0.66,0.14
13.75,77.5,Hindupur,Andhra Pradesh,0,0,0.4,0.35,3.03,1.57,0.79,3.5,1.87,2.09,0.51,0
13.75,78.25,Pedda Thippasamudram,Andhra Pradesh,0,0,0.59,0.01,2.52,2.66,0.48,2.11,2.52,3.07,1.06,0.28
13.75,78.5,Thamballapalle,Andhra Pradesh,0,0,0.13,0,0.66,1.6,0.62,2.11,2.14,2.68,1.33,0.01
13.75,78.75,Kalikiri,Andhra Pradesh,0,0,0.38,0,1.29,1.7,0.69,2.54,2.63,2.51,1.37,0.05
13.75,79,Pileru,Andhra Pradesh,0,0.01,0.52,0,2.13,1.48,0.93,3.15,3.3,2.71,2.15,0.42
13.75,79.25,Tirupati (Urban),Andhra Pradesh,0.01,0.03,0,0,1.35,2.2,2.14,7.6,1.44,4.54,3.33,1.39
13.75,79.5,Renigunta,Andhra Pradesh,0,0,0,0,0.54,3.27,2.21,8.21,1.17,4.52,3.14,1.18
13.75,79.75,Thottambedu,Andhra Pradesh,0,0.01,0,0,0.81,2.36,1.31,5.55,2.96,6.91,5.64,4.49
13.75,80,Doravarisatram,Andhra Pradesh,0,0.03,0,0,0.72,1.95,1.51,5.54,3.54,7.47,6.46,4.76
14,77,Amarapuram,Andhra Pradesh,0,0,0.75,0.17,3.43,2.01,0.6,1.74,2.08,6.19,0.34,0
14,77.25,Madakasira,Andhra Pradesh,0,0,0.48,0.18,3.35,1.97,0.48,1.57,1.71,5.28,0.43,0
14,77.5,Somandepalle,Andhra Pradesh,0,0,0.14,0.43,3.36,1.53,0.37,1.63,0.8,2.8,0.52,0
14,77.75,Gorantla,Andhra Pradesh,0,0,0.54,0.3,2.55,1.93,0.45,2.22,1.87,2.43,0.64,0
14,78,Obuladevaracheruvu,Andhra Pradesh,0,0,0.68,0.14,1.7,2.59,0.61,1.83,2.46,2.55,0.75,0
14,78.25,Tanakal,Andhra Pradesh,0,0,0.67,0.25,1.28,2.46,0.7,2.51,2.04,2.37,0.68,0
14,78.5,Galiveedu,Andhra Pradesh,0,0,0.6,0.15,0.69,2.22,0.67,3.7,1.57,2.23,0.72,0
14,78.75,Sambepalle,Andhra Pradesh,0,0,0.46,0.18,0.71,1.94,0.66,3.32,1.57,1.94,0.79,0.05
14,79,T Sundupalle,Andhra Pradesh,0,0.01,0.08,0.45,0.63,1.19,0.91,4.55,1.31,2,1.73,0.53
14,79.25,Obulavaripalle,Andhra Pradesh,0,0.04,0,0.53,0.8,1.39,1.69,6.61,1.23,3.77,2.91,1.13
14,79.5,Venkatagiri,Andhra Pradesh,0,0.06,0,0.12,0.7,1.76,2.57,7.48,1.76,4.42,3.88,1.22
14,79.75,Ojili,Andhra Pradesh,0,0.08,0,0,1.15,1.57,3.13,6.67,3.39,4.09,5.19,1.53
14,80,Chittamur,Andhra Pradesh,0,0.06,0,0,0.83,1.59,2.36,5.84,3.46,6.29,5.48,3.57
14.25,77,Kundurpi,Andhra Pradesh,0,0,0.23,0.13,2.99,3.21,1.33,2.79,1.93,7.59,0.8,0.02
14.25,77.75,Kothacheruvu,Andhra Pradesh,0,0,0.33,0.24,1.57,2.46,0.77,1.58,1.81,3.04,0.71,0.03
14.25,78,Bukkapatnam,Andhra Pradesh,0,0,0.52,0.17,1.57,2.63,0.7,1.71,2.44,2.92,0.76,0
14.25,78.25,Talupula,Andhra Pradesh,0,0,0.23,0.38,0.89,2.12,0.99,2.72,1.64,2.84,0.67,0
14.25,78.5,Chakrayapet,Andhra Pradesh,0,0,0.7,0.79,1.33,1.61,0.81,2.25,1.89,2.49,0.52,0
14.25,78.75,Ramapuram,Andhra Pradesh,0,0,0.37,0.19,0.72,1.7,0.9,2.76,1.76,2.25,0.69,0.09
14.25,79,Rajampet,Andhra Pradesh,0,0,0.02,0.06,0.48,1.06,0.64,3.08,1.41,1.08,0.97,0.15
14.25,79.25,Penagalur,Andhra Pradesh,0,0.01,0,1.59,0.49,0.66,1.77,6.58,1.09,2.47,2.46,0.69
14.25,79.5,Rapur,Andhra Pradesh,0.01,0.06,0,1.03,0.64,0.8,2.85,7.06,1.95,3.06,3.57,1.04
14.25,79.75,Sydapuram,Andhra Pradesh,0,0.18,0,0.07,0.94,0.89,3.36,5.54,3.14,3.59,4.64,2.51
14.25,80,Venkatachalam,Andhra Pradesh,0.01,0.22,0,0,0.6,1.04,2.62,4.26,2.63,4.87,4.45,4.7
14.5,77,Brahmasamudram,Andhra Pradesh,0,0,0.58,0.04,2.49,1.85,1.38,2.35,0.86,6.95,0.48,0.01
14.5,77.25,Kambadur,Andhra Pradesh,0,0,0.26,0.27,1.43,2.47,0.96,2.73,1.56,4.08,0.45,0.09
14.5,77.5,Raptadu,Andhra Pradesh,0,0,0.2,0.42,0.67,2.42,0.97,2.23,1.12,2.52,0.57,0.08
14.5,77.75,Bathalapalle,Andhra Pradesh,0,0,0.13,0.34,1.11,2.41,0.99,2.15,1.87,3.13,0.61,0.08
14.5,78,Lingala,Andhra Pradesh,0,0,0.14,0.27,1.74,2.37,0.82,1.38,2.63,4.09,0.77,0.01
14.5,78.25,Thonduru,Andhra Pradesh,0,0,0.11,0.28,0.92,1.93,1.05,2.69,2.36,3.12,0.77,0.04
14.5,78.5,Veerapunayunipalle,Andhra Pradesh,0,0,0.16,0.11,0.23,1.99,1.37,3.57,4.29,2.14,0.98,0.05
14.5,78.75,Vallur,Andhra Pradesh,0,0,0.1,0.23,0.68,1.59,1.55,2.98,3.37,3.29,1.57,0.14
14.5,79,Sidhout,Andhra Pradesh,0,0,0,0.52,0.94,1.21,1.47,2.85,1.98,3.86,2,0.23
14.5,79.25,Gopavaram,Andhra Pradesh,0.01,0.01,0,0.72,1.5,1.74,3.5,3.65,1.29,4.54,3.5,0.44
14.5,79.5,Chejerla,Andhra Pradesh,0.01,0.04,0,0.12,1.52,2.36,4.44,3.05,1.6,4.56,4.38,1
14.5,79.75,Podalakur,Andhra Pradesh,0.01,0.31,0,0,0.27,0.92,1.82,2.45,1.8,5.17,3.93,6.7
14.5,80,Kovur,Andhra Pradesh,0.02,0.26,0,0,0.43,0.82,2.01,2.67,2.64,4.62,4.24,4.86
14.75,77,Kanekal,Andhra Pradesh,0,0,0.63,0.47,2.65,1.79,2.42,1.77,1.4,3.54,0.71,0.39
14.75,77.25,Uravakonda,Andhra Pradesh,0,0,0.26,1.1,1.37,2,1.37,2.18,1.7,2.92,0.37,0.13
14.75,77.5,Kudair,Andhra Pradesh,0,0,0.1,0.82,0.96,2.47,0.9,3.07,2.32,2.63,0.3,0.15
14.75,77.75,Narpala,Andhra Pradesh,0,0,0.07,0.63,1.74,2.21,2.42,3.22,3.04,3.48,0.24,0.18
14.75,78,Putlur,Andhra Pradesh,0,0,0.06,0.3,1.48,1.69,2.38,2.84,3.41,4.52,0.4,0.2
14.75,78.25,Muddanur,Andhra Pradesh,0,0,0.2,0.2,0.32,0.68,2.02,2.26,3.32,5.19,0.66,0.26
14.75,78.5,Yerraguntla,Andhra Pradesh,0,0,0.39,0.25,0.43,1.24,1.64,3.25,5.12,3.59,1.09,0.37
14.75,78.75,S.Mydukur,Andhra Pradesh,0,0,0,0.26,0.92,1.56,2.14,3.04,2.94,3.14,2.03,0.31
14.75,79,Brahmamgarimattam,Andhra Pradesh,0,0,0,0.59,1.31,1.23,2.14,2.61,2.25,5.01,2.47,0.45
14.75,79.25,Marripadu,Andhra Pradesh,0.01,0,0,0.67,1.71,1.48,3.51,2.52,1.42,6.44,3.24,0.63
14.75,79.5,Vinjamur,Andhra Pradesh,0.02,0.04,0,0.1,1.41,2.06,3.86,2.91,1.76,4.22,4.19,1.11
14.75,79.75,Kaligiri,Andhra Pradesh,0.05,0.21,0,0.06,0.28,0.43,1.2,1.69,3.62,4.04,4.15,3.33
14.75,80,Bogole,Andhra Pradesh,0.04,0.23,0.02,0.05,0.27,0.54,1.39,2.02,3.06,4.03,3.91,4.13
15,77,Bommanahal,Andhra Pradesh,0,0.05,0.75,0.77,2.47,1.9,2.83,2.54,1.84,3.33,0.57,0.37
15,77.25,Uravakonda,Andhra Pradesh,0,0,0.46,1.68,1.97,2.12,1.74,2.2,1.34,3.57,0.28,0.41
15,77.5,Pamidi,Andhra Pradesh,0,0,0.53,1.73,2.22,2.2,1.83,2.34,1.25,3.95,0.21,0.51
15,77.75,Peddavadugur,Andhra Pradesh,0,0,0.14,0.55,2.28,2.27,3.27,3.3,3.21,3.82,0.2,0.24
15,78,Tadpatri,Andhra Pradesh,0,0,0.09,0.3,1.99,1.97,3.45,3.06,3.26,4.03,0.29,0.19
15,78.25,Mylavaram,Andhra Pradesh,0,0,0.09,0.09,0.38,1.21,2.54,2.92,3.68,4.37,0.59,0.23
15,78.5,Peddamudium,Andhra Pradesh,0,0,0.14,0.11,0.4,2.45,2.04,2.51,3.43,3.1,0.7,0.2
15,78.75,S.Mydukur,Andhra Pradesh,0,0,0.01,0.09,0.51,2.25,2.56,2.21,1.98,2.73,0.81,0.37
15,79,Porumamilla,Andhra Pradesh,0,0,0,0.79,1.32,1.04,2.72,2.33,1.63,6.27,2.04,0.66
15,79.25,Udayagiri,Andhra Pradesh,0.01,0,0,0.85,1.6,0.9,2.97,2.87,1.11,6.53,2.82,1.08
15,79.5,Varikuntapadu,Andhra Pradesh,0.02,0.01,0.01,0.49,0.91,0.85,1.87,4.94,1.13,2.35,2.9,2.13
15,79.75,Kondapuram,Andhra Pradesh,0.05,0.16,0.04,0.07,0.34,0.46,1.35,1.92,3.69,3.21,3.94,2.34
15,80,Gudluru,Andhra Pradesh,0.04,0.13,0.04,0.1,0.51,0.52,1.63,2.22,3.4,3.06,4.05,2.29
15.25,77.25,Chippagiri,Andhra Pradesh,0,0,1.03,0.64,1.5,2.99,2.67,3.86,1.45,3.02,0.05,0.09
15.25,77.5,Maddikera (East),Andhra Pradesh,0,0,0.89,1.05,2.1,3.51,1.8,3.86,1.37,3.8,0.14,0.41
15.25,77.75,Peapally,Andhra Pradesh,0,0,0.79,0.4,2.43,4.32,2.73,4.41,1.42,3.47,0.21,0.13
15.25,78,Owk,Andhra Pradesh,0,0,0.34,0.3,3.01,2.31,4.92,2.46,2.65,3.29,0.4,0.14
15.25,78.25,Banaganapalle,Andhra Pradesh,0,0,0.05,0.03,0.79,2.03,3.05,3.87,4.94,3.1,0.64,0.22
15.25,78.5,Allagadda,Andhra Pradesh,0,0,0.05,0.03,0.46,2.68,2.75,3,4.19,2.91,0.65,0.13
15.25,78.75,Giddalur,Andhra Pradesh,0,0,0,0.22,0.54,2.25,2.52,2.2,1.79,3.18,0.85,0.28
15.25,79,Komarolu,Andhra Pradesh,0,0,0,0.33,0.8,1.47,2.97,2.51,1.38,4.58,1.44,0.34
15.25,79.25,Chandra Sekhara Puram,Andhra Pradesh,0.01,0.01,0.02,0.79,1.03,0.67,2.37,2.96,1.4,4.45,2.96,1.06
15.25,79.5,Kanigiri,Andhra Pradesh,0.01,0.02,0.09,0.24,0.8,1,2.62,3.65,1.77,1.67,3.09,1.23
15.25,79.75,Ponnaluru,Andhra Pradesh,0,0,0.18,0.02,0.85,1.6,3.8,3.62,1.86,1.1,2.83,0.89
15.25,80,Singarayakonda,Andhra Pradesh,0.04,0.03,0.07,0.06,0.77,0.79,3.31,2.38,2.92,2.81,5.1,1.95
15.5,77,Holagunda,Andhra Pradesh,0,0,0.31,0.28,2.1,1.79,3.22,5.11,1.57,1.99,0.03,0.04
15.5,77.25,Alur,Andhra Pradesh,0,0,1.03,0.38,1.46,3.13,2.75,4.78,1.78,2.54,0.05,0.01
15.5,77.5,Aspari,Andhra Pradesh,0,0,1.05,0.29,1.65,4.23,2.12,5.43,1.6,2.78,0.17,0.05
15.5,77.75,Krishnagiri,Andhra Pradesh,0,0,1.06,0.25,1.94,4.96,2.51,5.38,1.34,3.19,0.25,0.02
15.5,78,Veldurthi,Andhra Pradesh,0,0,0.35,0.21,2.06,2.92,3.47,3.47,4.03,3.6,0.48,0.1
15.5,78.25,Panyam,Andhra Pradesh,0,0,0.12,0,1,2.62,3.36,3.34,5.45,4.18,0.49,0.05
15.5,78.5,Nandyal,Andhra Pradesh,0,0,0.35,0.05,0.77,2.33,3.48,3.69,4.26,3.68,0.71,0.13
15.5,78.75,Bandi Atmakur,Andhra Pradesh,0,0,0,0.52,0.78,1.1,3.37,2.73,1.12,5.47,1.42,0.27
15.5,79,Cumbum,Andhra Pradesh,0,0,0,0.53,0.9,0.62,3.41,2.89,0.88,5.71,2.09,0.26
15.5,79.25,Hanumanthuni Padu,Andhra Pradesh,0,0.03,0,0.33,0.59,0.3,3.14,2.04,1.85,3.29,3.17,0.24
15.5,79.5,Kanigiri,Andhra Pradesh,0.01,0.03,0.02,0.2,0.5,0.29,3.21,1.87,2.26,2.25,3.79,0.39
15.5,79.75,Marripudi,Andhra Pradesh,0.05,0.02,0.03,0.13,1.02,0.53,3.86,1.76,3.24,3.63,6.46,2.02
15.5,80,Santhanuthala Padu,Andhra Pradesh,0.04,0.03,0.03,0.18,1,0.67,3.87,1.95,3.18,3.74,5.8,1.79
15.75,77.25,Adoni,Andhra Pradesh,0,0,0.77,0.54,2.46,2.95,4.07,7.77,2.78,2.01,0.15,0.05
15.75,77.5,Yemmiganur,Andhra Pradesh,0,0,0.9,0.46,2.12,3.36,3.79,6.88,2.64,2.13,0.22,0.04
15.75,77.75,Guduru,Andhra Pradesh,0,0,1.45,0.43,1.37,2.1,4.9,4.98,3.68,2.57,0.28,0.04
15.75,78,Kallur,Andhra Pradesh,0,0,1.46,0.37,1.22,1.61,4.88,4.27,3.94,2.52,0.33,0.06
15.75,78.25,Midthur,Andhra Pradesh,0,0,1.03,0.03,0.72,1.58,3.42,2.13,2.28,3.6,0.98,0.28
15.75,78.5,Pamulapadu,Andhra Pradesh,0,0,1,0.06,1.12,2.14,3.64,4.41,2.82,2.93,0.9,0.17
15.75,78.75,Velgode,Andhra Pradesh,0,0,0.15,0.49,0.83,1.09,3.28,3.27,1.99,4.68,1.31,0.32
15.75,79,Dornala,Andhra Pradesh,0,0,0,0.76,0.58,1.2,2.87,2.42,1.47,5.26,1.32,0.57
15.75,79.25,Markapur,Andhra Pradesh,0,0.02,0,0.23,0.59,0.4,3.7,2.01,2.2,3.24,2.93,0.26
15.75,79.5,Donakonda,Andhra Pradesh,0,0,0,0.02,0.49,0.37,5.75,2.03,1.62,3.75,2.75,0.02
15.75,79.75,Darsi,Andhra Pradesh,0,0.15,0,1.07,0.75,0.56,2.92,2.25,2.93,5.16,2.42,0.13
15.75,80,Addanki,Andhra Pradesh,0.02,0.09,0,0.41,0.86,0.81,3.76,2.07,3.32,4.92,3.9,0.9
15.75,80.25,Chinaganjam,Andhra Pradesh,0.01,0.1,0,0.09,0.81,1.43,4.17,2.87,3.56,5.02,2.4,0.36
16,78.5,Kothapalle,Andhra Pradesh,0,0,1.14,0.04,1.56,2.67,3.6,6.09,4.2,2.04,0.86,0.09
16,78.75,Atmakur,Andhra Pradesh,0,0,0.35,0.29,0.96,1.49,3.35,3.78,4.71,2.76,1.23,0.25
16,79,Dornala,Andhra Pradesh,0,0,0,0.16,0.92,0.85,3.53,3.73,4.92,3.79,1.45,0.36
16,79.25,Yerragondapalem,Andhra Pradesh,0,0,0,0.09,0.83,0.7,4.05,3.43,4.1,4.91,1.98,0.45
16,79.5,Tripuranthakam,Andhra Pradesh,0,0.06,0,0.38,0.6,0.41,4.15,2.22,2.42,4.02,2.59,0.11
16,79.75,Nuzendla,Andhra Pradesh,0,0.09,0,0.61,1.26,0.5,4.41,2.23,2.71,4.4,2.29,0.15
16,80,Ballikurava,Andhra Pradesh,0,0.18,0,0.46,1.24,0.87,4.12,2.57,3.54,4.89,1.87,0.06
16,80.25,Parchur,Andhra Pradesh,0,0.15,0,0.05,0.84,1.48,4.38,2.84,3.88,5.26,1.85,0.14
16,80.5,Ponnur,Andhra Pradesh,0,0.01,0,0,0.98,0.96,5.08,5.21,3.76,4.57,2.25,0.03
16,80.75,Nagaram,Andhra Pradesh,0,0,0,0,1.15,1.2,5.19,5.05,3.53,5,3.05,0.08
16,81,Koduru,Andhra Pradesh,0,0,0,0.02,1.64,1.05,6.67,6.44,4.35,4.36,1.45,0.11
16.25,79.25,Veldurthi,Andhra Pradesh,0,0,0.03,0.02,2.46,0.43,2.81,6.44,5.63,8.37,1.16,0.16
16.25,79.5,Pullalacheruvu,Andhra Pradesh,0,0,0.03,0,2.38,0.71,3.69,4.88,5.71,6.12,0.8,0.05
16.25,79.75,Bollapalle,Andhra Pradesh,0,0.02,0,0.15,2.56,0.81,5.67,2.27,3.57,2.93,0.91,0
16.25,80,Narasaraopet,Andhra Pradesh,0,0.16,0,0,3.15,0.63,6.35,2.67,4,2.9,1.08,0
16.25,80.25,Edlapadu,Andhra Pradesh,0,0.68,0,0,1.96,0.38,5.18,3.71,6.06,3.77,1.23,0
16.25,80.5,Chebrolu,Andhra Pradesh,0,0.02,0,0,0.78,0.43,6.24,4.66,5.52,5.75,1.27,0.03
16.25,80.75,Kollipara,Andhra Pradesh,0,0,0,0,2.58,1.39,6.15,6.51,3.75,3.97,1,0.09
16.25,81,Movva,Andhra Pradesh,0,0,0,0.01,2.2,0.89,7.61,6.64,4.65,4.09,0.76,0.12
16.5,79.25,Macherla,Andhra Pradesh,0,0,0.01,0,4.09,0.04,1.93,9.53,7.16,11.66,1.01,0
16.5,79.5,Macherla,Andhra Pradesh,0,0,0.05,0.01,2.16,0.66,3.62,4.23,6.04,5.58,0.67,0
16.5,79.75,Dachepalle,Andhra Pradesh,0,0,0,0,2.14,0.92,5.47,1.91,3.84,2.13,0.29,0
16.5,80,Bellamkonda,Andhra Pradesh,0,0.04,0,0,3.17,0.64,6.55,2.56,4.1,2.91,0.96,0
16.5,80.25,Pedakurapadu,Andhra Pradesh,0,0.52,0,0,2.94,0.54,5.34,4.18,4.44,4.07,1,0
16.5,80.5,Thullur,Andhra Pradesh,0,0.49,0,0,3.08,0.61,5.77,4.83,3.23,4.38,0.89,0
16.5,80.75,Kankipadu,Andhra Pradesh,0,0.01,0,0,3.85,1.83,5.59,6.26,3.08,3.38,0.47,0.04
16.5,81,Nandivada,Andhra Pradesh,0,0.01,0,0.05,4.08,0.31,7.27,4.32,3.17,2.63,0.99,0.07
16.5,81.25,Kalidindi,Andhra Pradesh,0,0,0,0.12,3.19,0.57,11.43,5.01,8.09,2.48,0.25,0.05
16.5,81.5,Bhimavaram,Andhra Pradesh,0,0,0,0.13,4.11,0.51,7.84,6.22,7.65,3.04,0.21,0.05
16.5,81.75,Yelamanchili,Andhra Pradesh,0.01,0,0,0.15,2.84,0.53,2.42,4.45,8.5,4.11,0.42,0.06
16.5,82,Allavaram,Andhra Pradesh,0.01,0,0.16,0.55,3.5,0.92,3.35,5.08,8.12,4.61,0.72,0.11
16.75,80.25,Chandarlapadu,Andhra Pradesh,0,0.06,0,0,2.23,1.35,4.64,4.36,4.73,2.82,0.79,0
16.75,80.5,G.Konduru,Andhra Pradesh,0,0.14,0,0,4.14,0.26,6.07,4.18,5.43,4.83,1.79,0.01
16.75,80.75,Agiripalle,Andhra Pradesh,0,0.03,0,0.01,4.32,0.19,6.58,4,5.95,4.45,1.94,0.03
16.75,81,Pedavegi,Andhra Pradesh,0,0.08,0,0.05,3.89,0.58,8.14,4.15,5.27,2.85,0.63,0.04
16.75,81.25,Bhimadole,Andhra Pradesh,0,0.01,0,0.12,5.34,1.16,9.11,6.19,5.77,2.45,0.37,0.04
16.75,81.5,Pentapadu,Andhra Pradesh,0.01,0.08,0,0.15,5.08,1.46,7.56,6.32,5.88,2.66,0.69,0.04
16.75,81.75,Peravali,Andhra Pradesh,0.01,0.01,0.36,0.76,3.86,1.23,4.64,5.66,8.63,4.98,0.6,0.09
16.75,82,K. Gangavaram,Andhra Pradesh,0.01,0,0.47,0.98,4.05,1.67,4.19,5.73,4.96,6.41,1.02,0.16
16.75,82.25,Thallarevu,Andhra Pradesh,0.01,0,0.37,0.81,4.34,1.52,4.16,5.13,4.76,5.97,0.93,0.27
17,80.25,Vatsavai,Andhra Pradesh,0,0,0,0,1.87,1.65,6.1,4.76,5.22,3.76,0.8,0
17,80.5,Gampalagudem,Andhra Pradesh,0,0,0,0,2.36,1.52,8.71,4.5,7.14,5.63,0.97,0
17,80.75,Vissannapeta,Andhra Pradesh,0.17,0.03,0,0,3.94,0.35,8.1,4.21,5.83,3.81,1.4,0.01
17,81,Chintalapudi,Andhra Pradesh,0.47,0.02,0,0.03,4.04,0.28,9.81,4.79,4.22,2.1,0.36,0.01
17,81.25,Kamavarapukota,Andhra Pradesh,0.02,0.04,0,0.09,2.44,0.18,7.73,4.02,2.49,3.37,0.26,0.03
17,81.5,Devarapalle,Andhra Pradesh,0.01,0,0,0.12,3.82,0.7,3.03,1.44,0.84,0.95,0.02,0
17,81.75,Rajahmundry (Urban),Andhra Pradesh,0.01,0,0.12,0.32,2.59,0.47,6.37,6.31,7.52,2.59,0.38,0.07
17,82,Rangampeta,Andhra Pradesh,0.03,0,0.17,0.37,5.01,1.56,4.25,4.06,2.66,4.46,1.34,0.18
17,82.25,Kakinada (Rural),Andhra Pradesh,0.01,0,0.31,0.66,4.6,1.43,6.06,5.41,4.17,5.65,0.91,0.33
17.25,81.25,Jeelugu Milli,Andhra Pradesh,0.21,0.01,0,0.02,3.61,0.24,8.24,4.1,5.39,2.34,0.16,0.01
17.25,81.5,Buttayagudem,Andhra Pradesh,0,0,0,0.02,3.99,0.35,6.79,3.67,7.4,2.26,0.25,0.03
17.25,81.75,Devipatnam,Andhra Pradesh,0,0,0,0.08,3.08,0.33,5.14,4.37,5.63,3.38,0.69,0.16
17.25,82,Jaggampeta,Andhra Pradesh,0.01,0,0,0.22,1.43,0.04,5.47,2.14,2.55,2.23,1.38,0.37
17.25,82.25,Prathipadu,Andhra Pradesh,0,0,0,0.03,4.21,0.54,9.81,5.36,4.56,4.18,0.53,0.56
17.25,82.5,Thondangi,Andhra Pradesh,0,0,0.06,0,3.99,0.87,8.34,5.82,4.86,7.09,0.63,0.52
17.5,81.25,Velairpadu,Andhra Pradesh,0.05,0,0,0.04,3.82,0.73,9.82,5.46,8.17,3.09,0.19,0
17.5,81.5,Vararamachandrapuram,Andhra Pradesh,0,0,0,0,3.86,0.58,4.96,7.89,4.49,7.8,0.26,0.03
17.5,81.75,Maredumilli,Andhra Pradesh,0,0,0,0.01,3.29,0.41,5.19,6.37,4.52,5.89,0.74,0.22
17.5,82,Addateegala,Andhra Pradesh,0,0,0.12,0,2.79,0.74,6.28,4.04,3.66,3.47,0.89,0.43
17.5,82.25,Rajavommangi,Andhra Pradesh,0,0,0.16,0,3.65,1.04,7.72,5.52,4.51,6.03,0.61,0.55
17.5,82.5,Kotananduru,Andhra Pradesh,0,0,0.09,0,3.7,0.97,6.02,5.24,5.19,12.04,0.5,0.54
17.5,82.75,Yelamanchili,Andhra Pradesh,0.14,0,0,0.02,3.71,1.36,4.44,6.44,5.55,14.9,0.47,0.44
17.75,81.25,Chintur,Andhra Pradesh,0,0,0,0.12,3.73,1.15,12.49,7.83,9.25,3.35,0.19,0
17.75,81.5,Chintur,Andhra Pradesh,0,0,0.02,0.1,3.67,0.76,8.29,7.65,7.17,5.5,0.18,0
17.75,81.75,Maredumilli,Andhra Pradesh,0,0,0,0.08,3.31,0.45,6.32,5.85,5.02,4.82,0.4,0.17
17.75,82,Y. Ramavaram,Andhra Pradesh,0,0,0.42,0.47,2.99,1.74,6.56,5.1,3.95,5.03,0.78,0.37
17.75,82.25,Koyyuru,Andhra Pradesh,0,0,0.62,0.7,3.49,2.93,5.78,6.64,4.68,7.39,0.43,0.53
17.75,82.5,Koyyuru,Andhra Pradesh,0,0,0.37,0.24,3.45,2.11,4.67,6.59,4.66,8.69,0.51,0.52
17.75,82.75,Ravikamatham,Andhra Pradesh,0.07,0,0,0.01,3.9,2.09,3.78,8.78,5.07,10.39,0.61,0.45
17.75,83,Anakapalle,Andhra Pradesh,0.2,0,0,0.06,3.85,1.93,4.99,9.23,5.24,15.68,0.32,0.44
17.75,83.25,Visakhapatnam (Urban),Andhra Pradesh,0.13,0,0,0.03,3.09,1.95,4.44,9.13,6.02,11.14,0.19,0.43
18,82,Gudem Kotha Veedhi Mandal,Andhra Pradesh,0,0.03,0.86,1.67,3.66,4.26,9.25,9.73,7.53,9.43,0.43,0.12
18,82.5,G.Madugula,Andhra Pradesh,0,0,1.6,3.44,5.61,6.77,6.87,9.53,6.7,14.84,0.08,0.54
18,82.75,Paderu,Andhra Pradesh,0.01,0,0.5,1.28,4.77,3.63,6.06,9.95,5.9,12.84,0.53,0.5
18,83,Devarapalle,Andhra Pradesh,0.14,0,0.14,0.08,3.9,3.34,5.71,9.54,6.31,12.16,0.36,0.45
18,83.25,Jami,Andhra Pradesh,0.07,0,0.03,0.03,2.64,2.22,4.29,8.89,6.19,9.32,0.11,0.44
18,83.5,Bhogapuram,Andhra Pradesh,0.07,0,0.06,0.01,3.12,2.8,4.96,6.71,5.04,8.76,0.57,0.44
18.25,82.5,Peda Bayalu,Andhra Pradesh,0,0,1.97,3.64,5.28,3.97,6.94,9.35,5.93,12.23,0.03,0.34
18.25,82.75,Dumbriguda,Andhra Pradesh,0,0,1.39,2.3,4.81,2.31,6.96,9.56,5.48,11.1,0.24,0.51
18.25,83,Ananthagiri,Andhra Pradesh,0.01,0,0.26,0.63,3.62,2.63,5.62,8.14,5.42,10.64,0.16,0.53
18.25,83.25,Ananthagiri,Andhra Pradesh,0.17,0,0.28,0.05,3.53,5.12,5.74,6.72,5.17,10.98,0.46,0.52
18.25,83.5,Gurla,Andhra Pradesh,0,0,0.01,0,3.3,2.05,5.12,5.13,4.07,7.48,0.91,0.3
18.25,83.75,Laveru,Andhra Pradesh,0,0,0.16,0.05,7.83,1.98,6.34,6.41,5.47,6.78,0.39,0.44
18.5,82.5,Munchingi Puttu,Andhra Pradesh,0,0.02,1.7,2.23,3.79,2.72,10.64,10.66,5.77,8.87,0.1,0.46
18.5,83.25,Ramabhadrapuram,Andhra Pradesh,0,0.05,1.45,0.08,4.21,2.94,6.16,10.16,6.66,8.59,0.24,0.36
18.5,83.5,Therlam,Andhra Pradesh,0,0,1.35,0.11,2.75,3.07,4.15,14.55,5.69,6.69,0.61,0.2
18.5,83.75,Regidi Amadalavalasa,Andhra Pradesh,0,0,0.63,0.13,7.16,2.19,6.27,9.31,6.31,7.03,0.32,0.37
18.5,84,Jalumuru,Andhra Pradesh,0,0,0.25,0.19,8.69,1.17,6.6,7.92,7.4,7.76,0.13,0.38
18.75,83.25,Makkuva,Andhra Pradesh,0,0.16,1.52,0.42,8.66,2.92,7.35,10.86,8.78,9.05,0.03,0.08
18.75,83.5,Garugubilli,Andhra Pradesh,0,0.02,2.48,1.67,7.93,2.65,8.15,9.29,6.91,7.68,0.1,0.04
18.75,83.75,Seethampeta,Andhra Pradesh,0,0.01,1.15,0.63,8.47,2.2,9.03,10.8,8.75,8.93,0.1,0.13
18.75,84,Pathapatnam,Andhra Pradesh,0,0,0.58,0.34,6.49,1.58,9.5,10.28,11.1,8.42,0.26,0.12
18.75,84.25,Meliaputti,Andhra Pradesh,0,0,0.82,0.61,4.8,2.04,10.55,10.25,10.38,6.36,0.28,0.12
19,83.5,Gummalakshmipuram,Andhra Pradesh,0,0.31,2.21,1.46,9.15,3.4,12.66,9.36,7.84,5.65,0.05,0.04
19,84.5,Kanchili,Andhra Pradesh,0,0,0.83,0.5,3.31,3.14,10.28,8.04,7.78,5.17,0.04,0.23
26.75,95.25,Pangchao SDO,Arunachal Pradesh,0.16,0.53,0.78,2.63,6.62,10.04,7.6,11.12,9.25,1.66,0.22,0
27,92.25,Shergaon Circle,Arunachal Pradesh,0,1.13,0.1,0.43,7.98,19.29,13.73,11.56,16.83,0.46,0.01,0
27,92.5,Bhalukpong EAC,Arunachal Pradesh,0,0.8,0.11,0.43,6.63,15,9.97,9.13,12.51,0.35,0,0
27,93,Seijosa,Arunachal Pradesh,0.12,1.61,0.69,0.77,17.17,20.47,18.01,17.23,10.3,1.27,0.59,0.29
27,93.25,Pakke Kessang,Arunachal Pradesh,0.15,2.29,0.86,0.86,23.94,27.41,25.05,23.58,13.69,1.73,0.91,0.45
27,93.5,Balijan ADC,Arunachal Pradesh,0.27,1.18,0.73,0.86,12.62,10.31,12.64,11.11,15.14,0.52,0.15,0.07
27,95.25,Kanubari ADC,Arunachal Pradesh,0.13,0.56,0.75,2.51,7.02,9.74,6.97,11.79,9.32,1.7,0.22,0
27,95.5,Khonsa HQ,Arunachal Pradesh,0.11,0.78,0.87,2.36,5.82,8.98,7.68,12.49,9.4,1.72,0.19,0
27,95.75,Khimiyang EAC,Arunachal Pradesh,0.15,1.32,1.02,2.21,6.61,8.09,8.01,13.74,10.44,1.39,0.12,0
27.25,92.25,Dirang ADC,Arunachal Pradesh,0,0.87,0.09,0.5,7.13,15.21,9.89,9.45,12.15,0.33,0.02,0
27.25,92.5,Singchung ADC,Arunachal Pradesh,0,0.25,0.04,0.45,4.43,9.2,3.14,5.83,3.96,0.08,0,0
27.25,92.75,Thrizino ADC,Arunachal Pradesh,0.01,0.33,0.08,0.48,5.56,10.15,4.02,6.77,3.81,0.17,0.06,0.03
27.25,93,Seppa HQ,Arunachal Pradesh,0.09,1.37,0.52,0.7,15.44,19.01,15.17,15.64,8.81,1.01,0.52,0.25
27.25,93.25,Leporiang Circle,Arunachal Pradesh,0.17,2.23,0.86,0.9,22.91,25.16,23.23,22.77,14.07,1.58,0.84,0.4
27.25,93.5,Sagalee ADC,Arunachal Pradesh,0.22,2.16,0.87,1.04,20,18.59,18.19,21.57,15.23,1.22,0.66,0.29
27.25,93.75,Toru Circle,Arunachal Pradesh,0.24,2.44,0.92,1.2,20.46,16.58,16.01,23.14,15.72,1.16,0.72,0.29
27.25,95.75,Namtok EAC,Arunachal Pradesh,0.22,1.72,1.14,2.18,4.8,7.41,8.08,14.9,11.34,1.07,0.07,0
27.25,96,Manmao EAC,Arunachal Pradesh,0.26,1.89,1.19,2.18,9.69,7.07,8.11,15.36,11.72,0.92,0.04,0
27.25,97,Vijoynagar EAC,Arunachal Pradesh,0.3,2.06,1.25,2.17,11.64,6.72,8.15,15.89,12.09,0.79,0.02,0
27.5,91.75,Bongkhar Circle,Arunachal Pradesh,0,1.3,0.27,0.99,10.15,14.28,9.6,8.82,12.14,0.37,0.13,0.01
27.5,92,Jang ADC,Arunachal Pradesh,0,0.89,0.14,0.67,7.65,13.27,8.25,8.4,10.28,0.29,0.06,0.01
27.5,92.25,Dirang ADC,Arunachal Pradesh,0,0.61,0.08,0.54,6.13,11.81,6.36,7.53,7.87,0.21,0.02,0
27.5,92.5,Nafra EAC,Arunachal Pradesh,0.01,0.37,0.06,0.46,5.35,10.51,4.65,6.92,5.11,0.17,0.03,0.01
27.5,92.75,Lada Circle,Arunachal Pradesh,0.02,0.44,0.12,0.5,6.53,11,5.08,7.74,4.25,0.25,0.11,0.05
27.5,93,Bameng ADC,Arunachal Pradesh,0.07,1.04,0.51,0.77,11.99,14.67,10.14,13.43,6.5,0.63,0.36,0.16
27.5,93.25,Gyawe Purang Circle,Arunachal Pradesh,0.25,2.28,1.87,1.86,21.01,17.64,17.4,25.29,11.89,1.04,0.73,0.27
27.5,93.5,Mengio EAC,Arunachal Pradesh,0.31,2.45,2.24,2.23,19.61,14.31,17.02,28.87,13.08,1.22,0.61,0.18
27.5,93.75,Yachuli ADC,Arunachal Pradesh,0.27,2.39,1.66,1.75,17.81,15.9,19.55,29.66,14.51,1.78,0.5,0.18
27.5,94,Dollungmukh Circle,Arunachal Pradesh,0.21,2.28,1.34,1.54,16.68,16.92,20.77,28.85,14.9,2.08,0.43,0.16
27.5,96,Bordumsa ADC,Arunachal Pradesh,0.28,2.02,1.22,2.17,11.57,6.86,8.1,15.72,12,0.83,0.03,0
27.5,96.25,Miao ADC,Arunachal Pradesh,0.27,1.98,1.2,2.17,10.53,6.99,8.07,15.54,11.91,0.85,0.04,0
27.5,96.5,Miao ADC,Arunachal Pradesh,0.29,2.05,1.23,2.17,10.46,6.8,8.12,15.78,12.05,0.8,0.02,0
27.5,96.75,Miao ADC,Arunachal Pradesh,0.3,2.06,1.24,2.17,10.87,6.72,8.15,15.89,12.09,0.79,0.02,0
27.75,91.75,Zemithang Circle,Arunachal Pradesh,0,0.99,0.17,0.73,8.19,14,8.91,8.86,11.1,0.31,0.07,0.01
27.75,92,Thingbu Circle,Arunachal Pradesh,0,0.7,0.1,0.56,6.56,12.6,7.2,8.01,8.9,0.24,0.03,0
27.75,92.25,Thingbu Circle,Arunachal Pradesh,0,0.49,0.06,0.49,5.51,11.23,5.53,7.19,6.83,0.17,0.01,0
27.75,92.5,Nafra EAC,Arunachal Pradesh,0.01,0.47,0.08,0.46,5.99,11.58,5.82,7.82,6.11,0.23,0.05,0.02
27.75,92.75,Sawa Circle,Arunachal Pradesh,0.03,0.64,0.27,0.6,7.59,12.59,6.99,9.64,6.24,0.32,0.13,0.06
27.75,93,Sawa Circle,Arunachal Pradesh,0.14,1.14,1.27,1.43,11.74,11.05,8.3,15.74,5.9,0.39,0.32,0.09
27.75,93.25,Phassang,Arunachal Pradesh,0.36,2.46,3.19,2.97,20.47,12.21,15.54,30.5,10.94,0.81,0.63,0.14
27.75,93.5,Sangram SDO,Arunachal Pradesh,0.43,2.47,3.98,3.66,19.44,7.75,12.82,32.01,9.67,0.5,0.55,0.05
27.75,93.75,Palin Circle,Arunachal Pradesh,0.46,2.5,4.07,3.7,19.01,7.16,12.24,31.88,9.49,0.46,0.55,0.04
27.75,94,Kamporijo Circle,Arunachal Pradesh,0.55,2.78,2.7,2.65,15.27,11.48,14.01,28.89,11.1,1.1,0.66,0.17
27.75,94.25,Raga ADC,Arunachal Pradesh,0.94,3.5,2.51,1.79,8.38,12.49,7.22,17.93,10.02,0.78,1.03,0.36
27.75,94.5,Gensi EAC,Arunachal Pradesh,0.7,2.92,2.07,1.73,10.62,12.23,7.58,16.6,10.67,0.86,0.79,0.26
27.75,94.75,Likabali SDO,Arunachal Pradesh,0.31,2.39,1.74,1.7,15.33,13.07,9.07,23.86,13.2,1.22,0.37,0.07
27.75,96,Chongkham EAC,Arunachal Pradesh,0.25,1.98,1.24,2.18,11.73,7.19,7.94,15.66,11.94,0.82,0.05,0
27.75,96.25,Chongkham EAC,Arunachal Pradesh,0.27,2.02,1.22,2.18,11.26,7.02,8.02,15.66,12,0.8,0.04,0
27.75,96.5,Wakro Circle,Arunachal Pradesh,0.29,2.06,1.23,2.18,11.07,6.81,8.11,15.8,12.09,0.79,0.02,0
27.75,96.75,Hawai HQ,Arunachal Pradesh,0.3,2.06,1.24,2.17,11.33,6.72,8.15,15.88,12.09,0.79,0.02,0
27.75,97,Hawai HQ,Arunachal Pradesh,0.3,2.06,1.25,2.17,12.16,6.72,8.15,15.89,12.09,0.79,0.02,0
28,92.75,Sarli Circle,Arunachal Pradesh,0.1,0.75,0.94,1.18,8.38,9.19,5.44,11.99,4.52,0.19,0.17,0.03
28,93,Sarli Circle,Arunachal Pradesh,0.3,1.76,2.88,2.75,15.26,8.05,9.35,23.78,6.97,0.28,0.41,0.05
28,93.25,Sarli Circle,Arunachal Pradesh,0.4,2.34,3.86,3.46,18.81,7.85,13.87,30.82,9.24,0.44,0.52,0.04
28,93.5,Parsi-Parlo,Arunachal Pradesh,0.43,2.5,4.27,3.81,18.55,6.43,13.59,32.18,9.08,0.36,0.55,0.03
28,93.75,Tali ADC,Arunachal Pradesh,0.5,2.53,4.52,4.07,18.92,5.68,11.31,32.47,8.52,0.26,0.55,0.02
28,94,Chetam Peer Yapu Circle,Arunachal Pradesh,0.82,3.35,3.86,3.17,14.42,9.66,10.25,24.16,8.23,0.51,0.81,0.24
28,94.25,Dumporijo ADC,Arunachal Pradesh,1.17,4.15,2.97,2.17,7.59,12.94,6.55,18.45,8.48,0.7,1.24,0.5
28,94.5,Maro Circle,Arunachal Pradesh,1.11,4.22,3.13,2.6,8.62,13.52,6.97,16.96,7.76,0.7,1.12,0.5
28,94.75,Basar ADC,Arunachal Pradesh,0.57,4.33,2.22,3.76,15,16.53,11.14,30.94,10.84,1.4,0.84,0.47
28,95,Koyu EAC,Arunachal Pradesh,0.52,4.53,1.76,2.62,19.92,18.09,13.75,43.44,15.53,1.74,0.71,0.23
28,95.25,Bilat Circle,Arunachal Pradesh,0.27,2.78,1.69,2.22,18.42,13.31,9.32,27.58,13.25,1.11,0.33,0.08
28,95.5,Namsing Circle,Arunachal Pradesh,0.25,2.69,1.52,2.05,19.15,11.52,9.08,24.41,13.49,1.03,0.27,0.04
28,95.75,Roing HQ,Arunachal Pradesh,0.22,2.19,1.35,2.12,15.95,8.75,7.92,17.74,12.49,0.81,0.12,0.01
28,96,Koronu Circle,Arunachal Pradesh,0.25,2.17,1.36,2.13,13.34,7.63,7.68,15.66,12,0.79,0.07,0
28,96.25,Tezu HQ,Arunachal Pradesh,0.27,2.13,1.27,2.16,12.28,7.14,7.92,15.69,12.09,0.78,0.05,0
28,96.5,Hayuliang Circle,Arunachal Pradesh,0.29,2.08,1.23,2.18,11.84,6.85,8.09,15.8,12.12,0.78,0.02,0
28,96.75,Manchal Circle,Arunachal Pradesh,0.3,2.06,1.24,2.17,11.86,6.72,8.15,15.88,12.09,0.79,0.02,0
28,97,Walong Circle,Arunachal Pradesh,0.3,2.06,1.25,2.17,12.25,6.72,8.15,15.89,12.09,0.79,0.02,0
28,97.25,Hawai HQ,Arunachal Pradesh,0.3,2.06,1.25,2.17,12.25,6.72,8.15,15.89,12.09,0.79,0.02,0
28.25,93,Damin Circle,Arunachal Pradesh,0.26,2,3.85,3.01,14.98,6.79,19.9,28.42,7.41,0.2,0.45,0.01
28.25,93.25,Damin Circle,Arunachal Pradesh,0.28,2.28,4.34,3.24,16.28,6.85,21.69,32,8.52,0.28,0.51,0.01
28.25,93.5,Pipsorang Circle,Arunachal Pradesh,0.34,2.54,4.33,3.33,16.15,6.86,20.02,31.43,8.71,0.37,0.58,0.05
28.25,93.75,Pipsorang Circle,Arunachal Pradesh,0.42,2.88,4.26,3.36,14.98,7.19,19.2,28.02,8.17,0.36,0.66,0.13
28.25,94,Taliha ADC,Arunachal Pradesh,0.87,3.48,3.92,3.1,13,10.16,13.73,21.51,7.37,0.43,0.84,0.3
28.25,94.25,Taliha ADC,Arunachal Pradesh,1.09,4.27,3.75,3.77,9.81,13.15,7.53,12.92,6.42,0.68,1,0.53
28.25,94.5,Darak Circle,Arunachal Pradesh,1.08,4.32,3.93,3.62,11.32,13.27,7.54,8.84,4.88,0.48,0.82,0.47
28.25,94.75,Kamba ADC,Arunachal Pradesh,0.32,3.35,2.47,6.15,8.56,16.44,8.07,17.19,4.02,1.01,0.85,0.85
28.25,95,Rebo Perging Circle,Arunachal Pradesh,0.51,4.35,1.96,3.2,17.84,17.69,12.8,38.27,13.37,1.6,0.74,0.34
28.25,95.25,Katan Circle,Arunachal Pradesh,0.38,3.61,1.92,3.27,16.58,14.74,10.85,30.48,12.1,1.35,0.6,0.31
28.25,95.5,Mebo ADC,Arunachal Pradesh,0.39,3.33,1.89,1.9,16.38,11.05,9.1,25.81,12.84,1.09,0.35,0.12
28.25,95.75,Roing HQ,Arunachal Pradesh,0.66,4.5,2.19,1.59,10.76,6.06,7.71,20.44,12.85,0.91,0.18,0.02
28.25,96,Hunli SDO,Arunachal Pradesh,0.7,4.59,2.15,1.59,9.42,5.34,7.32,17.5,12.46,0.81,0.11,0.01
28.25,96.25,Desali Circle,Arunachal Pradesh,0.52,3.46,1.72,1.88,10.34,5.92,7.53,15.8,12.19,0.77,0.05,0
28.25,96.5,Metengliang Circle,Arunachal Pradesh,0.39,2.63,1.43,2.06,11.25,6.39,7.93,15.79,12.12,0.78,0.02,0
28.25,96.75,Goiliang Circle,Arunachal Pradesh,0.3,2.07,1.25,2.17,12.21,6.71,8.15,15.89,12.09,0.79,0.02,0
28.25,97,Kibithu Circle,Arunachal Pradesh,0.3,2.06,1.25,2.17,12.25,6.72,8.15,15.89,12.09,0.79,0.02,0
28.25,97.25,Kibithu Circle,Arunachal Pradesh,0,0,0,0,0,0,0,0,0,0,0,0
28.5,93.25,Taksing Circle,Arunachal Pradesh,0.15,2.31,4.74,2.75,14.46,7.85,30.23,32.65,8.42,0.22,0.56,0.02
28.5,93.5,Limeking Circle,Arunachal Pradesh,0.21,2.74,4.96,2.87,13.46,8.43,31.71,30.73,9.03,0.48,0.67,0.13
28.5,93.75,Nacho SDO,Arunachal Pradesh,0.33,3.53,5.48,3.11,12.29,9.34,33.4,27.25,10.18,0.94,0.86,0.32
28.5,94,Siyum ADC,Arunachal Pradesh,0.88,5.04,6.5,4.88,12.35,11.87,28.4,21.01,12.24,1.8,1.2,0.68
28.5,94.25,Mechuka ADC,Arunachal Pradesh,1.19,5.13,5.63,6.36,12.53,13.28,19.31,17.68,10.86,1.76,1.16,0.75
28.5,94.5,Tato EAC,Arunachal Pradesh,1.13,4.78,4.84,6.8,13.6,14.21,11.59,16.81,9.14,1.53,1.04,0.73
28.5,94.75,Boleng ADC,Arunachal Pradesh,0.69,4.3,3.04,5.11,13.92,15.64,11.07,24.63,9.16,1.34,0.86,0.58
28.5,95,Riga EAC,Arunachal Pradesh,0.7,5.07,2.42,3.6,12.38,13.93,11.57,31.15,11.11,1.5,0.85,0.5
28.5,95.25,Mariyang ADC,Arunachal Pradesh,0.98,6.25,2.77,2.07,6.5,7.52,10.13,30.01,11.18,1.36,0.67,0.4
28.5,95.5,Dambuk ADC,Arunachal Pradesh,1.15,6.96,2.92,1.22,4.48,4.41,9.41,29.81,12.94,1.27,0.49,0.21
28.5,95.75,Anelih,Arunachal Pradesh,1.15,6.95,2.93,1.18,4.13,3.61,8.71,27.64,14,1.15,0.33,0.06
28.5,96,Kronli (Arzoo circle),Arunachal Pradesh,1.17,6.96,2.95,1.11,3.34,2.81,7.06,19.46,12.82,0.87,0.17,0.01
28.5,96.25,Desali Circle,Arunachal Pradesh,1.17,6.93,2.93,1.1,3.19,3.04,6.51,15.73,12.24,0.76,0.06,0
28.5,96.5,Lohit District,Arunachal Pradesh,1.14,6.78,2.88,1.13,3.19,3.54,6.78,15.82,12.11,0.79,0.02,0
28.5,96.75,Chaglagam Circle,Arunachal Pradesh,1.01,6.01,2.62,1.31,4.6,4.1,7.03,15.89,12.09,0.79,0.02,0
28.75,94,Mechuka ADC,Arunachal Pradesh,0.99,5.91,8.27,5.52,12.28,11.57,34,24.14,16.25,2.78,1.41,0.91
28.75,94.25,Monigong EAC,Arunachal Pradesh,1.76,6.37,8.41,10.61,18.46,14.41,20.86,25.45,17.69,3.15,1.5,1.01
28.75,94.5,Payum Circle,Arunachal Pradesh,1.84,6.39,8.23,11.19,19.19,14.84,18.07,26.06,17.73,3.16,1.49,1.01
28.75,94.75,Migging Circle,Arunachal Pradesh,1.49,5.7,6.34,9.21,17.34,14.93,15.36,24.78,14.37,2.49,1.28,0.87
28.75,95,Yingkiong Circle,Arunachal Pradesh,1.2,6.43,3.97,4.93,8.79,9.48,12.57,27.47,12.45,2.03,1.08,0.74
28.75,95.25,Singa Circle,Arunachal Pradesh,1.24,7.32,3.12,1.84,2.79,4.9,11.16,32.27,12.01,1.74,0.92,0.58
28.75,95.5,Etalin Circle,Arunachal Pradesh,1.28,7.55,3.15,1.09,1.68,3.11,10.04,32.48,12.1,1.41,0.66,0.36
28.75,95.75,Etalin Circle,Arunachal Pradesh,1.27,7.5,3.13,1.09,1.95,2.81,9.62,32.15,13.67,1.33,0.51,0.19
28.75,96,Anini Circle,Arunachal Pradesh,1.28,7.52,3.14,1.05,1.8,2.23,8.31,26.44,14.03,1.1,0.33,0.05
28.75,96.25,Etalin Circle,Arunachal Pradesh,1.29,7.56,3.16,0.97,1.61,2.2,6.14,15.2,12.31,0.72,0.08,0
28.75,96.5,Etalin Circle,Arunachal Pradesh,0,0,0,0,0,0,0,0,0,0,0,0
29,94.5,Tuting ADC,Arunachal Pradesh,1.91,6.55,8.48,11.65,19.8,14.81,19.06,26.45,18.43,3.3,1.52,1.03
29,94.75,Tuting ADC,Arunachal Pradesh,1.76,6.59,6.91,10.01,16.85,13.48,16.99,26.17,16.79,2.98,1.43,0.97
29,95,Tuting ADC,Arunachal Pradesh,1.39,7.06,4.26,5.13,7.47,8.64,13.96,27.79,15.49,2.68,1.31,0.89
29,95.25,Etalin Circle,Arunachal Pradesh,1.29,7.47,3.25,2.39,2.38,5.45,12.32,30.74,14.43,2.36,1.17,0.77
29,95.5,Etalin Circle,Arunachal Pradesh,1.29,7.55,3.16,1.64,1.68,4.4,11.87,35.49,13.95,2.06,1,0.61
29,95.75,Mipi Circle,Arunachal Pradesh,1.29,7.56,3.16,1.13,1.65,3.35,11.66,41.35,14.49,1.67,0.74,0.3
29,96,Anini Circle,Arunachal Pradesh,1.29,7.57,3.16,1.15,1.58,3.13,12.3,44.94,16.96,1.77,0.69,0.15
29,96.25,Etalin Circle,Arunachal Pradesh,1.29,7.57,3.16,0.97,1.58,0.43,0.03,0,0,0,0,0
29.25,95.75,Mipi Circle,Arunachal Pradesh,1.29,7.57,3.16,1.57,1.58,4.16,13.54,45.7,17.75,2.26,0.95,0.38
29.25,96,Mipi Circle,Arunachal Pradesh,1.29,7.57,3.16,0.97,1.58,0.43,0.03,0,0,0,0,0
24.25,92.5,Katlichara,Assam,0,0.44,0.49,1.63,4.96,3.29,11.78,8,15.74,2.29,0.01,0
24.5,92.25,Patharkandi,Assam,0,0.42,1.01,4.04,10.68,7.49,17.06,6.89,15.98,2.32,0.02,0
24.5,92.5,Ramkrishna Nagar,Assam,0,0.53,1.47,3.85,18.28,13.74,21.83,12.64,14.65,2.48,0,0
24.5,92.75,Katlichara,Assam,0,0.46,2.28,3.68,19.14,14.54,19,13.16,16.2,1.73,0,0
24.5,93,Sonai,Assam,0,0.54,2,3.33,14.61,10.87,13.04,11.3,14.35,1.66,0,0
24.75,92.5,Nilambazar,Assam,0,0.61,1.6,5.12,17.49,16.17,17.03,13.8,13.05,2.15,0,0
24.75,92.75,Silchar,Assam,0,0.42,2.75,3.51,19.61,14.19,15.63,13.56,16.62,1.4,0,0
24.75,93,Lakhipur,Assam,0,0.5,2.27,3.6,17.33,13.77,16.39,12.25,14.43,1.65,0,0
25,92.5,Katigora,Assam,0,0.6,1.21,2.91,14.2,10.66,16.1,9.93,11.82,1.1,0,0
25,92.75,Silchar,Assam,0,0.56,1.51,2.34,14.06,9.42,15.19,9.34,12.07,0.81,0,0
25,93,Udarbond,Assam,0,0.54,1.99,2.73,14.52,10.43,12.98,10.29,12.14,1.11,0,0
25,93.25,Mahur,Assam,0,0.63,1.37,1.53,9.52,10.28,5.32,8.25,5.9,1,0,0
25.25,93,Maibong,Assam,0,0.62,1.34,1.71,9.75,8.76,13.28,7.71,11.01,0.51,0,0.01
25.25,93.25,Maibong,Assam,0,0.81,0.96,1.23,6.96,8.45,7.43,7.47,5.51,1.37,0,0.05
25.5,92.75,Umrangso,Assam,0.01,0.72,1.05,1.24,5.53,7.63,11.94,6.21,9.94,0.27,0,0.02
25.5,93,Umrangso,Assam,0.01,0.7,0.95,1.11,6.02,7.58,12.44,6.26,9.14,0.46,0,0.03
25.5,93.25,Maibong,Assam,0,0.85,0.85,1.04,5.19,7.23,11.73,7.08,5.93,1.47,0,0.08
25.75,91.25,Boko,Assam,0.02,0.78,0.87,1.13,9.98,15.33,9.68,19.33,16.24,2.88,0.06,0.08
25.75,92.25,Donka,Assam,0.03,0.88,1.02,1.57,3.02,4.05,10.44,7.39,10.27,0.28,0.01,0
25.75,92.5,Donka,Assam,0.01,0.82,1.2,1.21,2.97,4.44,11.48,5.43,10.07,0.23,0,0
25.75,92.75,Donka,Assam,0.01,0.74,0.97,1.29,2.74,9.36,10.64,6.11,9.61,0.22,0,0.03
25.75,93,Umrangso,Assam,0.01,0.76,0.98,1.08,2.99,7.82,11.08,6.3,8.28,0.62,0,0.05
25.75,93.25,Diphu,Assam,0,0.78,0.84,0.84,4.22,6.14,11.86,6.79,5.6,1.41,0.01,0.08
25.75,93.5,Diphu,Assam,0,0.93,0.76,1.1,4.49,5.66,11.14,8,4.87,2.76,0,0.15
26,90,Dhubri,Assam,0,0.91,1.12,1.46,10.85,16.73,6.76,14.43,26.78,0.5,0.01,0.01
26,90.25,Lakhipur,Assam,0,1.13,0.79,1.75,13.98,14.41,9.99,14.23,22,0.84,0,0.02
26,90.5,Balijana,Assam,0,1.15,0.44,2.37,16.62,16.06,11.15,15.53,17.08,0.8,0,0
26,90.75,Dudhnai,Assam,0.03,1.13,0.32,2.09,15.11,16.43,9.25,13.86,13,1.31,0,0
26,91,Rangjuli,Assam,0.05,1,0.34,1.36,9.37,13.39,5.42,8.39,11.5,1.64,0.01,0
26,91.25,Boko,Assam,0.05,0.94,0.35,1.16,7.77,12.55,4.2,7.05,11.36,2.29,0.01,0.01
26,91.5,Palasbari,Assam,0.02,0.74,0.7,1.45,7.26,12.07,4.93,10.07,12.1,2.37,0.05,0.08
26,92.25,Donka,Assam,0.09,1.04,0.52,2.43,2.6,4.55,9.04,11.7,9.87,0.3,0.01,0
26,92.5,Donka,Assam,0.04,0.84,0.95,1.56,2.57,4.67,10.84,7.78,10.01,0.21,0,0.01
26,92.75,Donka,Assam,0.03,0.76,0.89,1.25,2.32,6.63,10.92,7.45,9.74,0.19,0,0.02
26,93,Lanka,Assam,0.03,0.81,0.88,1.09,2.98,7.52,11.27,6.24,7.83,0.56,0.03,0.04
26,93.25,Diphu,Assam,0.03,0.8,0.82,0.73,4.55,4.91,13.12,5.77,4.95,0.62,0.05,0.02
26,93.5,Diphu,Assam,0.03,0.83,0.8,0.75,4.71,4.95,12.88,6.14,4.75,1.09,0.02,0.05
26,93.75,Diphu,Assam,0.03,0.97,0.81,1.19,5.04,6.68,12.24,7.22,5.29,1.52,0.06,0.07
26.25,89.75,Agamoni,Assam,0.01,1.84,0.7,1.35,18.64,29.65,12.2,25.95,18.22,0.71,0.09,0.03
26.25,90,Bagribari (Pt),Assam,0,1.73,0.76,1.09,15.37,23.2,12.4,23.18,20.8,0.55,0.02,0.03
26.25,90.25,Bilasipara Pt,Assam,0,1.46,0.49,1.73,14.42,13.29,10.94,13.84,21.08,0.95,0,0.01
26.25,90.5,Boitamari,Assam,0,1.22,0.29,2.53,18.7,18.65,11.61,17.35,15.76,0.89,0,0
26.25,90.75,Kalgachia,Assam,0.01,1.22,0.31,2.53,19.39,19.68,11.3,17.92,12.94,0.79,0,0
26.25,91,Baghbor,Assam,0.08,0.98,0.47,1.93,10.54,12.74,6.09,9.01,11.61,1.21,0,0
26.25,91.25,Barkhetri,Assam,0.02,0.97,0.38,1.81,8.51,14.11,4.22,7.59,11.43,0.88,0,0
26.25,91.5,Hajo,Assam,0.02,0.93,0.44,2.23,9.18,13.23,3.88,8.22,11.55,1.37,0.01,0
26.25,91.75,North Guwahati (Pt),Assam,0.06,1.01,0.34,2.28,4.85,8.41,4.68,12.18,11.91,0.53,0.06,0.01
26.25,92,Mayong,Assam,0.08,0.9,0.3,2.26,3.85,6.61,4.73,13.5,12.56,0.68,0.08,0.01
26.25,92.25,Mayong,Assam,0.12,1.03,0.18,2.61,2.39,4.59,8.34,14.35,10.06,0.29,0.01,0
26.25,92.5,Raha,Assam,0.07,1.02,0.47,2.18,3.74,5.43,9.18,10.46,11.18,0.33,0,0
26.25,92.75,Nagaon,Assam,0.04,0.78,0.69,1.35,3.74,6.88,10.3,7.53,11.72,0.26,0,0.01
26.25,93,Phuloni,Assam,0.1,0.95,0.77,1.21,4.26,6.14,11.46,6.65,6.2,0.66,0.09,0
26.25,93.25,Phuloni,Assam,0.12,1.04,0.77,1.27,4.07,4.68,12.39,6.27,5.66,0.49,0.13,0
26.25,93.5,Silonijan,Assam,0.22,1.51,0.51,2.4,2.89,3.57,10.62,6.96,6.47,0.77,0.31,0
26.25,93.75,Silonijan,Assam,0.16,1.19,1.05,1.47,4.04,5.04,12.49,6.88,6.56,0.68,0.12,0
26.25,94,Golaghat,Assam,0.19,1.29,1.22,1.64,5.07,7.43,11.65,8.01,7.45,1.11,0.16,0
26.5,90,Gossaigaon (Pt),Assam,0,1.7,0.63,1.27,16.84,26.32,14.94,27.66,16.33,0.45,0.01,0.02
26.5,90.25,Kokrajhar,Assam,0,1.17,0.43,2.11,20.02,25.45,17.71,27.31,12.26,0.7,0,0
26.5,90.5,Sidli (Pt),Assam,0,1.22,0.31,2.48,25.37,28.79,17.34,25.58,14.44,0.97,0,0
26.5,90.75,Bijni (Pt),Assam,0.01,1.15,0.35,2.49,21.55,22.46,14.88,20.55,12.41,0.72,0,0
26.5,91,Sarupeta (Pt),Assam,0.1,1.03,0.65,2.13,12.59,12.1,8.05,10.68,11.71,0.66,0,0
26.5,91.25,Bajali (Pt),Assam,0.01,0.91,0.63,3.36,12.04,13.6,3.86,8.88,11.96,1.95,0,0
26.5,91.5,Ghograpar (Pt),Assam,0.02,0.98,0.64,2.45,10.99,12.97,5.06,9.05,11.63,0.9,0,0
26.5,91.75,Goreswar (Pt),Assam,0.02,1.5,0.44,1.89,10.37,10.26,6.97,8.96,10.84,0.48,0.19,0.01
26.5,92,Mangaldoi (Pt),Assam,0.01,1.52,0.43,1.77,10.81,10.52,7.35,8.12,10.41,0.44,0.18,0.02
26.5,92.25,Dalgaon (Pt),Assam,0.03,0.93,0.42,1.08,6.57,7.38,8.64,6.49,12.53,0.44,0,0.01
26.5,92.5,Dhing,Assam,0.03,0.89,0.53,1.06,6.52,7.36,9.31,5.87,14.04,0.43,0,0.01
26.5,92.75,Rupahi,Assam,0.06,0.8,0.51,1.03,5.61,6.79,9.72,7.76,11.61,0.53,0,0
26.5,93,Kaliabor,Assam,0.17,1.27,0.91,1.41,6.77,8.49,13.1,9.65,7.45,0.97,0.21,0.06
26.5,93.25,Phuloni,Assam,0.14,0.95,0.93,1.15,4.89,6.56,11.24,7.54,6.34,0.91,0.05,0
26.5,93.5,Silonijan,Assam,0.21,1.19,1.35,1.42,3.85,4.96,13.53,7.61,7.2,0.6,0.05,0
26.5,93.75,Silonijan,Assam,0.2,1.26,1.49,1.44,4.96,7.26,12.29,7.93,7.78,1.13,0.09,0
26.5,94,Golaghat,Assam,0.16,1.09,1.55,1.31,5.94,10.09,12.8,8.39,7.31,1.28,0.09,0
26.75,90.25,Kokrajhar,Assam,0,1.08,0.45,2.06,17.89,23.22,17.21,26.84,10.4,0.53,0,0
26.75,90.5,Bengtol,Assam,0,1.42,0.35,1.72,27.65,36.82,21.32,33.63,15.67,0.97,0.01,0
26.75,90.75,Bijni (Pt),Assam,0,1.37,0.46,1.26,20.26,26.79,17.79,27.29,11.67,0.4,0.01,0
26.75,91,Barnagar,Assam,0.02,1.22,1.45,1.12,14.28,12.9,9.44,12.85,10.86,0.59,0,0
26.75,91.25,Jalah (Pt),Assam,0.01,1.25,1.66,0.82,14.36,12.32,9.5,12.38,10.61,0.44,0,0
26.75,91.5,Tamulpur,Assam,0,1.21,1.01,1.96,12.9,12.41,6.53,9.82,11.38,0.78,0.04,0
26.75,91.75,Harisinga tehsil,Assam,0,1.7,0.54,1.68,13.59,11.82,7.87,7.57,10.69,0.46,0.24,0.02
26.75,92,Harisinga tehsil,Assam,0,2.22,0.68,2.19,16.8,14.31,8.37,7.36,11.32,0.34,0.39,0.04
26.75,92.25,Mazbat tehsil,Assam,0,1.07,0.38,0.86,8.75,9.4,8.71,6.23,12.25,0.43,0.06,0.01
26.75,92.5,Dhekiajuli (Pt),Assam,0,0.95,0.5,0.77,7.74,10.02,10.13,5.75,15,0.45,0.02,0.01
26.75,92.75,Chariduar,Assam,0.03,1.1,0.49,0.68,10.05,14.15,12.68,9.42,14.16,0.65,0.17,0.09
26.75,93,Na-Duar,Assam,0.15,1.37,0.81,0.83,13.66,15.25,15.99,13.59,11.71,1.14,0.35,0.17
26.75,93.25,Biswanath,Assam,0.13,1.02,0.88,0.86,8.77,10.72,12.79,10.2,8.02,1.11,0.14,0.07
26.75,93.5,Bokakhat,Assam,0.19,0.91,0.97,0.9,7.42,7.77,11.19,8.13,9.94,0.81,0.01,0
26.75,93.75,Bokakhat,Assam,0.16,1.18,1.78,1.07,7.58,12.06,10.65,8.73,8.97,1.94,0.09,0
26.75,94,Dergaon,Assam,0.15,1,1.29,1.27,7.2,11.89,10.67,9.52,7.84,1.42,0.15,0
26.75,94.25,Jorhat East,Assam,0.08,0.68,1.41,2.35,4.73,12.28,13.42,7.85,4.93,1.62,0.03,0
26.75,94.5,Teok,Assam,0.08,0.69,1.31,2.34,5.25,11.89,12.8,8.16,5.54,1.57,0.04,0
27,92.75,Chariduar,Assam,0.04,1.08,0.32,0.57,11.22,17.01,12.42,12.19,10.47,0.68,0.28,0.14
27,93.75,Narayanpur,Assam,0.19,1.35,0.7,1.13,12.04,12.55,13.31,13.38,11.06,0.61,0.35,0.09
27,94,Bihpuria,Assam,0.15,0.62,0.6,1.73,6.69,10.17,9.01,10.83,7.64,0.74,0.16,0
27,94.25,Majuli,Assam,0.15,0.51,0.65,1.97,6.14,9.05,7.45,10.82,8.15,1.01,0.09,0
27,94.5,Sibsagar,Assam,0.1,0.69,1.02,2.23,6.36,10.9,10.86,9.33,6.98,1.28,0.07,0
27,94.75,Dimow,Assam,0.36,0.84,0.81,2.72,8.77,11.44,8.08,10.21,10.04,0.83,0.19,0
27,95,Sonari,Assam,0.29,0.6,0.66,2.67,7.62,10.2,6.38,11.3,10.2,1.21,0.24,0
27.25,94,Naobaicha,Assam,0.23,2.11,1.06,1.43,16,16.62,18.99,26.72,14.44,1.89,0.45,0.18
27.25,94.25,Kadam,Assam,0.1,1.06,0.56,2.05,11.31,9.88,9.51,12.21,11.09,0.84,0.16,0.01
27.25,94.5,Dhakuakhana (Pt-I),Assam,0.05,1.3,0.71,1.89,13.77,10.2,9.48,12.09,12.02,0.89,0.17,0
27.25,94.75,Dibrugarh West,Assam,0.41,0.89,0.61,2.67,10.53,10.9,6.11,11.65,11.87,0.58,0.23,0
27.25,95,Tingkhong,Assam,0.5,0.64,0.52,3,8.19,10.7,5.08,10.64,11.2,0.61,0.26,0
27.25,95.25,Naharkatiya,Assam,0.03,0.57,0.94,2.43,7.77,10.97,6.96,12.62,9.83,2.23,0.11,0
27.25,95.5,Margherita,Assam,0.04,0.67,0.84,2.23,5.53,8.96,7.95,12.39,8.88,1.89,0.2,0
27.5,94.25,Kadam,Assam,0.17,1.79,1.1,1.7,14.3,12.46,12.34,17.32,12.82,1.26,0.31,0.06
27.5,94.5,Dhemaji,Assam,0.13,1.52,1.17,1.47,14.71,11.67,8.48,14.74,12.59,1.07,0.23,0.02
27.5,94.75,Sissibargaon,Assam,0.17,1.27,1.05,1.77,13.93,11.45,7.81,14.02,12.52,0.95,0.19,0
27.5,95,Dibrugarh East,Assam,0.33,0.86,1.15,2.56,9.46,10.43,6.07,13.58,11.1,0.9,0.19,0
27.5,95.25,Tinsukia,Assam,0.08,1.18,1.41,2.26,12.42,10.07,6.92,14.99,10.89,1.44,0.11,0
27.5,95.5,Tinsukia,Assam,0.08,1.42,0.95,2.15,14.1,9.12,7.44,13.35,10.89,1.33,0.15,0
27.5,95.75,Margherita,Assam,0.27,1.99,1.2,2.17,10.65,6.98,8.05,15.59,11.93,0.85,0.04,0
27.75,95,Jonai,Assam,0.23,2.25,1.93,2.04,16.37,11.69,8.51,24.16,12.95,1.06,0.23,0.03
27.75,95.25,Jonai,Assam,0.16,1.58,2.13,2.07,14.33,10.06,6.88,18.97,11.77,0.88,0.1,0
27.75,95.5,Doom Dooma,Assam,0.12,2.04,1.18,2.03,20.23,8.77,7.14,14.97,12.26,0.71,0.14,0
27.75,95.75,Sadiya,Assam,0.22,1.92,1.27,2.17,13.27,7.64,7.73,15.59,11.85,0.82,0.08,0
33,74,Bhimber District,Azad Kashmir,2.95,2.63,6.07,2.27,0.97,1.15,8.13,8.56,19.88,1.27,0.31,0
33,74.25,Bhimber District,Azad Kashmir,3.01,2.73,6.32,2.32,0.99,1.19,8.05,8.46,20.02,1.29,0.31,0
33.25,73.75,Mirpur District,Azad Kashmir,3.06,4.77,8.25,3.99,3.1,1.51,5.15,4.8,15.43,1.44,1.14,0.03
33.25,74,Kotli District,Azad Kashmir,3.17,4.29,7.92,3.55,2.34,1.55,6.95,6.21,18.08,1.5,0.8,0.02
33.5,73.75,Kotli District,Azad Kashmir,3.1,5.36,9.53,4.71,4.15,1.45,2.36,2.46,10.49,1.34,1.65,0.05
33.5,74,Kotli District,Azad Kashmir,3.85,5.01,8.78,4.31,3.56,1.43,2.87,3.05,12.43,1.29,1.32,0.04
33.75,73.75,Sudhanoti District,Azad Kashmir,3,5.3,9.97,4.84,4.28,1.4,2.03,2.1,9.06,1.34,1.75,0.05
33.75,74,Poonch District,Azad Kashmir,3.47,5.06,9.47,4.73,4,1.34,2.02,2.13,9.26,1.33,1.62,0.04
34,73.75,Bagh District,Azad Kashmir,2.79,5.29,10.56,4.89,4.36,1.38,1.93,1.97,8.32,1.31,1.83,0.05
34,74,Haveli District,Azad Kashmir,3.07,5.24,9.98,4.83,4.22,1.38,2,2.08,8.94,1.33,1.73,0.05
34,74.25,Haveli District,Azad Kashmir,2.96,5.62,9.04,4.84,4.35,1.49,2.28,2.41,10.79,1.42,1.71,0.05
34.25,73.5,Muzaffarabad District,Azad Kashmir,2.28,5.28,11.6,5,4.56,1.35,1.76,1.76,7.18,1.27,1.97,0.05
34.25,73.75,Hattian Bala District,Azad Kashmir,2.51,5.21,11.38,4.96,4.46,1.34,1.77,1.78,7.25,1.27,1.92,0.05
34.5,73.5,Muzaffarabad District,Azad Kashmir,2.11,5.22,12.12,5.03,4.62,1.33,1.65,1.63,6.48,1.24,2.03,0.05
34.5,73.75,Neelam Valley District,Azad Kashmir,2.31,5.18,11.88,5,4.54,1.32,1.68,1.67,6.62,1.24,1.99,0.05
34.75,73.75,Neelam Valley District,Azad Kashmir,2.12,5.16,12.29,5.03,4.6,1.31,1.61,1.57,6.14,1.22,2.04,0.05
34.75,74,Neelam Valley District,Azad Kashmir,2.35,5.07,12.03,4.98,4.48,1.29,1.63,1.61,6.21,1.22,1.98,0.05
34.75,74.25,Neelam Valley District,Azad Kashmir,2.65,4.87,11.67,4.9,4.28,1.25,1.65,1.64,6.21,1.21,1.88,0.05
34.75,74.75,Neelam Valley District,Azad Kashmir,4.15,2.92,8.37,4.15,2.5,0.89,1.81,2.04,6.4,1.19,0.97,0.02
35,74.25,Neelam Valley District,Azad Kashmir,2.48,4.87,11.91,4.93,4.34,1.25,1.61,1.59,5.97,1.21,1.91,0.05
35,74.5,Neelam Valley District,Azad Kashmir,3.07,4.24,10.83,4.68,3.75,1.13,1.66,1.72,6.02,1.19,1.62,0.04
37,73.5,Unknown,Badakhshan Province,0.09,0.25,0.66,0.25,0.23,0.06,1.39,1.28,2.05,0.23,0.11,0
37,73.75,Unknown,Badakhshan Province,0.24,0.66,1.69,0.66,0.61,0.17,1.4,1.28,2.32,0.31,0.28,0.01
37,74,Unknown,Badakhshan Province,0.44,1.24,3.17,1.24,1.14,0.32,1.41,1.3,2.7,0.43,0.52,0.01
37,74.25,Unknown,Badakhshan Province,0.69,1.92,4.88,1.91,1.76,0.48,1.42,1.32,3.14,0.56,0.8,0.02
37,74.5,Unknown,Badakhshan Province,0.94,2.59,6.6,2.58,2.38,0.65,1.43,1.34,3.58,0.7,1.08,0.03
37.25,74.5,Unknown,Badakhshan Province,0.72,1.98,5.05,1.97,1.82,0.5,1.42,1.32,3.18,0.58,0.83,0.02
27.5,84,Chitwan,Bagamati Province,0.2,0.37,0.08,0,1.11,2.99,2.64,7.19,3.86,3.68,0,0.09
27.5,84.25,Chitwan,Bagamati Province,0.29,0.68,0.22,0,2.57,3.64,4.29,8.74,6.44,4.88,0,0.12
27.5,84.5,Chitwan,Bagamati Province,0.42,1.08,0.4,0,4.62,5.4,6.93,12.85,7.54,5.57,0,0.14
24.5,84.5,Dumaria,Bihar,0.99,1.09,0.88,0,3.69,1.61,9.43,9.33,4.83,0.64,0,0.01
24.5,84.75,Banke Bazar,Bihar,1.37,1.09,0.57,0,3.44,2.29,10.01,11.09,4.49,0.41,0,0.08
24.5,85,Barachati,Bihar,0.62,1.95,0.83,0,3.58,2.42,14.02,13.66,4.21,0.48,0,0.02
24.5,85.25,Fatehpur,Bihar,0.38,1.64,0.4,0,2.57,3.23,15.14,13.4,3.22,0.59,0,0.04
24.5,86.5,Chakai,Bihar,0.13,1.01,0.23,0,3.14,1.76,19.12,4.39,4.88,1.11,0,0
24.75,83.5,Adhaura,Bihar,0.82,1.34,0.55,0.01,0.42,1.28,6.45,7.28,4.34,1.25,0,0.05
24.75,83.75,Adhaura,Bihar,1.34,0.98,0.67,0,0.64,1.7,7.1,5.33,3.76,1.19,0,0.01
24.75,84,Rohtas,Bihar,1.53,0.87,0.61,0,0.9,2.02,7.1,4.44,3.91,1,0,0.01
24.75,84.25,Nabinagar,Bihar,1.6,0.94,0.51,0,1.01,1.41,6.7,4.52,4.41,0.75,0,0.02
24.75,84.5,Madanpur,Bihar,1.47,0.86,0.31,0,2.38,1.68,8.44,10.34,5.19,0.57,0,0.08
24.75,84.75,Guraru,Bihar,1.56,0.89,0.27,0,3.02,2.63,10.31,12.04,4.25,0.31,0,0.11
24.75,85,Gaya Town C.D.Block,Bihar,0.92,1.64,0.74,0.01,4.27,2.65,11.33,11.8,5.16,0.89,0,0.06
24.75,85.25,Wazirganj,Bihar,0.8,1.35,0.55,0.01,3.63,2.4,9.64,10.06,4.53,0.7,0,0.1
24.75,85.5,Akbarpur,Bihar,0.74,1.34,0.38,0,3,2.54,9.41,9.88,4.13,0.26,0,0.09
24.75,86.25,Sono,Bihar,0.27,2.23,0.12,0,2.98,1.97,16.51,5.27,4.93,0.65,0,0
24.75,86.5,Jhajha,Bihar,0.1,2.93,0.15,0,5.29,2.04,17.47,6.36,5.18,0.53,0,0
24.75,86.75,Katoria,Bihar,0.05,2.48,0.19,0,6.01,2.42,13.92,7.7,5.87,0.66,0,0
24.75,87,Bausi,Bihar,0,1.5,0.24,0,7.58,3.57,11.62,7.3,6.04,0.89,0,0
25,83.5,Chainpur,Bihar,0.64,1.19,0.45,0,0.43,0.9,6.74,8.52,4.82,1.11,0,0.01
25,83.75,Bhabua,Bihar,1.1,1.04,0.61,0,0.39,1.48,7.04,6.37,3.97,1.35,0,0.01
25,84,Sasaram,Bihar,1.65,0.99,0.76,0,0.79,2.3,7.01,3.88,3.6,1.26,0,0.01
25,84.25,Dehri,Bihar,1.11,0.71,0.42,0,1.06,1.53,6.67,6.22,4.69,0.57,0,0.03
25,84.5,Daudnagar,Bihar,1.12,0.69,0.22,0,2.89,1.26,6.11,9.53,5.68,0.28,0,0.07
25,84.75,Konch,Bihar,1.39,0.84,0.3,0,3.02,1.68,7.79,13.29,4.72,0.31,0,0.11
25,85,Belaganj,Bihar,0.95,0.91,0.4,0,2.53,1.58,7.87,15.32,2.89,0.33,0,0.05
25,85.25,Neem Chak Bathani,Bihar,0.82,0.81,0.26,0,3.03,3.25,7.33,8.85,4.6,0.24,0,0.15
25,85.5,Nardiganj,Bihar,0.87,0.94,0.37,0,3.51,3.36,8.28,9.7,4.11,0.42,0,0.13
25,85.75,Pakribarawan,Bihar,0.56,2.38,0.05,0,2.35,4.11,11.91,7.6,3.96,0.84,0,0.02
25,86,Halsi,Bihar,0.53,2.86,0.05,0,1.84,3.3,12.24,5.92,4.48,0.93,0,0.01
25,86.25,Barhat,Bihar,0.41,1.89,0.37,0,5.38,3.54,14.32,9.17,5.19,1.38,0,0.02
25,86.5,Kharagpur,Bihar,0.12,3.14,0.11,0,5.91,2.64,17.25,7.41,4.98,0.28,0,0
25,86.75,Phulidumar,Bihar,0.06,2.59,0.16,0,6.12,2.59,14.36,7.85,5.6,0.55,0,0
25,87,Rajaun,Bihar,0,1.64,0.15,0,5.22,2.62,10.03,10.87,7.02,0.88,0,0
25.25,83.5,Durgawati,Bihar,0.76,1.46,0.53,0,0.7,1.14,6.47,7.86,4.9,1.25,0,0.01
25.25,83.75,Mohania,Bihar,1,1.12,0.38,0,0.33,1.16,5.41,5.6,3.91,0.84,0,0
25.25,84,Kochas,Bihar,1.55,1.13,0.52,0,0.48,2.94,5.83,3.76,4.43,0.68,0,0.01
25.25,84.25,Suryapura,Bihar,1.44,1.1,0.46,0,0.58,2.89,5.6,4.27,4.79,0.48,0,0.02
25.25,84.5,Tarari,Bihar,1.05,0.86,0.29,0,0.51,0.77,3.45,4.64,4.08,0.28,0,0.07
25.25,84.75,Karpi,Bihar,1,0.74,0.31,0,1.39,0.97,4.83,10.85,2.96,0.21,0,0.05
25.25,85,Jehanabad,Bihar,0.88,0.69,0.25,0,2.35,1.49,5.97,14.65,2.49,0.13,0,0.04
25.25,85.25,Ekangarsarai,Bihar,0.98,0.71,0.3,0,4.92,4.88,9.55,12.53,7.23,0.24,0,0.11
25.25,85.5,Noorsarai,Bihar,0.56,0.99,0.12,0,3.19,2.9,8.88,11.48,6.5,0.96,0,0.04
25.25,85.75,Barbigha,Bihar,0.43,1.45,0.32,0,5.15,4.11,13.44,10.61,3.5,1.15,0,0.03
25.25,86,Barahiya,Bihar,0.47,0.63,0.22,0,6.9,7.08,14.2,14.85,6.32,2.8,0,0.06
25.25,86.25,Surajgarha,Bihar,0.36,0.92,0.69,0,7.75,3.73,15.75,10.55,5.32,1.72,0,0.04
25.25,86.5,Dharhara,Bihar,0.2,1.44,0.31,0,6.8,3.23,16.81,8.25,5,0.27,0,0
25.25,86.75,Sultanganj,Bihar,0.14,1.3,0.09,0,6.05,4.17,16.3,8.84,3.1,0.09,0,0.01
25.25,87,Jagdishpur,Bihar,0.12,1.38,0.11,0,6.37,3.84,14.2,8.91,4.3,0.42,0,0.01
25.25,87.25,Kahalgaon,Bihar,0.03,0.96,0.03,0.1,9.32,7.04,7.93,4.84,4.41,0.95,0,0
25.5,84,Itarhi,Bihar,1.41,1.19,0.46,0.02,0.98,2.77,6.14,4.18,4.8,0.81,0,0.01
25.5,84.25,Chaugain,Bihar,1.38,1.3,0.42,0,0.96,2.79,5.41,4.73,4.85,0.65,0,0.02
25.5,84.5,Jagdishpur,Bihar,0.98,1.38,0.5,0,1.45,1.65,4.55,6.57,4.63,0.77,0,0.03
25.5,84.75,Koilwar,Bihar,0.6,1.27,0.79,0,1.83,2.07,6.27,13.64,6.47,0.99,0,0.11
25.5,85,Naubatpur,Bihar,0.6,1.44,0.49,0,2.1,2.01,7.49,15.02,5.41,0.73,0,0.18
25.5,85.25,Fatwah,Bihar,0.29,1.1,0.05,0,2.78,1.6,9.19,13.31,6.85,1.23,0,0.02
25.5,85.5,Raghopur,Bihar,0.28,1.07,0.04,0,2.8,1.73,9.32,13.51,6.68,1.37,0,0
25.5,85.75,Pandarak,Bihar,0.31,1.02,0.24,0,4.89,3.32,12.42,12.87,5.65,1.86,0,0.02
25.5,86,Teghra,Bihar,0.39,0.93,0.59,0,7.19,3.73,16.1,9.62,4.84,1.53,0,0.02
25.5,86.25,Dandari,Bihar,0.35,0.89,0.81,0,8.18,3.11,16.92,8.36,4.39,1.12,0,0
25.5,86.5,Khagaria,Bihar,0.23,1.16,0.49,0,6.69,2.81,16.87,8.1,5.42,0.38,0,0
25.5,86.75,Gogri,Bihar,0.2,1.27,0.15,0,5.66,3.57,15.15,8.51,4.74,0.26,0,0
25.5,87,Chausa,Bihar,0.19,0.98,0.21,0.05,6.07,4.42,6.05,8.85,4.98,1.37,0,0
25.5,87.25,Sameli,Bihar,0.14,1.18,0.13,0,7.95,5.04,5.24,12.1,3.43,1.86,0,0
25.5,87.5,Barari,Bihar,0.1,1.02,0.11,0.1,8.94,8.39,7.43,8.22,6.91,1.28,0,0
25.5,87.75,Pranpur,Bihar,0.05,1.65,0.07,0.29,7.63,8.62,10.75,7.05,10.21,0.95,0,0
25.5,88,Barsoi,Bihar,0.01,1.87,0.03,1.15,5.4,8.31,9.08,8.48,10.36,0.54,0,0
25.75,84.75,Chapra,Bihar,0.58,1.41,0.46,0,2.16,2.52,6.57,13.78,6.53,1.4,0,0.16
25.75,85,Dighwara,Bihar,0.54,1.64,0.27,0,2.27,2.57,7.82,13.48,5.79,0.89,0,0.25
25.75,85.25,Hajipur,Bihar,0.35,1.3,0.09,0,2.41,2,8.64,11.98,7.1,0.81,0,0
25.75,85.5,Jandaha,Bihar,0.39,1.21,0.08,0,2.21,2.02,8.19,11.39,6.77,0.95,0,0
25.75,85.75,Sarairanjan,Bihar,0.55,1.22,0.2,0,3,3.01,9.08,11.8,5.9,1.21,0,0
25.75,86,Bibhutpur,Bihar,0.35,0.8,0.47,0.01,7.05,3.98,15.13,11.11,5.28,1.76,0,0.02
25.75,86.25,Hasanpur,Bihar,0.29,1.01,0.39,0.01,6.76,3.87,13.29,11.39,4.68,1.15,0,0
25.75,86.5,Simri Bakhtiarpur,Bihar,0.34,1.11,0.12,0,5.37,5.18,9.99,11,4.68,0.62,0,0
25.75,86.75,Sonbarsa,Bihar,0.27,0.91,0.25,0,1.8,1.89,7.25,8.52,6.52,1.05,0,0
25.75,87,Bihariganj,Bihar,0.22,0.95,0.27,0.11,6.67,5.05,5.93,8.72,4.92,1.32,0,0
25.75,87.25,Dhamdaha,Bihar,0.19,0.95,0.27,0.15,8.7,6.47,5.57,8.37,4.4,1.39,0,0
25.75,87.5,Purnia East,Bihar,0.12,0.95,0.18,0.07,8.51,6.98,7.8,8.39,7.05,1.2,0,0
25.75,87.75,Kadwa,Bihar,0.12,0.88,0.13,0.05,8.52,8.12,10.73,7.2,10.89,0.77,0,0
26,84.25,Raghunathpur,Bihar,0.58,1.16,0.2,0,1.18,1.41,4.42,6.18,3.24,1.57,0,0
26,84.5,Ekma,Bihar,0.79,1.29,0.09,0,1.96,1.91,6.06,10.64,5.3,1.36,0,0.02
26,84.75,Baniapur,Bihar,0.6,1.03,0.06,0,1.56,2.07,6.33,11.39,4.9,1.31,0,0.02
26,85,Maker,Bihar,0.51,1.29,0.18,0,2.78,3.58,6.93,9.27,5.95,1.08,0,0
26,85.25,Paterhi Belsar,Bihar,0.41,0.98,0.23,0,2.62,3.91,8.09,10.65,10.43,0.82,0,0
26,85.5,Sakra,Bihar,0.78,1.41,0.16,0,1.63,3.41,6.08,11.16,4.94,1.37,0,0
26,85.75,Kalyanpur,Bihar,0.66,1.3,0.16,0.01,2.03,3.03,6.66,12.69,5.52,1.19,0,0
26,86,Baheri,Bihar,0.4,1.05,0.18,0.02,4.19,3.54,8.78,13.79,5.08,1.52,0,0.01
26,86.25,Gora Bauram,Bihar,0.16,0.75,0.14,0.04,4.84,3.48,9.13,15.25,5.56,1.66,0,0.02
26,86.5,Nauhatta,Bihar,0.36,1.23,0.06,0.01,6.5,6.05,10.28,12.85,4.44,0.73,0,0
26,86.75,Singheshwar,Bihar,0.31,0.92,0.21,0.06,5.28,5.25,9.33,10.59,4.21,0.72,0,0
26,87,Kumarkhand,Bihar,0.15,0.93,0.26,0.24,5.33,7.33,7.61,11.65,7.87,1.3,0,0.01
26,87.25,Raniganj,Bihar,0.15,0.94,0.26,0.23,6.11,7.52,7.3,11.52,8.14,1.35,0,0
26,87.5,Araria,Bihar,0.16,0.8,0.13,0.11,6.67,9.12,8.07,13.27,11.99,0.48,0,0
26,87.75,Amour,Bihar,0.12,0.69,0.09,0.09,7.28,11.66,10.99,14.67,12.54,0.37,0,0
26.25,84.25,Ziradei,Bihar,0.4,0.71,0.27,0,0.6,2.39,3.97,9.21,3.27,2.37,0,0.06
26.25,84.5,Unknown,Bihar,0.57,0.78,0.16,0,1.17,0.96,3.38,12.24,4.57,1.69,0,0.11
26.25,84.75,Baikunthpur,Bihar,0.51,1.11,0.2,0,1.63,1.67,4.13,13.51,5.42,1.82,0,0.11
26.25,85,Unknown,Bihar,0.25,0.78,0.17,0,3.21,4.92,8.08,12.43,7.49,2.22,0,0.19
26.25,85.25,Minapur,Bihar,0.21,0.57,0.11,0,3.54,5.85,7.98,11.86,5.88,2.26,0,0.19
26.25,85.5,Bochaha,Bihar,0.64,1.4,0.17,0,1.83,3.72,6.37,11.12,4.9,1.92,0,0
26.25,85.75,Singhwara,Bihar,0.5,1.32,0.17,0.01,2.44,3.41,6.76,13.15,4.07,2.49,0,0
26.25,86,Keotiranway,Bihar,0.33,1.05,0.12,0.02,3.71,3.42,7.82,14.44,5.04,1.64,0,0.01
26.25,86.25,Jhanjharpur,Bihar,0.15,0.74,0.14,0.05,4.86,3.36,8.77,15.53,5.66,1.7,0,0.02
26.25,86.5,Ghoghardiha,Bihar,0.22,0.86,0.13,0.08,5.35,4.4,9.1,14.37,4.73,1.32,0,0.01
26.25,86.75,Kishanpur,Bihar,0.23,0.89,0.16,0.35,4.81,6.77,7.73,11.98,4.69,0.86,0,0.01
26.25,87,Chhatapur,Bihar,0.22,0.85,0.23,0.45,4.29,6.54,6.8,11.68,4.91,0.58,0,0.03
26.25,87.25,Forbesganj,Bihar,0.15,0.89,0.16,0.28,5.27,8,7.85,12.35,8.01,0.95,0,0.01
26.25,87.5,Araria,Bihar,0.16,0.58,0.08,0.1,5.84,12.79,10.34,17.01,6.98,0.47,0,0
26.25,87.75,Bahadurganj,Bihar,0.04,0.45,0.04,0.14,6.72,13.38,10.84,19.27,11.34,0.32,0,0
26.25,88,Thakurganj,Bihar,0.03,0.57,0.14,0.24,8.05,13.01,10.8,20.55,10.37,0.94,0,0
26.5,84,Bijaipur,Bihar,0.48,0.9,0.36,0,0.53,2.51,4.1,10.17,3.72,2.41,0,0.1
26.5,84.25,Kuchaikote,Bihar,0.48,0.88,0.4,0,0.67,2.55,4.14,11.09,4.68,2.34,0,0.26
26.5,84.5,Gopalganj,Bihar,0.57,1.18,0.44,0,3.87,4.26,6.17,15.36,7.68,3.37,0,0.17
26.5,84.75,Sangrampur,Bihar,0.5,1.29,0.32,0,3.76,4.17,6.28,15.18,8.45,3.48,0,0.18
26.5,85,Chakia(Pipra),Bihar,0.4,0.3,0,0,2.05,6.52,5.6,8.46,5.99,5.68,0,0.01
26.5,85.25,Dumri Katsari,Bihar,0.12,1.17,0.16,0,2.84,6.03,6.81,10.96,4.39,2.93,0,0.02
26.5,85.5,Runisaidpur,Bihar,0.07,1.64,0.23,0,2.48,5.03,6.75,11.1,1.9,4.19,0,0.02
26.5,85.75,Pupri,Bihar,0.2,1.37,0.18,0,3.06,4.33,6.87,13.09,2.83,3.47,0,0.04
26.5,86,Basopatti,Bihar,0.27,1.2,0.17,0.02,4.21,3.86,8.21,14.28,4.09,2.96,0,0.01
26.5,86.25,Babubarhi,Bihar,0.21,0.84,0.13,0.13,5.15,4.26,8.86,14.91,5.07,1.4,0,0.01
26.5,86.5,Laukaha,Bihar,0.22,0.84,0.14,0.17,5,4.91,8.4,13.38,4.59,1.19,0,0.01
26.5,87,Basantpur,Bihar,0.21,0.87,0.22,0.39,4.62,6.77,7.17,11.78,5.52,0.67,0,0.02
26.75,84.25,Thakrahan,Bihar,0.45,1,0.4,0,2.8,4.24,5.83,11.99,6.26,3.46,0,0.21
26.75,84.5,Nautan,Bihar,0.55,1.36,0.52,0,6.06,6.73,8.67,16.48,11.06,5.77,0,0.19
26.75,84.75,Sugauli,Bihar,0.53,1.37,0.48,0,6.3,7.19,8.97,16.5,12.28,6.11,0,0.17
26.75,85,Motihari,Bihar,0.41,0.99,0.21,0,3.82,6.47,6.9,11.97,7.99,4.97,0,0.07
26.75,85.25,Dhaka,Bihar,0.1,1.36,0.19,0,3.42,6.4,6.55,10.82,2.99,4.23,0,0.03
26.75,85.5,Bathnaha,Bihar,0.07,1.52,0.21,0,2.67,5.74,6.7,10.67,2.16,4.2,0,0.02
27,84.25,Bagaha,Bihar,0.39,0.92,0.35,0,2.88,3.91,5.41,10.88,7.68,4.94,0,0.17
27,84.5,Lauriya,Bihar,0.52,1.22,0.47,0,4.76,5.68,7.48,14.9,6.88,5.78,0,0.13
27,84.75,Sikta,Bihar,0.51,1.18,0.37,0,5.01,6.28,7.75,14.94,7.82,5.79,0,0.13
27.25,84,Sidhaw,Bihar,0.19,0.4,0.11,0,0.87,2.51,2.65,7.28,3.68,3.31,0,0.08
27.25,84.25,Ramnagar,Bihar,0.28,0.72,0.25,0,2.19,3.02,4.28,8.25,6.27,4.52,0,0.12
27.25,84.5,Gaunaha,Bihar,0.44,1.07,0.4,0,4.43,5.33,6.85,13.04,7.66,5.65,0,0.14
30.75,76.75,Chandigarh,Chandigarh,2.5,1.63,2.51,0.84,2.5,1.73,5.99,1.41,4.41,0.3,0,2.99
22.25,92.5,Belaichhari Upazila,Chattogram Division,0,1.85,0.29,1.34,7.64,13.67,8.62,9.7,21.27,5.81,0.79,0
22.5,92.5,Belaichhari Upazila,Chattogram Division,0,1.88,0.24,1.33,9.21,14.87,8.69,9.71,21.27,5.81,0.79,0
23,91.5,Chhagalnaiya Upazila,Chattogram Division,0,0.51,0.02,0.23,7.58,22.23,7.6,20.3,8.25,2.62,0.01,0
23.25,91.25,Chauddagram Upazila,Chattogram Division,0,0.4,0.11,0.56,9.69,18.43,8.08,15.4,10.72,2.07,0.05,0
23.25,92.25,Bagaichhari Upazila,Chattogram Division,0,0.54,0.47,0.72,5.59,5.82,5.94,7.71,15,2.31,0.44,0
23.5,92.25,Bagaichhari Upazila,Chattogram Division,0,0.5,0.48,1.07,7.48,8.49,8.97,6.38,13.59,1.71,0.13,0
23.75,91,Muradnagar Upazila,Chattogram Division,0,0,0,0,0,0,0,0,0,0,0,0
24,91.25,Brahmanbaria Sadar Upazila,Chattogram Division,0,0.34,0.42,5.33,12.7,11.93,9,9.26,10.76,1.96,0.01,0
18,81,Konta Tahsil,Chhattisgarh,0,0,0.54,0.41,3.09,0.97,11.59,6.98,8.87,3.5,0.22,0
18,81.25,Konta Tahsil,Chhattisgarh,0,0.01,0.08,0.27,3.04,1.64,13.27,10.28,10.03,4.13,0.28,0
18.25,81,Usur Tahsil,Chhattisgarh,0,0,1.56,0.26,2.01,1.47,12,11.07,13.48,3.29,0.24,0
18.25,81.25,Konta Tahsil,Chhattisgarh,0,0.02,0.34,0.35,1.98,3.03,14.75,16.53,11.75,6.52,0.38,0
18.25,81.5,Konta Tahsil,Chhattisgarh,0,0.04,0.28,0.49,2.39,3.14,15.16,16.31,11.88,7,0.52,0
18.5,80.75,Usur Tahsil,Chhattisgarh,0,0,2.42,0.06,1.9,1.03,10.94,8.64,13.71,1.89,0.25,0
18.5,81,Usur Tahsil,Chhattisgarh,0,0,1.84,0.16,1.44,2.04,11.61,9.87,12.09,2.22,0.64,0
18.5,81.25,Konta Tahsil,Chhattisgarh,0,0.02,0.45,0.4,1.34,3.44,14.01,15.41,11.07,5.69,0.67,0
18.5,81.5,Gadiras Tahsil,Chhattisgarh,0,0.03,0.3,0.58,2.14,3.4,14.92,16.93,11.88,6.79,0.5,0
18.5,81.75,Chhindgarh Tahsil,Chhattisgarh,0,0.07,0.4,0.56,2.48,2.94,15.84,13.73,11.8,7.04,0.68,0
18.75,80.5,Bhopalpattnam,Chhattisgarh,0,0,1.91,0.01,1.5,1.18,13.72,9.48,13.08,1.79,0.47,0
18.75,80.75,Usur Tahsil,Chhattisgarh,0,0,1.59,0.03,0.95,2.47,11.33,8.12,10.31,1.41,0.82,0
18.75,81,Bijapur Tahsil,Chhattisgarh,0,0,0.93,0.23,0.48,3.66,10.67,7.67,7.59,1.7,1.47,0
18.75,81.25,Dantewada Tahsil,Chhattisgarh,0,0,0.7,0.51,0.47,3.95,11.07,8.16,7.38,2.19,1.49,0
18.75,81.5,Katekalyan Tahsil,Chhattisgarh,0,0.02,0.55,0.83,1.41,3.69,13.41,12.36,10.4,4.81,0.88,0
18.75,81.75,Katekalyan Tahsil,Chhattisgarh,0,0.02,0.8,1.28,2.68,4.75,14.22,12.58,13.09,4.91,0.31,0
18.75,82,Darbha Tahsil,Chhattisgarh,0,0.07,1.03,1.1,3.3,6.26,21.66,12.27,11.52,3.35,0.02,0.02
19,80.5,Bhopalpattnam,Chhattisgarh,0,0,1.97,0,0.91,1.49,14.78,9.77,12.79,1.56,0.51,0
19,80.75,Bhairamgarh Tahsil,Chhattisgarh,0,0,1.55,0.11,0.61,2.92,11.72,7.98,9.09,1.31,1,0
19,81,Bhairamgarh Tahsil,Chhattisgarh,0,0,0.76,0.45,0.3,3.87,11,7.25,6.91,1.39,1.51,0
19,81.25,Gidam Tahsil,Chhattisgarh,0,0,0.76,1.16,0.38,4.01,10.88,7.77,7.14,1.65,1.45,0
19,81.5,Bastanar Tahsil,Chhattisgarh,0,0,1.06,1.47,1.85,5.57,12.82,8.58,10.84,2.14,0.65,0
19,81.75,Tokapal Tahsil,Chhattisgarh,0,0,1.27,1.89,2.94,5.94,12.76,9.23,14.53,2.77,0.06,0
19,82,Jagdalpur Tahsil,Chhattisgarh,0,0.02,1.26,1.75,2.69,7.82,17.71,10.57,12.62,2.58,0.03,0.01
19.25,80.5,Bhopalpattnam,Chhattisgarh,0,0.02,1.67,0.13,0.07,2.19,14.82,10.21,12.68,2.16,0.35,0
19.25,80.75,Bhairamgarh Tahsil,Chhattisgarh,0,0,1.08,0.35,0.18,3.07,14.74,9.23,10.71,2.82,0.8,0
19.25,81,Orchha Tahsil,Chhattisgarh,0,0,0.78,0.94,0.25,3.75,12.76,8.84,8.47,2.52,1.04,0
19.25,81.25,Gidam Tahsil,Chhattisgarh,0,0,0.78,1.19,0.42,3.67,13.07,9.65,8.73,2.81,0.82,0
19.25,81.5,Kondagaon Tahsil,Chhattisgarh,0,0,0.97,1.55,1.54,4.7,13.12,10.37,10.13,2.77,0.36,0
19.25,81.75,Bastar Tahsil,Chhattisgarh,0,0,1.28,1.85,2.45,7.22,14.74,9.59,12.85,2.63,0.04,0
19.25,82,Bakavand Tahsil,Chhattisgarh,0,0,1.44,2.15,2.01,12.25,23.62,10.39,9.18,1.83,0,0
19.5,81,Orchha Tahsil,Chhattisgarh,0,0,0.69,1.07,0.03,3.34,15.48,11.03,10.76,4.17,0.47,0
19.5,81.25,Narayanpur Tahsil,Chhattisgarh,0,0,0.73,1.11,0.13,3.14,14.26,12.34,8.94,4.36,0.2,0
19.5,81.5,Kondagaon Tahsil,Chhattisgarh,0,0,0.74,1.47,0.5,3.11,13.53,13.09,7.91,4.15,0.03,0
19.5,81.75,Kondagaon Tahsil,Chhattisgarh,0,0,1.01,1.11,0.86,6.08,14.44,11.22,8.36,3.23,0,0
19.5,82,Makdi Tahsil,Chhattisgarh,0,0,1.17,1,0.75,8.14,15.07,10.72,8.4,2.99,0,0
19.75,80.75,Orchha Tahsil,Chhattisgarh,0,0,0.52,0.76,0,2.74,18.01,10.86,11.38,4.15,0.27,0
19.75,81,Orchha Tahsil,Chhattisgarh,0,0,0.69,0.94,0,3.37,16.62,11.27,12.18,4.6,0.39,0
19.75,81.25,Narayanpur Tahsil,Chhattisgarh,0,0,0.76,0.98,0.02,2.9,15.15,12.29,9.47,4.42,0.18,0
19.75,81.5,Farasgaon Tahsil,Chhattisgarh,0,0,0.76,0.88,0.19,3.23,13.54,12.76,7.41,3.99,0.03,0
19.75,81.75,Makdi Tahsil,Chhattisgarh,0,0,0.99,0.92,0.56,5.85,13.75,11.05,7.88,3.32,0,0
19.75,82,Makdi Tahsil,Chhattisgarh,0,0,1.06,0.71,0.37,6.78,13.59,10.73,7.68,3.06,0,0
20,80.75,Pakhanjur Tahsil,Chhattisgarh,0,0.01,0.24,0.66,0,1.84,20.68,9.94,11.26,3.21,0.13,0
20,81,Pakhanjur Tahsil,Chhattisgarh,0,0,0.5,0.9,0,2.12,19.12,10.19,11.03,3.68,0.18,0
20,81.25,Antagarh Tahsil,Chhattisgarh,0,0,0.55,0.81,0.01,1.92,16.09,10.4,9.6,3.15,0.08,0
20,81.5,Keskal Tahsil,Chhattisgarh,0,0,0.72,0.73,0.07,2.86,14.89,10.33,8.83,3.09,0.03,0
20,81.75,Bade Rajpur Tahsil,Chhattisgarh,0,0.03,0.75,0.84,0.26,4.09,13.91,10.81,7.71,3.13,0,0
20,82.25,Mainpur Tahsil,Chhattisgarh,0,0.1,0.78,0.28,5.59,4.75,13.74,14.38,10.19,1.52,0,0
20,82.5,Mainpur Tahsil,Chhattisgarh,0,0.13,0.86,0.04,8.63,4.59,13.15,14.57,9.94,1.34,0,0
20.25,80.5,Manpur Tahsil,Chhattisgarh,0,0.08,0.77,0.12,0.02,2.25,21.69,9.56,11.92,1.78,0,0
20.25,80.75,Durgkondal Tahsil,Chhattisgarh,0,0.06,0.45,0.62,0.01,0.97,24.24,9.74,10.51,3.01,0,0
20.25,81,Bhanupratappur Tahsil,Chhattisgarh,0,0.09,0.31,0.74,0.02,0.99,23.08,9.76,10.54,3.05,0.01,0
20.25,81.25,Bhanupratappur Tahsil,Chhattisgarh,0,0,0.31,0.77,0.01,1.21,15.96,8.49,9.68,2.07,0,0
20.25,81.5,Kanker Tahsil,Chhattisgarh,0,0.21,0.34,0.67,0.08,1.24,16.48,8.47,9.22,1.96,0,0
20.25,81.75,Narharpur Tahsil,Chhattisgarh,0,0.39,0.54,0.53,0.23,1.78,16.12,8.09,8.51,1.8,0,0
20.25,82,Nagri Tahsil,Chhattisgarh,0,0.44,0.33,0.48,4.24,3.18,18.2,8.81,9.59,1.63,0,0
20.25,82.25,Mainpur Tahsil,Chhattisgarh,0,0.28,0.45,0.21,6.23,4.8,17.62,12.45,10.17,1.98,0,0
20.5,80.75,Mohla Tahsil,Chhattisgarh,0,0.25,0.64,0.45,0.15,1.71,21.33,10.12,9.97,3.39,0,0
20.5,81,Dondi Tahsil,Chhattisgarh,0,0.49,0.71,0.55,0.18,1.79,18.47,10.55,9.64,3.9,0,0
20.5,81.25,Dondi Tahsil,Chhattisgarh,0,0.55,0.52,0.64,0.09,1.32,16.09,11,8.83,2.73,0,0
20.5,81.5,Charama Tahsil,Chhattisgarh,0,0.54,0.36,0.5,0.11,1.54,15.23,9.61,8.41,2.03,0,0
20.5,81.75,Nagri Tahsil,Chhattisgarh,0,0.41,0.38,0.24,0.24,1.7,15.74,5.52,8.23,1.15,0,0
20.5,82,Nagri Tahsil,Chhattisgarh,0,0.38,0.46,0.19,1.38,1.8,17.32,5.78,8.15,1.13,0,0
20.5,82.25,Bindranavagarh(Gariyaband) Tahsil,Chhattisgarh,0,0.38,0.3,0.26,5.39,3.89,20.37,9.63,7.79,1.74,0,0
20.75,80.75,Ambagarh Tahsil,Chhattisgarh,0,0.44,1.13,0.47,0.58,3.64,14.65,8.18,7.73,3.02,0,0
20.75,81,Dondi Luhara Tahsil,Chhattisgarh,0,1.06,0.89,0.54,0.68,1.81,15.63,11.06,9.72,5.01,0,0
20.75,81.25,Balod Tahsil,Chhattisgarh,0,0.87,0.64,0.55,0.19,1.61,15.07,12.5,7.85,2.74,0,0
20.75,81.5,Dhamtari Tahsil,Chhattisgarh,0,1.06,0.5,0.49,0.2,2.03,14.17,10.07,7.5,2.01,0,0
20.75,81.75,Dhamtari Tahsil,Chhattisgarh,0,0.76,0.43,0.22,0.29,2.36,15,5.27,8.18,1.08,0,0
20.75,82,Chhura Tahsil,Chhattisgarh,0,0.34,0.53,0.15,0.96,2.26,17.81,6.88,8.29,1.06,0,0
20.75,82.25,Chhura Tahsil,Chhattisgarh,0,0.28,0.53,0.03,2.94,3.38,21.88,9.55,6.99,1.1,0,0
21,80.5,Chhuriya Tahsil,Chhattisgarh,0,0.71,0.77,0.42,0.24,3.43,17.81,7.38,7.57,1.95,0,0
21,80.75,Dongargaon Tahsil,Chhattisgarh,0,0.63,0.58,0.64,0.51,2.85,18.43,4.75,7.8,1.64,0,0
21,81,Dondi Luhara Tahsil,Chhattisgarh,0,1.53,0.6,0.47,0.92,3.38,16.15,6.1,8.23,2.37,0,0
21,81.25,Gunderdehi Tahsil,Chhattisgarh,0,2.31,0.62,0.48,0.93,3.73,16.36,7.45,8.79,2.24,0,0
21,81.5,Patan Tahsil,Chhattisgarh,0,2.05,0.5,0.54,0.45,4.67,11.44,4.92,7.22,1.17,0,0
21,81.75,Kurud Tahsil,Chhattisgarh,0,1.33,0.4,0.2,0.11,5.08,10.63,4.81,7.38,0.9,0,0
21,82,Rajim Tahsil,Chhattisgarh,0,0.44,0.47,0.14,0.4,4.73,18.76,11.12,9.48,1.39,0,0
21,82.25,Bagbahra Tahsil,Chhattisgarh,0,0.46,0.42,0.05,3.1,3.31,24.08,16.73,9.25,1.61,0,0
21,82.5,Bagbahra Tahsil,Chhattisgarh,0,0.5,0.15,0.02,5.16,2.76,21.79,10.13,9.53,1.64,0,0
21.25,80.75,Dongargarh Tahsil,Chhattisgarh,0,0.97,0.51,0.53,0.78,3.09,17.15,5.18,7.26,1.56,0,0
21.25,81,Khairagarh Tahsil,Chhattisgarh,0,2.35,0.51,0.35,1.66,4.05,14.6,6.15,8.23,2.59,0,0
21.25,81.25,Durg Tahsil,Chhattisgarh,0,2.42,0.62,0.55,0.78,4,16.54,6.76,8.91,2.24,0,0
21.25,81.5,Dhamdha Tahsil,Chhattisgarh,0,2.41,0.67,0.55,0.58,4.04,17.63,6.87,9.26,1.83,0,0
21.25,81.75,Raipur Tahsil,Chhattisgarh,0,1.98,0.52,0.29,0.18,4.56,15.16,6.54,9.84,0.99,0,0
21.25,82,Arang Tahsil,Chhattisgarh,0,1.22,0.43,0.17,0.48,4.76,17.76,10.46,9.74,1.33,0,0
21.25,82.25,Mahasamund Tahsil,Chhattisgarh,0,0.41,0.32,0.07,2.42,3.75,22.29,15.45,9.02,1.49,0,0
21.25,82.5,Pithora Tahsil,Chhattisgarh,0,0.64,0.29,0.03,3.25,2.91,21.01,12.86,9.43,1.59,0,0.01
21.25,82.75,Pithora Tahsil,Chhattisgarh,0,0.86,0.27,0.03,3.82,3.59,20.19,11.96,9.27,1.4,0,0.01
21.25,83,Saraipali Tahsil,Chhattisgarh,0,0.75,0.56,0.02,2.26,4.94,32.49,18.12,11.63,1.17,0,0
21.5,80.75,Chhuikhadan Tahsil,Chhattisgarh,0,1.08,0.45,0.35,0.9,3.61,11.97,4.91,4.41,1.78,0,0
21.5,81,Khairagarh Tahsil,Chhattisgarh,0,1.38,0.42,0.43,1.16,3.72,13.11,6.17,5.86,2.43,0,0
21.5,81.25,Dhamdha Tahsil,Chhattisgarh,0,2.28,0.56,0.45,1.02,3.46,19.81,9.5,8.85,2.73,0,0
21.5,81.5,Berla Tahsil,Chhattisgarh,0,2.51,0.5,0.44,0.8,3.69,18.81,7.8,9.19,2.86,0,0
21.5,81.75,Tilda Tahsil,Chhattisgarh,0,2.52,0.53,0.4,0.44,4.57,12.23,9.68,8.26,1.44,0,0
21.5,82,Palari Tahsil,Chhattisgarh,0,2.12,0.65,0.35,0.43,5.1,12.97,10.64,8.44,1.37,0,0
21.5,82.25,Palari Tahsil,Chhattisgarh,0,1.19,0.84,0.06,0.91,3.96,16.05,13.31,8.22,1.59,0,0
21.5,82.5,Kasdol Tahsil,Chhattisgarh,0,0.69,0.86,0,1.72,3.86,19.22,12.96,8.32,1.72,0,0
21.5,82.75,Pithora Tahsil,Chhattisgarh,0,0.76,0.31,0,3.51,4.72,19.74,11.36,7.99,1.19,0,0
21.5,83,Sarangarh Tahsil,Chhattisgarh,0,0.61,0.66,0.02,4.67,5.4,23.42,14.1,8.3,1.09,0,0
21.5,83.25,Baramkela Tahsil,Chhattisgarh,0,0.56,1.64,0.02,6.29,6.62,27.28,19.53,7.59,0.84,0,0
21.75,80.75,Chhuikhadan Tahsil,Chhattisgarh,0.04,1.08,0.68,0.34,0.31,4.06,12.19,5.54,3.42,3.26,0,0.07
21.75,81,Sahaspur Lohara Tahsil,Chhattisgarh,0,0.73,0.65,0.38,0.44,4,11.96,5.44,4.8,3.9,0,0
21.75,81.25,Sahaspur Lohara Tahsil,Chhattisgarh,0,0.91,0.87,0.27,0.34,3.32,20.79,11.17,8.42,2.87,0,0
21.75,81.5,Bemetara Tahsil,Chhattisgarh,0,1.75,0.7,0.28,0.51,3.71,18.74,9.1,8.71,3.11,0,0
21.75,81.75,Simga Tahsil,Chhattisgarh,0,2.06,1,0.43,0.68,4.16,13.1,10.53,7.81,2,0,0.02
21.75,82,Bhatapara Tahsil,Chhattisgarh,0,2.05,1.15,0.32,0.56,4.04,11.12,11.39,6.77,1.5,0,0.02
21.75,82.25,Baloda Bazar Tahsil,Chhattisgarh,0,1.64,1.21,0.17,0.37,3.34,13.38,10.95,7.14,2.12,0,0
21.75,82.5,Pamgarh Tahsil,Chhattisgarh,0,1.17,1.21,0.08,0.56,2.76,15.3,10.1,7.41,2.02,0,0
21.75,82.75,Champa Tahsil,Chhattisgarh,0,0.86,0.94,0,2.14,4.33,17.47,10.13,7.49,1.3,0,0
21.75,83,Malkharoda Tahsil,Chhattisgarh,0,0.58,0.6,0.02,4.42,5.51,19.4,13.46,7.14,1,0,0
21.75,83.25,Dabhra Tahsil,Chhattisgarh,0,0.5,0.94,0.02,5.06,5.66,19.94,15.13,7.25,1.02,0,0
22,81,Bodla Tahsil,Chhattisgarh,0,0.3,0.63,0.38,0.1,4.64,16.68,6.92,4.74,4.77,0,0
22,81.25,Kawardha Tahsil,Chhattisgarh,0,0.89,1.31,0.33,0.15,4.79,14.88,8.2,6.13,3.94,0,0
22,81.5,Bemetara Tahsil,Chhattisgarh,0,1.41,2.08,0.51,0.21,5.27,12.19,8.81,6.77,3.43,0,0
22,81.75,Mungeli Tahsil,Chhattisgarh,0.04,1.58,1.67,0.48,0.82,5.04,11.49,10.81,9.19,3.24,0,0.26
22,82,Takhatpur Tahsil,Chhattisgarh,0.04,1.61,1.64,0.46,0.91,4.92,11.31,11.25,9.64,3.16,0,0.32
22,82.25,Masturi Tahsil,Chhattisgarh,0,1.46,1.49,0.13,0.29,2.21,12.48,10.84,8.08,2.68,0,0.03
22,82.5,Akaltara Tahsil,Chhattisgarh,0,1.24,1.53,0.02,0.07,3.07,13.61,10.4,6.52,2.17,0,0
22,82.75,Champa Tahsil,Chhattisgarh,0,1.03,1.09,0.02,1.27,3.21,15.06,8.54,7.04,1.08,0,0
22,83,Sakti Tahsil,Chhattisgarh,0,0.61,0.36,0,3.02,4.11,13.48,12,6.82,1.17,0,0
22,83.25,Raigarh Tahsil,Chhattisgarh,0,0.61,0.23,0.08,2.85,4.33,13.66,11.61,7.19,1.25,0,0
22,83.5,Raigarh Tahsil,Chhattisgarh,0,0.43,0.35,0.03,1.54,3.03,13.34,10.51,8.44,1.59,0,0.01
22.25,81.25,Bodla Tahsil,Chhattisgarh,0,0.9,1.52,1.33,0.19,4.86,14.69,8.32,6.24,3.85,0,0
22.25,81.5,Pandariya Tahsil,Chhattisgarh,0.01,1.35,1.86,1.18,0.34,5.1,11.73,9.76,6.96,3.83,0,0.05
22.25,81.75,Takhatpur Tahsil,Chhattisgarh,0.04,1.67,1.78,0.86,0.72,4.83,11.31,11.5,8.38,4.09,0,0.21
22.25,82,Takhatpur Tahsil,Chhattisgarh,0.03,1.51,1.63,0.48,0.85,4.51,11.74,12.56,8.63,4.08,0,0.22
22.25,82.25,Bilaspur Tahsil,Chhattisgarh,0,1.41,1.25,0.2,0.2,2.02,12.81,13.77,6.27,3.05,0,0
22.25,82.5,Baloda Tahsil,Chhattisgarh,0,1.16,0.93,0.08,0.07,1.47,13.03,12.82,5.94,2.01,0,0
22.25,82.75,Korba Tahsil,Chhattisgarh,0,1.18,1.17,0.07,0.13,2.49,13.16,10.69,6.5,1.59,0,0
22.25,83,Udaipur (Dharamjaigarh) Tahsil,Chhattisgarh,0,0.59,0.57,0.01,0.6,3.48,12.32,12.71,6.89,1.27,0,0
22.25,83.25,Gharghoda Tahsil,Chhattisgarh,0,1.08,0.3,0.22,0.74,3.74,10.86,12.59,6.86,1.3,0,0
22.25,83.5,Lailunga Tahsil,Chhattisgarh,0.03,1.26,0.61,0.26,1.48,3.63,11.67,12.16,6.68,1.19,0,0.03
22.25,83.75,Lailunga Tahsil,Chhattisgarh,0.04,2.03,1.05,0.32,2.49,3.42,11.83,13.96,5.9,0.68,0,0.05
22.5,81.5,Lormi Tahsil,Chhattisgarh,0.24,1.97,1.69,2.4,0.52,4.12,9.73,11.8,7.21,5.39,0,0.33
22.5,81.75,Lormi Tahsil,Chhattisgarh,0.15,2.02,1.6,2.32,0.55,3.9,10.26,12.93,7.01,5.57,0,0.22
22.5,82,Kota Tahsil,Chhattisgarh,0.01,1.8,1.4,1.2,0.5,3.74,11.22,14.1,6.4,5.49,0,0.02
22.5,82.25,Pali Tahsil,Chhattisgarh,0,1.62,1.49,0.17,0.26,2.54,12.78,16.62,5.12,4.33,0,0
22.5,82.5,Poundi-Uproda Tahsil,Chhattisgarh,0,1.42,1.13,0.16,0.2,1.99,12.94,14.74,5.5,3.18,0,0
22.5,82.75,Korba Tahsil,Chhattisgarh,0,1.38,1.16,0.09,0.11,2.21,12.98,14.1,5.86,2.54,0,0
22.5,83,Korba Tahsil,Chhattisgarh,0,1.7,0.77,0.13,0.2,3.89,8.83,11.45,6.48,1.22,0,0
22.5,83.25,Udaipur (Dharamjaigarh) Tahsil,Chhattisgarh,0,1.76,0.85,0.19,0.07,4.45,6.75,10.58,6.31,1.14,0,0
22.5,83.5,Lailunga Tahsil,Chhattisgarh,0.01,1.53,1.08,0.12,0.6,3.81,8.05,11.52,6.08,0.9,0,0.01
22.5,83.75,Pathalgaon Tahsil,Chhattisgarh,0.01,1.68,1.69,0.05,1.38,2.61,8.65,11.09,5.82,0.33,0,0.01
22.75,82,Pendra Tahsil,Chhattisgarh,0.13,2.49,1.39,1.93,0.35,3.67,10.95,14.61,6.65,5.52,0,0.17
22.75,82.25,Poundi-Uproda Tahsil,Chhattisgarh,0,2.19,1.2,0.54,0.21,2.84,12.59,15.14,5.75,3.99,0,0.01
22.75,82.5,Poundi-Uproda Tahsil,Chhattisgarh,0.01,1.96,1.02,0.23,0.18,2.51,12.48,14.94,5.54,3.05,0,0.02
22.75,82.75,Poundi-Uproda Tahsil,Chhattisgarh,0.18,2.16,0.91,0.21,0.69,2.89,10.21,14.83,5.78,1.99,0,0.21
22.75,83,Udaypur Tahsil,Chhattisgarh,0.14,2.41,0.92,0.19,0.44,3.91,7.84,12.47,6.21,1.12,0,0.15
22.75,83.25,Udaipur (Dharamjaigarh) Tahsil,Chhattisgarh,0.06,2.43,0.96,0.1,0.26,4.18,7.27,11.37,6.31,1.12,0,0.07
22.75,83.5,Sitapur Tahsil,Chhattisgarh,0.01,2.17,1.28,0.04,0.49,3.48,7.05,9.6,6.09,0.67,0,0.02
22.75,83.75,Bagicha Tahsil,Chhattisgarh,0.01,1.72,1.38,0,0.73,2.98,7.82,7.73,6.62,0.52,0,0
22.75,84,Kunkuri Tahsil,Chhattisgarh,0.02,1.62,1.42,0,0.94,4.43,11.29,10.19,8.18,1.15,0,0
23,82,Marwahi Tahsil,Chhattisgarh,0.07,3.84,0.89,1.85,0.19,5.96,13.62,17.85,9.42,5.22,0,0.13
23,82.25,Khadganva Tahsil,Chhattisgarh,0.01,4.28,0.71,0.96,0.04,5.94,13.58,15.43,8.44,3.64,0,0.08
23,82.5,Khadganva Tahsil,Chhattisgarh,0.15,3.44,0.75,0.36,0.3,4.69,9.53,11,6.29,1.47,0,0.17
23,82.75,Premnagar Tahsil,Chhattisgarh,0.29,2.82,0.9,0.21,0.84,3.79,7.87,12.49,5.67,1.11,0,0.3
23,83,Lakhanpur Tahsil,Chhattisgarh,0.35,2.95,0.99,0.21,1.18,3.69,7.76,14.38,5.94,1,0,0.4
23,83.25,Ambikapur Tahsil,Chhattisgarh,0.22,2.51,0.99,0.14,0.77,3.66,7.2,11.98,6.02,0.9,0,0.25
23,83.5,Batouli Tahsil,Chhattisgarh,0.11,2.35,1.02,0.07,0.59,3.2,6.88,9.39,6.12,0.62,0,0.13
23,83.75,Bagicha Tahsil,Chhattisgarh,0.01,1.63,1.34,0,0.55,3.45,8.48,7.31,7.16,0.69,0,0
23,84,Manora Tahsil,Chhattisgarh,0.01,1.52,1.37,0,0.75,5.28,12.67,10.53,8.52,1.2,0,0
23.25,82.25,Manendragarh Tahsil,Chhattisgarh,0,5.67,0.5,0.85,0,6.7,13.79,12.38,8.87,2.32,0,0.15
23.25,82.5,Baikunthpur Tahsil,Chhattisgarh,0.13,3.07,0.54,0.34,0.1,4.92,8.53,9.18,5.89,1.27,0,0.1
23.25,82.75,Ramanujnagar Tahsil,Chhattisgarh,0.23,1.75,0.7,0.06,0.25,3.25,5.42,8.12,4.23,0.78,0,0.09
23.25,83,Bhaiyathan Tahsil,Chhattisgarh,0.36,2.91,0.95,0.21,1.14,3.64,7.82,14.02,5.82,0.99,0,0.4
23.25,83.25,Rajpur Tahsil,Chhattisgarh,0.49,2.49,0.81,0.14,0.75,2.94,6.73,12.24,4.92,0.84,0,0.26
23.25,83.5,Shankargarh Tahsil,Chhattisgarh,0.45,2.47,0.67,0.1,0.37,2.72,7.22,10.31,5.44,0.65,0,0.15
23.25,83.75,Shankargarh Tahsil,Chhattisgarh,0.28,1.87,0.67,0.02,0.61,4.22,10.23,8.31,6.82,1.13,0,0
23.25,84,Samri(Kusmi) Tahsil,Chhattisgarh,0.11,1.81,0.78,0.01,1.16,4.19,10.52,7.93,7.19,1.28,0,0
23.5,82,Manendragarh Tahsil,Chhattisgarh,0.01,3.83,0.73,1.02,0.01,6.06,12.66,15.46,7.91,4.27,0,0.04
23.5,82.25,Manendragarh Tahsil,Chhattisgarh,0.05,4.04,0.56,0.8,0,5.8,11.6,12.67,7.7,2.7,0,0.08
23.5,82.5,Sonhat Tahsil,Chhattisgarh,0.12,3.1,0.56,0.48,0.07,4.96,9.1,10.38,6.29,1.77,0,0.08
23.5,82.75,Oudgi Tahsil,Chhattisgarh,0.21,2.46,0.69,0.19,0.28,4.01,7.02,9.18,5.13,0.97,0,0.13
23.5,83,Oudgi Tahsil,Chhattisgarh,0.4,1.99,0.82,0.13,0.54,2.89,5.94,10.35,4.47,0.77,0,0.18
23.5,83.25,Pratappur Tahsil,Chhattisgarh,0.77,2.42,0.6,0.11,0.34,1.91,5.87,10.67,3.76,0.63,0,0.11
23.5,83.5,Balrampur Tahsil,Chhattisgarh,0.99,2.35,0.48,0.12,0.86,2.09,6.42,10.1,3.69,0.55,0,0.18
23.5,83.75,Samri(Kusmi) Tahsil,Chhattisgarh,0.99,2.26,0.67,0.05,1.25,2.66,7.04,9.1,4.17,0.65,0,0.14
23.5,84,Samri(Kusmi) Tahsil,Chhattisgarh,0.61,2.11,1.11,0.1,2.67,3.99,8.52,7.45,5.93,0.9,0,0.08
23.75,81.75,Bharatpur Tahsil,Chhattisgarh,0,2.12,0.94,0.26,0.08,4.75,8.56,10.44,3.87,4.27,0,0.02
23.75,82,Bharatpur Tahsil,Chhattisgarh,0.01,2.88,0.8,0.7,0.04,5.69,11.45,13.05,6.55,3.97,0,0.06
23.75,82.25,Bharatpur Tahsil,Chhattisgarh,0.07,3.33,0.69,0.66,0.01,5.37,10.35,11.8,6.76,2.63,0,0.05
23.75,82.5,Sonhat Tahsil,Chhattisgarh,0.32,3.15,0.95,0.37,0.12,4.46,8.82,10.54,5.99,1.43,0,0.1
23.75,82.75,Oudgi Tahsil,Chhattisgarh,0.55,2.16,1.19,0.11,0.31,3.24,6.53,10.26,4.72,0.84,0,0.13
23.75,83,Pratappur Tahsil,Chhattisgarh,0.89,2.16,1.14,0.05,0.33,2,5.73,11.01,3.81,0.62,0,0.11
23.75,83.25,Wadrafnagar Tahsil,Chhattisgarh,1.06,2.43,0.45,0.01,0.25,1.3,5.37,9.72,3.19,0.51,0,0.1
23.75,83.5,Ramanujganj Tahsil,Chhattisgarh,1.03,2.46,0.18,0.05,0.09,1.08,5.33,9.68,2.96,0.49,0,0.03
24,83.25,Ramanujganj Tahsil,Chhattisgarh,0.95,2.28,0.87,0.01,0.32,1.61,5.34,10.15,3.61,0.54,0,0.11
24,83.5,Ramanujganj Tahsil,Chhattisgarh,0.94,2.53,0.3,0.02,0.52,1.44,4.83,8.04,3.52,0.47,0,0.23
24,93.75,Falam District,Chin,0,0.68,1.13,1.38,7,9.06,2.48,7.27,3.63,1.01,0,0
27,89.5,Geling Gewog,Chukha,0.01,2.04,0.38,1.64,20.72,31.91,11.37,31.87,16.21,1.05,0.26,0.01
20.25,73,Nagar Haveli,Dadra and Nagar Haveli and Daman and Diu,0.04,0,0.02,0,0.01,2.54,47.31,16.69,11.24,0.01,0.07,0
26.75,89.75,Lhamoyzingkha Gewog,Dagana District,0.01,2.2,0.52,1.55,21,32.45,12.77,29.43,16.66,0.78,0.15,0.01
26.75,90,Nichula Gewog,Dagana District,0,1.28,0.51,1.87,17.24,23.73,16.08,26.63,11.71,0.51,0.02,0
27,90,Drukjeygang Gewog,Dagana District,0,1.24,0.43,2.01,21.48,28.45,18.3,29.38,13.56,0.75,0,0
34.75,75,Astore District,Gilgit-Baltistan,5.27,2.04,7.87,4.42,1.85,0.74,1.89,2.74,7.34,1.24,0.56,0
34.75,75.25,Astore District,Gilgit-Baltistan,5.14,2.13,8.7,4.85,2.07,0.78,1.96,3.1,7.55,1.28,0.62,0
34.75,75.5,Skardu District,Gilgit-Baltistan,5.3,2.3,9.48,5.28,2.28,0.83,2.06,3.45,7.74,1.31,0.68,0
34.75,75.75,Skardu District,Gilgit-Baltistan,5.54,2.52,10.34,5.78,2.57,0.88,2.16,3.88,8.12,1.34,0.74,0
34.75,76,Kharmang District,Gilgit-Baltistan,5.39,2.24,9.09,5.09,2.31,0.77,1.91,3.45,6.97,1.12,0.66,0
34.75,76.25,Kharmang District,Gilgit-Baltistan,1.38,0.17,0.32,0.18,0.26,0.03,0.24,0.15,1.39,0.03,0.02,0
35,74.75,Astore District,Gilgit-Baltistan,3.71,3.07,8.89,4.24,2.72,0.91,1.76,1.97,6.19,1.19,1.08,0.02
35,75,Astore District,Gilgit-Baltistan,4.75,2.3,8.5,4.53,2.15,0.8,1.94,2.69,6.7,1.23,0.72,0
35,75.25,Skardu District,Gilgit-Baltistan,4.63,2.02,8.38,4.63,1.99,0.75,1.96,2.94,7.12,1.27,0.6,0
35,75.5,Skardu District,Gilgit-Baltistan,4.71,2.16,9.1,5.02,2.18,0.79,2.04,3.26,7.28,1.3,0.65,0
35,75.75,Kharmang District,Gilgit-Baltistan,5.11,2.36,9.9,5.47,2.39,0.85,2.14,3.62,7.54,1.32,0.71,0
35,76,Kharmang District,Gilgit-Baltistan,3.32,1.04,3.99,2.24,1.16,0.33,0.93,1.53,3.7,0.48,0.29,0
35,76.25,Kharmang District,Gilgit-Baltistan,1.51,0.1,0,0.01,0.24,0,0.18,0.03,1.21,0,0,0
35,76.5,Ghanche District,Gilgit-Baltistan,0.01,0.1,0,0.01,0.02,0,0.18,0.03,1.2,0,0,0
35,76.75,Ghanche District,Gilgit-Baltistan,0.01,0.1,0,0.01,0.02,0,0.18,0.03,1.18,0,0,0
35.25,73.75,Diamer District,Gilgit-Baltistan,1.86,5.1,12.97,5.09,4.69,1.28,1.47,1.41,5.29,1.19,2.12,0.05
35.25,74,Diamer District,Gilgit-Baltistan,1.9,5.11,12.88,5.08,4.67,1.28,1.49,1.44,5.4,1.2,2.11,0.05
35.25,74.25,Diamer District,Gilgit-Baltistan,2.06,5,12.59,5.03,4.55,1.26,1.52,1.48,5.5,1.2,2.04,0.05
35.25,74.5,Diamer District,Gilgit-Baltistan,2.45,4.49,11.69,4.83,4.08,1.17,1.57,1.6,5.61,1.2,1.8,0.04
35.25,74.75,Astore District,Gilgit-Baltistan,3,3.42,9.88,4.43,3.14,0.97,1.66,1.84,5.82,1.2,1.3,0.03
35.25,75,Astore District,Gilgit-Baltistan,3.48,2.2,8.13,4.15,2.13,0.76,1.81,2.3,6.23,1.22,0.75,0.01
35.25,75.25,Skardu District,Gilgit-Baltistan,3.63,1.82,7.88,4.27,1.85,0.69,1.9,2.67,6.57,1.26,0.57,0
35.25,75.5,Skardu District,Gilgit-Baltistan,3.64,1.88,8.21,4.46,1.94,0.71,1.93,2.83,6.71,1.28,0.59,0
35.25,75.75,Skardu District,Gilgit-Baltistan,3.86,1.95,8.48,4.62,2.01,0.73,1.97,2.96,6.84,1.28,0.61,0
35.25,76,Ghanche District,Gilgit-Baltistan,1.28,0.1,0.02,0.02,0.24,0,0.18,0.04,1.23,0,0,0
35.25,76.25,Ghanche District,Gilgit-Baltistan,0.93,0.1,0,0.01,0.17,0,0.18,0.03,1.21,0,0,0
35.25,76.5,Ghanche District,Gilgit-Baltistan,0.01,0.1,0,0.01,0.02,0,0.18,0.03,1.21,0,0,0
35.25,76.75,Ghanche District,Gilgit-Baltistan,0.01,0.1,0,0.01,0.02,0,0.18,0.03,1.21,0,0,0
35.5,74,Diamer District,Gilgit-Baltistan,1.85,5.1,13.02,5.09,4.7,1.28,1.47,1.41,5.22,1.19,2.12,0.05
35.5,74.25,Diamer District,Gilgit-Baltistan,1.85,5.09,13.02,5.09,4.7,1.28,1.47,1.41,5.22,1.19,2.12,0.05
35.5,74.5,Diamer District,Gilgit-Baltistan,1.89,4.95,12.78,5.04,4.58,1.25,1.48,1.44,5.26,1.2,2.06,0.05
35.5,74.75,Astore District,Gilgit-Baltistan,2.15,3.94,11.06,4.66,3.69,1.05,1.58,1.7,5.53,1.21,1.59,0.03
35.5,75,Skardu District,Gilgit-Baltistan,2.62,1.81,7.52,3.88,1.85,0.66,1.78,2.24,6.09,1.24,0.62,0
35.5,75.25,Skardu District,Gilgit-Baltistan,2.67,1.55,7.11,3.79,1.64,0.62,1.8,2.31,6.16,1.25,0.5,0
35.5,75.5,Shigar District,Gilgit-Baltistan,2.67,1.55,7.11,3.79,1.64,0.62,1.8,2.31,6.16,1.25,0.5,0
35.5,75.75,Shigar District,Gilgit-Baltistan,2.67,1.55,7.11,3.79,1.64,0.62,1.8,2.31,6.16,1.25,0.5,0
35.5,76,Shigar District,Gilgit-Baltistan,1.06,0.1,0,0.01,0.21,0,0.18,0.03,1.21,0,0,0
35.5,76.25,Ghanche District,Gilgit-Baltistan,0.99,0.1,0,0.01,0.19,0,0.18,0.03,1.21,0,0,0
35.5,76.5,Ghanche District,Gilgit-Baltistan,0.5,0.1,0,0.01,0.11,0,0.18,0.03,1.21,0,0,0
35.5,76.75,Shigar District,Gilgit-Baltistan,0.17,0.1,0,0.01,0.05,0,0.18,0.03,1.21,0,0,0
35.75,73.25,Tangir District,Gilgit-Baltistan,0.55,1.52,3.84,1.51,1.39,0.38,1.41,1.3,2.89,0.48,0.63,0.02
35.75,73.5,Darel District,Gilgit-Baltistan,1.42,3.9,9.96,3.9,3.6,0.98,1.45,1.37,4.44,0.96,1.62,0.04
35.75,73.75,Darel District,Gilgit-Baltistan,1.85,5.1,13.02,5.09,4.7,1.28,1.47,1.41,5.22,1.19,2.12,0.05
35.75,74,Darel District,Gilgit-Baltistan,1.85,5.1,13.02,5.09,4.7,1.28,1.47,1.41,5.22,1.19,2.12,0.05
35.75,74.25,Gilgit District,Gilgit-Baltistan,1.85,5.1,13.02,5.09,4.7,1.28,1.47,1.41,5.22,1.19,2.12,0.05
35.75,74.5,Gilgit District,Gilgit-Baltistan,1.85,5.1,13.02,5.09,4.7,1.28,1.47,1.41,5.22,1.19,2.12,0.05
35.75,74.75,Astore District,Gilgit-Baltistan,1.85,5.1,13.02,5.09,4.7,1.28,1.47,1.41,5.22,1.19,2.12,0.05
35.75,75,Skardu District,Gilgit-Baltistan,2.24,3.45,10.27,4.49,3.27,0.97,1.62,1.82,5.65,1.22,1.37,0.03
35.75,75.25,Skardu District,Gilgit-Baltistan,2.45,2.5,8.69,4.14,2.46,0.8,1.71,2.07,5.91,1.23,0.94,0.01
35.75,75.5,Shigar District,Gilgit-Baltistan,2.56,2.03,7.9,3.96,2.05,0.71,1.76,2.18,6.03,1.24,0.72,0.01
35.75,75.75,Shigar District,Gilgit-Baltistan,2.61,1.79,7.5,3.87,1.85,0.66,1.78,2.24,6.09,1.24,0.61,0
35.75,76,Shigar District,Gilgit-Baltistan,1.54,0.66,2.5,1.29,0.75,0.21,0.71,0.77,2.84,0.41,0.2,0
35.75,76.25,Shigar District,Gilgit-Baltistan,0.96,0.1,0,0.01,0.2,0,0.18,0.03,1.21,0,0,0
35.75,76.5,Shigar District,Gilgit-Baltistan,0.73,0.1,0,0.01,0.15,0,0.18,0.03,1.21,0,0,0
36,72.75,Gupis-Yasin District,Gilgit-Baltistan,0,0,0,0,0,0.01,1.39,1.27,1.88,0.18,0.01,0
36,73,Gupis-Yasin District,Gilgit-Baltistan,0.03,0.07,0.19,0.07,0.07,0.02,1.38,1.27,1.93,0.19,0.04,0
36,73.25,Gupis-Yasin District,Gilgit-Baltistan,0.29,0.8,2.02,0.79,0.73,0.21,1.4,1.29,2.41,0.34,0.33,0.01
36,73.5,Gupis-Yasin District,Gilgit-Baltistan,0.85,2.35,5.99,2.34,2.16,0.59,1.42,1.33,3.43,0.65,0.98,0.02
36,73.75,Ghizer District,Gilgit-Baltistan,1.35,3.72,9.5,3.72,3.43,0.93,1.45,1.37,4.32,0.92,1.55,0.04
36,74,Ghizer District,Gilgit-Baltistan,1.6,4.41,11.26,4.4,4.06,1.11,1.46,1.39,4.77,1.06,1.84,0.04
36,74.25,Gilgit District,Gilgit-Baltistan,1.73,4.75,12.14,4.75,4.38,1.19,1.46,1.4,5,1.13,1.98,0.05
36,74.5,Gilgit District,Gilgit-Baltistan,1.79,4.92,12.58,4.92,4.54,1.24,1.47,1.4,5.11,1.16,2.05,0.05
36,74.75,Gilgit District,Gilgit-Baltistan,1.82,5.01,12.8,5,4.62,1.26,1.47,1.4,5.16,1.17,2.09,0.05
36,75,Shigar District,Gilgit-Baltistan,2.03,4.23,11.53,4.74,3.94,1.11,1.55,1.62,5.41,1.2,1.73,0.04
36,75.25,Shigar District,Gilgit-Baltistan,2.24,3.37,10.11,4.44,3.2,0.95,1.63,1.84,5.66,1.21,1.33,0.03
36,75.5,Shigar District,Gilgit-Baltistan,2.4,2.7,9,4.2,2.63,0.83,1.69,2.01,5.85,1.23,1.03,0.02
36,75.75,Shigar District,Gilgit-Baltistan,2.5,2.24,8.25,4.04,2.23,0.75,1.74,2.13,5.97,1.24,0.82,0.01
36,76,Shigar District,Gilgit-Baltistan,2.02,1.45,5.38,2.67,1.49,0.48,1.22,1.44,4.41,0.82,0.51,0.01
36.25,72.75,Gupis-Yasin District,Gilgit-Baltistan,0,0,0,0,0,0.01,1.39,1.27,1.88,0.19,0.01,0
36.25,73,Gupis-Yasin District,Gilgit-Baltistan,0.01,0.03,0.09,0.03,0.02,0.01,1.38,1.27,1.9,0.19,0.01,0
36.25,73.25,Gupis-Yasin District,Gilgit-Baltistan,0.15,0.42,1.06,0.4,0.38,0.11,1.39,1.28,2.16,0.26,0.18,0
36.25,73.5,Gupis-Yasin District,Gilgit-Baltistan,0.5,1.39,3.52,1.38,1.27,0.35,1.41,1.3,2.79,0.46,0.58,0.01
36.25,73.75,Ghizer District,Gilgit-Baltistan,0.93,2.55,6.51,2.55,2.35,0.64,1.43,1.33,3.56,0.69,1.06,0.03
36.25,74,Ghizer District,Gilgit-Baltistan,1.27,3.48,8.89,3.48,3.21,0.87,1.44,1.36,4.16,0.87,1.45,0.04
36.25,74.25,Nagar District,Gilgit-Baltistan,1.5,4.12,10.51,4.11,3.79,1.03,1.45,1.38,4.58,1,1.72,0.04
36.25,74.5,Hunza District,Gilgit-Baltistan,1.64,4.52,11.55,4.52,4.17,1.14,1.46,1.39,4.84,1.08,1.88,0.05
36.25,74.75,Nagar District,Gilgit-Baltistan,1.73,4.77,12.17,4.76,4.39,1.2,1.46,1.4,5,1.13,1.99,0.05
36.25,75,Nagar District,Gilgit-Baltistan,1.88,4.49,11.85,4.75,4.17,1.15,1.5,1.51,5.2,1.16,1.86,0.04
36.25,75.25,Nagar District,Gilgit-Baltistan,2.06,3.93,10.98,4.6,3.68,1.05,1.56,1.68,5.43,1.19,1.59,0.04
36.25,75.5,Hunza District,Gilgit-Baltistan,2.23,3.32,9.99,4.4,3.15,0.94,1.63,1.84,5.64,1.21,1.31,0.03
36.25,75.75,Hunza District,Gilgit-Baltistan,2.36,2.78,9.12,4.22,2.7,0.85,1.68,1.99,5.81,1.22,1.06,0.02
36.25,76,Hunza District,Gilgit-Baltistan,2.19,2.12,7.25,3.44,2.09,0.67,1.45,1.72,5.11,1.02,0.79,0.01
36.5,73,Gupis-Yasin District,Gilgit-Baltistan,0,0.01,0.03,0.01,0.01,0.01,1.39,1.27,1.89,0.18,0.01,0
36.5,73.25,Gupis-Yasin District,Gilgit-Baltistan,0.08,0.22,0.55,0.21,0.19,0.06,1.39,1.27,2.02,0.23,0.1,0
36.5,73.5,Gupis-Yasin District,Gilgit-Baltistan,0.29,0.8,2.04,0.8,0.74,0.21,1.4,1.29,2.41,0.34,0.34,0.01
36.5,73.75,Ghizer District,Gilgit-Baltistan,0.61,1.68,4.27,1.67,1.54,0.43,1.41,1.31,2.98,0.52,0.7,0.02
36.5,74,Ghizer District,Gilgit-Baltistan,0.94,2.58,6.58,2.58,2.38,0.65,1.43,1.34,3.57,0.69,1.07,0.03
36.5,74.25,Nagar District,Gilgit-Baltistan,1.22,3.35,8.55,3.34,3.09,0.84,1.44,1.36,4.08,0.85,1.39,0.03
36.5,74.5,Hunza District,Gilgit-Baltistan,1.43,3.94,10.05,3.93,3.63,0.99,1.45,1.37,4.46,0.96,1.64,0.04
36.5,74.75,Hunza District,Gilgit-Baltistan,1.58,4.35,11.11,4.34,4.01,1.09,1.46,1.39,4.73,1.05,1.81,0.04
36.5,75,Hunza District,Gilgit-Baltistan,1.73,4.42,11.48,4.55,4.09,1.12,1.48,1.45,4.97,1.1,1.83,0.04
36.5,75.25,Hunza District,Gilgit-Baltistan,1.89,4.18,11.23,4.57,3.88,1.09,1.53,1.56,5.2,1.15,1.71,0.04
36.5,75.5,Hunza District,Gilgit-Baltistan,2.06,3.75,10.61,4.49,3.52,1.02,1.58,1.7,5.42,1.18,1.51,0.03
36.5,75.75,Hunza District,Gilgit-Baltistan,2.21,3.26,9.87,4.35,3.11,0.93,1.63,1.85,5.61,1.2,1.29,0.03
36.75,74,Ghizer District,Gilgit-Baltistan,0.66,1.82,4.65,1.82,1.68,0.46,1.42,1.31,3.08,0.55,0.76,0.02
36.75,74.25,Hunza District,Gilgit-Baltistan,0.94,2.59,6.6,2.58,2.38,0.65,1.43,1.34,3.58,0.7,1.08,0.03
36.75,74.5,Hunza District,Gilgit-Baltistan,1.19,3.26,8.32,3.26,3,0.82,1.44,1.35,4.02,0.83,1.36,0.03
36.75,74.75,Hunza District,Gilgit-Baltistan,1.38,3.81,9.72,3.8,3.51,0.96,1.45,1.37,4.38,0.94,1.59,0.04
36.75,75,Hunza District,Gilgit-Baltistan,1.56,4.11,10.6,4.17,3.8,1.04,1.46,1.41,4.67,1.02,1.71,0.04
36.75,75.25,Hunza District,Gilgit-Baltistan,1.72,4.14,10.92,4.37,3.84,1.06,1.49,1.49,4.93,1.08,1.71,0.04
37,74.75,Hunza District,Gilgit-Baltistan,1.16,3.2,8.16,3.19,2.95,0.8,1.44,1.35,3.98,0.82,1.33,0.03
15,74.25,Canacona,Goa,0,0,0,0.39,3.03,21.86,46.85,35.56,14.42,4.48,1.26,0.26
15.25,74,Salcete,Goa,0,0,0,0.03,3.8,15.64,33.71,38.16,13.38,9.77,0.23,1.56
15.25,74.25,Sanguem,Goa,0,0,0,1.04,4.38,9.59,42.23,32.41,14.49,7.11,1.11,0.54
15.5,74,Ponda,Goa,0,0,0,0.1,2.95,15.99,59.38,39.07,18.75,7.93,0.18,0.39
15.5,74.25,Satari,Goa,0,0,0.01,1.45,4.13,11.09,50.75,36.82,17.58,7.14,1.24,0.64
20.25,72.75,Umbergaon Taluka,Gujarat,0.01,0.02,0,0,0,2.88,36.02,12.49,6.86,0.01,0.27,0
20.25,73.25,Kaparada Taluka,Gujarat,0.03,0,0.18,0,0.81,1.49,30.39,14.9,14.42,1.69,0.01,0.31
20.5,72.75,Valsad,Gujarat,0.08,0,0,0,0,2.27,38.94,18.02,9.05,0.06,0.01,0
20.5,73,Pardi Taluka,Gujarat,0,0,0,0,0,1.12,33.82,12.35,13.32,0.19,0,0
20.5,73.25,Dharampur Taluka,Gujarat,0.02,0,0.08,0,0.24,2.06,26.19,10.57,12.03,0.52,0.01,0.19
20.75,70.75,Kodinar Taluka,Gujarat,0.04,0.05,0,0,0,8.81,10.53,9.04,7.8,0.05,0.26,0
20.75,71,Una Taluka,Gujarat,0.18,0.05,0,0,0.06,6.86,9.78,8.08,7.52,0.06,0.2,0
20.75,72.75,Valsad,Gujarat,0.04,0,0,0,0,1.63,30.35,13.12,9.4,0.15,0.03,0
20.75,73,Gandevi Taluka,Gujarat,0.01,0,0,0,0,1.11,29.05,11.28,10.21,0.09,0.01,0
20.75,73.25,Vansda Taluka,Gujarat,0,0,0,0,0,4.1,23.97,8.77,9.87,0,0,0
20.75,73.5,Vaghai Taluka,Gujarat,0.03,0.03,0.02,0,0.44,0.84,11.78,5.08,3.06,0.33,0,0.06
20.75,73.75,Ahava Taluka,Gujarat,0.16,0.18,0.25,0,0.83,0.75,11.1,5.45,3.9,0.44,0.12,0.22
21,70,Junagadh,Gujarat,0,0,0,0,0,1.94,12.66,11.81,7.03,0.13,0.1,0
21,70.25,Patan Veraval Taluka,Gujarat,0,0,0,0,0,3.83,11.16,10.27,7.3,0.28,0.31,0
21,70.5,Talala Taluka,Gujarat,0,0,0,0,0,6.8,10.88,7.57,8.52,2.09,2.29,0
21,70.75,Amreli,Gujarat,0.02,0.02,0,0,0,8.84,10.65,8.92,7.74,0.78,0.88,0
21,71,Amreli,Gujarat,0.19,0.02,0,0.02,0.55,2.54,6.92,5.61,6.43,0.59,0.2,0
21,71.25,Khambha Taluka,Gujarat,0.36,0,0,0,0.43,0.72,6.02,5.16,4.79,0.6,0.02,0
21,71.5,Rajula Taluka,Gujarat,0.34,0,0,0,0.15,0.84,5.62,5.89,3.54,0.44,0.04,0
21,72.75,Jalalpore Taluka,Gujarat,0.09,0.01,0,0,0,1.02,20.03,9.41,10.88,0.03,0.07,0
21,73,Navsari Taluka,Gujarat,0.17,0,0,0,0,1.66,14.05,8.2,8.79,0.62,0,0
21,73.25,Valod Taluka,Gujarat,0.01,0,0,0,0,1.11,16.77,8.86,8.96,0.31,0.06,0
21,73.5,Vyara Taluka,Gujarat,0.06,0.02,0.06,0,0.01,1.45,12.27,8.62,7.34,0.27,0.29,0
21,73.75,Subir Taluka,Gujarat,0.18,0.05,0.32,0,0.02,0.41,9.32,4.61,6.13,0.58,0.45,0
21.25,69.75,Junagadh,Gujarat,0,0.02,0,0,0,2.09,10.53,11.42,8.16,0.15,0,0
21.25,70,Porbandar Taluka,Gujarat,0,0,0,0,0,2.68,12.23,12.8,8.14,0.29,0.21,0
21.25,70.25,Keshhod Taluka,Gujarat,0,0,0,0,0,4.5,10.59,15,8.24,0.79,0.71,0
21.25,70.5,Mendarda Taluka,Gujarat,0,0,0,0,0,5.14,10.06,10.2,9.49,1.38,1.62,0
21.25,70.75,Visavadar Taluka,Gujarat,0,0,0,0.1,0.08,1.45,4.68,6.48,5.28,0.55,1.31,0
21.25,71,Dhari Taluka,Gujarat,0.01,0,0,0.17,0.24,0.74,3.44,5.34,4.93,0.3,1.02,0
21.25,71.25,Khambha Taluka,Gujarat,0.12,0,0,0,0.68,0.69,5.51,4.33,3.98,0.98,0.61,0
21.25,71.5,Savar Kundla Taluka,Gujarat,0.11,0,0,0,0.25,0.6,5.36,4.73,3.07,0.49,0.15,0
21.25,71.75,Mahuva Taluka,Gujarat,0.06,0,0,0,0,0.36,6.25,4.11,1.99,0.13,0,0
21.25,72,Talaja Taluka,Gujarat,0,0,0,0,0,0.71,7.2,3.22,2.7,0.02,0,0
21.25,72.75,Chorasi Taluka,Gujarat,0.42,0.05,0,0,0.01,1.1,14.09,5.27,7.34,0.11,0.01,0
21.25,73,Kamrej Taluka,Gujarat,0.34,0,0,0,0,0.96,15.77,7.82,6.88,0.23,0.07,0
21.25,73.25,Mandvi Taluka,Gujarat,0,0,0,0,0,0.94,12.54,7.58,5.87,0.02,0.08,0
21.25,73.5,Songadh Taluka,Gujarat,0.04,0.01,0.05,0,0,0.75,9.18,8.46,5.9,0.04,0.33,0
21.25,73.75,Uchchhal Taluka,Gujarat,0.17,0.03,0.19,0,0,0.2,10.3,5.67,7.2,0.76,0.48,0
21.5,69.75,Porbandar Taluka,Gujarat,0,0.03,0,0,0,2.6,6.6,12.56,7.71,0.37,0,0
21.5,70,Manavadar Taluka,Gujarat,0,0,0,0,0,4.06,10.83,11.87,11.23,0.25,0.08,0
21.5,70.25,Vanthali Taluka,Gujarat,0,0,0,0,0,7.12,9.41,12.82,10.01,0.22,1.27,0
21.5,70.5,Junagadh Taluka,Gujarat,0,0,0,0,0,1.49,5.67,11.69,10.58,0.12,0.97,0
21.5,70.75,Bhesan Taluka,Gujarat,0,0,0,0.05,0.15,0.38,3.95,6.64,3.96,0.42,0.93,0
21.5,71,Amreli Taluka,Gujarat,0,0,0,0.06,0.13,0.35,4.8,5.94,3.69,0.38,0.89,0
21.5,71.25,Amreli Taluka,Gujarat,0.01,0,0,0,0.04,0.06,7.3,5.01,4.26,0.1,0.64,0
21.5,71.5,Gariadhar Taluka,Gujarat,0,0,0,0,0,0.06,5.77,3.12,2.84,0,0.01,0
21.5,71.75,Palitana Taluka,Gujarat,0,0,0,0,0,0.07,6.73,3.28,1.35,0,0,0
21.5,72,Sihor Taluka,Gujarat,0.04,0,0,0,0,0.24,7.91,3.69,2.4,0.03,0,0
21.5,72.5,Bharūch,Gujarat,0.1,0,0,0,0,1.93,11.29,3.78,5.62,0,0,0
21.5,72.75,Hansot Taluka,Gujarat,0.09,0,0,0,0,1.72,14.13,5.49,6.81,0,0,0
21.5,73,Mangrol Taluka,Gujarat,0.46,0,0,0,0,2.59,16.52,7.76,13.95,0.25,0.02,0
21.5,73.25,Valia Taluka,Gujarat,0.2,0,0,0,0,1.52,13.52,6.74,9.57,0.11,0.04,0
21.5,73.5,Dediapada Taluka,Gujarat,0,0,0,0,0,0.63,12.13,4.75,5.26,0.08,0.03,0
21.5,73.75,Sagbara Taluka,Gujarat,0,0,0,0,0,0.5,19.78,14.5,6.53,0.61,0.01,0
21.5,74,Kukarmunda Taluka,Gujarat,0.22,0.09,0.14,0,0,0.49,9.59,6.05,3.68,0.59,0.22,0.07
21.5,74.25,Nizar Taluka,Gujarat,0.18,0.13,0.22,0,0,0.67,7.82,3.47,4.05,0.34,0.32,0.12
21.75,69.5,Porbandar Taluka,Gujarat,0,0.03,0,0,0,2,5.42,11.4,7.06,0.47,0,0
21.75,69.75,Ranavav Taluka,Gujarat,0,0.01,0,0,0,2.12,6.17,13.08,7.17,0.58,0,0
21.75,70,Kutiyana Taluka,Gujarat,0,0,0,0,0,3.75,9.62,12.59,9.13,0.36,0,0
21.75,70.25,Upleta Taluka,Gujarat,0,0,0,0,0,4.77,6.34,13.02,7.12,0.47,0.03,0
21.75,70.5,Dhoraji Taluka,Gujarat,0,0,0,0,0,1.29,4.24,9.27,4.02,0.53,0.03,0
21.75,70.75,Jetpur Taluka,Gujarat,0,0,0,0,0.04,1.21,5.88,7.47,3.21,0.63,0.17,0
21.75,71,Gondal Taluka,Gujarat,0.01,0,0,0,0.06,0.4,8.74,5.38,3.39,0.37,0.35,0
21.75,71.25,Babra Taluka,Gujarat,0,0,0,0,0,0.32,9.86,5.47,4.02,0.02,0.14,0
21.75,71.5,Lathi Taluka,Gujarat,0,0,0,0,0,0.15,7.89,4.59,3.62,0,0.12,0
21.75,71.75,Sihor Taluka,Gujarat,0,0,0,0,0,0.42,8.59,3.08,3.48,0.2,0.25,0
21.75,72,Bhavnagar Taluka,Gujarat,0.13,0,0,0,0,0.3,9.04,4.47,3.24,0.05,0.02,0
21.75,72.25,Bhavnagar,Gujarat,0.09,0,0,0,0,0.31,7.56,4.98,4.33,0.01,0,0
21.75,72.5,Bharūch,Gujarat,0,0,0,0,0,0.73,9.11,4.91,5.06,0,0,0
21.75,72.75,Vagra Taluka,Gujarat,0,0,0,0,0,0.97,10.96,5.06,4.97,0,0,0
21.75,73,Bharuch Taluka,Gujarat,0,0,0,0,0,0.89,11.98,6.2,6.35,0,0,0
21.75,73.25,Jhagadiya Taluka,Gujarat,0.01,0,0,0,0,0.45,10.58,4.08,5.4,0.01,0,0
21.75,73.5,Nandod Taluka,Gujarat,0,0,0,0,0,0.5,12.54,3.39,5.72,0.08,0,0
21.75,73.75,Dediapada Taluka,Gujarat,0,0,0,0,0.02,0.29,14.27,8.71,5.74,0.13,0.04,0
22,69.25,Kalyanpur Taluka,Gujarat,0,0,0,0,0,0.93,5.89,8.26,4.84,0.04,0,0
22,69.5,Kalyanpur Taluka,Gujarat,0,0,0,0,0,1.03,6.21,7.94,5.43,0.3,0,0
22,69.75,Bhanvad Taluka,Gujarat,0,0,0,0,0,0.3,6.17,7.38,6.67,1.03,0,0
22,70,Jamjodhpur Taluka,Gujarat,0,0,0,0,0,0.74,4.72,5.6,4.56,0.48,0.02,0
22,70.25,Jamjodhpur Taluka,Gujarat,0,0,0,0,0.17,1.39,5.08,8.34,4.16,0.2,0.13,0
22,70.5,Jam Kandoma Taluka,Gujarat,0,0,0,0,1,0.61,5.53,6.51,3.08,0.84,0.02,0
22,70.75,Gondal Taluka,Gujarat,0,0,0,0,0.07,1.58,8.35,6.14,2.79,0.74,0.01,0
22,71,Gondal Taluka,Gujarat,0,0,0,0,0,0.79,7.45,3.73,2.72,0.17,0.02,0
22,71.25,Babra Taluka,Gujarat,0,0,0,0,0,0.55,7.82,3.65,3.12,0,0.07,0
22,71.5,Gadhada Taluka,Gujarat,0,0,0,0,0,0.84,7.19,3.73,4.98,0.06,0.34,0
22,71.75,Vallabhipur Taluka,Gujarat,0,0,0,0,0,0.51,11.3,3.71,4.08,0.14,0.27,0
22,72,Vallabhipur Taluka,Gujarat,0.05,0,0,0,0,0.35,12.94,4.14,3.31,0.09,0.13,0
22,72.25,Dholera Taluka,Gujarat,0.28,0,0,0,0.05,0.19,11.44,4.94,6.31,0,0,0
22,72.5,Bharūch,Gujarat,0.24,0,0,0,0.07,0.15,12.46,3.39,6.35,0,0,0
22,72.75,Jambusar Taluka,Gujarat,0,0,0,0,0,0.22,8.85,2.35,2.14,0,0,0
22,73,Amod Taluka,Gujarat,0.91,0,0,0,0,0.8,9.61,2.95,7.74,0,0,0
22,73.25,Karjan Taluka,Gujarat,0.21,0,0,0,0,0.18,10.02,2.57,5.56,0.01,0,0
22,73.5,Dabhoi Taluka,Gujarat,0.47,0,0,0,0,0.22,14.66,4.04,8.59,0.36,0,0
22,73.75,Nasvadi Taluka,Gujarat,0.64,0,0.01,0,0.01,0.12,14.82,6.05,8.46,0.3,0,0
22,74,Kavant Taluka,Gujarat,0.4,0,0.04,0,0.01,0.07,11.32,5.79,5.77,0.14,0.13,0
22.25,69,Okhamandal Taluka,Gujarat,0,0,0,0,0,0.3,3.4,16.31,6.99,0,0.01,0
22.25,69.25,Kalyanpur Taluka,Gujarat,0,0,0,0,0,0.72,5.32,9.36,6.2,0.02,0,0
22.25,69.5,Khambhalia Taluka,Gujarat,0,0,0,0,0,0.54,5.2,6.47,4.5,0.23,0,0
22.25,69.75,Khambhalia Taluka,Gujarat,0,0,0,0,0,0.09,3.71,3.81,2.55,0.15,0,0
22.25,70,Lalpur Taluka,Gujarat,0,0,0,0,0,0.02,3.23,2.98,2.04,0.02,0.02,0
22.25,70.25,Kalavad Taluka,Gujarat,0,0,0,0,0.14,0,4.77,7.01,3.23,0.08,0.22,0
22.25,70.5,Kalavad Taluka,Gujarat,0,0,0,0.04,1.06,0.04,5.15,5.78,3.12,0.61,0.18,0
22.25,70.75,Rajkot South Taluka,Gujarat,0,0,0,0.17,0.73,0.29,5.65,5.27,3.4,0.58,0.41,0
22.25,71,Rajkot Taluka,Gujarat,0,0,0,0.04,0.13,0.6,6.14,3.5,3.02,0.2,0.1,0
22.25,71.25,Vinchhiya Taluka,Gujarat,0,0,0,0,0,0.5,6.57,3.06,3.52,0.43,0.18,0
22.25,71.5,Botad Taluka,Gujarat,0,0,0,0.01,0,0.79,6.83,3.27,5.52,0,0.42,0
22.25,71.75,Ranpur Taluka,Gujarat,0,0,0,0.03,0.07,0.33,11.46,4.09,4.45,0,0.35,0
22.25,72,Dhandhuka Taluka,Gujarat,0,0,0,0.06,0.13,0.14,13.2,4.08,4.3,0,0.06,0
22.25,72.25,Dholera Taluka,Gujarat,0.39,0,0,0.03,0.16,0.04,16.53,4,9.62,0.02,0.02,0
22.25,72.75,Khambhat Taluka,Gujarat,0.08,0,0,0,0,0.1,16.02,5.45,8.87,0.24,0,0
22.25,73,Padra Taluka,Gujarat,0.49,0,0,0,0,0.08,13.69,3.66,5.02,0,0.02,0
22.25,73.25,Vadodara Rural Taluka,Gujarat,0.95,0.02,0,0,0.01,0.26,13.87,3.85,10.11,0.03,0.29,0
22.25,73.5,Vagodhia Taluka,Gujarat,1.26,0,0,0,0,0.07,17.51,5.94,12.35,0.75,0,0
22.25,73.75,Bodeli Taluka,Gujarat,0.66,0.03,0,0,0,0.17,13.99,6.04,10.58,0.31,0,0
22.25,74,Chhota Udaipur Taluka,Gujarat,0.45,0.02,0.11,0,0,0.16,11.59,5.53,9.64,0.06,0,0
22.5,69.5,Jamnagar,Gujarat,0,0,0,0,0,0.3,5.96,7.54,5.83,0.08,0,0
22.5,69.75,Jamnagar,Gujarat,0,0,0,0,0,0.12,4.82,5.77,3.85,0.06,0,0
22.5,70,Jamnagar Taluka,Gujarat,0,0,0,0,0,0.07,4.05,6.32,1.44,0,0,0
22.5,70.25,Jamnagar Taluka,Gujarat,0,0,0,0,0,0.18,9.63,4.34,2.25,0,0.02,0
22.5,70.5,Dhrol Taluka,Gujarat,0,0,0,0.05,0.15,0.14,8.56,4.13,2.56,0.11,0.13,0
22.5,70.75,Tankara Taluka,Gujarat,0,0,0,0.07,0.22,0.76,5.37,3.63,3.59,0.26,0.17,0
22.5,71,Wankaner Taluka,Gujarat,0,0,0,0.03,0.09,0.71,5.84,3.86,3.57,0.77,0.27,0
22.5,71.25,Chotila Taluka,Gujarat,0,0,0,0,0,0.43,7.88,4.5,4.02,1.57,0.53,0
22.5,71.5,Sayla Taluka,Gujarat,0,0,0,0.08,0,0.17,8.84,1.63,7.2,0,0.05,0
22.5,71.75,Chuda Taluka,Gujarat,0,0,0,0.08,0.01,0.3,6.58,0.96,4.91,0,0.07,0
22.5,72,Dhandhuka Taluka,Gujarat,0.07,0,0,0.07,0.12,0.13,11.81,3.32,5.62,0,0.06,0
22.5,72.25,Dholka Taluka,Gujarat,0.31,0,0,0.05,0.07,0.11,16.57,3.9,8.66,0.01,0.2,0
22.5,72.5,Tarapur Taluka,Gujarat,0.28,0,0,0,0.1,0.06,14.37,3.58,9.02,0.17,0.02,0
22.5,72.75,Petlad Taluka,Gujarat,0.27,0,0,0,0,0.14,13.89,4.89,10.45,0.21,0,0
22.5,73,Anand Rural Taluka,Gujarat,0.4,0,0,0,0,0,16.5,6.88,14.94,0.05,0.01,0
22.5,73.25,Savli Taluka,Gujarat,0.95,0,0,0,0,0.01,11.22,7.19,15.76,0,0,0
22.5,73.5,Halol Taluka,Gujarat,0.09,0,0,0,0,0.13,13.56,9.12,13.2,0.21,0,0
22.5,73.75,Jetpur Pavi Taluka,Gujarat,0.22,0.36,0,0,0,0.23,14.25,5.52,11.83,0.08,0,0
22.5,74,Chhota Udaipur Taluka,Gujarat,0.39,0.05,0.12,0,0,0.12,8.64,5.23,6.51,0.04,0,0
22.75,69.75,Jamnagar,Gujarat,0,0,0,0,0,0.01,5.56,5.42,5.6,0,0,0
22.75,70,Jamnagar,Gujarat,0,0,0,0,0,0.24,8.14,6.2,1.82,0,0,0
22.75,70.25,Jamnagar,Gujarat,0,0,0,0,0,0.61,14.47,6.56,1.95,0,0,0
22.75,70.5,Jodiya Taluka,Gujarat,0,0,0,0,0,0.87,10.59,4.45,2.35,0,0,0
22.75,70.75,Morbi Taluka,Gujarat,0,0,0,0,0,2.74,5.93,3.86,3.07,0.02,0,0
22.75,71,Wankaner Taluka,Gujarat,0,0,0,0.11,0,2.35,6.01,3.46,3.63,0.18,0.04,0
22.75,71.25,Muli Taluka,Gujarat,0,0,0,0.24,0,2.61,7.82,3.45,4.49,0.38,0.13,0
22.75,71.5,Muli Taluka,Gujarat,0,0,0,0.15,0,0.14,11.53,1.6,7.51,0.03,0,0
22.75,71.75,Wadhwan Taluka,Gujarat,0,0,0,0.45,0,0.88,14.07,2.53,7.17,0.4,0,0
22.75,72,Limbdi Taluka,Gujarat,0.01,0,0,0.44,0.03,0.48,10.27,2.5,6.83,0.18,0.09,0
22.75,72.25,Bavla Taluka,Gujarat,0.17,0,0,0.2,0.14,0.17,15.69,3.99,7.05,0,0.66,0
22.75,72.5,Dholka Taluka,Gujarat,0.3,0,0,0.09,0.09,0.32,14.02,5.34,6.79,0,0.26,0
22.75,72.75,Matar Taluka,Gujarat,0.99,0,0,0,0,0.01,12.26,7.93,11.47,0,0,0
22.75,73,Nadiad Taluka,Gujarat,0.26,0,0,0,0,0,9.89,3.99,11.39,0,0,0
22.75,73.25,Thasra Taluka,Gujarat,0.97,0,0,0,0,0,8.78,4.15,12.09,0,0,0
22.75,73.5,Godhra Taluka,Gujarat,0.38,0,0,0,0,0,9.13,4.52,13.91,0,0,0
22.75,73.75,Ghoghamba Taluka,Gujarat,0.57,0.1,0,0,0,0.04,8.52,4.54,9.52,0,0,0
22.75,74,Limkheda Taluka,Gujarat,0.53,0,0,0,0,0.01,6.12,4.77,5.98,0.11,0,0
22.75,74.25,Dahod Taluka,Gujarat,0.24,0,0.08,0,0,0.11,7.64,6.99,6.92,0.55,0,0
23,69,Abdasa Taluka,Gujarat,0,0,0,0,0,0.27,2.77,3.57,2.74,0.04,0.07,0
23,69.25,Mandvi Taluka,Gujarat,0,0,0,0,0,0.1,5.87,4.86,3.93,0.04,0.01,0
23,69.5,Mandvi Taluka,Gujarat,0,0,0,0,0,0.09,6.15,4.98,4.47,0.02,0,0
23,69.75,Mundra Taluka,Gujarat,0,0,0,0,0,0.06,5.04,4.59,4.98,0,0,0
23,70,Anjar Taluka,Gujarat,0,0,0,0,0,0.01,4.29,4.4,2.96,0,0,0
23,70.25,Unknown,Gujarat,0,0,0,0,0,0.03,5.24,4.93,1.76,0,0,0
23,70.5,Unknown,Gujarat,0,0,0,0,0,0.44,8.29,2.27,3.08,0,0,0
23,70.75,Maliya Taluka,Gujarat,0,0,0,0,0,1.46,7.03,2.86,3.25,0.01,0,0
23,71,Halvad Taluka,Gujarat,0,0,0,0.11,0,1.97,5.48,3.12,3.96,0,0,0
23,71.25,Halvad Taluka,Gujarat,0,0,0,0.18,0,1.95,6.67,3.35,5.46,0,0,0
23,71.5,Dhrangadhra Taluka,Gujarat,0,0,0,0.05,0,0.29,8.87,3.46,7.87,0.09,0,0
23,71.75,Dasada Taluka,Gujarat,0,0,0,0.46,0,0.9,12.15,2.8,7.21,0.36,0,0
23,72,Lakhtar Taluka,Gujarat,0.01,0,0,0.65,0,0.11,9.09,3.08,9.4,0,0.17,0
23,72.25,Sanand Taluka,Gujarat,0.09,0,0,0.32,0,0.7,18.02,2.52,6.99,0,1.11,0
23,72.5,Vejalpur Taluka,Gujarat,0.16,0,0,0.4,0.01,0.17,18.56,3.23,6.53,0.03,0.2,0
23,72.75,Daskroi Taluka,Gujarat,0.27,0,0,0.03,0,0.37,10.9,4.17,7.47,0.05,0,0
23,73,Kapadvanj Taluka,Gujarat,0.87,0,0,0,0,0,7.48,3.26,9.52,0,0,0
23,73.25,Kapadvanj Taluka,Gujarat,0.88,0,0,0,0,0,6.79,2.89,10.73,0,0,0
23,73.5,Lunavada Taluka,Gujarat,0.38,0,0,0,0,0,7.75,5.23,14.21,0,0,0
23,73.75,Shehera Taluka,Gujarat,0.64,0,0,0,0,0,6.45,4.46,9.7,0,0,0
23,74,Singvad Taluka,Gujarat,1.04,0.01,0,0,0,0,5.34,4.95,7.84,0.22,0,0
23,74.25,Jhalod Taluka,Gujarat,0.89,0.13,0,0,0,0,8.17,6.77,8.18,0.5,0,0
23.25,68.75,Abdasa Taluka,Gujarat,0,0,0,0,0,0.32,1.7,1.37,1.84,0.01,0.16,0
23.25,69,Abdasa Taluka,Gujarat,0,0,0,0,0,0.31,1.91,2.31,1.92,0.04,0.1,0
23.25,69.25,Nakhatrana Taluka,Gujarat,0,0,0,0,0,0.37,1.33,4.43,2.18,0.09,0.01,0
23.25,69.5,Bhuj Taluka,Gujarat,0,0,0,0,0,0.32,2.94,3.59,2.27,0.05,0,0
23.25,69.75,Bhuj Taluka,Gujarat,0,0,0,0,0,0.36,2.96,2.13,1.32,0.03,0,0
23.25,70,Bhuj Taluka,Gujarat,0,0,0,0,0,0.08,3.73,3.69,3.25,0,0,0
23.25,70.25,Bhachau Taluka,Gujarat,0,0,0,0,0,0,3.83,4.18,2.44,0,0,0
23.25,70.5,Bhachau Taluka,Gujarat,0,0,0,0,0.15,0,6.92,2.31,2.87,0.04,0,0
23.25,70.75,Unknown,Gujarat,0,0,0,0,0.29,0.3,5.91,2.19,2.95,0.08,0,0
23.25,71,Unknown,Gujarat,0,0,0,0.07,0,1.02,5.62,2.84,4.62,0,0,0
23.25,71.25,Unknown,Gujarat,0,0,0,0.09,0,1.28,5.51,2.96,4.78,0,0,0
23.25,71.5,Unknown,Gujarat,0,0,0,0,0,0.47,5.18,2.51,5.83,0.05,0,0
23.25,71.75,Dasada Taluka,Gujarat,0,0,0,0.05,0,0.19,4.63,1.4,6.06,0,0,0
23.25,72,Mandal Taluka,Gujarat,0,0,0,0.27,0,0.03,6.91,2.31,8.95,0,0,0
23.25,72.25,Kadi Taluka,Gujarat,0,0,0,0.01,0,0.12,16.68,3.16,9.49,0,0,0
23.25,72.5,Kalol Taluka,Gujarat,0.08,0,0,0.39,0,0.02,12.67,6.36,8.91,0,0,0
23.25,72.75,Gandhinagar Taluka,Gujarat,0.04,0,0,0.49,0,0.11,8.69,3.56,9.38,0.02,0,0
23.25,73,Bayad Taluka,Gujarat,1.33,0,0,0,0,0,8.82,4.03,11.77,0,0,0
23.25,73.25,Bayad Taluka,Gujarat,1.4,0,0,0,0,0,8.18,3.96,10.84,0,0,0
23.25,73.5,Virpur Taluka,Gujarat,0.65,0,0,0,0,0,6.66,3.9,12.44,0.01,0,0
23.25,73.75,Kadana Taluka,Gujarat,0.62,0.02,0,0,0,0,7.19,3.33,15.98,0.05,0,0
23.25,74,Fatehpura Taluka,Gujarat,2.42,0.25,0,0.07,0,0,3.95,4.8,10.99,0,0,0
23.5,68.5,Lakhpat Taluka,Gujarat,0,0,0,0,0,0.18,1.53,1.55,1.89,0.09,0.08,0
23.5,68.75,Abdasa Taluka,Gujarat,0,0,0,0,0,0.21,1.57,1.54,1.87,0.08,0.09,0
23.5,69,Nakhatrana Taluka,Gujarat,0,0,0,0,0,0.28,1.35,2.86,1.98,0.09,0.05,0
23.5,69.25,Nakhatrana Taluka,Gujarat,0,0,0,0,0,0.38,1.15,4.14,2.06,0.08,0.01,0
23.5,69.5,Nakhatrana Taluka,Gujarat,0,0,0,0,0,0.34,1.93,4.09,2.33,0.07,0,0
23.5,69.75,Bhuj Taluka,Gujarat,0,0,0,0,0,0.22,3.16,3.13,2.41,0.02,0,0
23.5,70,Bhuj Taluka,Gujarat,0,0,0,0,0,0.1,3.6,3.57,2.61,0.01,0,0
23.5,70.25,Unknown,Gujarat,0,0,0,0,0.32,0,3.07,3.59,2.46,0.09,0,0
23.5,70.5,Bhachau Taluka,Gujarat,0,0,0,0,0.87,0,1.9,2.53,2,0.24,0,0
23.5,70.75,Rapar Taluka,Gujarat,0,0,0,0,0.68,0.02,2.78,2.59,2.23,0.19,0,0
23.5,71,Rapar Taluka,Gujarat,0,0,0,0.04,0.34,0.59,4.36,2.46,3.1,0.09,0,0
23.5,71.25,Unknown,Gujarat,0,0,0,0.18,0.02,0.26,3.97,3.01,5.52,0.02,0,0
23.5,71.5,Unknown,Gujarat,0,0,0,0.25,0.03,0.15,3.75,2.56,6.12,0.02,0,0
23.5,71.75,Shankheswar Taluka,Gujarat,0,0,0,0.12,0.03,0.14,4.43,1.73,8.75,0.02,0,0
23.5,72,Becharaji Taluka,Gujarat,0.01,0,0,0.01,0,0.4,4.3,1.78,13.53,0.02,0,0
23.5,72.25,Jotana Taluka,Gujarat,0,0,0,0.01,0,0.36,12.22,2.22,9.53,0,0,0
23.5,72.5,Mahesana Taluka,Gujarat,0,0,0,0,0,0.03,11.05,4.28,10.14,0,0,0
23.5,72.75,Mansa Taluka,Gujarat,0.35,0,0,0,0,0,10.53,4.29,14.94,0,0,0
23.5,73,Prantij Taluka,Gujarat,1.03,0,0,0,0,0,10.17,5.65,13.86,0,0,0
23.5,73.25,Modasa Taluka,Gujarat,1.63,0,0,0,0,0,11.54,6.95,9.89,0,0,0
23.5,73.5,Meghraj Taluka,Gujarat,1.73,0.07,0,0.01,0,0,8.05,8.13,8.69,0,0,0
23.75,68.25,Unknown,Gujarat,0,0,0,0,0,0.07,1.44,1.37,1.89,0.15,0.03,0
23.75,68.5,Unknown,Gujarat,0,0,0,0,0,0.05,1.41,1.4,1.9,0.17,0.02,0
23.75,68.75,Lakhpat Taluka,Gujarat,0,0,0,0,0,0,1.39,1.3,1.9,0.19,0,0
23.75,69,Lakhpat Taluka,Gujarat,0,0,0,0,0,0.1,1.38,1.76,1.92,0.15,0.02,0
23.75,69.25,Bhuj Taluka,Gujarat,0,0,0,0,0,0.25,1.32,2.87,1.97,0.11,0.03,0
23.75,69.5,Bhuj Taluka,Gujarat,0,0,0,0,0,0.29,1.91,3.16,1.94,0.08,0,0
23.75,69.75,Bhuj Taluka,Gujarat,0,0,0,0,0,0.27,2.69,3.52,2.17,0.04,0,0
23.75,70,Unknown,Gujarat,0,0,0,0,0.25,0.11,3.04,3.08,2.17,0.08,0,0
23.75,70.25,Unknown,Gujarat,0,0,0,0,0.54,0,2.56,3.2,2.39,0.15,0,0
23.75,70.5,Rapar Taluka,Gujarat,0,0,0,0,0.74,0,2.42,2.65,2.13,0.2,0,0
23.75,70.75,Rapar Taluka,Gujarat,0,0,0,0,0.68,0.03,2.78,2.59,2.23,0.19,0,0
23.75,71,Unknown,Gujarat,0,0,0,0.13,0.5,0.08,2.39,2.84,3.81,0.14,0,0
23.75,71.25,Santalpur Taluka,Gujarat,0,0,0,0.28,0.02,0,3.21,3.17,7.49,0.01,0,0
23.75,71.5,Radhanpur Taluka,Gujarat,0,0,0,0.37,0.01,0,2.59,3.65,7.37,0.01,0,0
23.75,71.75,Sami Taluka,Gujarat,0,0,0,0.21,0.04,0.01,4.57,2.09,6.13,0.03,0,0
23.75,72,Patan Taluka,Gujarat,0.05,0,0,0,0,0.78,5.53,2.88,9.05,0.12,0,0
23.75,72.25,Patan Taluka,Gujarat,0,0,0,0,0,0.59,12.36,5.92,16.19,0,0,0
23.75,72.5,Visnagar Taluka,Gujarat,0,0,0,0,0,0.01,4.87,4.34,10.35,0,0,0
23.75,72.75,Vijapur Taluka,Gujarat,0.16,0,0,0,0.11,0.04,8.69,5.04,17.48,0,0,0
23.75,73,Idar Taluka,Gujarat,0.25,0,0,0,0.11,0.04,10.58,6.31,19.21,0,0,0
23.75,73.25,Bhiloda Taluka,Gujarat,0.48,0,0,0,0,0.25,11.52,8.58,16.24,0.14,0,0
24,69,Unknown,Gujarat,0,0,0,0,0,0.07,1.37,1.63,1.92,0.17,0.01,0
24,69.25,Unknown,Gujarat,0,0,0,0,0,0.15,1.37,2.21,1.93,0.14,0.02,0
24,69.5,Unknown,Gujarat,0,0,0,0,0,0.22,1.6,2.87,1.99,0.12,0,0
24,69.75,Unknown,Gujarat,0,0,0,0,0,0.27,2.61,3.57,2.12,0.04,0,0
24,70,Unknown,Gujarat,0,0,0,0,0.37,0.07,2.83,3.08,2.19,0.11,0,0
24,70.25,Unknown,Gujarat,0,0,0,0,0.58,0.03,2.43,2.97,2.14,0.16,0,0
24,70.5,Unknown,Gujarat,0,0,0,0,0.66,0,2.66,2.77,2.19,0.18,0,0
24,70.75,Unknown,Gujarat,0,0,0,0.06,0.6,0,1.85,2.59,3.21,0.17,0,0
24,71,Unknown,Gujarat,0,0,0,0.11,0.32,0,1.78,2.3,4.42,0.09,0,0
24,71.25,Unknown,Gujarat,0,0,0,0.18,0,0,2.19,2.76,7.18,0,0,0
24,71.5,Bhabhar Taluka,Gujarat,0,0,0,0.2,0,0,2.64,3.13,8.1,0,0,0
24,71.75,Kankrej Taluka,Gujarat,0,0,0,0.03,0,0.04,3.46,3.04,10.43,0,0,0
24,72,Kankrej Taluka,Gujarat,0.01,0,0,0,0.15,0.87,7.13,4.04,14.57,0.02,0,0
24,72.25,Sidhpur Taluka,Gujarat,0,0,0,0,0.08,0.41,8.73,4.77,17.42,0,0,0
24,72.5,Vadgam Taluka,Gujarat,0,0,0,0,0.02,0.26,6.33,3.58,12.99,0,0,0
24,72.75,Satlasana Taluka,Gujarat,0.04,0,0,0,0.02,0,9.9,3.7,11.79,0.02,0,0
24,73,Vadali Taluka,Gujarat,0.26,0.01,0,0,0.04,0.06,9.85,3.6,11.22,0.08,0,0
24,73.25,Vijayanagar Taluka,Gujarat,0.54,0.13,0,0,0.22,0.78,7.65,7.4,11.12,0.44,0,0
24.25,69.25,Unknown,Gujarat,0,0,0,0,0,0.09,1.35,1.88,1.93,0.16,0.01,0
24.25,69.5,Unknown,Gujarat,0,0,0,0,0,0.17,1.51,2.38,1.88,0.13,0,0
24.25,70.25,Unknown,Gujarat,0,0,0,0,0.68,0.02,2.19,2.85,2.06,0.19,0,0
24.25,70.5,Unknown,Gujarat,0,0,0,0,0.61,0,1.99,2.49,2.46,0.17,0,0
24.25,71,Unknown,Gujarat,0,0,0,0.06,0,0,1.83,1.66,5.72,0,0,0
24.25,71.25,Unknown,Gujarat,0,0,0,0.03,0,0,1.78,1.39,5.31,0,0,0
24.25,71.5,Vav Taluka,Gujarat,0,0,0,0.01,0,0,1.54,1.13,5,0,0,0
24.25,71.75,Deodar Taluka,Gujarat,0.29,0,0,0,0.06,0,2.99,2.03,7.68,0,0,0
24.25,72,Deesa Taluka,Gujarat,0.4,0,0,0,0.45,0.03,4.96,2.29,14.54,0,0,0
24.25,72.25,Deesa Taluka,Gujarat,0,0,0,0,0.34,0.06,5.07,3.12,15.76,0,0,0
24.25,72.5,Palanpur Taluka,Gujarat,0,0,0,0,0.11,0.24,7.65,3.6,13.71,0.01,0,0
24.25,72.75,Amirgadh Taluka,Gujarat,0.01,0,0,0,0,0.06,8.66,4.18,11.11,0.01,0,0
24.25,73,Danta Taluka,Gujarat,0.31,0.03,0,1.36,0.05,0.06,9.53,6.04,7.65,0,0,0
24.5,71.25,Unknown,Gujarat,0,0,0,0,0,0,2.02,1.14,4.42,0,0,0
24.5,71.5,Vav Taluka,Gujarat,0.03,0,0,0,0.01,0,1.68,1,4.41,0,0,0
24.5,71.75,Tharad Taluka,Gujarat,0.7,0,0,0,0.14,0,3.67,1.3,4.19,0,0,0
24.5,72,Dhanera Taluka,Gujarat,1.35,0,0,0,0.29,0.02,4.99,1.53,5.36,0,0,0
24.5,72.25,Dhanera Taluka,Gujarat,0.08,0,0,0.02,0.08,0.06,6.1,3.24,9.54,0,0,0
27.75,77,Ferozepur Jhirka,Haryana,0.32,0.14,0.36,0.02,0.01,0.42,1.8,4.12,2.84,0,0,0
28,76,Narnaul,Haryana,0.14,0.66,1.28,0.7,0.61,5.61,2.5,1.66,1.7,1.18,0,0
28,77,Nuh,Haryana,0.22,0.84,0.74,0.01,0.25,1.25,4.69,1.74,2.83,0,0,0.14
28,77.25,Hathin,Haryana,0.54,0.64,0.88,0.06,0.22,0.52,2.19,0.74,2.15,0,0,0.11
28,77.5,Hassanpur,Haryana,1.64,0.39,0.68,0.18,0.17,0.7,1.36,0.73,1.34,0.51,0,0.39
28.25,76.25,Mahendragarh,Haryana,0.15,0.34,1.76,0.13,0.23,1.31,1.77,0.64,1.51,0.03,0,0.33
28.25,76.5,Rewari,Haryana,0.08,0.27,1.69,0.17,0.28,1.88,3.02,1.31,2.09,0.05,0,0.29
28.25,76.75,Pataudi,Haryana,0.15,0.49,0.62,0.02,0.24,0.89,5.02,0.88,1.56,0.16,0,0.11
28.25,77,Taoru,Haryana,0.23,0.54,1.5,0.16,0.64,0.54,3.56,0.66,0.88,0.07,0,0.14
28.25,77.25,Palwal,Haryana,0.24,1.22,2.27,0.13,0.73,0.85,4.36,1.19,1.31,0.01,0,0.32
28.25,77.5,Palwal,Haryana,1.38,0.51,1.08,0.17,0.31,0.59,1.13,1.19,1.23,0.02,0,0.13
28.5,75.75,Loharu,Haryana,0.05,0.3,0.9,0.61,1.86,2.08,2.8,1.3,1.45,0.8,0,0.02
28.5,76,Badhra,Haryana,0.13,0.55,0.86,0.36,0.62,1.35,2.85,1.34,2.02,0.48,0,0.16
28.5,76.25,Dadri,Haryana,0.07,0.56,1.2,0.2,0.6,1.43,2.81,0.93,1.8,0.54,0,0.18
28.5,76.5,Matenhail,Haryana,0.21,0.35,1.69,0.25,0.16,0.81,2.18,0.47,1.4,0.09,0,0.14
28.5,76.75,Jhajjar,Haryana,0.32,0.49,1.45,0.38,0.43,0.34,2.46,0.95,1.69,0.06,0,0.08
28.5,77,Gurgaon,Haryana,0.37,1.48,1.26,0.29,1.43,1.12,5.06,3.94,3.03,0.02,0,0.5
28.75,75.75,Tosham,Haryana,0.22,0.32,0.9,0.48,1.05,1.21,1.22,1.16,1.47,0.43,0,0.25
28.75,76,Bhiwani,Haryana,0.22,0.48,1.01,0.49,1.11,1.56,1.43,1.2,1.78,0.33,0,0.49
28.75,76.25,Bhiwani,Haryana,0.13,0.44,0.83,0.29,0.86,1.19,2.01,1.2,1.62,0.54,0,0.26
28.75,76.5,Kalanaur,Haryana,0.19,0.17,0.78,0.32,0.33,0.39,0.94,0.91,0.89,0.01,0,0.1
28.75,76.75,Bahadurgarh,Haryana,0.34,0.6,1.2,0.35,0.62,1.36,3.52,1.49,2.01,0.02,0,0.15
29,75.75,Hisar,Haryana,0.28,0.19,0.74,0.33,0.68,0.85,1.06,0.78,1.18,0.17,0,0.11
29,76,Bawani Khera,Haryana,0.21,0.25,1.03,0.33,0.95,0.94,1.25,1.33,1.39,0.27,0,0.23
29,76.25,Maham,Haryana,0.18,0.35,1.9,0.12,1.51,0.69,1.86,2.06,2.26,0.44,0,0.25
29,76.5,Lakhan Majra,Haryana,0.27,0.52,1.13,0.08,0.51,0.31,0.67,0.77,1.9,0.12,0,0.31
29,76.75,Gohana,Haryana,0.77,1.29,1.17,0.26,0.97,0.53,1.91,0.75,2.44,0,0,0.02
29,77,Sonipat,Haryana,1.23,1.74,1.49,0.27,1.52,2.61,2.33,2.11,3.42,0,0,0.12
29.25,75.5,Adampur,Haryana,0.28,0.2,0.84,0.4,0.87,1.36,1.26,1.04,1.6,0.31,0,0.18
29.25,75.75,Hisar,Haryana,0.3,0.17,0.85,0.3,0.88,1.01,1.42,0.97,1.45,0.12,0,0.11
29.25,76,Hansi,Haryana,0.26,0.16,1.2,0.08,1.36,0.5,1.84,0.89,1.44,0.1,0,0.1
29.25,76.25,Jind,Haryana,0.36,0.3,1.96,0.12,1.87,0.72,1.89,1.52,2.17,0.3,0,0.1
29.25,76.5,Phillukhera,Haryana,0.21,0.52,1.17,0.06,0.87,0.26,0.55,0.64,2.68,0.07,0,0.03
29.25,76.75,Gohana,Haryana,0.78,1.21,1.62,0.33,0.48,0.28,0.99,0.99,4.65,0.14,0,0.05
29.25,77,Samalkha,Haryana,0.89,1.57,1.52,0.29,0.92,0.34,1.61,1.59,4.73,0.09,0,0.05
29.5,74.75,Ellenabad,Haryana,0.29,0.04,0.37,0.13,1.19,1.71,1.89,0.26,3.1,0.03,0,0
29.5,75,Sirsa,Haryana,0.3,0.03,0.34,0.14,0.44,0.95,2.07,0.13,2.97,0.17,0,0.03
29.5,75.25,Nathusari Chopta,Haryana,0.19,0.06,0.51,0.28,0.21,1,0.55,0.07,0.68,0.59,0,0.41
29.5,75.5,Fatehabad,Haryana,0.31,0.07,0.4,0.25,0.36,1.36,0.38,0.12,0.93,0.47,0,0.33
29.5,75.75,Bhuna,Haryana,0.33,0.12,0.56,0.11,0.87,0.49,1.48,0.73,2.63,0.67,0,0.4
29.5,76,Narwana,Haryana,0.82,0.02,0.69,0,1.31,0.07,2.51,1.16,1.82,0.17,0,0.1
29.5,76.25,Uchana,Haryana,0.97,0.63,0.93,0.03,1.09,0.35,1.44,0.91,2.82,0.09,0,0.08
29.5,76.5,Alewa,Haryana,0.42,1.06,0.83,0.02,0.68,0.32,0.51,0.8,4.23,0.12,0,0.07
29.5,76.75,Assandh,Haryana,1.09,1.24,1.39,0.29,0.93,0.49,1.07,1.53,6.09,0.77,0,0.13
29.5,77,Gharaunda,Haryana,1.43,1.43,1.57,0.38,0.81,0.68,1.64,1.31,5.89,0.87,0,0.14
29.75,74.5,Dabwali,Haryana,0.01,0.48,0.4,0.28,0.79,0.99,1.74,0.45,5.26,0.01,0.29,0
29.75,74.75,Dabwali,Haryana,0.22,0.48,0.71,0.23,1.09,1.52,2.58,0.1,4.31,0.1,0.11,0
29.75,75,Goriwala,Haryana,0.26,0.53,0.59,0.3,0.65,1.29,2.22,0.04,4.07,0.1,0.07,0.05
29.75,75.5,Ratia,Haryana,0.2,0.04,0.26,0.29,0.38,1.7,0.18,0.03,0.86,0.31,0,0.21
29.75,75.75,Jakhal,Haryana,0.3,0.24,0.41,0.27,0.5,0.88,0.56,0.26,2.85,0.93,0,0.76
29.75,76.25,Kalayat,Haryana,1.66,0.17,0.48,0.19,0.44,0.51,0.65,0.2,2.26,1.24,0,0.17
29.75,76.5,Kaithal,Haryana,1.74,0.75,0.68,0.14,0.25,0.88,1.62,0.39,3.65,0.38,0,0.38
29.75,76.75,Nissang,Haryana,1.95,1.59,1.86,0.41,0.76,1.59,2.93,1.31,5.59,1.42,0,1.09
29.75,77,Karnal,Haryana,2.02,1.51,1.81,0.3,0.94,1.63,3.93,1.52,5.7,1.76,0,0.63
30,76.25,Guhla,Haryana,1.52,0.32,0.62,0.46,0.8,1.56,1.29,0.34,3.56,0.6,0.04,0.41
30,76.5,Pehowa,Haryana,1.72,0.61,0.76,0.23,0.23,0.9,1.94,0.3,3.75,0.4,0,0.59
30,76.75,Thanesar,Haryana,1.97,0.82,1,0.32,0.1,0.28,1.24,0.42,1.38,0.07,0,0.17
30,77,Ladwa,Haryana,2.18,1.31,1.76,0.2,0.7,1.64,5.32,1.8,4.26,1.48,0,0.77
30,77.25,Radaur,Haryana,1.95,0.89,1.13,0.24,0.45,0.61,3.05,1.79,2.68,0.87,0,0.78
30.25,76.75,Ambala,Haryana,2.25,1.32,1.42,0.39,0.71,0.69,4.38,2.68,2.68,0.49,0.02,1.22
30.25,77,Barara,Haryana,2,1.21,1.35,0.35,0.61,0.58,4.55,2.98,2.11,0.76,0,0.92
30.25,77.25,Saraswati Nagar,Haryana,1.99,2.03,1.33,0.4,0.64,1.69,9.39,2.94,3.67,0.82,0,1.3
30.25,77.5,Chhachhrauli,Haryana,2.14,2.9,1.52,0.4,0.54,1.19,11.12,7.06,2.78,0.49,0,1.24
30.5,77,Raipur Rani,Haryana,1.96,2.58,2.47,0.82,0.81,1.37,17.3,13.3,4.72,2.09,0,4.12
30.75,77,Kalka,Haryana,1.4,1.98,2.06,0.66,0.95,1.28,7.08,4.95,3.88,0.3,0,2.39
30.5,77.25,Nahan,Himachal Pradesh,2.55,3.55,2.33,1.24,0.9,2.36,14.81,8.8,4.79,1.33,0,3.44
30.5,77.5,Paonta Sahib,Himachal Pradesh,2.32,4.16,2.03,0.54,0.66,1.48,15.08,10.32,2.88,0.42,0,1.56
30.5,77.75,Paonta Sahib,Himachal Pradesh,1.7,5.27,2.35,1.05,0.87,2.08,13.6,9.95,2.75,0.84,0,0.93
30.75,77.25,Pachhad,Himachal Pradesh,2.23,3.06,3.34,2.36,1.58,2.47,11.75,3.09,4.34,0.16,0,3.11
30.75,77.5,Renuka,Himachal Pradesh,2.14,3.43,3.08,1.88,1.51,2.05,11.87,4.45,3.55,0.14,0,2.4
31,76.75,Baddi,Himachal Pradesh,2,3.2,3.1,1.97,2.35,3.71,10.16,5.62,4.63,0.93,0,4.48
31,77,Solan,Himachal Pradesh,2.04,3.7,4.9,2.28,2.14,5.59,13.56,4.12,3.64,0.63,0,3.22
31,77.25,Junga,Himachal Pradesh,1.92,3.6,4.2,2.53,2.15,2.73,9.24,2.64,2.38,0.7,0,1.53
31,77.5,Chaupal,Himachal Pradesh,2.07,5.22,5.5,3.42,3.02,1.07,9.75,1.82,2.6,0.67,0.02,1.63
31,77.75,Nerua,Himachal Pradesh,1.38,4.17,3.64,2.32,2.56,0.74,7.79,2.94,2.32,0.46,0.01,1.26
31.25,76.75,Naina Devi,Himachal Pradesh,2.16,3.83,2.85,2.73,2.38,4.52,8.29,5.15,3.8,1.13,0,5.29
31.25,77,Darlaghat,Himachal Pradesh,1.79,3.98,3.51,2.49,2.6,3.02,11.09,3.99,2.57,0.59,0,3.45
31.25,77.25,Seoni,Himachal Pradesh,2.05,4.17,4.32,2.79,2.54,1.65,8.54,2.58,2.1,0.65,0,1.48
31.25,77.5,Nankhari,Himachal Pradesh,2.09,5.15,5.34,3.41,2.94,1.01,9.21,1.7,2.3,0.64,0.02,1.72
31.25,77.75,Rohru,Himachal Pradesh,1.77,4.75,4.82,2.99,2.61,1.08,8.74,1.91,2.14,0.49,0.04,2.27
31.25,78,Chirgaon,Himachal Pradesh,2.16,4.62,3.85,3.02,2.09,0.54,4.64,1.45,1.44,0.29,0.02,1.15
31.25,78.25,Dodra Kwar,Himachal Pradesh,2.21,4.59,3.46,3.01,2.05,0.78,6.21,2.66,1.79,0.68,0.02,1.02
31.25,78.5,Sangla,Himachal Pradesh,1.51,4.46,3.3,2.34,2.49,1.32,9.93,5.86,2.67,0.79,0.01,1.03
31.25,78.75,Sangla,Himachal Pradesh,1.08,4.36,3.19,1.95,2.73,1.63,12.36,7.68,3.18,0.9,0,0.88
31.5,76.25,Una,Himachal Pradesh,3.03,2.18,1.69,0.9,0.98,1.7,9.37,14.63,9.23,1.35,0,1.87
31.5,76.5,Barsar,Himachal Pradesh,1.82,2.87,2.57,1.38,2.04,2.83,8.93,13.4,6.06,0.67,0,2.39
31.5,76.75,Ghumarwin,Himachal Pradesh,1.67,3.51,3.07,2.21,3.19,5.47,8.67,13.68,7.4,0.3,0.01,3.46
31.5,77,Chachyot,Himachal Pradesh,1.79,3.3,1.55,1.54,2.93,1.66,9.62,7.51,2.48,0.28,0.02,2.58
31.5,77.25,Thunag,Himachal Pradesh,1.95,4.12,3.61,2.9,2.28,2.42,7.37,3.06,1.92,0.49,0,0.92
31.5,77.5,Ani,Himachal Pradesh,2.03,4.64,4.58,3.29,2.47,1.96,8.02,1.41,2.05,0.55,0.01,1.48
31.5,77.75,Rampur,Himachal Pradesh,2.15,4.82,4.45,3.2,2.33,0.76,6.26,1.39,1.65,0.38,0.03,2.05
31.5,78,Nichar,Himachal Pradesh,2.54,4.73,3.64,3.27,1.85,0.3,2.65,0.89,0.98,0.19,0.02,1.26
31.5,78.25,Kalpa,Himachal Pradesh,2.55,4.73,3.62,3.28,1.84,0.29,2.58,0.88,0.96,0.19,0.02,1.35
31.5,78.5,Moorang,Himachal Pradesh,2.2,4.63,3.48,2.95,2.06,0.66,5.26,2.67,1.57,0.43,0.02,1.09
31.75,76,Amb,Himachal Pradesh,1.81,3.95,3.85,1.62,1.38,2.85,13.22,12.79,1.89,1.49,0,1.26
31.75,76.25,Rakkar,Himachal Pradesh,1.46,3.6,5.77,1.44,1.42,2.76,12.85,12.27,2.63,0.26,0,1.55
31.75,76.5,Tira Sujanpur,Himachal Pradesh,1.43,4,3.55,1.35,2.18,2.77,12.65,14.33,2.94,0.95,0.05,2.09
31.75,76.75,Sarkaghat,Himachal Pradesh,1.49,3.71,3.07,1.33,2.72,4.87,13.58,13.96,3.29,0.76,0.22,2.98
31.75,77,Mandi,Himachal Pradesh,1.6,4.58,4.07,2.27,3.09,2.42,6.21,4.72,2.03,0.94,0.24,3.35
31.75,77.25,Sainj,Himachal Pradesh,1.86,4.18,3.71,2.81,2.5,2.45,6.96,5.33,1.96,0.59,0.06,1.48
31.75,77.5,Sainj,Himachal Pradesh,1.79,4.2,3.67,2.7,2.48,1.98,6.57,2.73,1.74,0.58,0.08,1.82
31.75,77.75,Nichar,Himachal Pradesh,2.13,4.63,4.07,3.16,2.09,1.13,5.3,1.18,1.53,0.35,0.02,1.54
31.75,78,Nichar,Himachal Pradesh,2.43,4.73,3.83,3.24,1.94,0.49,3.49,1,1.17,0.24,0.02,1.54
31.75,78.25,Moorang,Himachal Pradesh,2.49,4.72,3.68,3.25,1.88,0.35,2.94,0.96,1.04,0.2,0.02,1.37
31.75,78.5,Poo district,Himachal Pradesh,2.4,4.69,3.57,3.14,1.93,0.43,3.54,1.64,1.16,0.24,0.02,1.28
32,76,Dehra,Himachal Pradesh,1.91,3.52,2.84,1.8,1.12,3.45,14.09,12.99,2.57,2.45,0,1.41
32,76.25,Kangra,Himachal Pradesh,1.69,4.06,3.25,1.77,1.38,4.74,14.37,13.58,2.92,0.89,0.04,1.53
32,76.5,Palampur,Himachal Pradesh,2.04,5.56,4.93,1.86,2.25,4.14,16.9,15.1,3.46,1.21,0.14,2.71
32,76.75,Jogindarnagar,Himachal Pradesh,1.85,5.39,4.71,1.91,2.62,3.82,14.76,13.94,2.91,1.35,0.19,3.24
32,77,Kullu,Himachal Pradesh,1.84,5.47,6.39,3.01,3.44,2.01,5.31,4.41,2.57,1.02,0.27,3.04
32,77.25,Bhuntar,Himachal Pradesh,1.62,5.42,6.53,3.27,3.37,1.98,5.44,4.94,2.69,0.93,0.22,2.43
32,77.5,Bhuntar,Himachal Pradesh,1.95,5.14,5.67,3.1,3.07,2.2,6.08,5.1,2.49,0.8,0.16,2.07
32,77.75,Bhuntar,Himachal Pradesh,2.07,4.94,4.49,3.3,2.28,1.17,3.9,1.61,1.51,0.46,0.07,1.38
32,78,Spiti,Himachal Pradesh,2.37,4.69,3.81,3.25,1.94,0.64,3.66,1,1.18,0.25,0.02,1.34
32,78.25,Spiti,Himachal Pradesh,2.52,4.73,3.7,3.28,1.87,0.38,2.87,0.88,1.02,0.2,0.02,1.39
32,78.5,Hangrang,Himachal Pradesh,2.55,4.74,3.6,3.27,1.84,0.31,2.64,1.03,0.98,0.19,0.02,1.34
32,78.75,Hangrang,Himachal Pradesh,2.53,4.73,3.57,3.25,1.86,0.33,2.75,1.18,1.02,0.2,0.02,1.27
32.25,75.75,Nurpur,Himachal Pradesh,1.15,2.9,2.05,1.15,0.91,1.19,3.27,7.29,3.08,0.64,0,0.42
32.25,76,Jawali,Himachal Pradesh,1.79,3.64,2.84,1.61,1.08,2.87,11.33,11.5,4.75,1.21,0.01,1.01
32.25,76.25,Dharamshala,Himachal Pradesh,3.56,5.42,4.78,2.58,1.64,4.76,26.34,20.91,11.66,1.93,0.05,1.84
32.25,76.5,Holi,Himachal Pradesh,2.41,5.22,4.6,2.01,1.76,3.6,15.55,10.35,5.13,0.9,0.11,1.49
32.25,76.75,Holi,Himachal Pradesh,2.55,5.83,6.98,2.6,2.92,1.8,6.75,5.28,3.13,0.89,0.23,1.84
32.25,77,Multhan,Himachal Pradesh,3.27,6.95,10.3,4.26,4.24,1.59,5.06,4.42,3.88,1.08,0.29,2.1
32.25,77.25,Manali,Himachal Pradesh,2.03,5.82,7.39,3.06,3.27,1.39,3.93,3.22,2.8,0.86,0.25,2
32.25,77.5,Lahaul,Himachal Pradesh,2.09,5.53,6.63,3.2,3.11,1.76,4.78,3.01,2.55,0.83,0.2,1.92
32.25,77.75,Spiti,Himachal Pradesh,2.21,5.56,6.45,3.58,2.96,1.45,4.5,2.41,2.34,0.71,0.15,1.73
32.25,78,Spiti,Himachal Pradesh,2.39,4.92,4.28,3.37,2.1,0.66,3.03,1.25,1.28,0.32,0.05,1.41
32.25,78.25,Spiti,Himachal Pradesh,2.54,4.75,3.65,3.31,1.83,0.32,2.49,0.84,0.94,0.18,0.02,1.37
32.25,78.5,Spiti,Himachal Pradesh,2.61,4.74,3.59,3.32,1.81,0.26,2.28,0.8,0.9,0.18,0.02,1.36
32.5,76,Bhattiyat,Himachal Pradesh,1.44,3.25,4.94,2.53,2.13,1.72,8.06,6.43,4.22,0.97,0.01,0.72
32.5,76.25,Chamba,Himachal Pradesh,2.38,4.74,4.53,2.48,2.32,1.93,8.95,6.09,4.39,0.83,0.05,0.93
32.5,76.5,Brahmaur,Himachal Pradesh,2.48,5.12,3.9,2.02,2.08,1.67,7.41,4.59,3.62,0.64,0.08,0.93
32.5,76.75,Brahmaur,Himachal Pradesh,2,4.56,4.02,1.14,1.88,0.72,2.16,1.19,1.79,0.4,0.18,1
32.5,77,Lahaul,Himachal Pradesh,1.99,4.68,4.4,1.31,2.04,0.69,1.89,1.16,1.82,0.44,0.19,1.1
32.5,77.25,Lahaul,Himachal Pradesh,2.23,5.49,6.47,2.45,2.88,1.09,3.13,2.36,2.51,0.72,0.23,1.69
32.5,77.5,Lahaul,Himachal Pradesh,2.05,5.42,6.37,2.47,2.84,1.16,3.28,2.48,2.46,0.71,0.22,1.64
32.5,77.75,Spiti,Himachal Pradesh,2.05,5.55,6.75,2.74,2.99,1.29,3.67,2.48,2.6,0.76,0.23,1.78
32.5,78,Spiti,Himachal Pradesh,2.23,5.2,5.29,3.23,2.41,0.75,3.1,1.72,1.77,0.44,0.11,1.77
32.5,78.25,Spiti,Himachal Pradesh,2.52,4.79,3.74,3.34,1.85,0.29,2.35,0.87,0.97,0.19,0.02,1.41
32.75,76,Saluni,Himachal Pradesh,0.82,2.64,8.78,4.37,3.78,1.27,7.2,1.5,3.28,1.13,0.01,0.64
32.75,76.25,Chaurah,Himachal Pradesh,1.4,3.63,7.12,3.37,3.3,1.8,9.66,5.23,3.23,1.07,0.01,1.11
32.75,76.5,Udaipur,Himachal Pradesh,2.11,5,4.23,1.61,2.37,1.79,8.63,7.11,2.27,0.7,0.05,1.48
32.75,76.75,Udaipur,Himachal Pradesh,2,4.66,3.64,1.05,1.91,1.04,4.27,3.36,1.77,0.45,0.13,1.15
32.75,77,Lahaul,Himachal Pradesh,2.11,4.8,4.48,1.37,2.11,0.86,2.94,2.16,1.91,0.48,0.17,1.16
32.75,77.25,Lahaul,Himachal Pradesh,2.12,5.32,5.92,2.08,2.63,1.06,3.55,2.8,2.41,0.63,0.2,1.4
32.75,77.5,Lahaul,Himachal Pradesh,2.16,5.37,6.17,2.23,2.73,1.05,3.17,2.43,2.41,0.66,0.22,1.56
32.75,77.75,Spiti,Himachal Pradesh,2.12,5.34,6.21,2.23,2.71,1,2.91,2.12,2.43,0.65,0.22,1.45
33,76.25,Pangi,Himachal Pradesh,2.04,5.03,5.44,2.25,2.88,2.37,12.2,10,2.88,0.96,0.01,1.79
33,76.5,Pangi,Himachal Pradesh,2.3,5.74,4.55,1.56,2.65,2.86,14.7,13.36,2.59,0.96,0,2.26
33,76.75,Pangi,Himachal Pradesh,2.1,5.13,4.2,1.42,2.34,1.99,9.83,8.47,2.23,0.74,0.05,1.68
32.5,74.75,Ranbir Singh Pora,Jammu and Kashmir,2.3,1.45,4.53,1.53,0.67,0.65,7.74,9.3,17.72,0.91,0.32,0
32.5,75,Samba,Jammu and Kashmir,2.61,2.04,4.15,1.61,0.73,1.14,6.6,9.69,14.2,0.85,0.25,0.1
32.5,75.25,Samba,Jammu and Kashmir,3.05,2.94,3.26,1.93,1.1,1.94,5.32,8.7,7.29,1.01,0.02,0.4
32.5,75.5,Kathua,Jammu and Kashmir,2.62,3.44,3.35,2.16,1.35,1.77,5.05,8.76,6.27,0.88,0.02,0.39
32.5,75.75,Bashohli,Jammu and Kashmir,1.55,3.1,3,1.7,1.27,1.43,4.33,7.49,4.29,0.83,0.01,0.41
32.75,74.75,Jammu,Jammu and Kashmir,2.3,0.82,3.98,1.14,0.42,0.29,3.7,8.82,14.54,0.76,0.41,0
32.75,75,Jammu,Jammu and Kashmir,2.77,1.92,6.03,2.09,0.85,0.72,6.51,8.78,17.25,1.09,0.44,0
32.75,75.25,Ramnagar,Jammu and Kashmir,4.69,4.82,8.72,5.04,2.8,1.33,3.31,5.16,13.9,0.93,0.64,0.26
32.75,75.5,Billawar,Jammu and Kashmir,4.48,5.05,8.64,5.6,3.03,1.17,3.16,3.78,12.83,0.91,0.55,0.41
32.75,75.75,Bani,Jammu and Kashmir,2.59,3.86,7.93,4.9,3.17,1.15,4.69,3.03,7.83,0.95,0.23,0.56
33,74.5,Akhnoor,Jammu and Kashmir,3.2,3.09,6.91,2.54,1.1,1.34,8.22,8.22,20.76,1.38,0.31,0
33,74.75,Akhnoor,Jammu and Kashmir,3.25,3.74,7.52,3.28,0.86,1.83,12.53,9.64,22.63,2.13,0.31,0
33,75,Reasi,Jammu and Kashmir,5.03,4.95,10.68,4.9,2.69,1.34,5.2,5.63,20.51,1.34,0.81,0
33,75.25,Chenani,Jammu and Kashmir,6.03,6.06,12.59,6.69,3.85,1.18,2.86,3.36,18.65,1.18,1.09,0.1
33,75.5,Doda,Jammu and Kashmir,4.45,5.08,9.07,6.43,3.39,0.91,2.73,2.1,13.1,0.91,0.53,0.52
33,75.75,Bhaderwah,Jammu and Kashmir,3.58,4.57,9.06,5.95,3.51,1,3.83,2.15,10.78,0.97,0.41,0.54
33,76,Gandoh,Jammu and Kashmir,1.77,3.62,8.31,4.51,3.56,1.36,7,2.89,5.26,1.06,0.12,0.8
33.25,74.25,Rajauri,Jammu and Kashmir,3.19,3.07,6.83,2.52,1.1,1.33,8.24,8.24,20.73,1.37,0.31,0
33.25,74.5,Kalakote,Jammu and Kashmir,4.03,4.18,8.61,3.51,1.54,1.59,7.8,7.11,21.97,1.59,0.41,0
33.25,74.75,Gool-Gulabgarh,Jammu and Kashmir,3.9,4.07,8.37,3.21,1.55,1.59,7.46,6.98,22.16,1.45,0.35,0
33.25,75,Gool-Gulabgarh,Jammu and Kashmir,5.87,5.77,12,5.58,3.12,1.31,2.81,4,20.18,1.23,0.94,0
33.25,75.25,Ramban,Jammu and Kashmir,6.43,6.07,12.87,6.76,4.04,1.15,2.04,3.36,18.83,1.21,1.18,0.02
33.25,75.5,Doda,Jammu and Kashmir,5.23,5.22,10.18,6.43,3.7,0.96,2.3,2.76,15.33,1.04,0.77,0.3
33.25,75.75,Kishtwar,Jammu and Kashmir,3.98,4.33,9.02,5.79,3.76,0.97,3.38,2.56,11.98,1.03,0.51,0.4
33.25,76,Kishtwar,Jammu and Kashmir,2.57,4.54,7.19,3.94,3.27,1.76,8.64,6.81,6.25,1.01,0.18,1.21
33.25,76.25,Atholi (Paddar),Jammu and Kashmir,2.19,5,5.85,2.64,2.95,2.29,11.68,9.61,3.7,0.97,0.05,1.71
33.25,76.5,Atholi (Paddar),Jammu and Kashmir,2.05,5.19,5.01,1.9,2.73,2.45,12.55,10.63,2.57,0.93,0.01,1.9
33.5,74.25,Rajauri,Jammu and Kashmir,3.45,4.99,8.86,4.3,3.22,1.49,3.94,4.05,15.63,1.45,1.17,0.03
33.5,74.5,Darhal,Jammu and Kashmir,4.76,4.36,9.66,4.23,2.13,1.18,2.76,4.13,19.49,1.28,0.58,0
33.5,74.75,Damhal Hanjipora,Jammu and Kashmir,5.16,4.3,10.32,4.75,2.43,1.07,1.42,3.93,19.23,1.3,0.63,0
33.5,75,Gool-Gulabgarh,Jammu and Kashmir,6.78,6.74,13.29,6.48,3.18,1.28,0.95,3.03,18.45,1.38,1.1,0
33.5,75.25,Dooru tehsil,Jammu and Kashmir,5.51,3.76,8.84,5.45,3.94,0.84,1.18,4.12,16.77,1.19,0.78,0
33.5,75.5,Chhatroo,Jammu and Kashmir,5.56,3.87,8.74,5.67,4.22,0.82,1.33,4.08,16.37,1.15,0.81,0.02
33.5,75.75,Chhatroo,Jammu and Kashmir,5.39,4.47,9.28,5.99,3.98,0.88,1.74,3.49,15.81,1.1,0.78,0.15
33.5,76,Marwah,Jammu and Kashmir,3.85,4.07,7.62,4.78,3.69,1.28,5.19,5.34,10.74,1.04,0.43,0.68
33.5,76.25,Atholi (Paddar),Jammu and Kashmir,2.31,4.81,6.12,2.86,3.07,2.23,11.31,10,4.39,1.01,0.09,1.62
33.5,76.5,Atholi (Paddar),Jammu and Kashmir,2,5.09,5.2,2,2.79,2.44,12.56,10.52,2.61,0.95,0.01,1.88
33.75,74.25,Surankote tehsil,Jammu and Kashmir,4.09,4.58,8.38,4.5,3.46,1.21,1.95,2.22,10.04,1.34,1.33,0.04
33.75,74.5,Khansahib Tehsil,Jammu and Kashmir,5.24,3.93,7.75,4.28,2.74,1.07,1.87,2.39,11.21,1.31,0.98,0.02
33.75,74.75,Shopian,Jammu and Kashmir,4.35,2.52,7.84,3.97,1.86,0.69,0.93,3.09,15.17,1.31,0.4,0
33.75,75,Kulgam,Jammu and Kashmir,3.83,2.15,8.29,3.92,2.29,0.72,0.4,4.17,16.93,1.25,0.31,0
33.75,75.25,Anantnag,Jammu and Kashmir,5.79,3.26,9.74,5.67,3.54,0.87,1.32,4.49,14.73,1.26,0.73,0
33.75,75.5,Marwah,Jammu and Kashmir,5.81,3.4,9.25,5.73,3.91,0.84,1.36,4.41,15.14,1.21,0.78,0
33.75,75.75,Marwah,Jammu and Kashmir,5.98,3.54,9.76,5.86,3.77,0.89,1.45,4.43,14.77,1.22,0.79,0
33.75,76,Marwah,Jammu and Kashmir,5.51,3.78,8.84,5.48,3.74,1.17,3.73,5.77,12.06,1.15,0.67,0.39
33.75,76.25,Marwah,Jammu and Kashmir,2.97,4.75,6.1,3.1,3.23,2.08,10.05,10.02,6.44,1.02,0.2,1.45
34,74.5,Khag tehsil,Jammu and Kashmir,6.19,3.93,7.33,4.18,2.64,1.05,1.92,2.16,9.22,1.23,0.97,0.02
34,74.75,Badgam tehsil,Jammu and Kashmir,8.98,1.9,5.92,3.68,1.36,0.76,1.79,2.07,7.78,1.06,0.43,0
34,75,Pampore,Jammu and Kashmir,4.12,2.08,8.48,4.7,2.03,0.65,1.38,2.99,10.3,1.38,0.53,0
34,75.25,Pahalgam,Jammu and Kashmir,7.7,3.25,12.87,7.26,3.22,1.1,2.44,5.09,9.39,1.4,0.92,0
34,75.5,Marwah,Jammu and Kashmir,6.21,2.97,10.5,6.08,3.32,0.92,1.78,4.62,12.03,1.29,0.76,0
34,75.75,Marwah,Jammu and Kashmir,6,3,9.96,5.91,3.48,0.88,1.67,4.55,12.75,1.26,0.76,0
34.25,74,Boniyar,Jammu and Kashmir,2.44,5.11,11.74,4.97,4.46,1.31,1.68,1.68,6.69,1.24,1.95,0.05
34.25,74.25,Rafiabad,Jammu and Kashmir,2.44,5.14,11.57,4.96,4.47,1.33,1.73,1.73,6.92,1.25,1.94,0.05
34.25,74.5,Sopore,Jammu and Kashmir,5.6,4.2,8.71,4.4,3.14,1.15,1.96,2,7.56,1.18,1.28,0.03
34.25,74.75,Lar,Jammu and Kashmir,7.46,1.97,6.46,3.84,1.49,0.75,1.87,2.23,7.14,1.11,0.47,0
34.25,75,Kangan,Jammu and Kashmir,2.89,1.6,7.22,3.87,1.67,0.63,1.81,2.37,6.28,1.25,0.51,0
34.25,75.25,Kangan,Jammu and Kashmir,6.36,2.66,10.7,6.02,2.62,0.92,2.18,4.03,8.52,1.35,0.76,0
34.5,74,Kupwara,Jammu and Kashmir,2.25,5.08,12.22,5.01,4.53,1.29,1.6,1.57,6.05,1.22,2.01,0.05
34.5,74.25,Handwara tehsil,Jammu and Kashmir,2.07,5.05,12.65,5.04,4.59,1.27,1.52,1.47,5.53,1.2,2.06,0.05
34.5,74.5,Bandipora,Jammu and Kashmir,3.63,4.44,10.34,4.67,3.77,1.2,1.78,1.83,6.83,1.21,1.6,0.04
34.5,74.75,Bandipora,Jammu and Kashmir,4.54,2.42,7.81,4,2.11,0.78,1.71,2.04,6.61,1.18,0.78,0.01
34.5,75,Bāramūla,Jammu and Kashmir,4.78,1.95,7.97,4.44,1.87,0.72,1.87,2.76,7.31,1.25,0.56,0
34.5,75.25,Bāramūla,Jammu and Kashmir,5.34,2.2,8.96,5.01,2.14,0.79,1.97,3.22,7.81,1.29,0.63,0
34.75,74.5,Kupwara,Jammu and Kashmir,3.47,4.14,10.37,4.61,3.58,1.12,1.71,1.78,6.26,1.19,1.53,0.03
22.25,85.25,Manoharpur,Jharkhand,0,1.18,0.98,0.3,2.54,4.76,16.39,11.28,4.07,1.93,0,0.03
22.25,85.5,Noamundi,Jharkhand,0,1.05,1.04,0.35,3.88,4.18,15.75,11.58,4.93,1.92,0,0.03
22.25,85.75,Hat Gamharia,Jharkhand,0,1.46,1.27,0.12,3.71,3.59,13.91,16.21,10.55,1.43,0,0
22.25,86.75,Baharagora,Jharkhand,0,1.52,0.82,0.39,4.77,5.47,9.92,9.4,5.54,2.06,0,0
22.5,84.25,Bolba,Jharkhand,0.13,0.43,0.99,0,2.7,2.42,10.93,11.3,11.8,3.63,0,0
22.5,84.5,Thethaitangar,Jharkhand,0.07,0.21,0.81,0,1.94,2.24,10.42,11.95,10.75,2.46,0,0
22.5,84.75,Jaldega,Jharkhand,0.04,0.14,0.68,0,2.02,2,10.26,11.78,8.71,1.46,0,0
22.5,85,Bano,Jharkhand,0,1.52,0.89,0.08,2.36,5.97,13.71,12.33,5.69,1.57,0,0.01
22.5,85.25,Goilkera,Jharkhand,0,1.85,0.99,0.12,2.42,7.98,13.81,13.92,5.2,1.39,0,0.01
22.5,85.5,Tonto,Jharkhand,0,1.46,0.57,0.12,2.54,7.01,14.03,13.69,5.87,1.33,0,0.01
22.5,85.75,Tonto,Jharkhand,0.01,1.52,0.8,0.06,3.11,4.51,12.3,14.44,9.31,2.1,0,0
22.5,86.25,Potka,Jharkhand,0,1.21,0.68,0.07,4.75,7.46,12.65,10.22,5.8,3.45,0,0
22.5,86.5,Musabani,Jharkhand,0,0.76,0.71,0.32,4.53,5.42,10.54,9.9,6.52,2.36,0,0
22.5,86.75,Chakulia,Jharkhand,0,1.57,0.71,0.36,4.82,5.16,8.96,8.88,5.19,2.04,0,0
22.75,84.25,Simdega,Jharkhand,0.11,1.1,1.16,0,2.36,3.83,12.14,12.75,11.6,3.25,0,0
22.75,84.5,Pakar Tanr,Jharkhand,0.04,0.2,0.87,0,2.19,2.8,9.38,14.7,10.35,2.07,0,0
22.75,84.75,Kolebira,Jharkhand,0.06,0.74,1.02,0,2.02,2.86,9.69,12.47,9.19,1.92,0,0
22.75,85,Bano,Jharkhand,0.06,1.99,1.29,0.07,2.2,7.57,12.05,12.99,6.08,1.74,0,0
22.75,85.25,Gudri,Jharkhand,0,2.3,1.11,0.01,2.31,9.08,12.93,14.38,5.18,1.51,0,0
22.75,85.5,Bandgaon,Jharkhand,0.01,1.96,0.87,0.05,2.33,8.66,12.53,14.05,5.05,1.71,0,0
22.75,85.75,Kuchai,Jharkhand,0.02,1.72,0.49,0.01,2.5,5.8,9.78,9.34,3.34,3.81,0,0
22.75,86,Adityapur(Gamharia),Jharkhand,0.02,2.27,0.67,0,3.69,6.62,10.41,9.39,4.04,5.97,0,0
22.75,86.25,Golmuri-Cum-Jugsalai,Jharkhand,0,1.76,0.72,0,3.74,7.11,11.84,9.69,4.62,3.01,0,0
23,84.25,Albert Ekka(Jari),Jharkhand,0.07,1.51,1.18,0,1.94,6.35,16.17,14.38,10.25,2.06,0,0
23,84.5,Raidih,Jharkhand,0.11,1.54,1.43,0,2.54,3.78,10.53,12.41,8.11,1.5,0,0
23,84.75,Basia,Jharkhand,0.2,1.78,1.42,0.1,2.57,3.76,9.4,9.82,7.87,1.85,0,0
23,85,Karra,Jharkhand,0.19,1.87,1.46,0.08,2.15,6.06,9.84,8.2,5.49,1.92,0,0
23,85.25,Murhu,Jharkhand,0.1,1.91,1.29,0.04,2.11,7.36,11.22,11.37,5.49,1.57,0,0
23,85.5,Erki(Tamar II),Jharkhand,0.03,1.46,0.65,0.01,2.11,6.81,10.73,11.56,4.27,1.88,0,0
23,85.75,Tamar I,Jharkhand,0.04,1.1,0.58,0,1.94,5.63,9.76,10.35,3.88,1.9,0,0
23,86,Chandil,Jharkhand,0.01,1.74,0.73,0,1.71,6.13,10.48,10.53,4.11,3.45,0,0
23.25,84.25,Chainpur,Jharkhand,0.24,2.12,1.06,0.12,2.44,3.67,10.72,8,8.07,1.52,0,0
23.25,84.5,Ghaghra,Jharkhand,0.26,2.15,1.37,0.3,3.33,2.11,7.52,6.65,8.63,0.96,0,0
23.25,84.75,Sisai,Jharkhand,0.29,2,1.44,0.26,2.61,3.73,8.96,6.7,8,1.58,0,0
23.25,85,Bero,Jharkhand,0.29,1.74,1.8,0.17,2,5.59,10.07,5.72,6.07,2.61,0,0
23.25,85.25,Namkum,Jharkhand,0.25,1.64,1.33,0.1,2.15,4.48,8.05,5.49,5.28,1.9,0,0
23.25,85.5,Namkum,Jharkhand,0.16,1.27,0.81,0.02,2.24,3.68,6.99,8.13,4.49,0.72,0,0
23.25,85.75,Sonahatu,Jharkhand,0.11,1.51,0.72,0,1.68,3.53,6.29,7.12,3.19,1.27,0,0
23.5,84.25,Mahuadanr,Jharkhand,0.39,2.29,1.21,0.01,2.88,3.37,8.37,4.83,3.9,1.88,0,0
23.5,84.5,Peshrar,Jharkhand,0.4,2.58,1.28,0.56,3.8,2.15,6.55,7.27,10.52,0.53,0,0
23.5,84.75,Lohardaga,Jharkhand,0.36,2.41,1.22,0.34,3.55,3.03,8.1,6.83,9.3,0.99,0,0
23.5,85,Chanho,Jharkhand,0.26,1.72,1.26,0.12,2.07,4.17,7.4,5.45,5.61,1.79,0,0
23.5,85.25,Kanke,Jharkhand,0.19,1.51,0.7,0.01,1.86,3.04,4.74,4.57,4.33,0.9,0,0
23.5,85.5,Ormanjhi,Jharkhand,0.26,1.47,0.93,0.09,4.05,3.11,8.18,7.08,4.71,1.19,0,0
23.5,85.75,Gola,Jharkhand,0.15,1.33,0.81,0,1.52,2.4,4.9,6.27,3.09,0.56,0,0
23.5,86,Jaridih,Jharkhand,0.3,1.43,0.67,0.02,2.21,3.52,7.01,7.08,4.64,0.73,0,0
23.5,86.25,Chas,Jharkhand,0.22,1.26,0.55,0.16,2.08,3.3,8.68,7.61,8.45,1.96,0,0
23.75,83.75,Bhandaria,Jharkhand,1.07,2.49,0.58,0.05,1.36,2.24,6.31,9.05,3.94,0.58,0,0.33
23.75,84,Bhandaria,Jharkhand,0.51,1.68,0.79,0.13,2.56,4.44,8.9,10.13,5.5,0.46,0,0.09
23.75,84.25,Barwadih,Jharkhand,0.5,2.55,1.69,0,3.19,4.77,7.69,6.3,8.24,0.3,0,0
23.75,84.5,Latehar,Jharkhand,0.42,2.6,0.63,0.02,4.74,1.63,8.98,8.13,10.77,0.54,0,0
23.75,84.75,Chandwa,Jharkhand,0.39,2.5,0.98,0.15,4.14,2.64,8.5,8.19,9.76,1.51,0,0
23.75,85,Tandwa,Jharkhand,0.28,1.96,1.19,0.02,3,5.16,8.56,7.64,6.25,3.38,0,0
23.75,85.25,Barkagaon,Jharkhand,0.3,1.71,1.05,0.07,4.27,4.47,9.08,7.58,5.9,2.62,0,0
23.75,85.5,Mandu,Jharkhand,0.45,1.51,1,0.19,7.6,3.78,12.75,8.93,6.6,1.8,0,0
23.75,85.75,Gumia,Jharkhand,0.47,1.47,0.79,0.05,4.68,3.52,9.27,8.57,4.9,0.84,0,0
23.75,86,Peterwar,Jharkhand,0.6,1.57,0.68,0.04,3.57,4.69,9.05,8.08,4.9,0.46,0,0
23.75,86.25,Baghmara-Cum-Katras,Jharkhand,0.33,1.66,0.37,0.01,2.8,3.67,9.23,7.35,5.3,0.91,0,0
23.75,86.5,Baliapur,Jharkhand,0.16,1.06,0.69,0.26,1.51,3.05,8.87,7.33,8.03,1.1,0,0
23.75,86.75,Nirsa-Cum-Chirkunda,Jharkhand,0.13,1.1,0.85,0.15,1.82,4.19,8.38,7.75,10.46,0.63,0,0
24,83.75,Ranka Kalan,Jharkhand,1.63,3.05,0.93,0.01,1.96,2.44,5.92,7.44,4.12,0.84,0,0.95
24,84,Chainpur,Jharkhand,0.99,2.46,1.02,0.05,2.42,3.6,7.33,8.39,5.37,0.61,0,0.48
24,84.25,Nilambar-Pitambarpur(Lesliganj),Jharkhand,0.64,2.22,0.96,0.05,3.28,3.59,8.6,8.58,7.87,0.44,0,0.07
24,84.5,Panki,Jharkhand,0.51,2.38,0.83,0.01,4.11,2.35,8.93,8,9.11,0.5,0,0
24,84.75,Bariyatu,Jharkhand,0.47,2.35,0.89,0,4.2,3,9.59,8.95,8.36,1.73,0,0
24,85,Tandwa,Jharkhand,0.31,2.17,1.24,0,3.56,5.82,9.91,9.44,6.41,4.55,0,0
24,85.25,Katamdag,Jharkhand,0.49,2.06,1.25,0.01,4.26,5.05,10.81,10.48,5.9,3.57,0,0.01
24,85.5,Daru,Jharkhand,0.93,1.36,0.63,0.06,7.41,4.64,12.83,10.22,6.41,0.63,0,0
24,85.75,Bishungarh,Jharkhand,1.11,1.83,0.05,0,6.88,3.54,13.87,11.78,6.48,0.36,0,0
24,86,Dumri,Jharkhand,0.6,1.52,0.73,0.03,3.84,4.57,9.05,8.59,4.74,0.44,0,0
24,86.25,Pirtanr,Jharkhand,0.39,1.46,0.5,0.08,2.42,3.16,9.43,7.18,5.71,1.8,0,0
24,86.5,Narayanpur,Jharkhand,0.59,1.24,0.99,0.8,1.95,4.8,9.82,6.41,5.19,0.69,0,0
24,86.75,Jamtara,Jharkhand,0.31,1.53,0.58,0.3,2.34,4.6,10.77,6.69,7.9,0.78,0,0
24,87,Fatehpur,Jharkhand,0.23,1.44,0.57,0.03,2.89,4.87,10.41,9.48,4.81,1.21,0,0
24.25,83.5,Nagaruntari,Jharkhand,0.8,2.43,0.31,0.02,0.81,1.66,4.19,6.15,3.94,0.36,0,0.37
24.25,83.75,Majhiaon,Jharkhand,0.31,2.7,0.75,0.08,0.65,2.11,4.37,8.1,4.88,0.81,0,0.22
24.25,84,Nawa Bazar,Jharkhand,1.25,2.46,0.75,0.03,1.31,2.05,5.31,6.93,3.97,0.68,0,0.47
24.25,84.25,Chhatarpur,Jharkhand,1.34,1.55,0.76,0.02,2.67,1.77,7.74,6.97,3.95,0.47,0,0.13
24.25,84.5,Pratappur,Jharkhand,0.89,1.44,0.77,0,3.64,1.53,9.33,8.48,5.79,0.58,0,0.01
24.25,84.75,Kunda,Jharkhand,0.77,1.59,1.04,0,3.58,2.84,10.3,10.09,4.96,1.72,0,0.01
24.25,85,Kanha Chatti,Jharkhand,0.62,2.16,1.2,0,3.42,3.2,12.93,12.9,4.55,1.7,0,0.01
24.25,85.25,Mayur Hand,Jharkhand,0.59,2.04,1.04,0,3.39,2.91,13.76,13.47,3.43,1.01,0,0.02
24.25,85.5,Barhi,Jharkhand,0.98,1.18,0.73,0.04,7.24,5.09,12.79,10.3,5.52,0.69,0,0.01
24.25,85.75,Chalkusa,Jharkhand,1,1.23,0.66,0.04,7.14,5.05,12.29,10.12,5.88,0.47,0,0
24.25,86,Birni,Jharkhand,0.5,1.15,0.35,0.01,5.39,3.77,14.33,9.53,4.27,0.64,0,0
24.25,86.25,Giridih,Jharkhand,0.06,0.77,0.21,0,4.82,2.92,18.26,7.41,3.84,1.21,0,0
24.25,86.5,Gande,Jharkhand,0.11,2.13,0.26,0.01,3.01,4.54,16.99,5.69,7.35,1.86,0,0
24.25,86.75,Sarath,Jharkhand,0.21,1.58,0.23,0.07,2.86,4.33,10.5,6.45,5.61,0.48,0,0
24.25,87,Palojori,Jharkhand,0.23,1.63,0.14,0,2.73,4.28,8.03,7.1,5.24,0.12,0,0
24.25,87.25,Dumka,Jharkhand,0.28,1.73,0.73,0.09,3.32,5.34,9.36,8.5,4.65,2.93,0,0
24.25,87.5,Unknown,Jharkhand,0.11,1.71,1.04,0,3.57,4.18,13.82,8.19,3.07,0.28,0,0
24.5,83.5,Ketar,Jharkhand,0.76,2.45,0.6,0.04,0.86,1.97,4.67,6.84,4.27,0.69,0,0.36
24.5,83.75,Unknown,Jharkhand,0.58,2.11,0.57,0.05,0.65,1.93,4.69,6.71,4.43,0.71,0,0.17
24.5,84,Hussainabad,Jharkhand,1.54,1.09,0.59,0.01,0.86,1.8,6.54,4.88,3.56,0.69,0,0.01
24.5,84.25,Hariharganj,Jharkhand,1.51,1.07,0.62,0,1.51,1.49,7.18,5.67,3.76,0.59,0,0.01
24.5,85.5,Koderma,Jharkhand,0.62,1.57,0.53,0.01,4.44,3.67,12.98,11.68,3.19,1.07,0,0.06
24.5,85.75,Domchanch,Jharkhand,0.8,1.92,0.35,0.02,4.85,4.04,12.83,8.83,5.07,0.77,0,0.01
24.5,86,Deori,Jharkhand,0.31,1.51,0.19,0,3.48,2.45,16.16,6.16,4.92,0.59,0,0
24.5,86.25,Deori,Jharkhand,0.12,1,0.22,0,3.34,2.16,18.71,5.01,4.88,1.14,0,0
24.5,86.75,Mohanpur,Jharkhand,0.1,1.75,0.21,0,3.31,3.27,13.92,5.35,5.81,0.88,0,0
24.5,87,Saraiyahat,Jharkhand,0.08,1.39,0.25,0.01,4.71,4.04,9.53,6.71,5.23,0.71,0,0
24.5,87.25,Ramgarh,Jharkhand,0.09,0.88,0.13,0,4.18,7.5,15.08,7.33,6.11,1.14,0,0
24.5,87.5,Gopikandar,Jharkhand,0.01,0.72,0.02,0,4.34,6.67,19.78,9.86,8.82,2.26,0,0
24.5,87.75,Maheshpur,Jharkhand,0.22,1.15,0.54,0,4.09,5.56,13.06,8.14,7.27,0.9,0,0
24.75,85.75,Satgawan,Jharkhand,0.58,2.66,0.06,0,2.39,3.56,11.04,6.3,5.21,0.44,0,0
24.75,86,Tisri,Jharkhand,0.49,2.52,0.04,0,1.94,3.27,13.07,6.45,4.79,0.51,0,0
24.75,87.25,Godda,Jharkhand,0,1.01,0.03,0,5.5,9.46,15.47,5.94,5.96,1.51,0,0
24.75,87.5,Litipara,Jharkhand,0.04,1.17,0.05,0.17,6.32,9.52,15.95,5.3,6.13,1.59,0,0
24.75,87.75,Hiranpur,Jharkhand,0.01,1.83,0.04,0.33,5.34,7.2,11.87,8.17,7.12,1.08,0,0
25,87.25,Mahagama,Jharkhand,0.02,1.58,0.06,0.32,7.56,6.37,13.23,6.48,6.17,0.97,0,0
25,87.5,Borio,Jharkhand,0.06,2.2,0.06,0.92,9.77,5.62,16.85,4.75,6.65,0.97,0,0
25,87.75,Rajmahal,Jharkhand,0,2.53,0.06,0.46,4.58,10.61,14.98,8.78,7.64,0.56,0,0
25.25,87.5,Mandro,Jharkhand,0.05,1.54,0.05,0.45,9.32,9.31,10.2,7.98,9.83,1.18,0,0
25.25,87.75,Sahibganj (block),Jharkhand,0.02,2.28,0.06,0.52,6.33,10.87,11.26,10.32,10.44,0.8,0,0
27.5,97,Putao District,Kachin State,0.3,2.06,1.25,2.17,11.89,6.72,8.15,15.89,12.09,0.79,0.02,0
11.75,76.5,Gundlupet taluk,Karnataka,0,0.18,0.12,3.99,3.75,2.36,7.84,6.72,5.09,6.69,1.63,0.5
11.75,76.75,Gundlupet taluk,Karnataka,0,0.08,0.39,1.03,3.69,1.01,1.26,3.52,3.95,5.82,1.1,0.56
12,75.25,Kodagu,Karnataka,0.21,0.44,0,0.9,6.75,19.74,34.39,29.93,13.01,7.7,2.95,1.33
12,76,Ponnampete taluk,Karnataka,0.01,0.02,0.99,1.87,4.63,2.01,3.23,3.42,3.18,3.79,0.23,0.56
12,76.25,Heggadadevanakote taluk,Karnataka,0,0,0.17,2.1,5,2.76,6.21,8.83,7.43,8.5,0.05,0.62
12,76.5,Nanjanagudu taluk,Karnataka,0,0.05,0.95,1.85,5.17,1.93,3.41,4.54,5.59,4.63,0.1,0.24
12,76.75,Chamarajanagara taluk,Karnataka,0,0.08,0.29,0.38,3.52,1.2,1.59,4.09,4.35,4.33,0.13,0.38
12,77,Chamarajanagara taluk,Karnataka,0,0,0.17,1.27,2.8,2.69,1.25,3.12,3.01,8.28,0.67,0.63
12,77.25,Hanur taluk,Karnataka,0,0,1.13,1.39,3.35,2.91,1.58,3.7,4.05,2.23,0.47,0.66
12,77.5,Hanur taluk,Karnataka,0,0,1.03,0.7,3.28,1.91,0.79,2.78,4.44,5.04,0.7,1.23
12.25,75.75,Virajpet taluk,Karnataka,0,0.04,0.13,3.78,6.28,9.09,24.99,17.05,11.84,4.17,0.64,0.64
12.25,76,Ponnampete taluk,Karnataka,0,0.07,0.25,1.06,4.88,2.58,4.92,4.97,4.31,4.89,0.07,1.75
12.25,76.25,Hunasuru taluk,Karnataka,0.04,0.07,0.3,2.21,4.86,2.26,4.17,5.45,5.12,6.03,0.04,1.36
12.25,76.5,Heggadadevanakote taluk,Karnataka,0,0.01,0.82,0.6,5.95,2.61,4.89,2.64,6.59,3.38,0.29,0.55
12.25,76.75,Mysuru taluk,Karnataka,0,0.33,0.31,0.78,2.38,1.94,3.22,6.98,6.35,4.94,0.2,0.05
12.25,77,Malavalli taluk,Karnataka,0,0.03,0.33,1.15,2.54,2.36,1.9,3.42,3.87,7.02,0.41,0.27
12.25,77.25,Hanur taluk,Karnataka,0,0.01,0.91,1.17,3.24,3.2,1,2.65,3.64,6.06,0.64,0.41
12.5,75.5,Sulya taluk,Karnataka,0.3,0.03,0.13,2.33,7.88,14.3,41.36,29.26,17.29,4.45,0.96,0.84
12.5,75.75,Madikeri taluku,Karnataka,0,0,0.21,1.26,5.47,4.49,13.25,8.09,7.45,2.81,0.18,0.81
12.5,76,Piriyapattana taluk,Karnataka,0,0.04,0.15,1.75,5.72,2.23,4.27,4.66,5.93,3.31,0.13,0.85
12.5,76.25,Saligrama taluku,Karnataka,0,0.06,0.37,2.68,5.52,2.29,2.41,3.81,6.05,5.48,0.15,1.09
12.5,76.5,Krishnarajapete taluk,Karnataka,0,0,0.72,1.39,2.89,1.9,1.12,2.96,5.02,7.13,0.04,1.15
12.5,76.75,Pandavapura taluk,Karnataka,0,0.02,0.46,1.44,2.78,2.38,1.87,2.1,4.71,4.96,0.22,0.39
12.5,77,Madduru taluk,Karnataka,0,0.01,0.7,1.01,2.78,2.19,1.41,3.09,5.48,4.89,0.29,0.25
12.5,77.25,Kanakapura taluk,Karnataka,0,0.03,2.08,0.73,4.58,3.93,0.83,1.62,3.94,7.04,0.54,0.21
12.5,77.5,Harohalli taluk,Karnataka,0,0,1.26,0.44,5.82,2.37,1.28,4.21,4.24,7.28,0.4,0.86
12.75,74.75,Dakshina Kannada,Karnataka,0,0.06,0.06,1.22,5.96,16.1,34.14,32.78,12.91,7.95,1.67,1.08
12.75,75,Bantwal taluk,Karnataka,0,0.06,0.06,2.4,8.73,16,39.69,35.58,13.72,7.88,1.27,2.07
12.75,75.25,Putturu taluk,Karnataka,0,0,0.13,2.68,9.78,13.8,39.66,33.98,13.7,8.16,1.61,1.29
12.75,75.5,Kadaba taluk,Karnataka,0,0,0.5,2.67,8.19,11.5,39.45,32.07,13.48,7.71,1.19,0.97
12.75,75.75,Sakaleshapura taluk,Karnataka,0,0,0.52,1.77,4.26,4.82,20.28,11.26,8.12,3.09,0.15,0.56
12.75,76,Arakalagudu taluk,Karnataka,0,0.02,0.05,1.75,3.53,2.19,5.24,3.81,5.63,3.59,0.16,0.81
12.75,76.25,Hole Narasipura taluk,Karnataka,0,0.01,0.47,1.9,7.45,1.92,2.96,3.5,6.93,6.1,0.19,0.65
12.75,76.5,Krishnarajapete taluk,Karnataka,0,0.1,1.01,1.22,5.38,2.78,8.74,6.11,10,5.79,0.49,0.85
12.75,76.75,Nagamangala taluk,Karnataka,0,0.21,0.83,1.53,4.69,4.54,15.48,12.35,7.22,5.81,0.39,1.06
12.75,77,Madduru taluk,Karnataka,0,0.11,1.13,0.88,2.81,3.3,1.4,4.06,6.79,6.19,0.99,0.34
12.75,77.25,Ramanagara taluk,Karnataka,0,0.01,1.48,0.9,3.52,3.48,1.09,3.05,6.29,6.01,0.97,0.24
12.75,77.5,Bangalore South,Karnataka,0,0,0.93,0.53,3.95,2.16,1.99,1.51,3.03,4.64,0.39,0.78
12.75,77.75,Anekal,Karnataka,0,0,0.25,0.1,3.48,3.66,1.13,0.83,1.91,5.6,0.86,0.64
13,74.75,Dakshina Kannada,Karnataka,0,0,0,0.45,4.03,19.82,33.2,31.56,10.97,5.27,0.84,1.11
13,75,Moodabidri taluk,Karnataka,0,0,0,1.96,6.47,16.13,41.6,36.5,12.75,9.55,1.31,2.34
13,75.25,Beltangadi taluk,Karnataka,0,0,0.36,3.86,9.8,18.73,43.75,35.55,14.52,7.07,2.5,0.55
13,75.5,Beltangadi taluk,Karnataka,0,0,1.1,2.49,6.62,12.15,41.3,22.15,12.61,3.93,0.86,0.89
13,75.75,Beluru taluk,Karnataka,0,0,0.96,3.74,4.82,5.25,18.14,9.22,8.19,4.39,0.26,0.31
13,76,Aluru taluk,Karnataka,0,0,0.04,6.31,4.12,0.61,5.24,2.57,8.83,4.95,0.48,0.51
13,76.25,Hasana taluk,Karnataka,0,0,0.22,1.25,6.99,1.42,2.77,2.45,6.39,6.86,0.26,0.75
13,76.5,Channarayapattana taluk,Karnataka,0,0,0.66,1.46,5.97,1.45,2.88,3.27,6.14,6.37,0.31,0.73
13,76.75,Nagamangala taluk,Karnataka,0,0.14,0.83,1.13,2.32,3.03,3.52,5.35,5.31,6.52,0.89,0.67
13,77,Kunigal taluk,Karnataka,0,0.14,1.3,0.89,1.9,3.44,2.01,5.76,6.21,8.2,1.34,0.14
13,77.25,Magadi taluku,Karnataka,0,0.01,0.92,0.22,2.53,2.66,4.37,5.62,8.14,9.12,1.3,0.01
13,77.5,Bangalore North,Karnataka,0,0.01,0.09,0.47,2.71,5.19,2.38,2.6,5.42,9.75,0.79,0.12
13,77.75,Bangalore East,Karnataka,0,0,0.88,0.11,2.67,3.01,1.66,2.05,3.08,8.13,1.31,0.56
13,78,Maluru taluk,Karnataka,0,0,0.32,0.41,3.07,3.23,2.94,2.27,3.82,7.67,1.21,0.28
13,78.25,Bangarapet taluk,Karnataka,0,0.01,0.67,0.24,3.49,2.99,2.87,1.55,2.33,5.13,0.51,0.03
13.25,74.5,Dakshina Kannada,Karnataka,0,0,0.01,0.95,4.86,19.1,31.36,34.8,12.89,7.85,1.37,0.36
13.25,74.75,Kapu taluku,Karnataka,0,0,0.03,1.02,5.54,21.99,35.72,36.8,14.47,7.51,1.97,0.52
13.25,75,Karkala taluk,Karnataka,0.14,0.16,0.18,3.58,6.5,16.8,61.65,45.74,17.49,5.85,1.21,0.73
13.25,75.25,Kalasa taluk,Karnataka,0.41,0.02,0.12,4.06,8.86,10.49,47.97,26.07,12.02,5.68,1.48,0.65
13.25,75.5,Mudigere taluk,Karnataka,0,0,0.24,2.6,8.3,4.84,19.08,14.94,6.83,3.77,0.62,0.76
13.25,75.75,Chikkamagaluru taluku,Karnataka,0,0,0.36,2.67,8.02,1.15,5.73,5.85,5.89,3.34,0.38,0.31
13.25,76,Beluru taluk,Karnataka,0,0,0.39,3.45,6.83,1.17,3.73,3.62,6.62,4.14,0.47,0.26
13.25,76.25,Arasikere taluku,Karnataka,0,0.04,0.16,2.15,5.08,1.31,0.78,5.12,4.87,8.58,0.2,0.13
13.25,76.5,Tipaturu taluk,Karnataka,0,0.48,1.14,0.98,4.21,1.4,1.66,4.53,5.56,6.68,0.39,0.37
13.25,76.75,Turuvekere taluk,Karnataka,0,0.06,1.12,0.67,1.68,2.65,3.27,4.53,5.34,6.24,1.11,0.33
13.25,77,Tumkur taluk,Karnataka,0,0.01,1.53,1.52,2.28,2.18,3.06,6.12,6.79,6.25,0.81,0.23
13.25,77.25,Nelamangala taluk,Karnataka,0,0.01,0.99,0.35,2.75,1.9,4.34,6.66,7.9,8.07,1.17,0.02
13.25,77.5,Doddaballapura taluk,Karnataka,0,0,0.17,0.29,4.1,1.43,1.63,4.44,3.77,8.09,0.95,0.35
13.25,77.75,Devanahalli taluku,Karnataka,0,0,0.51,0.48,4.22,2.07,1.16,3.31,2.67,4.01,0.75,0.36
13.25,78,Kolar taluk,Karnataka,0,0,0.4,0.26,4.62,2.5,1.33,1.95,2.63,4.09,0.96,0.28
13.25,78.25,Srinivasapura taluku,Karnataka,0,0,0.76,0.09,2.52,3.49,1.54,1.22,2.03,5.05,0.95,0.1
13.25,78.5,Mulubagilu taluk,Karnataka,0,0,0.27,0.24,2.14,3.56,0.82,2.19,3.35,8.08,1.84,0.11
13.5,74.75,Brahmavara taluku,Karnataka,0,0.06,0.23,2.27,5.39,17.25,45.24,46.8,15.92,7.99,0.99,0.49
13.5,75,Hebri taluku,Karnataka,0,0.11,0.49,4.39,5.84,20.24,78.21,65.5,22.45,6.88,1.41,0.34
13.5,75.25,Koppa taluk,Karnataka,0.01,0.16,0.43,3.86,5.26,8.75,37.76,26,10.41,4.14,0.5,0.89
13.5,75.5,Narasimharajapura taluk,Karnataka,0,0,0.37,3.92,4.99,2.66,15.77,12.13,5.37,3.88,0.73,0.6
13.5,75.75,Chikkamagaluru taluku,Karnataka,0,0,0.32,2.51,6.05,1.54,5.07,6.75,3.98,4.24,1.01,0.39
13.5,76,Kaduru taluk,Karnataka,0,0,0.14,2.77,5.61,1.57,1.51,5.41,4.12,5.42,0.88,0.03
13.5,76.25,Arasikere taluku,Karnataka,0,0.06,0.5,2.34,3.39,1.15,2.28,5.12,2.59,6.42,0.52,0.02
13.5,76.5,Chikkanayakanahalli taluk,Karnataka,0,1.15,1.45,1.24,4.66,1.88,1.65,5.74,3.03,6.44,0.5,0.12
13.5,76.75,Gubbi taluk,Karnataka,0,0.03,1.17,1.21,3.27,2.1,2.3,5.3,4.83,5.66,0.73,0.27
13.5,77,Tumkur taluk,Karnataka,0,0,2.06,1.25,5,2.56,0.98,4.89,4.46,5.1,0.74,0.22
13.5,77.25,Koratagere taluku,Karnataka,0,0,0.9,0.55,2.12,2.57,1.26,3.9,2.35,3.06,0.53,0.02
13.5,77.5,Gauribidanuru taluk,Karnataka,0,0,0.41,0.25,2.18,1.94,1.82,3.25,3.43,3.41,0.69,0.16
13.5,77.75,Chikkaballapura taluk,Karnataka,0,0,0.48,0.4,4.2,1.89,1.14,3.01,2.56,2.84,0.72,0.29
13.5,78,Sidlaghatta taluk,Karnataka,0,0,0.43,0.26,4.94,2.32,0.75,2.27,2.4,2.85,0.92,0.28
13.5,78.25,Srinivasapura taluku,Karnataka,0,0,0.81,0.02,3.07,3.27,0.41,2.25,2.74,3.23,0.9,0.33
13.75,74.75,Kundapura,Karnataka,0,0.38,0.02,0.64,4.56,21.62,43,53.54,14.55,8.23,0.51,1.17
13.75,75,Hosanagara taluk,Karnataka,0,1.06,0.19,2.49,6.36,9.99,38.84,24.57,13.18,4.84,0.22,0.98
13.75,75.25,Tirthahalli taluk,Karnataka,0.02,0.17,0.41,3.07,5.27,7.98,37.9,25.23,11.54,4.31,0.31,0.38
13.75,75.5,Narasimharajapura taluk,Karnataka,0,0,0.46,2.09,4.11,2.67,12.69,11.09,3.61,4.27,0.92,0.56
13.75,75.75,Tarikere taluku,Karnataka,0,0,0.2,2,5.45,2.2,7.94,8.11,4.41,6.39,1.06,0.44
13.75,76,Ajjampura taluku,Karnataka,0,0,0.01,1.74,5.55,1.67,4.61,7.07,4.79,8.1,0.99,0.2
13.75,76.25,Hosadurga taluku,Karnataka,0,0,0.73,2.11,4.3,1.34,2.1,5.65,2.72,7.08,1.09,0.14
13.75,76.5,Hosadurga taluku,Karnataka,0,0.09,1.01,1.33,6.26,1.81,1.55,6.08,2.75,5.33,0.82,0.14
13.75,76.75,Sira taluk,Karnataka,0,0,0.33,1.56,4.02,0.99,0.79,4.2,2.95,6.03,0.84,0.05
13.75,77.25,Madhugiri taluk,Karnataka,0,0,0.54,0.08,2.75,2.88,0.53,2.17,2.04,2.06,0.46,0.01
13.75,77.75,Gudibande taluk,Karnataka,0,0,0.4,0.39,3.32,1.48,0.88,3.17,2.12,2.41,0.57,0.06
13.75,78,Bagepalli taluk,Karnataka,0,0,0.58,0.15,3.5,2.45,0.55,2.03,2.54,2.43,0.89,0.27
14,74.75,Sagara taluk,Karnataka,0,0.83,0,1.1,4.85,21.61,49.66,50.23,15.47,7.33,0.41,1.96
14,75,Sagara taluk,Karnataka,0,1.22,0.06,2.24,7.5,9.23,42.57,24.76,13.26,4.87,0.15,2.44
14,75.25,Hosanagara taluk,Karnataka,0,0.25,0.15,1.97,5.49,5.27,22.96,16.19,7.94,4.88,0.63,0.32
14,75.5,Shivamogga taluk,Karnataka,0,0.23,0.61,0.95,3.91,2.32,7.15,8.32,3.29,3.42,1.13,0.85
14,75.75,Bhadravati taluk,Karnataka,0.06,0,0.12,3.96,4.79,2.58,5.9,8.09,3.74,5.49,0.48,1.54
14,76,Channagiri taluku,Karnataka,0.07,0,0.15,1.77,5.19,1.97,4,7.18,3.92,3.48,0.87,0.25
14,76.25,Holalkere taluk,Karnataka,0.02,0.16,0.28,1.9,6.28,1.97,3.23,6.72,3.33,5.71,1.57,0.18
14,76.5,Hiriyuru taluk,Karnataka,0,0,0.66,1.06,6.96,1.85,2.42,6.13,2.54,5.79,1.73,0.07
14,76.75,Hiriyuru taluk,Karnataka,0,0,1.17,0.49,3.5,2.66,0.93,3.78,3.03,6.76,0.44,0
14.25,74.5,Honnavar taluku,Karnataka,0,0,0,0.4,2.81,25.45,59.07,55.21,15.24,6.98,1.42,2.04
14.25,74.75,Sagara taluk,Karnataka,0,0.01,0.01,1.73,2.82,15.52,48.69,33.57,10.79,3.42,0.57,1.44
14.25,75,Sagara taluk,Karnataka,0,0.12,0.47,3.25,3.18,4.95,25.59,18.73,5.57,2.69,0.22,0.33
14.25,75.25,Sagara taluk,Karnataka,0,0.9,0.83,4.43,4.5,2.8,11.19,11.16,3.85,5.88,0.95,0.18
14.25,75.5,Shikaripura taluk,Karnataka,0,0.08,0.12,1.71,3.15,1.65,5.85,5.55,2.08,3.2,1.29,0.78
14.25,75.75,Honnali taluku,Karnataka,0.29,0,0.27,2.2,4.43,1.87,4.38,6.83,4.38,6.53,1.15,0.52
14.25,76,Channagiri taluku,Karnataka,0.12,0.02,0.22,2.75,4.1,2.03,5.04,7.31,4.56,5.96,1.51,0.95
14.25,76.25,Chitradurga taluku,Karnataka,0,0.38,0.42,1.99,8.53,2.8,2.57,5.5,3.28,7.63,2.42,0.38
14.25,76.5,Chitradurga taluku,Karnataka,0,0.22,0.43,0.95,5.4,1.78,2.07,5.19,1.52,4.43,1.27,0.03
14.25,76.75,Challakere taluku,Karnataka,0,0,1.11,0.21,2.65,1.02,0.57,3.73,1.71,3.68,0.41,0.01
14.25,77.25,Pavagada taluk,Karnataka,0,0,0.14,0.22,3.13,2.69,0.75,2.1,1.61,6,0.64,0.01
14.25,77.5,Pavagada taluk,Karnataka,0,0,0.2,0.31,1.52,2.26,0.82,1.91,0.86,3,0.63,0.05
14.5,74.25,Uttara Kannada,Karnataka,0,0,0,0.41,10.72,22.66,54.03,42.54,8.9,4.5,0.45,0.03
14.5,74.5,Kumata taluk,Karnataka,0,0,0.01,0.66,4.38,20.5,58.69,51.14,13.23,4.49,0.49,0.63
14.5,74.75,Siddapura taluk,Karnataka,0,0,0.3,1.97,3.48,10.59,37.62,24.96,7.35,3.83,0.39,1.94
14.5,75,Shirasi Taluk,Karnataka,0,0.02,0.54,2.78,3.48,4.63,18.8,14.34,4.95,3.24,0.89,0.6
14.5,75.25,Shikaripura taluk,Karnataka,0,0.19,0.38,2.95,4.09,3.12,11.53,9.17,3.44,6.92,1.43,0.55
14.5,75.5,Rattihalli taluk,Karnataka,0,0.09,0.07,2.69,5.2,2.99,6.49,7.95,3.45,4.44,1.35,0.34
14.5,75.75,Harihara taluku,Karnataka,0,0,0.03,2.75,4.28,2.54,4.07,7.01,3.94,6.18,1.28,0.37
14.5,76,Davanagere Taluku,Karnataka,0,0.04,0.42,3.14,3.45,1.35,4.09,7.71,3.9,5.61,1.18,1.11
14.5,76.25,Jagaluru taluku,Karnataka,0,0.12,0.74,1.98,5.39,0.97,3.44,6.95,1.86,5.19,1.47,0.66
14.5,76.5,Challakere taluku,Karnataka,0,0.15,1.02,0.76,4.01,1.67,2.43,7.03,1.21,3.97,0.39,0.11
14.5,76.75,Challakere taluku,Karnataka,0,0,1.16,0.41,3.04,1.45,1.79,3.4,1.01,4.79,0.32,0
14.75,74.25,Karwar taluk,Karnataka,0,0,0,0.21,4.54,23.76,44.08,37.19,11.7,4.61,0.86,0.17
14.75,74.5,Ankola taluk,Karnataka,0,0,0.12,0.98,3.23,10.58,34.95,21.86,8.5,4.79,0.81,0.4
14.75,74.75,Shirasi Taluk,Karnataka,0,0,0.05,2.25,4.21,7.44,24.31,17.44,6.26,5.14,1.02,0.78
14.75,75,Mundagoda taluk,Karnataka,0,0,0.28,4.14,5.11,3.76,10.82,8.22,3.02,3.4,3.76,0.41
14.75,75.25,Hanagal taluk,Karnataka,0,0.08,0.05,3.21,5.4,1.93,7.85,7.54,2.48,5.24,1.22,0.23
14.75,75.5,Byadagi taluk,Karnataka,0,0.03,0.07,2.31,4.85,2.75,5.66,6.43,3.75,3.38,1.21,0.18
14.75,75.75,Huvina Hadagali taluk,Karnataka,0,0.08,0.42,2.48,2.51,3.46,3.56,7.64,4.73,4.9,0.75,1.78
14.75,76,Harapanahalli taluku,Karnataka,0,0.28,0.46,2.31,2.82,2.89,3.12,7.89,4.72,5.11,0.65,0.88
14.75,76.25,Kotturu taluku,Karnataka,0,0.16,0.55,2.03,3.6,2.05,3.19,7.29,2.57,4.27,0.9,0.89
14.75,76.5,Kudligi taluku,Karnataka,0,0.02,1.47,1.08,3.86,1.84,2.99,5.41,1.59,4.2,0.15,0.07
14.75,76.75,Molakalmuru taluku,Karnataka,0,0,1.44,0.68,3.2,1.83,2.64,3.83,1.31,3.8,0.37,0.04
15,74,Uttara Kannada,Karnataka,0,0,0,0.05,4.54,21.44,36.71,35.67,11.06,4.97,0.55,0.69
15,74.5,Supa taluk,Karnataka,0,0,0.23,0.87,3.6,9.31,34.19,22.07,8.01,5.18,0.91,0.26
15,74.75,Yallapura taluk,Karnataka,0,0,0.24,2.64,5.45,3.77,13.1,11.94,4.54,6.02,2.17,1.77
15,75,Mundagoda taluk,Karnataka,0,0,0.74,2.3,2.93,2.13,8.52,7.39,3.82,4.75,1.42,0.52
15,75.25,Shiggaon taluk,Karnataka,0,0,1.05,2.02,3.29,1.9,5.67,6.62,5.51,4.49,1.33,0.61
15,75.5,Savanura taluk,Karnataka,0,0.22,0.23,1.77,5.04,2.85,5.68,5.61,2.93,3.64,1.41,0.45
15,75.75,Shirahatti taluku,Karnataka,0,0.17,0.35,0.58,5.22,3.32,4.51,4.07,1.71,3.37,0.84,2.08
15,76,Huvina Hadagali taluk,Karnataka,0,0.44,0.44,1.03,2.85,1.41,2.56,9.61,1.72,4.43,0.54,1.41
15,76.25,Hagari Bommanahalli taluk,Karnataka,0,0.21,0.53,1.88,4.56,2.52,4.09,6.38,2.99,3.18,0.59,1.31
15,76.5,Sanduru taluk,Karnataka,0,0.09,1,1.73,4.95,2.21,4.02,4.82,3.51,2.76,0.48,1.16
15,76.75,Sanduru taluk,Karnataka,0,0.19,1.06,0.84,2.81,1.9,2.14,3.34,2.57,3.62,0.61,0.38
15.25,74.5,Supa taluk,Karnataka,0,0,0.02,1.42,4.18,7.76,28.88,21.09,7.51,6.26,1.26,0.89
15.25,74.75,Haliyala taluku,Karnataka,0,0,0.68,1.66,3.65,2.79,9.61,8.82,3.89,5.78,1.89,1.09
15.25,75,Kalaghatagi taluku,Karnataka,0,0,0.21,1.74,5.23,1.35,5.33,5.62,4.2,2.45,1.32,0.67
15.25,75.25,Kundagola taluku,Karnataka,0,0.69,0.12,2.66,4.79,3.02,4.66,7.16,3.49,4.05,1.33,0.72
15.25,75.5,Gadag taluk,Karnataka,0,1.41,0.64,1.2,5.27,4.48,5.26,8.98,2.76,3.49,1.49,1.01
15.25,75.75,Mundargi taluku,Karnataka,0,0.3,1.01,0.88,2.53,1.68,3.15,4.84,2.03,3.36,0.98,0.98
15.25,76,Koppala taluku,Karnataka,0,0.27,0.48,0.51,3.73,1.46,3.96,7.61,2.35,3.62,0.63,1.07
15.25,76.25,Koppala taluku,Karnataka,0,0.21,0.65,1.19,4.79,2.44,5.02,5.46,4.98,3.54,0.81,1.19
15.25,76.5,Hosapete taluk,Karnataka,0,0.15,1.03,1.04,3.77,2.51,4.06,6.83,3.54,2.75,0.48,0.98
15.25,76.75,Bellary taluk,Karnataka,0,0.26,0.93,0.65,3.2,2.1,1.61,4.11,3.25,4.14,0.63,0.68
15.25,77,Bellary taluk,Karnataka,0,0.06,0.78,0.8,2.19,2.14,3.55,4.33,1.5,3.02,0.1,0.11
15.5,74.5,Khanapura taluku,Karnataka,0,0,0.11,1.99,4.62,6.35,31.92,18.28,7.24,6.48,1.82,1.02
15.5,74.75,Kitturu taluku,Karnataka,0,0.01,0.51,1.52,5.6,1.41,8.52,6.11,2.88,4.52,1.89,1.07
15.5,75,Dharawada taluku,Karnataka,0,0.12,0.27,1.39,6.64,0.8,6.15,4.96,3.68,2.89,1.56,0.72
15.5,75.25,Hubballi Taluku,Karnataka,0,0.82,0.35,1.31,7.26,0.38,3.19,6.27,3.02,3.71,1.35,0.49
15.5,75.5,Gadag taluk,Karnataka,0,0.43,0.61,1.7,2.88,1.48,3.66,6.86,1.49,3.68,0.82,0.58
15.5,75.75,Gadag taluk,Karnataka,0,0.11,0.53,1.09,2.36,1.06,2.7,6.09,2.93,1.98,0.48,0.29
15.5,76,Kukunoor taluku,Karnataka,0,0.35,0.58,0.93,3.36,1.52,3.11,7.17,3.63,2.87,0.41,0.45
15.5,76.25,Koppala taluku,Karnataka,0,0.03,1.49,0.91,3.77,2.31,2.24,7.81,4.41,2.95,0.47,0.84
15.5,76.5,Gangavati taluku,Karnataka,0,0.09,1.19,0.39,3.4,2.75,2.87,8.76,3.4,2.72,0.44,1.34
15.5,76.75,Karatagi taluku,Karnataka,0,0.05,0.43,0.2,2.83,2.5,2.29,6.58,3.23,1.53,0.24,0.45
15.75,74.5,Belagavi taluku,Karnataka,0,0,0.9,1.2,3.08,0.69,3.8,6.35,2.61,2.28,0.19,0.17
15.75,74.75,Bailahongala taluku,Karnataka,0,0.11,2.39,1.09,5.09,1.66,6.17,4.41,1.86,3.88,1.65,1.86
15.75,75,Savadatti taluku,Karnataka,0,0.24,1.52,1.11,6.31,1.54,4.02,4.41,2.47,2.37,2,1.2
15.75,75.25,Savadatti taluku,Karnataka,0,0.48,0.76,1,6.65,0.77,4.92,6.8,2.3,2.88,1.08,0.78
15.75,75.5,Naragunda taluk,Karnataka,0,0.54,0.51,1.62,6.12,2.1,2.5,6.97,2.18,1.86,0.55,0.84
15.75,75.75,Rona taluku,Karnataka,0,0.4,0.58,1.27,3.42,1.68,2.38,6.82,3.17,1.65,0.44,0.45
15.75,76,Gajendragad taluku,Karnataka,0,0.96,1.6,1.75,2.36,2.54,3.34,8.29,3.53,3.01,0.46,0.37
15.75,76.25,Kushtagi taluk,Karnataka,0,0.03,1.46,1.43,3.91,2.15,2.4,8.18,3.28,1.85,0.4,0.43
15.75,76.5,Sindhanuru taluku,Karnataka,0,0.09,1.39,1.24,3.57,2.68,2.18,8.56,4.64,1.66,0.23,1.15
15.75,76.75,Sindhanuru taluku,Karnataka,0,0.07,1.02,0.99,3.34,2.82,2.14,9.06,4.7,1.5,0.15,0.91
15.75,77,Siruguppa taluku,Karnataka,0,0,0.23,0.44,3.1,1.98,4.06,7.9,3.36,1.85,0.07,0.08
16,74.5,Belagavi taluku,Karnataka,0,0.12,0.45,0.83,4.37,2.81,8.13,6.18,3.27,4.22,1.79,0.45
16,74.75,Gokak taluku,Karnataka,0,0.43,0.84,1.03,3.22,3.72,3.82,4.76,4.05,2.77,1.46,1.35
16,75,Yaragatti taluku,Karnataka,0,0.17,0.96,0.6,5.57,2.02,3.86,5.82,2.72,2.67,1.44,1.41
16,75.25,Ramadurga taluku,Karnataka,0,0.13,0.74,0.35,7.06,1.61,3.38,7.33,2.74,2.69,0.9,1.27
16,75.5,Badami taluku,Karnataka,0,0.53,0.86,1.29,6.09,2.3,2.15,7.61,1.98,2.2,0.33,1.46
16,75.75,Guledgudda taluku,Karnataka,0,0.59,0.85,0.74,3.53,1.39,2.48,7.27,2.76,2.35,0.18,0.78
16,76,Kushtagi taluk,Karnataka,0,0.89,1.72,1.43,2.13,1.52,2.89,6.49,2.92,3.49,0.28,0.32
16,76.25,Ilkal taluka,Karnataka,0,0.34,1.32,0.89,3.32,0.73,1.92,7.74,2.82,2.24,0.1,0.16
16,76.5,Maski taluku,Karnataka,0,0.19,1.06,0.94,3.4,0.74,1.67,7.51,3.38,1.92,0.16,0.37
16,76.75,Maski taluku,Karnataka,0,0.06,0.6,0.96,3.41,1.82,2.53,10.16,3.4,1.75,0.18,0.47
16,77,Manvi taluku,Karnataka,0,0,0.47,0.36,2.77,1.51,3.92,11.49,3.57,1.53,0.29,0.16
16,77.25,Manvi taluku,Karnataka,0,0.01,0.78,0.54,2.75,2.15,5.04,6.5,3.66,1.97,0.4,0.02
16,77.5,Rayachuru taluku,Karnataka,0,0,1.15,0.46,1.99,2.28,4.73,5.6,3.64,1.7,0.26,0.03
16.25,74.5,Hukkeri taluk,Karnataka,0,0.13,0.37,0.6,2.35,2.07,6.01,6.44,2.95,4.3,1.63,0.69
16.25,74.75,Gokak taluku,Karnataka,0,0.48,0.53,0.91,2.41,3.99,2.6,4.68,4.05,2.08,1.18,1.3
16.25,75,Mudalagi taluku,Karnataka,0,0.04,0.59,0.53,3.52,1.68,2.58,4.23,1.34,2.25,0.68,0.74
16.25,75.25,Mudhola taluku,Karnataka,0,0.02,0.78,0.51,3.74,1.69,2.85,4.42,1.2,2.53,0.72,0.5
16.25,75.5,Bilagi,Karnataka,0,0.37,0.77,0.72,4.11,1.86,2.58,6.88,2.32,1.65,0.37,0.78
16.25,75.75,Bagalakote taluk,Karnataka,0,0.3,0.8,0.32,2.94,1.08,2.71,5.94,3.09,1.45,0.45,0.28
16.25,76,Bagalakote taluk,Karnataka,0,0.09,1.01,0.52,2.29,1.05,1.92,4.57,3.3,2.27,0.13,0.31
16.25,76.25,Muddebihala taluku,Karnataka,0,0.09,1.07,0.52,3.21,1.89,2.07,4.37,4.99,1.62,0.41,0.15
16.25,76.5,Lingasuguru taluku,Karnataka,0,0.12,0.76,0.99,3.15,0.61,1.79,6.96,3.59,1.9,0.22,0.1
16.25,76.75,Unknown,Karnataka,0,0.1,1.39,0.62,3.49,1.02,2.4,8.11,3.4,2.35,0.08,0.04
16.25,77,Unknown,Karnataka,0,0,1.59,0.61,3.04,1.57,3.24,9.26,2.78,1.69,0.38,0.06
16.25,77.25,Rayachuru taluku,Karnataka,0,0.03,1.33,0.57,2.58,1.52,3.87,8.89,2.82,2.4,0.71,0.02
16.5,74.5,Chikodi taluk,Karnataka,0,0,0.76,1.43,1.77,1.55,6.07,7.83,1.38,3.07,0.99,0.1
16.5,74.75,Raybag taluk,Karnataka,0,0.02,0.39,0.5,2.34,1.68,3.96,4.79,1.79,2.43,1.03,0.09
16.5,75,Rabakavi Banahatti taluku,Karnataka,0,0.21,1.63,0.64,2.36,1.53,3.44,4.73,1.75,2.67,0.21,1.1
16.5,75.25,Jamakhandi taluku,Karnataka,0,0.1,1.31,0.65,2.58,1.99,3.23,4.86,1.36,2.88,0.43,0.37
16.5,75.5,Babaleshwara taluk,Karnataka,0,0.2,0.84,0.7,2.16,1.93,3.17,6.25,2.46,1.96,0.56,0.4
16.5,75.75,Kolahara Taluku,Karnataka,0,0.21,0.86,0.36,3.06,0.98,2.63,4.99,3.33,1.71,0.39,0.21
16.5,76,Basavana Bagevadi Taluku,Karnataka,0,0.09,0.9,0.2,3.72,0.32,2.01,3.56,6,3.14,0.09,0.1
16.5,76.25,Talakoti Taluku,Karnataka,0,0.18,0.75,1.08,2.63,1.12,2.71,6.05,3.2,2.32,0.43,0.13
16.5,76.5,Hunasagi taluka,Karnataka,0,0.02,0.61,1.56,2.8,1.38,4.23,6.13,3.97,3,0.97,0.18
16.5,76.75,Shorapur,Karnataka,0,0.07,1.42,0.4,4,0.76,2.29,8.38,3.51,3,0.09,0.03
16.5,77,Unknown,Karnataka,0,0.03,1.15,0.06,1.7,1.65,4.2,8.16,3.18,2.79,0.51,0
16.5,77.25,Yadagiri taluku,Karnataka,0,0.1,0.68,0.75,2.7,1.41,4.31,7.74,2.54,3.3,1.18,0.07
16.75,75,Athani taluku,Karnataka,0,0.19,0.76,0.8,2.01,1.57,3.99,5.7,1.91,5.7,0.62,1.41
16.75,75.25,Athani taluku,Karnataka,0,0.44,0.64,1.17,2.43,2.16,4.16,7.15,3.71,2.46,0.5,0.35
16.75,75.5,Tikota taluka,Karnataka,0,0.19,0.77,0.77,1.95,1.99,4.21,7.34,2.8,2.06,0.53,0.41
16.75,75.75,Bijapur Taluk,Karnataka,0,0.12,1.07,0.82,2.49,0.68,3.46,6.75,2.36,1.45,0.33,0.43
16.75,76,Basavana Bagevadi Taluku,Karnataka,0,0.24,0.88,1.16,2.36,0.68,3.06,6.4,2.67,2.63,0.59,0.3
16.75,76.25,Sindagi taluku,Karnataka,0,0.16,0.69,0.61,2.1,0.74,2.19,7.09,2.11,2.01,0.53,0.08
16.75,76.5,Yadrami taluku,Karnataka,0,0.39,0.87,0.75,2.21,1.09,2.59,7.08,2.08,1.95,0.62,0.06
16.75,76.75,Shahapura taluku,Karnataka,0,0,2.21,0.2,2.6,0.14,2.26,10.32,2.1,2.63,0.3,0
16.75,77,Shahapura taluku,Karnataka,0,0.01,1.02,0.37,1.69,1.2,4.48,6.98,3.06,2.72,0.06,0.31
16.75,77.25,Yadagiri taluku,Karnataka,0,0.04,0.85,0.66,2.19,0.94,4.17,5.75,2.95,2.55,0.38,0.62
17,75.75,Bijapur Taluk,Karnataka,0,0.21,1.55,0.75,2.29,0.34,2.69,5.64,2.02,1.11,0.52,0.33
17,76,Indi taluku,Karnataka,0,0.34,0.93,1.24,2.11,0.83,3,6.28,2.12,2.61,0.75,0.28
17,76.25,Sindagi taluku,Karnataka,0,0.34,0.91,0.69,2.46,1.28,2.6,6.7,2.54,1.28,1.46,0.23
17,76.5,Jevargi taluku,Karnataka,0,0.1,0.87,0.34,2.51,0.86,2.12,7.9,2.58,1.47,0.89,0.33
17,76.75,Jevargi taluku,Karnataka,0,0,0.71,0.55,1.97,1.03,4.43,6.94,3.26,2.51,0.65,0.09
17,77,Chitapura taluku,Karnataka,0,0,0.8,0.89,1.88,1.05,4.16,5.77,3.64,2.49,0.69,0.17
17,77.25,Sedam taluku,Karnataka,0,0,1.27,0.79,2.26,1.06,3.64,7.47,4.57,1.62,0.37,0.51
17.25,75.75,Chadachana taluku,Karnataka,0,0.66,3.53,0.14,1.47,1.2,2.72,5.11,0.91,1.11,1.24,0.18
17.25,76,Indi taluku,Karnataka,0,0.73,2.35,0.77,2.14,1.21,2.85,6.38,1.34,1.09,1.39,0.29
17.25,76.25,Afzalpura taluku,Karnataka,0,0.73,1.24,0.93,3.32,2.53,4.31,9.16,2.01,1.3,1.94,0.17
17.25,76.5,Afzalpura taluku,Karnataka,0,0.34,0.9,1.09,2.9,1.88,2.84,8.42,2.97,1.41,1.01,0.59
17.25,76.75,Kalaburagi taluku,Karnataka,0,0.22,0.95,1.43,2.66,1.97,3.04,7.67,3.49,1.49,0.83,0.63
17.25,77,Chitapura taluku,Karnataka,0,0.02,1.54,1.35,2.27,1.28,3.23,6.3,3.84,1.29,1.33,0.11
17.25,77.25,Kalagi taluku,Karnataka,0,0,1.5,0.81,2.07,1.51,3.51,10.77,6.4,1.1,0.74,0
17.5,76.5,Alanda taluku,Karnataka,0,0.6,1.69,1.94,3.04,1.43,4.87,6.79,4.24,1.64,0.34,0.48
17.5,76.75,Alanda taluku,Karnataka,0,0.27,1.07,1.5,2.8,1.73,3.17,9.32,4.53,0.74,0.68,0.45
17.5,77,Kamalapura Taluku,Karnataka,0,0.03,1.04,1.5,2.99,1.13,2.97,7.25,5.24,0.9,1.45,0.2
17.5,77.25,Chincholi taluku,Karnataka,0,0.07,1.24,0.52,1.5,0.96,2.46,9.52,4.36,0.59,0.33,0.01
17.5,77.5,Chincholi taluku,Karnataka,0,0,1.76,0.63,1.77,1.79,3.19,8.39,5.14,0.8,0.44,0.01
17.75,76.75,Basavakalyana taluku,Karnataka,0,0.23,2.73,1.43,2.54,2.16,5.18,10.19,4.19,0.78,1,0.45
17.75,77,Basavakalyana taluku,Karnataka,0,0.21,2.27,0.78,2.72,1.88,2.61,7.22,2.71,0.77,1.41,0.43
17.75,77.25,Humanabad taluku,Karnataka,0,0.14,1.7,0.28,1.31,1.86,3.78,5.32,4.6,0.42,0.75,0.53
17.75,77.5,Bidar taluku,Karnataka,0,0.14,2.39,0.5,1.04,1.71,4.19,6.12,4.88,0.33,0.46,0.41
18,77,Hulasura taluku,Karnataka,0,0.22,2.22,0.81,2.92,2.04,4.45,8.6,3.6,0.81,1.38,0.39
18,77.25,Bhalki taluku,Karnataka,0,0.19,3.01,0.42,1.17,1.65,4.28,6.32,4.38,0.47,0.56,0.44
18,77.5,Bidar taluku,Karnataka,0,0.22,4.56,0.6,2.31,1.32,4.91,6.65,1.79,0.13,0.29,0.05
18.25,77.25,Kamalnagar taluku,Karnataka,0,0.59,2.43,0.56,1.21,0.87,3.16,8.34,1.91,1.12,0.12,0.22
18.25,77.5,Aurad taluku,Karnataka,0,0.26,1.91,0.46,1.39,2.57,5.65,4.59,3.05,0.28,0.21,0.04
8.5,77,Thiruvananthapuram,Kerala,0.78,0.52,0.71,3.68,10.57,3.01,2.63,13.91,5.19,8.02,6.29,2.76
8.75,76.75,Varkala,Kerala,0.26,0.26,0.49,4.85,9.53,6.86,5.65,15.58,6.85,10.2,4.62,1.48
8.75,77,Nedumangad,Kerala,0.24,0.32,1.04,2.67,8.2,4.61,4.85,10.34,5.56,10.29,5.73,1.86
9,76.75,Kottarakkara,Kerala,0.02,0.44,1.19,8.86,12.75,9.31,9.33,24.59,9.81,11.53,5.73,0.8
9,77,Punalur,Kerala,0.03,0.76,1.45,2.17,8.33,9.89,10.86,16.67,7.84,10.79,6.78,1.21
9.25,76.5,Karthikappally,Kerala,0,0.7,1.02,5.58,7.68,13.65,12.09,18.95,8.26,13.04,3.4,3.21
9.25,77,Konni,Kerala,0.18,0.5,1.18,1.95,7.1,3.57,4.13,6.66,3.6,9.38,5.91,2.62
9.25,77.25,Konni,Kerala,0.26,0.39,1.08,1.38,7.01,0.21,0.43,0.94,0.84,7.34,3.85,3.38
9.5,76.5,Kuttanad,Kerala,0.34,1.09,2.03,6.22,11.73,16.66,15.61,22.21,11.75,17.72,5.74,3.19
9.5,76.75,Changanassery,Kerala,0.2,0.71,1.06,5.35,9.49,19.61,25.41,27.86,13.33,14.9,5.46,1.77
9.5,77,Peerumade,Kerala,0.11,0.16,0.41,2.3,6.27,11.39,16.58,16.59,7.77,11.36,4.32,1.9
9.5,77.25,Peerumade,Kerala,0.14,0.22,1.03,0.86,6.84,0.72,0.25,1.48,0.83,7.31,3.62,2.75
9.75,76.5,Vaikom,Kerala,0.3,0.56,1.49,5.55,10.19,18.74,18.56,30.2,10.55,15.67,6.85,5.08
9.75,76.75,Meenachil,Kerala,0.1,0.73,0.68,3.17,7.73,17.59,31.85,29.94,16.59,14.16,5.39,2.01
9.75,77,Peerumade,Kerala,0.17,0.14,0.21,1.02,5.24,6.42,11.65,11.71,5.67,11,4.55,1.85
10,76.25,Kanayannur,Kerala,0.03,0.21,0.66,3.31,8.37,19,22.03,28.65,11.16,13.52,2.87,3.71
10,76.5,Kunnathunad,Kerala,0.09,0.26,0.86,4.28,8.42,18.85,21.45,30.96,11.37,13.56,4.3,4.69
10,76.75,Kothamangalam,Kerala,0,0.7,0.4,1.71,5.5,14.97,34.64,30.98,15.52,11.31,3.04,1.67
10,77,Devikulam,Kerala,0.02,0.68,0.72,1.39,4.06,9.59,25.28,22.54,9.43,8.3,1.9,1.7
10,77.25,Udumbanchola,Kerala,0.05,0.09,2.07,1.63,3.81,0.17,0.25,2.82,2.1,8.75,2.45,1.92
10.25,76.25,Chalakkudy,Kerala,0,0.06,0.33,2.88,6.66,14.82,21.15,26.81,10.06,15.88,4.6,1.82
10.25,76.5,Aluva,Kerala,0,0.06,0.46,1.99,4.96,13.18,22.48,25.02,11.11,10.8,1.54,1.96
10.25,76.75,Kothamangalam,Kerala,0,0.1,0.71,0.95,4.17,12.83,26,26.6,11.08,10.41,0.55,0.96
10.25,77.25,Devikulam,Kerala,0.45,0.42,2.01,1.15,7.94,0.99,1.82,9.56,7.61,15.16,2.24,3.98
10.5,76,Pālghāt,Kerala,0,0.07,0.02,1.63,11.02,19.63,22.4,23.85,11.49,11.21,2.64,0.57
10.5,76.25,Thrissur,Kerala,0,0.03,0.01,1.62,9.55,17.76,20.86,22.08,8.11,9.81,3.34,0.59
10.5,76.5,Alathur,Kerala,0,0.15,0.23,1.11,7.59,9.33,19.68,16.9,7.29,5.92,0.56,0.21
10.5,76.75,Chittur,Kerala,0,0.04,0.49,0.81,4.45,8.6,19.36,18.68,8.32,8.91,0.57,0.92
10.75,76,Ponnani,Kerala,0,0.18,0.03,0.93,7.26,13.35,19.12,21.03,7.54,12.13,2.58,0.49
10.75,76.25,Ottappalam,Kerala,0,0.01,0,3.91,6.68,15.82,23.95,24.41,9.64,13.39,3.13,0.49
10.75,76.5,Alathur,Kerala,0,0.16,0,1.18,6.39,8.25,23.32,18.03,9.12,7.11,0.17,0.4
10.75,76.75,Palakkad,Kerala,0,0.03,0,0.47,5.16,4.1,12.33,10.1,4.54,6.97,0.56,1.08
11,76,Ernad,Kerala,0,0.03,0,2.18,8.14,16.89,25.51,18.96,11.27,12.27,3.47,1.42
11,76.25,Perinthalmanna,Kerala,0,0.18,0.78,1.8,5.19,12.79,26.48,19.45,10.3,15.52,1.91,0.96
11,76.5,Mannarkad,Kerala,0,0.17,0.54,1.25,5.14,9.4,22.34,16.8,8.58,11.27,0.93,0.74
11.25,76,Ernad,Kerala,0.01,0.02,0.01,1.09,6.71,20.84,30.21,17.13,8.18,9.24,3.4,2.95
11.25,76.25,Nilambur,Kerala,0.03,0.04,0.03,0.87,5.73,15.44,28.33,16.74,10.69,8.49,2.97,2.54
11.5,75.75,Koyilandi,Kerala,0,0.12,0.09,4.21,7.94,20.89,38.66,25.46,14.35,10.75,2.87,1.14
11.5,76,Thamarassery,Kerala,0,0.14,0.07,3.92,7.02,21.46,41.33,25,17.05,10.74,2.6,1.93
11.5,76.25,Nilambur,Kerala,0.03,0.02,0.02,0.64,5.26,7.33,27.79,22.15,18.97,9.1,1.85,1.1
11.75,75.5,Thalassery,Kerala,0.01,0.17,0,2.3,8.76,19.77,37.11,29.24,11.88,9.46,3.07,0.66
11.75,75.75,Vadakara,Kerala,0,0.02,0.66,3.33,6.11,12.8,30.25,21.04,9.94,4.92,0.6,1.87
11.75,76,Mananthavady,Kerala,0,0.03,2.36,2.75,6.65,8.04,16.66,12.49,7.24,6.15,0.4,0.95
11.75,76.25,Sulthanbathery,Kerala,0.02,0.03,1.85,2.09,5.53,2.14,2.85,5.33,3.52,7.5,0.93,0.63
12,75.5,Taliparamba,Kerala,0.03,0.31,0.02,1.49,8.45,23.1,36.4,29.96,13.32,10.63,4.53,1.02
12,75.75,Iritty,Kerala,0,0.01,0.09,2.7,4.73,6.05,16.32,11.61,7.67,3.56,0.62,0.77
12.25,75.25,Hosdurg,Kerala,0.4,0.19,0.04,1.93,8.16,20.15,48.86,34.04,16.62,6.58,1.74,1.14
12.25,75.5,Taliparamba,Kerala,0.19,0.02,0.48,5.34,8.98,12.55,36.82,22.93,12.53,3.29,1.12,1.12
12.5,75,Kasaragod,Kerala,0.03,0.1,0.08,2.13,6.96,17.19,36.45,36.5,14.46,7.37,1.22,1.16
12.5,75.25,Kasaragod,Kerala,0.47,0.06,0,2.44,9.63,16.21,44.24,33.77,17.66,6.76,1.55,1
22.5,89,Kaliganj Upazila (Satkhira),Khulna Division,0,1.43,0.8,0,5.19,8.26,12.72,10.01,9.41,0.94,0,0.02
22.75,89,Satkhira Sadar Upazila,Khulna Division,0,1.29,0.69,0,4.99,7.7,12.31,10.09,8.24,1.23,0,0.02
23.25,88.75,Maheshpur Upazila,Khulna Division,0,2.08,0.63,0,3.16,5.88,8.01,9.12,6.35,2.1,0,0.02
23.5,88.75,Damurhuda Upazila,Khulna Division,0,2.48,0.68,0,2.53,5.98,7.62,9.13,6.15,2.08,0,0
34.5,73.25,Mansehra District,Khyber Pakhtunkhwa,2.01,5.18,12.41,5.05,4.65,1.31,1.6,1.56,6.09,1.23,2.06,0.05
34.75,73.25,Mansehra District,Khyber Pakhtunkhwa,1.91,5.13,12.82,5.08,4.68,1.29,1.51,1.46,5.51,1.2,2.1,0.05
34.75,73.5,Mansehra District,Khyber Pakhtunkhwa,1.98,5.16,12.54,5.06,4.66,1.31,1.57,1.53,5.91,1.22,2.07,0.05
35,73.75,Mansehra District,Khyber Pakhtunkhwa,1.95,5.14,12.69,5.07,4.66,1.29,1.53,1.49,5.67,1.21,2.09,0.05
35,74,Mansehra District,Khyber Pakhtunkhwa,2.13,5.09,12.42,5.03,4.58,1.29,1.56,1.53,5.85,1.21,2.04,0.05
35.5,73.5,Upper Kohistan District,Khyber Pakhtunkhwa,1.85,5.1,13.02,5.09,4.7,1.28,1.47,1.41,5.22,1.19,2.12,0.05
35.5,73.75,Upper Kohistan District,Khyber Pakhtunkhwa,1.85,5.1,13.02,5.09,4.7,1.28,1.47,1.41,5.22,1.19,2.12,0.05
35.75,73,Upper Kohistan District,Khyber Pakhtunkhwa,0.06,0.16,0.39,0.14,0.14,0.04,1.38,1.27,1.98,0.21,0.07,0
36,72.5,Unknown,Khyber Pakhtunkhwa,0,0,0,0,0,0.01,1.39,1.27,1.89,0.19,0.01,0
36.25,72.5,Unknown,Khyber Pakhtunkhwa,0,0,0,0,0,0.01,1.4,1.28,1.89,0.19,0.01,0
36.5,72.5,Unknown,Khyber Pakhtunkhwa,0,0,0,0,0,0.01,1.4,1.28,1.89,0.19,0.01,0
36.5,72.75,Unknown,Khyber Pakhtunkhwa,0,0,0,0,0,0.01,1.39,1.27,1.89,0.19,0.01,0
36.75,73,Chitrāl District,Khyber Pakhtunkhwa,0,0,0,0,0,0.01,1.39,1.27,1.89,0.19,0.01,0
36.75,73.25,Chitrāl District,Khyber Pakhtunkhwa,0.04,0.11,0.28,0.1,0.1,0.03,1.39,1.27,1.96,0.2,0.05,0
36.75,73.5,Chitrāl District,Khyber Pakhtunkhwa,0.16,0.46,1.16,0.44,0.42,0.12,1.4,1.28,2.19,0.27,0.19,0
36.75,73.75,Chitrāl District,Khyber Pakhtunkhwa,0.38,1.07,2.72,1.06,0.98,0.27,1.4,1.3,2.58,0.4,0.45,0.01
26.5,87.25,Morang,Koshi Province,0.17,0.8,0.1,0.27,5.03,8.52,8.27,13.57,7.32,0.7,0,0.01
26.5,87.5,Morang,Koshi Province,0.1,0.52,0.12,0.26,7.23,16.83,10.61,19.2,9.32,0.53,0,0
26.5,87.75,Jhapa,Koshi Province,0.01,0.43,0.03,0.08,6.39,16.77,10.79,20.22,13.26,0.69,0,0
26.5,88,Jhapa,Koshi Province,0.02,0.51,0.12,0.52,9.66,20.39,10.77,22.28,12.52,2.16,0.01,0.01
26.75,87,Udayapur,Koshi Province,0.18,0.82,0.07,0.32,4.71,8.2,7.91,12.78,6.38,0.75,0,0.01
26.75,88,Jhapa,Koshi Province,0.01,0.47,0.24,0.66,9.96,23.95,11.2,25.96,14.03,2.05,0.03,0.04
27,88,Ilam District,Koshi Province,0,0.26,1.09,1.5,6.88,16.12,18.2,18.95,14.82,1.4,0.06,0.08
27.25,88,Panchthar,Koshi Province,0,0.15,1.46,2,7.74,14.38,15,17.49,11,1.03,0.04,0.11
27.5,88,Taplejung,Koshi Province,0,0.21,2.13,3.71,15.16,16.42,17.06,17.25,9.66,0.75,0.07,0.16
27.75,88,Taplejung,Koshi Province,0,0.21,2.19,3.86,14.87,16.28,17.29,16.99,9.39,0.81,0.07,0.16
32.5,79,Unknown,Ladakh,2.61,4.75,3.59,3.32,1.81,0.26,2.27,0.8,0.9,0.18,0.02,1.64
32.75,78,Unknown,Ladakh,2.1,5.4,6.27,2.44,2.71,0.94,2.93,2.18,2.4,0.62,0.21,1.52
32.75,78.25,Unknown,Ladakh,2.46,4.89,4.05,3.35,1.97,0.35,2.45,1.04,1.11,0.23,0.04,1.66
32.75,78.5,Unknown,Ladakh,2.61,4.75,3.59,3.32,1.81,0.26,2.27,0.8,0.9,0.18,0.02,1.63
32.75,78.75,Unknown,Ladakh,2.61,4.75,3.59,3.32,1.81,0.26,2.27,0.8,0.9,0.18,0.02,1.68
32.75,79,Unknown,Ladakh,2.61,4.75,3.59,3.32,1.81,0.26,2.27,0.8,0.9,0.18,0.02,1.66
32.75,79.25,Unknown,Ladakh,2.61,4.75,3.59,3.32,1.81,0.26,2.27,0.8,0.9,0.18,0.02,1.65
33,77,Zanskar,Ladakh,2.16,5.07,4.39,1.39,2.25,1.46,6.49,5.54,2.1,0.62,0.12,1.48
33,77.25,Zanskar,Ladakh,2.14,5.11,5.08,1.67,2.38,1.14,4.35,3.54,2.18,0.59,0.17,1.37
33,77.5,Unknown,Ladakh,2.14,5.14,5.58,1.9,2.5,1.06,3.68,2.96,2.29,0.61,0.19,1.38
33,77.75,Unknown,Ladakh,2.02,4.99,5.81,2.05,2.51,0.9,2.71,2.07,2.31,0.59,0.21,1.3
33,78,Unknown,Ladakh,1.98,4.96,5.88,2.09,2.53,0.9,2.69,2.06,2.34,0.6,0.21,1.13
33,78.25,Unknown,Ladakh,0.55,0.85,0.84,0.26,0.41,0.13,0.52,0.27,0.7,0.07,0.03,0.21
33,78.5,Unknown,Ladakh,1.13,1.87,1.47,1.19,0.75,0.12,0.99,0.36,0.68,0.07,0.02,0.61
33,78.75,Unknown,Ladakh,1.87,3.3,2.53,2.25,1.28,0.19,1.63,0.57,0.79,0.13,0.02,1.15
33,79,Unknown,Ladakh,2.24,4.03,3.06,2.79,1.54,0.22,1.95,0.68,0.84,0.15,0.02,1.4
33.25,76.75,Zanskar,Ladakh,2.08,5.15,4.46,1.55,2.47,2.17,10.88,9.33,2.34,0.81,0.04,1.78
33.25,77,Zanskar,Ladakh,1.93,4.63,3.65,1.07,1.98,1.62,7.79,6.85,1.91,0.6,0.07,1.49
33.25,77.25,Zanskar,Ladakh,1.55,3.57,2.87,0.81,1.52,1.07,4.95,4.23,1.53,0.42,0.08,1.07
33.25,77.5,Unknown,Ladakh,0.89,1.77,1.52,0.43,0.77,0.4,1.7,1.3,0.96,0.17,0.05,0.47
33.25,77.75,Unknown,Ladakh,0.48,0.67,0.59,0.16,0.3,0.1,0.43,0.2,0.61,0.05,0.03,0.16
33.25,78,Unknown,Ladakh,0.25,0.11,0.05,0,0.07,0.01,0.2,0.03,0.45,0,0,0.03
33.25,78.25,Unknown,Ladakh,0.23,0.04,0.01,0,0.04,0.01,0.19,0.03,0.44,0,0,0.01
33.25,78.5,Unknown,Ladakh,0.23,0.04,0.01,0,0.04,0.01,0.19,0.03,0.44,0,0,0.01
33.25,78.75,Unknown,Ladakh,1.05,1.67,1.27,1.13,0.66,0.1,0.9,0.3,0.61,0.06,0.01,0.58
33.25,79,Unknown,Ladakh,1.64,2.85,2.16,1.96,1.1,0.16,1.43,0.49,0.73,0.11,0.01,0.99
33.5,76.75,Zanskar,Ladakh,1.85,4.53,3.77,1.29,2.14,2.14,10.95,9.72,2.13,0.75,0.01,1.72
33.5,77,Zanskar,Ladakh,1.37,3.16,2.41,0.73,1.34,1.3,6.5,5.77,1.5,0.45,0.03,1.11
33.5,77.25,Zanskar,Ladakh,0.6,1.06,0.78,0.2,0.41,0.33,1.65,1.32,0.75,0.12,0.02,0.32
33.5,77.5,Unknown,Ladakh,0.31,0.29,0.2,0.04,0.13,0.08,0.52,0.32,0.51,0.02,0,0.09
33.5,77.75,Unknown,Ladakh,0.24,0.07,0.03,0,0.05,0.01,0.19,0.03,0.45,0,0,0.02
33.5,78,Unknown,Ladakh,0.23,0.03,0.01,0,0.04,0.01,0.19,0.03,0.44,0,0,0.01
33.5,78.25,Unknown,Ladakh,0.23,0.04,0.01,0,0.04,0.01,0.19,0.03,0.44,0,0,0.01
33.5,78.5,Unknown,Ladakh,0.23,0.04,0.01,0,0.04,0.01,0.19,0.03,0.44,0,0,0.01
33.5,78.75,Unknown,Ladakh,0.5,0.58,0.43,0.37,0.24,0.03,0.42,0.11,0.49,0.02,0,0.2
33.75,76.5,Zanskar,Ladakh,1.77,4.36,4.34,1.65,2.33,2.2,11.46,9.84,2.31,0.83,0,1.69
33.75,76.75,Zanskar,Ladakh,1,2.38,1.84,0.62,1.11,1.17,6.1,5.49,1.4,0.39,0,0.93
33.75,77,Unknown,Ladakh,0.32,0.39,0.27,0.09,0.19,0.17,1.01,0.79,0.68,0.06,0,0.14
33.75,77.25,Unknown,Ladakh,0.22,0.1,0.04,0.01,0.05,0.03,0.32,0.15,0.54,0,0,0.03
33.75,77.5,Unknown,Ladakh,0.21,0.05,0.01,0,0.04,0.01,0.19,0.03,0.52,0,0,0.01
33.75,77.75,Unknown,Ladakh,0.21,0.04,0.01,0,0.04,0.01,0.19,0.03,0.5,0,0,0.01
33.75,78,Unknown,Ladakh,0.23,0.03,0.01,0,0.04,0.01,0.19,0.03,0.45,0,0,0.01
33.75,78.25,Unknown,Ladakh,0.23,0.03,0.01,0,0.04,0.01,0.19,0.03,0.44,0,0,0.01
33.75,78.5,Unknown,Ladakh,0.23,0.04,0.01,0,0.04,0.01,0.19,0.03,0.44,0,0,0.01
33.75,78.75,Unknown,Ladakh,0.23,0.03,0.01,0,0.04,0.01,0.19,0.03,0.44,0,0,0.01
34,76,Sankoo tehsil,Ladakh,6.07,3.08,9.78,5.96,3.7,0.87,1.68,4.58,13.32,1.24,0.78,0
34,76.25,Sankoo tehsil,Ladakh,4.92,3.97,7.92,4.47,3.32,1.55,6.18,7.98,9.03,1.11,0.53,0.77
34,76.5,Sankoo tehsil,Ladakh,0.6,1.13,0.9,0.34,0.55,0.54,2.87,2.55,1.34,0.18,0.01,0.42
34,76.75,Unknown,Ladakh,0.18,0.22,0.13,0.04,0.1,0.08,0.59,0.4,0.87,0.02,0,0.07
34,77,Unknown,Ladakh,0.15,0.08,0.02,0.01,0.04,0.01,0.24,0.08,0.74,0,0,0.02
34,77.25,Unknown,Ladakh,0.2,0.04,0.01,0,0.04,0.01,0.19,0.03,0.55,0,0,0.01
34,77.5,Unknown,Ladakh,0.21,0.04,0.01,0,0.04,0.01,0.19,0.03,0.51,0,0,0.01
34,77.75,Unknown,Ladakh,0.21,0.04,0.01,0,0.04,0.01,0.19,0.03,0.5,0,0,0.01
34,78,Unknown,Ladakh,0.22,0.04,0.01,0,0.04,0.01,0.19,0.03,0.49,0,0,0.01
34,78.25,Unknown,Ladakh,0.22,0.03,0.01,0,0.04,0.01,0.19,0.03,0.46,0,0,0.01
34,78.5,Unknown,Ladakh,0.23,0.03,0.01,0,0.04,0.01,0.19,0.03,0.44,0,0,0.01
34.25,75.5,Drass,Ladakh,5.68,2.64,10.18,5.83,2.83,0.86,1.99,4,9.58,1.32,0.75,0
34.25,75.75,Sankoo tehsil,Ladakh,6.05,2.86,10.39,6.02,3.18,0.91,1.9,4.41,10.97,1.3,0.77,0
34.25,76,Sankoo tehsil,Ladakh,6.39,3.01,10.6,6.26,3.43,0.93,1.93,4.59,11.52,1.3,0.81,0
34.25,76.25,Sankoo tehsil,Ladakh,3.76,1.54,4.89,3.01,1.92,0.43,0.97,2.24,6.57,0.59,0.4,0
34.25,76.5,Kargil Tehsil,Ladakh,0.13,0.12,0.04,0.02,0.05,0.03,0.31,0.14,0.91,0,0,0.03
34.25,76.75,Unknown,Ladakh,0.12,0.07,0,0,0.03,0.01,0.19,0.03,0.81,0,0,0.01
34.25,77,Unknown,Ladakh,0.1,0.07,0,0.01,0.03,0,0.18,0.03,0.9,0,0,0.01
34.25,77.25,Unknown,Ladakh,0.19,0.04,0.01,0,0.04,0.01,0.19,0.03,0.56,0,0,0.01
34.25,77.5,Unknown,Ladakh,0.22,0.03,0.01,0,0.04,0.01,0.18,0.03,0.47,0,0,0.01
34.25,77.75,Unknown,Ladakh,0.2,0.04,0.01,0,0.04,0.01,0.19,0.03,0.55,0,0,0.01
34.25,78,Unknown,Ladakh,0.2,0.04,0.01,0,0.04,0.01,0.19,0.03,0.54,0,0,0.01
34.25,78.25,Unknown,Ladakh,0.21,0.04,0.01,0,0.04,0.01,0.19,0.03,0.5,0,0,0.01
34.25,78.5,Unknown,Ladakh,0.23,0.03,0.01,0,0.04,0.01,0.19,0.03,0.45,0,0,0.01
34.25,78.75,Unknown,Ladakh,0.23,0.04,0.01,0,0.04,0.01,0.19,0.03,0.44,0,0,0.01
34.5,75.5,Drass,Ladakh,5.79,2.45,9.95,5.57,2.41,0.86,2.08,3.66,8.2,1.32,0.71,0
34.5,75.75,Drass,Ladakh,5.8,2.66,10.43,5.93,2.8,0.89,2.09,4.05,9.09,1.33,0.76,0
34.5,76,Drass,Ladakh,6.26,2.82,10.52,6.12,3.11,0.91,2.06,4.31,9.85,1.29,0.8,0
34.5,76.25,Kargil Tehsil,Ladakh,2.01,0.5,1.62,0.93,0.6,0.14,0.46,0.67,2.23,0.17,0.12,0
34.5,76.5,Kargil Tehsil,Ladakh,0.08,0.07,0,0.01,0.03,0,0.18,0.03,0.98,0,0,0
34.5,76.75,Unknown,Ladakh,0.05,0.08,0,0.01,0.03,0,0.18,0.03,1.07,0,0,0
34.5,77,Unknown,Ladakh,0.03,0.09,0,0.01,0.02,0,0.18,0.03,1.13,0,0,0
34.5,77.25,Unknown,Ladakh,0.02,0.1,0,0.01,0.02,0,0.18,0.03,1.17,0,0,0
34.5,77.5,Unknown,Ladakh,0.07,0.07,0,0.01,0.03,0,0.18,0.03,0.98,0,0,0
34.5,77.75,Unknown,Ladakh,0.16,0.05,0,0,0.04,0.01,0.19,0.03,0.69,0,0,0.01
34.5,78,Unknown,Ladakh,0.17,0.05,0,0,0.04,0.01,0.19,0.03,0.66,0,0,0.01
34.5,78.25,Unknown,Ladakh,0.18,0.05,0.01,0,0.04,0.01,0.19,0.03,0.59,0,0,0.01
34.5,78.5,Unknown,Ladakh,0.22,0.04,0.01,0,0.04,0.01,0.18,0.03,0.48,0,0,0.01
34.75,76.5,Unknown,Ladakh,0.02,0.09,0,0.01,0.02,0,0.18,0.03,1.17,0,0,0
34.75,76.75,Unknown,Ladakh,0.03,0.09,0,0.01,0.02,0,0.18,0.03,1.14,0,0,0
34.75,77,Unknown,Ladakh,0.02,0.1,0,0.01,0.02,0,0.18,0.03,1.17,0,0,0
34.75,77.25,Unknown,Ladakh,0.01,0.1,0,0.01,0.02,0,0.18,0.03,1.19,0,0,0
34.75,77.5,Unknown,Ladakh,0.04,0.09,0,0.01,0.02,0,0.18,0.03,1.1,0,0,0
34.75,77.75,Unknown,Ladakh,0.07,0.07,0,0.01,0.03,0,0.18,0.03,0.98,0,0,0
34.75,78,Unknown,Ladakh,0.1,0.07,0,0.01,0.03,0,0.18,0.03,0.9,0,0,0.01
35,77,Unknown,Ladakh,0.02,0.09,0,0.01,0.02,0,0.18,0.03,1.17,0,0,0
35,77.25,Unknown,Ladakh,0.02,0.09,0,0.01,0.02,0,0.18,0.03,1.16,0,0,0
35,77.5,Unknown,Ladakh,0.03,0.09,0,0.01,0.02,0,0.18,0.03,1.13,0,0,0
35,77.75,Unknown,Ladakh,0.04,0.09,0,0.01,0.02,0,0.18,0.03,1.09,0,0,0
35,78,Unknown,Ladakh,0.05,0.08,0,0.01,0.03,0,0.18,0.03,1.05,0,0,0
35.25,77,Unknown,Ladakh,0.01,0.1,0,0.01,0.02,0,0.18,0.03,1.2,0,0,0
35.25,77.25,Unknown,Ladakh,0.01,0.1,0,0.01,0.02,0,0.18,0.03,1.19,0,0,0
35.25,77.5,Unknown,Ladakh,0.02,0.1,0,0.01,0.02,0,0.18,0.03,1.18,0,0,0
35.25,77.75,Unknown,Ladakh,0.02,0.1,0,0.01,0.02,0,0.18,0.03,1.17,0,0,0
35.25,78,Unknown,Ladakh,0.02,0.1,0,0.01,0.02,0,0.18,0.03,1.17,0,0,0
35.5,77,Unknown,Ladakh,0.01,0.1,0,0.01,0.02,0,0.18,0.03,1.21,0,0,0
35.5,77.25,Unknown,Ladakh,0.01,0.1,0,0.01,0.02,0,0.18,0.03,1.21,0,0,0
27.5,83,Kapilvastu,Lumbini Province,0.35,0.4,0.07,0,1.41,4.31,3.61,7.92,3.57,5.1,0,0.13
27.5,83.25,Rupandehi,Lumbini Province,0.37,0.43,0.08,0,1.67,4.81,3.45,8.26,3.41,4.96,0,0.14
27.5,83.5,Rupandehi,Lumbini Province,0.3,0.39,0.07,0,1.62,4.49,3.21,8.65,3.16,4.58,0,0.12
27.5,83.75,Nawalparasi W,Lumbini Province,0.23,0.36,0.07,0,1.35,3.67,2.88,7.81,2.81,3.56,0,0.09
27.75,82.5,Dang,Lumbini Province,0.42,0.77,0.01,0.01,0.15,2.07,7.91,8.12,3.36,3.19,0,0.19
27.75,82.75,Kapilvastu,Lumbini Province,0.33,0.58,0.02,0.01,0.46,2.49,4.24,7.22,3.16,4.23,0,0.16
28,81.75,Banke,Lumbini Province,0.89,1.5,0.04,0.02,0.01,2.14,16.36,10.96,7.17,1.27,0,0.55
28,82,Banke,Lumbini Province,0.77,1.37,0.02,0.02,0.02,2.24,15.85,10.8,6.18,1.51,0,0.48
28,82.25,Dang,Lumbini Province,0.54,0.98,0,0.02,0.05,2.27,14.47,10.32,5.27,1.78,0,0.26
28.25,81.5,Bardiya,Lumbini Province,1.62,0.95,0.14,0.07,0.09,2.13,17.94,10.86,7.19,1.46,0,0.6
28.5,81.25,Bardiya,Lumbini Province,1.83,0.43,0.27,0.14,0.18,2.95,19.65,8.28,6.78,2.53,0,0.55
26.5,86.75,Saptari,Madhesh Province,0.2,0.84,0.15,0.34,4.55,6.41,7.51,12.37,5.42,0.92,0,0.02
26.75,85.75,Mahottari,Madhesh Province,0.17,1.46,0.2,0,2.84,5.5,6.5,11.59,2.74,4.05,0,0.04
26.75,86,Dhanusha,Madhesh Province,0.18,1.44,0.21,0.01,4.07,3.76,7.68,14.44,3.49,3.25,0,0.01
26.75,86.25,Siraha,Madhesh Province,0.15,1,0.16,0.13,4.95,4.29,8.54,14.48,4.32,1.54,0,0.02
26.75,86.5,Siraha,Madhesh Province,0.21,0.87,0.14,0.23,4.78,5.32,8.04,13.51,4.97,1.03,0,0.02
27,85,Bara,Madhesh Province,0.37,1.24,0.29,0,4.54,6.61,7.49,13.28,8.62,5.88,0,0.11
27,85.25,Rautahat,Madhesh Province,0.19,1.21,0.21,0,3.89,6.56,7.09,11.76,3.67,4.23,0,0.01
27,85.5,Sarlahi,Madhesh Province,0.09,1.35,0.18,0,2.82,5.91,6.31,10.85,2.97,4.1,0,0.03
27.25,84.75,Parsa,Madhesh Province,0.47,1.3,0.38,0,5.23,6.54,8.04,15.22,7.94,5.8,0,0.13
21.25,76.25,Burhanpur Tahsil,Madhya Pradesh,0.09,0.31,0.25,0,0,0.25,11.44,2.11,7,0,0.06,1.3
21.25,76.5,Khaknar Tahsil,Madhya Pradesh,0.16,0.89,0.49,0,0,0.57,10.38,3.46,7.17,0,0.08,0.96
21.5,75.25,Varla,Madhya Pradesh,0.16,0.21,0.35,0,0.08,0.88,12.92,3.76,8.09,0.1,0.43,1.01
21.5,75.5,Bhagwanpura Tahsil,Madhya Pradesh,0.37,0.67,0.86,0,0.05,0.72,13.12,3.18,7.29,0.06,0.34,1
21.5,75.75,Jhiranya Tahsil,Madhya Pradesh,0.28,0.88,0.59,0,0.03,0.16,13.99,2.56,6.16,0.01,0.12,0.86
21.5,76,Nepanagar Tahsil,Madhya Pradesh,0.13,0.55,0.27,0.01,0,0.09,14.22,3.25,7.52,0,0.36,1.11
21.5,76.25,Nepanagar Tahsil,Madhya Pradesh,0.36,1.01,0.25,0.04,0,0.14,18.29,4.25,10.94,0,0.74,1.01
21.5,76.5,Nepanagar Tahsil,Madhya Pradesh,0.42,1.05,0.36,0.04,0,0.25,18.5,4.98,10.97,0,0.86,0.84
21.5,76.75,Khaknar Tahsil,Madhya Pradesh,0.16,1.42,0.58,0,0,0.93,10.6,3.35,7.08,0.01,0.06,0.61
21.5,77.5,Bhainsdehi Tahsil,Madhya Pradesh,0.01,1.53,0.25,0,0,0.62,17.96,2.84,5.02,0.66,0.09,0.27
21.5,77.75,Bhainsdehi Tahsil,Madhya Pradesh,0.01,1.11,0.27,0,0,1.42,17.88,5.56,4.02,0.14,0.04,0.22
21.5,78,Prabhatpattan Tahsil,Madhya Pradesh,0.01,0.73,0.68,0,0,1.83,14.6,5.67,3.61,0.64,0.04,0.01
21.5,78.75,Sausar Tahsil,Madhya Pradesh,0.31,1.27,0.88,0.02,0,2.89,11.5,5.31,3.45,0.75,0.54,0.01
21.5,80.5,Lanji Tahsil,Madhya Pradesh,0.02,1.97,0.47,0.09,0.12,4.22,13.74,4.74,3.84,1.09,0,0
21.75,74.75,Pansemal Tahsil,Madhya Pradesh,0.29,0.45,0.08,0,0,0.56,10.98,4.58,7.12,0.46,0.04,0.49
21.75,75,Barwani Tahsil,Madhya Pradesh,0.03,0.07,0.01,0,0,0.04,12.73,5.75,7.57,0.04,0,0.06
21.75,75.25,Sendhwa Tahsil,Madhya Pradesh,0.15,0.24,0.08,0,0,0.6,12.15,4.17,8.59,0,0.18,0.19
21.75,75.5,Khargone Tahsil,Madhya Pradesh,0.3,0.29,0.14,0,0,0.68,13.15,2.94,7.66,0,0.34,0.12
21.75,75.75,Bhagwanpura Tahsil,Madhya Pradesh,0.39,0.84,0.08,0,0,0.21,17.27,3.07,7.56,0,0.43,0.1
21.75,76,Jhiranya Tahsil,Madhya Pradesh,0.25,0.67,0.19,0.02,0,0.07,18.87,5.43,9.05,0,0.88,0.45
21.75,76.25,Pandhana Tahsil,Madhya Pradesh,1.04,2.81,0.3,0.11,0,0.33,26.44,7.04,17.64,0,1.63,0.59
21.75,76.5,Khandwa Tahsil,Madhya Pradesh,0.7,1.88,0.24,0.05,0,0.25,20.85,5.39,14.07,0,0.95,0.55
21.75,76.75,Khalwa Tahsil,Madhya Pradesh,0.56,1.95,0.54,0.03,0,0.26,20,4.16,15.12,0,0.49,0.46
21.75,77,Khalwa Tahsil,Madhya Pradesh,0.05,1.78,0.43,0,0,0.27,17.7,2.86,10.61,0.29,0.04,0.34
21.75,77.25,Bhimpur Tahsil,Madhya Pradesh,0.06,1.75,0.31,0,0,0.75,19.41,3.83,5.29,0.52,0.02,0.24
21.75,77.5,Bhimpur Tahsil,Madhya Pradesh,0.12,1.99,0.17,0,0,0.54,22,3.37,5.09,0.82,0.02,0.05
21.75,77.75,Bhainsdehi Tahsil,Madhya Pradesh,0.17,1.35,0.14,0.06,0.09,1.22,22.69,4.41,3.87,0.6,0.24,0.14
21.75,78,Betul Tahsil,Madhya Pradesh,0.12,1.35,0.42,0.01,0,1.56,17.68,6.36,2.95,1.54,0.27,0.02
21.75,78.25,Multai Tahsil,Madhya Pradesh,0.29,1.22,0.47,0,0,1.87,15.36,6.15,2.99,1.22,0.34,0
21.75,78.5,Pandhurna Tahsil,Madhya Pradesh,0.78,1.3,0.35,0.01,0.03,3.34,9.72,6.26,3.42,0.69,0.63,0.15
21.75,78.75,Sausar Tahsil,Madhya Pradesh,0.48,1.4,0.47,0.01,0.15,5.3,10.81,9.38,4.8,2.53,0.27,0.54
21.75,79,Bichhua Tahsil,Madhya Pradesh,0.32,1.39,0.58,0.01,0.38,5.64,11.29,9.81,5.15,3.12,0.12,0.63
21.75,79.25,Kurai Tahsil,Madhya Pradesh,0.55,1.09,0.98,1,0.62,3.53,13.11,5.57,4.02,1.12,0.33,0.83
21.75,79.5,Kurai Tahsil,Madhya Pradesh,0.55,0.96,1.22,0.91,0.08,3.08,14.79,6.21,3.94,0.8,0.1,1.37
21.75,79.75,Katangi Tahsil,Madhya Pradesh,0.14,1.17,0.81,0.28,0,2.87,12.86,8.09,4.49,0.97,0,0.58
21.75,80,Waraseoni Tahsil,Madhya Pradesh,0.12,1.85,0.86,0.02,0.01,5.1,13.07,10.16,4.45,1.55,0,0.42
21.75,80.25,Kirnapur Tahsil,Madhya Pradesh,0.01,1.9,1,0.16,0.15,4.46,13.17,6.18,7.5,2.68,0,0.04
21.75,80.5,Birsa Tahsil,Madhya Pradesh,0.15,1.71,0.87,0.33,0.31,4.38,15.18,6.63,5.07,2.81,0,0.25
22,74.25,Sondwa Tehsil,Madhya Pradesh,0.57,0.09,0.99,0,0.01,0.06,10.59,5.48,6.58,0.16,0.15,0
22,74.5,Pati Tahsil,Madhya Pradesh,0.48,0.47,0.83,0,0,0.55,8.54,3.54,7.03,0.45,0,0.44
22,74.75,Pati Tahsil,Madhya Pradesh,0.58,1.01,0,0,0,0.59,5.99,1.99,6.23,0.34,0,0.17
22,75,Barwani Tahsil,Madhya Pradesh,0.5,1.08,0,0,0,0.69,9.52,4.34,8.04,0.7,0,0.83
22,75.25,Thikri Tahsil,Madhya Pradesh,0.04,0.47,0.01,0,0,1.55,8.67,5.02,13.46,0,0.05,0.88
22,75.5,Kasrawad Tahsil,Madhya Pradesh,0.25,0.93,0.11,0,0,0.99,10.55,2.96,11.02,0,0.39,0.12
22,75.75,Kasrawad Tahsil,Madhya Pradesh,0.35,0.94,0.02,0,0,0.21,16.57,2.72,8.05,0.06,0.48,0.02
22,76,Bhikangaon Tahsil,Madhya Pradesh,0.46,1.25,0.09,0.03,0,0.13,19.44,4.86,10.76,0.11,0.94,0.21
22,76.25,Khandwa Tahsil,Madhya Pradesh,0.87,2.35,0.24,0.08,0,0.31,22.98,6.23,15.66,0.01,1.26,0.57
22,76.5,Khandwa Tahsil,Madhya Pradesh,0.75,1.83,0.21,0.01,0,0.32,16,3.69,13.36,0,0.14,0.52
22,76.75,Harsud Tahsil,Madhya Pradesh,0.7,1.63,0.24,0,0,0.1,18.34,3.29,14.02,0,0.09,0.34
22,77,Sirali Tahsil,Madhya Pradesh,0.27,1.44,0.26,0,0,0.22,18.12,3.21,12.82,0,0.04,0.41
22,77.25,Rehatgarh Tahsil,Madhya Pradesh,0.09,1.74,0.47,0,0,0.87,20.06,4.53,6.87,0.3,0.03,0.2
22,77.5,Bhimpur Tahsil,Madhya Pradesh,0.14,1.65,0.64,0,0,1.33,18.98,5.71,6.15,0.07,0.04,0.23
22,77.75,Betul Tahsil,Madhya Pradesh,0.16,1.3,0.46,0.06,0.1,1.31,22.15,4.41,4.55,0.61,0.28,0.12
22,78,Betul Tahsil,Madhya Pradesh,0.13,1.47,0.4,0.03,0.04,1.46,19.55,5.62,3.46,1.16,0.27,0.08
22,78.25,Amla Tahsil,Madhya Pradesh,0.38,1.77,0.41,0.01,0.01,1.93,15.8,6.27,4.16,1.22,0.4,0.09
22,78.5,Jamai Tahsil,Madhya Pradesh,0.59,1.59,0.38,0.05,0.08,3.95,10.27,6.68,4.04,1.38,0.44,0.39
22,78.75,Mohkhed Tahsil,Madhya Pradesh,0.64,1.39,0.37,0.09,0.05,3.31,9.06,4.58,3.79,0.58,0.56,0.37
22,79,Chhindwara Tahsil,Madhya Pradesh,0.63,1.3,0.4,0.2,0.18,4.48,11.1,7.86,4.51,1.88,0.43,0.47
22,79.25,Chand Tahsil,Madhya Pradesh,1.05,1.06,0.72,1.84,0.42,3.68,13.19,4.76,3.66,0.55,0.77,0.54
22,79.5,Seoni Tahsil,Madhya Pradesh,1.03,1.1,1.03,1.69,0.34,3.44,12.98,4.46,3.71,0.52,0.59,0.68
22,79.75,Barghat Tahsil,Madhya Pradesh,0.46,1.26,0.81,0.3,0.01,3.5,12.94,7.96,4.32,1.12,0,0.7
22,80,Lalbarra Tahsil,Madhya Pradesh,0.14,1.6,0.77,0,0,4.4,12.8,8.86,5.52,1.56,0,0.27
22,80.25,Balagat Tahsil,Madhya Pradesh,0.22,1.85,0.88,0.31,0.3,4.23,16.09,8.66,5.86,3.04,0,0.42
22,80.5,Baihar Tahsil,Madhya Pradesh,0.34,1.99,1.03,0.47,0.46,4.39,18.4,9.2,5.53,3.67,0,0.59
22,80.75,Birsa Tahsil,Madhya Pradesh,0.15,1.41,0.86,0.36,0.29,4.39,16.14,7.53,5.04,3.99,0,0.27
22.25,74.25,Kathiwada Tehsil,Madhya Pradesh,0.44,0,1.16,0,0,0.14,10.54,5.37,11.51,0.01,0,0
22.25,74.5,Alirajpur Tehsil,Madhya Pradesh,0.44,0.2,1.38,0,0,0.57,9.46,5.7,8.17,0.08,0,0.08
22.25,74.75,Kukshi Tahsil,Madhya Pradesh,0.36,0.69,0.18,0,0,1.13,7.19,2.92,8.18,0.26,0,0.26
22.25,75,Manawar Tahsil,Madhya Pradesh,0.03,0.97,0,0,0,1.44,6.12,3.17,12.68,0.25,0,0.2
22.25,75.25,Manawar Tahsil,Madhya Pradesh,0.18,0.92,0.05,0,0,1.27,9.23,3.86,13.55,0.02,0.26,0.35
22.25,75.5,Dharampuri Tahsil,Madhya Pradesh,0.21,1.06,0.04,0,0,0.94,10.47,3.16,13.68,0,0.33,0.16
22.25,75.75,Maheshwar Tahsil,Madhya Pradesh,0.07,0.46,0.02,0,0,0.16,13.24,3.06,9.07,0.21,0.64,0.2
22.25,76,Barwaha Tahsil,Madhya Pradesh,0.12,0.38,0.01,0,0,0.03,14.25,3.55,8.29,0.3,0.75,0.09
22.25,76.25,Punasa Tahsil,Madhya Pradesh,0.65,1.36,0.06,0.01,0,0.18,13.41,4.58,9.49,0.51,0.41,0.28
22.25,76.5,Punasa Tahsil,Madhya Pradesh,0.84,1.47,0.06,0,0,0.29,14.73,2.81,12.16,0,0.02,0.48
22.25,76.75,Harsud Tahsil,Madhya Pradesh,0.9,1.74,0.14,0,0,0.1,18.19,3.09,13.11,0,0.05,0.39
22.25,77,Harda Tahsil,Madhya Pradesh,0.6,1.64,0.2,0,0,0.02,19.98,2.99,11.94,0.01,0.03,0.44
22.25,77.25,Rehatgarh Tahsil,Madhya Pradesh,0.25,1.84,0.35,0,0,0.69,19.14,4.19,8.89,0.05,0.04,0.32
22.25,77.5,Chicholi Tahsil,Madhya Pradesh,0.16,1.74,0.44,0.02,0.04,1.37,19.79,5.23,6.03,0.24,0.11,0.24
22.25,77.75,Shahpur Tahsil,Madhya Pradesh,0.19,1.63,0.43,0.05,0.09,1.55,20.23,4.86,5.89,0.51,0.21,0.3
22.25,78,Ghodadongri Tahsil,Madhya Pradesh,0.2,2.28,0.4,0.03,0.02,1.8,17.67,6.57,6.29,1.17,0.32,0.24
22.25,78.25,Ghodadongri Tahsil,Madhya Pradesh,0.27,2.61,0.38,0.03,0,2.09,15.64,6.88,6.84,1.15,0.36,0.32
22.25,78.5,Jamai Tahsil,Madhya Pradesh,0.38,2.48,0.35,0.05,0.03,2.29,13.48,6.33,5.9,0.88,0.44,0.29
22.25,78.75,Parasia Tahsil,Madhya Pradesh,0.54,1.68,0.31,0.07,0.09,2.67,10.9,5.61,3.93,0.68,0.53,0.21
22.25,79,Amarwara Tahsil,Madhya Pradesh,0.67,1.31,0.27,0.09,0.22,2.37,12.92,7.54,3.8,0.79,0.84,0.02
22.25,79.25,Amarwara Tahsil,Madhya Pradesh,0.95,1.16,0.49,1.41,0.44,3.34,12.62,5.18,3.75,0.55,0.76,0.28
22.25,79.5,Seoni Tahsil,Madhya Pradesh,1,1.14,0.59,1.48,0.42,3.33,11.15,3.88,3.98,0.58,0.52,0.3
22.25,79.75,Seoni Tahsil,Madhya Pradesh,0.67,1.42,0.26,0.08,0.07,3,8.99,4.62,5.52,0.94,0.03,0.26
22.25,80,Keolari Tahsil,Madhya Pradesh,0.39,1.91,0.35,0,0.14,4.79,11.28,7.72,6.45,1.18,0,0.56
22.25,80.25,Paraswada Tahsil,Madhya Pradesh,0.21,2.21,0.85,0.19,0.34,5.01,14.82,9.19,5.89,2.35,0,0.56
22.25,80.5,Paraswada Tahsil,Madhya Pradesh,0.23,1.8,0.88,0.35,0.39,4.54,16.85,8.86,5.37,3.46,0,0.45
22.25,80.75,Baihar Tahsil,Madhya Pradesh,0.13,1.21,0.98,0.5,0.28,4.32,15.87,7.47,4.64,4.05,0,0.23
22.25,81,Baihar Tahsil,Madhya Pradesh,0.03,0.83,1,0.94,0.17,4.71,15.32,7.39,5.24,4.25,0,0.06
22.5,74.25,Bhavra Tehsil,Madhya Pradesh,0.31,0,0.99,0,0,0.4,12,9.43,7.85,0.22,0,0
22.5,74.5,Jobat Tehsil,Madhya Pradesh,0.44,0,1.15,0,0,0.74,8.69,5.95,6.89,0.16,0,0.1
22.5,74.75,Kukshi Tahsil,Madhya Pradesh,0.18,0.36,0.46,0,0,1.12,9.49,4.57,8.15,0.04,0,0.25
22.5,75,Gangdhwani Tahsil,Madhya Pradesh,0.02,0.69,0,0,0,0.87,9.33,4.33,9.62,0.12,0.02,0.32
22.5,75.25,Dhar Tahsil,Madhya Pradesh,0.08,1.56,0,0,0,0.53,9.12,5.25,9.35,0.12,0.04,0.27
22.5,75.5,Pithampur Tahsil,Madhya Pradesh,0.19,2,0,0.01,0.01,0.62,8.94,5.06,8.57,0.15,0,0.21
22.5,75.75,Mhow Tahsil,Madhya Pradesh,0.35,1.72,0,0.04,0.06,0.12,10.81,4.25,7.72,0.29,0.04,0.46
22.5,76,Mhow Tahsil,Madhya Pradesh,0.6,1.29,0,0,0,0.02,9.95,4.54,5.91,0.84,0.25,0.09
22.5,76.25,Udaynagar Tahsil,Madhya Pradesh,0.95,1.59,0,0,0,0.02,8.9,4.68,4.83,0.94,0.11,0.03
22.5,76.5,Satwas Tahsil,Madhya Pradesh,0.97,1.23,0.02,0,0,0.02,9.93,3.36,4.4,0.29,0,0.14
22.5,76.75,Satwas Tahsil,Madhya Pradesh,0.77,1.32,0.02,0,0,0,12.85,2.86,4.53,0.01,0,0.23
22.5,77,Khategaon Tahsil,Madhya Pradesh,0.94,1.51,0.08,0,0,0.12,18.36,2.97,9.58,0.04,0.02,0.38
22.5,77.25,Timarni Tahsil,Madhya Pradesh,0.61,1.98,0.1,0,0.01,0.51,18.06,3.54,9.29,0.1,0.02,0.35
22.5,77.5,Seoni-Malwa Tahsil,Madhya Pradesh,0.45,2.21,0.16,0.01,0.06,1.39,17.16,5.4,8.28,0.17,0.02,0.42
22.5,77.75,Itarsi Tahsil,Madhya Pradesh,0.36,2.23,0.19,0.02,0.07,1.79,16.95,6.1,8.34,0.38,0.07,0.52
22.5,78,Sohagpur Tahsil,Madhya Pradesh,0.34,2.62,0.3,0.02,0.02,2.12,16.36,7.15,7.95,0.93,0.25,0.43
22.5,78.25,Sohagpur Tahsil,Madhya Pradesh,0.23,2.8,0.38,0.03,0,2.04,16.11,7.45,7.76,1.21,0.33,0.36
22.5,78.5,Pipariya Tahsil,Madhya Pradesh,0.21,2.45,0.32,0.02,0,1.92,14.29,7.3,7.14,0.91,0.23,0.23
22.5,78.75,Tamia Tahsil,Madhya Pradesh,0.28,2.1,0.27,0.02,0.04,1.44,12.78,6.23,4.73,0.61,0.18,0.01
22.5,79,Harrai Tahsil,Madhya Pradesh,0.36,1.68,0.35,0.1,0.14,1.69,13.03,6.37,4.26,0.68,0.32,0.02
22.5,79.25,Harrai Tahsil,Madhya Pradesh,0.59,1.58,0.89,1.06,0.72,3.77,11.96,5.78,4.57,0.74,0.14,0.24
22.5,79.5,Chhapara Tahsil,Madhya Pradesh,0.64,1.5,1.04,1.05,0.76,4.12,10.96,5.57,4.97,0.83,0,0.28
22.5,79.75,Dhanora Tahsil,Madhya Pradesh,0.66,1.54,0.4,0.03,0.08,2.99,10.34,5.89,5.97,0.93,0,0.24
22.5,80,Keolari Tahsil,Madhya Pradesh,0.25,2.14,0.35,0,0.15,5.28,12.6,8.8,7.23,1.14,0,0.7
22.5,80.25,Nainpur Tahsil,Madhya Pradesh,0.2,2.54,0.55,0.01,0.49,5.27,12.11,9.28,4.96,1.92,0,0.22
22.5,80.5,Bichhya Tahsil,Madhya Pradesh,0.15,2.11,0.68,0.36,0.38,4.64,12.89,9.95,5.38,2.64,0,0.39
22.5,80.75,Bichhya Tahsil,Madhya Pradesh,0.09,1.57,0.98,0.76,0.16,3.65,12.97,10.2,5.47,3.6,0,0.33
22.5,81,Bichhya Tahsil,Madhya Pradesh,0.13,1.18,1.18,1.17,0.08,3.59,11.64,10.59,5.87,3.59,0,0.3
22.5,81.25,Bajag Tahsil,Madhya Pradesh,0.14,1.45,1.57,1.85,0.23,4.43,11.66,9.66,6.3,4.7,0,0.24
22.75,74.5,Jhabua Tahsil,Madhya Pradesh,0.73,0.23,0,0,0,0.08,8.76,9.98,5.53,1.29,0,0
22.75,74.75,Rama Tahsil,Madhya Pradesh,0.23,0.28,0,0,0,1,10.08,5.09,8.05,0.18,0.01,0.28
22.75,75,Sardarpur Tahsil,Madhya Pradesh,0.08,0.84,0,0,0,0.87,10.39,4.48,8.04,0.09,0.02,0.34
22.75,75.25,Dhar Tahsil,Madhya Pradesh,0.15,1.51,0,0,0,0.73,9.23,5.46,8.55,0.13,0.03,0.22
22.75,75.5,Depalpur Tahsil,Madhya Pradesh,0.47,1.57,0,0.07,0.1,0.54,9.61,5.77,7.82,0.42,0,0.34
22.75,75.75,Hatod Tahsil,Madhya Pradesh,0.71,1.16,0,0.13,0.18,0.19,11.32,5.67,6.96,0.64,0.01,0.63
22.75,76,Kanadiya Tahsil,Madhya Pradesh,1.29,1.73,0,0,0,0.41,9.14,3.87,6.16,0.59,0,0.16
22.75,76.25,Bagli Tahsil,Madhya Pradesh,1.15,1.84,0,0,0,0.07,8.39,4.8,4.86,0.99,0,0.05
22.75,76.5,Bagli Tahsil,Madhya Pradesh,1.17,1.69,0.03,0,0,0.02,9.93,3.39,4.82,0.56,0,0.09
22.75,76.75,Kannod Tahsil,Madhya Pradesh,0.94,1.24,0.07,0,0,0.04,11.03,3.31,3.86,0.17,0,0.14
22.75,77,Khategaon Tahsil,Madhya Pradesh,1.3,1.76,0.17,0,0,0.39,14.87,4.1,6.35,0.09,0.02,0.22
22.75,77.25,Nasrullaganj Tahsil,Madhya Pradesh,0.84,2.2,0.08,0,0.01,0.66,15.65,4.87,6.91,0.1,0.02,0.25
22.75,77.5,Rehti Tahsil,Madhya Pradesh,0.4,2.42,0,0,0.03,1.17,18.22,6.13,8.4,0.07,0.01,0.2
22.75,77.75,Narmadapuram Tahsil,Madhya Pradesh,0.44,2.13,0.05,0.02,0.1,1.93,16.38,5.86,8.59,0.32,0.04,0.68
22.75,78,Babai Tahsil,Madhya Pradesh,0.81,2.25,0.17,0.02,0.05,3.26,15.47,7.41,8.03,0.56,0.13,0.69
22.75,78.25,Sohagpur Tahsil,Madhya Pradesh,0.62,2.44,0.25,0.02,0,2.89,14.46,8.25,7.85,0.77,0.19,0.42
22.75,78.5,Bankhedi Tahsil,Madhya Pradesh,0.49,2.06,0.16,0,0,2.75,12.63,8.66,7.77,0.46,0.06,0.26
22.75,78.75,Gadarwara Tahsil,Madhya Pradesh,0.12,1.98,0.17,0,0.01,1.41,12.17,7.32,6.28,0.44,0,0.02
22.75,79,Gadarwara Tahsil,Madhya Pradesh,0.25,1.85,0.38,0.05,0.07,1.32,12.05,7.23,6,0.39,0,0.09
22.75,79.25,Harrai Tahsil,Madhya Pradesh,0.56,1.61,0.96,0.73,0.54,3,11.82,6.33,5.25,0.62,0,0.21
22.75,79.5,Narsimhapur Tahsil,Madhya Pradesh,0.68,1.64,1.06,0.89,0.66,3.86,11.02,5.63,5.11,0.86,0,0.22
22.75,79.75,Lakhnadon Tahsil,Madhya Pradesh,0.73,1.62,0.71,0.08,0.14,2.67,12.39,7.43,6.24,0.88,0,0.13
22.75,80,Ghansaur Tahsil,Madhya Pradesh,0.39,2.25,0.55,0,0.35,4.52,11.92,8.47,5.46,1.55,0,0.22
22.75,80.25,Ghansaur Tahsil,Madhya Pradesh,0.26,2.44,0.47,0.03,0.43,5.07,12.02,9.09,5.18,1.81,0,0.22
22.75,80.5,Gughari Tahsil,Madhya Pradesh,0.25,2.34,0.81,0.5,0.27,3.96,10.83,10.77,5.53,2.51,0,0.37
22.75,80.75,Gughari Tahsil,Madhya Pradesh,0.58,1.71,1.31,0.88,0.08,2.93,9.06,11.99,5.9,3.01,0,0.43
22.75,81,Dindori Tahsil,Madhya Pradesh,0.3,1.43,1.57,1.21,0.04,2.55,8.62,11.98,6.32,3.44,0,0.5
22.75,81.25,Dindori Tahsil,Madhya Pradesh,0.27,1.8,1.64,1.75,0.18,2.9,7.9,11.05,6.85,4.26,0,0.54
22.75,81.5,Bajag Tahsil,Madhya Pradesh,0.35,2.37,1.67,3.01,0.49,3.73,8.66,12.11,7.22,5.95,0,0.49
22.75,81.75,Pushparajgarh Tehsil,Madhya Pradesh,0.41,2.31,1.75,3.21,0.54,3.74,8.55,12.16,7.38,6.15,0,0.54
23,74.5,Meghnagar Tahsil,Madhya Pradesh,0.92,0.35,0,0,0,0,9.92,7.07,4.79,0.72,0,0
23,74.75,Petlawad Tahsil,Madhya Pradesh,0.87,0.31,0,0,0,0.06,9.44,7.82,6.83,0.53,0.07,0.12
23,75,Petlawad Tahsil,Madhya Pradesh,0.28,0.92,0,0,0,0.96,10.34,4.75,5.18,0.3,0.04,0.11
23,75.25,Badnawar Tahsil,Madhya Pradesh,0.53,1.35,0,0,0,0.62,11.66,4.47,3,0.49,0.15,0.11
23,75.5,Depalpur Tahsil,Madhya Pradesh,0.38,1.36,0,0.02,0.1,0.57,9.22,5.43,5.06,0.75,0.03,0.38
23,75.75,Sanwer Tahsil,Madhya Pradesh,0.47,1.39,0,0.01,0.07,0.62,8.89,4.83,5.96,0.64,0,0.38
23,76,Dewas Tahsil,Madhya Pradesh,1.34,1.83,0,0,0,1.24,9.18,3.16,6.76,0.1,0.01,0.21
23,76.25,Sonkatch Tahsil,Madhya Pradesh,1.89,1.75,0,0,0,0.49,10.95,2.65,8.84,0.16,0,0.06
23,76.5,Jawar Tahsil,Madhya Pradesh,1.43,1.66,0.11,0,0,0.15,10.95,5.2,7.79,2.63,0,0.04
23,76.75,Ashta Tahsil,Madhya Pradesh,1.48,1.7,0.33,0,0,0.41,11.75,6.27,6.38,1,0,0.17
23,77,Ichhawar Tahsil,Madhya Pradesh,1.71,2.13,0.19,0,0,0.9,11.01,8.45,3.35,0,0,0.43
23,77.25,Ichhawar Tahsil,Madhya Pradesh,1.52,2.17,0.13,0.06,0.08,0.87,12.92,7.33,3.81,0.14,0,0.5
23,77.5,Goharganj Tahsil,Madhya Pradesh,0.68,2.22,0.07,0.06,0.09,1.61,15.83,5.82,7.98,0.23,0.01,0.64
23,77.75,Goharganj Tahsil,Madhya Pradesh,0.81,2.26,0.03,0.06,0.08,1.78,15.54,5.98,8.17,0.21,0.01,0.68
23,78,Goharganj Tahsil,Madhya Pradesh,1.56,2.12,0.07,0.03,0.03,4.18,12.14,8.57,8.08,0.09,0.01,0.82
23,78.25,Baraily Tahsil,Madhya Pradesh,1.79,1.95,0.03,0,0,5.41,12.73,9.45,7.64,0.02,0,0.82
23,78.5,Saikheda Tahsil,Madhya Pradesh,0.6,1.81,0.08,0,0,2.96,11.94,8.86,7.54,0.22,0,0.26
23,78.75,Saikheda Tahsil,Madhya Pradesh,0.18,1.62,0.08,0,0.01,1.69,11.7,8.04,6.7,0.23,0,0.02
23,79,Gadarwara Tahsil,Madhya Pradesh,0.52,1.71,0.11,0,0.06,1.13,11.45,8.17,6.65,0.19,0,0.16
23,79.25,Narsimhapur Tahsil,Madhya Pradesh,0.82,2.05,0.81,0.21,0.19,1.96,10.96,7.85,5.82,0.36,0,0.23
23,79.5,Gotegaon Tahsil,Madhya Pradesh,0.84,2.17,1.02,0.19,0.25,3.64,10.49,7.16,5.35,0.83,0,0.28
23,79.75,Shahpura Tahsil,Madhya Pradesh,0.87,2.11,0.85,0.08,0.26,4.6,11.03,6.39,6.84,1.16,0,0.18
23,80,Narayanganj Tahsil,Madhya Pradesh,0.71,2.24,0.62,0.04,0.3,5.07,11.53,6.85,6.98,1.39,0,0.2
23,80.25,Niwas Tahsil,Madhya Pradesh,0.45,2.3,0.98,0.11,0.34,4.64,11.6,8.24,5.89,1.7,0,0.14
23,80.5,Niwas Tahsil,Madhya Pradesh,0.92,1.79,1.71,0.51,0.21,3.5,9.33,10.79,5.32,2.69,0,0.33
23,80.75,Shahpura Tahsil,Madhya Pradesh,1.23,1.57,1.9,0.96,0.01,2.4,8.53,12.28,6.06,3.12,0,0.47
23,81,Dindori Tahsil,Madhya Pradesh,1.02,1.64,1.79,0.97,0,2.36,8.35,12.1,6.18,3.2,0,0.49
23,81.25,Pushparajgarh Tehsil,Madhya Pradesh,0.41,2.42,1.57,1.02,0.09,2.75,7.38,10.72,6.89,3.81,0,0.57
23,81.5,Pushparajgarh Tehsil,Madhya Pradesh,0.28,2.57,1.47,2.35,0.33,3.78,9.26,13.35,7.96,5.58,0,0.47
23,81.75,Jaithari Tehsil,Madhya Pradesh,0.26,2.84,1.42,2.61,0.38,4.57,10.68,14.75,8.17,5.92,0,0.34
23.25,74.75,Rawti Tahsil,Madhya Pradesh,0.62,0.57,0.03,0,0.08,0.02,8.28,5.47,6.01,0.51,0.02,0.01
23.25,75,Ratlam Nagar Tahsil,Madhya Pradesh,0.55,0.69,0.02,0,0.07,0.25,8.17,4.58,5.61,0.43,0.05,0.07
23.25,75.25,Ratlam Tahsil,Madhya Pradesh,0.94,0.94,0,0.01,0.01,0.42,10.1,4.55,3.64,0.29,0.17,0.18
23.25,75.5,Badnagar Tahsil,Madhya Pradesh,0.44,0.88,0,0.03,0.2,1.1,8.23,4.41,3.86,0.35,0.01,0.43
23.25,75.75,Ghatiya Tahsil,Madhya Pradesh,0.41,0.88,0,0.03,0.22,0.87,7.68,6.19,4.56,0.28,0.18,0.49
23.25,76,Tarana Tahsil,Madhya Pradesh,0.79,1.02,0,0.05,0.11,1.13,8.41,5.53,5.97,0.01,0.26,0.36
23.25,76.25,Shajapur Tahsil,Madhya Pradesh,1.1,1.39,0,0.08,0.17,0.64,9.24,3.62,7.13,0,0,0.26
23.25,76.5,Polayakala Tahsil,Madhya Pradesh,0.63,0.75,0.02,0,0,0.27,9.18,6.75,5.07,0.8,0,0.26
23.25,76.75,Kalapipal Tahsil,Madhya Pradesh,1.05,1.22,0.16,0,0,0.69,10.29,6.37,4.89,0.26,0,0.21
23.25,77,Sehore Tahsil,Madhya Pradesh,1.68,1.96,0.22,0.02,0.03,1,11.13,5.92,4.71,0.05,0,0.23
23.25,77.25,Huzur Tahsil,Madhya Pradesh,1.89,1.71,0.17,0.19,0.24,0.77,13.77,5.35,3.63,0.4,0,0.72
23.25,77.5,Huzur Tahsil,Madhya Pradesh,1.84,2.58,0.22,0.24,0.05,1.52,10.8,6.21,5.73,0.24,0,1.01
23.25,77.75,Raisen Tahsil,Madhya Pradesh,1.51,2.77,0.11,0.25,0.02,1.75,10.05,6.36,6.2,0.22,0,1.11
23.25,78,Sultanpur Tahsil,Madhya Pradesh,1.9,2.29,0.15,0.07,0,3.68,10.91,8.47,7.41,0.14,0,0.84
23.25,78.25,Silwani Tahsil,Madhya Pradesh,1.5,2.36,0.12,0,0,3.34,10.32,9.55,8.66,0.02,0,0.43
23.25,78.5,Silwani Tahsil,Madhya Pradesh,0.9,2.02,0.05,0,0,2.95,11.89,8.38,6.81,0.03,0,0.33
23.25,78.75,Silwani Tahsil,Madhya Pradesh,0.34,1.76,0.06,0.03,0,2.25,11.86,6.65,4.85,0.11,0,0
23.25,79,Deori Tahsil,Madhya Pradesh,0.8,1.93,0.24,0.06,0.02,3.18,10.89,6.61,4.94,0.23,0,0.04
23.25,79.25,Tendukheda Tahsil,Madhya Pradesh,0.79,2.17,0.78,0.01,0.01,2.21,9.65,7.98,4.59,0.45,0,0.23
23.25,79.5,Shahpura Tahsil,Madhya Pradesh,0.87,2.39,0.83,0,0.01,1.96,9.11,8.48,3.3,0.36,0,0.4
23.25,79.75,Patan Tahsil,Madhya Pradesh,0.9,2.19,0.71,0.06,0.28,5.18,10.77,5.95,7.24,1.29,0,0.18
23.25,80,Panagar Tahsil,Madhya Pradesh,1.19,2.14,0.74,0.04,0.2,4.26,10.44,6.74,5.93,1.17,0,0.26
23.25,80.25,Kundam Tahsil,Madhya Pradesh,1.19,1.76,1.62,0.02,0.12,3.23,9.33,8.21,4.8,1.95,0,0.32
23.25,80.5,Kundam Tahsil,Madhya Pradesh,1.57,1.36,1.95,0.35,0,2.24,6.9,10.28,5.26,2.79,0,0.38
23.25,80.75,Karkeli Tahsil,Madhya Pradesh,1.57,1.33,1.94,0.39,0,2.29,6.63,10.17,5.63,2.95,0,0.41
23.25,81,Nowrozabad Tahsil,Madhya Pradesh,1.42,1.44,1.83,0.4,0,2.41,5.91,8.79,6.83,3.5,0,0.6
23.25,81.25,Pali Tahsil,Madhya Pradesh,0.69,1.95,1.5,0.41,0.01,2.52,5.75,8.37,6.99,3.69,0,0.63
23.25,81.5,Sohagpur Tahsil,Madhya Pradesh,0.12,2.68,1.15,0.79,0.07,3.86,8.01,11.02,6.67,4.39,0,0.36
23.25,81.75,Jaitpur Tahsil,Madhya Pradesh,0.07,3.37,0.99,1.62,0.12,5.69,12.56,17.21,8.45,5.41,0,0.1
23.25,82,Kotma Tehsil,Madhya Pradesh,0,3.94,0.69,1.75,0.04,6.49,15.21,21.86,10.41,5.98,0,0
23.5,74.75,Sailana Tahsil,Madhya Pradesh,0.37,0.6,0.05,0,0.1,0,8.52,4.78,5.24,0.33,0,0
23.5,75,Ratlam Tahsil,Madhya Pradesh,1.52,0.65,0.02,0,0.02,0,8.05,5.27,4.4,0.11,0.08,0.13
23.5,75.25,Khacharod Tahsil,Madhya Pradesh,1.56,0.53,0,0,0,0.41,8.54,4.45,3.78,0.03,0.18,0.28
23.5,75.5,Nagda Tahsil,Madhya Pradesh,0.75,0.54,0,0.02,0,1.99,9.26,2.28,3.65,0.06,0,0.3
23.5,75.75,Mahidpur Tahsil,Madhya Pradesh,0.53,0.66,0,0.01,0.02,1.5,9.77,6.16,6.22,0.09,0.17,0.68
23.5,76,Maakdon Tahsil,Madhya Pradesh,0.47,0.75,0,0.11,0.23,0.63,8.97,5.82,6.67,0.03,0.16,0.62
23.5,76.25,Shajapur Tahsil,Madhya Pradesh,0.13,0.94,0,0.04,0.09,0.05,9.49,6.78,6.18,0.01,0.01,0.33
23.5,76.5,Gulana Tahsil,Madhya Pradesh,0.45,0.71,0,0.02,0.03,0.28,8.76,7.22,4.26,0.12,0,0.34
23.5,76.75,Pachore Tahsil,Madhya Pradesh,0.32,0.93,0,0.01,0,0.72,11.29,8.14,4.51,0.08,0,0.35
23.5,77,Narsinghgarh Tahsil,Madhya Pradesh,0.6,1.45,0.03,0.04,0.05,0.8,15.87,8.54,5.02,0.09,0,0.43
23.5,77.25,Shayampur Tahsil,Madhya Pradesh,1.48,1.87,0.09,0.15,0.13,1.06,14.59,7.19,4.72,0.24,0,0.7
23.5,77.5,Berasia Tahsil,Madhya Pradesh,1.95,2.45,0.45,0.23,0.04,2.36,11.12,7.06,5.88,0.17,0,1.05
23.5,77.75,Raisen Tahsil,Madhya Pradesh,1.92,2.44,0.44,0.23,0,2.81,10.74,7.48,6.24,0.13,0,1.13
23.5,78,Vidisha Tahsil,Madhya Pradesh,2.22,1.95,0.35,0.03,0,3.69,11.37,7.78,5.87,0.53,0,1.12
23.5,78.25,Gairatganj Tahsil,Madhya Pradesh,2.35,1.83,0.27,0,0,4.1,11.6,7.99,5.91,0.55,0,1.11
23.5,78.5,Begamganj Tahsil,Madhya Pradesh,1.9,2.08,0.21,0.05,0.01,4.2,10.6,8.18,6.54,0.32,0,0.7
23.5,78.75,Kesli Tahsil,Madhya Pradesh,1.08,2.1,0.6,0.06,0,3.71,9.47,6.06,3.67,0.39,0,0.02
23.5,79,Deori Tahsil,Madhya Pradesh,1.16,2.08,0.63,0.07,0,3.93,8.87,6.34,3.56,0.5,0,0.02
23.5,79.25,Rehli Tahsil,Madhya Pradesh,0.42,2.04,0.71,0.02,0,2.85,8.86,7.71,5.33,0.81,0,0.1
23.5,79.5,Tendukheda Tahsil,Madhya Pradesh,0.99,2.15,0.75,0.01,0,2.34,8.54,8.15,3.61,0.49,0,0.26
23.5,79.75,Jabera Tahsil,Madhya Pradesh,1.56,2.08,0.49,0.02,0.1,3.37,8.7,6.87,3.94,0.72,0,0.15
23.5,80,Majholi Tahsil,Madhya Pradesh,1.48,2.11,0.89,0.02,0.06,2.79,10.13,7.55,3.72,1.42,0,0.42
23.5,80.25,Dhimarkheda Tahsil,Madhya Pradesh,1.65,1.5,1.54,0.02,0.03,2.44,8.8,8.6,3.97,1.98,0,0.38
23.5,80.5,Dhimarkheda Tahsil,Madhya Pradesh,1.67,1.27,1.94,0.04,0,2.18,6.7,9.69,4.32,2.39,0,0.28
23.5,80.75,Bandhogarh Umaria Tahsil,Madhya Pradesh,1.69,1.27,1.98,0.04,0,2.22,5.96,9.95,4.5,2.47,0,0.22
23.5,81,Manpur Tahsil,Madhya Pradesh,1.36,1.36,1.72,0.3,0,2.45,5.95,9.08,6.15,3.25,0,0.49
23.5,81.25,Pali Tahsil,Madhya Pradesh,0.56,1.85,1.27,0.26,0,2.95,6.17,8.5,5.89,3.66,0,0.45
23.5,81.5,Shahdol,Madhya Pradesh,0.04,2.18,1.02,0.3,0.03,4.33,7.84,9.67,4.45,4.05,0,0.14
23.5,81.75,Jaitpur Tahsil,Madhya Pradesh,0.01,2.57,0.95,0.55,0.05,5.23,10.08,12.16,5.55,4.17,0,0.04
23.75,75,Piploda Tahsil,Madhya Pradesh,1.55,0.69,0.03,0,0.01,0.03,7.83,5.77,4.92,0.02,0.02,0.07
23.75,75.25,Jaora Tahsil,Madhya Pradesh,1.76,0.66,0.01,0,0,0.18,7.61,5.8,3.77,0.01,0.05,0.11
23.75,75.5,Alot Tahsil,Madhya Pradesh,1.42,0.45,0,0,0.05,0.66,7.29,5.51,3.51,0.02,0,0.09
23.75,75.75,Badod Tahsil,Madhya Pradesh,0.84,0.59,0,0,0,1.03,9.72,7.67,7.51,0.12,0,0.88
23.75,76,Agar Tahsil,Madhya Pradesh,0.89,0.75,0,0.03,0.06,0.9,9.4,7.22,7.91,0.12,0,0.88
23.75,76.25,Nalkheda Tahsil,Madhya Pradesh,0.23,0.97,0,0.09,0.08,0.31,10.78,8.58,6.1,0.01,0,0.33
23.75,76.5,Sarangpur Tahsil,Madhya Pradesh,0.1,1.07,0.03,0.09,0.04,1.05,10.39,10.84,5.7,0,0,0.63
23.75,76.75,Khujner Tahsil,Madhya Pradesh,0.11,1.23,0.02,0.09,0.03,1.56,12.57,12,5.9,0.01,0,0.79
23.75,77,Narsinghgarh Tahsil,Madhya Pradesh,0.05,1.43,0.01,0.01,0,0.89,17.63,10.83,5.84,0.02,0,0.49
23.75,77.25,Berasia Tahsil,Madhya Pradesh,0.81,1.86,0.16,0.02,0,1.31,13.43,10.37,6.81,0,0,0.84
23.75,77.5,Berasia Tahsil,Madhya Pradesh,1.12,2.11,0.47,0.11,0,3.26,9.75,8.26,6.13,0.05,0,1.32
23.75,77.75,Nateran Tahsil,Madhya Pradesh,1.02,1.98,0.62,0.05,0,4.39,8.75,7.43,5.34,0.07,0,1.56
23.75,78,Basoda Tahsil,Madhya Pradesh,1.99,1.75,0.4,0,0,4.04,10.33,8.19,5.1,0.49,0,1.3
23.75,78.25,Tyonda Tahsil,Madhya Pradesh,2.19,1.79,0.29,0.03,0.01,3.83,10.9,8.76,5.3,0.5,0,0.99
23.75,78.5,Jaisinagar Tahsil,Madhya Pradesh,1.75,2.28,0.58,0.14,0.04,4.96,9.62,8.15,5.79,0.22,0,0.56
23.75,78.75,Jaisinagar Tahsil,Madhya Pradesh,1.42,2.35,0.88,0.09,0.02,3.87,8.52,7.1,4.11,0.4,0,0.24
23.75,79,Rehli Tahsil,Madhya Pradesh,1.21,2.2,0.86,0.04,0,3.02,7.4,6.98,2.94,0.67,0,0.11
23.75,79.25,Garhakota Tahsil,Madhya Pradesh,1.91,1.91,0.52,0.14,0,5.01,6.44,8.69,3.38,0.64,0,0.41
23.75,79.5,Damoh Tahsil,Madhya Pradesh,2.4,1.91,0.25,0.02,0,2.98,6.57,7.26,1.82,0.47,0,0.05
23.75,79.75,Jabera Tahsil,Madhya Pradesh,2.51,1.92,0.26,0.01,0,2.64,7.29,7.23,1.62,0.69,0,0.13
23.75,80,Bahoriband Tahsil,Madhya Pradesh,1.96,2.1,0.4,0.01,0,2.05,10.96,8.37,3.08,1.8,0,0.6
23.75,80.25,Rithi Tahsil,Madhya Pradesh,1.41,1.34,1.09,0.01,0,1.97,10.57,8.08,3.56,2.1,0,0.58
23.75,80.5,Katni,Madhya Pradesh,1.56,1.35,1.68,0.02,0,1.98,8.16,8.5,4.85,2.76,0,0.41
23.75,80.75,Barhi Tahsil,Madhya Pradesh,1.57,1.33,1.77,0.05,0,2.09,6.79,8.83,5.34,2.95,0,0.36
23.75,81,Manpur Tahsil,Madhya Pradesh,1.1,1.56,1.51,0.13,0,2.77,6.46,8.81,5.27,3.31,0,0.34
23.75,81.25,Jaisinghnagar Tahsil,Madhya Pradesh,0.3,1.84,1,0.14,0.02,3.6,6.86,9.01,4.49,3.67,0,0.22
23.75,81.5,Jaisinghnagar Tahsil,Madhya Pradesh,0.01,1.99,0.95,0.12,0.05,4.59,7.87,9.19,3.32,3.99,0,0.03
24,75,Daloda Tahsil,Madhya Pradesh,1.19,0.46,0.02,0,0,0.15,7.07,6.87,7.62,0.01,0,0
24,75.25,Mandsaur Tahsil,Madhya Pradesh,1.45,0.53,0,0,0.18,0.04,6.9,7.35,5.74,0,0,0.02
24,75.75,Suwasra Tahsil,Madhya Pradesh,1.66,0.14,0,0.04,0.02,0.04,6.09,6.78,3.45,0.02,0,0.06
24,76,Susner Tahsil,Madhya Pradesh,2.08,0.59,0,0.05,0,0.42,6.53,7.49,6.34,0.1,0,0.38
24,76.25,Susner Tahsil,Madhya Pradesh,0.64,0.99,0.03,0.16,0.03,1.36,13.03,13.56,4.81,0.02,0,0.47
24,76.5,Khilchipur Tahsil,Madhya Pradesh,0.28,1.1,0.09,0.16,0.1,1.72,12.65,14.09,3.88,0,0,0.83
24,76.75,Rajgarh Tahsil,Madhya Pradesh,0.23,1.19,0.07,0.15,0.03,2.01,8.3,13.25,6.08,0.08,0,1
24,77,Biaora Tahsil,Madhya Pradesh,0.7,1.58,0.22,0.04,0,1.27,11.19,11.65,5.93,0.33,0,0.92
24,77.25,Maksoodangarh Tahsil,Madhya Pradesh,1.06,1.94,0.09,0,0,1.62,10.55,10.91,8.02,0.01,0,1.04
24,77.5,Lateri Tahsil,Madhya Pradesh,1.2,2.33,0.51,0,0,1.39,7.2,9.93,7,0,0,1.3
24,77.75,Nateran Tahsil,Madhya Pradesh,1.05,2.15,0.55,0,0,3.82,7.38,8.94,6.23,0.07,0,1.38
24,78,Kurwai Tahsil,Madhya Pradesh,1.18,2.03,0.23,0,0,2.74,8.04,11.97,6.11,0.04,0,0.68
24,78.25,Pathardi Tahsil,Madhya Pradesh,1.29,1.88,0.16,0.02,0,2.32,8.77,12.5,5.69,0.05,0,0.4
24,78.5,Malthon Tahsil,Madhya Pradesh,1.7,2.2,0.44,0.13,0.03,4.63,9.61,9.01,5.92,0.16,0,0.55
24,78.75,Banda Tahsil,Madhya Pradesh,1.58,2.29,0.95,0.13,0.03,4.43,8.85,7.7,5.23,0.3,0,0.42
24,79,Banda Tahsil,Madhya Pradesh,1.43,2.08,0.89,0.04,0,2.81,6.98,7.03,3.56,0.63,0,0.26
24,79.25,Patharia Tahsil,Madhya Pradesh,1.72,2.13,0.47,0.08,0,4.12,6.17,8.32,3.41,0.61,0,0.31
24,79.5,Patera Tahsil,Madhya Pradesh,1.8,2.39,0.17,0.02,0,3.64,5.54,8.62,2.47,0.55,0,0.05
24,79.75,Patera Tahsil,Madhya Pradesh,2.24,2.05,0.24,0.01,0,2.93,7.23,7.99,2.08,0.84,0,0.19
24,80,Raipura Tahsil,Madhya Pradesh,1.98,1.88,0.13,0.01,0,2.25,9.73,8.07,2.92,1.61,0,0.46
24,80.25,Shahnagar Tahsil,Madhya Pradesh,0.8,1.87,0.51,0.01,0,1.71,10.38,6.98,4.44,2.44,0,0.58
24,80.5,Vijayraghavgarh Tahsil,Madhya Pradesh,0.88,1.67,0.6,0.01,0,1.56,10.13,6.19,6.52,3.83,0,0.62
24,80.75,Vijayraghavgarh Tahsil,Madhya Pradesh,1.02,1.7,0.71,0.03,0.01,1.63,8.87,6.26,6.42,3.97,0,0.54
24,81,Manpur Tahsil,Madhya Pradesh,0.79,1.65,0.93,0.05,0.05,1.88,8.9,5.79,5.21,4.4,0,0.54
24,81.25,Beohari Tahsil,Madhya Pradesh,0.29,2.01,0.94,0.12,0.11,3.52,8.1,8.5,3.52,4.9,0,0.26
24,81.5,Beohari Tahsil,Madhya Pradesh,0.03,2.05,0.87,0.11,0.13,4.08,8.04,9.25,3.31,4.64,0,0.13
24,81.75,Kusmi Tahsil,Madhya Pradesh,0,2.36,0.84,0.17,0.13,4.42,8.56,10.84,3.75,4.88,0,0.07
24,82,Kusmi Tahsil,Madhya Pradesh,0.01,2.6,0.81,0.25,0.12,4.39,8.87,11.5,4.06,5.17,0,0.1
24,82.25,Sarai Tahsil,Madhya Pradesh,0.25,2.91,1.05,0.27,0.11,4.71,9.43,10.92,4.86,3.78,0,0.12
24,82.5,Mada Tahsil,Madhya Pradesh,0.83,1.31,1.16,0.03,0.3,2.59,5.27,9.44,3.59,0.78,0,0.1
24,82.75,Singrauli Tahsil,Madhya Pradesh,1.14,1.57,1.41,0.04,0.42,2.33,5.66,10.76,3.45,0.84,0,0.14
24.25,74.75,Jiran Tehsil,Madhya Pradesh,0.4,0.09,0,0,0,0.06,7.58,9.77,8.3,0.13,0,0
24.25,75,Malhargarh Tahsil,Madhya Pradesh,0.13,0.05,0,0,0,0.1,7.57,8.94,7.72,0.06,0,0
24.25,75.25,Malhargarh Tahsil,Madhya Pradesh,0.76,0.36,0,0,0.16,0.01,7.42,9.78,6.11,0.04,0,0.11
24.25,75.5,Shamgarh Tahsil,Madhya Pradesh,1.24,0.81,0,0.01,0.06,0.03,6.28,10.07,4.56,0,0,0.22
24.25,75.75,Garoth Tahsil,Madhya Pradesh,1.78,1.01,0,0.17,0.03,0.16,6.29,9.8,5.63,0,0,0.03
24.25,77,Chachaura Tahsil,Madhya Pradesh,0.91,1.5,0.3,0.07,0,0.96,10.6,12.02,4.61,0.49,0,0.78
24.25,77.25,Maksoodangarh Tahsil,Madhya Pradesh,1.08,2,0.29,0.02,0.01,1.36,9.01,11.12,6.89,0.06,0,1.11
24.25,77.5,Sironj Tahsil,Madhya Pradesh,1.19,2.3,0.43,0,0,1.16,7.97,9.75,6.19,0,0,1.23
24.25,77.75,Sironj Tahsil,Madhya Pradesh,1.15,2.29,0.25,0,0,2.68,6.73,10.72,6.88,0.06,0,1.27
24.25,78,Bahadurpur Tahsil,Madhya Pradesh,1.14,2.03,0.12,0,0,2.48,6.89,10.63,5.93,0.04,0,1.41
24.25,78.25,Bina Tahsil,Madhya Pradesh,1.3,1.99,0.13,0,0.02,2.21,7.66,11.89,5.79,0.04,0,0.87
24.25,78.5,Malthon Tahsil,Madhya Pradesh,1.6,2.27,0.16,0.05,0.11,2.46,8.08,9.87,3.94,0.05,0,1.26
24.25,79,Shahgarh Tahsil,Madhya Pradesh,1.26,1.99,0.96,0.01,0,2.03,7.49,6.5,4.55,0.61,0,0.36
24.25,79.25,Buxwaha Tahsil,Madhya Pradesh,1.31,2.11,0.87,0.01,0,2.14,7.14,6.5,4.37,0.61,0,0.27
24.25,79.5,Batiyagarh Tahsil,Madhya Pradesh,1.61,2.41,0.22,0.01,0,3.4,5.64,8.4,2.89,0.57,0,0.08
24.25,79.75,Hatta Tahsil,Madhya Pradesh,2.02,2,0.19,0,0,3.16,6.63,9.21,2.26,0.75,0,0.16
24.25,80,Simariya Tahsil,Madhya Pradesh,0.58,1.61,0.1,0,0,2.06,9.23,8.34,4.16,2.01,0,0.51
24.25,80.25,Pawai Tahsil,Madhya Pradesh,0.55,1.86,0.11,0.01,0,1.26,9.09,4.89,6.31,3.22,0,0.51
24.25,80.5,Pawai Tahsil,Madhya Pradesh,0.42,2.13,0.14,0,0,1.12,11.45,4.1,8.66,5.06,0,0.77
24.25,80.75,Maihar Tahsil,Madhya Pradesh,0.68,2.45,0.3,0.05,0.03,1.32,10.05,4.02,7.13,4.7,0,0.69
24.25,81,Amarpatan Tahsil,Madhya Pradesh,0.87,2.45,0.4,0.1,0.08,1.69,8.89,4.21,4.9,4.76,0,0.64
24.25,81.25,Ramnagar Tahsil,Madhya Pradesh,0.52,2.25,0.78,0.1,0.13,2.69,8.66,6.85,3.55,5.31,0,0.44
24.25,81.5,Rampur Naikin Tahsil,Madhya Pradesh,0.16,2.01,0.81,0.12,0.14,3.59,8.33,10.44,3.49,5.76,0,0.23
24.25,81.75,Gopadbanas Tahsil,Madhya Pradesh,0.2,2.06,0.84,0.12,0.14,3.76,8.28,11.24,3.52,5.88,0,0.19
24.25,82,Gopadbanas Tahsil,Madhya Pradesh,0.36,1.89,0.8,0.11,0.14,3.83,8.02,10.8,3.41,5.38,0,0.13
24.25,82.25,Deosar Tahsil,Madhya Pradesh,1.22,1.49,1.09,0.11,0.26,3.19,7.22,10.96,3.22,4.11,0,0.17
24.25,82.5,Chitrangi Tahsil,Madhya Pradesh,1.27,1.45,1.15,0.08,0.39,2.4,5.61,9.92,2.76,1.15,0,0.13
24.25,82.75,Chitrangi Tahsil,Madhya Pradesh,1.2,1.62,1.42,0.04,0.45,2.3,5.7,10.87,3.38,0.85,0,0.15
24.5,74.75,Neemuch Tehsil,Madhya Pradesh,0.37,0.09,0,0.03,0,0,7.89,11.07,9.04,0.22,0,0
24.5,75,Neemuch Tehsil,Madhya Pradesh,0.01,0,0,0,0,0,8.87,12.75,7.36,0.16,0,0
24.5,75.25,Manasa Tehsil,Madhya Pradesh,0.43,0.37,0,0,0,0.02,7.96,12.87,6.78,0.1,0,0.11
24.5,75.5,Rampura Tehsil,Madhya Pradesh,1.19,1.09,0,0.01,0,0.17,6.59,14.22,6.18,0,0,0.34
24.5,75.75,Bhanpura Tahsil,Madhya Pradesh,1.35,1.49,0,0.03,0,1.06,7.37,13.99,6.29,0,0,0.16
24.5,77.25,Raghogarh Tahsil,Madhya Pradesh,0.89,1.68,0.36,0.14,0.07,1.22,7.82,12.31,3.5,0.02,0,1.02
24.5,77.5,Ashoknagar Tahsil,Madhya Pradesh,1.01,1.93,0.2,0.01,0,0.77,11.06,7.43,1.66,0,0,1.11
24.5,77.75,Ashoknagar Tahsil,Madhya Pradesh,1.16,2.22,0.07,0,0,1.08,8.59,9.46,3.82,0,0,1.48
24.5,78,Piprai Tahsil,Madhya Pradesh,1.35,2.07,0.01,0,0,1.35,6.8,10.42,5.1,0.01,0,1.78
24.5,79,Badgaon Dhasan Tahsil,Madhya Pradesh,1.48,2.45,0.71,0,0.07,1.83,7.21,7.39,3.7,0.38,0,1.04
24.5,79.25,Bada Malhera Tahsil,Madhya Pradesh,1.45,2.3,0.75,0.02,0,2.34,6.8,6.48,3.78,0.6,0,0.36
24.5,79.5,Bijawar Tahsil,Madhya Pradesh,1.68,2.18,0.39,0,0,2.28,6.35,6.49,3.74,0.63,0,0.62
24.5,79.75,Bijawar Tahsil,Madhya Pradesh,1.31,1.36,0.08,0.09,0.03,1.77,6.96,8.52,3.96,0.96,0,0.86
24.5,80,Amanganj Tahsil,Madhya Pradesh,0.6,1.32,0.06,0,0,2.01,7.08,8.63,4.14,1.35,0,0.47
24.5,80.25,Gunnor Tahsil,Madhya Pradesh,0.37,1.99,0.08,0.01,0,1.34,6.58,5.36,5.67,2.22,0,0.28
24.5,80.5,Nagod Tahsil,Madhya Pradesh,0.86,2.91,0.12,0.08,0.01,1.4,7.15,4.11,6.09,3.16,0,0.41
24.5,80.75,Unchahara Tahsil,Madhya Pradesh,1.13,3.12,0.18,0.12,0.06,1.7,7.84,4.12,5.39,3.85,0,0.55
24.5,81,Rampur Baghelan Tahsil,Madhya Pradesh,0.97,2.73,0.23,0.1,0.13,1.65,8.79,3.56,3.39,5.14,0,0.68
24.5,81.25,Huzur Tahsil,Madhya Pradesh,0.76,2.61,0.44,0.1,0.13,2.06,8.71,5.16,3.47,5.32,0,0.59
24.5,81.5,Gurh Tahsil,Madhya Pradesh,1.01,2.25,0.65,0.11,0.14,3.31,8.27,10.31,3.54,5.89,0,0.24
24.5,81.75,Mauganj Tahsil,Madhya Pradesh,1.13,2.04,0.67,0.11,0.14,3.54,8.2,11.26,3.58,6,0,0.19
24.5,82,Sihawal Tahsil,Madhya Pradesh,1.95,2,0.47,0.09,0.15,3.2,8.25,10.54,3.51,5.59,0,0.16
24.5,82.25,Bahari Tahsil,Madhya Pradesh,1.53,1.3,0.4,0.1,0.32,2.86,7.21,9.8,2.74,3.27,0,0.14
24.5,82.5,Chitrangi Tahsil,Madhya Pradesh,1.33,1.3,0.84,0.08,0.47,2.3,5.35,8.95,2.83,1.09,0,0.13
24.75,75.75,Bhanpura Tahsil,Madhya Pradesh,1.16,1.17,0,0,0.13,1.28,8.34,11.67,3.47,0,0,0.03
24.75,77,Bamori Tahsil,Madhya Pradesh,1.5,1.34,0,0.13,0.06,1.2,8.68,13.56,3.51,0.02,0,0.83
24.75,77.25,Guna Tahsil,Madhya Pradesh,0.92,1.47,0.06,0.13,0.07,1.19,8.19,12.05,3.02,0.02,0,0.98
24.75,77.5,Guna Tahsil,Madhya Pradesh,0.9,1.46,0.11,0.04,0.02,0.86,10.28,8.79,2.11,0.01,0,1.05
24.75,77.75,Isagarh Tahsil,Madhya Pradesh,0.62,1.95,0.03,0,0,0.58,8.32,10.98,4.51,0,0,1.38
24.75,78,Chanderi Tahsil,Madhya Pradesh,1.45,2.57,0,0,0,0.13,7.39,13.35,6.1,0,0,1.28
24.75,79,Baldeogarh Tahsil,Madhya Pradesh,2.32,2.19,0.78,0.14,0.05,2.27,6.36,6.91,2.89,0.22,0,1.56
24.75,79.25,Baldeogarh Tahsil,Madhya Pradesh,2.3,2.14,1.11,0.15,0.01,1.9,7.16,3.87,2.94,0.56,0,1.16
24.75,79.5,Bijawar Tahsil,Madhya Pradesh,2.4,1.88,0.53,0.12,0.03,1.65,7.16,4.71,3.31,0.68,0,1.17
24.75,79.75,Rajnagar Tahsil,Madhya Pradesh,2.03,1.23,0.14,0.12,0.04,1.15,6.76,6.79,4.76,0.79,0,1.1
24.75,80,Rajnagar Tahsil,Madhya Pradesh,0.53,0.51,0.05,0,0,2.96,8.12,11.73,2.81,1.08,0,0.5
24.75,80.25,Panna Tahsil,Madhya Pradesh,0.22,0.99,0.05,0.01,0,1.59,6.48,6.97,4.72,1.64,0,0.4
24.75,80.5,Nagod Tahsil,Madhya Pradesh,0.83,2.6,0.13,0.07,0.01,1.33,6.9,4.1,6.01,3.02,0,0.41
24.75,80.75,Kothi Tahsil,Madhya Pradesh,1.41,2.93,0.27,0.11,0.07,1.55,6.91,4.02,4.9,3.37,0,0.51
24.75,81,Kotar Tahsil,Madhya Pradesh,1.53,2.71,0.26,0.09,0.12,1.52,8.28,3.77,4.07,4.48,0,0.64
24.75,81.25,Semaria Tahsil,Madhya Pradesh,1.89,2.63,0.38,0.11,0.13,2.18,8.42,5.81,3.6,5.16,0,0.55
24.75,81.5,Mangawan Tahsil,Madhya Pradesh,2.22,1.99,0.56,0.09,0.12,2.51,8.06,7.8,3.4,5.39,0,0.38
24.75,81.75,Naigarhi Tahsil,Madhya Pradesh,2.13,2.17,0.66,0.08,0.1,2.94,8.03,9.49,3.5,5.38,0,0.18
24.75,82,Hanumana Tahsil,Madhya Pradesh,2.14,2.14,0.57,0.05,0.15,2.14,7.79,8.08,3.42,4.61,0,0.13
24.75,82.25,Hanumana Tahsil,Madhya Pradesh,1.78,1.7,0.36,0,0.44,1.54,7.45,4.87,3.32,2.64,0,0.03
25,75.25,Singoli Tehsil,Madhya Pradesh,1.36,0.99,0,0.7,0.21,0.54,7.79,15.71,4.97,0,0,0
25,77,Bamori Tahsil,Madhya Pradesh,1.48,0.94,0.03,0.03,0.01,0.68,13.72,14.51,2.83,0.01,0,0.68
25,77.25,Guna Tahsil,Madhya Pradesh,0.83,0.98,0.09,0.06,0.04,1.03,10.6,11.26,2.66,0.01,0,0.82
25,77.5,Badarwas Tahsil,Madhya Pradesh,1.1,0.77,0.09,0.02,0.06,1.11,9.79,7.6,2.4,0.02,0,0.81
25,77.75,Rannod Tahsil,Madhya Pradesh,0.98,1.18,0.05,0.01,0.02,0.58,9.11,9.97,3.85,0.01,0,1.06
25,78,Khaniyadhana Tahsil,Madhya Pradesh,1.15,1.87,0.05,0.02,0.02,0.38,8.19,12.1,5.41,0.01,0,1.1
25,78.25,Khaniyadhana Tahsil,Madhya Pradesh,1.97,2.28,0.24,0.12,0.11,1.68,7.59,9.9,5.1,0.06,0,1.2
25,78.75,Mohangarh Tahsil,Madhya Pradesh,2.24,1.55,0.26,0.26,0.04,1.58,5.73,6.1,3.49,0,0,1.57
25,79,Jatara Tahsil,Madhya Pradesh,2.48,1.74,0.72,0.39,0.01,1.25,5.1,3.4,3.12,0.21,0,1.39
25,79.25,Palera Tahsil,Madhya Pradesh,2.59,2.47,1.55,0.39,0.03,1.85,6.77,3.02,2.47,0.39,0,1.41
25,79.5,Nowgong Tahsil,Madhya Pradesh,2.51,2.03,0.62,0.12,0.03,1.72,7.18,4.62,3.16,0.68,0,1.17
25,79.75,Maharajpur Tahsil,Madhya Pradesh,2.89,2.29,0.14,0.42,0.14,0.86,7.14,6.55,3.79,0.83,0,1.42
25,80,Chandla Tahsil,Madhya Pradesh,0.36,0.22,0.04,0.03,0.01,0.92,5.86,6.29,4.87,1.26,0,0.71
25,80.25,Ajaigarh Tahsil,Madhya Pradesh,0.26,0.49,0.32,0,0,1.3,5.81,6.41,4.68,1.56,0,0.53
25,80.5,Majhgawan Tahsil,Madhya Pradesh,1.75,1.8,0.39,0.02,0.12,0.69,6.16,4.31,5.76,2.04,0,0.43
25,80.75,Majhgawan Tahsil,Madhya Pradesh,2.08,2,0.53,0.02,0.17,0.61,6.45,4.24,5.68,2.17,0,0.45
25,81.25,Jawa Tahsil,Madhya Pradesh,2.43,1.84,0.56,0.04,0.14,1.38,7.64,4.9,2.67,3.97,0,0.44
25,81.5,Jawa Tahsil,Madhya Pradesh,2.3,1.96,0.52,0,0.06,1.24,6.56,5.58,2.43,3.69,0,0.3
25,81.75,Teonthar Tahsil,Madhya Pradesh,2.03,2.09,0.64,0,0.03,0.99,6.59,4.85,3.26,3.68,0,0.18
25.25,77.5,Kolaras Tahsil,Madhya Pradesh,0.66,0.57,0.12,0.01,0.03,1.1,10.32,7.69,2.09,0.01,0,0.78
25.25,77.75,Kolaras Tahsil,Madhya Pradesh,0.94,0.52,0.08,0.02,0.06,0.64,9.61,9.49,2.62,0.02,0,0.62
25.25,78,Pichhore Tahsil,Madhya Pradesh,0.56,0.69,0.11,0.06,0.1,0.6,9.87,10.47,2.76,0.05,0,0.57
25.25,78.25,Pichhore Tahsil,Madhya Pradesh,1.59,1.56,0.28,0.16,0.19,2.22,9.38,6.94,4.25,0.1,0,0.96
25.25,78.75,Niwari Tahsil,Madhya Pradesh,2.37,0.93,0.29,0.44,0.03,0.91,4.41,3.15,3.86,0.02,0,1.3
25.25,79,Lidhaura Tahsil,Madhya Pradesh,2.54,0.88,0.32,0.49,0,0.48,3.82,2.78,3.61,0.02,0,1.4
25.25,80,Gaurihar Tahsil,Madhya Pradesh,1.67,0.74,1.52,0.05,0.07,1.76,2.77,5.93,2.49,1.82,0,0.96
25.25,80.25,Gaurihar Tahsil,Madhya Pradesh,1.94,0.72,1.75,0.01,0.07,2.29,2.82,5.93,2.38,2.33,0,0.8
25.5,76.75,Karahal Tahsil,Madhya Pradesh,1.2,0.9,0,0.31,0.16,1.02,9.91,12.49,4.34,0,0,0.56
25.5,77,Karahal Tahsil,Madhya Pradesh,1.29,0.76,0.02,0.15,0.09,0.82,12.39,12.68,3.27,0.01,0,0.59
25.5,77.25,Pohri Tahsil,Madhya Pradesh,1.94,0.62,0.05,0.03,0.1,1,10.19,8.82,3.13,0.03,0,0.69
25.5,77.5,Pohri Tahsil,Madhya Pradesh,3.02,0.55,0.08,0.06,0.19,1.08,7.57,6.3,3.92,0.05,0,0.67
25.5,77.75,Shivpuri Tahsil,Madhya Pradesh,1.07,0.45,0.06,0.03,0.09,0.52,9.69,9.71,2.66,0.03,0,0.56
25.5,78,Karera Tahsil,Madhya Pradesh,0.17,0.36,0.04,0.01,0.02,0.06,10.6,12.45,2,0.01,0,0.41
25.5,78.25,Karera Tahsil,Madhya Pradesh,1.56,1.55,0.34,0.25,0.49,1.82,9.33,5.91,5.61,0.25,0,1.06
25.75,76.75,Sheopur Tahsil,Madhya Pradesh,1.69,0.38,0.03,0.46,0.17,1.69,7.22,9.67,3.9,0,0,0.33
25.75,77,Karahal Tahsil,Madhya Pradesh,1.37,0.69,0.01,0.15,0.07,1.42,7.75,9.73,3.52,0,0,0.43
25.75,77.25,Vijaypur Tahsil,Madhya Pradesh,1.68,0.54,0.01,0.01,0.05,1.69,4.46,6.04,3.66,0.01,0,0.53
25.75,77.5,Bairrad Tahsil,Madhya Pradesh,2.11,0.44,0.04,0.03,0.09,1.38,6.39,6.92,3.25,0.03,0,0.55
25.75,77.75,Shivpuri Tahsil,Madhya Pradesh,1.82,0.44,0.05,0.03,0.1,0.7,8.72,8.97,3.82,0.03,0,0.62
25.75,78,Bhitarwar Tahsil,Madhya Pradesh,0.66,0.54,0.05,0.06,0.22,0.54,10.3,9.39,4.56,0.1,0,0.77
25.75,78.25,Narwar Tahsil,Madhya Pradesh,1.17,0.87,0.11,0.17,0.6,0.92,9.93,5.22,6.74,0.29,0,1.18
25.75,78.5,Datia Tahsil,Madhya Pradesh,1.17,1.16,0.44,0.22,0.37,1.21,6.51,4.12,5.24,0.18,0,0.92
25.75,78.75,Bhander Tahsil,Madhya Pradesh,0.76,0.63,0.5,0.13,0,0.62,2.5,2.02,2.93,0,0,0.73
26,77,Beerpur Tahsil,Madhya Pradesh,1.45,0.63,0.03,0.08,0,1.91,3.04,5.5,4.17,0,0,0.34
26,77.25,Vijaypur Tahsil,Madhya Pradesh,1.56,0.37,0,0.01,0,1.92,3.6,6.66,3.15,0,0,0.38
26,77.5,Vijaypur Tahsil,Madhya Pradesh,0.94,0.85,0.01,0.02,0,1.68,3.95,5.66,4.1,0,0,0.41
26,77.75,Ghatigaon Tahsil,Madhya Pradesh,0.74,1.57,0.11,0.18,0.03,1.05,6.85,6.99,5.01,0,0,0.74
26,78,Ghatigaon Tahsil,Madhya Pradesh,1.31,1.47,0.19,0.29,0.09,0.99,8.13,8.11,5.55,0.02,0,1.07
26,78.25,Chinour Tahsil,Madhya Pradesh,1.11,0.48,0.07,0.02,0.01,0.82,9.5,8.72,5.74,0,0,0.98
26,78.5,Dabra Tahsil,Madhya Pradesh,1.22,1.63,0.22,0.16,0,1.01,5.7,7.4,4.87,0.29,0,0.91
26,78.75,Bhander Tahsil,Madhya Pradesh,1.07,1.65,0.33,0.14,0,0.73,2.99,5.35,4.16,0.29,0,0.86
26.25,77.25,Sabalgarh Tahsil,Madhya Pradesh,0.27,1.03,0,0,0,1.83,2.06,4.45,4.99,0,0,0.61
26.25,77.5,Kailaras Tahsil,Madhya Pradesh,0.37,1.18,0,0,0,1.29,5.19,5.77,4.47,0,0,0.4
26.25,77.75,Joura Tahsil,Madhya Pradesh,0.54,1.65,0.08,0.15,0.07,0.98,5.52,6.29,4.48,0,0,0.53
26.25,78,Ghatigaon Tahsil,Madhya Pradesh,1.69,2.88,0.34,0.67,0.13,1.11,6.25,6.75,4.75,0.01,0,1.2
26.25,78.25,Gird Tahsil,Madhya Pradesh,2.32,1.74,0.21,0.21,0.04,1.05,5.41,5.43,5.13,0,0,1.04
26.25,78.5,Tansen Tahsil,Madhya Pradesh,1.44,2.14,0.28,0.15,0,0.89,3.26,5.68,4.4,0.35,0,0.87
26.25,78.75,Seondha Tahsil,Madhya Pradesh,0.8,0.77,0.19,0.02,0,0.35,2.36,7.01,5.14,0.05,0,1.11
26.25,79,Mihona Tahsil,Madhya Pradesh,1.77,0.81,0.16,0.02,0.06,0.56,2.65,3.35,3.61,0.17,0,0.65
26.5,77.75,Joura Tahsil,Madhya Pradesh,0.7,0.92,0.02,0.17,0.24,0.62,2.6,7.17,4.31,0,0,0.47
26.5,78,Morena Nagar Tahsil,Madhya Pradesh,1.43,1.32,0.13,0.18,0.17,0.6,2.34,5.96,4.85,0,0,0.62
26.5,78.25,Gohad Tahsil,Madhya Pradesh,2.51,1.47,0.13,0.02,0,0.96,3.04,4.35,4.92,0,0,0.84
26.5,78.5,Gormi Tahsil,Madhya Pradesh,2.23,1.84,0.09,0,0,0.77,2.88,4.09,3.65,0.01,0,0.69
26.5,78.75,Mehgaon Tahsil,Madhya Pradesh,1.4,1.67,0.2,0.01,0,0.34,3.4,3.82,2.31,0.03,0,1.02
26.5,79,Bhind Tahsil,Madhya Pradesh,1.1,0.6,0.11,0,0,0.3,4.2,1.68,1.48,0.01,0,0.85
26.75,78.25,Porsa Tahsil,Madhya Pradesh,1.08,0.7,0.03,0,0.11,0.61,2.58,3.64,4.22,0,0,0.39
26.75,78.5,Porsa Tahsil,Madhya Pradesh,1.73,1.19,0.09,0,0.19,0.35,3.67,2.99,3.07,0.01,0,0.68
26.75,78.75,Ater Tahsil,Madhya Pradesh,1.42,0.7,0.1,0,0.05,0.3,2.05,2.92,1.75,0.03,0,0.84
15.75,73.75,Sawantwadi Taluka,Maharashtra,0,0.03,0.02,0.1,4.2,14.32,41.57,26.18,11.35,8.57,0.12,0.8
15.75,74,Dodamarg Taluka,Maharashtra,0,0.23,0.2,0.7,3.61,8.43,35.97,22.58,11.42,6.83,0.4,0.63
15.75,74.25,Chandgad,Maharashtra,0,0.01,0.36,1.1,4.73,4.34,23.06,10.24,4.89,5.25,1.59,0.91
16,73.5,Kudal Taluka,Maharashtra,0,0.07,0.06,0.1,2.4,15.51,41.06,20.21,8,7.37,0.25,0.56
16,73.75,Kudal Taluka,Maharashtra,0,0.38,0.3,0.6,3.18,12.99,38.16,22.13,11,9.96,0.55,0.55
16,74,Sawantwadi Taluka,Maharashtra,0,0.26,0.3,1.19,3.92,3.77,22.69,12.3,5.92,6.02,1.01,0.57
16,74.25,Chandgad,Maharashtra,0,0,0.24,1.1,2.88,3.3,22.44,11.67,5.14,5.47,1.59,0.51
16.25,73.5,Malvan Taluka,Maharashtra,0,0.07,0.07,0.64,1.89,11.19,44.21,25.61,11.38,8.75,0.36,0.87
16.25,73.75,Kankavli Taluka,Maharashtra,0,0.03,0.17,0.75,1.81,6.48,34.81,18.74,9.42,5.61,0.5,0.8
16.25,74,Radhanagari,Maharashtra,0,0.11,0.55,0.8,2.52,3.6,18.25,9.36,4.32,3.83,0.91,0.21
16.25,74.25,Ajra,Maharashtra,0,0.02,0.26,0.69,1.62,1.5,9.38,8.04,3.21,4.39,1.47,0.55
16.5,73.5,Devgad Taluka,Maharashtra,0,0,0,0.44,1.07,13.25,50.8,24.8,14.86,4.56,0.63,0.47
16.5,73.75,Vaibhavwadi Taluka,Maharashtra,0,0,0.01,0.37,1.08,15.14,72.74,36,23.19,3.71,0.76,0.38
16.5,74,Radhanagari,Maharashtra,0,0,0.07,0.83,0.74,3.12,22.32,11.3,5.75,3.41,0.82,0.18
16.5,74.25,Unknown,Maharashtra,0,0,0.24,1.29,0.93,1.49,11.84,7.85,3.34,3.2,0.9,0.13
16.75,73.5,Rajapur Taluka,Maharashtra,0,0,0,0.42,0.45,13.61,46.61,19.27,16.11,3.5,0.76,0.5
16.75,73.75,Rajapur Taluka,Maharashtra,0,0,0,0.93,0.78,8.42,43.79,23.32,12.6,3.51,0.7,0.42
16.75,74,Unknown,Maharashtra,0,0,0.07,1.42,0.45,3.63,19.97,11.57,4.2,3.76,0.69,0.18
16.75,74.25,Karvir,Maharashtra,0,0,0.13,1.07,0.71,1.56,7.71,6.38,1.82,3.55,0.69,0.16
16.75,74.5,Shirol,Maharashtra,0,0,0.51,0.91,1.56,1.35,5.1,5.23,1.46,3.28,0.92,0.53
16.75,74.75,Miraj,Maharashtra,0,0.04,0.36,0.72,2.21,1.79,5.1,5.69,2.27,4.23,1.2,0.71
17,73.5,Ratnagiri Taluka,Maharashtra,0,0,0,0.46,0.43,11.6,45.18,18.96,16.85,3.32,0.81,0.51
17,73.75,Sangameshwar Taluka,Maharashtra,0,0,0.01,1.19,0.55,5.55,29.46,16.09,7.89,3.66,0.94,0.43
17,74,Shirala,Maharashtra,0,0,0.03,0.67,0.57,2.66,16.52,10.25,3.74,3.74,0.88,0.07
17,74.25,Walwa,Maharashtra,0,0,0.12,1.24,1.01,1.9,8.62,6.6,2.22,2.86,0.76,0.12
17,74.5,Palus,Maharashtra,0,0,0.14,1.4,1.53,1.32,4.19,5.51,1.26,3.73,1.44,1.21
17,74.75,Kavathemahankal,Maharashtra,0,0.04,0.32,1.06,1.96,1.43,4.5,6.02,1.91,4.03,1.22,0.93
17,75,Kavathemahankal,Maharashtra,0,0.29,0.43,0.97,1.84,2.32,3.9,7.54,1.9,1.79,0.94,0.39
17,75.25,Jat,Maharashtra,0,0.31,0.53,0.98,2.12,2.23,4.06,8.13,2.42,1.54,0.44,0.16
17,75.5,Jat,Maharashtra,0,0.1,0.8,0.5,3.42,1.12,2.63,7.68,1.67,2.41,0.26,0.47
17.25,73.25,Ratnagiri Taluka,Maharashtra,0,0,0.01,0.13,0.63,12.4,46.31,19.4,17.26,2.99,0.7,0.11
17.25,73.5,Sangameshwar Taluka,Maharashtra,0,0,0.05,0.57,1.26,9.49,40.04,17.92,15.62,3.88,0.93,0.11
17.25,73.75,Shirala,Maharashtra,0,0,0.04,1.43,1.52,3.9,23.67,11.29,5.82,2.71,1.46,0.05
17.25,74,Patan,Maharashtra,0,0,0.05,1.41,1.91,2.42,10.62,6.59,2.89,2.09,1.5,0.12
17.25,74.25,Karad,Maharashtra,0,0,0.16,0.68,1.67,2.23,6.61,5.94,2.05,2.3,1.82,0.7
17.25,74.5,Khanapur,Maharashtra,0,0,0.29,0.4,1.66,2.47,4.34,6.3,1.7,2.72,1.66,1.76
17.25,74.75,Khanapur,Maharashtra,0,0.03,0.37,0.85,1.76,2.21,4.02,6.4,1.52,2.49,1.54,1.13
17.25,75,Sangole,Maharashtra,0,0.12,1.11,0.78,1.6,2.57,3.4,7.56,1.56,0.94,1.11,0.18
17.25,75.25,Sangole,Maharashtra,0,0.15,1.63,0.57,1.31,2.28,3.31,7.22,1.47,0.86,1.1,0.21
17.25,75.5,Mangalvedhe,Maharashtra,0,0.36,3.51,0.09,1.57,1.87,3.99,6.92,1.54,1.42,0.89,0.32
17.5,73.25,Guhagar Taluka,Maharashtra,0,0,0.06,0.11,1.15,13.57,44.8,18.46,16.17,2.9,0.44,0.06
17.5,73.5,Chiplun Taluka,Maharashtra,0,0,0.27,0.71,2.09,11.91,45.28,21.11,20.24,4.56,1.01,0
17.5,73.75,Patan,Maharashtra,0,0,0.26,0.95,2.28,4.94,24.75,13.28,7.23,2.84,1.86,0.05
17.5,74,Patan,Maharashtra,0,0,0.39,0.73,2.63,2.07,9.95,9.3,2.16,1.84,2.07,0.08
17.5,74.25,Koregaon,Maharashtra,0,0,0.26,0.53,1.85,1.93,3.9,7.08,1.52,2.4,2.18,0.53
17.5,74.5,Khatav,Maharashtra,0,0,0.41,0.48,1.26,1.97,3.49,6.81,1.32,2.39,1.61,0.35
17.5,74.75,Man,Maharashtra,0,0.05,0.65,0.39,0.76,2.55,2.69,6.92,1.09,1.31,1.48,0.45
17.5,75,Sangole,Maharashtra,0,0.06,1.32,0.55,0.99,2.65,3.03,7.33,1.43,0.69,1.29,0.39
17.5,75.25,Sangole,Maharashtra,0,0.23,1.89,0.25,1.22,1.57,2.58,6.61,1.14,0.64,1.1,0.23
17.5,75.5,Mangalvedhe,Maharashtra,0,0.46,2.73,0.25,1.2,1.56,3.16,6.43,1.36,0.84,1.17,0.25
17.5,75.75,Solapur South,Maharashtra,0,0.97,2.5,0.31,1.68,1.01,2.66,6.55,1.93,1.28,1.6,0.3
17.5,76,Solapur South,Maharashtra,0,0.5,2.31,0.27,1.82,0.5,3.12,7.36,1.96,1.09,0.86,0.76
17.5,76.25,Akkalkot,Maharashtra,0,0.63,1.4,0.92,2.57,1.22,4.4,7.11,2.45,1.56,0.77,0.51
17.75,73.25,Dapoli Taluka,Maharashtra,0,0,0.09,0.1,1.18,4.91,24.71,14.44,9.83,1.89,0.45,0
17.75,73.5,Khed Taluka,Maharashtra,0,0,0.27,0.36,2.36,6.7,65.31,33.72,19.28,2.96,0.74,0
17.75,73.75,Jaoli,Maharashtra,0,0,0.53,0.65,2.64,2.97,27.02,17.82,6.46,2.41,2.02,0.09
17.75,74,Satara,Maharashtra,0,0,0.25,0.37,2.29,1.4,5.78,7.56,1.21,1.51,2.13,0.05
17.75,74.25,Koregaon,Maharashtra,0,0,0.42,0.52,1.9,1.43,3.39,6.94,1.04,1.97,1.84,0.06
17.75,74.5,Man,Maharashtra,0,0.01,0.82,0.24,1.13,1.24,2.24,6.85,0.64,2.08,1.42,0.03
17.75,74.75,Man,Maharashtra,0,0.03,0.52,0.1,0.68,2.53,1.82,6.52,0.53,1.22,1.38,0.01
17.75,75,Malshiras,Maharashtra,0,0.13,0.93,0.41,0.56,1.95,2.34,6.91,0.93,0.98,1.09,0.1
17.75,75.25,Pandharpur,Maharashtra,0,0.32,1.31,0.75,0.46,0.83,2.41,6.65,1.01,1.01,0.85,0.12
17.75,75.5,Mohol,Maharashtra,0,0.89,1.66,1.89,1.11,0.99,3.07,5.41,0.84,0.88,0.97,0.04
17.75,75.75,Mohol,Maharashtra,0,1.14,1.99,0.58,1.57,0.88,2.31,6.44,1.97,1.26,1.69,0.21
17.75,76,Solapur South,Maharashtra,0,0.7,1.92,0.56,1.44,0.82,3.05,7.2,2.21,1.09,1.44,0.44
17.75,76.25,Tuljapur,Maharashtra,0,0.71,2.11,1.21,2.18,1.16,4.27,7.17,3.27,1.39,0.43,0.55
17.75,76.5,Umarga,Maharashtra,0,0.57,2.86,2.13,2.42,1.56,4.43,8.18,4.23,1.08,0.26,0.57
18,73.25,Mandangad Taluka,Maharashtra,0,0,0.1,0.09,0.98,6.56,43.15,23.21,16.24,1.33,0.43,0.07
18,73.5,Poladpur Taluka,Maharashtra,0,0,0.28,0.24,2.65,6.72,75.48,37.88,21.24,2.92,0.72,0.01
18,73.75,Wai,Maharashtra,0,0,0.26,0.5,2.49,1.46,15.44,11.53,3.67,2.46,1.08,0.08
18,74,Wai,Maharashtra,0,0,0.32,0.26,2.16,1.47,8.77,9.05,1.75,2.19,1.17,0.21
18,74.25,Phaltan,Maharashtra,0,0.15,0.5,0.19,1.53,1.27,1.46,6.29,0.4,0.96,1.03,0.13
18,74.5,Phaltan,Maharashtra,0,0.1,0.67,0.11,1.23,1.86,1.67,6.35,0.81,1.05,0.99,0.18
18,74.75,Malshiras,Maharashtra,0,0.03,0.61,0.11,0.76,2.6,1.85,6.6,0.58,1.01,1.22,0.03
18,75,Indapur,Maharashtra,0,0.08,0.69,0.27,0.82,2.27,2.27,7.13,0.44,0.7,1.06,0
18,75.25,Madha,Maharashtra,0,0.3,0.64,0.67,0.7,1.07,2.61,6.27,1.62,0.77,1.27,0.01
18,75.5,Madha,Maharashtra,0,0.5,1,1.36,0.81,0.85,2.83,5.69,1.44,0.79,1.37,0.02
18,75.75,Barshi,Maharashtra,0,0.63,1.68,1.24,0.77,1.74,4.03,6.81,2.45,0.77,2.51,0.03
18,76,Tuljapur,Maharashtra,0,0.63,1.5,1.02,0.77,1.62,3.86,7.55,2.98,0.71,2.05,0.13
18,76.25,Tuljapur,Maharashtra,0,0.68,2.25,0.83,0.72,2.08,4.42,6.71,2.6,0.87,2.73,0.29
18,76.5,Lohara,Maharashtra,0,0.64,3.11,0.46,0.51,2.12,4.19,6.37,2.45,1.08,1.39,0.45
18,76.75,Nilanga,Maharashtra,0,0.58,3.36,0.42,0.74,2.26,5,8.12,3.02,0.97,1.39,0.43
18.25,73.25,Mangaon Taluka,Maharashtra,0,0,0.05,0.03,0.62,6.72,50.47,27.9,19.44,1.69,0.6,0.77
18.25,73.5,Mahad Taluka,Maharashtra,0,0.01,0.16,0.14,1.43,5.92,52.37,29.36,16.9,1.79,0.7,0.81
18.25,73.75,Velhe,Maharashtra,0,0.01,0.37,0.26,1.47,1.35,11.77,11.03,2.58,1.41,0.91,0.16
18.25,74,Purandhar,Maharashtra,0,0.03,0.39,0.27,1.06,1.05,6.92,8.6,1.39,1.13,0.7,0.13
18.25,74.25,Baramati,Maharashtra,0,0.31,1.03,0.24,0.97,1.49,1.49,6.77,0.73,0.65,1.02,0.2
18.25,74.5,Baramati,Maharashtra,0,0.38,1.01,0.14,0.94,2.01,1.69,6.51,1.05,0.81,1.36,0.25
18.25,74.75,Indapur,Maharashtra,0,0.08,0.82,0.21,1.07,1.98,2.25,6.81,0.84,0.79,1.21,0.09
18.25,75,Karmala,Maharashtra,0,0.07,0.6,0.24,1.08,3.15,2.36,6.72,0.99,0.84,0.54,0
18.25,75.25,Karmala,Maharashtra,0,0.19,0.87,0.74,0.52,1.76,2.93,7.04,1.99,0.94,0.58,0
18.25,75.5,Paranda,Maharashtra,0,0.32,0.97,1.64,0.35,1.49,2.59,6.04,1.96,0.97,1.59,0.01
18.25,75.75,Barshi,Maharashtra,0,0.51,1.9,1.3,0.64,1.96,4.05,6.01,2.14,0.82,3.15,0.01
18.25,76,Dharashiv,Maharashtra,0,0.58,2.21,0.93,0.71,2.28,5.19,6.34,2.18,0.7,4.31,0.02
18.25,76.25,Dharashiv,Maharashtra,0,0.65,2.36,0.55,0.45,1.56,4.8,6.5,1.57,0.98,2.48,0.17
18.25,76.5,Ausa,Maharashtra,0,0.62,2.5,0.39,0.27,1.3,4.46,6.63,1.36,0.95,1.62,0.31
18.25,76.75,Nilanga,Maharashtra,0,0.79,2.7,0.34,0.33,1.62,3.61,7.35,1.49,0.85,0.98,0.24
18.25,77,Deoni,Maharashtra,0,0.87,2.38,0.51,0.89,1.47,2.79,9.11,1.35,0.86,0.26,0.18
18.5,73,Alibag Taluka,Maharashtra,0,0.05,0.02,0,0.17,6.25,46.07,24.04,20.08,2.38,0.31,0.71
18.5,73.25,Sudhagad Taluka,Maharashtra,0,0,0.01,0,0.5,7.14,65.29,36.05,24.34,2.14,0.59,1.9
18.5,73.5,Mulshi Subdistrict,Maharashtra,0,0.01,0.09,0.07,0.49,3.48,33.35,20.77,6.93,1.19,0.99,0.46
18.5,73.75,Mulshi Subdistrict,Maharashtra,0,0.01,0.39,0.2,0.35,0.44,9.06,8.96,4.04,0.89,0.87,1.56
18.5,74,Haveli Subdistrict,Maharashtra,0,0.08,0.45,0.22,0.63,0.61,5.92,7.5,1.85,0.95,0.82,0.54
18.5,74.25,Daund,Maharashtra,0,0.47,1.74,0.27,0.65,0.88,1.71,6.58,0.79,0.52,1.51,0.23
18.5,74.5,Daund,Maharashtra,0,0.59,2.73,0.13,0.7,0.98,0.97,7.76,0.67,0.09,1.58,0.28
18.5,74.75,Shrigonda,Maharashtra,0,0.31,1.66,0.2,0.77,0.88,2.42,5.83,1.04,0.96,1.94,0.17
18.5,75,Karjat,Maharashtra,0,0.1,1.01,0.3,1.5,1.58,2.68,5.76,1.9,0.76,1.42,0.01
18.5,75.25,Karmala,Maharashtra,0,0.12,0.99,0.55,1,1.99,2.83,6.45,2.23,0.82,0.81,0
18.5,75.5,Bhum,Maharashtra,0,0.26,1.14,1.1,0.3,1.43,2.88,6.64,1.65,0.81,0.91,0
18.5,75.75,Washi,Maharashtra,0,0.46,1.61,1.12,0.16,1.16,4.23,5.41,0.79,0.21,1.22,0.01
18.5,76,Kalamb,Maharashtra,0,0.55,1.84,0.94,0.24,1.25,4.53,5.49,0.78,0.33,1.31,0.01
18.5,76.25,Kalamb,Maharashtra,0,0.5,2.34,0.52,0.42,1.23,4.86,6.23,1.05,1.06,1.55,0.04
18.5,76.5,Renapur,Maharashtra,0,0.43,2.24,0.56,0.33,0.97,4.71,6.79,1.18,1.01,1.71,0.1
18.5,76.75,Chakur,Maharashtra,0,0.66,2.27,0.44,0.34,1.41,3.35,7.83,1.82,0.47,0.51,0.18
18.5,77,Chakur,Maharashtra,0,0.89,2.42,0.47,0.66,1.71,2.81,9.23,1.27,0.34,0.22,0.15
18.5,77.25,Mukhed,Maharashtra,0,0.36,2.86,0.54,0.51,1.15,3.21,6.41,1.42,0.47,0.22,0.16
18.5,77.5,Deglur,Maharashtra,0,0.23,3.18,0.48,0.24,1.15,3.24,4.52,1.21,0.09,0.26,0.1
18.75,73,Pen Taluka,Maharashtra,0.01,0.11,0.02,0,0.12,5.21,49.96,23,20.77,1.18,0.22,1.18
18.75,73.25,Khalapur Taluka,Maharashtra,0,0.04,0.08,0.06,0.54,4.12,48.31,30.24,20.59,3.71,0.68,0.44
18.75,73.5,Mawal,Maharashtra,0,0.05,0.24,0.25,1,1.85,32.28,19.5,8.47,2.22,0.61,0.47
18.75,73.75,Mawal,Maharashtra,0,0.08,0.47,0.4,1.35,0.73,11.92,9.96,3.28,0.95,1.14,0.47
18.75,74,Khed,Maharashtra,0,0.06,0.67,0.28,0.88,0.49,6.72,7.83,2.06,0.9,1.05,0.44
18.75,74.25,Shirur,Maharashtra,0,0.31,1.14,0.22,0.59,0.3,2.01,6.29,0.87,0.55,1.52,0.21
18.75,74.5,Shrigonda,Maharashtra,0,0.54,2.01,0.14,0.71,0.86,2.14,5.17,0.72,0.9,1.95,0.15
18.75,74.75,Shrigonda,Maharashtra,0,0.35,1.57,0.18,0.56,1.02,2.58,5.04,0.95,1.09,2.22,0.08
18.75,75,Karjat,Maharashtra,0,0.05,1.6,0.28,0.49,1.27,2.49,5.06,1.4,0.38,1.47,0.02
18.75,75.25,Ashti,Maharashtra,0,0.09,1.43,0.59,0.55,2.09,2.82,6.53,2.02,0.85,0.85,0
18.75,75.5,Patoda,Maharashtra,0,0.17,1.67,0.74,0.33,1.64,3.06,7.01,1.46,0.62,0.65,0
18.75,75.75,Unknown,Maharashtra,0,0.33,1.86,0.88,0.17,1.24,3.87,6.24,0.91,0.3,0.67,0
18.75,76,Unknown,Maharashtra,0,0.43,2.28,0.62,0.26,1.29,4.35,5.63,1.02,0.61,0.79,0.01
18.75,76.25,Unknown,Maharashtra,0,0.43,2.74,0.21,0.48,1.69,4.79,5.83,1.09,1.3,0.93,0.01
18.75,76.5,Ambejogai,Maharashtra,0,0.5,3.35,0.16,0.18,1.72,2.98,5.75,1.78,0.57,1.12,0.03
18.75,76.75,Ahmadpur,Maharashtra,0,0.53,2.14,0.18,0.07,1.66,3.13,7.19,2.74,0.31,0.7,0.05
18.75,77,Ahmadpur,Maharashtra,0,0.69,2.4,0.31,0.48,1.57,1.49,6.46,1.82,0.15,0.49,0.07
18.75,77.25,Kandhar,Maharashtra,0,0.53,3.01,0.38,0.18,1.09,2.23,5.44,1.57,0.17,0.36,0.07
18.75,77.5,Naigaon (Khairgaon),Maharashtra,0,0.69,3.64,0.28,0.15,0.9,2.52,5.28,1.29,0.39,0.79,0.05
18.75,77.75,Biloli,Maharashtra,0,0.35,3.15,0.17,1.52,1.84,4.21,4.98,3.11,0.22,0.52,0.06
18.75,80.25,Sironcha Taluka,Maharashtra,0,0,2.17,0,1.08,1.25,15.77,10.3,13.67,1.8,0.26,0
19,73.25,Panvel Subdistrict,Maharashtra,0.01,0.1,0.09,0.15,0.59,2.88,50.69,34.78,19.92,3.96,0.67,0.23
19,73.5,Karjat Taluka,Maharashtra,0.15,0.06,0.3,0.3,0.98,1.41,28.61,20.04,9.45,2.34,0.86,0.26
19,73.75,Khed,Maharashtra,0.24,0.07,0.34,0.37,1.09,0.59,13.65,11.03,4.08,0.76,0.94,0.24
19,74,Ambegaon,Maharashtra,0.19,0.06,0.74,0.29,0.89,0.45,9.68,8.79,2.99,0.65,1.42,0.24
19,74.25,Parner,Maharashtra,0,0.06,1.19,0.18,0.72,0.37,1.75,3.14,0.58,0.98,2.35,0.33
19,74.5,Parner,Maharashtra,0.01,0.11,1.47,0.1,0.51,0.62,1.71,4.36,0.62,1,2.25,0.29
19,74.75,Ahmednagar,Maharashtra,0,0.01,1.59,0.01,0.39,1.49,1.44,8.02,0.79,1.07,2.37,0.07
19,75,Ashti,Maharashtra,0,0.02,1.82,0.21,0.41,1.35,1.91,6.45,1.16,1.03,2.01,0.02
19,75.25,Ashti,Maharashtra,0,0.07,1.79,0.51,0.38,1.42,2.47,6.4,1.39,0.85,1.46,0
19,75.5,Unknown,Maharashtra,0,0.08,2.58,0.67,0.15,1.48,3.23,6.83,1.59,0.4,1.36,0
19,75.75,Unknown,Maharashtra,0,0.09,2.92,0.58,0.17,1.42,3.35,6.67,1.78,0.36,0.68,0
19,76,Unknown,Maharashtra,0,0.34,3.3,0.18,0.23,1.22,3.51,5.8,2.41,0.47,0.61,0
19,76.25,Unknown,Maharashtra,0,0.6,3.22,0.07,0.22,1.21,3.32,5.68,2.89,0.42,0.8,0
19,76.5,Sonpeth,Maharashtra,0,0.87,3.81,0.18,0.44,1.59,2.62,5.66,2.22,0.21,0.88,0.01
19,76.75,Gangakhed,Maharashtra,0,0.91,3.54,0.16,0.4,1.5,2.48,5.57,2.39,0.16,0.78,0.01
19,77,Palam,Maharashtra,0,0.79,2.51,0.23,0.26,1.2,1.57,6.04,2.48,0.11,0.3,0.01
19,77.25,Loha,Maharashtra,0,0.84,2.57,0.3,0.12,0.73,1.67,6.29,2.68,0.16,0.12,0
19,77.5,Naigaon (Khairgaon),Maharashtra,0,0.49,2.7,0.18,0.31,1.18,2.25,6.42,2.9,0.53,0.49,0.01
19,77.75,Dharmabad,Maharashtra,0,0.03,1.99,0.01,0.64,1.86,2.35,7.55,4.52,0.81,0.53,0
19,80,Sironcha Taluka,Maharashtra,0,0,2.2,0.01,0.24,1.56,14.25,9.37,13.19,1.52,0.18,0.05
19,80.25,Aheri Taluka,Maharashtra,0,0.01,2.16,0,0.4,1.43,15.82,10.34,13.9,1.72,0.26,0
19.25,73,Bhiwandi Subdistrict,Maharashtra,0.01,0.09,0,0,0.02,3.63,37.35,19.3,13.99,0.14,0.2,0.16
19.25,73.25,Kalyan Subdistrict,Maharashtra,0.17,0.1,0.09,0.13,0.43,1.94,37.54,25.51,15.83,2.47,0.62,0.21
19.25,73.5,Murbad Subdistrict,Maharashtra,0.25,0.06,0.37,0.28,1.04,1.58,30.04,21.19,12.36,1.69,0.83,0.12
19.25,73.75,Junnar,Maharashtra,0.49,0.06,0.32,0.29,0.85,0.4,14.03,11.34,4.67,0.57,0.77,0.01
19.25,74,Junnar,Maharashtra,0.24,0.06,0.51,0.29,0.88,0.22,8.88,10.26,3.26,0.7,0.99,0.02
19.25,74.25,Parner,Maharashtra,0.01,0.02,1.41,0.14,0.56,0.19,2.03,5.63,0.87,0.67,2.35,0.15
19.25,74.5,Parner,Maharashtra,0.03,0.01,2.28,0.06,0.46,0.3,2.83,5.3,1.02,0.5,3.01,0.08
19.25,74.75,Ahmednagar,Maharashtra,0.01,0,1.89,0.04,0.36,0.95,2.35,8.02,0.84,0.78,2.79,0.05
19.25,75,Pathardi,Maharashtra,0.02,0.01,1.84,0.25,0.32,1.18,2.3,5.82,1.25,1.63,1.97,0.01
19.25,75.25,Pathardi,Maharashtra,0,0.08,2.31,0.71,0.15,1.03,2.41,5,1.56,1.23,1.99,0.04
19.25,75.5,Georai,Maharashtra,0.02,0.12,2.98,0.58,0.05,1,1.99,4.73,2.11,0.26,1.66,0.02
19.25,75.75,Georai,Maharashtra,0.01,0.13,3.12,0.5,0.08,1.04,2.15,4.91,2.22,0.28,1.21,0.01
19.25,76,Unknown,Maharashtra,0,0.45,3.29,0.17,0.15,1.02,3.15,5.34,3.16,0.34,0.71,0
19.25,76.25,Pathri,Maharashtra,0,0.75,2.97,0.02,0.11,0.98,2.91,6.02,4.17,0.03,0.72,0
19.25,76.5,Manwath,Maharashtra,0,0.86,3.22,0.2,0.58,1.24,3.16,6.15,3,0.1,0.79,0
19.25,76.75,Parbhani,Maharashtra,0,1.15,3.17,0.09,0.31,1.27,2.25,5.19,2.76,0.07,0.71,0
19.25,77,Purna,Maharashtra,0,0.92,2.85,0.12,0.11,1.02,1.82,5.39,2.98,0.05,0.19,0
19.25,77.25,Nanded,Maharashtra,0,0.87,2.43,0.25,0.05,0.54,1.76,6.38,3.5,0.04,0.05,0
19.25,77.5,Mudkhed,Maharashtra,0,0.87,2.73,0.12,0.09,0.71,2.32,7.03,5.25,0.3,0.14,0
19.25,77.75,Bhokar,Maharashtra,0,0.51,2.48,0.09,0.59,1.44,3.05,7.09,6.17,0.59,0.27,0
19.25,80,Aheri Taluka,Maharashtra,0,0.05,1.73,0.01,0.13,2.23,9.89,9.01,13.16,1.07,0.05,0.02
19.25,80.25,Aheri Taluka,Maharashtra,0,0.02,2.02,0.01,0.15,1.75,13.09,9.75,13.29,1.42,0.16,0.02
19.5,73,Vasai Subdistrict,Maharashtra,0,0.12,0,0,0.03,3.13,39.64,23.06,12.6,1.29,0.3,0.11
19.5,73.25,Shahapur Subdistrict,Maharashtra,0.16,0.12,0.17,0.04,0.18,2.62,35.51,27.1,12.11,1.6,0.65,0.22
19.5,73.5,Shahapur Subdistrict,Maharashtra,0.23,0.07,0.27,0.13,1.36,3.05,41.42,26.69,21.16,1.03,1.31,0.24
19.5,73.75,Akola,Maharashtra,0.14,0.08,0.65,0.11,0.97,0.72,15.68,13.99,7.75,0.84,0.69,0.05
19.5,74,Akola,Maharashtra,0.04,0.07,0.58,0.12,0.73,0.03,4.92,10.12,2.43,0.81,0.76,0.02
19.5,74.25,Sangamner,Maharashtra,0.14,0.05,1.13,0.05,0.48,0.03,2.83,8.7,1.49,0.54,1.67,0.03
19.5,74.5,Rahuri,Maharashtra,0.11,0.03,2.63,0.09,0.33,0.12,3.39,6.07,1.24,0.25,3.23,0.03
19.5,74.75,Rahuri,Maharashtra,0.07,0.02,1.8,0.11,0.2,0.2,3.47,5.91,2.28,0.32,3.04,0.18
19.5,75,Nevasa,Maharashtra,0.1,0.01,1.97,0.33,0.21,0.69,3.58,7.07,1.39,0.85,2.87,0.1
19.5,75.25,Shevgaon,Maharashtra,0,0.15,2.05,0.73,0.19,0.72,2.65,4.42,1.94,0.3,1.85,0.11
19.5,75.5,Unknown,Maharashtra,0.06,0.32,2.19,0.54,0.12,0.79,2.14,4.29,2.73,0.34,1.78,0.14
19.5,75.75,Unknown,Maharashtra,0.02,0.51,2.09,0.54,0.07,0.81,2.21,4.31,3.31,0.42,1.7,0.05
19.5,76,Ghansawangi,Maharashtra,0,0.98,1.4,1.04,0.03,1.01,3.81,4.82,4.52,0.84,1.09,0
19.5,76.25,Partur,Maharashtra,0,0.93,1.49,0.62,0.05,0.89,3.52,5.23,4.31,0.53,0.79,0
19.5,76.5,Selu,Maharashtra,0,0.73,0.82,0.05,0.13,0.62,3.05,5.44,3.56,0.16,0.65,0
19.5,76.75,Jintur,Maharashtra,0,0.95,1.67,0.23,0.11,0.69,2.66,4.84,3.95,0.12,0.38,0
19.5,77,Aundha (Nagnath),Maharashtra,0,0.85,2.67,0.29,0.02,0.6,2.83,5.01,4.77,0.22,0.19,0
19.5,77.25,Basmath,Maharashtra,0,0.85,2.69,0.21,0,0.41,2.84,6.03,5.87,0.06,0,0
19.5,77.5,Hadgaon,Maharashtra,0,1.1,3.03,0,0,0.46,2.86,7.37,7.35,0.01,0,0
19.5,77.75,Umarkhed,Maharashtra,0,0.99,2.92,0.08,0.35,0.91,3.18,7.05,7.58,0.25,0.04,0.01
19.5,78,Umarkhed,Maharashtra,0,0.51,2.31,0.13,0.57,1.53,3.28,7.47,7.67,0.45,0.09,0.02
19.5,78.25,Kinwat,Maharashtra,0,0.55,2.9,0.18,1.05,1.9,3.41,7.97,7.62,0.71,0.26,0.01
19.5,80,Aheri Taluka,Maharashtra,0,0.13,2.08,0.02,0.18,2.56,10.27,9.16,13.53,1.05,0.04,0
19.5,80.25,Etapalli Taluka,Maharashtra,0,0.05,1.79,0.02,0,2.18,13.37,9.53,13.88,1.2,0.11,0
19.5,80.5,Bhamragad Taluka,Maharashtra,0,0.02,1.29,0.19,0.01,2.72,15.86,10.53,13.44,3.11,0.29,0
19.5,80.75,Bhamragad Taluka,Maharashtra,0,0,0.77,0.59,0.04,3.3,15.39,10.45,10.25,3.83,0.58,0
19.75,72.75,Palghar Subdistrict,Maharashtra,0,0.11,0,0,0.01,3.53,41.08,16.56,12.04,0.63,0.18,0.01
19.75,73,Vikramgad Taluka,Maharashtra,0,0.07,0.05,0,0.05,3.24,39.15,22.56,14.3,1.7,0.38,0.12
19.75,73.25,Wada Subdistrict,Maharashtra,0.01,0.08,0.13,0,0.8,3.94,39.73,22.89,23.04,1.65,0.95,0.33
19.75,73.5,Mokhada Taluka,Maharashtra,0.08,0.15,0.23,0.01,2.07,3.85,47.7,28.15,28.06,0.49,1.42,0.32
19.75,73.75,Igatpuri Subdistrict,Maharashtra,0.04,0.16,0.48,0.04,1.03,1.09,14.27,11.38,8.75,0.9,1.02,0.22
19.75,74,Sinnar Taluka,Maharashtra,0.04,0.16,0.57,0.01,0.68,0.31,4.82,7.6,3.23,0.92,0.96,0.17
19.75,74.25,Sangamner,Maharashtra,0.26,0.15,1.09,0.02,0.61,0.17,2.33,6.34,2.49,0.45,1.96,0.48
19.75,74.5,Rahta,Maharashtra,0.29,0.16,1.88,0.18,0.22,0.21,2.75,5.11,3.06,0.37,2.61,0.59
19.75,74.75,Vaijapur,Maharashtra,0.12,0.11,1.8,0.09,0.26,0.28,3.39,5.43,2.26,0.23,2.82,0.26
19.75,75,Unknown,Maharashtra,0.09,0.15,1.82,0.15,0.22,0.6,3.48,4.67,2.31,0.28,1.91,0.37
19.75,75.25,Unknown,Maharashtra,0.21,0.42,2.28,0.55,0.24,1.61,4.34,4.97,2.19,0.36,1.39,0.4
19.75,75.5,Chhatrapati Sambhajinagar,Maharashtra,0.11,0.5,1.82,0.66,0.17,0.84,3.06,4.48,3.69,0.38,1.66,0.22
19.75,75.75,Badnapur,Maharashtra,0.06,0.7,1.7,0.87,0.07,0.46,3.35,4.52,4.79,0.36,1.69,0.12
19.75,76,Jalna,Maharashtra,0,0.99,1.7,1,0,0.86,3.93,5.22,5.04,0.74,1.4,0.02
19.75,76.25,Mantha,Maharashtra,0.06,0.71,1.8,0.89,0,0.99,4.14,5.73,4.79,0.74,0.9,0.01
19.75,76.5,Jintur,Maharashtra,0.11,0.44,1.23,0.2,0,0.71,3.44,5.95,4.1,0.28,0.47,0
19.75,76.75,Sengaon,Maharashtra,0.06,0.7,1.13,0.14,0,0.64,4.14,5.51,4.1,0.71,0.15,0
19.75,77,Hingoli,Maharashtra,0.02,1.28,2.79,0.68,0,0.61,2.62,3.91,5.44,0.24,0.01,0
19.75,77.25,Hingoli,Maharashtra,0.01,0.72,2.53,0.18,0,0.34,3.03,6.1,5.4,0.08,0,0
19.75,77.5,Pusad,Maharashtra,0,0.94,2.89,0.01,0,0.42,3.06,7.36,6.46,0.02,0,0
19.75,77.75,Mahagaon,Maharashtra,0,0.68,2.62,0.01,0.03,0.89,3.32,7.65,7.04,0.13,0,0
19.75,78,Mahoor,Maharashtra,0,0.41,2.21,0.07,0.44,1.5,3.21,7.77,7.72,0.38,0.05,0.01
19.75,78.25,Kinwat,Maharashtra,0,0.21,2.54,0.05,0.68,1.71,3.39,9.29,7.95,0.47,0.2,0
19.75,79,Korpana Taluka,Maharashtra,0,0.09,2.52,0.09,0.26,2.7,7.13,6.61,10.25,0.72,0,0
19.75,79.25,Rajura Taluka,Maharashtra,0,0.14,1.67,0.01,0.11,1.67,6,5.96,9.51,0.43,0,0
19.75,79.5,Gondpipri Taluka,Maharashtra,0,0.37,3.75,0.06,0.81,2.51,8.05,7.7,11.51,0.66,0,0
19.75,79.75,Gondpipri Taluka,Maharashtra,0,0.18,2.67,0.01,0.23,2.71,10.64,8.18,13.08,0.57,0,0
19.75,80,Mulchera Taluka,Maharashtra,0,0.11,1.72,0,0.03,2.81,11.87,8.43,13.19,0.54,0,0
19.75,80.25,Etapalli Taluka,Maharashtra,0,0.11,1.58,0.01,0,3.17,13.82,8.19,13.35,0.56,0.02,0
19.75,80.5,Etapalli Taluka,Maharashtra,0,0.03,0.66,0.23,0,2.62,19,10.15,12.32,2.96,0.17,0
20,72.75,Dahanu Taluka,Maharashtra,0,0.15,0,0,0,3.42,41.88,11.56,9.09,0.05,0.14,0
20,73,Dahanu Taluka,Maharashtra,0.01,0.08,0.04,0,0.05,3.92,39.63,20.35,19.11,1.34,0.17,0
20,73.25,Jawhar Taluka,Maharashtra,0.02,0.06,0.17,0,0.73,3.52,34.55,18.78,21.73,2.87,0.9,0.32
20,73.5,Trimbakeshwar Subdistrict,Maharashtra,0.02,0.14,0.26,0,1.63,2.61,33.67,18.71,19.57,2.03,1.43,0.36
20,73.75,Nashik Subdistrict,Maharashtra,0.07,0.11,0.37,0,1.07,1.12,9.28,7,3.84,1.68,1.78,0.37
20,74,Niphad Taluka,Maharashtra,0.02,0.14,0.17,0,0.83,0.59,6.22,5.76,2.18,1.46,1.88,0.54
20,74.25,Niphad Taluka,Maharashtra,0.43,0.16,0.97,0.01,0.72,0.28,2.98,5.46,3.85,0.5,2.22,0.64
20,74.5,Yeola Taluka,Maharashtra,0.44,0.23,1.56,0.08,0.6,0.24,2.43,4.86,3.56,0.37,2.25,0.64
20,74.75,Vaijapur,Maharashtra,0.12,0.32,1.68,0.19,0.42,0.32,2.81,3.68,2.29,0.4,1.76,0.65
20,75,Unknown,Maharashtra,0.04,0.37,2.01,0.31,0.24,0.38,3.21,4.3,2.38,0.95,1.82,0.64
20,75.25,Khuldabad,Maharashtra,0.23,0.45,2.3,0.46,0.24,1.53,4.65,5.07,2.43,0.53,1.47,0.55
20,75.5,Chhatrapati Sambhajinagar,Maharashtra,0.18,0.63,2.56,0.47,0.18,0.47,5.22,5.37,4.02,0.57,1.53,0.46
20,75.75,Badnapur,Maharashtra,0.14,0.79,3.02,0.49,0.02,0.43,3.67,5.96,5.43,0.3,1.71,0.1
20,76,Deulgaon Raja,Maharashtra,0.2,0.81,3.77,0.22,0.01,0.48,3.68,6.94,5.75,0.32,1.59,0.01
20,76.25,Sindkhed Raja,Maharashtra,0.19,0.48,4.13,0.68,0,1.26,4.93,8.47,5.89,0.67,0.76,0.01
20,76.5,Lonar,Maharashtra,0.13,0.44,3.98,0.76,0,1.27,4.99,8.12,5.67,0.68,0.52,0
20,76.75,Risod,Maharashtra,0.08,0.51,2.39,0.54,0.17,1.73,6.04,5.89,5.16,1.6,0.12,0
20,77,Sengaon,Maharashtra,0.05,0.44,2.09,0.56,0.3,2.17,5.88,5.19,5.6,1.63,0.03,0
20,77.25,Washim,Maharashtra,0.01,0.7,2.92,0.11,0.08,0.84,4.31,6.89,4.71,0.49,0.01,0
20,77.5,Pusad,Maharashtra,0,0.48,3.23,0.01,0,0.58,4.65,7.75,4.52,0.1,0,0
20,77.75,Mahagaon,Maharashtra,0,0.33,3.28,0.05,0,0.9,5.64,7.62,4.77,0.17,0,0
20,78,Arni,Maharashtra,0,0.28,2.41,0.04,0.1,1.79,5.46,8.44,7.3,0.12,0,0
20,78.25,Ghatanji,Maharashtra,0,0.06,2.12,0.01,0.11,1.57,4.29,9,9.07,0.08,0.03,0
20,78.5,Kelapur,Maharashtra,0,0.04,1.99,0,0.09,1.82,4.79,8.56,9.05,0.09,0.03,0
20,78.75,Zari-Jamani,Maharashtra,0,0.04,1.26,0,0.01,2.88,8.14,6.84,8.33,0.2,0,0
20,79,Wani,Maharashtra,0,0.16,3.4,0,0.25,3.81,8.47,6.25,11.13,1.02,0,0
20,79.25,Chandrapur Taluka,Maharashtra,0,0.11,3.26,0,0.26,2.67,8.05,6.4,11.65,0.94,0,0
20,79.5,Chandrapur Taluka,Maharashtra,0,0.22,3.64,0,0.35,1.8,10.37,8.08,12.37,0.25,0,0
20,79.75,Mul Taluka,Maharashtra,0,0.14,2.57,0,0.11,2.74,13.07,6.79,12.94,0.17,0,0
20,80,Chamorshi Taluka,Maharashtra,0,0.15,1.58,0,0.05,3.45,14.65,7.84,14.33,0.1,0,0
20,80.25,Gadchiroli Taluka,Maharashtra,0,0.15,1.16,0.02,0.01,3.53,15.71,8.18,14.44,0.06,0,0
20,80.5,Etapalli Taluka,Maharashtra,0,0.06,0.63,0.13,0,2.67,19.47,9.5,13.12,2.19,0.11,0
20.25,73.5,Peth Taluka,Maharashtra,0.02,0.16,0.22,0,1.42,1.02,23.23,12.48,12.24,1.9,1.17,0.48
20.25,73.75,Dindori Taluka,Maharashtra,0.13,0.12,0.25,0,0.98,1.71,10.94,7.12,3.06,2.34,1.79,0.52
20.25,74,Chandwad Taluka,Maharashtra,0.06,0.24,0.34,0,1.11,0.51,6.57,5.57,3.2,0.77,1.73,0.36
20.25,74.25,Chandwad Taluka,Maharashtra,0.18,0.16,0.73,0,1.04,0.3,3.89,4.38,3.51,0.18,1.37,0.34
20.25,74.5,Nandgaon Taluka,Maharashtra,0.35,0.19,1.18,0.07,0.92,0.18,1.18,1.56,1.39,0.09,1.32,0.51
20.25,74.75,Nandgaon Taluka,Maharashtra,0.34,0.45,1.56,0.14,0.57,0.71,3.04,3.19,2.66,0.18,1.24,0.92
20.25,75,Unknown,Maharashtra,0.27,0.67,1.89,0.14,0.22,0.82,4.98,5.51,4.16,0.53,1.53,1.06
20.25,75.25,Unknown,Maharashtra,0.35,0.73,2.31,0.16,0.17,0.66,5.61,5.36,3.56,0.72,1.5,0.84
20.25,75.5,Unknown,Maharashtra,0.37,0.75,2.96,0.07,0.12,0.31,7.07,5.67,3.65,0.88,1.77,0.8
20.25,75.75,Bhokardan,Maharashtra,0.41,0.82,3.36,0.21,0.05,0.35,4.31,5.59,3.88,0.58,1.92,0.47
20.25,76,Jafferabad,Maharashtra,0.7,0.65,3.5,0.14,0.04,0.56,3.78,7.35,4.81,1.01,2.31,0.19
20.25,76.25,Unknown,Maharashtra,0.54,0.54,3.62,0.33,0,1.14,4.95,9.99,5.96,1.13,1.78,0.11
20.25,76.5,Mehkar,Maharashtra,0.38,0.64,3.48,0.52,0.02,1.73,5.76,9.76,6.58,0.36,0.79,0.01
20.25,76.75,Mehkar,Maharashtra,0.11,0.28,2.2,0.45,0.2,1.87,8.16,6.77,5.85,0.52,0.3,0
20.25,77,Malegaon,Maharashtra,0.05,0.29,2.4,0.46,0.3,1.91,6.86,4.96,5.48,0.84,0.07,0
20.25,77.25,Mangrulpir,Maharashtra,0.01,0.24,3.05,0.04,0.15,0.92,7.39,5.3,4.13,0.38,0,0
20.25,77.5,Manora,Maharashtra,0,0.34,3.65,0.07,0,1.17,6.4,7.41,4.47,0.61,0,0
20.25,77.75,Darwha,Maharashtra,0,0.42,2.84,0.14,0.04,1.93,7.78,7.8,5.37,0.11,0,0
20.25,78,Yavatmal,Maharashtra,0,0.6,2.85,0.12,0.09,2.67,9.4,8.62,5.28,0.06,0,0
20.25,78.25,Yavatmal,Maharashtra,0,0.28,2.24,0.04,0.07,1.97,7.5,8.29,7.92,0.02,0,0
20.25,78.5,Kelapur,Maharashtra,0,0.2,1.6,0,0.08,2.63,7.45,6.28,7.83,0.06,0,0
20.25,78.75,Unknown,Maharashtra,0,0.44,1.55,0,0.01,5.16,8.72,4.83,6.41,0.16,0,0
20.25,79,Warora Taluka,Maharashtra,0,0.33,2.13,0,0.17,4.48,9.21,5.18,8.02,0.44,0,0
20.25,79.25,Bhadravati Taluka,Maharashtra,0,0.14,1.94,0,0.51,1.97,13.76,4.24,9.32,0.3,0,0
20.25,79.5,Sindewahi Taluka,Maharashtra,0,0.01,1.2,0,0.01,2.55,13.92,3.88,9.53,0.2,0,0
20.25,79.75,Sindewahi Taluka,Maharashtra,0,0.14,2.27,0,0.03,3.29,13.75,6.97,13.47,0.16,0,0
20.25,80,Gadchiroli Taluka,Maharashtra,0,0.14,0.94,0,0.01,3.63,15.93,8.13,15.12,0.04,0,0
20.25,80.25,Unknown,Maharashtra,0,0.15,0.87,0.01,0.01,3.58,16.22,8.3,14.88,0.02,0,0
20.5,73.5,Surgana Taluka,Maharashtra,0.02,0.09,0.22,0,0.81,1.47,16.53,8.83,10.81,1.15,0.33,0.45
20.5,73.75,Surgana Taluka,Maharashtra,0.33,0.38,0.26,0,1.58,1.04,10.59,5.69,4.57,0.9,0.81,0.48
20.5,74,Kalwan Taluka,Maharashtra,0.45,0.51,0.71,0,2.17,0.53,7.88,4.49,3.34,0.3,0.99,0.54
20.5,74.25,Deola Taluka,Maharashtra,0.34,0.14,1.51,0,1.64,0.39,6.27,3.51,3.03,0.18,0.93,1.04
20.5,74.5,Malegaon Taluka,Maharashtra,0.37,0.07,1.66,0,1.84,0.55,5.28,2.59,2.75,0.16,0.7,1.28
20.5,74.75,Nandgaon Taluka,Maharashtra,0.44,0.56,1.77,0.04,0.45,1.38,5.46,4.31,4.18,0.07,0.61,1.29
20.5,75,Chalisgaon,Maharashtra,0.46,0.89,1.85,0.13,0.18,1.49,6.2,5.54,5.19,0.11,0.81,1.36
20.5,75.25,Soegaon,Maharashtra,0.56,1.24,1.86,0.12,0.08,0.66,6.74,5.26,6.15,0.22,0.84,0.97
20.5,75.5,Unknown,Maharashtra,0.64,1.32,2.8,0.16,0.02,0.24,6.3,5.69,4.41,0.62,1.2,0.86
20.5,75.75,Unknown,Maharashtra,0.59,1.02,2.75,0.21,0.05,0.47,5.39,7.12,4.64,1.01,1.89,0.69
20.5,76,Unknown,Maharashtra,0.34,0.82,1.96,0.23,0.08,0.72,5.44,9.55,6.27,1.61,1.58,0.53
20.5,76.25,Unknown,Maharashtra,0.46,0.98,2.6,0.08,0.03,0.61,5.03,9.05,5.45,1.35,1.89,0.28
20.5,76.5,Khamgaon,Maharashtra,0.04,1.05,1.97,0.12,0.04,1.28,6.24,6.94,4.7,0.01,0.51,0.2
20.5,76.75,Patur,Maharashtra,0,0.09,1.77,0.31,0.17,1.51,10.24,6.33,5.37,0,0.27,0.01
20.5,77,Patur,Maharashtra,0.01,0.59,1.75,0.17,0.29,1.05,9.34,4.95,5.28,0.06,0.2,0.02
20.5,77.25,Barshitakli,Maharashtra,0,1.06,2.02,0.02,0.07,0.71,8.48,6.92,5.6,0.26,0,0
20.5,77.5,Karanja,Maharashtra,0,0.55,2.74,0.1,0,1.48,7.16,7.39,5.7,0.45,0.03,0
20.5,77.75,Ner,Maharashtra,0,0.55,2.45,0.12,0.04,2.33,8.74,7.84,5.94,0.11,0.06,0
20.5,78,Yavatmal,Maharashtra,0,0.66,2.75,0.11,0.12,2.7,10.5,8.12,5.55,0.06,0.01,0
20.5,78.25,Babulgaon,Maharashtra,0,0.9,2.11,0.03,0.22,1.98,12.67,5.49,7.89,0.25,0.02,0
20.5,78.5,Kalamb,Maharashtra,0,0.67,1.37,0,0.28,1.97,12.26,3.73,7.24,0.18,0,0
20.5,78.75,Hinganghat,Maharashtra,0,0.35,1.1,0,0.19,2.15,11.78,3.33,5.89,0.23,0,0
20.5,79,Samudrapur,Maharashtra,0,0.25,1.18,0,0.66,1.72,14.52,2.74,6.48,0.13,0,0
20.5,79.25,Chimur Taluka,Maharashtra,0,0.23,1.15,0,0.95,1.25,16.16,2.32,6.88,0.08,0,0
20.5,79.5,Chimur Taluka,Maharashtra,0,0.23,0.81,0.1,0.13,1.79,13.49,4.19,6.38,0.22,0.09,0
20.5,79.75,Nagbhir Taluka,Maharashtra,0,0.21,0.75,0.02,0.17,3.96,12.91,8.53,10.38,0.29,0.02,0
20.5,80,Armori Taluka,Maharashtra,0,0.16,1.27,0.12,0.02,2.74,17.39,9.89,11.96,0.04,0.01,0
20.5,80.25,Kurkheda Taluka,Maharashtra,0,0.15,1.14,0.05,0.02,3.48,17.21,9.46,12.23,0.37,0,0
20.5,80.5,Korchi Taluka,Maharashtra,0,0.15,0.98,0.21,0.03,3.49,18.48,9.54,9.52,2.29,0,0
20.75,74,Baglan Taluka,Maharashtra,0.54,0.35,0.99,0,0.99,0.36,6.74,4.2,2.89,0.28,0.78,0.55
20.75,74.25,Baglan Taluka,Maharashtra,0.62,0.26,1.48,0,1.19,0.32,5.8,3.67,2.89,0.3,0.95,0.95
20.75,74.5,Malegaon Taluka,Maharashtra,0.36,0.27,1.41,0,1.1,0.79,4.45,2.48,3.37,0.14,1.12,1
20.75,74.75,Dhule Taluka,Maharashtra,0.24,0.68,0.8,0,0.07,1.22,6.34,3.25,5.35,0,0.94,1.08
20.75,75,Parola,Maharashtra,0.41,1.61,1.27,0.02,0.02,1.18,6.51,5.05,6.21,0.03,0.24,1.57
20.75,75.25,Bhadgaon,Maharashtra,0.58,1.23,1.71,0.05,0,0.54,7.24,5.12,7.17,0.14,0.22,1.35
20.75,75.5,Pachora,Maharashtra,0.49,1.21,1.34,0.03,0.01,0.26,5.61,5.04,6.03,0.05,0.46,1.23
20.75,75.75,Jamner,Maharashtra,0.56,1.36,1.37,0.05,0,0.13,4.49,5.09,5.4,0.08,0.98,0.8
20.75,76,Motala,Maharashtra,0.63,1.85,1.56,0.02,0.01,0.09,5.01,6.54,6.98,0.92,1.05,0.3
20.75,76.25,Nandura,Maharashtra,0.27,1.94,1.97,0.02,0.01,0.49,4.98,6.47,5.07,0.3,0.79,0.14
20.75,76.5,Khamgaon,Maharashtra,0.01,1.13,1.48,0,0,1.26,5.15,6.45,4.47,0,0.44,0.47
20.75,76.75,Shegaon,Maharashtra,0.01,1.14,1.21,0.09,0.36,0.94,8.42,3.52,5.74,0.05,0.25,0.25
20.75,77,Akola,Maharashtra,0.03,1.51,1.08,0.09,0.37,0.75,9.64,4.26,6.18,0.11,0.19,0.1
20.75,77.25,Akola,Maharashtra,0,2.19,0.69,0.02,0,0.52,9.91,8.85,7.5,0.22,0,0
20.75,77.5,Unknown,Maharashtra,0.16,1.34,1.74,0.17,0.03,2.08,11.04,6.36,7.48,0.61,0.37,0
20.75,77.75,Nandgaon-Khandeshwar,Maharashtra,0.04,0.74,1.72,0.08,0.01,2.5,10.13,6.89,7.44,0.2,0.25,0
20.75,78,Chandur Railway,Maharashtra,0,0.65,1.54,0.02,0.07,2.17,12.24,4.74,7.53,0.26,0.14,0
20.75,78.25,Dhamangaon Railway,Maharashtra,0,0.7,1.67,0,0.18,1.8,13.18,4.01,8.37,0.3,0.06,0
20.75,78.5,Wardha,Maharashtra,0,1.93,1.83,0,0.36,2.44,13.99,4.76,7.41,0.73,0.03,0
20.75,78.75,Seloo,Maharashtra,0,0.37,1.05,0.01,0.17,1.16,12.94,3.49,5.79,0.47,0,0
20.75,79,Unknown,Maharashtra,0,0.44,0.88,0,0.25,1.95,14.66,2.86,5.61,0.23,0,0
20.75,79.25,Bhiwapur Taluka,Maharashtra,0,0.46,1.27,0.04,0.3,2.78,13.91,2.84,4.88,0.25,0.09,0
20.75,79.5,Bhiwapur Taluka,Maharashtra,0,0.16,1.35,0.11,0.16,1.72,12.63,3.11,4.66,0.28,0.19,0
20.75,79.75,Lakhandur Taluka,Maharashtra,0,0.14,1.1,0.1,0.46,1.93,13.26,4.63,7.72,0.16,0.08,0
20.75,80,Arjuni Morgaon Taluka,Maharashtra,0,0.29,1.36,0.13,0.05,2.24,17.97,9.2,10.14,0.38,0,0
20.75,80.25,Arjuni Morgaon Taluka,Maharashtra,0,0.41,1.18,0.12,0.01,3,19.25,9.54,8.77,1.51,0,0
20.75,80.5,Korchi Taluka,Maharashtra,0,0.2,0.96,0.41,0.17,4.44,18.19,10.68,9.19,2.98,0,0
21,74,Sakri Taluka,Maharashtra,0.84,0.26,0.91,0,0.01,0.25,5.79,3.33,3.81,0.47,0.66,0.19
21,74.25,Sakri Taluka,Maharashtra,0.98,0.32,1.33,0,0.29,0.16,4.47,3.44,2.96,0.4,1.03,0.5
21,74.5,Dhule Taluka,Maharashtra,0.39,0.44,0.92,0,0.13,0.89,5.02,2.71,4.37,0.11,1.15,0.96
21,74.75,Dhule Taluka,Maharashtra,0.2,0.45,0.38,0,0.01,1.05,7.36,2.73,5.8,0,0.82,0.83
21,75,Amalner,Maharashtra,0.14,0.7,0.58,0,0,0.85,8.61,3.92,7.13,0,0.62,1.25
21,75.25,Dharangaon,Maharashtra,0.37,1.39,1.08,0,0.01,0.95,9.24,5.44,9.17,0.05,0.19,2.71
21,75.5,Erandol,Maharashtra,0.57,1.13,0.73,0.02,0.03,0.51,10.88,4.17,7.21,0.15,0.17,2.38
21,75.75,Bhusawal,Maharashtra,0.27,1.2,1.33,0,0.02,0.2,7.23,3.35,4.84,0.01,0.41,0.95
21,76,Muktainagar (Edlabad),Maharashtra,0.29,1.68,1.15,0,0,0.16,6.09,2.71,5.15,0.03,0.41,0.59
21,76.25,Muktainagar (Edlabad),Maharashtra,0.35,1.62,1.12,0,0,0.45,6.28,4.22,5.44,0,0.32,0.52
21,76.5,Jalgaon Jamod,Maharashtra,0.3,0.43,0.42,0,0,0.86,8.6,3.63,5.69,0,0.13,1.09
21,76.75,Sangrampur,Maharashtra,0.08,1.87,0.82,0,0,0.61,10.48,3.67,8.11,0,0.06,0.51
21,77,Akot,Maharashtra,0.11,1.74,0.59,0.02,0.05,1.15,11.7,3.42,7.12,0.03,0.03,0.34
21,77.25,Unknown,Maharashtra,0.01,1.36,0.59,0.01,0,1.18,10.39,4.61,6.24,0.15,0.01,0.21
21,77.5,Unknown,Maharashtra,0.24,1.33,1.81,0.22,0.04,2.22,12.37,4.34,7.06,0.92,0.56,0.06
21,77.75,Amravati,Maharashtra,0.11,1.15,1.67,0.11,0.02,2.69,12.69,4.17,7.36,0.5,0.31,0
21,78,Teosa,Maharashtra,0,0.93,1.28,0,0,2.8,13.39,3.22,6.61,0.34,0.12,0
21,78.25,Arvi,Maharashtra,0,0.89,1.09,0,0.04,2.5,13.82,2.93,4.81,0.8,0.2,0
21,78.5,Karanja,Maharashtra,0,1.33,1.29,0.04,0.16,2.59,13.9,3.69,5.25,0.75,0.14,0.01
21,78.75,Unknown,Maharashtra,0.06,0.98,1.01,0.3,0.26,2.55,13.72,4.31,4.81,0.28,0.14,0.04
21,79,Unknown,Maharashtra,0.06,1.23,1.29,0.16,0.37,3.14,13.37,3.96,5.08,0.28,0.01,0.02
21,79.25,Kuhi Taluka,Maharashtra,0,0.58,1.8,0.01,0.94,5.6,12.52,3.9,5.8,0.48,0.01,0
21,79.5,Kuhi Taluka,Maharashtra,0,0.89,1.17,0.28,0.48,4.21,12.69,5.15,4.8,0.24,0.08,0
21,79.75,Pauni Taluka,Maharashtra,0,1.43,1.15,0.16,0.19,1.89,16.36,10.28,4,0.37,0,0
21,80,Sakoli Taluka,Maharashtra,0,1.49,1.11,0.14,0.09,2.34,19.63,9.26,4.79,1.43,0,0
21,80.25,Sadak-Arjuni Taluka,Maharashtra,0,1.12,1.12,0.14,0.04,2.25,20.95,8.03,5.48,1.95,0,0
21.25,74,Navapur Taluka,Maharashtra,0.41,0.22,0.45,0,0,0.57,6.82,3.43,3.46,0.44,0.37,0.09
21.25,74.25,Nandurbar Taluka,Maharashtra,0.48,0.25,0.64,0,0,0.59,6.35,3.13,3.26,0.35,0.43,0.11
21.25,74.5,Shindkheda Taluka,Maharashtra,0.16,0.32,0.8,0,0,1.5,8.62,3.24,6.29,0.04,0.57,0.23
21.25,74.75,Shindkheda Taluka,Maharashtra,0.27,0.23,0.82,0,0,2.79,10.62,3.02,8.32,0,0.47,1.09
21.25,75,Shirpur Taluka,Maharashtra,0.23,0.28,0.56,0,0.09,1.85,11.41,2.99,8.8,0.13,0.74,1.74
21.25,75.25,Chopda,Maharashtra,0.23,0.34,0.48,0,0.15,1.55,12.38,2.93,9.01,0.22,0.75,2.07
21.25,75.5,Chopda,Maharashtra,0.43,0.91,1.11,0,0.1,0.49,13.47,3.66,6.25,0.12,0.24,1.92
21.25,75.75,Yawal,Maharashtra,0.23,1.03,1.02,0,0.04,0.22,10.94,2.63,5.13,0.02,0.12,1.28
21.25,76,Raver,Maharashtra,0.07,0.48,0.36,0,0,0.11,11.47,1.98,6.76,0,0.04,1.38
21.25,76.75,Unknown,Maharashtra,0.17,1.59,0.59,0,0,0.8,10.81,3.55,7.42,0,0.06,0.65
21.25,77,Chikhaldara,Maharashtra,0.08,1.47,0.52,0.01,0,1.22,11.42,3.14,6.64,0.07,0.01,0.4
21.25,77.25,Chikhaldara,Maharashtra,0,0.8,0.49,0,0,1.05,10.42,2.16,5.23,0.22,0.07,0.63
21.25,77.5,Achalpur,Maharashtra,0.01,0.75,0.64,0.01,0,1.35,11.89,2.45,5.45,0.37,0.46,0.24
21.25,77.75,Chandurbazar,Maharashtra,0.01,0.49,0.8,0.01,0,1.91,12.27,3.51,5.76,0.31,0.15,0.03
21.25,78,Unknown,Maharashtra,0,0.64,0.99,0,0,2.31,13.09,3.89,5.78,0.31,0.05,0
21.25,78.25,Unknown,Maharashtra,0,0.44,0.89,0,0,1.92,12.55,3.79,4.09,0.49,0.08,0
21.25,78.5,Katol,Maharashtra,0.02,0.39,0.88,0.04,0,1.96,11.83,3.49,4.02,0.5,0.13,0.01
21.25,78.75,Katol,Maharashtra,0.01,1.11,0.82,0.32,0.03,3.4,13.79,3.62,3.7,0.38,0.34,0.05
21.25,79,Nagpur Rural Taluka,Maharashtra,0.02,1.82,1.43,0.04,0.17,3.41,11.65,3.73,3.61,1.31,0.1,0.02
21.25,79.25,Parseoni,Maharashtra,0,1.54,1.33,0.09,0.92,3.79,10.68,3.82,4.15,0.68,0.08,0
21.25,79.5,Mauda Taluka,Maharashtra,0,1.04,1.18,0.15,0.4,2.92,15.97,6.2,4.38,0.23,0,0
21.25,79.75,Mohadi Taluka,Maharashtra,0,1.27,1.04,0.27,0.15,2.01,17.8,9.05,4.08,0.3,0,0
21.25,80,Tiroda Taluka,Maharashtra,0.02,2.39,0.87,0.16,0.27,4.04,18.24,9.63,3.49,1.61,0,0
21.25,80.25,Goregaon Taluka,Maharashtra,0,2.07,0.83,0.09,0.14,3.77,18.61,8.23,3.99,1.55,0,0
21.25,80.5,Salekasa Taluka,Maharashtra,0,1.19,0.5,0.28,0.17,3.28,16.03,6.07,5.52,0.8,0,0
21.5,74.5,Shahada Taluka,Maharashtra,0.3,0.27,0.42,0,0,1.49,8.88,3.14,5.86,0.17,0.36,0.11
21.5,74.75,Shahada Taluka,Maharashtra,0.24,0.33,0.51,0,0,2.59,11.48,3.34,8.5,0.01,0.37,0.36
21.5,75,Shirpur Taluka,Maharashtra,0.09,0.16,0.19,0,0.03,1.03,12.66,4.62,8.21,0.04,0.19,0.4
21.5,77,Unknown,Maharashtra,0.04,1.46,0.43,0,0,1.01,12.62,2.99,6.38,0.19,0.01,0.47
21.5,77.25,Chikhaldara,Maharashtra,0.01,1.36,0.34,0,0,0.77,15,2.4,5.17,0.52,0.06,0.39
21.5,78.25,Unknown,Maharashtra,0.1,0.67,0.69,0,0,1.84,14.04,5.4,3.44,0.73,0.12,0
21.5,78.5,Narkhed,Maharashtra,0.64,0.84,0.5,0.02,0,2.69,10.18,4.91,3.34,0.23,0.58,0
21.5,79,Parseoni,Maharashtra,0,1.29,1.19,0,0.72,2.7,11.6,4.83,3.38,1.58,0.28,0.03
21.5,79.25,Ramtek Taluka,Maharashtra,0,1.04,1.1,0.02,1.26,2.24,12.04,4.81,3.66,1.17,0.19,0.01
21.5,79.5,Tumsar Taluka,Maharashtra,0,0.8,0.87,0.21,0.36,1.89,18.02,6.74,3.85,0.2,0,0.1
21.5,79.75,Tumsar Taluka,Maharashtra,0.01,1.07,0.83,0.53,0.07,2.62,18.79,7.02,4.99,0.24,0,0
21.5,80,Tiroda Taluka,Maharashtra,0.08,1.76,1.03,0.5,0.35,3.27,16.14,8.46,3.38,1.6,0,0
21.5,80.25,Gondiya Taluka,Maharashtra,0.03,2.03,0.27,0.02,0.03,4.56,13.42,4.34,2.71,0.48,0,0
21.75,74,Akkalkuwa Taluka,Maharashtra,0.08,0.01,0.06,0,0.01,0.09,11.57,6.33,4.67,0.21,0.18,0
21.75,74.25,Akrani Taluka,Maharashtra,0.29,0.03,0.06,0,0,0.26,9.14,4.14,3.99,0.34,0.3,0.05
21.75,74.5,Shahada Taluka,Maharashtra,0.41,0.39,0.32,0,0,0.56,7.46,3.25,4.84,0.32,0.21,0.1
24,93.5,Singngat subdivision,Manipur,0,0.68,1.21,1.86,7.23,7.88,3.67,7.5,5.8,1.12,0,0
24,94,Chakpikarong subdivision,Manipur,0,0.68,1.11,1.17,7.28,9.89,2.32,7.33,3.33,1,0,0
24.25,93.25,Thanlon subdivision,Manipur,0,0.66,1.33,2.25,8.55,7.85,5.61,8.27,8.58,1.28,0,0
24.25,93.5,Henglep subdivision,Manipur,0,0.67,1.23,1.57,8.06,9.42,3.81,7.8,5.23,1.09,0,0
24.25,93.75,Churachandpur Subdivision,Manipur,0,0.67,1.15,1.27,7.46,9.75,2.66,7.44,3.74,1.01,0,0
24.25,94,Chandel subdivision,Manipur,0,0.68,1.12,1.16,7.34,9.96,2.34,7.35,3.34,1,0,0
24.25,94.25,Tengnoupal subdivision,Manipur,0,0.68,1.12,1.15,7.36,10.03,2.33,7.35,3.33,1,0,0
24.5,93.25,Thanlon subdivision,Manipur,0,0.63,1.38,1.75,9.55,10.26,5.5,8.54,6.59,1.17,0,0
24.5,93.5,Henglep subdivision,Manipur,0,0.67,1.18,1.29,7.87,10.06,3.05,7.63,4.12,1.04,0,0
24.5,93.75,Bishnupur block,Manipur,0,0.67,1.15,1.22,7.55,9.91,2.63,7.48,3.67,1.01,0,0
24.5,94,Kakching subdivision,Manipur,0,0.68,1.11,1.15,7.38,10.03,2.35,7.37,3.36,1,0,0
24.5,94.25,Machi subdivision,Manipur,0,0.68,1.11,1.15,7.36,10.03,2.33,7.36,3.33,1,0,0
24.75,93.25,Tamenglong West,Manipur,0,0.65,1.3,1.49,8.83,10.56,4.24,8.09,4.95,1.08,0,0
24.75,93.5,Nungba subdivision,Manipur,0,0.68,1.12,1.15,7.36,10.03,2.33,7.36,3.33,1,0,0
24.75,93.75,Bungte Chiru Subdivision,Manipur,0,0.68,1.12,1.17,7.5,10.09,2.59,7.46,3.56,1.03,0,0
24.75,94,Keirao Bitra,Manipur,0,0.7,1.08,1.16,7.34,10.05,2.44,7.37,3.37,1.03,0,0
24.75,94.25,Kasom Khullen,Manipur,0,0.71,1.08,1.16,7.35,10.07,2.35,7.36,3.33,1.01,0,0
24.75,94.5,Kamjong subdivision,Manipur,0,0.72,1.07,1.16,7.37,10.11,2.33,7.36,3.33,1,0,0
25,93.5,Tamenglong Subdivision,Manipur,0,0.7,1.12,1.18,7.45,9.92,3.05,7.52,3.75,1.09,0,0.01
25,93.75,Tamenglong North,Manipur,0,0.71,1.06,1.16,7.27,9.94,2.93,7.38,3.52,1.11,0,0.01
25,94,Saikul subdivision,Manipur,0,0.75,1.03,1.17,7.19,9.92,2.86,7.35,3.45,1.13,0,0.01
25,94.25,Ukhrul subdivision,Manipur,0,0.79,0.99,1.19,7.22,10.02,2.7,7.35,3.42,1.12,0,0.01
25,94.5,Kamjong subdivision,Manipur,0,0.85,0.88,1.22,7.35,10.37,2.5,7.35,3.37,1.06,0,0
25.25,93.5,Tamenglong West,Manipur,0,0.81,0.94,1.16,6.74,9.35,5.1,7.3,3.95,1.32,0,0.03
25.25,93.75,Tamenglong North,Manipur,0,0.85,0.89,1.19,6.84,9.65,4.54,7.26,3.76,1.38,0,0.03
25.25,94,Kangpoki subdivision,Manipur,0,0.88,0.87,1.2,6.81,9.69,4.69,7.25,3.82,1.48,0,0.04
25.25,94.25,Senapati tehsil,Manipur,0,0.9,0.84,1.22,6.85,9.82,4.68,7.28,3.86,1.6,0,0.05
25.25,94.5,Chingai,Manipur,0,0.93,0.81,1.24,6.97,10.08,4.4,7.36,3.85,1.7,0,0.05
25.5,94,Senapati tehsil,Manipur,0,0.92,0.79,1.16,6.1,8.93,9.51,7.03,4.57,1.86,0.02,0.08
25.5,94.5,Chingai,Manipur,0,0.95,0.78,1.22,6.32,9.5,9.57,7.45,4.69,2.44,0.01,0.12
25.25,90.25,Gasuapara,Meghalaya,0,1.15,1.2,1.72,19.27,29.03,8.54,32.26,33.86,0.5,0,0.02
25.25,90.5,Baghmara,Meghalaya,0,2.86,1.55,5.26,43.12,67.92,48.94,83.56,55.67,0.6,0,0
25.25,90.75,Rongara,Meghalaya,0,2.79,1.49,4.82,42.54,68.42,50.62,87.56,54.79,0.72,0,0
25.25,91,Ranikor,Meghalaya,0,2.79,1.46,4.39,42.82,69.98,50.38,89.47,55.41,0.65,0,0
25.25,91.25,Ranikor,Meghalaya,0,2.85,1.41,3.51,44.49,76.81,57.89,98.47,58.43,0.42,0,0
25.25,91.5,Unknown,Meghalaya,0,2.94,1.64,6.7,43.49,66.16,54.85,86.37,54.77,0.87,0,0
25.25,91.75,Shella Bholaganj,Meghalaya,0,1.42,0.9,2.64,22.22,40.74,40.13,36.23,21.2,1.6,0.02,0.01
25.25,92,Amlarem,Meghalaya,0,0.95,0.84,2.42,14.72,13.62,13.49,18.17,13.66,1.59,0.02,0.01
25.25,92.25,Khliehriat,Meghalaya,0,0.78,0.97,2.33,15.03,11.88,15.46,12.77,12.26,1.02,0.01,0
25.25,92.5,Saipung,Meghalaya,0,0.6,1.12,2.01,12.39,8.32,15.33,8.16,10.99,0.66,0,0
25.25,92.75,Saipung,Meghalaya,0,0.61,1.06,1.62,11.16,7.61,14.68,7.45,10.56,0.49,0,0
25.5,90,Betasing,Meghalaya,0,0.83,1.11,1.46,11.67,17.7,6.71,14.26,24.17,0.52,0.01,0.03
25.5,90.25,Gambegre,Meghalaya,0,0.84,1.03,1.58,12.26,16.31,7.32,13.65,23.66,0.62,0,0.03
25.5,90.5,Samanda,Meghalaya,0,1.83,1.02,2.31,25.42,36.76,13.17,44.3,36.54,0.57,0,0
25.5,90.75,Baghmara,Meghalaya,0.01,2.8,1.42,4.98,41.74,65.62,42.07,81.13,52.86,0.76,0,0
25.5,91,Mawshynrut,Meghalaya,0,2.65,1.46,4.46,40.63,64.45,43.73,82.03,52.39,0.81,0,0.01
25.5,91.25,Nongstoin,Meghalaya,0,2.34,1.37,3.79,35.94,57.48,42.94,74.91,47.38,1.08,0,0.02
25.5,91.5,Mawthadraishan,Meghalaya,0,0.5,1.17,1.11,9.33,8.91,10.22,22.55,16.09,2.85,0.04,0.08
25.5,91.75,Mawphlang,Meghalaya,0,1.09,0.78,1.78,8.27,15.73,15.48,18.35,14.67,1.97,0.04,0.02
25.5,92,Mawkynrew,Meghalaya,0,0.95,0.85,1.54,5.85,6.54,8.9,14.84,13.89,2.04,0.04,0.04
25.5,92.25,Thadlaskein,Meghalaya,0,0.91,0.94,1.26,5.21,4.96,12.66,9.08,11.72,0.67,0.01,0
25.5,92.5,Laskein,Meghalaya,0,0.73,1.08,1.06,5.52,6.67,12.62,6.39,10.23,0.27,0,0.01
25.75,90,Selsella,Meghalaya,0,0.89,1.11,1.45,11.3,17.54,6.67,14.46,25.25,0.5,0.01,0.02
25.75,90.25,Dadenggiri,Meghalaya,0,0.92,0.96,1.63,12.66,15.93,7.79,13.64,23.12,0.67,0,0.02
25.75,90.5,Songsak,Meghalaya,0,1.04,0.63,2.01,15.06,16.07,9.72,15.11,20.08,0.75,0,0
25.75,90.75,Dambo Rongjeng,Meghalaya,0.02,1.66,0.63,1.89,16.87,20.64,8.35,20.54,19.73,1.3,0,0
25.75,91,Mawshynrut,Meghalaya,0.03,1.47,0.72,1.73,18.75,29.64,15.05,34.52,25.7,1.91,0.01,0.01
25.75,91.5,Mairang,Meghalaya,0,0.44,1.2,1.49,6.81,10.46,6.93,14.82,13.26,3.72,0.13,0.17
25.75,91.75,Mairang,Meghalaya,0,0.58,1.09,1.56,5.94,8.57,6.27,15,13.63,3.25,0.11,0.13
25.75,92,Umsning,Meghalaya,0.02,0.74,0.84,1.59,4.56,7.22,6.31,13.33,13.46,2.05,0.09,0.08
26,91.75,Jirang,Meghalaya,0.04,0.83,0.72,2.02,4.7,7.78,5.06,13.7,12.46,1.73,0.1,0.07
26,92,Umling,Meghalaya,0.08,0.93,0.38,2.28,3.62,6.22,5.39,13.37,12.14,0.62,0.07,0.01
22,93,Tipa,Mizoram,0,1.88,0.25,1.34,6.8,14.52,8.68,9.71,21.27,5.81,0.8,0
22.25,92.75,Lawngtlai,Mizoram,0,1.86,0.29,1.35,6.45,13.76,8.64,9.7,21.27,5.81,0.79,0
22.25,93,Tipa,Mizoram,0,1.86,0.29,1.35,6.44,13.74,8.64,9.7,21.27,5.81,0.79,0
22.5,92.75,Lawngtlai,Mizoram,0,1.85,0.27,1.34,9.15,14.14,8.64,9.69,21.27,5.81,0.79,0
22.5,93,Saiha,Mizoram,0,1.79,0.32,1.35,8.5,12.77,8.52,9.66,21.27,5.81,0.78,0
22.75,92.5,Lungsen,Mizoram,0,1.69,0.59,1.41,5.69,7,8.42,9.58,21.15,5.74,0.72,0
22.75,92.75,Lunglei,Mizoram,0,1.69,0.38,1.32,7.78,11.2,8.4,9.58,21.19,5.76,0.75,0
22.75,93,Sangau,Mizoram,0,1.62,0.39,1.29,7.63,10.85,8.17,9.53,21.22,5.77,0.75,0
23,92.5,Lungsen,Mizoram,0,1.25,0.64,0.86,4.49,3.91,6.1,8.62,19.88,4.95,0.68,0
23,92.75,Lunglei,Mizoram,0,1.12,0.46,0.95,6.17,7.46,6.64,8.8,20.38,5.23,0.66,0
23,93,Hnahthial,Mizoram,0,1.14,0.46,1.04,6.22,7.61,6.97,8.94,20.74,5.47,0.67,0
23.25,92.5,West Bunghmun,Mizoram,0,0.18,0.35,0.51,5.5,5.9,4.22,6.67,16.08,2.49,0.5,0
23.25,92.75,Serchhip,Mizoram,0,0.58,0.47,0.87,6.09,6.63,6.48,7.3,16.92,2.99,0.5,0
23.25,93,East Lungdar,Mizoram,0,0.65,0.48,0.96,6.3,7.06,6.82,7.55,17.6,3.42,0.47,0
23.25,93.25,Khawbung,Mizoram,0,0.64,0.45,0.91,6.31,7.21,6.32,7.48,18.31,3.89,0.45,0
23.5,92.5,West Phaileng,Mizoram,0,0.38,0.44,0.86,6.74,7.5,6.3,5.88,14.39,1.81,0.14,0
23.5,92.75,Aibawk,Mizoram,0,0.44,0.56,1.24,6.49,6.74,6.51,6.1,14.98,1.96,0.21,0
23.5,93,Serchhip,Mizoram,0,0.51,0.65,1.48,6.26,5.85,5.59,5.93,15.31,2.04,0.22,0
23.5,93.25,Khawzawl,Mizoram,0,0.55,0.71,1.69,6.09,5.42,5.34,5.75,15.26,2.07,0.19,0
23.75,92.5,West Phaileng,Mizoram,0,0.49,0.51,1.44,8.59,10.15,11.79,6.99,14.08,1.73,0.04,0
23.75,92.75,Tlangnuam,Mizoram,0,0.51,0.65,1.65,6.53,6.15,6.76,6.38,14.43,1.82,0.03,0
23.75,93,Thingsulthliah,Mizoram,0,0.56,0.74,1.83,6.1,4.91,5.44,6.44,14.83,1.77,0.03,0
23.75,93.25,Ngopa,Mizoram,0,0.58,0.81,1.91,6,4.93,4.12,5.95,12.94,1.64,0.02,0
24,92.5,Zawlnuam,Mizoram,0,0.54,0.6,1.82,5.53,4.93,9.19,6.51,14.57,1.91,0.03,0
24,92.75,'N' Thingdawl,Mizoram,0,0.7,0.95,2.38,5.57,3.71,4.14,6.66,14.97,1.86,0.02,0
24,93,Phullen,Mizoram,0,0.67,1.14,2.62,8.07,6.15,6.84,8.12,15.58,1.89,0.02,0
24,93.25,Ngopa,Mizoram,0,0.69,1.25,2.46,7.42,6.05,4.85,7.69,10.57,1.4,0,0
24.25,92.75,'N' Thingdawl,Mizoram,0,0.72,1.11,2.58,5.85,3.57,2.94,8.15,15.34,2.02,0,0
24.25,93,Darlawn,Mizoram,0,0.67,1.41,2.91,9.18,6.15,6.73,9.51,15.53,1.91,0,0
25.5,93.5,Kebai Khelma,Nagaland,0,0.87,0.82,1.06,5.39,7.57,10.41,7.14,4.77,1.92,0,0.1
25.5,93.75,Peren,Nagaland,0,0.94,0.78,1.19,6.37,9.46,9.74,7.06,4.57,1.83,0.01,0.08
25.5,94.25,Zuketsa,Nagaland,0,0.93,0.79,1.18,6.12,8.99,9.42,7.16,4.61,2.03,0.02,0.09
25.75,93.75,Chumukedima,Nagaland,0,0.96,0.78,1.22,6.25,9.44,11.92,7.43,5.03,2.05,0.03,0.1
25.75,94,Sechu-Zubza,Nagaland,0.01,0.96,0.78,1.23,5.82,8.63,12.07,7.37,5.19,1.74,0.05,0.08
25.75,94.25,Kezocha,Nagaland,0.01,0.96,0.79,1.24,5.74,8.49,12.04,7.62,5.25,1.79,0.05,0.09
25.75,94.5,Phek Sadar,Nagaland,0,0.93,0.85,1.32,5.92,9.93,14.1,7.93,4.55,2.21,0.03,0.08
25.75,94.75,Phor,Nagaland,0.01,0.92,0.89,1.45,5.96,11.22,15.57,7.22,3.96,2.13,0,0.03
25.75,95,Khongsa,Nagaland,0.01,0.88,1.14,1.73,5.52,11.85,16.11,6.29,3.5,2.02,0,0
26,94,Ralan,Nagaland,0.04,1.01,0.82,1.32,5.11,7.06,12.24,7.43,5.55,1.34,0.08,0.06
26,94.25,Chunlika,Nagaland,0.03,0.98,1.02,1.56,5.38,9.13,13.31,7.9,5.61,2.2,0.07,0.06
26,94.5,Zunheboto Sadar,Nagaland,0.03,0.91,1.21,1.67,5.81,11.54,12.35,8.07,5.97,1.79,0.03,0
26,94.75,Amahator,Nagaland,0.05,0.76,1.33,2.15,4.96,12.15,13.33,7.71,5.09,1.75,0.02,0
26,95,Thonoknyu,Nagaland,0.1,0.71,1.54,2.52,4.56,12.73,13.9,7.29,4.84,1.73,0.04,0
26.25,94.25,Sanis,Nagaland,0.1,0.9,1.66,1.8,4.94,10.76,12.58,7.66,6.37,1.85,0.03,0
26.25,94.5,Akuluto,Nagaland,0.11,0.71,1.36,2.12,5.39,11.6,11.65,8.56,6.15,1.62,0.04,0
26.25,94.75,Longkhim,Nagaland,0.13,0.64,1.24,2.38,5.19,11.63,11.69,8.48,5.98,1.44,0.06,0
26.25,95,Noklak,Nagaland,0.13,0.67,1.31,2.55,5.22,12.15,11.53,8.31,6.21,1.72,0.1,0
26.5,94.25,Changpang,Nagaland,0.12,0.71,1.31,2.08,5.62,11.43,11.12,8.86,6.49,1.56,0.05,0
26.5,94.5,Alongkima,Nagaland,0.11,0.68,1.29,2.17,5.34,11.48,11.54,8.68,6.09,1.54,0.04,0
26.5,94.75,Longleng,Nagaland,0.17,0.63,1.11,2.39,5.57,11.32,10.69,8.95,6.68,1.29,0.07,0
26.5,95,Mon,Nagaland,0.17,0.64,1.12,2.59,5.82,11.57,9.77,9.24,7.35,1.61,0.14,0
26.75,94.75,Namsang,Nagaland,0.27,0.65,1.02,2.6,6.07,11.41,9.66,9.2,7.68,1.13,0.12,0
26.75,95,Mon,Nagaland,0.19,0.54,0.79,2.62,6.43,10.13,7.75,10.69,8.85,1.55,0.22,0
18,81.5,M.V. 79,Odisha,0,0.04,0.23,0.38,2.86,2.49,14.34,13.42,11.26,6.22,0.49,0
18,81.75,Kalimela,Odisha,0,0.05,0.27,0.62,2.87,2.5,14.01,13.6,10.62,6.98,0.56,0.01
18,82.25,Paparmetla,Odisha,0,0,1.47,2.94,5.13,5.77,6.53,8.84,6.27,13.47,0.18,0.38
18.25,81.75,Kalimela,Odisha,0,0.08,0.43,0.59,2.55,2.85,15.6,13.09,11.44,7.58,0.74,0
18.25,82,Orkel,Odisha,0,0.05,0.81,1.49,3.34,4.05,13.05,12.91,10.22,9.71,0.49,0
18.25,82.25,Jodamba,Odisha,0,0,1.7,3.19,4.84,5.45,7.87,10.1,6.62,13.51,0.1,0.23
18.5,82,Malkangiri,Odisha,0,0.1,0.69,0.79,3.12,4.05,20.37,13.61,10.63,5.88,0.43,0.01
18.5,82.25,Mudulipada,Odisha,0,0.08,1.33,1.63,4.21,5.16,20.28,12.72,8.51,6.47,0,0.23
18.5,82.75,Nandapur,Odisha,0,0,1.09,0.35,2.56,2.93,9.92,11.9,5.21,9.86,0.25,0.64
18.5,83,Pottangi,Odisha,0,0.01,0.93,0.7,4.65,1.16,8.69,10.7,5.08,7.9,0.01,0.48
18.75,82.25,Boipariguda,Odisha,0,0.12,0.77,0.4,3.45,5.54,26.14,14.69,10.54,3.88,0.01,0.06
18.75,82.5,Boipariguda,Odisha,0,0.09,1.52,1.15,3.85,6.08,23.02,13.52,7.95,4.73,0.01,0.05
18.75,82.75,Koraput,Odisha,0,0.03,1.13,0.71,3.33,3.6,13.26,12.06,6.02,7.81,0.15,0.43
18.75,83,Pottangi,Odisha,0,0.1,1.84,0.45,6.48,1.95,7.66,10.45,7.49,8.04,0.03,0.33
19,82.25,Kotpad,Odisha,0,0.09,1.04,0.77,3.19,6.54,24.63,14.7,10.74,3.49,0,0.03
19,82.5,Boriguma,Odisha,0,0.09,1.21,0.87,3.43,6.16,24.16,14.44,9.64,3.85,0,0.02
19,82.75,Bhairabsingipur,Odisha,0,0.09,2.09,1,4.8,3.42,11.27,10.23,7.5,5.65,0.14,0.17
19,83,Kakiriguma,Odisha,0,0.09,3.01,1.02,6.21,1.21,5.21,7.16,8.61,4.56,0.14,0.1
19,83.25,Bandhugaon,Odisha,0,0.19,3.24,1.4,6.9,4.39,7.17,10.41,7.31,5.81,0.14,0.03
19,83.75,Gunupur,Odisha,0,0.39,2.82,1.21,8.25,2.45,12.35,7.82,14.17,13.07,0.36,0.01
19,84,Serango,Odisha,0,0.34,2.68,0.66,6.52,2.3,11.87,8.02,15.85,14.43,0.45,0.06
19,84.25,Ramagiri,Odisha,0,0,0.98,0.85,4.79,2.53,9.82,9.5,7.67,5.3,0.12,0.07
19.25,82.25,Kosagumuda,Odisha,0,0,1.78,1.66,1.92,9.02,17.59,15.82,12.18,2.57,0,0
19.25,82.5,Nabarangapur P.S,Odisha,0,0.01,1.29,1.11,1.68,7.24,20.14,15.66,10.69,1.74,0,0
19.25,82.75,Tentulikhunti,Odisha,0,0.08,1.79,1.19,3.48,5.61,14.79,12.59,8.5,2.55,0.08,0.01
19.25,83,Andirakanch,Odisha,0,0.19,3.1,1.68,6.32,4.07,8.05,10,7.77,4.52,0.16,0.02
19.25,83.25,Rayagada,Odisha,0,0.32,3.34,1.87,6.63,5.46,9.64,11.03,7.96,4.37,0.5,0.03
19.25,83.5,Rayagada,Odisha,0,0.65,1.53,0.76,7.68,3.47,12.25,9.05,10.72,3.6,1.57,0.05
19.25,83.75,Gudari,Odisha,0,0.49,2.76,0.87,7.67,2.09,12.15,7.64,15.8,13.89,0.73,0.01
19.25,84,R.Udayagiri,Odisha,0,0.6,2.79,1.07,6.89,1.95,11.22,9.24,14.97,14.14,0.3,0.05
19.25,84.25,Mohana,Odisha,0,0.27,1.28,0.7,3.75,2.97,10.49,9.99,10.13,6.74,0.01,0.21
19.25,84.5,Chikiti,Odisha,0,0,0.94,0.22,2.81,3.21,9.7,9.32,11.39,4.23,0,0.24
19.25,84.75,Rangeilunda,Odisha,0,0,0.78,0.23,2.68,2.91,9,7.57,12.31,2.9,0,0.26
19.5,82.25,Dabugan,Odisha,0,0,1.32,1.3,1.47,8.47,19.75,13.64,10.12,1.78,0,0
19.5,82.5,Paparahandi,Odisha,0,0,0.86,0.7,1.53,6.07,21.62,14.51,9.37,0.6,0,0
19.5,82.75,Jayapatna,Odisha,0,0.05,0.67,0.49,2.8,4.71,21.56,14.03,9.31,0.66,0.02,0
19.5,83,Thuamul Rampur,Odisha,0,0.24,0.77,0.88,5.01,1.73,18.06,10.94,10.51,2.87,0.11,0
19.5,83.25,Kalyanasingpur,Odisha,0,0.14,0.79,2.28,9.02,2.1,15.15,9.36,12.61,4.1,0,0
19.5,83.5,Bishamakatak,Odisha,0,0.75,0.88,0.51,6.67,2.26,12.54,9.01,12.48,2.59,2.17,0.03
19.5,83.75,Chandrapur,Odisha,0,0.65,1.58,0.66,5.84,1.79,12.3,8.78,12.02,6.18,1.27,0.11
19.5,84,Adava,Odisha,0,0.86,2.27,1.2,5.34,1.84,10.35,10.39,11.95,10.49,0.02,0.19
19.5,84.25,Mohana,Odisha,0,1.08,2.73,0.59,3.52,3.34,10.12,9.56,10.21,7.21,0,0.17
19.5,84.5,Badagada,Odisha,0,0.55,2.02,0.53,3.13,3.73,8.92,11,10.2,4.93,0,0.13
19.5,84.75,Hinjili,Odisha,0,0,1.06,0.47,3.23,3.34,9.87,9.69,12.31,3.36,0,0.2
19.5,85,Rambha,Odisha,0,0.07,1.38,0.2,3.66,3.81,16.33,6.13,13.24,2.63,0,0.22
19.75,82.25,Umarkote,Odisha,0,0,1,0.59,2.25,5.31,13.26,13.21,8.75,1.83,0,0
19.75,82.5,Jharigan,Odisha,0,0.04,0.76,0.22,6.06,4.11,14.96,13.57,9.47,1.05,0,0
19.75,82.75,Kokasara,Odisha,0,0.07,0.3,0.06,7.82,1.76,18.59,11.48,9.73,1.1,0,0
19.75,83,Junagarh,Odisha,0,0.33,0.4,0,5.02,0.53,21.03,11.19,9.95,1.89,0.13,0
19.75,83.25,Sadar,Odisha,0,0.1,0.11,0.13,1.38,0.28,20.92,10.9,10.19,2.3,0.04,0
19.75,83.5,Ambadala,Odisha,0,0.72,0.04,0.08,4,1.45,16.48,11.85,10.6,1.81,0.05,0.03
19.75,83.75,Kotagarh,Odisha,0,0.42,0.88,0.98,4.63,1.58,15.16,9.45,10.77,5.22,0,0.16
19.75,84,Brahmanigaon,Odisha,0,0.2,1.38,0.95,4.38,1.59,15.17,8.41,10.06,6.06,0,0.18
19.75,84.25,Badagada,Odisha,0,0.57,1.95,0.24,2.44,2.01,12.2,7.74,9.61,5.89,0,0.09
19.75,84.5,Surada,Odisha,0,0.55,1.91,0.44,2.87,2.88,10.91,9.22,10.09,5.81,0,0.11
19.75,84.75,Buguda,Odisha,0,0.27,1.39,0.65,3.84,2.93,15.22,8.58,9.48,4.05,0,0.08
19.75,85,Polasara,Odisha,0,0.25,1.37,0.41,3.76,3.03,17.58,6.26,10.14,3.39,0,0.12
19.75,85.25,Balugaon,Odisha,0,0.28,0.97,0.13,3.44,2.31,19.08,7.08,10.12,3.64,0,0.15
19.75,85.5,Krushna Prasad,Odisha,0,0.01,0.7,0.15,4.08,2.19,23.34,5.47,15.38,3.11,0,0.32
20,82,Raighar,Odisha,0,0.1,0.92,0.53,1.77,5.51,13.66,11.82,8.8,2.48,0,0
20,82.75,Golamunda,Odisha,0,0.19,0.59,0.04,9.38,1.61,18.54,10.86,9.91,1.3,0,0
20,83,Kegaon,Odisha,0,0.33,0.7,0.02,8.46,1.01,21.5,10.09,9.52,1.88,0.04,0
20,83.25,Sadar,Odisha,0,0.37,0.15,0,3.14,0.73,19.75,11.31,10.12,1.98,0.04,0
20,83.5,Narala,Odisha,0,0.63,0.08,0.21,2.97,1.16,16.44,10.54,9.49,2.2,0,0.09
20,83.75,Tumudibandha,Odisha,0,0.58,0.52,1.23,4.43,1.39,14.26,8.86,10.52,5,0,0.14
20,84,Baliguda,Odisha,0,0.27,0.82,1.01,3.85,1.3,15.19,8.89,10.82,6.84,0,0.15
20,84.25,Raikia,Odisha,0,0,1.02,0.12,2.08,0.39,12.58,8.14,10.09,5.77,0,0.04
20,84.5,Bhanjanagar,Odisha,0,0.12,1.12,0.2,2.53,0.72,13.09,8.03,10.04,5.99,0,0.05
20,84.75,Jagannath Prasad,Odisha,0,1.2,2.36,0.36,4.64,1.97,15.74,9.92,7.34,5.75,0,0
20,85,Odagaon,Odisha,0,0.47,0.89,0.02,3,1.23,15.26,8.57,7.31,3.34,0,0
20,85.25,Ranapur,Odisha,0,0.4,0.7,0,2.66,1.52,15.15,8.81,7.86,3.08,0,0
20,85.5,Nirakarpur,Odisha,0,0.2,0.45,0.04,4.98,1.68,18.94,7.85,13.12,3.11,0,0.1
20,85.75,Delanga,Odisha,0,0,1.61,0,2.99,1.1,15.94,7.36,10.13,3.25,0,0.14
20,86,Nimapada,Odisha,0,0.01,0.82,0,0.54,2.61,15.93,10.9,14.89,2.7,0,0.07
20,86.25,Kakatpur,Odisha,0,0.31,1.89,0.03,2.28,2.65,14.83,9.3,14,3.97,0,0.14
20.25,82.5,Boden,Odisha,0,0.11,0.04,0.11,8.19,5.1,19.23,16.07,13.26,2.07,0,0
20.25,82.75,Khariar,Odisha,0,0.22,0.73,0.29,7.23,2.62,15.25,13.52,11.6,2,0,0
20.25,83,Sindhekela,Odisha,0,0.29,0.92,0.32,6.76,2,14.61,13.18,11.05,1.68,0,0
20.25,83.25,Kesinga,Odisha,0,0.29,0.39,0.23,2.97,1.8,14.87,12.17,8.68,1.92,0,0
20.25,83.5,Madanpur Rampur,Odisha,0,0.57,0.15,0.35,2.06,1.25,14.72,8.94,7.28,2.21,0,0.04
20.25,83.75,Baliguda,Odisha,0,0.65,0.17,0.48,2.52,1.28,15.01,7.79,7.75,2.73,0,0.09
20.25,84,Baliguda,Odisha,0,0.32,0,0.16,3.74,2.31,19.9,11.57,13.91,7.9,0,0.03
20.25,84.25,Tikabali,Odisha,0,0.15,0.21,0,2.41,1.45,18.65,11.03,12.18,9.08,0,0.04
20.25,84.5,Chakapada,Odisha,0,0.46,1.7,0.03,3.08,1.6,14.57,12.76,7.14,5.02,0,0
20.25,84.75,Dasapalla,Odisha,0,1.48,2.99,0.12,5.38,1.62,15.73,12.69,7.78,6.21,0,0
20.25,85,Nayagarh Sadar,Odisha,0,1.43,2.62,0.02,5.24,1.16,16.75,13.51,9.29,5.07,0,0
20.25,85.25,Fategarh,Odisha,0,0.53,0.31,0.04,1.16,1.98,14.55,11.33,12.16,2.85,0,0
20.25,85.5,Khordha,Odisha,0,0.88,1.79,0.23,6.34,3.19,14.49,8.31,13,3.97,0,0.01
20.25,85.75,Tamando,Odisha,0,0.31,0.88,0.07,3.57,1.95,16.64,9.48,12.8,5.81,0,0.02
20.25,86,Gobindpur,Odisha,0,0.39,1.4,0.02,2.4,1.85,14.96,10.81,12.93,4.68,0,0.06
20.25,86.25,Tirtol,Odisha,0,0.59,2.51,0.29,4.01,3.02,15.31,8.63,13.82,4.84,0,0.15
20.25,86.5,Kujang,Odisha,0,0.55,2.42,0.36,3.73,3.18,15.67,8.55,14.16,4.88,0,0.15
20.5,82.5,Komna,Odisha,0,0.63,0.21,0.46,7.09,4.19,21.37,8.71,8.26,2.4,0,0
20.5,82.75,Turekela,Odisha,0,0.16,0.15,0.1,2.28,1.5,15.12,13.68,7.5,4.25,0,0
20.5,83,Belpara,Odisha,0,0.14,0.22,0.09,1.87,1.65,15.66,15.87,9.29,4.54,0,0
20.5,83.25,Saintala,Odisha,0,0.2,0.08,0.27,1.27,2.21,16.99,14.66,7.73,1.57,0,0
20.5,83.5,Tushura,Odisha,0,0.53,0.13,0.46,2.1,1.78,17.28,11.36,7.08,1.62,0,0
20.5,83.75,Kantamal,Odisha,0,0.68,0.06,0.65,2.51,2.24,17.79,9.52,10.35,2.59,0,0
20.5,84,Gochhapada,Odisha,0,0.78,0,1.24,2.87,2.79,18.2,10.14,13.07,3.42,0,0
20.5,84.25,Khajuripada,Odisha,0,0.67,0.38,0.12,3.62,1.94,17.93,15.23,11.52,3.14,0,0
20.5,84.5,Puruna Katak,Odisha,0,0.15,0.48,0,1.64,1.36,13.67,15.98,8.17,5.06,0,0
20.5,84.75,Gania,Odisha,0,0.35,1.17,0,2.69,0.87,11.97,14.49,8.79,3.96,0,0
20.5,85,Narasinghpur,Odisha,0,1.37,1.43,0,4.23,1.26,13.96,11.49,8.55,4.56,0,0
20.5,85.25,Kanpur,Odisha,0,2.12,1.31,0.05,4.2,1.37,15.95,14.35,8.05,5.01,0,0
20.5,85.5,Tigiria,Odisha,0,1.76,1.12,0.79,6.83,3.44,16.1,14.7,9.26,4.77,0,0
20.5,86.25,Nischintakoili,Odisha,0,1.27,3.61,0.89,9.79,5,16.88,11.59,10.87,4.29,0,0.03
20.5,86.5,Kendrapara Sadar,Odisha,0,0.55,2.15,1.37,6.28,6.13,17.5,12.17,12.02,4.96,0,0.06
20.5,86.75,Mahakalapada,Odisha,0,0.5,1.61,0.9,5.24,5.17,14.91,11.31,11.07,4.76,0,0.06
20.75,82.5,Nuapada,Odisha,0,0.34,0.25,0.06,4.51,3.11,21.72,9.58,8.22,1.47,0,0
20.75,82.75,Khaprakhol,Odisha,0,0.24,0.18,0.21,5.28,2.5,17.73,11.81,7.3,2.22,0,0.01
20.75,83,Patnagarh,Odisha,0,0.13,0.21,0.4,5.59,2.55,18.66,12.15,6.1,1.44,0,0
20.75,83.25,Balangir,Odisha,0,0.92,0.21,1.12,4.59,2.05,21.29,13.89,6.98,1.56,0,0
20.75,83.5,Balangir,Odisha,0,0.72,0.08,0.28,2.06,1.95,21.37,12.13,7.88,0.82,0,0
20.75,83.75,Tarbha,Odisha,0,0.55,0.02,0.06,1.31,1.88,20.63,11.93,8.78,0.88,0,0
20.75,84,Manamunda,Odisha,0,0.69,0.11,0.16,1.83,1.47,19.76,15.88,11.63,2.2,0,0
20.75,84.25,Baudh Sadar,Odisha,0,1,1.02,0.06,2.06,1.93,20.5,18.86,9.47,2.57,0,0
20.75,84.5,Athmallik,Odisha,0,1.1,0.69,0.02,2.42,2.41,15.58,15.76,10.81,2.62,0,0
20.75,84.75,Purunakot,Odisha,0,0.95,1.24,0.56,4.37,2.33,15.53,9,9.56,4.1,0,0
20.75,85,Bantala,Odisha,0,1.19,0.97,0.3,4.2,2.08,15.63,8.74,8.86,3.95,0,0.01
20.75,85.25,Bhusan Steel Limited,Odisha,0,1.1,1.96,0.24,3.88,1.39,17.04,11.92,5.63,3.54,0,0
20.75,85.5,Dhenkanal Sadar,Odisha,0,1.26,1.78,0.33,3.71,2.61,16.28,11.64,5.86,3.57,0,0
20.75,85.75,Gandia,Odisha,0,2.22,1.6,0.34,4.24,3.12,12.47,11.1,7.82,4.46,0,0
20.75,86,Nihalprasad,Odisha,0,2.67,1.51,1.01,5.75,3.47,13.33,14.64,9.27,3.34,0,0.01
20.75,86.25,Jajpur Sadar,Odisha,0,1.16,2.49,0.53,8.61,4.78,13.81,11.55,8.88,3.89,0,0
20.75,86.5,Binjharpur,Odisha,0,0.84,1.3,0.41,6.69,4.03,11.48,10.99,8.07,4.13,0,0
20.75,86.75,Rajkanika,Odisha,0,0.87,1.8,0.78,7.49,5.18,13.64,12.04,8.83,4.24,0,0.02
20.75,87,Rajnagar,Odisha,0,0.85,1.81,0.85,7.53,5.38,13.92,12.37,8.94,4.29,0,0
21,82.75,Jharbandha,Odisha,0,1.18,0.23,0.09,5.11,2.43,14.74,10.37,9.93,1.55,0,0.03
21,83,Paikamal,Odisha,0,1.08,0.26,0.13,4.01,3.33,24.19,14.2,10.67,1.03,0,0.01
21,83.25,Gaisilet,Odisha,0,1.84,0.16,0.07,2.18,2.47,26.65,15.35,9.29,0.54,0,0
21,83.5,Dunguripali,Odisha,0,0.5,0.01,0,1.66,1.01,27.01,17.07,9.88,0.38,0,0
21,83.75,Binika,Odisha,0,0.48,0.01,0,1.39,1.52,23.38,14.78,9.06,0.72,0,0
21,84,Biramaharajpur,Odisha,0,0.89,0.12,0,0.93,2.9,16.88,16.75,6.82,2.51,0,0
21,84.25,Rairakhol,Odisha,0,1.17,0.65,0,1.29,2.16,17.87,17.02,7.37,2.84,0,0
21,84.5,Kishorenagar,Odisha,0,2,1.13,0.01,1.91,3.96,13.59,12.48,11.99,1.61,0,0
21,84.75,Handapa,Odisha,0,0.93,0.99,0.39,3.56,2.44,16.21,8.76,9.15,3.61,0,0.01
21,85,Kaniha,Odisha,0,0.92,1.23,0.45,4.91,2.38,20.78,10.26,8.98,3.61,0,0.02
21,85.25,Talcher Sadar,Odisha,0,0.51,0.52,0.52,2.44,2.28,17.95,11.03,5.97,2.65,0,0
21,85.5,Kankadahad,Odisha,0,0.75,0.6,0.08,1.26,3.4,13.92,10.98,7,4,0,0
21,85.75,Kaliapani,Odisha,0,1.87,1.43,0.93,4.17,4.25,13.53,10.93,7.02,3.69,0,0
21,86,Kalinganagar,Odisha,0,2.52,1.52,1.66,6.75,3.39,11.42,13.75,7.96,2.9,0,0
21,86.25,Korai,Odisha,0,2.13,1.39,1,6.3,3.67,11.86,13.38,8.34,3.3,0,0
21,86.5,Bhadrak Rural,Odisha,0,1.13,1.23,0.48,6.83,5.14,11.47,12.3,8.32,4.21,0,0
21,86.75,Naikanidihi,Odisha,0,1.51,1.27,0.66,8.23,5.98,12.73,13.36,8.81,4.26,0,0
21.25,83.25,Sohela,Odisha,0,0.58,0.54,0.04,2.45,4.85,33.9,19.93,12.49,1.09,0,0
21.25,83.5,Barapali,Odisha,0,0.83,0.85,0.11,2.08,2.33,20.46,20.58,9.95,0.96,0,0
21.25,83.75,Bheden,Odisha,0,0.9,0.78,0.09,1.3,1.99,15.8,24.67,12.02,0.92,0,0.06
21.25,84,Dhama,Odisha,0,0.99,0.43,0.01,0.87,2.63,15.38,20.52,7.96,2.25,0,0.01
21.25,84.25,Rairakhol,Odisha,0,0.39,0.14,0,0.34,1.67,15.29,14.19,8.13,1.88,0,0
21.25,84.5,Naktideul,Odisha,0,0.33,0.15,0.02,0.43,1.81,14.29,12.01,8.64,1.96,0,0
21.25,84.75,Naktideul,Odisha,0,0.01,0,0.03,0.29,3.07,13.83,11.63,7.44,2.07,0,0
21.25,85,Rengali Damsite,Odisha,0,1.69,0.49,0.23,1.03,2.08,17.18,12.88,6.51,1.72,0,0
21.25,85.25,Khamar,Odisha,0,1.1,0.36,0.28,1.06,2.55,15.9,11.5,6.21,2.55,0,0.01
21.25,85.5,Telkoi,Odisha,0,1.43,0.53,0.44,2.02,3.67,14.66,11.7,6.35,4.57,0,0
21.25,85.75,Harichandanpur,Odisha,0,1.72,1.59,2.39,5.81,4.62,16.74,12.64,8.15,4.54,0,0
21.25,86,Ghasipura,Odisha,0,1.81,1.58,1.87,6.58,5.1,14.79,13.93,7.49,4.04,0,0
21.25,86.25,Soso,Odisha,0,2.25,1.17,1.58,7.04,7.8,13.65,16.2,10.79,4.99,0,0
21.25,86.5,Khaira,Odisha,0,2.36,1.24,1.56,8,8.62,14.56,17.11,11.18,4.99,0,0
21.25,86.75,Soro,Odisha,0,2.52,1.25,1.21,9.75,6.62,15.11,16.72,10.65,4.17,0,0
21.5,83.5,Bhatli,Odisha,0,0.9,1.14,0.17,1.74,2.75,13.72,23.54,11.96,0.94,0,0.09
21.5,83.75,Attabira,Odisha,0,1.14,1.13,0.1,1.26,2.22,12.06,29.51,13.43,1.03,0,0.06
21.5,84,Ainthapali,Odisha,0,0.65,0.88,0.06,1.42,2.24,12.14,22.32,11.32,0.92,0,0.08
21.5,84.25,Jamankira,Odisha,0,0.28,0.34,0,1.02,2.11,14.02,17.24,8.37,1.37,0,0.04
21.5,84.5,Reamal,Odisha,0,0.56,0.04,0.01,0.79,3.17,17.28,14.23,8.06,1.69,0,0
21.5,84.75,Debagarh,Odisha,0,0.91,0.05,0.03,1.2,4.12,20.44,16.87,7.9,1.35,0,0
21.5,85,Barkot,Odisha,0,1.74,0.68,0.41,1.5,4.11,21.23,18.43,7.48,1.53,0,0
21.5,85.25,Palalahada,Odisha,0,1.47,0.8,0.91,1.56,8.16,16.26,12.84,5.18,3.25,0,0.06
21.5,85.5,Kanjipani,Odisha,0,1.66,0.95,1.33,2.99,5.82,15.97,14.05,3.18,3.92,0,0.03
21.5,85.75,Ghatgaon,Odisha,0,2.7,1.48,0.03,3.07,5.65,12.46,12.08,3.42,1.52,0,0
21.5,86,Ghatgaon,Odisha,0,2.12,1.45,0.39,5.9,7.03,13.82,15.33,4.91,3.48,0,0
21.5,86.25,Mahuldiha,Odisha,0,1.87,1.06,1.12,7.55,5.32,11.4,12.39,8.14,4.54,0,0
21.5,86.5,Kaptipada,Odisha,0,2.74,1.21,1.33,8.17,4.1,13.68,16.68,10.9,3.54,0,0
21.5,86.75,Nilagiri,Odisha,0,2.68,1.23,0.94,10.41,6.22,15.68,16.1,10.02,3.89,0,0
21.5,87,Baleshwar Sadar,Odisha,0,1.93,0.57,0.04,5.97,6.45,17.5,14,10.05,3.68,0,0
21.75,83.5,Rengali,Odisha,0,0.68,0.65,0.23,1.82,3.54,13.93,12.64,9.2,1.25,0,0.05
21.75,83.75,Lakhanpur,Odisha,0.01,1.2,0.66,0.45,1.41,3.89,13.53,12.07,9.18,1.07,0,0.06
21.75,84,Thelkoloi,Odisha,0,0.35,0.69,0.04,1.59,2.24,12.45,18.15,9.66,0.9,0,0.06
21.75,84.25,Katarbaga,Odisha,0,0.29,0.66,0,1.58,2.46,12.93,18.48,9.3,0.84,0,0.06
21.75,84.5,Mahulpalli,Odisha,0,0.29,0.11,0,1.05,3.96,17.4,14.76,6.42,1.42,0,0
21.75,84.75,Tikaetpali,Odisha,0,0.17,0.09,0.02,0.64,4.27,18.24,15.28,6.02,2.09,0,0
21.75,85,Lahunipara,Odisha,0,0.49,0.21,0.19,0.49,5.5,18.59,17.07,6.56,3.91,0,0.03
21.75,85.25,Nayakote,Odisha,0,1.33,0.86,0.94,1.7,9.38,16.09,12.3,4.91,3.51,0,0.08
21.75,85.5,Kendujhar Sadar,Odisha,0,0.81,1.06,1.24,2.93,6.59,15.75,14.17,3.03,3.17,0,0.09
21.75,85.75,Turumunga,Odisha,0,1.04,1.45,0.67,4.59,6.86,15.2,13.29,3.01,2.71,0,0.14
21.75,86,Karanjia,Odisha,0,0.6,0.67,0.17,2.43,5.24,16.91,16.12,6.26,4.19,0,0.02
21.75,86.25,Karanjia,Odisha,0,1.66,0.84,1.21,4.4,5.66,13.98,13.54,9.19,4.78,0,0
21.75,86.5,Baripada Sadar,Odisha,0,2.12,1.69,0.87,5.94,6.6,13.21,13.28,8.28,3.28,0,0
21.75,86.75,Barsahi,Odisha,0,2.85,0.64,0.08,5.32,5.97,16.93,13.01,8.99,3.93,0,0
21.75,87,Baisinga,Odisha,0,2.12,0.57,0.04,5.66,6.2,17.37,13.86,9.82,3.72,0,0
21.75,87.25,Jaleswar,Odisha,0,1.62,0.5,0.19,5.88,5.68,15.29,14.49,9.13,3.41,0,0
22,83.75,Hemgir,Odisha,0.04,2.04,0.77,0.4,2.02,3.81,12.72,12.93,7.09,0.95,0,0.06
22,84,Bhasma,Odisha,0.01,1.15,0.87,0.1,2.42,3.35,13.68,15.98,8.7,0.82,0,0.06
22,84.25,Dharuadihi,Odisha,0,0.1,0.83,0,1.93,2.37,14.25,14.63,7.26,0.52,0,0.02
22,84.5,Govindpur,Odisha,0.01,0.06,0.46,0.01,1.79,2.73,14.55,11.51,6.58,0.85,0,0
22,84.75,Chandiposh,Odisha,0,0.01,0.13,0,0.68,4.08,16.14,14.78,5.91,2.16,0,0
22,85,Kamarposh Balang,Odisha,0,0.18,0.27,0.09,0.87,4.21,16.74,15.19,5.59,2.96,0,0.01
22,85.25,Bolani,Odisha,0,0.81,0.96,0.47,2.34,4.35,17.41,10.07,3.71,2.02,0,0.05
22,85.5,Champua,Odisha,0,0.87,1.24,0.54,3.41,4.2,16.73,10,3.34,1.9,0,0.05
22,85.75,Ghagarbeda,Odisha,0,1.11,2.23,0.65,7.7,5.41,12.98,15.86,5.07,3.92,0,0.01
22,86,Jashipur,Odisha,0,0.44,0.67,0.27,2.46,3.45,16.09,15.47,7.48,4.1,0,0
22,86.25,Jashipur,Odisha,0,0.81,0.85,0.49,3.12,4.74,14.62,13.15,8.12,3.37,0,0
22,86.5,Bangiriposi,Odisha,0,1.53,1.78,0.35,5.04,6.59,12.67,12.19,7.21,2.63,0,0
22,86.75,Chandua,Odisha,0,2.42,0.74,0.07,4.54,5.57,16.04,12.72,8.83,3.63,0,0
22,87,Suliapada,Odisha,0,2.28,0.58,0.14,4.26,5.09,14.69,10.5,7.74,3.67,0,0
22.25,84,Kinjirkela,Odisha,0.01,0.53,1.08,0.04,3.94,3.11,14.25,17.43,7,0.42,0,0.01
22.25,84.25,Baragaon,Odisha,0,0.09,0.83,0,1.81,2.38,14.65,13.16,7.07,0.53,0,0
22.25,84.5,Rajagangapur,Odisha,0.01,0.11,0.74,0.01,1.81,1.74,12.16,10.69,7.62,1.06,0,0
22.25,84.75,Biramitrapur,Odisha,0.01,0.1,0.6,0.01,1.67,2.22,13.04,11.3,7.4,1.46,0,0
22.25,85,Bisra,Odisha,0,0.4,0.6,0.19,1.82,3.4,15.71,12.27,5.14,2.17,0,0.02
22.25,86,Jamda,Odisha,0,1.39,1.11,0.23,3.64,3.92,13.68,16.23,11.03,1.63,0,0
22.25,86.25,Rairangpur,Odisha,0,0.89,0.86,0.88,4.45,5.09,13.09,11.69,9.23,2.94,0,0
22.25,86.5,Jharpokharia,Odisha,0,0.38,0.88,0.16,4.42,5.04,12.23,11.5,9.94,2.9,0,0
22.5,84,Talasara,Odisha,0.03,1.37,1.72,0,2.01,2.62,9.74,12.16,7.18,0.97,0,0
22.5,86,Tiring,Odisha,0.01,1.74,0.84,0.06,4.19,6.17,12.26,12.04,7.1,3.85,0,0
27,91.25,Dungmaed Gewog,Pemagatshel District,0.02,1.22,1.44,1.12,14.3,12.74,9.5,13.06,10.83,0.59,0,0
11,79.75,Thirunallar Taluk,Puducherry,0.13,0.06,0,0,4.23,1.34,2.29,1.9,1.71,11.87,10.58,4.54
12,79.75,Villianur Taluk,Puducherry,0.01,0.85,0,0,4.1,2.42,1.89,4.53,4.39,10.05,6.12,1.87
27.75,70.75,Rahim Yar Khan District,Punjab,0,0,0,0.12,0.17,0.01,0.77,0.63,0.31,0,0,0
27.75,71,Rahim Yar Khan District,Punjab,0,0,0,0.18,0.29,0.01,0.84,0.72,0.52,0,0,0
28,70,Rahim Yar Khan District,Punjab,0,0,0,0.01,0,0,0.58,0.49,0,0,0,0
28,70.25,Rahim Yar Khan District,Punjab,0,0,0,0.02,0.01,0,0.6,0.5,0.02,0,0,0
28,71,Rahim Yar Khan District,Punjab,0,0,0,0.1,0.2,0.01,0.69,0.62,0.33,0,0,0
28,71.25,Bahawalpur District,Punjab,0,0,0,0.06,0.11,0,1.07,0.79,0.36,0,0,0
28,71.5,Bahawalpur District,Punjab,0,0,0,0.05,0.13,0,1.33,1.01,0.47,0,0,0
28,71.75,Bahawalpur District,Punjab,0,0,0,0.05,0.13,0,1.33,1,0.5,0,0,0
28.25,71.75,Bahawalpur District,Punjab,0,0,0,0.01,0.03,0,1.32,0.9,0.36,0,0,0
28.25,72,Bahawalpur District,Punjab,0,0,0,0.02,0.09,0.06,1.35,0.99,0.5,0,0,0
28.5,72,Bahawalpur District,Punjab,0,0,0,0.03,0.18,0.2,1.51,1.23,0.85,0,0,0
28.75,72.25,Bahawalpur District,Punjab,0,0.08,0.12,0.16,0.88,0.69,2.06,1.81,2.32,0,0,0
29,72.25,Bahawalpur District,Punjab,0,0.11,0.17,0.18,0.95,0.64,2.02,1.54,2.38,0,0,0
29,72.5,Bahawalnagar District,Punjab,0,0.13,0.19,0.17,0.95,0.64,1.99,1.41,2.43,0,0,0
29,72.75,Bahawalnagar District,Punjab,0,0.13,0.19,0.16,0.93,0.64,1.99,1.41,2.45,0,0,0
29.25,72.75,Bahawalnagar District,Punjab,0,0.21,0.3,0.17,1.01,0.55,1.86,0.76,2.56,0,0,0
29.25,73,Bahawalnagar District,Punjab,0,0.25,0.37,0.21,1.14,0.41,1.77,0.32,2.61,0,0,0
29.5,73,Bahawalnagar District,Punjab,0,0.28,0.39,0.14,0.98,0.53,1.86,0.24,3.21,0,0,0
29.75,73,Bahawalnagar District,Punjab,0,0.34,0.56,0.13,0.85,0.98,2.64,0.29,5.19,0,0,0
29.75,73.25,Bahawalnagar District,Punjab,0,0.35,0.52,0.14,0.85,1.04,2.98,0.23,5.82,0,0,0
29.75,75.25,Sardulgarh Tehsil,Punjab,0.16,0.24,0.49,0.41,0.43,1.39,0.63,0.01,1.56,0.21,0,0.2
29.75,76,Moonak Tahsil,Punjab,0.85,0.16,0.64,0.1,0.69,0.44,1.13,0.63,3.51,1.18,0,0.44
30,73.25,Bahawalnagar District,Punjab,0,0.36,0.66,0.15,1,1.03,2.95,0.25,5.99,0.03,0,0
30,73.5,Bahawalnagar District,Punjab,0,0.44,1.08,0.19,1.44,1.14,3.03,0.22,6.52,0.14,0,0
30,74,Abohar Tahsil,Punjab,0,0.42,0.68,0.12,0.75,0.94,2.03,0.94,5.79,0.06,0.01,0
30,74.25,Abohar Tahsil,Punjab,0,0.56,0.33,0.19,0.42,0.85,1.23,0.6,4.98,0.01,0.21,0
30,74.5,Malout Tahsil,Punjab,0.1,0.71,0.52,0.26,0.62,1.32,1.67,0.33,5.35,0.03,0.3,0
30,74.75,Bathinda Tahsil,Punjab,0.29,0.85,0.94,0.46,0.94,1.92,2.54,0.1,5.03,0.08,0.2,0
30,75,Talwandi Sabo Tahsil,Punjab,0.3,0.83,0.97,0.55,0.93,1.94,2.58,0.04,4.72,0.09,0.17,0.04
30,75.25,Maur Tahsil,Punjab,0.21,0.55,0.69,0.61,0.54,1.29,1,0,2.79,0,0,0.19
30,75.5,Mansa Tehsil,Punjab,0.35,0.21,0.76,0.68,0.86,1.07,0.77,0.05,2.36,0.38,0.04,0.54
30,75.75,Sunam Tahsil,Punjab,0.47,0.29,1.21,0.64,1.11,0.65,0.96,0.48,3.19,0.61,0.06,0.92
30,76,Dirba Tahsil,Punjab,0.88,0.45,0.97,0.53,0.8,1.18,1.09,0.55,2.61,0.39,0.03,0.59
30.25,73.5,Pakpattan District,Punjab,0,0.43,0.94,0.16,1.27,0.84,2.09,0.15,4.63,0.11,0,0
30.25,73.75,Bahawalnagar District,Punjab,0,0.42,0.8,0.09,1.05,0.47,0.91,0.2,2.75,0.08,0,0
30.25,74,Fazilka Tahsil,Punjab,0,0.32,0.53,0.08,0.45,0.37,0.38,0.22,1.84,0,0,0
30.25,74.25,Abohar Tahsil,Punjab,0.01,0.41,0.48,0.21,0.41,0.61,0.83,0.21,1.67,0,0,0
30.25,74.5,Malout Tahsil,Punjab,0.11,0.39,0.96,0.57,1.01,1.16,1.44,0.18,4.83,0.02,0.01,0
30.25,74.75,Bathinda Tahsil,Punjab,0.25,0.65,1.12,0.7,1.11,1.67,1.17,0.22,4.52,0.01,0.05,0
30.25,75,Bathinda Tahsil,Punjab,0.24,0.74,0.98,0.84,0.82,1.58,1.64,0.16,4.37,0.07,0.09,0.04
30.25,75.25,Rampura Phul Tahsil,Punjab,0.18,0.55,0.95,1.01,0.72,1.05,0.94,0.34,2.88,0.43,0.02,0.41
30.25,75.5,Tapa Tahsil,Punjab,0.17,0.45,0.98,1.11,0.8,0.84,0.9,0.62,2.95,0.59,0.02,0.59
30.25,75.75,Sangrur Tahsil,Punjab,0.36,0.35,1.68,0.64,1.21,0.62,1.1,1.3,3.9,0.44,0.05,0.99
30.25,76,Bhawanigarh Tahsil,Punjab,0.83,0.77,1.32,0.47,0.8,1,1.14,0.65,3.19,0.27,0.01,1
30.25,76.25,Patiala Tahsil,Punjab,1.96,1.72,1.17,0.7,1.02,0.5,1.58,1.24,6.38,0.35,0.09,0.89
30.25,76.5,Patiala Tahsil,Punjab,2.45,1.6,1.46,0.63,1.04,0.62,3.91,1.73,5.12,0.41,0.07,1.25
30.5,73.75,Okara District,Punjab,0,0.33,0.61,0.07,0.84,0.34,0.55,0.09,1.29,0.02,0,0
30.5,74,Fazilka Tahsil,Punjab,0.02,0.28,0.53,0.24,0.72,0.28,0.38,0.09,0.95,0,0,0
30.5,74.25,Jalalabad Tahsil,Punjab,0.05,0.19,0.79,0.43,0.85,0.73,1.15,0.12,1.8,0.01,0,0
30.5,74.5,Muktsar Tahsil,Punjab,0.12,0.32,1.22,0.71,1.16,1.39,2.31,0.17,6.37,0.04,0,0
30.5,74.75,Kotkapura Tahsil,Punjab,0.18,0.36,1.26,0.75,1.23,1.37,2.51,0.27,6.34,0.02,0.01,0
30.5,75,Bagha Purana Tahsil,Punjab,0.3,0.6,1.21,1.01,1.56,1.23,3.32,0.42,4.7,0.01,0.01,0.35
30.5,75.25,Rampura Phul Tahsil,Punjab,0.25,0.63,1.02,1.14,0.93,0.85,1.66,0.65,2.88,0.38,0,0.42
30.5,75.5,Barnala Tahsil,Punjab,0.14,0.43,0.84,0.92,0.58,0.73,0.75,0.79,2.63,0.47,0.02,0.5
30.5,75.75,Dhuri Tahsil,Punjab,0.32,0.11,0.16,0.07,0.13,0.23,0.36,1.19,1.55,0.07,0.03,0.36
30.5,76,Malerkotla Tahsil,Punjab,1.58,0.65,1.11,0.23,0.84,1.17,1.5,0.58,3.92,0.19,0,1.08
30.5,76.25,Nabha Tahsil,Punjab,2.4,1.58,1.24,0.65,0.91,0.45,3.7,1.26,4.32,0.31,0.04,0.87
30.5,76.5,Rajpura Tahsil,Punjab,2.59,1.38,1.62,0.9,0.95,0.33,4.32,1.01,5.79,0.44,0.08,1.05
30.5,76.75,Rajpura Tahsil,Punjab,2.38,1.95,2.03,0.68,1.4,1.26,9.11,5.49,4.23,0.92,0.02,2.72
30.75,74,Okara District,Punjab,0.05,0.14,0.75,0.49,0.77,0.45,0.53,0.11,1.18,0,0,0
30.75,74.25,Kasur District,Punjab,0.06,0.17,1.13,0.65,0.86,1.01,1.83,0.18,1.96,0,0,0
30.75,74.5,Faridkot Tahsil,Punjab,0.09,0.2,1.26,0.71,1.15,1.03,1.81,0.32,5.29,0.01,0,0
30.75,74.75,Faridkot Tahsil,Punjab,0.14,0.29,1.24,0.8,1.16,0.98,2.33,0.31,5.62,0,0,0.01
30.75,75,Bagha Purana Tahsil,Punjab,0.41,0.91,0.79,1.29,2.04,1.06,4.36,0.53,3.72,0,0,0.61
30.75,75.25,Moga Tahsil,Punjab,0.6,0.61,1.1,0.71,0.87,0.48,1.5,0.62,3,0.14,0,0.35
30.75,75.5,Jagraon Tahsil,Punjab,0.68,0.6,1.01,0.64,0.58,0.42,3.13,1.09,2.58,0.22,0,0.34
30.75,75.75,Ludhiana (East) Tahsil,Punjab,0.88,0.68,0.77,0.7,0.68,0.78,5.92,1.74,3.68,0.33,0.01,0.73
30.75,76,Payal Tahsil,Punjab,1.69,0.63,0.69,0.56,0.94,0.64,2.85,1.15,3.41,0.1,0,0.67
30.75,76.25,Khanna Tahsil,Punjab,1.95,1.74,1.26,0.46,0.85,0.16,8.13,2.17,3.04,0.47,0,0.82
30.75,76.5,Morinda Tahsil,Punjab,2.34,1.86,2.03,0.82,1.62,0.81,6.72,1.79,3.46,0.39,0,1.95
31,74.25,Kasur District,Punjab,0.08,0.13,1.33,0.7,0.82,0.96,1.4,0.2,3.69,0,0,0
31,74.5,Kasur District,Punjab,0.03,0.06,1.19,0.7,0.7,0.81,0.99,0.27,4.1,0,0,0
31,74.75,Firozpur Tahsil,Punjab,0.05,0.1,0.69,0.76,0.28,0.7,1.13,0.1,2.88,0,0,0.06
31,75,Zira Tahsil,Punjab,0.19,0.45,0.6,1.08,0.89,0.81,2.36,0.31,3.07,0.01,0,0.26
31,75.25,Dharamkot Tahsil,Punjab,0.48,0.58,0.93,0.67,0.95,0.53,2.48,0.9,4.55,0.24,0,0.71
31,75.5,Nakodar Tahsil,Punjab,0.69,1,1.04,0.65,0.52,0.49,7.12,1.92,4.71,0.32,0,0.94
31,75.75,Ludhiana (West) Tahsil,Punjab,0.9,0.99,1.02,0.92,0.71,0.75,9.4,2.28,4.41,0.38,0,0.98
31,76,Ludhiana (East) Tahsil,Punjab,1.84,0.99,1.03,1.02,0.96,0.71,11.42,2.67,3.72,0.13,0,1.75
31,76.25,Samrala Tahsil,Punjab,2.2,0.98,1.23,1.27,1.04,1.05,8.44,3.2,3.21,0.2,0,1.33
31,76.5,Balachaur Tahsil,Punjab,1.76,1.52,2.09,1.02,1.45,0.56,6.36,3.25,3.47,0.23,0,1.88
31.25,74.5,Kasur District,Punjab,0.29,0.14,1.42,1.01,0.51,0.77,1.09,0.66,5.75,0.06,0.01,0
31.25,74.75,Patti Tahsil,Punjab,0.39,0.18,0.87,0.76,0.31,0.54,0.83,0.29,4.93,0.1,0,0.01
31.25,75,Tarn Taran Tahsil,Punjab,0.47,0.56,0.73,0.59,0.29,0.52,1.66,1.45,4.59,0.44,0,0.59
31.25,75.25,Sultanpur Lodhi Tahsil,Punjab,0.47,1.09,0.89,0.68,0.43,0.58,3.35,3.03,5.06,0.86,0,1.42
31.25,75.5,Jalandhar II Tahsil,Punjab,0.67,1.41,0.99,0.56,0.26,0.36,6.74,2.74,4.58,0.75,0,1.28
31.25,75.75,Phagwara Tahsil,Punjab,1,1.59,0.95,0.63,0.14,0.3,7.6,3.33,3.84,0.38,0,1.42
31.25,76,Garhshankar Tahsil,Punjab,1.1,0.86,0.48,0.49,0.44,0.15,5.28,1.34,1.78,0.07,0,1.2
31.25,76.25,Garhshankar Tahsil,Punjab,2.92,1.38,1.68,1.15,0.55,0.92,8.45,9.67,6.7,0.69,0,1.57
31.25,76.5,Anandpur Sahib Tahsil,Punjab,2.1,1.82,2.24,1.09,0.67,0.45,6.71,7.7,4.86,0.27,0,2.13
31.5,74.5,Lahore District,Punjab,0.6,0.21,1.63,1.33,0.66,1.08,1.86,1.23,9.35,0.08,0.03,0
31.5,74.75,Tarn Taran Tahsil,Punjab,0.74,0.2,1.65,1.56,0.74,0.78,1.63,1.1,9.54,0.1,0.03,0
31.5,75,Khadur Sahib Tahsil,Punjab,0.78,0.49,1.06,0.82,0.47,0.57,1.76,1.5,6.4,0.37,0.01,0.49
31.5,75.25,Khadur Sahib Tahsil,Punjab,1.18,0.8,0.92,0.6,0.41,0.57,3.36,2.7,4.65,0.64,0,1.07
31.5,75.5,Bhulath Tahsil,Punjab,1.07,1.42,1.1,0.71,0.5,0.43,6.7,3.2,3.18,0.36,0,0.8
31.5,75.75,Hoshiarpur Tahsil,Punjab,1.75,1.57,0.96,0.5,0.33,0.21,9.56,3.84,2.53,0.01,0,1.36
31.5,76,Hoshiarpur Tahsil,Punjab,2.48,1.81,1.32,0.61,0.71,1.22,7.45,8.21,3.94,0.35,0,1.71
31.75,74.5,Sheikhupura District,Punjab,0.78,0.24,1.62,1.4,0.67,1.23,1.92,1.06,9.93,0.04,0.02,0
31.75,74.75,Ajnala Tahsil,Punjab,0.81,0.25,1.93,1.73,0.78,1.39,2.49,1.62,11.67,0.06,0.04,0
31.75,75,Majitha Tahsil,Punjab,0.96,0.15,1.11,0.37,0.23,0.47,1.51,0.4,5.6,0.06,0,0.06
31.75,75.25,Batala Tahsil,Punjab,1.5,0.78,1.21,0.6,0.36,0.63,2.7,1.35,4.65,0.24,0,0.18
31.75,75.5,Batala Tahsil,Punjab,1.8,2.03,1.39,0.79,0.91,0.69,4.61,2.12,2.57,0.18,0,0.28
31.75,75.75,Dasua Tahsil,Punjab,1.96,3.04,1.75,1.51,1.22,1.01,8.3,4.75,3.28,0.4,0,0.76
32,74.5,Sheikhupura District,Punjab,1.01,0.32,2.16,1.26,0.69,1.15,2.21,1.5,10.77,0.03,0.02,0.01
32,74.75,Narowal District,Punjab,1.08,0.3,1.8,1.27,0.61,1.13,1.78,1.17,9.34,0.03,0.01,0.01
32,75,Dera Baba Nanak Tahsil,Punjab,1.31,0.51,1.52,1.03,0.44,0.99,2.45,1.92,7.52,0.69,0.01,0.21
32,75.25,Kalanaur Tahsil,Punjab,2.31,1.11,1.86,1.63,0.61,1.37,4.41,4.13,6.81,1.47,0,0.5
32,75.5,Gurdaspur Tahsil,Punjab,2.22,2.12,1.34,1.65,0.82,1,5.25,2.55,4.27,0.28,0,0.46
32,75.75,Mukerian Tahsil,Punjab,2.12,3.09,2.02,2.01,1.58,2.26,8.11,3.2,4.76,1.16,0,1.26
32.25,74.75,Sialkot District,Punjab,2.02,0.93,3.26,1.18,0.5,0.7,4.3,6.61,14.1,0.44,0.2,0
32.25,75,Narowal District,Punjab,2.31,1.74,2.41,1.34,0.63,1.52,4.17,5.47,7.06,0.9,0.01,0.35
32.25,75.25,Narowal District,Punjab,3.01,3.08,3.11,1.94,1.07,1.99,5.41,8.58,7.46,1.04,0.02,0.41
32.25,75.5,Pathankot Tahsil,Punjab,2.5,2.66,3.34,2.07,1.69,1.16,5.43,10.29,5.64,1.48,0,0.48
32.75,74.5,Sialkot District,Punjab,2.46,1.73,5,1.72,0.72,0.77,7.72,9.13,18.13,1.01,0.32,0
33,73.75,Jhelum District,Punjab,2.89,2.57,6.22,2.23,0.95,1.13,8.33,8.66,19.87,1.25,0.31,0
33.25,73.5,Rawalpindi District,Punjab,2.96,5.46,8.9,4.63,4.02,1.54,3.17,3.11,12.33,1.45,1.55,0.05
33.5,73.5,Rawalpindi District,Punjab,2.74,5.53,9.74,4.88,4.42,1.47,2.17,2.25,9.91,1.38,1.79,0.05
33.75,73.5,Murree District,Punjab,2.64,5.45,10.28,4.92,4.46,1.43,2.03,2.1,9.04,1.35,1.84,0.05
34,73.5,Murree District,Punjab,2.48,5.37,10.89,4.95,4.5,1.39,1.9,1.94,8.16,1.31,1.9,0.05
23.25,74.25,Sajjangarh Tehsil,Rajasthan,1.89,0.1,0,0,0,0,7,6.01,13.43,0.01,0,0
23.25,74.5,Kushalgarh Tehsil,Rajasthan,1.49,0.23,0,0,0,0,8.42,6,10.01,0.21,0.01,0
23.5,73.75,Simalwara Tehsil,Rajasthan,1.14,0.18,0,0.03,0,0,6.98,4.36,9.85,0.01,0,0
23.5,74,Galiakot Tehsil,Rajasthan,1.77,0.03,0,0,0,0,4.8,4.41,8.21,0,0,0
23.5,74.25,Garhi Tehsil,Rajasthan,2.35,0.34,0,0,0,0,7.89,4.59,8.24,0.17,0,0
23.5,74.5,Abapura Tehsil,Rajasthan,1.73,0.31,0,0,0,0,9.64,4.14,7.5,0.03,0,0
23.75,73.5,Bichiwara Tehsil,Rajasthan,0.88,0.42,0,0.05,0.23,0.05,9.75,4.08,8.7,0,0,0
23.75,73.75,Jhonthtri Tehsil,Rajasthan,0.87,0.39,0,0.05,0.29,0.04,9.31,3.87,8.27,0,0,0
23.75,74,Sagwara Tehsil,Rajasthan,1.78,0.24,0,0.09,0.17,0,6.29,3.71,7.34,0,0,0
23.75,74.25,Garhi Tehsil,Rajasthan,2.47,0.26,0,0.01,0,0,8.32,5.66,6.22,0,0,0
23.75,74.5,Ghatol Tehsil,Rajasthan,1.82,0.34,0,0,0,0,7.78,4.4,8.1,0,0,0
23.75,74.75,Peepal Khoont Tehsil,Rajasthan,1.16,0.58,0.03,0,0.04,0,8.32,4.95,5.62,0.13,0,0.02
24,73.5,Kherwara Tehsil,Rajasthan,0.68,0.18,0,0,0.26,0,10.16,4.24,6.17,0,0,0
24,73.75,Rishabhdeo Tehsil,Rajasthan,0.79,0.17,0,0.59,0.15,0.03,8.36,2.76,5.7,0,0,0
24,74,Salumbar Tehsil,Rajasthan,0.93,0.52,0,0.1,0.16,0,7.67,5.7,7.08,0,0,0
24,74.25,Salumbar Tehsil,Rajasthan,1.66,0.1,0,0,0,0,6.27,5.89,5.3,0,0,0
24,74.5,Dhariawad Tehsil,Rajasthan,2.03,0.3,0,0,0,0,7,4.77,6.96,0,0,0
24,74.75,Pratapgarh Tehsil,Rajasthan,1.69,0.43,0.01,0,0,0.1,7.13,6.36,7.6,0.01,0,0.01
24,75.5,Gangdhar Tehsil,Rajasthan,1.68,0.51,0,0,0.18,0,6.72,7.34,4.47,0,0,0
24.25,73.25,Kotra Tehsil,Rajasthan,0.65,0.13,0,0.48,0.3,0.11,6.31,6.21,6.43,0.04,0,0
24.25,73.5,Jhadol Tehsil,Rajasthan,0.66,0.06,0,0.44,0.4,0.13,7.98,4.4,6.26,0,0,0
24.25,73.75,Sarada Tehsil,Rajasthan,0.57,0.04,0,1,0.84,0.25,10.42,3.66,4.96,0,0,0
24.25,74,Salumbar Tehsil,Rajasthan,0.77,0.06,0,0.29,0.61,0.07,9.09,6.49,6.26,0,0,0
24.25,74.25,Lasadiya Tehsil,Rajasthan,0.56,0.11,0,0,0.07,0.05,9.51,7.35,7.77,0,0,0
24.25,74.5,Pratapgarh Tehsil,Rajasthan,0.67,0.17,0,0.12,0.01,0.02,10.23,8.75,8.16,0.06,0,0
24.25,76,Sunel Tehsil,Rajasthan,2.5,0.55,0,0.17,0,1.77,7.75,10.83,3.62,0,0,0
24.25,76.25,Bakani Tehsil,Rajasthan,2.42,1.31,0,0.06,0,1.84,9.68,14.72,4.63,0,0,0.02
24.25,76.5,Aklera Tehsil,Rajasthan,1.58,1.51,0.01,0.14,0.01,1.09,11.72,14.45,5.38,0,0,0.13
24.25,76.75,Manoharthana Tehsil,Rajasthan,0.9,1.15,0.16,0.17,0.01,1.12,10.11,13.37,4.3,0.26,0,0.36
24.5,72.5,Reodar Tehsil,Rajasthan,0,0,0,0.13,0.07,0.25,10.99,5.37,10.15,0,0,0
24.5,72.75,Abu Road Tehsil,Rajasthan,0,0,0,0.05,0.02,0.42,10.33,6.03,11.55,0,0,0
24.5,73,Abu Road Tehsil,Rajasthan,0.19,0,0,1.22,0.01,0.15,9.34,5.46,8.52,0,0,0
24.5,73.25,Kotra Tehsil,Rajasthan,0.56,0.02,0,0.91,0.25,0.05,8.46,5.44,7.86,0,0,0
24.5,73.5,Jhadol Tehsil,Rajasthan,0.57,0,0,0.43,0.96,0.05,8.11,6.51,9.03,0,0,0
24.5,73.75,Girwa Tehsil,Rajasthan,0.5,0.03,0,0.32,0.61,0.2,7.22,5.06,9.37,0.02,0,0
24.5,74,Girwa Tehsil,Rajasthan,0.75,0.26,0,0.14,0.24,0.19,8.5,5.76,8.42,0.01,0,0
24.5,74.25,Dungla Tehsil,Rajasthan,0.83,0.44,0,0,0.03,0.19,10.04,7.08,8.42,0,0,0
24.5,74.5,Bari Sadri Tehsil,Rajasthan,1.11,0.23,0,0.36,0.03,0,11.55,11.05,7.08,0.02,0,0
24.5,76,Pachpahar Tehsil,Rajasthan,1.03,1.28,0,0.1,0.04,1.88,7.83,13.93,6.25,0,0,0.06
24.5,76.25,Asnawar Tehsil,Rajasthan,2.21,1.88,0,0.02,0,1.24,8.16,16.86,5.3,0,0,0
24.5,76.5,Khanpur Tehsil,Rajasthan,3.05,1.4,0,0.01,0,1.05,11.41,13.55,5.27,0,0,0.21
24.5,76.75,Chhipabarod Tehsil,Rajasthan,2.95,0.76,0.03,0.02,0,1.01,11.89,13.25,3.7,0.05,0,0.42
24.5,77,Chhabra Tehsil,Rajasthan,1.26,1.42,0.16,0.14,0.06,1.15,8.51,13.43,3.51,0.1,0,0.85
24.75,71.25,Sedwa Tehsil,Rajasthan,0.09,0,0,0,0.02,0,2.51,1.1,3.68,0,0,0
24.75,71.5,Chitalwana Tehsil,Rajasthan,0.07,0,0,0,0.01,0,3.33,1.2,2.7,0,0,0
24.75,71.75,Sanchore Tehsil,Rajasthan,0.04,0,0,0,0.01,0.02,4.02,1.25,2.13,0,0,0
24.75,72,Sanchore Tehsil,Rajasthan,0.29,0,0,0.01,0.14,0.35,6.86,1.13,6.72,0,0,0
24.75,72.25,Raniwara Tehsil,Rajasthan,0,0,0,0.56,0.08,0.38,7.52,1.39,8.22,0,0,0
24.75,72.5,Reodar Tehsil,Rajasthan,0,0,0,1.08,0.05,0.17,8.44,3.05,9.01,0,0,0
24.75,72.75,Sirohi Tehsil,Rajasthan,0,0,0,0.68,0.18,0.17,6.57,3.81,8.22,0,0,0
24.75,73,Pindwara Tehsil,Rajasthan,0,0,0,0.49,0.03,0.33,4.49,2.93,7.75,0,0,0
24.75,73.25,Kotra Tehsil,Rajasthan,0.33,0,0,0.44,0.43,0.22,6.26,4.67,8.42,0,0,0
24.75,73.5,Gogunda Tehsil,Rajasthan,0.47,0.01,0,0.38,1.14,0.04,8.46,7.46,8.93,0,0,0
24.75,73.75,Nathdwara Tehsil,Rajasthan,0.58,0.08,0,0.28,0.45,0.15,6.9,5.48,7.72,0.01,0,0
24.75,74,Mavli Tehsil,Rajasthan,0.66,0.19,0,0.19,0.29,0.08,7.07,6.62,6.7,0,0,0
24.75,74.25,Kapasan Tehsil,Rajasthan,0.8,0.14,0,0.13,0.02,0.05,8.62,10.02,6.6,0,0,0
24.75,74.5,Bhadesar Tehsil,Rajasthan,1.12,0.22,0,0.31,0.07,0,9.77,11.74,5.7,0,0,0
24.75,74.75,Chittaurgarh Tehsil,Rajasthan,0.73,0.16,0,0.2,0.04,0,8.87,12.01,5.02,0.02,0,0
24.75,75,Nimbahera Tehsil,Rajasthan,1.26,0.14,0,0.59,0,0.24,9.3,11.76,4.28,0.04,0,0
24.75,75.25,Rawatbhata Tehsil,Rajasthan,1.34,0.81,0,0.79,0.25,0.28,8.93,13.66,4.71,0.01,0,0
24.75,75.5,Rawatbhata Tehsil,Rajasthan,1.27,1.07,0,0.55,0.22,0.33,8.27,15.1,5.66,0,0,0.15
24.75,76,Ramganj Mandi Tehsil,Rajasthan,1.09,0.99,0.02,0.06,0.11,1.28,7.53,14.42,5.57,0,0,0.1
24.75,76.25,Khanpur Tehsil,Rajasthan,1.31,0.9,0,0.22,0,0.74,6.61,15.56,2.4,0,0,0
24.75,76.5,Atru Tehsil,Rajasthan,2.28,1.25,0,0.01,0,1.34,10.36,19.05,3.65,0,0,0.31
24.75,76.75,Atru Tehsil,Rajasthan,2.99,0.88,0,0,0,0.99,12.18,15.24,3.42,0,0,0.44
25,71,Sedwa Tehsil,Rajasthan,0,0,0,0,0.07,0.28,1.55,0.89,2.78,0,0,0
25,71.25,Sedwa Tehsil,Rajasthan,0,0,0,0,0.06,0.24,2.44,0.98,3.12,0,0,0
25,71.5,Chitalwana Tehsil,Rajasthan,0.14,0,0,0,0.03,0,3.3,1.2,2.94,0,0,0
25,71.75,Chitalwana Tehsil,Rajasthan,0.12,0,0,0.01,0.05,0.08,4.84,1.24,3.4,0,0,0
25,72,Bhinmal Tehsil,Rajasthan,0,0,0,0.16,0.04,0.16,5.93,1.2,5.18,0,0,0
25,72.25,Bhinmal Tehsil,Rajasthan,0,0,0,0.17,0.04,0.1,5.91,1.25,5.09,0,0,0
25,72.5,Jaswantpura Tehsil,Rajasthan,0,0,0,1.15,0.17,0.11,4.83,1.86,7.11,0,0,0
25,72.75,Sirohi Tehsil,Rajasthan,0,0,0,0.64,0.3,0.01,3.61,3.47,6.13,0,0,0
25,73,Sheoganj Tehsil,Rajasthan,0,0,0,0.01,0.31,0.06,3.11,5.61,5.05,0,0,0
25,73.25,Bali Tehsil,Rajasthan,0,0,0,0.17,0.25,0.02,6.38,5.83,5.45,0,0,0
25,73.5,Gogunda Tehsil,Rajasthan,0.18,0,0.01,0.34,0.43,0,6.89,8.68,4.19,0,0,0
25,73.75,Nathdwara Tehsil,Rajasthan,0.48,0.02,0.04,0.24,0.42,0,5.52,8.71,2.84,0,0,0
25,74,Rajsamand Tehsil,Rajasthan,0.74,0.47,0,0.01,0.02,0,6.12,7.03,3.43,0,0,0
25,74.25,Railmagra Tehsil,Rajasthan,1.38,0.73,0,0.26,0.37,0.01,8.13,8.86,3.87,0,0,0
25,74.5,Gangrar Tehsil,Rajasthan,0.77,0.49,0,0.29,0.29,0.09,8.9,10.47,4.86,0,0,0
25,74.75,Chittaurgarh Tehsil,Rajasthan,1.2,0.29,0,0.48,0.1,0.25,8.99,11.46,4.17,0,0,0
25,75,Begun Tehsil,Rajasthan,1.76,0.22,0,0.85,0,0.42,9.68,12.03,3.15,0,0,0
25,75.5,Rawatbhata Tehsil,Rajasthan,1.31,1.04,0,0.78,0.25,0.35,8.46,13.86,4.95,0,0,0
25,75.75,Ladpura Tehsil,Rajasthan,0.71,0.76,0,0.01,0.12,0.14,7.36,10.48,2.37,0,0,0
25,76,Ladpura Tehsil,Rajasthan,1.14,0.57,0.04,0,0.04,0.41,7.76,12.56,3.07,0,0,0.01
25,76.25,Sangod Tehsil,Rajasthan,1.31,0.55,0.03,0,0,1,6.3,12.44,3.58,0,0,0.07
25,76.5,Baran Tehsil,Rajasthan,1.57,1.28,0,0,0,0.92,9.51,19.81,3.7,0,0,0.91
25,76.75,Kishanganj Tehsil,Rajasthan,1.66,1.15,0,0,0,0.81,11.94,18.72,3.36,0,0,0.75
25.25,71,Dhanaoo Tehsil,Rajasthan,0,0,0,0.01,0.39,0.4,1.74,0.91,2.88,0,0,0
25.25,71.25,Dhanaoo Tehsil,Rajasthan,0,0,0,0.02,0.9,0.45,2.38,1.06,2.75,0,0,0
25.25,71.5,Dhorimanna Tehsil,Rajasthan,0,0,0,0.02,0.93,0.3,3.52,1.26,2.25,0,0,0
25.25,71.75,Gudha Malani Tehsil,Rajasthan,0,0,0,0.03,0.25,0.23,5.64,1.18,4.52,0,0,0
25.25,72,Bagora Tehsil,Rajasthan,0,0,0,0.03,0.28,0.15,5.27,1.72,5.93,0,0,0
25.25,72.25,Sayla Tehsil,Rajasthan,0,0,0,0.04,0.32,0.05,4.27,2.12,4.73,0,0,0
25.25,72.5,Jalor Tehsil,Rajasthan,0,0,0,0,0.63,0.03,2.01,3.43,3.35,0,0,0
25.25,72.75,Jalor Tehsil,Rajasthan,0,0,0,0,0.44,0.07,2.01,4.4,2.66,0,0,0
25.25,73,Sumerpur Tehsil,Rajasthan,0,0,0,0.02,0.27,0.05,4.15,4.63,5.08,0,0,0
25.25,73.25,Bali Tehsil,Rajasthan,0,0,0,0.12,0.29,0,7.3,5.25,6,0,0,0
25.25,73.5,Desuri Tehsil,Rajasthan,0.01,0,0,0.22,0.85,0,7.29,9.23,5.08,0,0,0
25.25,73.75,Gadbor Tehsil,Rajasthan,0.4,0,0.01,0.04,0.72,0.14,4.51,9.23,4.06,0,0,0
25.25,74,Amet Tehsil,Rajasthan,0.42,0.05,0,0.19,0.27,0.2,4.56,7.87,3.66,0,0,0
25.25,74.25,Sahara Tehsil,Rajasthan,1.2,0.46,0,0.33,0.45,0.15,7.05,8.74,3.51,0,0,0
25.25,74.5,Bhilwara Tehsil,Rajasthan,0.88,0.32,0,0.26,0.63,0.26,7.62,10.39,4.06,0,0,0
25.25,74.75,Hameergarh Tehsil,Rajasthan,0.79,0.3,0.03,0.04,0.24,1.13,5.92,12.23,3.43,0,0,0
25.25,75,Mandalgarh Tehsil,Rajasthan,1.03,0.53,0,0.08,0.02,1.11,7.75,16.84,4.5,0,0,0
25.25,75.25,Mandalgarh Tehsil,Rajasthan,1.39,0.9,0,0.15,0.19,1.08,5.58,21.82,4.46,0.1,0,0
25.25,75.5,Bundi Tehsil,Rajasthan,1.59,0.8,0.14,0.09,0.18,0.72,5.1,12.39,2.54,0.39,0,0
25.25,75.75,Talera Tehsil,Rajasthan,1.3,0.72,0.13,0.03,0.42,0.62,7.27,13.48,3.77,0.02,0,0
25.25,76,Ladpura Tehsil,Rajasthan,1.18,0.13,0,0.36,0.68,0.69,7.03,14.16,2.97,0,0,0
25.25,76.25,Digod Tehsil,Rajasthan,1.13,0.53,0,0,0,0.61,9.82,14.68,6.15,0,0,0.34
25.25,76.5,Mangrol Tehsil,Rajasthan,1.34,0.83,0,0,0,0.58,10.63,16.65,4.78,0,0,0.93
25.25,76.75,Kishanganj Tehsil,Rajasthan,1.21,0.93,0,0,0,0.49,14.31,16.18,3.23,0,0,0.76
25.25,77,Shahbad Tehsil,Rajasthan,1.13,0.89,0,0,0,0.43,15.97,15.43,2.64,0,0,0.65
25.25,77.25,Shahbad Tehsil,Rajasthan,1.33,0.67,0.09,0.02,0.06,0.96,11.08,9.34,2.68,0.02,0,0.73
25.5,70.75,Chohtan Tehsil,Rajasthan,0,0,0,0,0.08,0.19,0.77,0.82,1.77,0,0,0
25.5,71,Chohtan Tehsil,Rajasthan,0,0,0,0,0.13,0.5,1.71,0.78,3.52,0,0,0
25.5,71.25,Chohtan Tehsil,Rajasthan,0,0,0,0.03,1.23,0.47,2.82,1.16,2.63,0,0,0
25.5,71.5,Barmer Tehsil,Rajasthan,0,0,0,0.03,1.33,0.44,3,1.21,2.56,0,0,0
25.5,71.75,Sindhari Tehsil,Rajasthan,0,0,0,0.03,1.13,0.29,2.87,1.4,2.84,0,0,0
25.5,72,Sindhari Tehsil,Rajasthan,0,0,0,0.01,0.22,0.01,2.96,2.21,6.17,0,0,0
25.5,72.25,Siwana Tehsil,Rajasthan,0,0,0,0,0.69,0,2.56,2.93,6.49,0,0,0
25.5,72.5,Siwana Tehsil,Rajasthan,0,0,0,0,0.64,0.03,1.92,3.56,3.72,0,0,0
25.5,72.75,Ahore Tehsil,Rajasthan,0,0,0,0,0.5,0.06,2.14,3.9,3.12,0,0,0
25.5,73,Ahore Tehsil,Rajasthan,0,0,0,0.13,1.6,0.03,4.12,5.26,3.56,0,0,0
25.5,73.25,Pali Tehsil,Rajasthan,0,0,0,0.19,1.65,0.02,6.07,6.5,4.37,0,0,0
25.5,73.5,Rani Tehsil,Rajasthan,0.02,0,0,0.25,0.51,0.1,7.05,8.32,4.02,0,0,0
25.5,73.75,Marwar Junction Tehsil,Rajasthan,0.12,0,0,0.09,0.19,0.1,3.92,8.48,4.2,0,0,0
25.5,74,Deogarh Tehsil,Rajasthan,0.28,0,0,0.24,0.1,0.21,4.36,7.23,3.64,0,0,0
25.5,74.25,Kareda Tehsil,Rajasthan,0.82,0,0,0.39,0.58,0.5,6.33,9.01,3.04,0,0,0
25.5,74.5,Mandal Tehsil,Rajasthan,1.05,0,0,0.25,1.18,0.22,5.95,10.2,3.12,0,0,0
25.5,74.75,Banera Tehsil,Rajasthan,1.17,0.13,0.04,0.68,0.34,0.97,5.16,10.03,2.76,0,0,0
25.5,75,Kotri Tehsil,Rajasthan,0.93,0.07,0.11,0.4,0.25,0.57,4.78,10.93,3,0,0,0
25.5,75.25,Jahazpur Tehsil,Rajasthan,0.91,0.01,0.1,0.16,0.29,0.26,4.17,14.31,3.04,0.21,0,0
25.5,75.5,Hindoli Tehsil,Rajasthan,1.67,0.12,0.01,0.17,0.51,0.37,3.43,13.81,2.61,1.06,0,0
25.5,75.75,Hindoli Tehsil,Rajasthan,1.33,0.48,0.14,0.08,0.4,0.86,4.09,14.25,3.19,0.18,0,0
25.5,76,Keshoraipatan Tehsil,Rajasthan,1.15,0.31,0.06,0.17,0.55,0.67,6.74,14.26,3.95,0,0,0.02
25.5,76.25,Digod Tehsil,Rajasthan,1.14,0.44,0,0.23,0.24,0.71,9.74,13.41,5.48,0,0,0.4
25.5,76.5,Pipalda Tehsil,Rajasthan,1.22,0.62,0,0.42,0.22,1.27,7.58,11.35,5.06,0,0,0.48
25.75,70.5,Gadraroad Tehsil,Rajasthan,0,0,0,0,0,0.01,0.03,0.66,0.27,0,0,0
25.75,70.75,Ramsar Tehsil,Rajasthan,0,0,0,0,0.02,0.02,0.25,0.9,1.01,0,0,0
25.75,71,Ramsar Tehsil,Rajasthan,0,0,0,0.01,0.3,0.18,1.03,0.99,1.8,0,0,0
25.75,71.25,Barmer Tehsil,Rajasthan,0,0,0,0.05,1.9,0.49,3.59,1.38,2.29,0.01,0.01,0
25.75,71.5,Barmer Tehsil,Rajasthan,0,0,0,0.04,1.58,0.41,3.3,1.34,2.25,0.01,0,0
25.75,71.75,Baytoo Tehsil,Rajasthan,0,0,0,0.01,0.5,0.13,2.14,1.36,3.23,0,0,0
25.75,72,Sindhari Tehsil,Rajasthan,0,0,0,0,0.19,0,2.53,2.22,6.04,0,0,0
25.75,72.25,Unknown,Rajasthan,0,0,0,0,0.32,0,2.63,2.5,6.69,0,0,0
25.75,72.5,Samdhari Tehsil,Rajasthan,0,0,0,0,0.45,0,2.7,2.57,6.51,0,0,0
25.75,72.75,Ahore Tehsil,Rajasthan,0,0,0,0,0.88,0.01,3.68,3.47,5.55,0,0,0
25.75,73,Rohat Tehsil,Rajasthan,0,0,0,0.07,1.62,0,4.02,4.52,4.86,0,0,0
25.75,73.25,Pali Tehsil,Rajasthan,0,0,0,0.26,3.39,0,3.83,7.02,2.73,0,0,0
25.75,73.5,Pali Tehsil,Rajasthan,0,0,0,0.3,0.69,0.25,7.73,6.49,2.55,0,0,0
25.75,73.75,Marwar Junction Tehsil,Rajasthan,0.02,0,0,0.17,0.31,0.11,6.32,6.33,2.8,0,0,0
25.75,74,Beawar Tehsil,Rajasthan,0.06,0,0,0.1,0.26,0.02,5.78,5,3.65,0,0,0
25.75,74.25,Badnor Tehsil,Rajasthan,0.41,0,0,0.47,0.25,0.94,7.86,8.33,2.38,0,0,0
25.75,74.5,Hurda Tehsil,Rajasthan,1.07,0.37,0,0.2,0.9,0.53,6.56,11.48,3.21,0,0,0
25.75,74.75,Hurda Tehsil,Rajasthan,1.52,0.13,0.02,1.31,0.57,0.21,5.98,10.49,3.3,0,0,0
25.75,75,Phooliya Kalan Tehsil,Rajasthan,0.48,0.05,0.07,0.18,0.05,0.07,3.05,7.46,2.55,0,0,0
25.75,75.25,Sawar Tehsil,Rajasthan,0.55,0,0.1,0.6,0.23,0,5.41,18.69,4.72,0,0,0
25.75,75.5,Deoli Tehsil,Rajasthan,0.99,0,0.02,0.35,0.25,0.57,3.66,15.84,2.64,0.13,0,0
25.75,75.75,Nainwa Tehsil,Rajasthan,1.13,0,0,0.28,0.22,1.03,2.96,14.45,1.74,0.02,0,0
25.75,76,Nainwa Tehsil,Rajasthan,1.1,0.06,0.01,0.58,0.17,0.85,4.88,13.08,3.58,0.07,0,0
25.75,76.25,Indargarh Tehsil,Rajasthan,1.36,0.15,0.01,0.57,0.18,1.8,6.63,11.13,4.01,0.01,0,0.11
25.75,76.5,Pipalda Tehsil,Rajasthan,1.48,0.18,0.03,0.55,0.25,1.67,6.28,9.79,4.58,0,0,0.33
26,70.25,Gadraroad Tehsil,Rajasthan,0,0,0,0.09,0,0.04,0.42,0.74,0.5,0,0,0
26,70.5,Gadraroad Tehsil,Rajasthan,0,0,0,0,0.02,0.06,0.41,0.87,0.69,0,0,0
26,70.75,Gadraroad Tehsil,Rajasthan,0,0,0,0,0.03,0.09,0.77,1.09,0.95,0,0,0
26,71,Sheo Tehsil,Rajasthan,0,0,0,0.01,0.44,0.26,2.39,1.76,1.4,0,0,0
26,71.25,Sheo Tehsil,Rajasthan,0,0,0,0.02,0.77,0.36,3.15,1.91,1.63,0,0,0
26,71.5,Baytoo Tehsil,Rajasthan,0,0,0,0.02,0.69,0.2,2.32,1.17,2.14,0,0,0
26,71.75,Baytoo Tehsil,Rajasthan,0,0,0,0,0,0,1.4,0.88,2.21,0,0,0
26,72,Gira Tehsil,Rajasthan,0,0,0,0,0.05,0,2.28,1.7,4.47,0,0,0
26,72.25,Unknown,Rajasthan,0,0,0,0,0.15,0,2.66,1.92,4.79,0,0,0
26,72.5,Unknown,Rajasthan,0,0,0,0,0.38,0,2.79,2.34,6.36,0,0,0
26,72.75,Unknown,Rajasthan,0,0,0,0.05,0.99,0.03,3.55,2.93,5.76,0,0,0
26,73,Unknown,Rajasthan,0,0,0,0.01,0.95,0.01,4.01,3.34,5.8,0,0,0
26,73.25,Rohat Tehsil,Rajasthan,0,0,0,0.09,1.71,0.16,4.78,5.33,4.09,0,0,0
26,73.5,Sojat Tehsil,Rajasthan,0,0,0,0.08,0.49,0.45,6.14,5.25,3.7,0,0,0
26,73.75,Sojat Tehsil,Rajasthan,0,0,0,0.17,0.45,0.72,5.3,6.34,3.32,0,0,0
26,74,Raipur Tehsil,Rajasthan,0.01,0.03,0.03,0.16,0.45,0.69,5.15,6.89,2.7,0,0,0
26,74.25,Beawar Tehsil,Rajasthan,0.08,0.04,0.13,0.2,0.7,0.51,5.4,10.36,3.53,0,0,0
26,74.5,Masuda Tehsil,Rajasthan,0.8,0.54,0.08,0.11,0.67,0.39,5.77,13.41,4.1,0,0,0
26,74.75,Bhinay Tehsil,Rajasthan,0.58,0.26,0.18,0.19,0.5,0.06,4.65,14.33,4.17,0,0,0
26,75,Sarwar Tehsil,Rajasthan,0.39,0,0.04,0.04,0.07,0.23,3.5,6.71,1.87,0,0,0
26,75.25,Kekri Tehsil,Rajasthan,0.59,0.03,0.09,0.74,0.34,0.5,8.41,11.67,3.88,0.01,0,0
26,75.5,Todaraisingh Tehsil,Rajasthan,0.89,0.13,0.29,0.73,0.33,0.66,8.57,12.15,3.31,0.31,0,0
26,75.75,Tonk Tehsil,Rajasthan,1.11,0.15,0.32,0.63,0.17,0.62,4.47,13.36,2.92,0.25,0,0
26,76,Uniara Tehsil,Rajasthan,1.08,0.07,0.08,0.66,0.11,0.69,5.06,12.68,4.11,0.11,0,0
26,76.25,Sawai Madhopur Tehsil,Rajasthan,1.31,0.2,0.04,0.53,0.22,1.46,7.69,14.6,4.49,0,0,0
26,76.5,Khandar Tehsil,Rajasthan,1.81,0.14,0.01,0.55,0,3.01,4.92,6.8,2.22,0,0,0
26,76.75,Khandar Tehsil,Rajasthan,2,0.34,0.1,0.44,0.08,2.05,4.78,6.51,3.84,0,0,0.11
26.25,70.25,Jaisalmer Tehsil,Rajasthan,0,0,0,0.37,0.02,0.08,1.31,0.78,0.3,0,0,0
26.25,70.5,Fatehgarh Tehsil,Rajasthan,0,0,0,0.35,0.05,0.06,1.1,0.77,0.31,0,0,0
26.25,70.75,Fatehgarh Tehsil,Rajasthan,0,0,0,0.49,0.28,0.09,1.81,1.24,0.6,0,0,0
26.25,71,Sheo Tehsil,Rajasthan,0,0,0,0.43,0.32,0.16,2.4,1.56,0.81,0,0,0
26.25,71.25,Sheo Tehsil,Rajasthan,0,0,0,0.16,0.25,0.26,2.81,1.99,1.1,0,0,0
26.25,71.5,Sheo Tehsil,Rajasthan,0,0,0,0.22,0.33,0.15,2.21,1.36,1.43,0,0,0
26.25,71.75,Gira Tehsil,Rajasthan,0,0,0,0,0.22,0.02,1.94,1.46,2.44,0,0,0
26.25,72,Gira Tehsil,Rajasthan,0,0,0,0,0.66,0,2.16,2.25,2.36,0,0,0
26.25,72.25,Shergarh Tehsil,Rajasthan,0,0,0,0,1,0,2.18,2.71,1.57,0,0,0
26.25,72.5,Unknown,Rajasthan,0,0,0,0.13,0.83,0.08,2.37,2.94,3.02,0,0,0
26.25,72.75,Unknown,Rajasthan,0,0,0,0.25,0.78,0.16,2.8,3.29,4.84,0,0,0
26.25,73,Jodhpur Tehsil,Rajasthan,0,0,0,0.3,0.74,0.19,2.51,3.39,4.65,0.01,0,0
26.25,73.25,Jodhpur Tehsil,Rajasthan,0,0,0,0.26,0.56,0.2,3.15,3.85,4.46,0,0,0
26.25,73.5,Bilara Tehsil,Rajasthan,0,0,0,0.23,0.22,0.36,4.26,5.31,3.8,0,0,0
26.25,73.75,Bilara Tehsil,Rajasthan,0,0,0,0.29,0.32,0.66,4.21,7.37,3.81,0,0,0
26.25,74,Jaitaran Tehsil,Rajasthan,0.02,0.01,0.06,0.3,0.57,0.81,4.62,9.37,3.6,0,0,0
26.25,74.25,Raipur Tehsil,Rajasthan,0.07,0.05,0.14,0.34,0.8,0.35,5.02,12.77,3.7,0,0,0
26.25,74.5,Peesangan Tehsil,Rajasthan,0.24,0.17,0.03,0.25,0.87,0.26,7.23,8.66,3.73,0,0,0
26.25,74.75,Nasirabad Tehsil,Rajasthan,0.44,0.2,0.14,0.2,0.67,0.11,6.66,8.5,3.55,0,0,0
26.25,75,Sarwar Tehsil,Rajasthan,0.53,0.11,0.17,0.18,0.39,0.04,6.1,9.71,3.19,0.02,0,0
26.25,75.25,Malpura Tehsil,Rajasthan,0.97,0.14,0.57,0.11,0.89,0.4,7.19,12.57,2.41,0.26,0,0
26.25,75.5,Malpura Tehsil,Rajasthan,1.34,0.21,0.56,0.27,0.31,0.58,7.8,12.76,2.17,1.13,0,0
26.25,75.75,Peeplu Tehsil,Rajasthan,1.17,0.55,0.7,0.24,0.27,0.31,5.07,14.9,1.82,0.43,0,0
26.25,76,Niwai Tehsil,Rajasthan,1.13,0.14,0.44,0.08,0.07,0.42,3.44,15.94,2.62,0.01,0,0
26.25,76.25,Bonli Tehsil,Rajasthan,1.19,0.03,0.32,0.22,0.03,0.67,3.85,10.86,3.56,0,0,0
26.25,76.5,Malarna Doongar Tehsil,Rajasthan,1.86,0.14,0.21,0.28,0.01,1.45,4.02,5.96,3.85,0,0,0
26.25,76.75,Sapotra Tehsil,Rajasthan,1.93,0.35,0.26,0.26,0.07,1.93,3.93,6.34,4.57,0,0,0
26.25,77,Sapotra Tehsil,Rajasthan,1.98,0.97,0.1,0.25,0.02,2.36,2.74,3.92,5.46,0,0,0.09
26.5,70.25,Jaisalmer Tehsil,Rajasthan,0,0,0,0.59,0.26,0.11,2,0.85,0.45,0,0,0
26.5,70.5,Jaisalmer Tehsil,Rajasthan,0,0,0,0.65,0.31,0.1,2.02,0.87,0.47,0,0,0
26.5,70.75,Fatehgarh Tehsil,Rajasthan,0,0,0,0.72,0.56,0.03,1.65,0.89,0.63,0,0,0
26.5,71,Fatehgarh Tehsil,Rajasthan,0,0,0,0.88,0.49,0.03,1.95,0.96,0.32,0,0,0
26.5,71.25,Fatehgarh Tehsil,Rajasthan,0,0,0,0.77,0.44,0.07,2.07,1.12,0.44,0,0,0
26.5,71.5,Pokaran Tehsil,Rajasthan,0,0,0,0.43,0.36,0.09,2.12,1.53,0.62,0,0,0
26.5,71.75,Bhaniyana Tehsil,Rajasthan,0,0,0,0.17,0.57,0,1.75,1.88,0.9,0,0,0
26.5,72,Bhaniyana Tehsil,Rajasthan,0,0,0,0.07,0.77,0,2,2.33,1.23,0,0,0
26.5,72.25,Shergarh Tehsil,Rajasthan,0,0,0,0.04,0.91,0.03,2.22,2.63,1.68,0,0,0
26.5,72.5,Shekhata Tehsil,Rajasthan,0,0,0,0.26,0.81,0.23,2.51,3.09,2.94,0,0,0
26.5,72.75,Tinwari Tehsil,Rajasthan,0,0,0,0.64,0.46,0.58,3.01,3.49,5.12,0,0,0
26.5,73,Tinwari Tehsil,Rajasthan,0,0,0,0.44,0.62,0.34,2.69,3.56,4.66,0,0,0
26.5,73.25,Baori Tehsil,Rajasthan,0,0,0,0.5,0.62,0.27,2.78,5.22,3.03,0,0,0
26.5,73.5,Bhopalgarh Tehsil,Rajasthan,0,0,0.04,0.49,0.51,0.32,3.1,6.08,2.58,0,0,0
26.5,73.75,Bhopalgarh Tehsil,Rajasthan,0,0,0.33,0.2,0.34,0.41,3.78,7.04,2.86,0,0,0
26.5,74,Riyan Badi Tehsil,Rajasthan,0.02,0.02,0.45,0.17,0.37,0.36,3.69,8.34,2.66,0,0,0
26.5,74.25,Riyan Badi Tehsil,Rajasthan,0.17,0.13,0.26,0.36,0.57,0.16,3.54,12.24,3.62,0,0,0
26.5,74.5,Pushkar Tehsil,Rajasthan,0.45,0.2,0.48,0.26,0.71,0.29,4.48,7.74,4.44,0.02,0,0
26.5,74.75,Ajmer Tehsil,Rajasthan,0.16,0.65,0.01,0.08,0.54,0,2.1,3.65,3.35,0,0,0
26.5,75,Arain Tehsil,Rajasthan,0.3,0.36,0.02,0.06,0.12,0.01,6.8,5.1,3.88,0.02,0,0
26.5,75.25,Malpura Tehsil,Rajasthan,0.39,0.05,0.16,0.11,0.21,0.46,3.96,8.49,2.7,0.29,0,0
26.5,75.5,Phagi Tehsil,Rajasthan,0.5,0.05,0.1,0.08,0.07,0.24,3.23,8.71,2.9,0.48,0,0
26.5,75.75,Phagi Tehsil,Rajasthan,1,0.83,0.35,0.16,0.13,0.12,4.47,13.49,2.41,0.38,0,0
26.5,76,Niwai Tehsil,Rajasthan,1,0.24,0.29,0.04,0.02,0.5,2.6,19.6,2.76,0.06,0,0
26.5,76.25,Lalsot Tehsil,Rajasthan,0.98,0,0.15,0,0,0.8,1.91,22.42,3.04,0,0,0
26.5,76.5,Bamanwas Tehsil,Rajasthan,1.21,0.01,0.37,0.08,0.05,0.95,3.02,9.04,3.7,0,0,0
26.5,76.75,Gangapur Tehsil,Rajasthan,1.43,0.73,0.31,0.23,0.16,3.44,4.91,7.66,3.94,0,0,0
26.5,77,Karauli Tehsil,Rajasthan,1.75,0.83,0.19,0.22,0.09,3.08,3.92,5.57,4.86,0,0,0
26.5,77.25,Sarmathura Tehsil,Rajasthan,1.62,0.22,0.1,0.08,0,1.41,2.02,5.68,5.71,0,0,0.01
26.5,77.5,Sarmathura Tehsil,Rajasthan,1.08,0.74,0.16,0.17,0,1.65,4.14,7.73,4.62,0,0,0.13
26.75,69.75,Jaisalmer Tehsil,Rajasthan,0,0,0,0.56,0.05,0.12,2.06,0.73,0.09,0,0,0
26.75,70,Jaisalmer Tehsil,Rajasthan,0,0,0,0.54,0.11,0.11,1.98,0.76,0.2,0,0,0
26.75,70.25,Jaisalmer Tehsil,Rajasthan,0,0,0,0.62,0.14,0.13,2.18,0.81,0.25,0,0,0
26.75,70.5,Jaisalmer Tehsil,Rajasthan,0,0,0,0.69,0.07,0.15,2.42,0.79,0.12,0,0,0
26.75,70.75,Jaisalmer Tehsil,Rajasthan,0,0,0,0.49,0.64,0.05,1.44,0.98,1.03,0,0,0
26.75,71,Fatehgarh Tehsil,Rajasthan,0,0,0,0.59,0.7,0.02,1.38,0.96,0.97,0,0,0
26.75,71.25,Fatehgarh Tehsil,Rajasthan,0,0,0,0.67,0.63,0.03,1.61,1,0.77,0,0,0
26.75,71.5,Pokaran Tehsil,Rajasthan,0,0,0,0.36,0.49,0.03,1.81,1.76,0.24,0,0,0
26.75,71.75,Pokaran Tehsil,Rajasthan,0,0,0,0.26,0.66,0,1.63,2,0.41,0,0,0
26.75,72,Bhaniyana Tehsil,Rajasthan,0,0,0,0.25,0.76,0,1.55,2.01,0.83,0,0,0
26.75,72.25,Dechoo Tehsil,Rajasthan,0,0,0,0.29,0.95,0.05,1.65,2.26,1.85,0,0,0
26.75,72.5,Shekhata Tehsil,Rajasthan,0,0,0,0.57,0.75,0.41,2.36,3.08,4.01,0,0,0
26.75,72.75,Osian Tehsil,Rajasthan,0,0,0,0.82,0.29,0.79,3.12,3.61,5.26,0,0,0
26.75,73,Osian Tehsil,Rajasthan,0,0,0,0.68,0.37,0.67,3.11,3.73,4.64,0,0,0
26.75,73.25,Baori Tehsil,Rajasthan,0,0,0,0.41,0.59,0.33,2.88,4.69,2.77,0,0,0
26.75,73.5,Bhopalgarh Tehsil,Rajasthan,0,0,0.04,0.49,0.59,0.32,2.83,5.52,2.43,0,0,0
26.75,73.75,Merta Tehsil,Rajasthan,0,0,0.38,0.31,0.47,0.38,3.28,6.57,2.42,0,0,0
26.75,74,Merta Tehsil,Rajasthan,0.01,0.01,0.49,0.11,0.44,0.38,3.8,7.47,2.55,0,0,0
26.75,74.25,Degana Tehsil,Rajasthan,0.04,0.04,0.25,0.04,0.69,0.65,4.37,6.34,3.41,0,0,0
26.75,74.5,Degana Tehsil,Rajasthan,0.21,0.12,0.2,0.44,0.89,0.07,5.32,6.62,3.17,0,0,0
26.75,74.75,Roopangarh Tehsil,Rajasthan,0.23,0.32,0.08,0.38,0.81,0.03,3.95,5.2,3.7,0,0,0
26.75,75,Roopangarh Tehsil,Rajasthan,0.36,0.29,0.16,0.26,0.46,0.38,3.84,7.33,2.53,0.54,0,0
26.75,75.25,Phulera Tehsil,Rajasthan,0.16,0.03,0.07,0.17,0.04,0.8,3.1,7.16,2.35,0.37,0,0
26.75,75.5,Phagi Tehsil,Rajasthan,0.43,0.53,0.44,0.23,0.39,0.16,5.24,7.56,2.97,0.22,0,0
26.75,75.75,Sanganer Tehsil,Rajasthan,0.56,0.77,0.58,0.24,0.4,0.13,5.56,8.71,3.15,0.22,0,0
26.75,76,Bassi Tehsil,Rajasthan,0.69,0.75,1.29,0.07,0,0.5,2.93,11.15,4.87,0.17,0,0
26.75,76.25,Lawan Tehsil,Rajasthan,1.14,0.3,0.52,0,0,0.7,3.18,10.83,3.18,0,0,0
26.75,76.5,Nadoti Tehsil,Rajasthan,1.91,0.4,0.28,0.05,0.09,1.02,4.82,6.63,2.83,0.07,0,0
26.75,76.75,Nadoti Tehsil,Rajasthan,1.34,0.18,0.31,0.09,0.07,1.97,5.74,6.96,3.14,0.06,0,0
26.75,77,Hindaun Tehsil,Rajasthan,0.94,0.39,0.37,0.06,0.02,3.2,5.85,7.47,4.59,0,0,0
26.75,77.25,Karauli Tehsil,Rajasthan,1.3,0.39,0.41,0.17,0,2,3.84,10.85,4.78,0,0,0
26.75,77.5,Baseri Tehsil,Rajasthan,1.75,0.26,0.21,0.14,0,1.04,3.08,8.36,4.38,0,0,0
26.75,77.75,Bari Tehsil,Rajasthan,1.55,0.14,0.06,0.25,0.01,0.85,2.73,7.78,2.7,0,0,0.06
26.75,78,Rajakhera Tehsil,Rajasthan,0.52,0.44,0,0.01,0.01,0.66,1.61,4.29,5,0,0,0.32
27,69.75,Jaisalmer Tehsil,Rajasthan,0,0,0,0.43,0.04,0.09,1.71,0.68,0.08,0,0,0
27,70,Jaisalmer Tehsil,Rajasthan,0,0,0,0.43,0.09,0.09,1.68,0.71,0.17,0,0,0
27,70.25,Jaisalmer Tehsil,Rajasthan,0,0,0,0.51,0.1,0.1,1.88,0.74,0.17,0,0,0
27,70.5,Jaisalmer Tehsil,Rajasthan,0,0,0,0.59,0.22,0.12,2.03,0.83,0.38,0,0,0
27,70.75,Jaisalmer Tehsil,Rajasthan,0,0,0,0.41,0.77,0.03,1.2,1,1.25,0,0,0
27,71,Jaisalmer Tehsil,Rajasthan,0,0,0,0.46,0.74,0.02,1.24,1.02,1.2,0,0,0
27,71.25,Jaisalmer Tehsil,Rajasthan,0,0,0,0.54,0.71,0.02,1.35,1.06,0.94,0,0,0
27,71.5,Pokaran Tehsil,Rajasthan,0,0,0,0.33,0.57,0,1.6,1.77,0.18,0,0,0
27,71.75,Pokaran Tehsil,Rajasthan,0,0,0,0.24,0.56,0,1.61,1.95,0.13,0,0,0
27,72,Pokaran Tehsil,Rajasthan,0,0,0,0.25,0.65,0,1.52,1.88,0.59,0,0,0
27,72.25,Phalodi Tehsil,Rajasthan,0,0,0,0.42,1.18,0.01,1.15,1.75,2.77,0,0,0
27,72.5,Lohawat Tehsil,Rajasthan,0,0,0,0.55,0.89,0.26,1.72,2.35,3.56,0,0,0
27,72.75,Lohawat Tehsil,Rajasthan,0,0,0,0.6,0.63,0.5,2.64,3.08,4.41,0,0,0
27,73,Bapini Tehsil,Rajasthan,0,0,0,0.47,0.46,0.55,2.92,3.42,3.97,0,0,0
27,73.25,Kheenvsar Tehsil,Rajasthan,0,0,0,0.04,0.58,0.34,2.85,2.52,3.18,0,0,0
27,73.5,Mundwa Tehsil,Rajasthan,0,0,0.03,0.48,0.64,0.43,2.16,3.59,3.02,0,0,0
27,73.75,Mundwa Tehsil,Rajasthan,0,0,0.18,0.63,0.6,0.51,2.09,5.03,2.51,0,0,0
27,74,Mundwa Tehsil,Rajasthan,0,0,0.28,0.08,0.58,0.58,3.88,5.77,2.34,0,0,0
27,74.25,Sanju Tehsil,Rajasthan,0,0,0.22,0.02,0.74,0.71,4.69,5.31,3.24,0,0,0
27,74.5,Makrana Tehsil,Rajasthan,0.05,0,0.44,0.34,0.61,0.11,7.51,8.25,2.6,0,0,0
27,74.75,Parbatsar Tehsil,Rajasthan,0.08,0,0.26,0.32,0.98,0.2,6.72,6.46,2.13,0.02,0,0
27,75,Nawa Tehsil,Rajasthan,0.33,0.12,0.2,0.3,1,0.49,5.09,6.08,2.37,0.42,0,0
27,75.25,Phulera Tehsil,Rajasthan,0.3,0.17,0.16,0.22,0.42,0.52,3.77,7.18,2.51,0.47,0,0
27,75.5,Phulera Tehsil,Rajasthan,0.79,0.45,0.35,0.12,0.22,0.59,5.74,6.97,3.39,0.48,0,0
27,75.75,Jaipur Tehsil,Rajasthan,0.72,0.61,0.66,0.22,0.28,0.95,6.56,7.24,3.92,0.87,0,0
27,76,Jamwa Ramgarh Tehsil,Rajasthan,0.71,0.36,0.98,0.02,0.28,1.29,4.19,9.27,4.46,0.84,0,0
27,76.25,Dausa Tehsil,Rajasthan,1.12,0.42,0.74,0,0.04,0.9,3.69,5.15,3.6,0,0,0
27,76.5,Baswa Tehsil,Rajasthan,1.2,0.39,0.44,0.08,0.34,1.54,3.95,6.89,3.5,0.11,0,0
27,76.75,Baswa Tehsil,Rajasthan,1.5,0.43,0.62,0.26,0.41,0.64,4.72,7.09,3.16,0.37,0,0
27,77,Mahwa Tehsil,Rajasthan,0.67,0.34,0.38,0.03,0.05,3.23,5.29,5.59,3.45,0.04,0,0
27,77.25,Bayana Tehsil,Rajasthan,0.53,0.36,0.42,0,0.01,2.28,5.23,5.48,3.5,0,0,0
27,77.5,Rupbas Tehsil,Rajasthan,1.32,0.42,0.8,0.01,0.09,0.6,3.85,4.01,2.09,0,0,0.03
27,77.75,Rupbas Tehsil,Rajasthan,1.41,0.92,0.58,0.11,0.13,0.42,1.95,4.31,0.94,0.18,0,0.41
27.25,69.75,Jaisalmer Tehsil,Rajasthan,0,0,0,0.24,0.02,0.05,1.2,0.59,0.05,0,0,0
27.25,70,Jaisalmer Tehsil,Rajasthan,0,0,0,0.23,0.07,0.04,1.15,0.61,0.12,0,0,0
27.25,70.25,Jaisalmer Tehsil,Rajasthan,0,0,0,0.12,0.06,0.02,0.85,0.56,0.1,0,0,0
27.25,70.5,Jaisalmer Tehsil,Rajasthan,0,0,0,0.04,0.03,0.01,0.65,0.52,0.06,0,0,0
27.25,70.75,Jaisalmer Tehsil,Rajasthan,0,0,0,0.24,0.35,0.02,0.97,0.76,0.6,0,0,0
27.25,71,Jaisalmer Tehsil,Rajasthan,0,0,0,0.36,0.62,0.03,1.13,0.95,1.05,0,0,0
27.25,71.25,Jaisalmer Tehsil,Rajasthan,0,0,0,0.41,0.72,0.02,1.29,1.22,0.99,0,0,0
27.25,71.5,Jaisalmer Tehsil,Rajasthan,0,0,0,0.28,0.61,0.01,1.43,1.56,0.51,0,0,0
27.25,71.75,Pokaran Tehsil,Rajasthan,0,0,0,0.26,0.68,0,1.43,1.71,0.95,0,0,0
27.25,72,Bap Tehsil,Rajasthan,0,0,0,0.22,0.63,0,1.3,1.41,1.39,0,0,0
27.25,72.25,Bap Tehsil,Rajasthan,0,0,0,0.4,1.13,0,1.21,1.63,2.7,0,0,0
27.25,72.5,Phalodi Tehsil,Rajasthan,0,0,0,0.38,0.83,0.1,1.46,1.74,2.55,0,0,0
27.25,72.75,Phalodi Tehsil,Rajasthan,0,0,0,0.4,0.7,0.33,2.32,2.41,3.56,0,0,0
27.25,73,Bapini Tehsil,Rajasthan,0,0,0.03,0.47,0.44,0.58,2.94,2.89,3.77,0,0,0
27.25,73.25,Kheenvsar Tehsil,Rajasthan,0,0,0.04,0.39,0.54,0.48,2.66,2.92,3.18,0,0,0
27.25,73.5,Nagaur Tehsil,Rajasthan,0,0,0.04,0.82,0.65,0.56,1.62,3.66,3.09,0,0,0
27.25,73.75,Nagaur Tehsil,Rajasthan,0,0,0.07,0.9,0.68,0.58,1.4,4.32,2.8,0,0,0
27.25,74,Deh Tehsil,Rajasthan,0,0,0.26,0.08,0.47,0.49,3.53,5.92,1.35,0,0,0
27.25,74.25,Jayal Tehsil,Rajasthan,0.01,0,0.33,0,0.69,0.44,4.18,5.12,2.36,0,0,0
27.25,74.5,Didwana Tehsil,Rajasthan,0.01,0,0.54,0.11,1.05,0.13,5.41,4.76,3.97,0,0,0
27.25,74.75,Maulasar Tehsil,Rajasthan,0.1,0.2,0.44,0.41,0.51,0.72,8.3,7.11,2.42,0.1,0,0
27.25,75,Nawa Tehsil,Rajasthan,0.2,0.84,0.38,0.97,0.18,2.78,11.82,3.74,2.64,0.46,0,0
27.25,75.25,Danta Ramgarh Tehsil,Rajasthan,0.18,0.66,0.33,0.57,0.09,1.72,8.84,4.95,2.98,0.28,0,0
27.25,75.5,Chomu Tehsil,Rajasthan,0.73,0.38,0.23,0.12,0.06,0.7,5.68,5.83,3.84,0.41,0,0
27.25,75.75,Chomu Tehsil,Rajasthan,0.66,0.28,0.77,0.07,0.2,0.87,4.3,6.13,3.8,0.72,0,0
27.25,76,Amber Tehsil,Rajasthan,0.45,0.18,0.78,0.03,0.46,1.45,4,6.57,4.17,0.7,0,0
27.25,76.25,Thanagazi Tehsil,Rajasthan,0.52,0.14,0.46,0,0.21,2.01,3.56,5.06,4.07,0,0,0
27.25,76.5,Rajgarh Tehsil,Rajasthan,1.02,0.18,0.94,0,0.12,2.28,2.92,5.49,6.19,0,0,0
27.25,76.75,Reni Tehsil,Rajasthan,0.72,0.23,0.28,0.04,0.04,0.66,1.95,3.89,4.45,0,0,0.01
27.25,77,Kathumar Tehsil,Rajasthan,1.33,0.18,0.38,0.02,0.02,3.35,4.92,3.95,1.41,0,0,0.01
27.25,77.25,Nadbai Tehsil,Rajasthan,0.68,0.11,0.41,0,0.02,2.08,4.21,4.96,1.9,0,0,0
27.25,77.5,Bharatpur Tehsil,Rajasthan,0.98,0.35,0.74,0,0.08,1.06,3.53,4.25,1.92,0,0,0
27.5,70,Jaisalmer Tehsil,Rajasthan,0,0,0,0.13,0.04,0.03,0.89,0.56,0.07,0,0,0
27.5,70.25,Jaisalmer Tehsil,Rajasthan,0,0,0,0.08,0.05,0.01,0.75,0.54,0.09,0,0,0
27.5,70.5,Jaisalmer Tehsil,Rajasthan,0,0,0,0.05,0.04,0.01,0.65,0.53,0.08,0,0,0
27.5,70.75,Jaisalmer Tehsil,Rajasthan,0,0,0,0.16,0.22,0.02,0.84,0.67,0.38,0,0,0
27.5,71,Jaisalmer Tehsil,Rajasthan,0,0,0,0.26,0.41,0.02,0.98,0.81,0.72,0,0,0
27.5,71.25,Jaisalmer Tehsil,Rajasthan,0,0,0,0.31,0.63,0.01,1.22,1.28,0.79,0,0,0
27.5,71.5,Pokaran Tehsil,Rajasthan,0,0,0,0.19,0.47,0,1.39,1.45,0.78,0,0,0
27.5,71.75,Pokaran Tehsil,Rajasthan,0,0,0,0.18,0.49,0,1.35,1.34,1.02,0,0,0
27.5,72,Bap Tehsil,Rajasthan,0,0,0,0.06,0.16,0,1.34,1.02,0.55,0,0,0
27.5,72.25,Bajju Tehsil,Rajasthan,0,0,0,0.02,0.05,0,1.32,0.91,0.39,0,0,0
27.5,72.5,Bap Tehsil,Rajasthan,0,0,0,0.22,0.52,0.09,1.37,1.31,1.64,0,0,0
27.5,72.75,Bap Tehsil,Rajasthan,0,0,0.02,0.33,0.76,0.36,1.64,1.48,2.2,0,0,0
27.5,73,Nokha Tehsil,Rajasthan,0,0,0.04,0.42,0.83,1.53,2.13,1.9,2.95,0,0,0
27.5,73.25,Nokha Tehsil,Rajasthan,0,0,0.08,0.56,0.53,0.87,2.86,2.51,3.28,0,0,0
27.5,73.5,Nokha Tehsil,Rajasthan,0,0,0.08,0.58,0.45,0.68,2.88,2.76,3.3,0,0,0
27.5,73.75,Nagaur Tehsil,Rajasthan,0.01,0,0.1,0.64,0.55,0.57,2.74,3.68,2.9,0,0,0
27.5,74,Deh Tehsil,Rajasthan,0.08,0.07,0.18,0.13,0.72,0.63,5.68,3.65,2.5,0,0,0
27.5,74.25,Ladnu Tehsil,Rajasthan,0.1,0.08,0.21,0.04,0.98,0.54,7.26,2.25,3.44,0.03,0,0
27.5,74.5,Ladnu Tehsil,Rajasthan,0.02,0.06,0.48,0.01,1.29,0.46,5.15,2.75,4.36,0.04,0,0
27.5,74.75,Didwana Tehsil,Rajasthan,0.07,0.4,0.52,0.56,0.59,1.42,7.76,2.49,2.7,0.26,0,0
27.5,75,Dhod Tehsil,Rajasthan,0.03,0.32,0.59,0.57,0.04,0.74,5.81,3.21,1.7,0.15,0,0
27.5,75.25,Danta Ramgarh Tehsil,Rajasthan,0.03,0.34,0.28,0.29,0.1,0.76,5.12,6.23,3.45,0.08,0,0
27.5,75.5,Khandela Tehsil,Rajasthan,0.07,0.65,0.31,0.41,0.01,0.74,6.97,3.63,4.91,0.04,0,0
27.5,75.75,Sri Madhopur Tehsil,Rajasthan,0.35,0.31,0.87,0.21,0.16,1.12,4.65,4.78,3.87,0.39,0,0
27.5,76,Shahpura Tehsil,Rajasthan,0.32,0.23,0.68,0.01,0.67,1.43,3.62,3.92,4.25,0.07,0,0
27.5,76.25,Thanagazi Tehsil,Rajasthan,0.27,0.32,0.36,0.1,0.3,2.38,3.12,4.47,3.98,0,0,0.06
27.5,76.5,Alwar Tehsil,Rajasthan,0.51,0.35,0.41,0.22,0.47,2.89,2.66,5.05,4.75,0,0,0.12
27.5,76.75,Ramgarh Tehsil,Rajasthan,0.17,0.03,0.37,0,0.08,0.86,3.88,3.87,5.31,0,0,0.02
27.5,77,Govindgarh Tehsil,Rajasthan,0.66,0.15,0.25,0,0.11,3.87,4.58,3.51,4.96,0,0,0
27.5,77.25,Deeg Tehsil,Rajasthan,0.81,0.81,0.58,0.03,0.35,2.31,4.89,3.76,2.88,0,0,0
27.75,70.25,Jaisalmer Tehsil,Rajasthan,0,0,0,0.07,0.05,0.01,0.72,0.54,0.08,0,0,0
27.75,70.5,Jaisalmer Tehsil,Rajasthan,0,0,0,0.09,0.09,0.01,0.73,0.57,0.16,0,0,0
27.75,71.25,Jaisalmer Tehsil,Rajasthan,0,0,0,0.23,0.46,0.01,0.98,0.85,0.8,0,0,0
27.75,71.5,Pokaran Tehsil,Rajasthan,0,0,0,0.12,0.31,0,1.35,1.22,0.66,0,0,0
27.75,71.75,Pokaran Tehsil,Rajasthan,0,0,0,0.09,0.25,0,1.35,1.14,0.64,0,0,0
27.75,72,Pokaran Tehsil,Rajasthan,0,0,0,0.07,0.19,0,1.34,1.05,0.57,0,0,0
27.75,72.25,Bajju Tehsil,Rajasthan,0,0,0,0.06,0.17,0.02,1.32,0.99,0.6,0,0,0
27.75,72.5,Kolayat Tehsil,Rajasthan,0,0,0,0.15,0.43,0.25,1.31,1.1,1.19,0,0,0
27.75,72.75,Kolayat Tehsil,Rajasthan,0,0,0.02,0.31,0.78,1.49,1.4,1.29,1.97,0,0,0
27.75,73,Kolayat Tehsil,Rajasthan,0,0,0.04,0.46,1,1.84,1.83,1.65,2.77,0,0,0
27.75,73.25,Nokha Tehsil,Rajasthan,0,0,0.07,0.5,0.66,1.21,2.62,2.14,3.08,0,0,0
27.75,73.5,Nokha Tehsil,Rajasthan,0,0.01,0.07,0.49,0.65,1.16,2.74,2.17,3.1,0,0,0
27.75,73.75,Nokha Tehsil,Rajasthan,0.02,0.05,0.1,0.38,0.89,0.68,4.53,2.06,2.89,0,0,0
27.75,74,Bidasar Tehsil,Rajasthan,0.06,0.12,0.11,0.15,1.1,0.84,6.59,1.8,2.81,0.05,0,0
27.75,74.25,Bidasar Tehsil,Rajasthan,0.11,0.16,0.13,0.07,1.02,0.97,7.68,2.1,3.07,0.08,0,0
27.75,74.5,Sujangarh Tehsil,Rajasthan,0.02,0.49,0.02,0.02,1.76,2.5,9.49,1.36,2.07,0.48,0,0
27.75,74.75,Lachhmangarh Tehsil,Rajasthan,0.01,0.25,0.58,0.29,0.52,1.43,6.8,1.47,2.05,0.23,0,0
27.75,75,Lachhmangarh Tehsil,Rajasthan,0,0.2,0.68,0.62,0.13,0.68,5.2,2.81,1.81,0.17,0,0
27.75,75.25,Sikar Tehsil,Rajasthan,0,0.17,0.38,0.66,0.4,0.93,4.59,6.74,2.63,0.23,0,0
27.75,75.5,Udaipurwati Tehsil,Rajasthan,0.01,0.12,0.53,0.29,0.12,1.91,5.12,7.7,3.11,0.08,0,0
27.75,75.75,Neem Ka Thana Tehsil,Rajasthan,0.04,0.09,0.95,0.42,0.09,2.97,5.74,5.84,2.5,0.1,0,0
27.75,76,Patan Tehsil,Rajasthan,0.48,0.5,0.83,0.04,0.58,4.21,3.53,3.95,3.44,0.04,0,0
27.75,76.25,Bansur Tehsil,Rajasthan,0.47,1.14,0.78,0.02,0.53,2.52,2.69,5.85,3.66,0,0,0.08
27.75,76.5,Bansur Tehsil,Rajasthan,0.36,0.34,0.27,0.14,0.18,1.23,5.6,4.83,3.74,0,0,0.27
27.75,76.75,Kishangarh Bas Tehsil,Rajasthan,0.28,0.19,0.22,0.04,0.09,0.69,3.47,4.09,2.33,0,0,0.04
27.75,77.25,Kaman Tehsil,Rajasthan,0.36,0.59,0.88,0.14,0.23,0.15,1.73,1.16,1.67,0,0,0
28,70.5,Jaisalmer Tehsil,Rajasthan,0,0,0,0.03,0.04,0,0.61,0.52,0.07,0,0,0
28,72,Bajju Tehsil,Rajasthan,0,0,0,0.06,0.17,0.01,1.33,1.01,0.59,0,0,0
28,72.25,Bajju Tehsil,Rajasthan,0,0,0,0.08,0.24,0.15,1.31,0.99,0.77,0,0,0
28,72.5,Bajju Tehsil,Rajasthan,0,0,0.01,0.13,0.4,0.73,1.32,1.08,1.08,0,0,0
28,72.75,Kolayat Tehsil,Rajasthan,0,0,0.01,0.33,0.99,1.88,1.25,1.32,2.2,0,0,0
28,73,Kolayat Tehsil,Rajasthan,0,0.01,0.02,0.43,1.21,2.14,1.42,1.32,2.5,0,0,0
28,73.25,Bikaner Tehsil,Rajasthan,0,0.01,0.01,0.41,1.19,2.32,1.19,1.35,2.57,0,0,0
28,73.5,Bikaner Tehsil,Rajasthan,0,0.01,0.02,0.41,1.23,1.84,1.86,1.25,2.23,0,0,0
28,73.75,Sri Dungargarh Tehsil,Rajasthan,0,0.09,0.13,0.33,1.31,0.9,4.19,1.39,2.37,0,0,0
28,74,Sri Dungargarh Tehsil,Rajasthan,0.01,0.11,0.1,0.29,1.25,0.86,4.73,1.53,2.52,0,0,0
28,74.25,Ratangarh Tehsil,Rajasthan,0.1,0.2,0.09,0.2,1.82,1.32,6.73,1.73,1.92,0.14,0,0
28,74.5,Ratangarh Tehsil,Rajasthan,0.12,0.14,0.11,0.3,2.22,1.15,5.66,1.58,1.29,0.09,0,0
28,74.75,Ratangarh Tehsil,Rajasthan,0.06,0.2,0.86,0.28,0.43,1.37,6.38,0.93,2.42,0.14,0,0
28,75,Fatehpur Tehsil,Rajasthan,0.03,0.34,0.92,0.46,0.45,1.27,5.47,1.5,2.57,0.22,0,0
28,75.25,Nawalgarh Tehsil,Rajasthan,0,0.64,1,0.44,0.74,1.28,3.03,2.64,2.83,0.31,0,0
28,75.5,Gudhagorji Tehsil,Rajasthan,0,0.58,0.56,0.49,0.33,2.11,4.5,3.28,1.75,0.26,0,0
28,75.75,Khetri Tehsil,Rajasthan,0,0.48,0.48,0.68,0.31,3.09,5.94,3.29,1.53,0.28,0,0
28,76.25,Unknown,Rajasthan,0.07,0.1,0.05,0,0.01,0.18,0.51,3.27,2.73,0,0,0
28,76.5,Mandawar Tehsil,Rajasthan,0.14,0.34,1.2,0.06,0.49,2.47,4.88,3.85,5.34,0,0,0.08
28,76.75,Kotkasim Tehsil,Rajasthan,0.22,0.53,0.35,0,0.33,1.12,3.3,2.99,2.08,0,0,0.02
28.25,72.25,Bajju Tehsil,Rajasthan,0,0,0,0.07,0.24,0.37,1.43,1.14,0.89,0,0,0
28.25,72.5,Bajju Tehsil,Rajasthan,0,0,0.01,0.28,0.96,1.52,1.58,1.66,2.26,0,0,0
28.25,72.75,Kolayat Tehsil,Rajasthan,0,0,0.01,0.32,1.08,1.6,1.75,1.72,2.36,0,0,0
28.25,73,Poogal Tehsil,Rajasthan,0,0.01,0.02,0.41,1.24,1.96,1.56,1.33,2.34,0,0,0
28.25,73.25,Bikaner Tehsil,Rajasthan,0,0,0.03,0.44,1.3,1.58,1.93,1.07,1.85,0,0,0
28.25,73.5,Bikaner Tehsil,Rajasthan,0,0,0.18,0.45,1.41,0.9,2.2,0.88,1.24,0,0,0
28.25,73.75,Sri Dungargarh Tehsil,Rajasthan,0,0.06,0.24,0.38,1.44,0.84,3.41,1.18,1.99,0,0,0
28.25,74,Sri Dungargarh Tehsil,Rajasthan,0.01,0.23,0.19,0.44,1.47,0.81,4.05,1.13,2.41,0,0,0
28.25,74.25,Sardarshahar Tehsil,Rajasthan,0.03,0.72,0.04,0.67,1.6,0.86,5.3,0.78,3.13,0.04,0,0
28.25,74.5,Sardarshahar Tehsil,Rajasthan,0.15,0.56,0.16,0.52,2.09,0.95,5.38,1.26,2.36,0.03,0,0
28.25,74.75,Churu Tehsil,Rajasthan,0.57,1.05,0.73,0.3,2.71,1.31,5.94,2.29,3.01,0,0,0
28.25,75,Churu Tehsil,Rajasthan,0.43,0.98,0.95,0.33,2.25,1.36,5.26,1.89,3,0.07,0,0
28.25,75.25,Malesar Tehsil,Rajasthan,0,0.8,1.14,0.38,0.92,1.83,2.16,1.46,2.63,0.47,0,0
28.25,75.5,Chirawa Tehsil,Rajasthan,0,0.6,0.33,0.38,0.1,1.68,2.15,4.74,1.13,0.61,0,0
28.25,75.75,Surajgarh Tehsil,Rajasthan,0,0.45,0.69,0.65,1.08,1.95,2.94,2.55,1.4,0.51,0,0.03
28.25,76,Buhana Tehsil,Rajasthan,0.16,0.6,1.3,0.41,0.93,2.01,2.26,2.06,1.95,0.04,0,0.13
28.5,72.25,Khajuwala Tehsil,Rajasthan,0,0,0,0.13,0.62,0.76,1.87,1.98,1.88,0,0,0
28.5,72.5,Khajuwala Tehsil,Rajasthan,0,0,0,0.22,0.92,1.18,1.99,2.11,2.34,0,0,0
28.5,72.75,Poogal Tehsil,Rajasthan,0,0,0,0.22,0.91,1.12,2.03,2.13,2.31,0,0,0
28.5,73,Poogal Tehsil,Rajasthan,0,0,0,0.18,0.84,0.92,2.15,2.3,2.29,0,0,0
28.5,73.25,Chhatargarh Tehsil,Rajasthan,0,0,0.09,0.33,1.16,0.83,2.28,1.44,1.57,0,0,0
28.5,73.5,Lunkaransar Tehsil,Rajasthan,0,0,0.48,0.51,1.77,0.72,1.7,0.71,1.19,0,0,0
28.5,73.75,Lunkaransar Tehsil,Rajasthan,0,0.02,0.59,0.54,1.92,0.68,1.63,0.58,1.22,0,0,0
28.5,74,Lunkaransar Tehsil,Rajasthan,0,0.46,0.27,0.66,1.58,0.71,3.49,0.62,2.57,0,0,0
28.5,74.25,Bhanipura Tehsil,Rajasthan,0.02,0.97,0.03,0.83,1.45,0.72,5.12,0.52,3.79,0,0,0
28.5,74.5,Sardarshahar Tehsil,Rajasthan,0.1,1.05,0.14,0.81,1.63,0.79,5.27,0.68,3.81,0,0,0
28.5,74.75,Sardarshahar Tehsil,Rajasthan,0.34,0.68,0.46,0.46,2.03,1.81,5.17,2.11,3.55,0,0,0
28.5,75,Churu Tehsil,Rajasthan,0.19,0.61,0.32,0.53,1.54,2.23,5.15,2.08,3.44,0.03,0,0
28.5,75.25,Taranagar Tehsil,Rajasthan,0,0.93,0.37,0.68,0.94,2.63,5.31,2.03,2.49,0.26,0,0
28.5,75.5,Rajgarh Tehsil,Rajasthan,0,0.44,0.77,0.77,1.45,2.62,2.64,2.62,1.48,0.88,0,0
28.75,72.5,Khajuwala Tehsil,Rajasthan,0,0.09,0.12,0.17,0.91,0.71,2.1,1.75,2.3,0,0,0
28.75,72.75,Khajuwala Tehsil,Rajasthan,0,0.08,0.1,0.16,0.88,0.73,2.12,1.84,2.3,0,0,0
28.75,73,Rawla Mandi Tehsil,Rajasthan,0,0.01,0.01,0.14,0.79,0.79,2.18,2.42,2.36,0,0,0
28.75,73.25,Chhatargarh Tehsil,Rajasthan,0,0.04,0.12,0.24,1.04,0.68,2.15,1.7,2.05,0,0,0
28.75,73.5,Lunkaransar Tehsil,Rajasthan,0,0.03,0.39,0.43,1.55,0.73,1.86,0.89,1.38,0,0,0
28.75,73.75,Lunkaransar Tehsil,Rajasthan,0,0.09,0.43,0.46,1.55,0.68,1.76,0.9,1.3,0,0,0
28.75,74,Lunkaransar Tehsil,Rajasthan,0.01,0.46,0.32,0.64,1.6,0.66,3.1,0.68,2.44,0,0,0
28.75,74.25,Bhanipura Tehsil,Rajasthan,0.13,0.67,0.16,0.62,1.16,0.87,3.83,0.96,3.98,0.26,0,0
28.75,74.5,Bhanipura Tehsil,Rajasthan,0.21,0.58,0.2,0.54,1.07,1.39,3.79,1.41,4.46,0.34,0,0
28.75,74.75,Taranagar Tehsil,Rajasthan,0.21,0.23,0.23,0.44,1.23,2.33,3.98,2.09,4.06,0.16,0,0
28.75,75,Taranagar Tehsil,Rajasthan,0.1,0.26,0.15,0.52,1.07,2.69,4.36,1.93,3.65,0.05,0,0
28.75,75.25,Rajgarh Tehsil,Rajasthan,0.04,0.83,0.3,0.61,0.85,2.37,4.98,1.63,2.48,0.21,0,0
28.75,75.5,Rajgarh Tehsil,Rajasthan,0.1,0.47,0.58,0.66,0.84,1.44,1.96,0.75,1.55,0.58,0,0
29,73,Gharsana Tehsil,Rajasthan,0,0.15,0.24,0.2,1.04,0.54,1.95,1.14,2.42,0,0,0
29,73.25,Anupgarh Tehsil,Rajasthan,0,0.26,0.31,0.16,0.96,0.66,1.87,0.74,2.31,0,0,0
29,73.5,Chhatargarh Tehsil,Rajasthan,0,0.29,0.34,0.18,0.9,0.62,1.63,0.87,1.98,0,0,0
29,73.75,Lunkaransar Tehsil,Rajasthan,0.01,0.26,0.49,0.24,0.97,0.72,1.87,1.17,2.25,0,0.02,0
29,74,Suratgarh Tehsil,Rajasthan,0.05,0.29,0.35,0.26,1.03,0.68,2.74,1.31,2.87,0.01,0.04,0
29,74.25,Pallu Tehsil,Rajasthan,0.2,0.18,0.43,0.26,1.07,1.03,3.13,1.51,3.82,0.33,0.03,0
29,74.5,Nohar Tehsil,Rajasthan,0.32,0.06,0.48,0.14,0.66,1.34,1.87,1.89,4.6,0.75,0.01,0
29,74.75,Nohar Tehsil,Rajasthan,0.38,0.04,0.4,0.18,0.54,2.28,2.16,2.01,4.4,0.67,0,0
29,75,Bhadra Tehsil,Rajasthan,0.32,0.09,0.63,0.3,0.7,3.47,3.04,1.51,2.58,0.28,0,0
29,75.25,Bhadra Tehsil,Rajasthan,0.24,0.34,0.6,0.35,0.7,2.4,2.52,1.07,1.91,0.37,0,0.01
29,75.5,Bhadra Tehsil,Rajasthan,0.27,0.33,0.64,0.31,0.61,1,0.63,0.46,1.33,0.57,0,0.03
29.25,73.25,Anupgarh Tehsil,Rajasthan,0,0.43,0.42,0.07,0.77,0.97,1.81,0,2.33,0,0,0
29.25,73.5,Vijayanagar Tehsil,Rajasthan,0,0.29,0.22,0.09,0.53,0.61,1.47,1.62,2,0,0,0
29.25,73.75,Suratgarh Tehsil,Rajasthan,0.01,0.31,0.32,0.13,0.54,0.69,1.75,1.77,2.24,0,0.01,0
29.25,74,Suratgarh Tehsil,Rajasthan,0.04,0.31,0.49,0.27,1.07,0.72,2.89,1.06,3.27,0.01,0.05,0
29.25,74.25,Rawatsar Tehsil,Rajasthan,0.09,0.25,0.21,0.36,1.47,0.67,3.83,1.48,2.42,0,0.01,0
29.25,74.5,Rawatsar Tehsil,Rajasthan,0.42,0.06,0.43,0.12,0.56,1.35,1.79,1.88,4.6,0.76,0.01,0
29.25,74.75,Nohar Tehsil,Rajasthan,0.47,0.01,0.45,0.06,0.4,1.82,1.37,1.84,4.66,0.85,0,0
29.25,75,Nohar Tehsil,Rajasthan,0.34,0.06,0.61,0.28,0.67,3.17,2.79,1.2,2.51,0.24,0,0
29.25,75.25,Bhadra Tehsil,Rajasthan,0.3,0.11,0.67,0.34,0.55,2.22,1.74,0.82,1.5,0.41,0,0.18
29.5,73.25,Raisinghnagar Tehsil,Rajasthan,0,0.22,0.43,0.05,0.82,0.43,1.74,0.46,4.33,0,0,0
29.5,73.5,Raisinghnagar Tehsil,Rajasthan,0,0.32,0.66,0.14,0.81,0.96,2.28,0.73,4.46,0,0,0
29.5,73.75,Padampur Tehsil,Rajasthan,0.02,0.36,0.66,0.2,0.83,0.83,2.49,1,3.56,0,0.03,0
29.5,74,Pilibanga Tehsil,Rajasthan,0.03,0.38,0.85,0.27,1.08,0.8,3.04,0.39,4.37,0.01,0.08,0
29.5,74.25,Hanumangarh Tehsil,Rajasthan,0.01,0.17,0.39,0.32,1.12,0.69,2.29,0.3,5.1,0.09,0.21,0
29.5,74.5,Tibi Tehsil,Rajasthan,0.04,0.01,0.75,0.22,1.35,0.94,1.4,0.31,2.94,0,0.02,0
29.75,73.5,Karanpur Tehsil,Rajasthan,0,0.45,1.04,0.25,0.99,1.64,3.29,0.38,5.73,0.01,0,0
29.75,73.75,Padampur Tehsil,Rajasthan,0,0.55,1.66,0.26,1.92,1.33,3,0.42,6.96,0.25,0,0
29.75,74,Sadulshahar Tehsil,Rajasthan,0,0.43,0.73,0.18,1.04,1,2.5,0.94,6.84,0.1,0.06,0
29.75,74.25,Hanumangarh Tehsil,Rajasthan,0,0.57,0.28,0.25,0.61,0.96,1.62,0.6,6.14,0.02,0.33,0
30,73.75,Ganganagar Tehsil,Rajasthan,0.01,0.56,1.89,0.23,2.28,1.1,2.6,0.3,7.11,0.36,0,0
24.5,88.25,Nawabganj Upazila,Rajshahi Division,0.02,1.53,0.16,0.43,3.76,5.07,9.61,8.37,8.87,0.7,0,0
24.5,88.5,Godagari Upazila,Rajshahi Division,0.02,1.52,0.14,0.68,3.79,7.04,9.72,8.24,9.47,0.71,0,0
25.5,88.75,Dinajpur Sadar Upazila,Rangpur Division,0,1.47,0.02,1.73,5.02,13.89,10.08,9.26,11.35,0.91,0,0
25.5,89.75,Char Rajibpur Upazila,Rangpur Division,0,0.79,1.11,1.47,11.65,18.48,6.16,14.12,23.5,0.48,0.01,0.04
25.75,89.75,Ulipur Upazila,Rangpur Division,0,0.81,1.12,1.47,11.64,19.34,6.2,15.06,24.52,0.46,0.01,0.03
26,88.25,Ranishankail Upazila,Rangpur Division,0.04,0.94,0.68,0.28,11.07,15.51,9.57,25,14.91,0.42,0,0
26,89.5,Fulbari Upazila,Rangpur Division,0,0,0,0,0,0,0,0,0,0,0,0
26,89.75,Nageshwari Upazila,Rangpur Division,0,0.63,1.14,1.48,11.79,19.27,5.61,13.86,22.7,0.46,0,0.05
26.25,88.75,Debiganj Upazila,Rangpur Division,0.01,0.78,0.4,0.31,10.84,17.31,9.18,17.97,19.16,0.95,0.05,0
26.5,88.5,Tentulia Upazila,Rangpur Division,0.04,1.05,0.89,0.37,12.49,21.03,10.21,27.5,17.33,0.51,0.08,0
27.25,96.75,Naga Self-Administered Zone,Sagaing Region,0.3,2.06,1.25,2.17,10.48,6.72,8.15,15.89,12.09,0.79,0.02,0
27,91.5,Orong Gewog,Samdrup Jongkhar District,0,1.39,1.23,1.52,14.26,12,8.21,10.42,10.86,0.74,0.09,0.01
27,91.75,Martshala Gewog,Samdrup Jongkhar District,0,1.52,0.45,1.18,11.92,12.94,9.74,8.87,12.31,0.4,0.17,0.01
27,92,Serthig Gewog,Samdrup Jongkhar District,0,1.53,0.39,1.26,11.72,13.31,9.49,8.16,12.39,0.4,0.18,0.02
27,89,Sang-Ngag-Chhoeling Gewog,Samtse District,0,0.93,0.38,1.44,13.28,21.7,12.79,34.36,15.04,1.12,0.4,0
27,89.25,Duenchhukha Gewog,Samtse District,0.01,1.57,0.25,1.52,17.83,24.71,11.89,33.96,15.52,1.08,0.32,0
27,90.25,Gakidling Gewog,Sarpang District,0,1.18,0.42,1.89,20.61,27.19,18.42,28.96,11.87,0.63,0,0
27,90.5,Jigme Chhoeling Gewog,Sarpang District,0,1.34,0.41,1.34,20.72,28.73,18.77,29.92,12,0.49,0.01,0
27.25,88.25,Gyalshing,Sikkim,0,0.22,2.39,4.5,18.33,17.91,17.77,18.8,11.03,0.61,0.08,0.18
27.25,88.5,Gangtok subdivision,Sikkim,0,0.22,2.29,4.17,17.21,19.92,17.9,21.39,13.54,0.59,0.07,0.16
27.25,88.75,Rongli subdivision,Sikkim,0.01,0.28,1.07,2.71,13.6,24.62,14.52,25.44,14.9,0.64,0.14,0.05
27.5,88.25,Gyalshing,Sikkim,0,0.23,2.44,4.54,14.74,16.12,17.71,16.56,9.05,0.89,0.08,0.17
27.5,88.5,Mangan,Sikkim,0,0.22,2.39,4.35,15.42,16.5,17.75,17,9.44,0.83,0.08,0.17
27.5,88.75,Mangan,Sikkim,0,0.27,2,4.1,16.89,18.77,17.78,19.39,11.02,0.78,0.12,0.13
27.75,88.25,Chungthang,Sikkim,0,0.2,2.31,4.11,13.98,15.8,17.47,16.17,8.79,0.91,0.07,0.17
27.75,88.5,Chungthang,Sikkim,0,0.21,2.35,4.22,14.61,16.1,17.57,16.55,9.08,0.87,0.07,0.17
27.75,88.75,Chungthang,Sikkim,0,0.23,2.25,4.17,15.66,16.65,17.75,17.2,9.61,0.8,0.11,0.15
28,88.5,Chungthang,Sikkim,0,0.22,2.42,4.42,15.21,16.38,17.71,16.9,9.33,0.85,0.08,0.17
28,88.75,Chungthang,Sikkim,0,0.24,2.4,4.5,15.4,16.47,17.83,16.99,9.38,0.85,0.09,0.17
23.75,68,Sujawal District,Sindh,0,0,0,0,0,0.06,1.45,1.3,1.88,0.16,0.03,0
24,68,Sujawal District,Sindh,0,0,0,0,0,0.02,1.41,1.28,1.89,0.18,0.01,0
24,68.25,Sujawal District,Sindh,0,0,0,0,0,0.03,1.41,1.32,1.89,0.17,0.02,0
24,68.5,Sujawal District,Sindh,0,0,0,0,0,0.03,1.4,1.36,1.9,0.17,0.01,0
24,68.75,Sujawal District,Sindh,0,0,0,0,0,0.02,1.39,1.37,1.9,0.18,0.01,0
24.25,68.75,Sujawal District,Sindh,0,0,0,0,0,0.03,1.38,1.41,1.91,0.18,0.01,0
24.25,69.75,Tharparkar District,Sindh,0,0,0,0,0.15,0.27,2.14,3.37,1.87,0.08,0,0
24.25,70,Tharparkar District,Sindh,0,0,0,0,0.5,0.06,2.54,2.93,2.08,0.14,0,0
24.25,70.75,Tharparkar District,Sindh,0,0,0,0.03,0.4,0,1.66,1.85,3.6,0.11,0,0
24.5,69.25,Tharparkar District,Sindh,0,0,0,0,0,0.03,1.35,1.54,1.92,0.19,0,0
24.5,69.5,Tharparkar District,Sindh,0,0,0,0,0,0.07,1.37,1.81,1.92,0.17,0,0
24.5,70,Tharparkar District,Sindh,0,0,0,0,0.62,0.05,2.15,2.68,1.9,0.17,0,0
24.5,70.25,Tharparkar District,Sindh,0,0,0,0,0.71,0,1.86,2.51,2.14,0.19,0,0
24.5,70.5,Tharparkar District,Sindh,0,0,0,0,0.47,0.03,1.6,1.72,3.16,0.13,0,0
24.5,70.75,Tharparkar District,Sindh,0,0,0,0,0.17,0,1.69,1.27,3.88,0.05,0,0
24.5,71,Tharparkar District,Sindh,0,0,0,0,0,0,2.06,1.18,4.55,0,0,0
24.75,71,Tharparkar District,Sindh,0,0,0,0,0.01,0.05,2.15,1.03,3.72,0,0,0
25,70.75,Tharparkar District,Sindh,0,0,0,0,0.13,0.26,1.03,0.82,2.12,0,0,0
25.25,70.75,Tharparkar District,Sindh,0,0,0,0,0.12,0.25,0.99,0.81,2.04,0,0,0
25.5,70.5,Tharparkar District,Sindh,0,0,0,0,0.03,0.05,0.22,0.71,0.65,0,0,0
28.5,81,Kailali,Sudurpashchim Province,1.81,0.39,0.31,0.16,0.17,2.74,20.11,7.85,6.46,2.71,0,0.58
28.75,80.5,Kanchanpur District,Sudurpashchim Province,1.33,0.76,0.88,0.17,0.24,4.24,13.16,6.38,6.24,2.45,0,1.16
28.75,80.75,Kailali,Sudurpashchim Province,1.58,0.49,0.49,0.17,0.17,4.04,14.71,6.4,6.43,2.62,0,0.76
24.25,91.25,Lakhai Upazila,Sylhet Division,0,0,0,0,0,0,0,0,0,0,0,0
24.25,91.5,Chunarughat Upazila,Sylhet Division,0,0,0,0,0,0,0,0,0,0,0,0
24.25,91.75,Kamalganj Upazila,Sylhet Division,0,0.42,1.18,3.94,15.25,12.06,15.17,7.99,15.33,1.36,0,0
24.5,91.75,Moulvibazar Sadar Upazila,Sylhet Division,0,0.39,1.05,3.57,15.95,11.91,16.65,7.5,14.57,1.13,0,0
24.5,92,Kulaura Upazila,Sylhet Division,0,0.44,1.06,4.19,13.3,9.88,15.82,7.17,15.12,1.63,0.01,0
24.75,92.25,Barlekha Upazila,Sylhet Division,0,0.63,1.3,5.13,20.02,17.42,17.82,15.83,13.4,2.1,0,0
25,92.25,Kanaighat Upazila,Sylhet Division,0,0.67,1.26,4.32,19.41,17.34,16.03,15.59,12.37,1.5,0,0
8.25,77,Kanyakumari,Tamil Nadu,1.24,0.83,0.02,2.14,11.93,2.02,1.5,9.55,2.83,6.35,4.93,1.97
8.25,77.25,Kalkulam,Tamil Nadu,1.3,0.09,0,1.34,6.92,1.33,0.7,7.57,3.09,6.94,9.36,1.2
8.25,77.5,Thovalai,Tamil Nadu,2.6,0,0.02,0.23,5.83,0,0,2.46,0.01,7.63,14.53,2.33
8.25,77.75,Radhapuram,Tamil Nadu,1.73,0.18,1.29,0.12,5.36,0.01,0,1.13,0.72,10.61,15.11,3.2
8.5,76.75,Kanyakumari,Tamil Nadu,2.63,0.88,0.11,4.74,8.26,3.86,3.71,16.87,7.22,10.83,5.05,3.01
8.5,77.25,Vilavancode,Tamil Nadu,3.14,0.5,2.21,1.38,10.1,1.35,1.09,7.22,3.01,12.68,10.02,4.79
8.5,77.5,Nanguneri,Tamil Nadu,1.11,0.85,2.98,0.49,8.59,0.06,0,1.54,1.81,16.35,18.01,5.49
8.5,77.75,Nanguneri,Tamil Nadu,1.29,0.24,2.44,0,4.58,0,0,0.42,0.99,10.27,14.51,3.06
8.5,78,Tiruchendur,Tamil Nadu,1.36,0.06,0.24,0.03,5.02,0,0,0.08,0.84,13.46,12.96,3.96
8.75,77.25,Ambasamudram,Tamil Nadu,2.79,0.36,3.19,1.14,8.43,0.02,0.02,0.48,1.29,14.87,8.68,5.7
8.75,77.5,Cheranmahadevi,Tamil Nadu,1.32,0.29,2.13,0.39,5.08,0,0,0.38,1.86,11.9,7.96,4.57
8.75,77.75,Palayamkottai,Tamil Nadu,0.59,0.04,0.33,0.02,2.56,0,0,0.31,0.72,6.04,3.59,1.27
8.75,78,Thoothukkudi,Tamil Nadu,0.68,1.41,0.55,0.87,4.46,0.09,0.13,0.25,1.17,18.67,7.46,2.35
9,77.25,Shenkottai,Tamil Nadu,0.18,0.15,1.84,3.01,4.79,0.46,0.71,2.71,1.62,12.62,7.48,2.9
9,77.5,Veerakeralamputhur,Tamil Nadu,0.53,0.02,0.19,0.83,3.93,0.5,0.1,0.88,0.74,11.11,4.08,1.85
9,77.75,Kovilpatti,Tamil Nadu,0.28,0.14,0.02,1.43,6.17,0.57,0.56,0.74,1.67,7.44,3.83,2.44
9,78,Ottapidaram,Tamil Nadu,0.32,0.28,0.08,1.01,5.78,0.22,0.45,0.76,0.9,10.16,4.65,2.15
9.25,77.5,Sankarankoil,Tamil Nadu,0.47,0.02,0.23,0.79,3.85,0.56,0.12,1.17,0.69,11.11,3.92,1.63
9.25,77.75,Sankarankoil,Tamil Nadu,0.43,0.05,0.17,0.68,4.86,0.53,0.04,1.35,1.8,6.47,3.78,0.98
9.25,78,Ettayapuram,Tamil Nadu,0.28,0,0.01,0.57,6.46,0.03,0.34,1.2,0.72,8.72,4.83,1.72
9.25,78.25,Vilathikulam,Tamil Nadu,0.44,0,0,0.32,6.23,0,0.01,0.78,1.13,6.83,5.54,1.47
9.25,78.5,Kadaladi,Tamil Nadu,1.08,0.26,0,0.19,6.4,0,0,1.44,1.84,9.07,8.02,1.92
9.25,78.75,Ramanathapuram,Tamil Nadu,2.18,0.75,0,0.01,7.14,0,0,1.01,1.91,13.16,12.65,3.14
9.5,77.5,Rajapalayam,Tamil Nadu,0.04,0.08,0.92,0.02,4.13,0.95,0.07,2.1,1.19,6.93,5.5,1.1
9.5,77.75,Sivakasi,Tamil Nadu,0.25,0.17,0.35,0.73,4.68,0.31,0.21,5.09,2.24,4.21,3.39,0.63
9.5,78,Virudhunagar,Tamil Nadu,0.19,0.01,0.03,1.22,7.17,0.25,0.4,1.64,2.47,4.36,4.48,1.46
9.5,78.25,Tiruchuli,Tamil Nadu,0.59,0,0.02,0,8.97,0,0.01,2.58,2.47,10.36,6.3,4.28
9.5,78.5,Mudukulathur,Tamil Nadu,0.89,0.18,0,0,5.93,0,0.06,1.24,2.84,9.45,4.93,1.95
9.5,78.75,Paramakudi,Tamil Nadu,1.6,0.62,0,0,6.97,0,0,1.67,1.59,11.81,9.81,2.55
9.5,79,Ramnathapuram,Tamil Nadu,2.3,0.92,0,0.06,4.38,0,0.01,0.53,1.48,11.19,12.05,3.18
9.75,77.25,Uthamapalayam,Tamil Nadu,0.16,0.01,0.77,0.42,4.68,1.01,1.07,2.72,1.05,8.82,3.84,1.57
9.75,77.5,Andipatti,Tamil Nadu,0.16,0,0.35,0.04,7.44,1.36,0.12,2.21,0.8,7.08,3.82,0.69
9.75,77.75,Peraiyur,Tamil Nadu,0.26,0.03,0.06,0.07,5.34,0.44,1.17,3.93,1.4,6.81,4.45,1.42
9.75,78,Thirumangalam,Tamil Nadu,0.44,0.08,0,0.09,7.07,0.4,1.32,3.98,6.15,9.72,5.36,1.37
9.75,78.25,Tiruchuli,Tamil Nadu,0.48,0.09,0.25,0.02,6.1,0.03,0.89,2.87,4.31,9.26,4.07,2.88
9.75,78.5,Sivaganga,Tamil Nadu,0.75,0.18,0,0,5.32,0,0.74,1.46,3.02,8.63,4.57,1.97
9.75,78.75,Tiruvadanai,Tamil Nadu,0.86,1.44,0,0,4.57,0,0.01,2.57,2.97,8.42,6.15,1.96
10,77.5,Theni,Tamil Nadu,0,0.07,0.24,0.03,3.08,0.02,0,0.93,2.48,4.8,1.29,2.06
10,77.75,Usilampatti,Tamil Nadu,0.21,0,0.03,0.03,6.46,2.59,0.23,4.26,4.28,11,0.69,0.34
10,78,Madurai North,Tamil Nadu,0.17,0.01,0,0.34,4.36,0.67,0.4,2.05,1.75,4.78,1.94,1.05
10,78.25,Melur,Tamil Nadu,0.31,0.03,0,0.33,5.5,0.89,1.79,3.22,2.03,6.39,2.19,1.99
10,78.5,Sivaganga,Tamil Nadu,0.19,0.03,0,0,4.8,0.39,0.65,6.63,2.91,6.87,3.81,2.97
10,78.75,Karaikkudi,Tamil Nadu,0.34,0.16,0,0.02,5.17,0.57,0.96,5.32,1.65,6.87,4.48,3.27
10,79,Avudayarkoil taluk,Tamil Nadu,0.62,0.47,0,0.02,4.18,0.33,0.57,3.09,1.43,7.35,5.67,5.3
10.25,77,Valparai,Tamil Nadu,0.05,0.46,0.75,1.02,4.37,11.74,26.69,26.74,10.7,9.88,0.9,1.68
10.25,77.5,Kodaikanal,Tamil Nadu,0.24,0.45,1.94,1.98,7.57,0.76,0.95,6.45,5.03,10.82,1.48,2.17
10.25,77.75,Athoor,Tamil Nadu,0.13,0.06,0.25,0.64,6.61,1.9,0.22,3.62,4.4,7.88,0.81,1.37
10.25,78,Dindigul,Tamil Nadu,0.06,0.3,0,0.03,5.95,0.97,0.88,3.37,2.5,7.51,1.53,1.66
10.25,78.25,Natham,Tamil Nadu,0.07,0,0,0.1,4.98,0.43,0.49,3.97,3.07,5.99,1.75,1.81
10.25,78.5,Ponnamaravathi taluk,Tamil Nadu,0.19,0,0,0.04,3.5,1.06,0.21,6.91,3.06,7.26,3.07,3.75
10.25,78.75,Thirumayam taluk,Tamil Nadu,0.07,0.04,0,0.01,4.44,0.27,0.73,5.68,0.86,4.22,2.65,4.45
10.25,79,Aranthangi taluk,Tamil Nadu,0.41,0.27,0,0,3.15,0.15,0.04,2.27,1.56,7.38,7.01,7.14
10.25,79.25,Peravurani,Tamil Nadu,0.47,0.96,0,0.06,5.86,0.19,0.44,2.36,2.79,9.45,8.87,7.39
10.5,77,Valparai,Tamil Nadu,0,0,0.11,0.14,4,2.51,5.86,8.66,3.44,8.27,1.44,1.08
10.5,77.25,Udumalaipettai,Tamil Nadu,0,0.03,0,0.09,5.02,0.58,0.19,2.85,1.84,13.58,1.63,0.95
10.5,77.5,Palani,Tamil Nadu,0,0.01,0.01,0.12,7.82,0.8,0.02,3.09,1.67,15.07,1.93,1.26
10.5,77.75,Oddanchatram,Tamil Nadu,0.02,0,0,0.74,8.38,0.65,0.05,3.17,3.46,10.8,1.06,1.93
10.5,78,Vedasandur,Tamil Nadu,0.05,0.01,0,0.03,3.98,0.75,0.03,1.56,2.79,6.41,1.63,1.22
10.5,78.25,Manapparai,Tamil Nadu,0,0.01,0,0,5.18,0.19,0.03,1.95,2.53,5.34,1.71,1.31
10.5,78.5,Iluppur taluk,Tamil Nadu,0.01,0.01,0,0,4.98,0.41,0.71,5.64,4.26,10.01,3.07,2.28
10.5,78.75,Kulathur taluk,Tamil Nadu,0.09,0.2,0,0,5.14,0.03,0.28,5.16,1.85,3.53,5.37,3.14
10.5,79,Pudukkottai taluk,Tamil Nadu,0.06,0.33,0,0,3.1,0.19,0.18,2.4,0.98,3.27,3.53,2.52
10.5,79.25,Pattukkottai,Tamil Nadu,0.31,0.96,0,0.01,3.61,0.03,0.38,4.29,0.84,8.97,11.04,6.64
10.5,79.5,Mannargudi,Tamil Nadu,0.84,0.7,0,0.01,3.84,0.03,1.46,2.81,1.2,10.97,12.86,5.69
10.5,79.75,Vedaranyam,Tamil Nadu,1.55,0.52,0,0,3.5,0.47,1.39,2.6,1.11,14.16,13.78,9.14
10.75,77,Pollachi,Tamil Nadu,0,0,0,0.04,3.96,0.74,3.57,5.12,2.39,7.36,1.19,1.14
10.75,77.25,Madathukulam,Tamil Nadu,0,0,0.12,0.05,6.36,0.03,0.25,4.06,3.07,7.7,1.3,0.93
10.75,77.5,Dharapuram,Tamil Nadu,0,0,0.12,0.05,4.67,0.02,0.12,5.21,3.9,7.62,1.33,0.7
10.75,77.75,Dharapuram,Tamil Nadu,0,0,0,0.11,5.05,0.06,0,0.79,0.93,10.31,2.17,0.45
10.75,78,Vedasandur,Tamil Nadu,0.03,0,0,0,2.98,1.18,0.29,3.23,2,7.69,1.11,0.89
10.75,78.25,Kadavur,Tamil Nadu,0,0.02,0,0,3.65,1.3,0.41,1.89,1.44,3.94,2.34,1.69
10.75,78.5,Kulithalai,Tamil Nadu,0,0.28,0.02,0.17,4.41,0.96,0.77,2.6,1.73,5.11,2.74,1.44
10.75,78.75,Thiruverumbur,Tamil Nadu,0,0.43,0,0,3.84,0.16,1.16,4.2,1.7,5.93,3.97,3.13
10.75,79,Thanjavur,Tamil Nadu,0.06,0.39,0,0,3.42,0.25,2.66,5.19,1.73,5.89,3.91,4.31
10.75,79.25,Papanasam,Tamil Nadu,0,0.13,0,0,4.65,0,3.07,2.28,0.14,10.27,6.27,5.41
10.75,79.5,Kudavasal,Tamil Nadu,0.17,0.19,0,0,5.48,0.1,4.67,4.51,1.13,11.86,9.87,5.72
10.75,79.75,Kilvelur,Tamil Nadu,0.21,0.13,0,0,3.96,1.23,2.99,2.32,0.98,12.22,12.15,4.54
11,76.75,Coimbatore South,Tamil Nadu,0,0.06,0.31,0.09,2.25,0.32,2.49,1.44,2.98,7.72,0.2,0.98
11,77,Coimbatore North,Tamil Nadu,0,0,0,0,2.57,0.44,0.62,1.34,3.94,7.29,0.5,0.39
11,77.25,Palladam,Tamil Nadu,0,0,0.08,0.03,4.5,0.37,0.1,2.15,5.46,9.79,1.02,1.22
11,77.5,Kangeyam,Tamil Nadu,0,0.01,0.71,0.29,6.11,0.03,0.79,3.47,3.85,10.3,3.02,0.88
11,77.75,Kangeyam,Tamil Nadu,0,0.02,0,0.05,3.67,0.36,0.08,2.34,5.01,7.82,2.06,0.42
11,78,Aravakurichi,Tamil Nadu,0,0,0,0,2.91,0.56,0.12,3.07,2.81,6.51,1.32,0.6
11,78.25,Thottiyam,Tamil Nadu,0,0,0,0,3.46,0.55,0.16,0.77,2.54,3.07,2.31,0.77
11,78.5,Musiri,Tamil Nadu,0,0.22,0,0,5.61,0.13,0.28,3.27,1.47,7,3.05,1.18
11,78.75,Manachanallur,Tamil Nadu,0,0.2,0,0,3.04,0.04,2.03,2.98,1.48,5.58,3.19,2.23
11,79,Ariyalur,Tamil Nadu,0.05,0.17,0,0,4.57,0.44,3.18,4.74,0.85,6.27,3.52,3.51
11,79.25,Ariyalur,Tamil Nadu,0.08,0.13,0,0,6.6,0.26,6.36,5.64,0.68,9.63,6.24,5.65
11,79.5,Thiruvidaimarudur,Tamil Nadu,0.01,0.11,0,0,4.73,0.8,1.86,2.53,1.42,12.35,10,4.24
11.25,76.5,Kundah,Tamil Nadu,0,1.82,1.21,1.66,9.63,2.26,5.72,7.78,7.42,13.39,5.61,3.99
11.25,76.75,Mettupalayam,Tamil Nadu,0,1.05,2.59,0.32,3.16,0.25,0.84,2.58,6.41,11.06,2.03,2.58
11.25,77,Mettupalayam,Tamil Nadu,0,0.05,0.16,1.65,3.26,0.51,3.87,2.22,5.05,7.11,0.41,1.28
11.25,77.25,Avanashi,Tamil Nadu,0,0,0,0,3.27,0.53,0.37,2.69,4.73,11.91,0.94,1.7
11.25,77.5,Perundurai,Tamil Nadu,0,0,0.01,0.01,2.06,0.81,1.56,1.6,2.77,11.8,1.53,1.06
11.25,77.75,Modakkurichi,Tamil Nadu,0,0,0,0.43,2.54,0.4,0.32,1.32,2.44,7.89,2.12,0.66
11.25,78,Paramathi-Velur,Tamil Nadu,0,0,0,1.19,3.69,1.65,3.62,2.85,2.76,4.86,0.99,0.03
11.25,78.25,Sendamangalam,Tamil Nadu,0,0.04,0,0.21,3.16,1.43,0.8,1.93,3.09,4.74,1.04,0.69
11.25,78.5,Thuraiyur,Tamil Nadu,0,0.05,0,0.15,3.62,0.94,0.91,3.21,2.16,6.01,2.62,1.16
11.25,78.75,Perambalur,Tamil Nadu,0,0,0,0,6.94,1,2.3,5.71,1.44,8.33,2.07,1.83
11.25,79,Kunnam,Tamil Nadu,0,0.14,0,0,2.61,0.27,0.84,1.84,0.67,6.23,2.5,2.68
11.25,79.25,Sendurai,Tamil Nadu,0,0.08,0,0,5.89,0.61,1.88,3.57,1.41,8.58,7.02,4.51
11.25,79.5,Kattumannarkoil,Tamil Nadu,0.01,0.5,0,0,6.5,1.96,1.33,4.8,1.41,18.35,12.12,5.39
11.25,79.75,Sirkali,Tamil Nadu,0.05,0.35,0,0,5.41,1.62,1.12,3.97,1.54,13.6,9.83,5.8
11.5,76.5,Gudalur,Tamil Nadu,0.05,0.17,0.2,1.05,6.83,3.04,11.82,9.57,7.09,7.87,3.03,1.49
11.5,76.75,Udhagamandalam,Tamil Nadu,0,2,1.91,0.68,10.76,2.32,1.54,5.1,8.57,12.92,7.63,4.16
11.5,77,Sathyamangalam,Tamil Nadu,0,0.04,0.14,0.17,2.32,0.69,0.63,4.85,6.93,14.22,2.16,0.57
11.5,77.25,Sathyamangalam,Tamil Nadu,0,0,0,0,2.59,1.7,0.99,3.69,7.05,8.97,1.53,0.35
11.5,77.5,Gobichettipalayam,Tamil Nadu,0,0,0.11,0.03,1.9,0.75,0.99,3.8,3.34,12.03,1.55,0.69
11.5,77.75,Sankari,Tamil Nadu,0,0,0.02,0.43,1.76,0.45,0.44,1.72,1.98,9.69,1.49,1
11.5,78,Tiruchengode,Tamil Nadu,0,0,0,1.2,4.48,1.99,0.67,4.3,3.82,6.01,1.32,0
11.5,78.25,Rasipuram,Tamil Nadu,0,0.05,0,0.01,5.2,1.49,0.4,5.11,3.82,8.09,2.13,0.71
11.5,78.5,Attur,Tamil Nadu,0,0.02,0,0.03,5.7,2.28,0.42,4.23,3.57,8.28,2.26,0.81
11.5,78.75,Gangavalli,Tamil Nadu,0,0,0,0,5.79,2.63,1.48,7.4,2.59,6.2,2.52,3.41
11.5,79,Veppur,Tamil Nadu,0,0.35,0,0,5.26,2.07,0.55,6.57,3.76,4.47,4.71,3.3
11.5,79.25,Virudhachalam,Tamil Nadu,0.01,0.43,0,0,5.61,1.45,0.4,3.98,3.26,5.75,6.89,4.09
11.5,79.5,Bhuvanagiri,Tamil Nadu,0.16,0.66,0,0,7.34,1.78,1.4,5.51,2.27,14.87,10.22,7.13
11.5,79.75,Bhuvanagiri,Tamil Nadu,0.13,0.67,0,0,6.26,1.95,1.32,6.17,3.12,16.23,10.12,7.31
11.75,77,Thalavadi,Tamil Nadu,0,0,0.2,0.59,2.94,0.9,1.07,4.16,4.52,8.73,0.86,0.37
11.75,77.25,Thalavadi,Tamil Nadu,0,0,0.61,0.62,2.81,1.84,0.95,4.1,5.54,7.99,1.28,0.88
11.75,77.5,Anthiyur,Tamil Nadu,0,0,1.34,0.16,3.16,0.66,0.42,2.48,5.11,6.97,0.93,1.78
11.75,77.75,Mettur,Tamil Nadu,0,0.01,1.19,0.19,3.6,1.07,0.5,2.46,6.06,5.96,0.83,1.6
11.75,78,Omalur,Tamil Nadu,0,0.14,0.02,0.45,4.22,3.98,2.72,4.93,6.25,6.74,2.13,1.35
11.75,78.25,Yercaud,Tamil Nadu,0,0.07,0,0.18,6.52,2.42,0.64,3.21,2.95,8.53,2.22,0.79
11.75,78.5,Attur,Tamil Nadu,0,0.03,0,0.03,5.65,2.87,0.49,4.65,4.13,9.55,2.58,1.22
11.75,78.75,Sankarapuram,Tamil Nadu,0,0,0,0.01,6.07,4.31,0.9,3.91,5.18,9.58,2.85,2.69
11.75,79,Kallakkurichi,Tamil Nadu,0,0.27,0,0,4.23,2.8,0.35,7.89,3.74,5.68,4.41,2.54
11.75,79.25,Ulundurpettai,Tamil Nadu,0,0.18,0,0,2.52,1.99,0.36,4.83,3.35,4.57,5.25,1.84
11.75,79.5,Panruti,Tamil Nadu,0,0.54,0,0,3.97,2.02,0.5,5.6,4.5,14.01,7.68,3.51
11.75,79.75,Cuddalore,Tamil Nadu,0.05,0.75,0,0,4.86,2.83,1.26,5.15,4.88,14.25,8.22,4.48
12,77.75,Pennagaram,Tamil Nadu,0,0.03,0.28,0.2,3.19,1.86,0.21,2.44,4.15,8.89,1.06,0.65
12,78,Nallampalli,Tamil Nadu,0,0.19,0.03,0.14,5.15,2.73,0.43,2.24,3.39,10.3,1.36,0.49
12,78.25,Dharmapuri,Tamil Nadu,0,0.64,0,0.04,3.97,2.2,0.5,4.43,1.35,6.15,2.33,1.17
12,78.5,Harur,Tamil Nadu,0,0.56,0,0.03,2.94,2.37,0.64,4.69,1.94,6.84,2.14,2.27
12,78.75,Sankarapuram,Tamil Nadu,0,0.16,0,0.11,3.24,2.34,0.95,3.77,3.67,10.2,2,2.52
12,79,Sankarapuram,Tamil Nadu,0,0.09,0,0,2.58,4.91,0.25,5.07,3.15,7.26,2.45,4.39
12,79.25,Kandachipuram,Tamil Nadu,0,0.27,0,0,2.7,3.72,1.29,5.81,5.03,6.16,6.5,2.24
12,79.5,Vikravandi,Tamil Nadu,0,0.42,0,0,3.81,1.26,1.59,2.39,3.95,6.9,6.24,2.2
12.25,77.5,Anchetty,Tamil Nadu,0,0.02,0.13,0.54,3.66,1.84,0.19,1.8,3.46,6.02,0.71,0.39
12.25,77.75,Anchetty,Tamil Nadu,0,0.09,0,0.51,4.9,2.23,0.48,2.99,2.65,8.55,1.4,0.43
12.25,78,Pennagaram,Tamil Nadu,0,0.13,0.01,0.2,5.66,3.74,0.2,2.61,2.02,9.05,1.43,0.29
12.25,78.25,Karimangalam,Tamil Nadu,0,0.29,0.01,0.17,6.89,1.95,1.05,3.04,2.47,7.31,1.66,1.61
12.25,78.5,Uthangarai,Tamil Nadu,0,0.23,0.01,0.07,5.2,2.12,1.11,3.34,4.39,7.89,2.03,2.55
12.25,78.75,Chengam,Tamil Nadu,0,0.38,0,0,2.68,2.04,1.59,4.89,4.95,5.36,2.24,2.93
12.25,79,Chengam,Tamil Nadu,0,0.53,0,0,3.42,2.38,2.98,6.45,5.58,2.81,2.29,2.16
12.25,79.25,Gingee,Tamil Nadu,0,0.64,0,0,1.63,2.6,3.99,7.87,4,4.54,3.65,2.61
12.25,79.5,Gingee,Tamil Nadu,0,1.23,0,0,3.56,1.85,1.96,5.46,6.54,5.02,4.17,1.64
12.25,79.75,Tindivanam,Tamil Nadu,0,0.72,0,0,2.7,1.31,2.51,6.08,3.35,7.44,4.21,1.42
12.5,77.75,Denkanikottai,Tamil Nadu,0,0.06,0.2,0.29,5.99,1.98,0.95,2.49,2.37,8.52,0.99,0.45
12.5,78,Palakkodu,Tamil Nadu,0,0.02,0.06,0.07,7.93,3.77,2.66,1.93,3.46,5.43,1.64,1.84
12.5,78.25,Krishnagiri,Tamil Nadu,0,0.17,0.23,0.06,5.8,2.29,2.39,1.77,3.19,4.64,1.17,0.79
12.5,78.5,Tirupathur,Tamil Nadu,0,0.56,0.85,0.11,4.17,2.73,2.82,3.55,3.78,4.43,1.74,0.75
12.5,78.75,Vaniyambadi,Tamil Nadu,0,0.54,0.53,0.09,3.92,2.44,2.54,5.14,5.61,4.38,2.3,1.44
12.5,79,Kalasapakkam,Tamil Nadu,0,0.33,0,0,4.76,2.37,3.22,5.81,7.1,2.89,2.44,2.1
12.5,79.25,Chetpet,Tamil Nadu,0,0.38,0,0,2.86,2.59,2.73,4.83,4.98,2.81,2.31,1.2
12.5,79.5,Vandavasi,Tamil Nadu,0,0.23,0,0,2.04,3.29,1.88,5.83,5.3,1.24,2.54,1.37
12.5,79.75,Unknown,Tamil Nadu,0,0,0,0,1.53,3.37,1.32,3.88,3.63,2.71,3.87,0.98
12.5,80,Cheyyur,Tamil Nadu,0,0,0,0,1.6,1.94,1.85,2.15,4.45,7.04,4.84,3.96
12.75,78,Shoolagiri,Tamil Nadu,0,0,0.33,0.16,5.68,3.75,2.11,1.49,2.55,3.88,0.97,0.77
12.75,78.75,Ambur,Tamil Nadu,0,0,0,0,4.15,3.95,2.22,3.06,3.57,3.62,1.79,0.52
12.75,79,Vellore,Tamil Nadu,0.01,0.27,0,0,4.45,3.07,2.98,3.52,6.54,4.32,2.51,1.26
12.75,79.25,Arani,Tamil Nadu,0,0.21,0,0,2.41,2.6,2.6,3.92,5.96,2.39,1.72,0.55
12.75,79.5,Vembakkam,Tamil Nadu,0,0.13,0,0,2.09,6.8,3.43,4.74,4.42,1.73,2.5,0.65
12.75,79.75,Kanchipuram,Tamil Nadu,0,0,0,0,0.39,1.73,1.03,3.51,4.19,2.61,4.85,1.84
12.75,80,Chengalpattu,Tamil Nadu,0,0.78,0,0,1.4,3.59,2.09,2.7,3.89,7.97,4.84,7.35
13,78.75,Gudiyatham,Tamil Nadu,0,0,0,0.01,4.34,4.99,1.93,2.5,3.6,3.43,1.97,0.63
13,79,Katpadi,Tamil Nadu,0.03,0.01,0,0,3.61,3.16,1.77,2.79,7.12,4.4,1.62,1.05
13,79.25,Katpadi,Tamil Nadu,0,0,0,0,1.58,3.44,2.15,3.83,6.96,1.33,1.17,0.89
13,79.5,Arakonam,Tamil Nadu,0,0.03,0,0,1.93,3.72,3.93,4.11,4.05,2.83,2.64,1.72
13,79.75,Kanchipuram,Tamil Nadu,0,0,0,0,0.64,4.81,1.41,4.52,5.94,3.86,3.15,2.26
13,80,Kanchipuram,Tamil Nadu,0.15,0.2,0,0,0.65,5.83,1.52,6.07,4.96,11.75,5.87,5.05
13.25,79.5,Pallipattu,Tamil Nadu,0.03,0.04,0,0,1.03,2.82,3.54,4.84,5.25,4.8,3.22,3.18
13.25,80,Thiruvallur,Tamil Nadu,0,0.01,0,0,0.26,2.33,2.84,3.47,3.88,8.41,7.53,4.17
13.25,80.25,Ponneri,Tamil Nadu,0,0.12,0,0,0.36,2.59,2.59,4.59,3.83,10.03,7.17,4.6
16,77.75,Aiza mandal,Telangana,0,0,1.38,0.32,1.81,1.77,4.72,4.07,4.03,2.11,0.39,0.14
16,78,Manopad mandal,Telangana,0,0,1.25,0.22,1.54,2,4.02,4.22,4.33,2.06,0.26,0.03
16,78.25,Chinnambavi mandal,Telangana,0,0,0.82,0.25,1.66,3.7,4.18,5.62,5.13,2.07,0.77,0.05
16.25,77.5,Kaloor_Thimmandoddi mandal,Telangana,0,0.03,1.05,0.6,3.37,1.58,4.67,3.98,3.95,1.54,1.25,0.31
16.25,77.75,Gadwal mandal,Telangana,0,0,1.1,0.13,4.41,2.33,4.48,2.48,4.57,0.74,1.21,0.72
16.25,78,Pebbair mandal,Telangana,0,0,0.79,0.39,3.87,2.8,4.19,4.82,4.33,1.96,1.18,0.54
16.25,78.25,Kodair mandal,Telangana,0,0,0.46,0.41,2.82,3.83,3.89,5.32,6.02,1.79,0.78,0.13
16.25,78.5,Lingal mandal,Telangana,0,0,0.56,0.14,3.54,2.47,3.15,4.97,5.7,1.46,0.69,0.19
16.25,78.75,Amrabad mandal,Telangana,0,0,0.16,0.05,2.67,1.65,3.23,3.83,5.24,1.91,0.96,0.15
16.25,79,Amrabad mandal,Telangana,0,0,0.01,0.13,1.51,0.73,3.37,4.38,5.31,3.93,1.24,0.19
16.5,77.5,Unknown,Telangana,0,0.03,1.02,0.92,2.52,1.63,4.93,6.8,2.76,2.62,1.41,0.12
16.5,77.75,CC Kunta mandal,Telangana,0,0,0.89,0.75,4.05,2.61,5.15,4.25,3.93,1,1.32,0.54
16.5,78,Ghanpur mandal,Telangana,0,0,0.57,0.89,3.7,2.99,4.11,4.93,3.89,1.91,1.2,0.4
16.5,78.25,Bijinapalle mandal,Telangana,0,0,0.35,0.74,3.24,2.87,3.31,4.63,4.68,1.99,0.99,0.23
16.5,78.5,Uppunuthala mandal,Telangana,0,0,0.36,0.05,3.78,2.63,2.63,3.9,5.74,1.4,0.64,0.2
16.5,78.75,Uppunuthala mandal,Telangana,0,0,0.17,0,2.83,3.02,2.15,2.86,4.58,1.78,0.78,0.06
16.5,79,Chandampet mandal,Telangana,0,0,0.02,0,2.84,0.94,2.26,4.31,4.72,6.27,1,0
16.75,77.5,Narayanpet mandal,Telangana,0,0.01,0.96,1.14,2.33,1.86,5.08,7.03,2.99,1.99,0.85,0.31
16.75,77.75,Koilkonda mandal,Telangana,0,0,0.55,1.6,3.43,4.21,7.27,8.41,2.97,0.49,1.02,0.26
16.75,78,Mahabubnagar_Urban mandal,Telangana,0,0,0.34,1.35,3.1,4.09,6.03,7.11,3.12,1.03,1.12,0.32
16.75,78.25,Midjil mandal,Telangana,0,0,0.42,0.2,3.28,4.04,4.41,5.55,4.23,1.39,0.93,0.2
16.75,78.5,Veldanda mandal,Telangana,0,0,0.37,0.02,3.11,3.65,3.05,4.23,5.08,1.36,0.72,0.07
16.75,78.75,Charakonda mandal,Telangana,0,0,0.01,0,2.12,3.25,1.81,2.41,4.26,1.38,0.87,0
16.75,79,Kondamallapally mandal,Telangana,0,0,0.1,0,2.36,1.28,2.98,3.32,4.43,3.77,0.74,0
16.75,79.25,Peddavoora mandal,Telangana,0,0,0.04,0.01,2.76,0.32,3.37,3.39,5.3,5.19,0.73,0
16.75,79.5,Tripuraram mandal,Telangana,0,0,0.02,0.03,2.4,0.53,3.88,2.76,5.3,4.05,0.57,0
16.75,79.75,Palakeedu mandal,Telangana,0,0,0,0,2.57,0.76,4.3,2.86,4.78,3.25,0.51,0
16.75,80,Chinthala palem mandal,Telangana,0,0,0,0,2.45,1.26,5.35,3.52,6.26,3.76,0.73,0
17,77.5,Doulthabad mandal,Telangana,0,0,1.61,1,1.95,1.68,3.78,9.69,5.67,0.97,0.54,0.06
17,77.75,Kosgi mandal,Telangana,0,0,1.42,0.9,3.38,1.59,4.46,10.25,3.39,0.97,1.16,0.1
17,78,Chowdergudem mandal,Telangana,0,0,0.12,0.27,2.71,1.08,3.49,7.97,2.14,0.92,1.28,0.08
17,78.25,Keshampeta mandal,Telangana,0,0,0.52,0.28,2.8,1.24,5.79,8.33,4.09,1.04,0.85,0.03
17,78.5,Kadthal mandal,Telangana,0,0,0.91,0.18,2.46,2.13,5.86,7.66,5.47,1.23,0.49,0
17,78.75,Yacharam mandal,Telangana,0,0,0.41,0.09,2.03,1.83,3.49,4.07,4.51,1.57,0.55,0
17,79,Chandur mandal,Telangana,0,0,0.28,0,2,0.6,4.63,3.26,5.18,2.59,0.52,0
17,79.25,Kanagal mandal,Telangana,0,0,0.13,0.09,2.41,0.61,3.97,3.09,5.17,3.2,0.55,0
17,79.5,Madugulapally mandal,Telangana,0,0,0.02,0.21,2.55,0.73,3.23,3.4,5.21,3.53,0.6,0
17,79.75,Penpahad mandal,Telangana,0,0,0,0.09,2.49,0.49,2.39,3.45,4.25,3.48,0.49,0
17,80,Kodad mandal,Telangana,0,0,0,0.01,1.96,1.32,3.39,3.8,4.35,3.36,0.64,0
17.25,77.5,Basheerabad mandal,Telangana,0,0,2,0.46,2.78,1.89,4.29,12.84,7.59,1.29,0.84,0
17.25,77.75,Dharoor mandal,Telangana,0,0,1.19,1.66,3,2.5,3.15,11.67,2.48,2.13,1.4,0.05
17.25,78,Pudur mandal,Telangana,0,0,0.48,0.48,3.17,0.74,2.55,8.28,1.98,1.1,1.37,0.03
17.25,78.25,Moinabad mandal,Telangana,0,0.01,1.58,0.24,2.14,1.69,5.79,6.79,4.32,0.92,1.12,0.01
17.25,78.5,Balapur mandal,Telangana,0,0,1.28,0.52,2.39,1.44,7.55,10.22,6.46,1.29,0.25,0
17.25,78.75,Ibrahimpatnam mandal,Telangana,0,0,0.78,0.39,2.27,1.26,3.96,3.9,3.69,1.14,0.31,0
17.25,79,Chityal mandal,Telangana,0,0,0.71,0.08,1.96,1.28,2.86,2.52,2.85,1.07,0.26,0
17.25,79.25,Narketpally mandal,Telangana,0,0,0.23,0.18,2.31,1.02,3.24,3.39,4.75,2.72,0.51,0
17.25,79.5,Nakrekal mandal,Telangana,0,0,0.01,0.26,2.81,0.89,3,4.12,5.27,3.38,0.57,0
17.25,79.75,Atmakur (S) mandal,Telangana,0,0,0.03,0.08,3.06,1.04,3.08,4.92,4.45,2.96,0.26,0
17.25,80,Kusumanchi mandal,Telangana,0,0,0.01,0,2.7,1.48,4.55,5.1,3.37,2.2,0.27,0
17.25,80.25,Konijerla mandal,Telangana,0,0,0.02,0,1.96,1.83,7.8,4.85,5.75,4.44,0.53,0
17.25,80.5,Thallada mandal,Telangana,0,0,0.16,0.07,2.06,1.68,9.52,4.83,7.06,5.47,1,0
17.25,80.75,Penuballi mandal,Telangana,0.25,0.01,0.3,0.16,3.37,0.84,10.29,5.1,5.72,3.73,0.9,0
17.25,81,Dammapeta mandal,Telangana,0.51,0.01,0,0.01,4.1,0.29,10.27,4.99,4.65,2.06,0.35,0
17.5,77.75,Marpalle mandal,Telangana,0,0,2.56,1.19,2.98,2.33,4.76,9.95,2.57,1.64,1.3,0.03
17.5,78,Kondapur mandal,Telangana,0,0,3.48,0.61,2.62,1.92,6.1,7.89,2.92,1.04,1.24,0.01
17.5,78.25,Patancheruvu mandal,Telangana,0,0.02,1.69,0.37,1.43,2.06,4.97,5.11,2.98,0.77,1.38,0.01
17.5,78.5,Alwal mandal,Telangana,0,0.01,1.29,0.73,2.24,1.75,4.19,5.29,3.41,0.75,1.1,0.01
17.5,78.75,Bibinagar mandal,Telangana,0,0,0.36,1.32,3.01,1.33,3.66,4.05,2.7,1.14,0.29,0
17.5,79,Bhongiri mandal,Telangana,0,0,0.67,0.81,1.91,1.5,3.36,3.41,2.34,1.4,0.32,0
17.5,79.25,Gundala mandal,Telangana,0,0,0.63,0.31,1.95,1.41,3.17,3.68,3.34,1.92,0.42,0
17.5,79.5,Kodakandla mandal,Telangana,0,0,0.02,0.11,3.71,1.37,3.77,7.11,4.79,1.98,0.34,0
17.5,79.75,Danthalapalle mandal,Telangana,0,0,0.11,0,5.14,1.19,5.22,9.59,4.32,1.05,0.12,0
17.5,80,Kuravi mandal,Telangana,0,0,0.24,0,3.8,1.41,6.34,6.68,3.22,1.39,0.14,0
17.5,80.25,Singareni mandal,Telangana,0,0,0.26,0.02,3.3,1.46,7.06,5.87,3.65,2.14,0.29,0
17.5,80.5,Julurupad mandal,Telangana,0,0,0.54,0.29,2.88,1,10.36,5.3,6.13,2.74,0.74,0
17.5,80.75,Mulakalapally mandal,Telangana,0.06,0,0.62,0.37,3.29,0.79,11.37,5.65,6.1,2.89,0.62,0
17.5,81,Dammapeta mandal,Telangana,0.24,0,0.23,0.23,3.67,0.84,11.46,6.2,7.18,3.42,0.34,0
17.75,77.75,Jharasangam mandal,Telangana,0,0.14,4.18,0.29,2.57,1.71,6.52,7.12,2.65,0.51,0.95,0
17.75,78,Pulkal mandal,Telangana,0,0,4.16,0.24,2.64,1.31,6.47,7.57,3.27,0.7,0.89,0.01
17.75,78.25,Unknown,Telangana,0,0.01,1.22,0.28,0.79,1.09,3.28,6.54,3.09,0.5,0.78,0
17.75,78.5,Manoharabad mandal,Telangana,0,0.01,1.23,0.6,1.44,1.33,3.63,6.01,3.14,0.62,0.9,0.01
17.75,78.75,Markook mandal,Telangana,0,0.01,0.66,1.05,1.86,1.48,3.33,4.38,2.16,1.19,0.36,0
17.75,79,Bachannapet mandal,Telangana,0,0,0.79,0.95,1.48,1.58,3.56,3.75,1.91,1.43,0.33,0
17.75,79.25,Ragunathpally mandal,Telangana,0,0,0.99,0.39,1.81,2.11,4.07,5.05,2.66,1.21,0.35,0
17.75,79.5,Wardhannapet mandal,Telangana,0,0,0.74,0,3.5,1.98,5.82,7.63,4.02,0.94,0.28,0
17.75,79.75,Parvathagiri mandal,Telangana,0,0,0.26,0.02,4.68,1.41,5.23,8.85,4.14,0.84,0.13,0
17.75,80,Gudur mandal,Telangana,0,0,0.39,0.03,3.98,1.32,6.17,6.9,3.23,1.25,0.15,0
17.75,80.25,Gangaram mandal,Telangana,0,0,0.33,0.08,3.43,1.21,7.44,5.78,3.88,1.89,0.23,0
17.75,80.5,Tekulapalle mandal,Telangana,0,0,0.49,0.3,2.91,0.63,9.49,5.22,5.92,2.68,0.48,0
17.75,80.75,Aswapuram mandal,Telangana,0,0,0.46,0.34,2.82,0.72,9.86,4.98,6.59,2.93,0.45,0
17.75,81,Dummugudem mandal,Telangana,0.01,0,0.12,0.3,3.54,1.04,11.76,6.92,8.66,3.75,0.24,0
18,77.75,Unknown,Telangana,0,0.16,2.71,0.39,1.55,1.74,4.39,5.36,1.47,0.21,0.58,0
18,78,Tekmal mandal,Telangana,0,0.02,3.54,0.35,2.06,1.63,4.61,7.09,3.27,1.02,0.41,0.07
18,78.25,Medak mandal,Telangana,0,0,3.44,0.22,1.54,2.1,4.63,6.64,2.61,1.26,0.65,0.05
18,78.5,Chegunta mandal,Telangana,0,0,2.54,0.14,1.03,1.29,3.68,6.85,1.28,0.47,0.67,0
18,78.75,Thoguta mandal,Telangana,0,0.01,1.69,0.47,1.29,1.33,3.61,5.45,1.36,0.67,0.44,0
18,79,Maddur mandal,Telangana,0,0,1.04,0.4,1.81,2.32,4.05,4.98,2.64,1.1,0.32,0
18,79.25,Velair mandal,Telangana,0,0,1.49,0.02,2.2,2.77,5.72,6.31,3.67,1.11,0.45,0
18,79.5,Khaazipet mandal,Telangana,0,0,1.56,0.03,2.44,2.46,6.56,6.18,3.84,1.11,0.46,0
18,79.75,Geesugonda mandal,Telangana,0,0,1.11,0.14,2.86,1.76,5,6.03,3.53,0.45,0.24,0
18,80,Kothaguda mandal,Telangana,0,0,1.79,0.25,2.67,1.38,5.14,5.78,4.35,0.9,0.35,0
18,80.25,Gangaram mandal,Telangana,0,0,0.79,0.1,2.64,1.16,7.92,5.89,6.7,2.22,0.25,0
18,80.5,Allapalli mandal,Telangana,0,0,0.85,0.23,2.71,0.76,10.16,6.01,8.4,2.74,0.35,0
18,80.75,Manuguru mandal,Telangana,0,0,0.83,0.22,2.6,0.63,9.78,6.01,9.16,2.98,0.26,0
18.25,77.75,Pedda Kodapgal mandal,Telangana,0,0.47,2.23,0.54,0.94,2.75,4.31,5.44,1.24,0.24,0.27,0.06
18.25,78,Yellareddy mandal,Telangana,0,0.09,3.62,0.43,1.27,2.28,4.63,6.38,2.41,1.25,0.47,0.2
18.25,78.25,Tadwai mandal,Telangana,0,0,3.62,0.35,0.81,2.46,4.41,6.26,1.88,1.26,0.45,0.27
18.25,78.5,Domakonda mandal,Telangana,0,0,2.17,0.12,1.05,0.83,3.08,7.19,0.72,0.17,0.64,0.01
18.25,78.75,Mustabad mandal,Telangana,0,0.02,2.42,0.46,1.1,1.71,4.65,5.74,1.58,0.27,0.36,0.01
18.25,79,Bejjanki mandal,Telangana,0,0.02,1.45,0.7,1.94,2.91,4.71,4.87,2.64,0.4,0.15,0.04
18.25,79.25,Chigurumamidi mandal,Telangana,0,0,0.39,0.01,2.26,3.55,4.76,6.63,3.91,0.29,0.08,0
18.25,79.5,Ellandakunta mandal,Telangana,0,0,0.72,0.04,3.14,3,12.98,5.53,5.62,0.7,0.19,0
18.25,79.75,Regonda mandal,Telangana,0,0,3.88,0.6,2.41,0.8,2.22,4.14,1.86,0.28,0.59,0
18.25,80,Venkatapur mandal,Telangana,0,0,1.61,0.15,2.53,1.45,7.21,6.54,6.92,1.24,0.39,0
18.25,80.25,Tadvai mandal,Telangana,0,0,1.1,0.07,2.41,1.51,9.66,7.47,9.87,2.06,0.3,0
18.25,80.5,Unknown,Telangana,0,0,2.04,0.03,2.19,0.78,10.67,8.31,12.81,2.09,0.16,0
18.25,80.75,Venkatapuram mandal,Telangana,0,0,2.73,0.09,2.16,0.58,10.98,8.67,14.63,2.16,0.15,0
18.5,77.75,Madnur mandal,Telangana,0,0.55,2.54,0.46,1.03,2.83,4.08,5.49,1.35,0.22,0.24,0.09
18.5,78,Varni mandal,Telangana,0,0.3,3.27,0.44,1.59,2.74,5.2,6.04,4.2,0.6,0.6,0.14
18.5,78.25,Indalwai mandal,Telangana,0,0.09,3.48,0.54,0.92,2.61,4.54,6.67,2.18,1.06,0.35,0.27
18.5,78.5,Sirikonda mandal,Telangana,0,0.03,3.08,0.27,0.92,1.71,5.12,6.96,1.75,0.28,0.37,0.01
18.5,78.75,Konaraopet mandal,Telangana,0,0.03,2.53,0.48,1.39,2.73,5.23,5.21,2.33,0.34,0.2,0.02
18.5,79,Gangadhara mandal,Telangana,0,0.04,1.52,1.08,2.13,2.9,4.71,4.02,2.69,0.43,0.12,0.06
18.5,79.25,Sultanabad mandal,Telangana,0,0.01,1.37,0.39,1.96,2.56,6.64,5.2,7.2,0.34,0.05,0.02
18.5,79.5,Srirampur mandal,Telangana,0,0,1.02,0.1,2.19,2.19,9.77,4.99,8.69,0.46,0.04,0.03
18.5,79.75,Malharrao mandal,Telangana,0,0,2.89,0.34,1.65,1.27,5.3,5.08,6.37,0.43,0.3,0.04
18.5,80,Mutharam_Mahadevpur mandal,Telangana,0,0,1.99,0.14,1.92,1.31,11.33,8.56,10.31,1.49,0.34,0
18.5,80.25,Kannaigudem mandal,Telangana,0,0,1.22,0.02,2.2,1.41,11.09,8.36,10.23,1.42,0.23,0
18.5,80.5,Wazeed mandal,Telangana,0,0,2.18,0.02,2.06,0.84,11.19,8.62,13.25,2.01,0.25,0
18.75,78,Renjal mandal,Telangana,0,0.33,2.95,0.31,1.56,2.4,4.96,6.41,4.3,0.63,0.47,0.06
18.75,78.25,Armoor mandal,Telangana,0,0.13,3.31,0.3,1.54,2.57,4.8,8.75,2.65,0.56,0.28,0.08
18.75,78.5,Kammarpally mandal,Telangana,0,0.15,3.7,0.15,1.93,3.29,6.15,9.65,3.8,0.51,0.19,0.04
18.75,78.75,Kathlapur mandal,Telangana,0,0.24,2.12,0.04,2.35,5.21,4.91,6.05,4.31,0.33,0,0
18.75,79,Mallial mandal,Telangana,0,0.07,2.54,0.79,1.45,3.55,6.61,6.03,7.31,0.27,0.02,0.01
18.75,79.25,Dharmaram mandal,Telangana,0,0.03,2.41,0.69,1.84,2.69,6.33,4.87,7.69,0.37,0.08,0.04
18.75,79.5,Ramagundam mandal,Telangana,0,0.01,1.44,0.11,1.48,1.89,8.19,4.41,9.45,0.41,0.01,0.09
18.75,79.75,Chennur mandal,Telangana,0,0,2.12,0.01,0.16,1.99,8.08,6.83,9.52,0.76,0,0.06
18.75,80,Mahadevpur mandal,Telangana,0,0,2.18,0.01,0.59,1.42,13.01,9.33,12,1.36,0.21,0.05
19,78,Mudhole mandal,Telangana,0,0.11,2.29,0.39,1.24,1.59,4.86,6.06,5.14,0.77,0.24,0.02
19,78.25,Nandipet mandal,Telangana,0,0.08,2.57,0.41,1.49,2.08,5.83,6.29,5.92,0.66,0.14,0
19,78.5,Laxmanchanda mandal,Telangana,0,0.33,2.7,0.08,2.21,3.7,7.77,4.65,4.1,1.22,0.31,0
19,78.75,Mallapur mandal,Telangana,0,0.2,2.62,0.34,1.98,4.23,6.57,6.21,5.43,0.54,0.09,0
19,79,Beerpur mandal,Telangana,0,0.05,2.58,0.88,1.3,3.42,6.77,6.07,7.62,0.26,0.01,0.01
19,79.25,Kasipet mandal,Telangana,0,0.07,2.34,0.72,1.14,2.7,5.57,4.77,7.5,0.35,0.03,0.04
19,79.5,Mandamarri mandal,Telangana,0,0.03,1.98,0.11,0.71,1.94,7.27,3.86,8.83,0.55,0.01,0.19
19,79.75,Kotapalle mandal,Telangana,0,0.01,2.05,0,0.3,2,8.25,5.62,10.08,0.69,0,0.13
19.25,78,Kubeer mandal,Telangana,0,0.76,2.82,0.37,1.37,1.58,4.4,5.45,7.19,0.78,0.12,0.02
19.25,78.25,Sarangapur mandal,Telangana,0,0.78,2.97,0.41,1.56,1.95,4.59,5.22,7.33,0.88,0.14,0.02
19.25,78.5,Neradigonda mandal,Telangana,0,0.36,3.74,0.06,0.97,5.75,6.44,6.22,6.19,1.59,0.89,0
19.25,78.75,Kaddampeddur mandal,Telangana,0,0.31,3.59,0.27,1.21,5.31,6.02,6.96,5.95,1.36,0.72,0
19.25,79,Lingapur mandal,Telangana,0,0.22,3.4,1.18,1.59,3.26,4.66,9.75,7.02,0.57,0.13,0
19.25,79.25,Tiryani mandal,Telangana,0,0.35,3.83,0.93,1.66,3.16,5.43,9.56,8.57,0.59,0,0
19.25,79.5,Rebbena mandal,Telangana,0,0.38,3.66,0.33,1.15,3.22,7.6,8.78,11.35,0.83,0,0.03
19.25,79.75,Dahegaon mandal,Telangana,0,0.13,1.99,0.02,0.21,2.61,8.57,8.69,12.74,0.93,0,0.02
19.5,78.5,Gudihathnur mandal,Telangana,0,0.35,3.64,0.06,0.82,4.71,5.16,7.67,6.86,1.35,0.77,0
19.5,78.75,Utnur mandal,Telangana,0,0.28,3.64,0.4,1.06,4.77,5.17,8.23,6.56,1.22,0.66,0
19.5,79,Kerameri mandal,Telangana,0,0.28,3.33,0.91,1.45,2.95,4.86,9.49,7.9,0.56,0.06,0
19.5,79.25,Wankidi mandal,Telangana,0,0.44,4.19,0.62,1.57,3.31,6.41,9.31,9.9,0.73,0,0
19.5,79.5,Sirpur_T mandal,Telangana,0,0.55,4.55,0.17,1.37,3.81,8.18,8.85,12.12,0.92,0,0
19.5,79.75,Kouthala mandal,Telangana,0,0.1,1.74,0.01,0.09,2.55,8.66,9.31,13.5,0.93,0,0
19.75,78.5,Unknown,Telangana,0,0.15,2.75,0.02,0.64,2.53,4.1,9.21,7.88,0.64,0.32,0
19.75,78.75,Bela mandal,Telangana,0,0.1,2.66,0.01,0.36,3.12,7.03,7.56,9.26,0.77,0.17,0
28,88,Dinggyê County,Tibet,0,0.2,2.32,4.1,14.96,16.3,17.48,16.83,9.33,0.83,0.07,0.17
28,88.25,Unknown,Tibet,0,0.21,2.37,4.27,15.01,16.3,17.6,16.81,9.29,0.84,0.07,0.17
28,91.5,Unknown,Tibet,0,1.2,1.03,0.56,11.71,13.87,10.7,11.6,12.05,0.34,0.03,0
28,91.75,Unknown,Tibet,0,0.7,0.08,0.51,6.43,13.22,7.81,8.46,9.61,0.25,0.02,0
28,92,Unknown,Tibet,0,0.5,0.05,0.46,5.5,11.58,5.98,7.49,7.35,0.18,0.01,0
28,92.25,Unknown,Tibet,0,0.35,0.03,0.44,4.85,10.28,4.43,6.67,5.45,0.12,0,0
28,92.5,Unknown,Tibet,0.01,0.39,0.11,0.49,5.32,10.47,4.63,7.28,5.22,0.15,0.02,0.01
28.25,88.5,Unknown,Tibet,0,0.24,2.52,4.72,14.89,16.18,17.78,16.67,9.07,0.89,0.09,0.18
28.25,88.75,Unknown,Tibet,0,0.25,2.56,4.89,14.87,16.14,17.83,16.62,9.01,0.9,0.09,0.18
28.25,92.5,Unknown,Tibet,0.02,0.28,0.19,0.57,4.74,8.55,2.87,6.65,3.29,0.06,0.02,0
28.25,92.75,Lhuntse County,Tibet,0.12,0.97,1.74,1.59,9.04,7.47,8.23,15.76,4.51,0.1,0.21,0.01
28.5,93,Lhuntse County,Tibet,0.15,2.15,4.52,2.73,14.55,7.54,28.59,31.92,8.02,0.16,0.51,0
28.5,97,Unknown,Tibet,0,0,0,0,0,0,0,0,0,0,0,0
28.75,93.25,Nang County,Tibet,0,0,0,0,0,0,0,0,0,0,0,0
28.75,93.5,Nang County,Tibet,0.39,3.75,6.58,3.25,12.52,9.63,36.45,29.6,11.77,1.3,0.91,0.39
28.75,93.75,Unknown,Tibet,0.66,5.3,8.11,3.79,10.59,10.48,39.33,25.99,15.16,2.4,1.28,0.78
29,94,Unknown,Tibet,1.21,6.3,8.86,6.73,13.59,12.04,33.21,25.17,17.81,3.17,1.5,1.01
29,94.25,Unknown,Tibet,1.87,6.51,8.81,11.33,19.44,14.64,20.2,25.92,18.39,3.29,1.52,1.03
29,96.5,Unknown,Tibet,0,0,0,0,0,0,0,0,0,0,0,0
29.25,94,Unknown,Tibet,1.54,6.51,9.32,8.87,16.46,13.16,27.71,25.69,18.59,3.33,1.53,1.04
29.25,94.25,Unknown,Tibet,1.76,6.52,8.92,10.53,18.41,14.14,22.61,25.62,18.45,3.3,1.53,1.04
29.25,94.5,Unknown,Tibet,1.85,6.63,8.19,11.11,19.07,14.4,20.12,25.9,18.31,3.28,1.52,1.03
29.25,94.75,Mêdog County,Tibet,1.84,6.86,6.91,10.38,17.16,13.41,17.94,26.59,17.98,3.22,1.5,1.02
29.25,95,Mêdog County,Tibet,1.47,7.28,4.42,5.52,7.31,8.88,14.95,28.13,17.64,3.14,1.47,1
29.25,95.25,Mêdog County,Tibet,1.32,7.5,3.38,3.21,2.72,6.63,13.7,29.97,17.3,3.05,1.43,0.97
29.25,95.5,Mêdog County,Tibet,1.29,7.56,3.18,2.55,1.72,5.88,13.35,32.02,17.05,2.91,1.36,0.9
29.25,96.25,Unknown,Tibet,0,0,0,0,0,0,0,0,0,0,0,0
29.25,96.5,Unknown,Tibet,0,0,0,0,0,0,0,0,0,0,0,0
29.5,94.5,Bayi District,Tibet,1.9,6.87,7.67,11.37,19.43,14.38,19.96,25.92,18.79,3.37,1.55,1.05
29.5,95.5,Mêdog County,Tibet,1.29,7.57,3.17,3.01,1.62,6.63,14.13,25.51,18.86,3.38,1.55,1.05
29.5,95.75,Mêdog County,Tibet,1.29,7.57,3.16,0.97,1.58,0.43,0.03,0,0,0,0,0
29.5,96,Mêdog County,Tibet,1.29,7.57,3.16,0.97,1.58,0.43,0.03,0,0,0,0,0
29.5,96.25,Bomê County,Tibet,0,0,0,0,0,0,0,0,0,0,0,0
30.5,80.5,Unknown,Tibet,1.06,3.81,2.72,1.97,2.07,4.54,15.19,12.9,5.55,1.37,0,1.11
30.5,80.75,Purang County,Tibet,1.05,3.8,2.7,2.01,2.09,4.72,15.22,13.41,5.78,1.34,0,1.04
30.75,80.25,Unknown,Tibet,0.89,4.1,2.82,2.41,2.02,4.09,15.15,13.03,5.12,1.37,0,1.05
31,80,Unknown,Tibet,0.61,4.67,3.16,2.97,1.95,2.57,14.86,11.58,3.65,1.48,0,1.24
31.25,79.25,Unknown,Tibet,0.55,4.59,3.16,2.48,2.39,1.88,14.34,10.8,3.2,1.22,0,1.3
31.25,79.5,Unknown,Tibet,0.48,4.72,3.21,2.89,2.1,1.83,14.75,10.98,2.93,1.4,0,1.45
31.5,78.75,Unknown,Tibet,1.77,4.54,3.37,2.56,2.33,1.05,7.99,4.68,2.23,0.61,0.01,1.01
31.5,79,Unknown,Tibet,1.3,4.55,3.3,2.27,2.55,1.31,9.97,6.73,2.63,0.63,0.01,0.94
31.75,78.75,Unknown,Tibet,2.24,4.66,3.5,2.98,2.05,0.61,4.72,2.55,1.48,0.35,0.02,1.14
32.5,78.5,Unknown,Tibet,2.61,4.75,3.59,3.32,1.81,0.26,2.27,0.8,0.9,0.18,0.02,1.44
32.5,78.75,Unknown,Tibet,2.61,4.75,3.59,3.32,1.81,0.26,2.27,0.8,0.9,0.18,0.02,1.45
32.75,79.5,Gar County,Tibet,2.35,4.78,3.57,3.25,1.89,0.44,3.71,1.95,1.17,0.31,0.02,1.57
33,79.25,Rutog County,Tibet,2.42,4.39,3.32,3.05,1.67,0.24,2.11,0.74,0.87,0.16,0.02,1.53
33,79.5,Rutog County,Tibet,2.39,4.58,3.45,3.15,1.77,0.34,2.91,1.34,1.02,0.24,0.02,1.55
33.25,79.25,Rutog County,Tibet,2.03,3.62,2.74,2.51,1.39,0.2,1.77,0.62,0.8,0.13,0.02,1.26
33.5,79,Rutog County,Tibet,1.07,1.72,1.29,1.17,0.67,0.1,0.93,0.3,0.61,0.06,0.01,0.6
33.5,79.25,Rutog County,Tibet,1.55,2.67,2.02,1.84,1.03,0.15,1.35,0.46,0.71,0.1,0.01,0.93
33.75,79,Rutog County,Tibet,0.65,0.87,0.65,0.58,0.35,0.05,0.55,0.17,0.52,0.03,0,0.3
34,78.75,Rutog County,Tibet,0.23,0.03,0.01,0,0.04,0.01,0.19,0.03,0.44,0,0,0.01
34,79,Rutog County,Tibet,0.43,0.45,0.33,0.28,0.19,0.03,0.36,0.09,0.48,0.01,0,0.16
34.25,79,Rutog County,Tibet,0.33,0.24,0.16,0.14,0.12,0.02,0.27,0.05,0.45,0,0,0.09
34.25,79.25,Rutog County,Tibet,0.55,0.68,0.5,0.45,0.28,0.04,0.46,0.13,0.49,0.02,0,0.24
34.25,79.5,Rutog County,Tibet,0.84,1.26,0.94,0.85,0.5,0.08,0.74,0.24,0.56,0.04,0.01,0.44
34.75,80,Rutog County,Tibet,0.91,1.45,1.08,0.98,0.57,0.09,0.93,0.36,0.6,0.06,0.01,0.5
27.25,92,Merag Gewog,Trashigang District,0,1.25,0.24,0.89,9.7,13.79,9.84,8.82,12.39,0.39,0.1,0.01
27.75,91.5,Boomdeling Gewog,Trashiyangtse District,0,1.4,1.18,0.75,13.25,13.42,10.67,11.48,12.06,0.35,0.07,0.01
23.25,91.5,Belonia,Tripura,0,0.44,0.07,0.39,8.43,20.32,7.58,17.65,8.64,2.46,0.05,0
23.25,91.75,Karbook,Tripura,0,0.37,0.09,0.51,8.95,17.43,7.08,15.07,8.77,2.31,0.17,0
23.5,91.25,Sonamura,Tripura,0,0.22,0.17,0.82,10.84,14.33,6.48,9.71,6.48,2.34,0.27,0
23.5,91.5,Udaipur,Tripura,0,0.32,0.13,0.67,9.75,17.08,7.16,13.37,8.06,2.34,0.15,0
23.5,91.75,Amarpur,Tripura,0,0.43,0.24,0.91,9.64,15.64,9.39,12.07,9.84,2.13,0.11,0
23.75,91.25,Sadar,Tripura,0,0.25,0.26,2.78,11.35,13.29,6.85,9.5,7.29,2.37,0.18,0
23.75,91.5,Jampuijala,Tripura,0,0.33,0.54,3.44,12.73,12.99,7.92,9.44,9.5,2.16,0.14,0
23.75,91.75,Teliamura,Tripura,0,0.45,0.81,3.83,13.17,12.28,12.32,7.37,13.11,1.67,0.01,0
23.75,92,Longtharai Valley,Tripura,0,0.42,0.56,2.2,8.14,7.94,11.91,6.67,14.12,1.69,0.03,0
23.75,92.25,Kanchanpur,Tripura,0,0.48,0.48,1.43,8.77,10.4,12.5,7.17,13.64,1.71,0.04,0
24,91.5,Khowai,Tripura,0,0.39,0.81,4.51,14.34,12.24,11.88,7.88,12.8,1.63,0.02,0
24,91.75,Khowai,Tripura,0,0.41,1,4.42,14.25,11.83,13.52,7.02,14.19,1.56,0,0
24,92,Longtharai Valley,Tripura,0,0.33,0.65,2.91,9.75,6.96,15.41,6.44,14.82,1.61,0.02,0
24,92.25,Kanchanpur,Tripura,0,0.41,0.45,1.84,6.08,5.72,12.05,6.26,14.31,1.77,0.03,0
24.25,92,Kailashahar,Tripura,0,0.35,0.85,3.89,9.45,6.75,15.55,5.62,15.89,1.83,0.02,0
24.25,92.25,Panisagar,Tripura,0,0.31,0.21,1.84,2.75,2.07,17.08,5.83,16,2.22,0.02,0
8.75,76.5,Unknown,Unknown,0,0.13,0.2,4.17,7.29,8.33,4.85,12.33,5.02,9.28,2.09,1.08
9,76.5,Unknown,Unknown,0,0.51,0.59,4.76,8.1,9.45,8.14,18.02,8.13,14.22,3.07,1.65
9.25,76.25,Unknown,Unknown,0,0.84,0.75,4.67,8.92,10.02,9.9,15.15,4.86,8.39,3.01,1.77
9.25,76.75,Unknown,Unknown,0,0.51,1.73,8.43,10.84,12.47,12.55,22.82,7.49,10.02,3.84,0.36
9.25,79.25,Unknown,Unknown,2.62,0.98,0,0.06,4.07,0,0,0.11,1.55,11.47,13.66,3.33
9.5,76.25,Unknown,Unknown,0.05,1.38,1.02,5.82,8.54,11.29,13.05,20.88,8.89,9.45,3.71,1.65
9.5,79.25,Unknown,Unknown,2.41,0.99,0,0.06,4.16,0,0,0.35,1.67,11.25,12.75,3.24
9.75,76.25,Unknown,Unknown,0.61,0.03,1.06,2.73,7.15,19.35,14.81,30.27,10.11,11.35,3.19,2.26
10,76,Unknown,Unknown,0,0.57,0.48,2.18,7.49,20.63,19.65,26.3,9.45,14.79,2.95,1.52
10.25,76,Unknown,Unknown,0,0.79,0.23,1.62,6.46,21.93,18.34,25.53,8.91,15.37,3.35,0.8
10.75,75.75,Unknown,Unknown,0,0.02,0,0.85,8.99,18.42,21.56,24,8.04,12.52,5.86,0.5
11,75.75,Unknown,Unknown,0.09,0.39,0.08,1.93,7.87,15.97,25.31,23.69,8.46,14.85,4.55,1.72
11.25,75.75,Unknown,Unknown,0.03,0.22,0.12,2.64,8.22,16.62,27.54,24.72,8.59,13.7,4.15,0.99
11.5,75.5,Unknown,Unknown,0,0.02,0,2.54,8.52,15.95,31.59,26.3,10.23,8.48,3.02,0.28
11.75,75.25,Unknown,Unknown,0.01,0.18,0,1.22,8.77,18.69,31.67,25.56,10.17,9.27,3.97,0.8
12,75,Unknown,Unknown,0.09,0.23,0,0.76,7.15,19.74,31.03,29.28,11.65,8.72,3.12,1.07
12.25,75,Unknown,Unknown,0.02,0.01,0,0.61,5.85,19.77,27.16,32.48,11.67,7.82,0.89,0.86
13.5,74.5,Unknown,Unknown,0,0,0.01,0.76,5.34,15.62,29.88,36.37,12.59,8.17,1,0.72
13.75,74.5,Unknown,Unknown,0,0,0,0.26,4.23,16.85,34.63,44.55,13.17,7.97,0.69,0.67
13.75,80.25,Unknown,Unknown,0,0.05,0,0,0.67,1.86,1.82,5.49,3.84,7.77,6.98,5.08
14,74.5,Unknown,Unknown,0,0,0,0.2,3.77,17.17,36.93,44.53,12.96,4.21,0.64,0.08
14.25,74.25,Unknown,Unknown,0,0,0,0.28,4.2,16.76,34.96,45.62,11.97,3.42,0.21,0.09
15.25,73.75,Unknown,Unknown,0,0,0,0.1,3.64,17.03,36.12,33.11,8.2,12.39,0.27,0.49
15.5,73.75,Unknown,Unknown,0,0,0,0.11,3.66,14.56,31.78,29.88,7.94,8.53,0.12,0.99
15.75,73.5,Unknown,Unknown,0,0,0,0.02,2.92,12.9,39.74,21.77,9.52,8,0.21,0.31
15.75,80.75,Unknown,Unknown,0,0.01,0,0.01,1.23,1.14,5.52,5.54,3.78,4.48,2.25,0.08
16.25,73.25,Unknown,Unknown,0,0,0.01,0.19,1.54,11.14,37.43,21.42,5.31,5.4,0.34,0.78
16.5,73.25,Unknown,Unknown,0,0,0,0.22,0.78,10.84,38.43,20.61,7.42,4.77,0.69,0.64
16.75,73.25,Unknown,Unknown,0,0,0,0.08,0.41,10.8,42.4,18.59,14.77,3.17,0.77,0.28
17,73.25,Unknown,Unknown,0,0,0,0,0.4,6.49,40.52,19.21,15.95,2.51,0.79,0.1
17.5,73,Unknown,Unknown,0,0,0.03,0.03,0.57,14.35,44.9,16.43,13.27,1.59,0.33,0.11
17.75,73,Unknown,Unknown,0,0,0,0,0.11,5.76,42.33,16.79,13.6,0.19,0.08,0.14
18,73,Unknown,Unknown,0,0,0.03,0.02,0.33,7.02,41.22,19.42,14.3,0.95,0.17,1.73
18.25,72.75,Unknown,Unknown,0,0.05,0.02,0,0.06,5.28,41.57,17.58,15.34,1.54,0.15,0.64
18.25,73,Unknown,Unknown,0,0.02,0.02,0.01,0.27,6.31,43.31,21.35,17.44,2.1,0.28,0.81
18.5,72.75,Unknown,Unknown,0,0.08,0.03,0,0.03,3.32,41.26,16.53,15.4,0.81,0.12,1.5
18.75,72.75,Unknown,Unknown,0.01,0.12,0.03,0,0,2.09,41.09,14.84,13.18,0.88,0.1,1.34
19,72.75,Unknown,Unknown,0.02,0.15,0,0,0,2.04,43.83,14.46,10.69,1.22,0.16,0.49
19,73,Unknown,Unknown,0.01,0.11,0,0,0.02,2.3,46.2,23.55,16.35,1.95,0.18,0.18
19.25,72.75,Unknown,Unknown,0,0.04,0,0,0,3.03,46.01,16.98,11.67,0.51,0.17,0.16
19.5,72.75,Unknown,Unknown,0.01,0.11,0,0,0.02,3.26,41.86,21.21,13.55,0.79,0.17,0.12
19.75,72.5,Unknown,Unknown,0,0.12,0,0,0.01,3.38,41.14,12.49,9.01,0.21,0.18,0.01
20,72.5,Unknown,Unknown,0,0.16,0,0,0,3.36,42.47,11.28,9.08,0.03,0.13,0
20.5,85.75,Unknown,Unknown,0,2.16,1.72,0.14,4.52,1.65,12.15,11.31,8.55,5.38,0,0
20.5,86,Unknown,Unknown,0,1.24,2.71,0.07,6.15,1.62,12.39,10.5,9.92,4.84,0,0.06
21.25,72.5,Unknown,Unknown,0.11,0,0,0,0,1.99,9.69,2.98,4.86,0.01,0,0
21.5,69.5,Unknown,Unknown,0,0.04,0,0,0,2.2,5.94,11.83,7.19,0.44,0,0
21.75,69.25,Unknown,Unknown,0,0.01,0,0,0,1.46,5.9,9.22,5.84,0.28,0,0
21.75,88,Unknown,Unknown,0,2.03,0.42,0.1,6.78,8.09,13.12,15.95,11.63,4.79,0,0.03
21.75,88.5,Unknown,Unknown,0.01,2.15,1.22,0.04,6.04,6.16,9.32,8.46,10.06,1.5,0,0.01
21.75,89,Unknown,Unknown,0,2.05,1.43,0,6.33,6.9,10.63,9.09,9.79,1.31,0,0
22,69,Unknown,Unknown,0,0,0,0,0,0.56,4.5,10.96,6.49,0.02,0.01,0
22.25,68.75,Unknown,Unknown,0,0,0,0,0,0.33,4.02,12.15,6.88,0.01,0.01,0
22.25,72.5,Unknown,Unknown,0.72,0,0,0,0.21,0,19.17,4.04,13.26,0.01,0,0
22.5,68.75,Unknown,Unknown,0,0,0,0,0,0.26,3.62,9.84,6.2,0.01,0.04,0
22.5,69,Unknown,Unknown,0,0,0,0,0,0.23,3.9,11.91,6.86,0,0.02,0
22.5,69.25,Unknown,Unknown,0,0,0,0,0,0.33,5.62,10.08,6.91,0.01,0.01,0
23,68.75,Unknown,Unknown,0,0,0,0,0,0.3,2.21,2.52,2.45,0.02,0.12,0
23.25,68.5,Unknown,Unknown,0,0,0,0,0,0.26,1.69,1.71,1.99,0.05,0.11,0
23.5,68.25,Unknown,Unknown,0,0,0,0,0,0.14,1.49,1.45,1.88,0.12,0.06,0
24.25,69,Badin District,Unknown,0,0,0,0,0,0.05,1.36,1.57,1.92,0.18,0.01,0
24.5,68.75,Badin District,Unknown,0,0,0,0,0,0,1.38,1.32,1.9,0.19,0,0
25.75,70.25,Umerkot District,Unknown,0,0,0,0,0.01,0.04,0.2,0.73,0.63,0,0,0
26,70,Sanghar District,Unknown,0,0,0,0.11,0,0.03,0.46,0.72,0.37,0,0,0
26.25,70,Khairpur District,Unknown,0,0,0,0.42,0.01,0.09,1.5,0.76,0.19,0,0,0
26.5,70,Khairpur District,Unknown,0,0,0,0.62,0.16,0.13,2.14,0.82,0.29,0,0,0
26.75,69.5,Khairpur District,Unknown,0,0,0,0.6,0,0.14,2.22,0.72,0,0,0,0
27,69.5,Khairpur District,Unknown,0,0,0,0.44,0,0.1,1.78,0.66,0,0,0,0
27.25,69.5,Sukkur District,Unknown,0,0,0,0.23,0,0.05,1.19,0.58,0,0,0,0
27.5,69.5,Ghotki District,Unknown,0,0,0,0.09,0,0.02,0.8,0.52,0,0,0,0
27.5,69.75,Ghotki District,Unknown,0,0,0,0.12,0.01,0.03,0.88,0.54,0.02,0,0,0
27.75,70,Ghotki District,Unknown,0,0,0,0.06,0.01,0.01,0.7,0.51,0.03,0,0,0
28.5,77.25,South East Delhi,Unknown,0.26,1.62,2.26,0.17,0.81,0.83,4.36,1.23,1.26,0.02,0,0.31
28.75,77,North West Delhi,Unknown,0.65,1.58,1.22,0.54,1.53,1.04,2.86,2.41,3.09,0.04,0,0.47
28.75,77.25,North East Delhi,Unknown,0.39,1.33,0.9,0.16,0.8,0.69,1.44,1.16,1.86,0.01,0,0.25
24,83,Dudhi,Uttar Pradesh,1.04,1.99,1.57,0.01,0.46,2.04,5.71,11.34,3.93,0.63,0,0.17
24.25,78.75,Mahroni Tehsil,Uttar Pradesh,1.55,2.49,0.68,0.05,0.08,2.75,8.05,7.56,4.38,0.28,0,1.01
24.25,83,Dudhi,Uttar Pradesh,1.04,1.87,2.04,0,0.48,2.28,5.97,12.42,4.18,0.67,0,0.17
24.25,83.25,Dudhi,Uttar Pradesh,0.88,2.04,1.43,0.03,0.51,2.05,5.35,10.54,4.16,0.6,0,0.19
24.5,78.25,Lalitpur Tehsil,Uttar Pradesh,1.68,2.31,0.07,0,0.11,0.91,7.03,10.15,3.59,0.03,0,1.85
24.5,78.5,Lalitpur Tehsil,Uttar Pradesh,1.77,2.52,0.13,0,0.21,1.25,6.8,8.49,1.73,0.06,0,2.25
24.5,78.75,Mahroni Tehsil,Uttar Pradesh,1.83,2.56,0.32,0,0.14,2.03,6.82,9.29,2.7,0.09,0,1.87
24.5,82.75,Robertsganj,Uttar Pradesh,1.39,1.28,0.75,0.1,0.43,2.35,5.45,9.09,2.53,1.11,0,0.14
24.5,83,Robertsganj,Uttar Pradesh,1.4,1.32,0.76,0.1,0.46,2.33,5.53,9.03,2.57,1.11,0,0.16
24.5,83.25,Robertsganj,Uttar Pradesh,1.1,1.89,0.86,0.03,0.62,1.99,5.05,8.81,3.49,0.63,0,0.26
24.75,78.25,Lalitpur Tehsil,Uttar Pradesh,1.88,2.51,0.05,0,0.08,1.13,6.91,11.39,4.21,0.02,0,1.73
24.75,78.5,Lalitpur Tehsil,Uttar Pradesh,1.89,2.62,0.12,0,0.15,1.93,6.71,9.81,2.51,0.03,0,2.05
24.75,78.75,Mahroni Tehsil,Uttar Pradesh,2.03,2.72,0.3,0.02,0.12,2.49,6.42,10.38,2.89,0.01,0,1.93
24.75,82.5,Lalganj,Uttar Pradesh,1.44,1.19,0.41,0.08,0.49,2.2,5.65,7.39,2.61,1.38,0,0.1
24.75,82.75,Ghorawal,Uttar Pradesh,1.46,1.15,0.44,0.11,0.35,2.38,5.26,8.38,2,1.15,0,0.09
24.75,83,Robertsganj,Uttar Pradesh,1.44,1.16,0.47,0.11,0.45,2.27,5.34,8.12,2.2,1.28,0,0.13
24.75,83.25,Chakia,Uttar Pradesh,1.22,1.19,0.46,0.09,0.43,1.79,5.86,8.39,2.86,1.18,0,0.1
25,78.5,Talbehat,Uttar Pradesh,1.9,2.34,0.21,0.03,0.13,2.4,7.65,8.61,3.07,0.03,0,1.74
25,81,Karwi,Uttar Pradesh,2.2,2.3,0.7,0.06,0.14,1.11,6.99,4.23,4.86,3.01,0,0.55
25,82,Koraon,Uttar Pradesh,1.97,2.12,0.59,0,0.12,1.09,7.46,5.04,3.33,3.51,0,0.09
25,82.25,Koraon,Uttar Pradesh,2.06,2.01,0.38,0,0.38,1.55,9.24,6.06,2.98,3,0,0.06
25,82.5,Marihan,Uttar Pradesh,1.47,1.38,0.3,0,0.66,1.75,6.86,4.77,3.71,2.04,0,0.04
25,82.75,Chunar,Uttar Pradesh,1.14,1.03,0.33,0.01,0.69,1.76,4.73,3.88,3.99,1.62,0,0.03
25,83,Chunar,Uttar Pradesh,1.14,1.28,0.47,0.07,0.74,1.07,5.55,5.17,2.27,2.34,0,0.08
25,83.25,Chakia,Uttar Pradesh,0.89,1.62,0.58,0.02,1.01,1.07,6.15,6.63,4.37,1.61,0,0.03
25.25,78.5,Jhansi,Uttar Pradesh,1.85,1.56,0.26,0.15,0.11,2.63,9.22,5.29,4.27,0.06,0,1.13
25.25,79.25,Mauranipur,Uttar Pradesh,2.47,2.04,1.07,0.37,0.04,1.31,6.27,3,2.78,0.25,0,1.4
25.25,79.5,Kulpahar,Uttar Pradesh,2.01,1.41,0.91,0.2,0.06,0.7,4.88,3.42,3.04,0.41,0,1.12
25.25,79.75,Mahoba,Uttar Pradesh,1.55,0.69,0.96,0.03,0.01,0.26,3.31,2.94,3.12,0.31,0,0.86
25.25,80.5,Naraini,Uttar Pradesh,2.5,1.48,1.02,0,0.13,1.02,5.26,4.29,4.82,2.01,0,0.67
25.25,80.75,Karwi,Uttar Pradesh,2.38,1.83,0.53,0,0.18,0.46,6.17,4.31,5.73,1.84,0,0.46
25.25,81,Karwi,Uttar Pradesh,2.61,1.66,0.75,0.04,0.14,1.09,6.3,4.89,4.43,2.12,0,0.22
25.25,81.25,Mau,Uttar Pradesh,2.79,1.56,0.82,0.08,0.1,1.72,7.13,6.17,1.72,3.61,0,0.2
25.25,81.5,Mau,Uttar Pradesh,2.59,1.83,0.5,0,0.08,1.55,7.13,5.85,1.73,3.59,0,0.26
25.25,81.75,Bara,Uttar Pradesh,2.1,2.1,0.65,0,0.03,1.2,7.2,4.7,3.04,3.66,0,0.23
25.25,82,Karchhana,Uttar Pradesh,2.48,2.26,0.85,0,0.03,1.69,8.87,3.64,3.12,3.34,0,0.14
25.25,82.25,Gyanpur,Uttar Pradesh,2.55,2.18,0.46,0,0.23,1.59,9.81,4.32,2.45,3.41,0,0.03
25.25,82.5,Aurai,Uttar Pradesh,1.69,1.6,0.37,0,0.68,1.67,8.92,6.39,3.32,2.34,0,0.07
25.25,82.75,Sadar,Uttar Pradesh,1.71,1.79,0.48,0,0.81,1.56,9.67,5.86,3.83,2.65,0,0.09
25.25,83,Sadar,Uttar Pradesh,1.08,1.61,0.58,0.06,0.98,0.11,6.94,4.55,1.6,3.42,0,0.1
25.25,83.25,Chandauli,Uttar Pradesh,1.47,2.22,0.83,0.02,1.8,1.84,5.35,4.38,4.25,1.91,0,0.03
25.5,78.5,Jhansi,Uttar Pradesh,1.85,1.83,0.42,0.23,0.26,2.48,8.22,5.05,4.78,0.14,0,1.02
25.5,78.75,Tahrauli,Uttar Pradesh,1.36,0.89,0.41,0.21,0.03,1.09,4.16,3.13,3.41,0.02,0,1.1
25.5,79,Tahrauli,Uttar Pradesh,2,1.54,0.1,0.09,0.05,0.23,6.33,3.76,2.62,0.01,0,1.17
25.5,79.25,Garautha,Uttar Pradesh,1.97,1.59,0.09,0.06,0.14,0.52,7.11,3.1,3.07,0.16,0,1.28
25.5,79.5,Hamirpur,Uttar Pradesh,1.69,1.2,0.25,0.05,0.16,0.64,6.09,2.26,3.47,0.27,0,1.27
25.5,79.75,Charkhari,Uttar Pradesh,1.28,0.71,0.78,0.01,0.05,0.42,3.11,2.7,2.62,0.36,0,0.8
25.5,80,Mahoba,Uttar Pradesh,1.62,0.7,1.7,0.02,0.08,1.91,2.17,6.05,1.84,1.89,0,0.83
25.5,80.25,Banda,Uttar Pradesh,2.21,0.78,2.26,0.01,0.09,2.43,2.48,6.6,2.07,2.36,0,0.93
25.5,80.5,Banda,Uttar Pradesh,3.4,0.94,2.08,0,0,2.33,3.37,2.38,2.79,2.35,0,0.54
25.5,80.75,Baberu,Uttar Pradesh,2.77,1.27,1.28,0.01,0.08,1.39,4.63,3.17,3.68,1.95,0,0.36
25.5,81,Baberu,Uttar Pradesh,3.03,1.23,1.64,0.12,0.06,1.9,5.84,4.93,2.14,2.55,0,0.17
25.5,81.25,Khaga,Uttar Pradesh,2.86,1.29,1.2,0.15,0.06,2.1,7.02,6.47,2,3.73,0,0.19
25.5,81.5,Chail,Uttar Pradesh,2.69,1.74,0.22,0.01,0.12,1.76,7.01,6.11,1.49,3.44,0,0.34
25.5,81.75,Soraon,Uttar Pradesh,2.75,1.94,0.73,0,0.06,1.62,8.42,5,1.87,3.67,0,0.23
25.5,82,Phulpur,Uttar Pradesh,2.81,2.03,0.98,0,0.02,1.99,9.23,2.53,2.24,2.83,0,0.14
25.5,82.25,Handia,Uttar Pradesh,1.66,0.98,0.86,0,0.17,0.56,5.96,2.24,0.95,2.44,0,0
25.5,82.5,Mariahu,Uttar Pradesh,1.56,1.2,0.96,0,0.61,0.74,9.21,5.26,2.1,3.07,0,0.07
25.5,82.75,Pindra,Uttar Pradesh,1.72,1.57,0.71,0.01,0.64,1.33,10.2,6.4,3.05,3.66,0,0.11
25.5,83,Pindra,Uttar Pradesh,1.4,1.92,0.64,0.03,1.22,1.21,7.5,4.97,2.96,2.94,0,0.08
25.5,83.25,Sakaldiha,Uttar Pradesh,1.58,2.39,0.96,0,1.81,2.42,5.26,3.96,4.46,2.33,0,0.04
25.5,83.5,Zamania,Uttar Pradesh,1.36,2.18,0.98,0,1.01,1.9,7.36,3.11,5.79,2.14,0,0.01
25.5,83.75,Zamania,Uttar Pradesh,1.29,1.27,0.34,0.01,0.46,0.77,3.6,1.53,2.06,0.59,0,0
25.75,79,Moth,Uttar Pradesh,1.63,1.25,0.23,0.05,0.07,0.46,4.78,3.16,2.74,0.03,0,0.94
25.75,79.25,Garautha,Uttar Pradesh,2.21,1.49,0.1,0.02,0.22,0.81,5.83,3.15,3.35,0.15,0,1.09
25.75,79.5,Hamirpur,Uttar Pradesh,2.22,1.2,0.12,0.04,0.25,0.86,5.67,2.28,3.87,0.25,0,1.14
25.75,79.75,Hamirpur,Uttar Pradesh,1.27,0.76,0.36,0.07,0.18,0.44,2.36,2.97,2.4,0.48,0,0.59
25.75,80,Hamirpur,Uttar Pradesh,1.13,0.71,0.63,0.05,0.13,0.6,1.75,3.5,2.13,0.68,0,0.51
25.75,80.25,Hamirpur,Uttar Pradesh,2.41,0.83,1.71,0.04,0.1,2.1,2.63,4.73,2.2,2.13,0,0.69
25.75,80.5,Banda,Uttar Pradesh,2.72,0.79,1.83,0,0.02,1.91,2.88,2.56,2.01,1.91,0,0.4
25.75,80.75,Fatehpur,Uttar Pradesh,2.09,0.59,1.26,0.03,0,1.47,3.07,1.96,0.98,1.53,0,0.12
25.75,81,Fatehpur,Uttar Pradesh,1.81,0.55,1.2,0.15,0.01,1.55,5.74,3.64,0.71,1.64,0,0.02
25.75,81.25,Sirathu,Uttar Pradesh,3.09,0.9,2.21,0.28,0,2.45,7.05,6.4,2.22,3.69,0,0.06
25.75,81.5,Pratapgarh,Uttar Pradesh,2.85,1.25,1.4,0.15,0.2,1.92,7,6.07,1.81,3.76,0,0.14
25.75,81.75,Pratapgarh,Uttar Pradesh,1.8,0.89,1.37,0.1,0.9,0.91,8.16,3.05,1.54,4.54,0,0.04
25.75,82,Pratapgarh,Uttar Pradesh,1.81,0.91,1.21,0.11,0.29,0.75,6.27,3.05,1.92,3.34,0,0.03
25.75,82.25,Machhlishahr,Uttar Pradesh,1.6,0.73,0.87,0.01,0.16,0.25,3.52,2.76,0.92,2.03,0,0.02
25.75,82.5,Jaunpur,Uttar Pradesh,1.3,1.07,1.19,0,0.61,0.79,7.98,4.68,2.22,3.45,0,0.04
25.75,82.75,Jaunpur,Uttar Pradesh,1.48,1.24,0.65,0,0.01,2.51,9.58,5.4,2.94,5.74,0,0.12
25.75,83,Lalganj,Uttar Pradesh,1.36,1.29,0.7,0,0.22,1.45,6.48,3.82,2.68,3.83,0,0.06
25.75,83.25,Jakhania,Uttar Pradesh,1.36,1.77,0.87,0,0.62,1.66,6.44,3.7,4.87,2.63,0,0
25.75,83.5,Ghazipur,Uttar Pradesh,1.13,1.77,0.74,0,0.66,1.67,6.83,4.65,5.53,1.97,0,0
25.75,83.75,Mohammadabad,Uttar Pradesh,1.11,1.42,0.45,0.05,1.49,1.56,5.77,4.58,3.89,1.2,0,0
25.75,84,Ballia,Uttar Pradesh,0.65,1.15,0.5,0.07,2.04,1.53,6.3,5.28,4.18,1.11,0,0
25.75,84.25,Ballia,Uttar Pradesh,0.94,1.67,0.35,0.04,2.62,2.39,5.3,6.49,5.24,1.36,0,0
25.75,84.5,Bairia,Uttar Pradesh,1.31,2.25,0.22,0,3.16,2.82,4.95,7.29,5.89,1.55,0,0
26,79,Konch,Uttar Pradesh,1.98,0.83,0.18,0.01,0.13,0.76,2.39,3.08,3.69,0.2,0,0.65
26,79.25,Konch,Uttar Pradesh,2.89,1.46,0.25,0,0.4,1.54,3.33,3.61,3.89,0.07,0,0.73
26,79.5,Orai,Uttar Pradesh,3.55,0.8,0.07,0,0.21,0.43,5.53,2.07,4.68,0.21,0,0.69
26,79.75,Kalpi,Uttar Pradesh,2.83,1.07,0.24,0.09,0.28,0.68,3.39,3.05,3.67,0.84,0,0.62
26,80,Hamirpur,Uttar Pradesh,2.15,1.15,0.32,0.21,0.49,0.94,2.52,3.86,3.47,1.18,0,0.71
26,80.25,Bindki,Uttar Pradesh,2.08,1.15,0.62,0.11,0.27,0.82,3.31,2.65,2.92,1.37,0,0.67
26,80.5,Bindki,Uttar Pradesh,1.46,0.6,0.96,0,0.02,0.84,3.15,1.18,1.37,1.38,0,0.44
26,80.75,Fatehpur,Uttar Pradesh,0.33,0.18,0.11,0,0,0.25,2.03,0.68,0.53,0.72,0,0.03
26,81,Fatehpur,Uttar Pradesh,0.51,0.21,0.17,0.02,0.02,0.55,3.62,0.91,0.59,0.77,0,0.05
26,81.25,Unchahar,Uttar Pradesh,0.62,0.26,0.19,0.04,0.05,1.23,8.81,0.63,0.86,1.14,0,0.11
26,81.5,Salon,Uttar Pradesh,1.31,0.78,0.82,0.08,0.31,0.7,7.59,2.1,0.61,1.9,0,0.04
26,81.75,Pratapgarh,Uttar Pradesh,1.67,0.77,1.34,0.09,0.98,0.81,7.83,2.49,1.2,4.21,0,0.06
26,82,Pratapgarh,Uttar Pradesh,1.8,1.01,1.44,0.2,0.29,1.24,9.03,3.81,3.22,4.43,0,0.07
26,82.25,Pratapgarh,Uttar Pradesh,1.75,0.84,0.98,0.05,0.7,0.64,6.22,3.92,2.88,2.69,0,0.04
26,82.5,Kadipur,Uttar Pradesh,1.83,0.69,0.73,0,0.98,0.51,5.39,3.79,3.27,2.18,0,0.02
26,82.75,Phulpur,Uttar Pradesh,1.79,0.63,0.58,0,0.38,0.61,4.21,2.78,2.66,2.39,0,0.02
26,83,Nizamabad,Uttar Pradesh,0.89,0.74,0.67,0,0.17,0.65,4.49,2.9,2.44,1.93,0,0.01
26,83.25,Azamgarh,Uttar Pradesh,0.81,0.86,0.62,0,0.3,1.85,4.7,4.71,3.11,2.63,0,0
26,83.5,Maunath Bhanjan,Uttar Pradesh,0.64,0.78,0.39,0,1.13,1.71,7.44,11.81,4.04,0.76,0,0.02
26,83.75,Maunath Bhanjan,Uttar Pradesh,0.84,1.22,0.41,0.01,1.03,2.27,6.28,7.92,3.92,1.61,0,0.01
26,84,Sikanderpur,Uttar Pradesh,0.41,0.9,0.33,0.03,0.87,1.22,5.05,4.57,3.02,1.15,0,0
26.25,79.25,Madhogarh,Uttar Pradesh,2.55,0.76,0.12,0,0.13,0.65,3.92,1.49,2.84,0.19,0,0.55
26.25,79.5,Kalpi,Uttar Pradesh,3.51,0.78,0.08,0,0.18,0.49,6.7,1.86,4.79,0.22,0,0.63
26.25,79.75,Bhognipur,Uttar Pradesh,3.25,1.14,0.24,0.05,0.18,0.49,4.26,2.28,3.63,0.53,0,0.57
26.25,80,Bhognipur,Uttar Pradesh,2.84,1.56,0.47,0.04,0.04,0.78,2.9,2.42,2.55,1.16,0,0.4
26.25,80.25,Ghatampur,Uttar Pradesh,2.01,0.93,0.93,0.04,0.05,0.7,5.09,1.35,2.93,1.74,0,0.68
26.25,80.5,Unknown,Uttar Pradesh,1.23,0.77,0.97,0.01,0.01,0.47,3.71,1.01,1.77,1.47,0,0.65
26.25,80.75,Bighapur,Uttar Pradesh,0.47,0.27,0.21,0,0.01,0.29,2.5,0.7,0.72,0.59,0,0.15
26.25,81,Raebareli,Uttar Pradesh,0.49,0.24,0.06,0,0.03,0.43,3.26,0.66,0.68,0.2,0,0.11
26.25,81.25,Raebareli,Uttar Pradesh,0.74,0.36,0.17,0.02,0.08,0.74,5.89,0.96,0.86,0.65,0,0.1
26.25,81.5,Tiloi,Uttar Pradesh,1.82,0.92,0.48,0.04,0.22,0.71,6.55,2.79,1.55,1.29,0,0.04
26.25,81.75,Gauriganj,Uttar Pradesh,2.43,0.79,0.62,0.02,0.43,2.57,5.89,3.41,3.63,4.04,0,0.12
26.25,82,Sultanpur,Uttar Pradesh,2.24,0.78,0.69,0.03,0.57,2.21,6.83,3.28,3.48,3.95,0,0.19
26.25,82.25,Jaisinghpur,Uttar Pradesh,1.3,0.74,0.59,0.06,1.28,0.23,11.33,2.64,2.67,3.24,0,0.5
26.25,82.5,Kadipur,Uttar Pradesh,1.77,0.58,0.59,0.01,0.75,0.3,5.34,2.69,2.9,2.36,0,0.3
26.25,82.75,Jalalpur,Uttar Pradesh,1.71,0.54,0.6,0,0.54,0.35,3.73,2.62,2.73,2,0,0.13
26.25,83,Burhanpur,Uttar Pradesh,0.8,0.83,0.64,0,0.57,1.4,4.99,3.34,3.14,2.63,0,0.09
26.25,83.25,Sagri,Uttar Pradesh,0.75,0.92,0.58,0,0.46,2.3,4.65,4.25,3.39,2.88,0,0.04
26.25,83.5,Ghosi,Uttar Pradesh,0.81,1.57,0.26,0,0.6,2.95,6.93,7.6,2.27,2.74,0,0.03
26.25,83.75,Madhuban,Uttar Pradesh,0.99,1.99,0.23,0,0.49,3.01,7.53,8.34,2.26,3.38,0,0.02
26.25,84,Bhatpar Rani,Uttar Pradesh,0.48,0.97,0.26,0,0.48,2.57,4.27,7.74,3.67,2.15,0,0.01
26.5,79.25,Chakarnagar,Uttar Pradesh,1.22,0.6,0.07,0.07,0.03,0.39,4.97,1.09,1.7,0.02,0,0.5
26.5,79.5,Auraiya,Uttar Pradesh,1.99,0.63,0.06,0.08,0.07,0.3,5.03,1.39,2.81,0.2,0,0.38
26.5,79.75,Derapur,Uttar Pradesh,2.31,1.26,0.4,0.04,0.05,0.43,3.97,1.85,2.97,0.64,0,0.29
26.5,80,Akbarpur,Uttar Pradesh,3.09,1.03,0.56,0.08,0.14,1.14,6.79,1.94,4.93,2.13,0,0.51
26.5,80.25,Unknown,Uttar Pradesh,2.77,0.86,0.71,0.09,0.14,1.02,7.2,1.6,4.58,2.11,0,0.62
26.5,80.5,Unnao,Uttar Pradesh,1.28,0.8,0.74,0,0.03,0.41,4.31,2.01,2.07,1.59,0,0.53
26.5,80.75,Purwa,Uttar Pradesh,0.98,0.58,0.31,0,0.09,0.37,5.2,2.23,1.87,1.04,0,0.27
26.5,81,Maharajganj,Uttar Pradesh,0.85,0.59,0.71,0,0.25,0.71,7.2,1.23,2.57,1.43,0,0.17
26.5,81.25,Maharajganj,Uttar Pradesh,1.09,0.72,0.91,0,0.32,0.88,8.71,1.43,3.23,1.78,0,0.15
26.5,81.5,Tiloi,Uttar Pradesh,2.23,0.87,0.41,0.02,0.33,1.03,6.16,3.23,2.57,1.45,0,0.07
26.5,81.75,Musafirkhana,Uttar Pradesh,0.97,0.34,0.24,0.03,0.25,0.66,2.76,1.72,1.57,2.22,0,0.06
26.5,82,Bikapur,Uttar Pradesh,0.66,0.31,0.21,0.03,0.32,0.37,4.35,1.96,2.06,2.83,0,0.23
26.5,82.25,Bikapur,Uttar Pradesh,1.21,0.73,0.55,0.06,1.27,0.26,11.82,2.57,2.75,3.39,0,0.57
26.5,82.5,Akbarpur,Uttar Pradesh,1.31,0.74,0.49,0.05,1.16,0.71,12.08,2.98,3.12,3.56,0,0.53
26.5,82.75,Tanda,Uttar Pradesh,1.38,0.75,0.46,0,0.85,2.71,7.82,4.25,4.62,3.68,0,0.25
26.5,83,Ghanghata,Uttar Pradesh,0.62,0.91,0.61,0,1.35,4.14,7.18,5.4,6.18,4.25,0,0.31
26.5,83.25,Khajni,Uttar Pradesh,0.5,0.84,0.54,0,1.27,3.83,6.45,5.59,5.46,3.88,0,0.28
26.5,83.5,Chauri Chaura,Uttar Pradesh,0.25,0.59,0.18,0,0.81,2.33,2.64,4.12,1.53,1.76,0,0.09
26.5,83.75,Deoria,Uttar Pradesh,0.56,1.23,0.18,0,0.58,2.77,5.1,7.64,2.59,2.85,0,0.07
26.75,79,Etawah,Uttar Pradesh,0.97,0.67,0.09,0,0,0.14,3.37,1.85,0.83,0.01,0,0.76
26.75,79.25,Bharthana,Uttar Pradesh,0.74,0.54,0.05,0.18,0.03,0.14,2.97,1.19,1.2,0.31,0,0.27
26.75,79.5,Bidhuna,Uttar Pradesh,0.88,0.71,0.08,0.14,0.03,0.22,2.85,1.42,1.41,0.41,0,0.29
26.75,79.75,Rasulabad,Uttar Pradesh,1.67,1.3,0.24,0.03,0.05,0.47,2.62,2.06,2.28,0.78,0,0.15
26.75,80,Bilhaur,Uttar Pradesh,2.3,1.3,0.29,0.01,0.08,0.83,3.49,2.33,3.39,1.35,0,0.17
26.75,80.25,Safipur,Uttar Pradesh,2.87,1.32,0.29,0,0.13,1.19,4.68,2.66,4.9,2.2,0,0.23
26.75,80.5,Hasanganj,Uttar Pradesh,1.66,1,0.06,0,0.01,0.3,5.15,3.13,3.11,2.01,0,0.08
26.75,80.75,Sarojani Nagar,Uttar Pradesh,1.16,0.75,0.27,0,0.1,0.47,6.31,3.19,2.4,1.44,0,0.32
26.75,81,Mohanlalganj,Uttar Pradesh,1.01,0.96,0.75,0.03,0.22,0.94,10.65,2,3.17,1.91,0,0.27
26.75,81.25,Haidergarh,Uttar Pradesh,1.03,0.9,0.97,0.01,0.31,1.21,10.87,1.48,3.99,2.12,0,0.24
26.75,81.5,Ramsanehighat,Uttar Pradesh,1.97,1,0.41,0,0.21,1.69,6.6,3.53,3.39,2.33,0,0.18
26.75,81.75,Rudauli,Uttar Pradesh,1.36,0.66,0.21,0.01,0.2,1.2,4.69,2.96,2.51,3.01,0,0.3
26.75,82,Sohawal,Uttar Pradesh,1.49,0.62,0.32,0.01,0.3,0.51,8.43,4.85,6.42,4.26,0,0.45
26.75,82.25,Faizabad,Uttar Pradesh,1.23,0.25,0.06,0,0.23,1.48,7.87,3.74,6.88,3.99,0,0.39
26.75,82.5,Harraiya,Uttar Pradesh,1.79,0.86,0.25,0,0.71,2.84,13.4,4.78,4.17,4.22,0,0.19
26.75,82.75,Basti,Uttar Pradesh,1.42,0.86,0.31,0,0.88,3.38,11.16,5.12,4.78,4.35,0,0.17
26.75,83,Khalilabad,Uttar Pradesh,0.78,0.85,0.4,0,1.38,5.12,6.82,6.28,7.04,4.72,0,0.26
26.75,83.25,Sahjanwa,Uttar Pradesh,0.71,0.83,0.39,0,1.36,4.99,6.53,7.04,7.01,4.55,0,0.24
26.75,83.5,Gorakhpur,Uttar Pradesh,0.13,0.49,0.16,0,0.61,2.7,4.19,12.71,5.6,4.1,0,0.01
26.75,83.75,Hata,Uttar Pradesh,0.13,0.4,0.07,0,0.32,1.23,2.15,4.46,2.02,1.61,0,0.02
26.75,84,Kasya,Uttar Pradesh,0.25,0.53,0.19,0,0.41,1.84,2.93,6.53,2.46,1.75,0,0.11
27,78,Kheragarh,Uttar Pradesh,1.56,0.54,0.1,0.02,0.04,0.98,2.78,4.84,2.85,0.09,0,0.11
27,78.25,Fatehabad,Uttar Pradesh,2.03,0.79,0.11,0.01,0.12,0.89,2.75,2.41,2.81,0.06,0,0.27
27,78.5,Shikohabad,Uttar Pradesh,2.07,0.88,0.17,0.04,0.18,0.63,2.76,1.9,2.8,0.18,0,0.46
27,78.75,Shikohabad,Uttar Pradesh,1.75,0.41,0.4,0.08,0.11,0.77,2.49,1.89,2.02,0,0,0.59
27,79,Karhal,Uttar Pradesh,1.3,0.49,0.36,0.09,0.01,0.39,3.21,1.37,1.19,0.02,0,0.49
27,79.25,Bhogaon,Uttar Pradesh,0.82,0.56,0.15,0.15,0.02,0.2,3.06,1.12,1.07,0.21,0,0.4
27,79.5,Chhibramau,Uttar Pradesh,0.83,0.76,0.15,0.22,0.05,0.37,2.49,1.09,1.68,0.39,0,0.36
27,79.75,Kannauj,Uttar Pradesh,1.41,1.39,0.32,0.14,0.11,0.34,2.62,1.89,2.09,0.64,0,0.32
27,80,Kannauj,Uttar Pradesh,1.62,1.37,0.31,0.07,0.1,0.41,2.71,1.99,2.28,0.7,0,0.3
27,80.25,Safipur,Uttar Pradesh,0.99,0.8,0.16,0.03,0.06,0.55,2.78,1.84,3.56,1.09,0,0.43
27,80.5,Sandila,Uttar Pradesh,1.77,1.93,0.19,0.01,0.02,1.01,7.88,1.75,4.41,2.2,0,0.11
27,80.75,Sarojani Nagar,Uttar Pradesh,1.55,1.61,0.38,0.02,0.08,1.53,11.49,2.76,4.3,2.05,0,0.34
27,81,Bakshi Ka Talab,Uttar Pradesh,1.14,1.35,0.53,0.07,0.1,1.11,12.73,2.48,3.35,2,0,0.4
27,81.25,Nawabganj,Uttar Pradesh,0.76,1.53,0.27,0.03,0.04,2.67,17.94,1.89,6.62,2.43,0,0.33
27,81.5,Sirauli Gauspur,Uttar Pradesh,1.35,1.48,0.04,0,0.04,2.85,14.99,3.38,6.31,2.65,0,0.14
27,81.75,Colonelganj,Uttar Pradesh,2.41,1.33,0.01,0,0.01,2.96,4.82,5.7,4.3,3.27,0,0.14
27,82,Tarabganj,Uttar Pradesh,1.77,2.16,0.01,0,0.01,2.08,5.56,3.57,4.63,1.83,0,0.33
27,82.25,Mankapur,Uttar Pradesh,1.12,0.8,0.02,0,0.16,1.73,6.31,4.41,5.54,3.39,0,0.31
27,82.5,Mankapur,Uttar Pradesh,1.17,0.6,0.13,0,0.51,2.34,9.52,5.26,4.24,4.14,0,0.14
27,82.75,Rudhauli,Uttar Pradesh,0.75,0.53,0.12,0,0.53,2.6,6.5,5.29,3.79,4.45,0,0.11
27,83,Mehdawal,Uttar Pradesh,0.38,0.47,0.1,0,0.63,3.01,3.24,5.4,3.51,4.86,0,0.12
27,83.25,Campierganj,Uttar Pradesh,0.43,0.48,0.1,0,1.97,5.55,4,9.55,4.08,5.38,0,0.17
27,83.5,Maharajganj,Uttar Pradesh,0.23,0.39,0.08,0,1.32,3.65,3.12,8.25,3.2,3.45,0,0.09
27,83.75,Maharajganj,Uttar Pradesh,0.09,0.28,0.04,0,0.36,1.09,1.64,3.33,1.33,1.08,0,0.01
27,84,Padrauna,Uttar Pradesh,0.17,0.43,0.14,0,0.34,1.4,2.44,5.97,2.15,1.62,0,0.07
27.25,77.75,Mathura,Uttar Pradesh,1.52,1.26,0.73,0.15,0.24,0.46,2.57,6.48,0.73,0.3,0,0.45
27.25,78,Unknown,Uttar Pradesh,1.61,0.72,0.49,0.3,0.11,0.38,3.1,5.34,1.32,0.35,0,0.34
27.25,78.25,Tundla,Uttar Pradesh,2.25,0.58,0.35,0.26,0.04,0.67,2.84,1.94,2.57,0.34,0,0.36
27.25,78.5,Jasrana,Uttar Pradesh,2.7,0.62,0.27,0.13,0.15,0.32,1.68,1.9,4,0.98,0,0.71
27.25,78.75,Mainpuri,Uttar Pradesh,1.92,0.48,0.46,0.14,0.07,0.4,2.44,1.51,2.47,0.44,0,0.57
27.25,79,Mainpuri,Uttar Pradesh,1.13,0.46,0.71,0.1,0,0.23,4.06,0.35,0.6,0.03,0,0.32
27.25,79.25,Bhogaon,Uttar Pradesh,0.91,0.53,0.46,0.3,0.01,0.61,2.09,0.29,2.29,0.25,0,0.48
27.25,79.5,Farrukhabad,Uttar Pradesh,0.67,0.67,0.25,0.34,0.03,0.84,1.54,0.33,2.14,0.32,0,0.63
27.25,79.75,Sawayajpur,Uttar Pradesh,1.42,1.49,0.47,0.3,0.22,0.35,3.14,1.18,2.73,0.84,0,0.63
27.25,80,Bilgram,Uttar Pradesh,1.49,1.42,0.48,0.45,0.31,0.47,4.47,0.98,3.36,1.54,0,0.66
27.25,80.25,Hardoi,Uttar Pradesh,1.21,0.89,0.61,0.17,0.08,0.89,5.47,0.76,4.44,1.9,0,0.64
27.25,80.5,Sandila,Uttar Pradesh,1.69,1.05,0.87,0.12,0.02,2.51,9.95,1.52,5.7,1.52,0,0.63
27.25,80.75,Sidhauli,Uttar Pradesh,1.89,1.48,0.3,0.17,0.16,2.39,12.24,2.92,4.86,2.18,0,0.64
27.25,81,Mahmudabad,Uttar Pradesh,1.46,1.56,0.34,0.07,0.05,0.79,9.53,2.57,3.44,1.82,0,0.62
27.25,81.25,Fatehpur,Uttar Pradesh,0.34,1.64,0.04,0.01,0.01,2.84,21.24,2.95,8.05,2.11,0,0.12
27.25,81.5,Kaiserganj,Uttar Pradesh,0.79,1.63,0.04,0,0,2.38,19.45,3.89,7.24,2.29,0,0.29
27.25,81.75,Colonelganj,Uttar Pradesh,1.47,1.69,0,0,0,2.57,8.65,5.91,4.45,2.2,0,0.19
27.25,82,Gonda,Uttar Pradesh,1.16,1.48,0,0.02,0.02,2.27,8.02,7.25,3.68,2.33,0,0.3
27.25,82.25,Gonda,Uttar Pradesh,0.49,0.99,0,0.03,0.07,2.01,5.51,7.97,3.14,3.51,0,0.28
27.25,82.5,Utraula,Uttar Pradesh,0.23,0.3,0.01,0,0.33,1.81,4.42,6.35,3.44,4.07,0,0.05
27.25,82.75,Itwa,Uttar Pradesh,0.51,0.42,0.07,0,0.55,2.49,5.12,5.69,3.37,4.5,0,0.07
27.25,83,Naugarh,Uttar Pradesh,0.38,0.45,0.08,0,0.97,3.63,3.36,6.45,3.55,5,0,0.12
27.25,83.25,Pharenda,Uttar Pradesh,0.4,0.43,0.07,0,2.42,6.27,3.82,10.76,3.65,5.64,0,0.18
27.25,83.5,Maharajganj,Uttar Pradesh,0.31,0.39,0.07,0,1.9,4.98,3.29,9.3,3.14,4.61,0,0.14
27.25,83.75,Nichlaul,Uttar Pradesh,0.17,0.34,0.06,0,0.93,2.65,2.53,6.55,2.49,2.71,0,0.06
27.5,77.5,Mathura,Uttar Pradesh,0.49,0.61,0.53,0.08,0.34,1.25,3.86,2.44,2.12,0,0,0
27.5,77.75,Mathura,Uttar Pradesh,1.64,0.42,0.69,0.2,0.29,0.32,3.92,2.56,1.97,0.04,0,0.17
27.5,78,Hathras,Uttar Pradesh,1.58,0.23,0.59,0.5,0.06,0.21,4.53,2.69,2.13,0.23,0,0.32
27.5,78.25,Jalesar,Uttar Pradesh,1.53,0.24,0.61,0.52,0.07,0.23,4.52,3.06,2.63,0.38,0,0.36
27.5,78.5,Etah,Uttar Pradesh,1.66,0.47,0.68,0.03,0.23,0.13,2.87,2.46,3.06,0.33,0,0.41
27.5,78.75,Etah,Uttar Pradesh,1.29,0.37,0.6,0.12,0.09,0.11,2.28,1.38,1.81,0.25,0,0.38
27.5,79,Aliganj,Uttar Pradesh,0.81,0.21,0.55,0.23,0,0.07,1.23,0.84,0.8,0.16,0,0.13
27.5,79.25,Aliganj,Uttar Pradesh,1.66,0.57,0.83,0.41,0.08,0.38,2.19,0.29,5.34,0.66,0,0.37
27.5,79.5,Kaimganj,Uttar Pradesh,0.92,0.54,0.4,0.27,0.02,0.61,2.01,0.53,2.27,0.35,0,0.5
27.5,79.75,Sawayajpur,Uttar Pradesh,1.46,0.84,0.7,0.34,0.17,0.18,3.42,0.6,1.9,0.99,0,0.54
27.5,80,Hardoi,Uttar Pradesh,1.58,1.2,0.61,0.59,0.35,0.41,4.61,0.75,2.92,1.82,0,0.68
27.5,80.25,Hardoi,Uttar Pradesh,1.65,1.02,1.1,0.19,0.03,1.15,4.84,1.72,3.08,2.01,0,0.76
27.5,80.5,Unknown,Uttar Pradesh,2.46,1.01,1.31,0.19,0.01,2.78,7.61,4.15,2.89,2.94,0,0.77
27.5,80.75,Sitapur,Uttar Pradesh,2.38,1.45,0.23,0.26,0.25,2.63,16.29,5.41,3.54,3.7,0,0.65
27.5,81,Biswan,Uttar Pradesh,1.93,1.53,0.24,0.17,0.16,1.75,13.76,4.49,3.6,2.88,0,0.65
27.5,81.25,Biswan,Uttar Pradesh,0.98,1.8,0.08,0.01,0.01,1.13,17.92,5.77,6.1,2.23,0,0.73
27.5,81.5,Mahasi,Uttar Pradesh,1.03,1.8,0.07,0.01,0.01,1.33,18.71,6.44,6.37,2.14,0,0.73
27.5,81.75,Bahraich,Uttar Pradesh,0.81,1.68,0.03,0.01,0.01,2.23,16.31,9.68,4.41,1.74,0,0.49
27.5,82,Ikauna,Uttar Pradesh,0.81,1.17,0,0.02,0.02,2.45,12.67,9.19,3.49,1.81,0,0.26
27.5,82.25,Tulsipur,Uttar Pradesh,0.55,0.97,0,0.02,0.1,2.16,7.74,8.24,3.28,2.92,0,0.26
27.5,82.5,Tulsipur,Uttar Pradesh,0.38,0.68,0.01,0.01,0.2,2.05,6.54,7.64,3.26,3.39,0,0.17
27.5,82.75,Shohratgarh,Uttar Pradesh,0.31,0.53,0.02,0.01,0.45,2.43,4.08,6.94,3.17,4.28,0,0.13
27.75,77.5,Mathura,Uttar Pradesh,0.78,0.5,0.84,0.17,0.34,0.31,1.93,0.93,1.79,0.17,0,0.12
27.75,77.75,Mathura,Uttar Pradesh,1.44,0.33,0.51,0.14,0.57,0.52,3.73,2.11,3.55,0.04,0,0.03
27.75,78,Iglas,Uttar Pradesh,1.79,0.49,0.77,0.22,0.32,0.93,3.95,2.12,2.78,0.25,0,0.14
27.75,78.25,Koil,Uttar Pradesh,1.52,0.46,0.9,0.39,0.27,0.57,4.38,3.35,2.44,0.69,0,0.18
27.75,78.5,Kasganj,Uttar Pradesh,1.62,0.65,1.3,0.33,0.33,0.73,4.41,5.15,2.73,0.93,0,0.16
27.75,78.75,Sahawar,Uttar Pradesh,1.41,0.59,0.97,0.22,0.21,0.54,3.39,3.47,2.5,0.71,0,0.3
27.75,79,Patiyali,Uttar Pradesh,1.3,0.48,0.78,0.32,0.05,0.28,2.14,0.92,3.32,0.61,0,0.42
27.75,79.25,Dataganj,Uttar Pradesh,1.35,0.44,0.63,0.16,0.04,0.19,2.85,0.98,3.64,0.54,0,0.23
27.75,79.5,Jalalabad,Uttar Pradesh,1.29,0.32,0.47,0.01,0,0.2,3.48,1.78,2.53,0.27,0,0.1
27.75,79.75,Shahjahanpur,Uttar Pradesh,1.29,0.55,0.7,0.19,0.09,0.3,5.94,1.37,1.85,0.85,0,0.38
27.75,80,Shahjahanpur,Uttar Pradesh,1.33,0.53,0.57,0.19,0.16,1.33,7.67,2.45,4.58,1.36,0,0.44
27.75,80.25,Shahabad,Uttar Pradesh,1.85,0.69,0.9,0.18,0.11,2.09,6.59,3.33,4.23,2.22,0,0.7
27.75,80.5,Unknown,Uttar Pradesh,2.37,0.76,0.66,0.16,0.22,2.98,6.77,4.32,3.23,2.94,0,0.84
27.75,80.75,Sitapur,Uttar Pradesh,2.34,0.75,0.31,0.16,0.29,2.47,12.45,5.89,4.15,2.91,0,0.64
27.75,81,Laharpur,Uttar Pradesh,1.97,0.95,0.13,0.11,0.25,1.61,16.51,6.87,5.03,2.57,0,0.55
27.75,81.25,Dhaurahara,Uttar Pradesh,1.27,1.47,0.07,0.04,0.1,1.28,17.19,8.41,6.5,1.84,0,0.61
27.75,81.5,Nanpara,Uttar Pradesh,1.02,1.67,0.06,0.02,0.02,2.08,16.28,10.98,7.94,1.18,0,0.62
27.75,81.75,Bhinga,Uttar Pradesh,0.84,1.69,0.03,0.01,0.01,2.26,20.12,10.78,4.85,1.75,0,0.55
27.75,82,Bhinga,Uttar Pradesh,0.76,1.33,0.02,0.02,0.02,2.3,15.59,10.38,5.21,1.67,0,0.43
27.75,82.25,Balrampur,Uttar Pradesh,0.57,0.99,0,0.02,0.07,2.23,12.19,9.24,3.62,2.53,0,0.24
28,77.75,Khair,Uttar Pradesh,1.96,0.43,0.67,0.18,0.22,1.08,1.94,1.2,2.07,0.65,0,0.43
28,78,Gabhana,Uttar Pradesh,1.62,0.58,0.72,0.32,0.37,1.28,4.05,1.68,3.13,0.62,0,0.14
28,78.25,Atrauli,Uttar Pradesh,1.43,0.63,0.81,0.32,0.39,0.62,4.26,1.19,2.66,0.65,0,0.18
28,78.5,Atrauli,Uttar Pradesh,1.76,1.2,0.93,0.23,0.24,0.76,5.01,4.13,2.13,1.44,0,0.13
28,78.75,Sahaswan,Uttar Pradesh,1.4,1.09,0.9,0.28,0.12,0.85,4.64,3.41,2.06,1.3,0,0.52
28,79,Budaun,Uttar Pradesh,1,0.8,0.86,0.25,0.07,0.82,3.64,2.78,2.05,1.08,0,0.82
28,79.25,Budaun,Uttar Pradesh,0.49,0.43,0.36,0.01,0,0.09,2.69,0.79,1.17,0.63,0,0.46
28,79.5,Tilhar,Uttar Pradesh,0.76,0.36,0.55,0.09,0.05,0.33,5.72,1.56,1.54,0.58,0,0.21
28,79.75,Tilhar,Uttar Pradesh,1.08,0.77,0.55,0.16,0.12,1.29,10.43,3.05,2.73,1.18,0,0.31
28,80,Powayan,Uttar Pradesh,1.37,0.4,0.47,0.19,0.21,2,8.55,3.17,6.78,1.71,0,0.49
28,80.25,Mohammdi,Uttar Pradesh,1.61,0.73,0.44,0.14,0.19,2.26,8.26,3.6,5.14,1.91,0,0.53
28,80.5,Lakhimpur,Uttar Pradesh,2.19,0.53,0.38,0.16,0.25,3.09,8.94,4.84,4.49,2.97,0,0.79
28,80.75,Lakhimpur,Uttar Pradesh,2.06,0.38,0.22,0.12,0.28,1.99,14.36,6.89,5.3,2.4,0,0.51
28,81,Dhaurahara,Uttar Pradesh,2.11,0.33,0.15,0.09,0.32,1.7,18.06,8.08,5.82,2.22,0,0.38
28,81.25,Nanpara,Uttar Pradesh,1.68,0.91,0.13,0.06,0.16,1.8,18.64,9.56,7.13,1.83,0,0.58
28,81.5,Nanpara,Uttar Pradesh,1.36,1.31,0.07,0.04,0.07,2,16.14,10.94,7.88,1.2,0,0.56
28.25,77.75,Khurja,Uttar Pradesh,1.8,0.37,0.96,0.28,0.24,0.4,0.56,0.66,0.56,0.06,0,0.13
28.25,78,Shikarpur,Uttar Pradesh,2.21,1.04,1.5,0.16,0.35,0.94,3.73,0.96,2.65,0.72,0,0.49
28.25,78.25,Debai,Uttar Pradesh,1.4,1.1,1.29,0.1,0.54,0.38,2.66,0.25,1.58,0.55,0,0.45
28.25,78.5,Gunnaur,Uttar Pradesh,1.52,1.25,1.06,0.27,0.26,0.53,4.46,2.48,1.59,1.08,0,0.3
28.25,78.75,Bisauli,Uttar Pradesh,1.13,1.23,1.05,0.53,0,0.37,5.62,2.46,1.18,0.95,0,0.31
28.25,79,Bisauli,Uttar Pradesh,1.34,0.9,1.01,0.19,0.04,1.23,7.61,1.71,3,0.89,0,0.68
28.25,79.25,Aonla,Uttar Pradesh,0.7,0.46,0.97,0.22,0.11,0.44,3.94,1.06,2.41,0.34,0,0.41
28.25,79.5,Faridpur,Uttar Pradesh,0.36,0.21,0.59,0.24,0.01,2.62,4.79,4.46,1.55,0.65,0,0.23
28.25,79.75,Bisalpur,Uttar Pradesh,0.63,0.53,0.58,0.19,0.02,2.91,6.86,5.01,1.7,0.85,0,0.3
28.25,80,Powayan,Uttar Pradesh,1.15,0.9,0.67,0.06,0.09,1.72,7.53,2.93,2.96,0.98,0,0.53
28.25,80.25,Powayan,Uttar Pradesh,1.24,0.86,0.63,0.08,0.09,2.98,10.05,4.62,5.85,2.14,0,0.56
28.25,80.5,Gola Gokaran Nath,Uttar Pradesh,1.61,0.4,0.39,0.2,0.08,3.8,12.65,5.22,6.22,2.9,0,0.66
28.25,80.75,Nighasan,Uttar Pradesh,1.52,0.39,0.41,0.21,0.04,3.85,17.66,6.64,6.65,3,0,0.66
28.25,81,Nighasan,Uttar Pradesh,1.94,0.38,0.24,0.13,0.23,2.39,22.55,8.77,6.51,2.62,0,0.5
28.25,81.25,Nanpara,Uttar Pradesh,1.77,0.6,0.21,0.11,0.17,2.26,19.12,9.48,7.21,2,0,0.55
28.5,77.5,Gautam Buddha Nagar,Uttar Pradesh,0.78,0.48,0.54,0.1,0.34,0.93,0.24,1.92,2.39,0.06,0,0.11
28.5,77.75,Sikandrabad,Uttar Pradesh,1.1,0.91,1.11,0.16,0.54,1.45,0.86,1.25,1.8,0.07,0,0.18
28.5,78,Syana,Uttar Pradesh,2.07,1.23,1.62,0.09,0.37,0.77,3.74,0.97,1.89,0.67,0,0.56
28.5,78.25,Anupshahr,Uttar Pradesh,1.76,1.22,1.72,0.24,0.36,0.62,3.75,1.7,1.68,0.69,0,0.76
28.5,78.5,Sambhal,Uttar Pradesh,1.3,1.6,1.71,0.27,0.27,0.4,5.37,2.01,1.69,0.78,0,0.82
28.5,78.75,Unknown,Uttar Pradesh,0.85,1.35,0.88,0.11,0.09,0.15,6.42,1.82,2.06,0.86,0,0.5
28.5,79,Shahabad,Uttar Pradesh,1.1,0.95,0.86,0.2,0.06,0.65,6.9,1.87,3.23,0.79,0,0.65
28.5,79.25,Meerganj,Uttar Pradesh,1.35,1.03,1.38,0.38,0.39,0.86,6.97,3.01,3.36,0.5,0,0.8
28.5,79.5,Nawabganj,Uttar Pradesh,0.75,0.52,0.82,0.19,0.06,0.93,3.96,2.55,1.85,0.42,0,0.38
28.5,79.75,Nawabganj,Uttar Pradesh,0.71,0.56,0.69,0.14,0.05,1.24,5.77,2.68,1.54,0.58,0,0.39
28.5,80,Puranpur,Uttar Pradesh,0.86,0.5,1.04,0.01,0.09,0.83,7.12,2.18,1.27,0.59,0,0.66
28.5,80.25,Puranpur,Uttar Pradesh,1.22,0.88,0.99,0.13,0.24,4.16,10.56,5.54,5.51,2,0,1.19
28.5,80.5,Palia,Uttar Pradesh,1.42,0.42,0.56,0.15,0.08,4.88,10.31,5.7,6.28,2.27,0,0.65
28.5,80.75,Palia,Uttar Pradesh,1.72,0.4,0.37,0.17,0.13,3.77,17.19,6.9,6.55,2.77,0,0.63
28.75,77.5,Modinagar,Uttar Pradesh,0.79,1.46,1.4,0.17,0.95,2.09,1.92,0.94,2.06,0.02,0,0.18
28.75,77.75,Meerut,Uttar Pradesh,1.17,1.64,1.54,0.14,0.97,2.25,2.31,1.04,2.47,0.04,0,0.21
28.75,78,Garhmukteshwar,Uttar Pradesh,1.07,1.28,1.44,0.01,0.51,0.38,5.22,0.93,1.15,0.48,0,0.37
28.75,78.25,Hasanpur,Uttar Pradesh,1.41,1.34,2,0.08,0.43,0.2,6.96,1.09,1.83,0.6,0,0.56
28.75,78.5,Sambhal,Uttar Pradesh,1.29,1.81,1.76,0.47,0.23,0.4,7.74,1.46,2.9,0.75,0,1.07
28.75,78.75,Bilari,Uttar Pradesh,1.35,2.8,1.19,0.3,0.13,0.43,6.05,2.23,4.64,1.41,0,1.33
28.75,79,Unknown,Uttar Pradesh,1.21,2.13,1.23,0.2,0.27,0.39,6.16,2.92,3.17,1.14,0,1.25
28.75,79.25,Milak,Uttar Pradesh,2.91,2.93,2.08,0.64,1.29,1.85,13.52,7.29,3.1,1.02,0,1.6
28.75,79.5,Baheri,Uttar Pradesh,1.43,1.41,1.15,0.32,0.39,1.17,7.2,3.66,2.26,0.66,0,0.71
28.75,79.75,Pilibhit,Uttar Pradesh,1.07,1.04,0.89,0.21,0.2,1.27,11.31,4.91,3.23,1.2,0,1.15
28.75,80.25,Puranpur,Uttar Pradesh,1.3,1.04,1.09,0.19,0.38,3.1,12.96,6.1,4.95,1.89,0,1.53
29,77.25,Baghpat,Uttar Pradesh,1.32,1.67,1.15,0.28,1.2,2.2,2.57,1.62,2.95,0.02,0,0.14
29,77.5,Meerut,Uttar Pradesh,1.81,1.28,1.24,0.35,1.25,1.43,4.96,1.01,3.12,0.09,0,0.13
29,77.75,Meerut,Uttar Pradesh,3.71,1.84,1.33,0.05,0.71,0.82,4.23,1.31,5.21,0.01,0,0.17
29,78,Mawana,Uttar Pradesh,2.6,1.63,1.74,0.01,0.52,0.28,6.57,1.13,3.93,0.37,0,0.42
29,78.25,Dhanaura,Uttar Pradesh,1.87,1.46,2.69,0.04,0.54,0.08,10.15,0.98,2.89,0.65,0,0.61
29,78.5,Amroha,Uttar Pradesh,1.51,1.88,2.19,0.46,0.28,0.47,9.87,1.94,3.47,0.88,0,1.2
29,78.75,Thakurdwara,Uttar Pradesh,0.76,2.3,1.25,0.29,0.15,0.39,6.26,3.24,1.53,0.94,0,1.82
29,79,Tanda,Uttar Pradesh,1.17,2.46,1.27,0.18,0.21,0.79,6.09,3.16,1.55,1.06,0,1.81
29.25,77.25,Baraut,Uttar Pradesh,1.36,2.08,0.58,0.43,0.66,0.53,2.92,1.03,2.58,0.08,0,0.15
29.25,77.5,Budhana,Uttar Pradesh,1.21,2.02,0.55,0.42,0.74,0.51,3.19,1.16,1.92,0.21,0,0.27
29.25,77.75,Khatauli,Uttar Pradesh,3.28,2.04,1.12,0.16,0.71,0.49,5.93,1.78,5.83,0.29,0,0.25
29.25,78,Mawana,Uttar Pradesh,2.62,1.85,0.85,0.06,0.6,0.11,8.48,2.01,6.81,0.59,0,0.25
29.25,78.25,Bijnor,Uttar Pradesh,2.79,1.59,1.25,0.11,1.32,0.11,13.55,3.05,3.38,0.67,0,0.6
29.25,78.5,Dhampur,Uttar Pradesh,1.95,2.37,1.6,0.14,0.93,0.61,12.54,4.47,2.68,1.22,0,1.22
29.25,78.75,Thakurdwara,Uttar Pradesh,0.61,3.26,1.71,0.17,0.76,1,8.81,4.34,1.23,1.5,0,1.66
29.5,77.25,Shamli,Uttar Pradesh,1.67,2.66,0.8,0.57,0.67,0.44,4.47,1.75,2.9,0.26,0,0.34
29.5,77.5,Muzaffarnagar,Uttar Pradesh,1.59,3.32,0.94,0.99,1.25,0.66,6.67,3.15,2.65,0.71,0,0.55
29.5,77.75,Muzaffarnagar,Uttar Pradesh,2.03,2.5,0.89,0.48,0.75,0.28,7.82,2.69,5.04,0.63,0,0.39
29.5,78,Bijnor,Uttar Pradesh,2.57,1.94,0.81,0.16,1.01,0.14,10.36,2.45,6.95,0.63,0,0.32
29.5,78.25,Najibabad,Uttar Pradesh,3.34,2.11,1.09,0.25,1.65,0.19,14.67,2.83,3.29,0.78,0,0.64
29.5,78.5,Nagina,Uttar Pradesh,2.53,1.89,1.07,0.23,1.21,0.48,14.19,5.25,3.6,0.67,0,0.58
29.75,77.25,Nakur,Uttar Pradesh,2.01,1.84,1.46,0.35,0.42,0.7,4.52,2.14,3.63,1.11,0,0.78
29.75,77.5,Rampur Maniharan,Uttar Pradesh,2.45,3.18,1.2,0.48,0.26,0.09,6.06,2.31,3.94,0.29,0,0.46
29.75,77.75,Deoband,Uttar Pradesh,2.84,1.78,1.36,0.27,0.41,0.63,10.28,4.68,4.11,0.33,0,0.56
30,77.5,Saharanpur,Uttar Pradesh,2,1.44,0.88,0.27,0.42,0.47,4.29,2.22,2.35,0.54,0,0.48
30,77.75,Saharanpur,Uttar Pradesh,2.96,2.25,1.54,0.34,0.5,1.44,11.94,8.06,4.05,0.83,0,0.63
30.25,77.75,Behat,Uttar Pradesh,2.65,4.86,2.34,0.92,0.88,2.76,15.33,19.34,3.73,2.43,0,1.01
28.75,80,Khatīma,Uttarakhand,1.52,1.48,1.33,0.27,0.64,1.92,19.81,8.88,5.38,2.15,0,2.23
29,79.25,Gadarpur,Uttarakhand,3.21,4.07,1.69,0.37,0.55,3.63,15.56,3.91,3.22,1.76,0,1.42
29,79.5,Kichha,Uttarakhand,3.21,3.12,1.35,0.33,0.76,3.36,18.42,6.73,3.8,1.61,0,1.4
29,79.75,Sitarganj,Uttarakhand,2,2.08,1.5,0.29,0.82,1.67,17.09,5.93,3.33,2.13,0,1.96
29,80,Khatīma,Uttarakhand,1.87,1.83,1.6,0.28,0.81,1.61,18.57,7.01,3.88,2.22,0,2.17
29.25,79,Kashipur,Uttarakhand,1.59,1.74,1.33,0.18,0.66,1.27,10.92,6.32,2.06,1.26,0,1.86
29.25,79.25,Kaladhungi,Uttarakhand,2.95,1.6,1.39,0.21,0.85,3.42,26.43,13.82,6.36,1.65,0,1.87
29.25,79.5,Nainital,Uttarakhand,2.89,2.78,1.6,0.48,1.24,2.78,24.65,10.24,4.9,2.12,0,2.59
29.25,79.75,Dhari,Uttarakhand,2.71,2.92,2.43,0.41,1.46,1.58,17.98,3.93,1.46,2.52,0,2.33
29.25,80,Purnagiri,Uttarakhand,2.5,2.76,2.44,0.39,1.4,1.72,17.36,4.02,1.79,2.46,0,2.29
29.25,80.25,Champawat,Uttarakhand,2.09,2.68,2.6,0.49,1.54,2.66,16.5,4.53,3.01,2.2,0,2.32
29.5,78.75,Kotdwara,Uttarakhand,0.98,2.82,1.63,0.27,0.57,0.91,11.73,6.41,2.79,1.44,0,1.46
29.5,79,Ramnagar,Uttarakhand,2.27,2.5,1.68,0.66,1.33,2.37,18.15,8.67,4.26,1.34,0,1.78
29.5,79.25,Nainital,Uttarakhand,2.38,2.76,1.66,0.79,1.38,2.7,21.65,10.64,5.6,1.58,0,1.97
29.5,79.5,Ranikhet,Uttarakhand,2.55,4.09,2.05,0.93,1.73,1.61,20.65,4.9,2.76,2.61,0,3.05
29.5,79.75,Lamgara Tehsil,Uttarakhand,2.37,3.06,2.53,0.56,1.59,2.12,16.64,3.57,2.04,2.29,0,2.41
29.5,80,Bhanoli,Uttarakhand,1.86,3,3.07,0.66,1.94,3.47,15.23,3.8,3.29,1.91,0,2.48
29.5,80.25,Pithoragarh Tehsil,Uttarakhand,2.01,3.02,2.81,0.73,1.79,2.91,15.76,4.62,2.8,2.02,0,2.27
29.75,78,Laksar,Uttarakhand,3.13,2.83,1.32,0.37,1.06,1.68,13.13,6.27,5.2,0.45,0,0.54
29.75,78.25,Hardwar,Uttarakhand,2.18,2.55,0.77,0.35,1.07,1.45,13.75,8.89,5.84,0.47,0,0.46
29.75,78.5,Kotdwara,Uttarakhand,0.84,2.08,0.73,0.68,0.55,0.86,13.75,11.24,4.95,0.57,0,0.66
29.75,78.75,Lansdowne,Uttarakhand,0.92,2.82,1.01,0.72,0.66,0.9,11.78,9.02,4.32,0.49,0,0.6
29.75,79,Dhoomakot,Uttarakhand,2.02,3,1.58,0.91,1.29,2.04,16.49,7.09,3.75,1.22,0,1.63
29.75,79.25,Bhikiasain,Uttarakhand,2.12,3.31,1.95,1.06,1.58,1.78,15.08,4.04,2.47,1.13,0,1.67
29.75,79.5,Dwarahat,Uttarakhand,1.67,3.12,1.49,0.68,1.5,1,15.47,4.95,1.54,1.52,0,2.34
29.75,79.75,Bageshwar,Uttarakhand,1.62,3.13,1.98,0.54,1.65,1.47,15.75,5.06,1.87,1.63,0,2.46
29.75,80,Gangolihat,Uttarakhand,1.64,3.17,2.88,0.9,1.96,3.54,15.24,5.83,3.65,1.75,0,2.21
29.75,80.25,Didihat,Uttarakhand,1.62,3.27,2.82,1.07,1.94,3.62,15.4,7.21,3.88,1.74,0,1.96
30,78,Hardwar,Uttarakhand,3.05,4.08,1.63,0.44,0.44,3.12,14.48,8.95,4.2,0.78,0,0.55
30,78.25,Yamkeshwar,Uttarakhand,1.8,3.86,1.34,0.52,0.81,2.45,15.61,8.2,4.86,0.43,0,0.63
30,78.5,Yamkeshwar,Uttarakhand,0.79,3.21,1.26,0.82,0.88,1.09,12.83,7.03,4.19,0.38,0,0.72
30,78.75,Pauri,Uttarakhand,0.51,3.51,1.84,1.09,1.79,0.86,9.8,5.69,2.29,0.63,0,1.09
30,79,Thailisain,Uttarakhand,0.48,2.69,1.99,1.54,1.56,1.01,10.52,7.55,2.36,0.98,0,1.65
30,79.25,Gairsain,Uttarakhand,0.86,3.03,2.05,1.61,0.92,0.97,13.97,7.69,2.61,1.17,0,1.27
30,79.5,Garud,Uttarakhand,1.08,3.18,1.62,0.92,0.87,0.87,15.17,6.42,1.77,1.37,0,1.48
30,79.75,Kapkot,Uttarakhand,1.23,3.45,2.06,1.19,1.63,2.38,15.25,8.53,3.09,1.46,0,1.67
30,80,Kapkot,Uttarakhand,1.06,3.79,2.66,1.83,2.07,4.64,15.21,13.28,5.69,1.34,0,1.06
30,80.25,Munsiari tehsil,Uttarakhand,1.17,3.67,2.66,1.69,2.04,4.35,15.29,11.98,5.24,1.43,0,1.26
30,80.5,Dharchula Tehsil,Uttarakhand,1.31,3.55,2.72,1.53,2.01,4.15,15.32,10.52,4.85,1.53,0,1.47
30.25,78,Dehradun,Uttarakhand,2.32,5.07,2.34,1,0.97,2.52,15.18,17.54,4,1.89,0,0.87
30.25,78.25,Unknown,Uttarakhand,1.24,5.19,2.53,1.34,2.91,0.79,11.7,6.61,3.06,0.43,0,0.59
30.25,78.5,Narendra Nagar,Uttarakhand,0.68,4.78,1.82,1.04,1.37,0.63,8.95,2.84,2.34,0.32,0,0.65
30.25,78.75,Devprayag,Uttarakhand,0.25,3.31,2.03,1.29,3.02,1.81,12.43,8.38,2.11,1.05,0,1.74
30.25,79,Rudraprayag,Uttarakhand,0.21,2.58,1.93,1.99,2.04,1.18,10.9,9.55,2.42,1.3,0,2.31
30.25,79.25,Karnaprayag,Uttarakhand,0.5,3.04,2.42,2.16,1.5,1.51,14.41,10.67,2.89,1.3,0,1.97
30.25,79.5,Chamoli Tehsil,Uttarakhand,0.58,3.59,2.63,2.38,1.24,1.28,14.71,9.65,2.71,1.39,0,1.43
30.25,79.75,Tharali,Uttarakhand,1.02,3.66,2.52,1.93,1.74,2.86,15.47,11.04,4.2,1.39,0,1.34
30.25,80,Kapkot,Uttarakhand,1.07,3.79,2.67,1.89,2.06,4.46,15.22,12.82,5.47,1.37,0,1.13
30.25,80.25,Munsiari tehsil,Uttarakhand,1.11,3.74,2.69,1.85,2.05,4.36,15.22,12.26,5.31,1.39,0,1.22
30.25,80.5,Dharchula Tehsil,Uttarakhand,1.16,3.68,2.71,1.73,2.05,4.43,15.25,12.01,5.32,1.42,0,1.26
30.25,80.75,Dharchula Tehsil,Uttarakhand,1.13,3.72,2.73,1.85,2.08,4.59,15.22,12.43,5.53,1.4,0,1.19
30.25,81,Dharchula Tehsil,Uttarakhand,1.08,3.77,2.72,1.97,2.09,4.7,15.21,13.07,5.71,1.36,0,1.09
30.5,78,Dhanaulti,Uttarakhand,1.19,5.78,2.54,1.25,1.01,1.61,14.43,12.76,3.62,0.74,0,0.87
30.5,78.25,Dhanaulti,Uttarakhand,1.28,5.26,3,1.68,3.62,0.88,12.92,8.4,3.21,0.96,0,0.55
30.5,78.5,Pratapnagar,Uttarakhand,0.76,5.09,2.65,1.55,2.73,0.75,11.73,6.02,2.31,0.82,0,0.63
30.5,78.75,Ghansali,Uttarakhand,0.44,3.8,2.36,1.34,2.83,1.68,12.07,8.21,2.62,0.88,0,1.33
30.5,79,Jakholi,Uttarakhand,0.32,3.13,2.25,1.84,2.37,1.9,13.98,11.03,2.68,1.25,0,2.2
30.5,79.25,Chamoli Tehsil,Uttarakhand,0.49,3.97,2.85,2.45,1.89,2.15,16.17,12.68,3.1,1.34,0,2.06
30.5,79.5,Joshimath Tehsil,Uttarakhand,0.43,5,3.29,3.27,1.89,1.6,14.41,10.39,2.68,1.54,0,1.31
30.5,79.75,Joshimath Tehsil,Uttarakhand,0.65,4.48,3,2.67,1.84,2.62,15.28,11.47,3.58,1.45,0,1.26
30.5,80,Joshimath Tehsil,Uttarakhand,0.87,4.06,2.79,2.29,1.95,3.91,15.28,12.74,4.84,1.37,0,1.1
30.5,80.25,Munsiari tehsil,Uttarakhand,1,3.96,2.76,2.11,2.05,4.16,15.12,12.54,5.18,1.39,0,1.13
30.75,77.75,Tyuni,Uttarakhand,1.35,4.21,2.18,1.83,1.99,0.96,8.61,4.32,1.86,0.2,0,0.96
30.75,78,Chakrata,Uttarakhand,1.41,4.06,2.21,1.88,2.39,1.61,10.96,4.35,2.4,0.73,0,0.89
30.75,78.25,Dunda,Uttarakhand,0.88,4.07,3.02,1.99,3.11,3.25,22.45,10.44,6.06,3.06,0,0.63
30.75,78.5,Bhatwari,Uttarakhand,0.66,4.11,3.02,1.68,2.75,1.64,14.9,8.07,3.18,1.09,0,0.79
30.75,78.75,Bhatwari,Uttarakhand,0.69,4.29,3.06,1.56,3.08,2.01,13.86,9.91,3.69,0.89,0,0.91
30.75,79,Ghansali,Uttarakhand,0.58,4.24,2.99,2.05,2.56,1.94,14.03,10.92,3.41,1.07,0,1.36
30.75,79.25,Bhatwari,Uttarakhand,0.43,4.46,3.05,2.86,1.99,1.77,14.58,11.06,2.83,1.43,0,1.64
30.75,79.5,Joshimath Tehsil,Uttarakhand,0.44,4.67,3.2,3.13,1.86,1.65,14.57,10.54,2.69,1.51,0,1.48
30.75,79.75,Joshimath Tehsil,Uttarakhand,0.56,4.49,3.06,2.83,1.89,2.24,15.04,11.64,3.39,1.45,0,1.43
30.75,80,Joshimath Tehsil,Uttarakhand,0.75,4.29,2.91,2.55,1.94,3.28,15.22,12.29,4.3,1.41,0,1.19
31,78,Mori,Uttarakhand,1.2,3.92,3.07,2.08,2.59,1.12,10.1,4.6,2.97,0.91,0,0.97
31,78.25,Puraula,Uttarakhand,0.79,4.07,3.02,1.91,2.97,2.66,19.76,9.52,5,2.36,0,0.69
31,78.5,Rajgarhi,Uttarakhand,0.74,4.25,3.09,1.68,3,2.19,16.01,9.62,4.16,1.4,0,0.78
31,78.75,Bhatwari,Uttarakhand,0.74,4.33,3.12,1.63,3.05,2.14,15.08,9.88,4.05,1.17,0,0.8
31,79,Bhatwari,Uttarakhand,0.62,4.38,3.09,2.05,2.59,1.97,14.64,10.76,3.4,1.02,0,1.24
31,79.25,Bhatwari,Uttarakhand,0.5,4.43,3.06,2.56,2.2,1.89,14.67,11.18,3.08,1.29,0,1.53
31,79.5,Joshimath Tehsil,Uttarakhand,0.44,4.55,3.1,2.88,2,1.8,14.73,11.1,2.85,1.43,0,1.6
31,79.75,Joshimath Tehsil,Uttarakhand,0.51,4.66,3.15,2.98,1.91,2.05,15,11.36,3.11,1.48,0,1.45
31.25,79,Bhatwari,Uttarakhand,0.63,4.44,3.14,1.95,2.7,1.82,14.08,9.87,3.3,0.96,0,1.02
21.75,87.5,Egra-I,West Bengal,0,1.64,0.34,0.16,7.33,6.56,15.13,19.18,11.35,3.54,0,0
21.75,87.75,Contai-I,West Bengal,0,1.73,0.33,0.15,6.99,8.54,14.43,18.12,11.94,5.87,0,0.01
21.75,88.25,Namkhana,West Bengal,0.01,2.09,1.06,0.06,5.95,6.76,10.84,11.57,11.45,3.4,0,0.02
21.75,88.75,Unknown,West Bengal,0,2.09,1.37,0.01,6.26,6.5,9.86,9.06,9.96,1.36,0,0.01
22,87.25,Dantan-I,West Bengal,0,1.55,0.52,0.22,5.46,5.59,13.67,12.35,8.37,3.32,0,0
22,87.5,Potashpur-I,West Bengal,0,1.68,0.36,0.12,6.88,8.6,12.16,16.8,10.68,2.9,0,0.01
22,87.75,Bhagwanpur-II,West Bengal,0.02,1.96,0.32,0.09,5.59,8.54,10.62,13.17,10.55,2.59,0,0.05
22,88,Nandigram-I,West Bengal,0.01,2.25,0.59,0.07,5.44,6.97,9.43,9.27,10.25,2.13,0,0.06
22,88.25,Kulpi,West Bengal,0.01,2.18,1.28,0.03,5.97,6.03,9.21,8.4,10.43,1.62,0,0.01
22,88.5,Jaynagar - II,West Bengal,0,2.1,1.29,0,6.14,6.48,9.74,9.02,9.86,1.34,0,0.01
22,88.75,Twenty-four Parganas,West Bengal,0,1.94,1.24,0,5.97,7.09,10.93,9.18,9.35,1.18,0,0.02
22,89,Unknown,West Bengal,0,1.84,1.24,0,5.93,7.35,11.32,9.37,9.29,1.16,0,0.01
22.25,87,Gopiballavpur-II,West Bengal,0,1.68,0.58,0.28,4.95,4.47,10.3,8.75,6.24,2.39,0,0
22.25,87.25,Kharagpur-I,West Bengal,0,1.67,0.76,0.42,4.71,6.46,11.9,9.16,6,2.21,0,0
22.25,87.5,Kharagpur-II,West Bengal,0.03,1.9,0.48,0.14,4.99,7.91,10.03,13.81,10.13,1.74,0,0.05
22.25,87.75,Moyna,West Bengal,0.02,2.21,0.32,0.09,5.03,5.89,9.24,8.61,10.08,1.68,0,0.07
22.25,88,Shyampur - I,West Bengal,0.03,2.04,0.36,0.1,4.71,6.19,8.83,6.83,9.99,1.74,0,0.06
22.25,88.25,Diamond Harbour - I,West Bengal,0,2.29,1.69,0,6.66,5.98,8.93,8.41,10.9,1.62,0,0
22.25,88.5,Unknown,West Bengal,0,2.1,1.5,0,6.27,6.47,10.01,8.99,10.15,1.39,0,0.01
22.25,88.75,Basanti,West Bengal,0,1.75,1.12,0,5.61,7.4,11.44,9.36,9.1,1.09,0,0.02
22.25,89,Hingalganj,West Bengal,0,1.59,0.98,0,5.48,7.81,12.04,9.66,8.86,1.01,0,0.01
22.5,87,Binpur-I,West Bengal,0,1.69,0.88,0.53,4.69,7.39,12.33,9.88,5.8,1.93,0,0
22.5,87.25,Salbani,West Bengal,0,1.72,0.66,0.35,4.92,6.61,8.78,9.79,5.93,2.06,0,0
22.5,87.5,Keshpur,West Bengal,0.03,2.14,0.49,0.17,4.9,6.52,8.51,12.25,7.96,1.18,0,0.07
22.5,87.75,Daspur-II,West Bengal,0.02,2.42,0.5,0.1,5.21,6.08,9.19,14.38,9.77,0.76,0,0.1
22.5,88,Bagnan - I,West Bengal,0.03,1.48,0.53,0.01,3.29,7.44,11.83,8.94,10.59,2.07,0,0.01
22.5,88.25,Thakurpukur Maheshtala,West Bengal,0.01,1.67,0.94,0,4.42,7.44,11.59,10.4,5.61,0.3,0,0.09
22.5,88.5,Bhangar - I,West Bengal,0,1.34,0.71,0,5.09,8.55,13.2,10.23,8.94,0.85,0,0.01
22.5,88.75,Minakhan,West Bengal,0,1.37,0.74,0,5.08,8.37,12.81,9.98,9.32,0.92,0,0.02
22.75,86.5,Bundwan,West Bengal,0.02,0.84,0.71,0.09,2.88,5.47,10.68,9.32,3.82,1.38,0,0.01
22.75,86.75,Ranibundh,West Bengal,0.03,1.46,0.73,0.48,3.95,5.89,10.57,9.31,4.3,1.4,0,0.02
22.75,87,Sarenga,West Bengal,0,1.64,0.68,0.39,4.75,7.33,11.08,9.76,5.67,1.87,0,0
22.75,87.25,Garbeta-III,West Bengal,0,1.7,0.67,0.35,4.71,6.4,6.85,10.05,5.97,1.89,0,0.01
22.75,87.5,Chandrakona-II,West Bengal,0.02,1.87,0.68,0.14,3.68,6.61,7.49,9.36,6.1,1.4,0,0.05
22.75,87.75,Khanakul - I,West Bengal,0.01,1.7,0.59,0.02,4.19,6.32,8.48,11.12,6.38,1.12,0,0.04
22.75,88,Jangipara,West Bengal,0,0.87,0.7,0,3.6,9.94,11.84,11,6.54,1.45,0,0.02
22.75,88.25,Chanditala - II,West Bengal,0,1.22,0.62,0,3.46,9.33,12.43,9.49,10.01,1.05,0,0.11
22.75,88.5,Barasat - I,West Bengal,0,1.14,0.52,0,4.85,8.5,13.05,10.17,9.07,0.88,0,0.01
22.75,88.75,Baduria,West Bengal,0,1.25,0.65,0,4.92,7.96,12.58,10.06,8.37,1.09,0,0.02
23,86.25,Barabazar,West Bengal,0,1.38,0.93,0,0.95,6.26,11.23,11.84,4.9,2.52,0,0
23,86.5,Barabazar,West Bengal,0.03,1.26,0.71,0.16,2.23,5.1,10.47,9.38,3.99,1.28,0,0.02
23,86.75,Ranibundh,West Bengal,0.07,0.93,0.66,0.28,2.23,2.94,8.43,10.73,5.74,1.81,0,0.04
23,87,Taldangra,West Bengal,0.08,1.02,0.89,0.21,2.44,2.96,8.71,10.06,5.85,1.26,0,0.03
23,87.25,Taldangra,West Bengal,0.04,1.37,0.99,0.14,2.05,4.07,9.35,8.28,6.01,0.86,0,0.03
23,87.5,Jaypur,West Bengal,0,1.55,0.86,0.11,2.4,6.73,8.74,9.18,6.07,1.07,0,0.03
23,87.75,Raina - II,West Bengal,0,1.58,0.77,0.08,2.71,4.87,6.58,8.8,4.54,1.14,0,0.03
23,88,Jamalpur,West Bengal,0,1.53,0.7,0,3.3,8.28,7.23,7.98,8.46,1.77,0,0.01
23,88.25,Polba - Dadpur,West Bengal,0,1.44,0.66,0,3.23,5.99,7.75,7.96,7.68,2.09,0,0.07
23,88.5,Kalyani,West Bengal,0,1.64,0.59,0,3.82,4.59,8.63,9.47,5.55,2.46,0,0.03
23,88.75,Bongaon,West Bengal,0,1.47,0.56,0,4.16,6.27,10.58,9.69,6.84,1.81,0,0.02
23.25,86,Bagmundi,West Bengal,0.05,1.57,0.75,0,1.27,4.14,8.57,8.11,3.63,2.01,0,0
23.25,86.25,Arsha,West Bengal,0.04,1.11,0.8,0.11,1.37,4.16,9.52,9.64,7.52,2.22,0,0.01
23.25,86.5,Purulia - I,West Bengal,0.06,0.96,0.65,0.26,1.82,2.79,8.26,9.57,7.96,2.15,0,0.03
23.25,86.75,Hura,West Bengal,0.1,1.03,0.44,0.42,2.73,1.51,6.87,12.32,7.43,2.7,0,0.05
23.25,87,Bankura - I,West Bengal,0.08,0.87,1,0.11,2.22,5.57,8.18,9.56,5.64,1.03,0,0.03
23.25,87.25,Sonamukhi,West Bengal,0.06,1.16,1.22,0.06,1.9,5.34,9.79,7.78,6.4,0.76,0,0.03
23.25,87.5,Patrasayer,West Bengal,0,1.8,0.85,0.16,2.01,6.21,11.61,7.68,4.32,0.97,0,0.02
23.25,87.75,Galsi - II,West Bengal,0.01,1.9,0.81,0.1,2.22,6.13,10.63,7.98,4.46,0.95,0,0.01
23.25,88,Burdwan - II,West Bengal,0,2.35,0.72,0.02,2.36,8.04,9.54,8.02,6.1,0.97,0,0.01
23.25,88.25,Kalna - I,West Bengal,0,2.76,0.7,0,2.07,5.56,7.09,8.97,7.94,2,0,0.01
23.25,88.5,Santipur,West Bengal,0,2.29,0.68,0,2.71,5.18,8.02,9.25,6.07,2.27,0,0
23.5,86.5,Para,West Bengal,0.06,0.99,0.6,0.26,1.47,2.8,8.59,7.81,8.25,1.56,0,0.01
23.5,86.75,Raghunathpur - I,West Bengal,0.07,1.09,0.62,0.11,1.95,4.46,7.56,9.59,9.28,1.18,0,0.02
23.5,87,Saltora,West Bengal,0.07,1.13,0.93,0,2.12,7.91,6.88,10.55,6.89,0.92,0,0.02
23.5,87.25,Barjora,West Bengal,0.12,0.83,1.41,0.01,1.87,7.64,10.68,9.37,4.89,0.6,0,0.03
23.5,87.5,Ausgram - II,West Bengal,0.15,1.28,1.05,0.06,1.98,7.11,13.17,9.54,4.97,0.44,0,0.02
23.5,87.75,Mangolkote,West Bengal,0.08,1.91,0.85,0.06,1.97,11.96,8.57,8.08,5.64,0.55,0,0.01
23.5,88,Mangolkote,West Bengal,0,2.6,0.7,0.02,2.1,10.56,6.77,8.63,6.11,1.12,0,0
23.5,88.25,Purbasthali - II,West Bengal,0,2.82,0.68,0,2.01,8.25,6.58,8.77,5.83,1.66,0,0
23.5,88.5,Krishnagar-II,West Bengal,0,2.49,0.66,0,2.48,6.6,7.33,9.03,6.25,1.93,0,0
23.75,87,Barabani,West Bengal,0.11,1.05,1.04,0,2.28,6.35,10.73,10.52,5.71,0.69,0,0.01
23.75,87.25,Khoyrasol,West Bengal,0.17,1.17,0.87,0.01,2.37,6.11,14.07,11.65,4.58,0.4,0,0.01
23.75,87.5,Dubrajpur,West Bengal,0.21,1.19,0.94,0.02,2.18,6.98,13.57,10.27,4.89,0.28,0,0.02
23.75,87.75,Bolpur Sriniketan,West Bengal,0.15,1.26,0.76,0.01,2.52,12.41,7.29,8.81,7.1,0.35,0,0.01
23.75,88,Ketugram - I,West Bengal,0.04,2.03,0.52,0,2.54,10.18,7.21,8.8,8.23,0.58,0,0
23.75,88.25,Kaliganj,West Bengal,0.01,2.34,0.57,0,2.44,9.11,6.79,8.85,6.78,1.17,0,0
23.75,88.5,Tehatta-I,West Bengal,0.01,2.33,0.55,0,2.49,6.05,7.22,9.01,7.68,1.6,0,0
24,87.25,Rajnagar,West Bengal,0.19,1.33,0.78,0.02,2.69,5.28,12.99,10.92,4.15,1.03,0,0
24,87.5,Mohammad Bazar,West Bengal,0.12,1.32,0.77,0,2.51,5.77,12.99,9.14,4.44,0.13,0,0
24,87.75,Mayureswar - II,West Bengal,0.05,1.35,0.44,0,3.19,8.68,8.01,7.75,10.69,0.3,0,0
24,88,Khargram,West Bengal,0.04,1.41,0.34,0,3.33,5.36,8.93,8.42,10.1,0.53,0,0
24,88.25,Beldanga - I,West Bengal,0.04,1.82,0.44,0,3.03,5.56,9.09,7.92,9.69,0.51,0,0
24,88.5,Domkal,West Bengal,0.03,2.04,0.48,0,2.78,5.95,8.21,8.14,8.84,0.85,0,0
24.25,87.75,Rampurhat - I,West Bengal,0.11,1.41,0.51,0,3.65,6.28,11.33,7.5,6.77,0.38,0,0
24.25,88,Nalhati - II,West Bengal,0.05,1.36,0.31,0,3.48,4.9,9.74,7.91,8.94,0.65,0,0
24.25,88.25,Murshidabad Jiaganj,West Bengal,0.08,1.35,0.38,0,3.57,5.34,9.48,7.86,9.24,0.57,0,0
24.25,88.5,Raninagar - II,West Bengal,0.02,1.68,0.34,0.19,3.23,5.34,9.36,8.12,9.46,0.57,0,0
24.5,88,Suti - I,West Bengal,0.15,1.34,0.33,0.05,3.83,5.1,9.64,7.51,8.68,0.62,0,0
24.75,88,Kaliachak - III,West Bengal,0.01,2.09,0.05,0.43,5.51,8.57,12.78,8.04,7.35,0.84,0,0
25,88,English Bazar,West Bengal,0,2.31,0.05,0.74,4.75,9.74,13.4,8.51,7.78,0.74,0,0
25,88.25,Habibpur,West Bengal,0,1.68,0.01,1.62,4.4,10.98,10.97,8.23,9.03,0.97,0,0
25.25,88,Ratua - I,West Bengal,0.01,2.09,0.04,0.99,5.03,10.12,13.38,8.24,9.08,0.62,0,0
25.25,88.25,Gazole,West Bengal,0,1.59,0,1.76,4.27,11.85,10.79,8.11,9.52,0.92,0,0
25.25,88.5,Tapan,West Bengal,0,1.53,0,1.84,4.17,12.1,10.37,8.02,9.51,0.97,0,0
25.25,88.75,Balurghat,West Bengal,0,1.56,0,1.78,4.23,12.69,10.33,8.34,10,0.92,0,0
25.5,88.25,Itahar,West Bengal,0,1.66,0.01,1.63,4.47,9.89,10.05,8.49,9.98,0.75,0,0
25.5,88.5,Kushmundi,West Bengal,0,1.59,0.01,1.72,4.29,11.5,10.18,8.5,9.99,0.89,0,0
25.75,88,Unknown,West Bengal,0.02,1.21,0.03,0.62,5.36,8.35,9.64,12.14,11.28,0.36,0,0
25.75,88.25,Hemtabad,West Bengal,0.02,1.36,0.17,1.39,5.8,9.86,9.87,12.59,11.38,0.7,0,0
26,88,Goalpokhar - II,West Bengal,0.03,0.66,0.3,0.23,8.95,9.91,10.8,19.72,10.48,0.68,0,0
26.25,88.25,Islampur,West Bengal,0.04,0.96,0.7,0.46,12.21,22.12,10.62,26.03,17.94,1.19,0.05,0
26.25,89,Mekliganj,West Bengal,0.01,0.86,0.31,0.37,13.68,22.73,9.53,16.02,20.19,0.8,0,0
26.25,89.25,Mathabhanga - I,West Bengal,0.01,1.26,0.28,1.27,20.27,30.49,10.6,26.71,17.63,1.12,0.01,0.04
26.25,89.5,Cooch Behar - I,West Bengal,0.01,1.86,0.49,1.64,21.32,33.11,10.93,28.79,16.74,1.09,0.11,0.03
26.5,88.25,Phansidewa,West Bengal,0.05,1.13,0.88,0.31,12.46,23.83,11.98,27.57,19.01,0.73,0,0
26.5,88.75,Jalpaiguri Sadar Block,West Bengal,0,0.84,0.38,0.65,11.37,16.15,8.82,24.73,15.31,1.03,0.3,0
26.5,89,Mekliganj,West Bengal,0.01,1.24,0.29,0.88,14.33,18.37,11.56,30.41,16.95,1.08,0.34,0
26.5,89.25,Falakata,West Bengal,0.02,1.24,0.21,1.42,19.19,27.4,11.21,29.05,15.42,1.18,0.02,0
26.5,89.5,Alipurduar - I,West Bengal,0,2.53,0.32,1.74,22.42,34.62,10.54,30.08,16.91,0.84,0.21,0
26.5,89.75,Kumargram,West Bengal,0.01,2.16,0.57,1.4,20.69,32.61,13.35,28.95,17.26,0.82,0.13,0.02
26.75,88.25,Naxalbari block,West Bengal,0.01,0.55,0.39,0.62,10.09,26.98,14.1,31.89,20.92,1,0.06,0.04
26.75,88.5,Rajganj,West Bengal,0,0.34,0.3,0.93,11.86,22.71,13.77,26.51,14.8,1.68,0.05,0
26.75,88.75,Mal,West Bengal,0.01,0.47,0.43,1.55,11.5,22.9,11.07,27.84,14.52,0.74,0.26,0
26.75,89,Dhupguri,West Bengal,0,1.48,0.27,1.4,15.35,18.83,13,40.4,14.79,1.2,0.6,0.01
26.75,89.25,Madarihat,West Bengal,0.01,1.67,0.25,1.5,18.27,24.39,11.89,34.36,15.41,1.03,0.34,0
26.75,89.5,Alipurduar - I,West Bengal,0.01,2.15,0.39,1.66,21.96,32.89,11.32,29.71,16.48,1.02,0.16,0.01
27,88.25,Jorebunglow Sukiapokhri,West Bengal,0,0.1,1.25,1.38,7.34,19.54,12.81,23.17,15.23,0.85,0.01,0.07
27,88.5,Kalimpong -I,West Bengal,0.01,0.3,0.34,1.32,11.11,27.93,15.07,30.67,20.21,1.03,0.07,0
27,88.75,Gorubathan,West Bengal,0,0.31,0.52,1.57,11.72,25.42,12.29,26.39,15.6,0.99,0.2,0
34.5,78.75,Hotan County,Xinjiang,0.23,0.04,0.01,0,0.04,0.01,0.19,0.03,0.44,0,0,0.01
34.5,79,Hotan County,Xinjiang,0.27,0.14,0.08,0.07,0.08,0.01,0.23,0.03,0.44,0,0,0.05
34.5,79.25,Hotan County,Xinjiang,0.41,0.41,0.29,0.25,0.18,0.02,0.34,0.08,0.47,0.01,0,0.14
34.5,79.5,Hotan County,Xinjiang,0.63,0.83,0.62,0.55,0.34,0.05,0.54,0.16,0.52,0.02,0,0.29
34.5,79.75,Hotan County,Xinjiang,0.89,1.37,1.02,0.93,0.54,0.09,0.83,0.29,0.58,0.05,0.01,0.47
34.75,78.25,Hotan County,Xinjiang,0.14,0.06,0,0,0.03,0.01,0.18,0.03,0.76,0,0,0.01
34.75,78.5,Hotan County,Xinjiang,0.18,0.05,0.01,0,0.04,0.01,0.19,0.03,0.59,0,0,0.01
34.75,78.75,Hotan County,Xinjiang,0.23,0.04,0.01,0,0.04,0.01,0.19,0.03,0.44,0,0,0.01
34.75,79,Hotan County,Xinjiang,0.25,0.08,0.04,0.03,0.06,0.01,0.2,0.03,0.44,0,0,0.03
34.75,79.25,Hotan County,Xinjiang,0.33,0.25,0.17,0.14,0.12,0.02,0.28,0.05,0.45,0,0,0.09
34.75,79.5,Hotan County,Xinjiang,0.48,0.54,0.39,0.35,0.23,0.03,0.4,0.1,0.48,0.02,0,0.19
34.75,79.75,Hotan County,Xinjiang,0.68,0.95,0.71,0.64,0.38,0.06,0.61,0.19,0.53,0.03,0,0.33
35,78.25,Hotan County,Xinjiang,0.06,0.08,0,0.01,0.03,0,0.18,0.03,1.02,0,0,0
35,78.5,Hotan County,Xinjiang,0.06,0.08,0,0.01,0.03,0,0.18,0.03,1.03,0,0,0
35,78.75,Hotan County,Xinjiang,0.14,0.06,0,0,0.03,0.01,0.18,0.03,0.74,0,0,0.01
35,79,Hotan County,Xinjiang,0.19,0.06,0.01,0.01,0.04,0.01,0.19,0.03,0.58,0,0,0.02
35,79.25,Hotan County,Xinjiang,0.26,0.16,0.09,0.08,0.08,0.01,0.23,0.04,0.52,0,0,0.05
35,79.5,Hotan County,Xinjiang,0.37,0.35,0.25,0.21,0.15,0.02,0.32,0.07,0.5,0.01,0,0.12
35,79.75,Hotan County,Xinjiang,0.52,0.65,0.48,0.43,0.27,0.04,0.46,0.14,0.51,0.02,0,0.23
35,80,Hotan County,Xinjiang,0.72,1.05,0.78,0.71,0.41,0.07,0.69,0.25,0.56,0.04,0,0.36
35.25,78.25,Hotan County,Xinjiang,0.01,0.1,0,0.01,0.02,0,0.18,0.03,1.2,0,0,0
35.25,78.5,Hotan County,Xinjiang,0.01,0.1,0,0.01,0.02,0,0.18,0.03,1.21,0,0,0
35.25,78.75,Hotan County,Xinjiang,0.07,0.07,0,0.01,0.03,0,0.18,0.03,0.98,0,0,0
35.25,79,Hotan County,Xinjiang,0.13,0.07,0.01,0,0.03,0.01,0.19,0.03,0.78,0,0,0.01
35.25,79.25,Hotan County,Xinjiang,0.2,0.11,0.05,0.04,0.05,0.01,0.21,0.03,0.65,0,0,0.03
35.25,79.5,Hotan County,Xinjiang,0.28,0.23,0.15,0.12,0.11,0.01,0.27,0.05,0.57,0,0,0.08
35.25,79.75,Hotan County,Xinjiang,0.4,0.44,0.31,0.27,0.19,0.02,0.36,0.09,0.54,0.01,0,0.15
35.25,80,Hotan County,Xinjiang,0.56,0.75,0.55,0.49,0.3,0.05,0.52,0.16,0.55,0.02,0,0.26
35.5,77.5,Unknown,Xinjiang,0.01,0.1,0,0.01,0.02,0,0.18,0.03,1.21,0,0,0
35.5,77.75,Unknown,Xinjiang,0.01,0.1,0,0.01,0.02,0,0.18,0.03,1.21,0,0,0
35.5,78,Unknown,Xinjiang,0.01,0.1,0,0.01,0.02,0,0.18,0.03,1.21,0,0,0
35.5,78.25,Hotan County,Xinjiang,0.01,0.1,0,0.01,0.02,0,0.18,0.03,1.21,0,0,0
35.5,78.5,Hotan County,Xinjiang,0.01,0.1,0,0.01,0.02,0,0.18,0.03,1.21,0,0,0
35.5,78.75,Hotan County,Xinjiang,0.04,0.09,0,0.01,0.02,0,0.18,0.03,1.09,0,0,0
35.5,79,Hotan County,Xinjiang,0.09,0.07,0,0.01,0.03,0,0.18,0.03,0.94,0,0,0.01
35.5,79.25,Hotan County,Xinjiang,0.14,0.09,0.02,0.02,0.04,0.01,0.19,0.03,0.79,0,0,0.02
35.5,79.5,Hotan County,Xinjiang,0.21,0.17,0.08,0.07,0.07,0.01,0.23,0.04,0.68,0,0,0.05
35.5,79.75,Hotan County,Xinjiang,0.31,0.3,0.2,0.17,0.13,0.01,0.29,0.06,0.61,0,0,0.1
35.5,80,Hotan County,Xinjiang,0.44,0.53,0.37,0.33,0.21,0.03,0.41,0.11,0.58,0.02,0,0.18
35.5,80.25,Hotan County,Xinjiang,0.59,0.83,0.6,0.54,0.33,0.05,0.59,0.21,0.58,0.03,0,0.28
35.75,76.75,Unknown,Xinjiang,0.45,0.1,0,0.01,0.1,0,0.18,0.03,1.21,0,0,0
35.75,77,Unknown,Xinjiang,0.23,0.1,0,0.01,0.06,0,0.18,0.03,1.21,0,0,0
35.75,77.25,Unknown,Xinjiang,0.12,0.1,0,0.01,0.04,0,0.18,0.03,1.21,0,0,0
35.75,77.75,Unknown,Xinjiang,0.03,0.1,0,0.01,0.03,0,0.18,0.03,1.21,0,0,0
35.75,78,Unknown,Xinjiang,0.02,0.1,0,0.01,0.03,0,0.18,0.03,1.21,0,0,0
35.75,78.25,Unknown,Xinjiang,0.01,0.1,0,0.01,0.02,0,0.18,0.03,1.21,0,0,0
35.75,78.5,Unknown,Xinjiang,0.01,0.1,0,0.01,0.02,0,0.18,0.03,1.21,0,0,0
35.75,78.75,Hotan County,Xinjiang,0.02,0.09,0,0.01,0.02,0,0.18,0.03,1.15,0,0,0
35.75,79,Hotan County,Xinjiang,0.06,0.08,0,0.01,0.03,0,0.18,0.03,1.05,0,0,0
35.75,79.25,Hotan County,Xinjiang,0.1,0.09,0.01,0.01,0.03,0,0.19,0.03,0.92,0,0,0.01
35.75,79.5,Hotan County,Xinjiang,0.15,0.12,0.05,0.04,0.05,0.01,0.21,0.03,0.8,0,0,0.03
35.75,79.75,Hotan County,Xinjiang,0.23,0.21,0.12,0.11,0.09,0.01,0.25,0.05,0.71,0,0,0.06
35.75,80,Hotan County,Xinjiang,0.33,0.37,0.25,0.22,0.15,0.02,0.33,0.08,0.64,0.01,0,0.12
35.75,80.25,Hotan County,Xinjiang,0.46,0.6,0.43,0.38,0.24,0.03,0.45,0.14,0.61,0.02,0,0.2
36,76.25,Unknown,Xinjiang,1.49,0.78,2.69,1.34,0.84,0.22,0.7,0.74,2.81,0.41,0.26,0
36,76.5,Unknown,Xinjiang,1.01,0.32,0.89,0.45,0.39,0.07,0.35,0.26,1.74,0.14,0.08,0
36,76.75,Unknown,Xinjiang,0.63,0.1,0,0.01,0.14,0,0.18,0.03,1.21,0,0,0
36,77,Unknown,Xinjiang,0.43,0.1,0,0.01,0.1,0,0.18,0.03,1.21,0,0,0
36,78.5,Unknown,Xinjiang,0.02,0.1,0,0.01,0.03,0,0.18,0.03,1.21,0,0,0
36,78.75,Hotan County,Xinjiang,0.02,0.1,0,0.01,0.02,0,0.18,0.03,1.18,0,0,0
36,79,Hotan County,Xinjiang,0.04,0.09,0,0.01,0.02,0,0.18,0.03,1.11,0,0,0
36,79.25,Hotan County,Xinjiang,0.07,0.08,0,0.01,0.03,0,0.19,0.03,1.02,0,0,0.01
36,79.5,Hotan County,Xinjiang,0.11,0.1,0.02,0.03,0.04,0,0.19,0.03,0.91,0,0,0.02
36,79.75,Hotan County,Xinjiang,0.17,0.16,0.07,0.07,0.07,0.01,0.22,0.03,0.8,0,0,0.04
36,80,Hotan County,Xinjiang,0.25,0.27,0.16,0.14,0.11,0.01,0.27,0.06,0.72,0,0,0.08
36.25,76.25,Unknown,Xinjiang,1.84,1.45,4.97,2.39,1.47,0.45,1.08,1.23,3.96,0.72,0.52,0.01
36.25,76.5,Unknown,Xinjiang,1.43,0.88,2.93,1.42,0.92,0.25,0.71,0.74,2.84,0.43,0.3,0
36.25,76.75,Unknown,Xinjiang,1.03,0.48,1.46,0.71,0.52,0.12,0.44,0.38,2.02,0.21,0.15,0
36.5,76,Taxkorgan Tajik Autonomous County,Xinjiang,2.2,2.69,8.56,3.9,2.6,0.8,1.54,1.78,5.36,1.11,1.04,0.02
36.5,76.25,Taxkorgan Tajik Autonomous County,Xinjiang,2.02,2.07,6.76,3.14,2.03,0.62,1.31,1.51,4.66,0.91,0.78,0.01
36.75,75.5,Taxkorgan Tajik Autonomous County,Xinjiang,1.89,3.95,10.76,4.43,3.68,1.04,1.54,1.59,5.18,1.13,1.61,0.04
36.75,75.75,Taxkorgan Tajik Autonomous County,Xinjiang,2.06,3.61,10.32,4.39,3.39,0.98,1.58,1.72,5.39,1.17,1.45,0.03
37,75,Taxkorgan Tajik Autonomous County,Xinjiang,1.36,3.65,9.38,3.68,3.37,0.92,1.45,1.38,4.32,0.92,1.52,0.04
37,75.25,Taxkorgan Tajik Autonomous County,Xinjiang,1.54,3.9,10.15,4.03,3.61,0.99,1.47,1.43,4.63,1,1.62,0.04
37,75.5,Taxkorgan Tajik Autonomous County,Xinjiang,1.71,3.92,10.46,4.23,3.64,1.01,1.51,1.51,4.9,1.07,1.61,0.04
37.25,74.75,Taxkorgan Tajik Autonomous County,Xinjiang,0.94,2.59,6.6,2.58,2.38,0.65,1.43,1.34,3.58,0.7,1.08,0.03
37.25,75,Taxkorgan Tajik Autonomous County,Xinjiang,1.15,3.12,7.99,3.13,2.88,0.78,1.44,1.36,3.95,0.81,1.3,0.03
37.25,75.25,Taxkorgan Tajik Autonomous County,Xinjiang,1.35,3.51,9.07,3.58,3.24,0.89,1.46,1.4,4.29,0.9,1.46,0.04
27,90.75,Phangkhar Gewog,Zhemgang District,0,1.4,0.68,1.08,20.37,26.4,17.24,26.54,12.06,0.45,0.01,0
27,91,Bjoka Gewog,Zhemgang District,0.01,1.29,1.34,0.83,14.72,15.21,11.31,16.05,10.47,0.38,0,0
