.,Longitude,District,State,Jan,Feb,Mar,Apr,May,Jun,Jul,Aug,Sep,Oct,Nov,Dec
8.25,77,Kanyakumari,Tamil Nadu,0,0.03,0.32,1.22,6.07,7.09,1.99,2.95,7.2,3.91,2.97,0.29
8.25,77.25,Kalkulam,Tamil Nadu,0,0.27,0.32,2.53,3.67,3.73,2.53,2.58,5.93,4.13,4.49,1.14
8.25,77.5,Thovalai,Tamil Nadu,0,0.46,0.01,0,1.01,0.47,0.38,2.73,1.65,1.85,5.66,1.76
8.25,77.75,Radhapuram,Tamil Nadu,0.01,0.81,0,0.23,0.67,0.41,0.2,1.05,0.77,0.9,8.1,2.58
8.5,76.75,Kanyakumari,Tamil Nadu,2.69,0.03,0.83,5.28,14.78,12.49,4.94,6.51,16.43,6.95,3.59,1.83
8.5,77,Thiruvananthapuram,Kerala,0.09,0.05,0.41,4.11,10.22,8.44,2.69,3.43,9.95,3.71,3.35,0.88
8.5,77.25,Vilavancode,Tamil Nadu,0.41,0.17,0.45,2.84,5.51,2.86,1.98,2.8,5.17,3.75,6.44,3.23
8.5,77.5,Nanguneri,Tamil Nadu,0.09,0.35,0,0.61,0.89,0,0.98,0.95,1.16,0.65,7.42,1.62
8.5,77.75,Nanguneri,Tamil Nadu,0.01,1.13,0,0.4,0.37,0.55,0.01,0.08,0.39,0.41,9.53,2.49
8.5,78,Tiruchendur,Tamil Nadu,0.01,0.74,0,0.05,0.6,0.04,0,0.01,0.06,0.21,10.77,4.97
8.75,76.5,Unknown,Unknown,0.97,0.48,0.92,2.17,9.91,10.95,6.04,11.4,12.84,7.86,2.97,0.6
8.75,76.75,Varkala,Kerala,0.77,0.5,1.87,3.29,14.54,10.44,7.17,8.51,12.75,7.12,4.51,0.86
8.75,77,Nedumangad,Kerala,0.28,0,2.55,3.19,11.41,7.05,5.86,7.29,8.4,6.46,5.92,1.75
8.75,77.25,Ambasamudram,Tamil Nadu,0.9,0.28,0.07,1.31,1.21,0.11,0.21,2.64,1.01,2.26,8.14,4.03
8.75,77.5,Cheranmahadevi,Tamil Nadu,0.22,0.09,0,1.31,1.67,0.42,1.11,1.15,0.58,0.64,9.34,4.72
8.75,77.75,Palayamkottai,Tamil Nadu,0.11,0.16,0,0.28,0.55,0.13,0.69,0.55,0.97,0.18,10.22,5.29
8.75,78,Thoothukkudi,Tamil Nadu,0.29,0.78,0,0.69,0.44,0,0.02,0.03,0.07,0.39,13.57,6.22
9,76.5,Unknown,Unknown,0.06,0.19,2.05,3.22,13.77,11.77,8.65,10.79,16.69,7.61,3.49,1.27
9,76.75,Kottarakkara,Kerala,0.35,1.29,1.9,2.71,14.03,9.78,9.87,9.72,13.66,6,5.43,1.97
9,77,Punalur,Kerala,0.19,0,2.73,2.76,4.95,8.56,10.96,13.36,8.63,10.7,5.07,2.33
9,77.25,Shenkottai,Tamil Nadu,0.18,0,1.79,2.56,2.97,0.26,1.76,2.88,1.3,1.96,6.99,4.43
9,77.5,Veerakeralamputhur,Tamil Nadu,0.14,0,0.04,0.48,0.91,0.13,0.98,0.36,1.19,1.27,8.13,4.75
9,77.75,Kovilpatti,Tamil Nadu,0.04,0,0,0.35,1.01,0.99,1.66,0.11,2.6,2.04,10.02,4.14
9,78,Ottapidaram,Tamil Nadu,0.19,0.02,0,0.14,0.5,0.48,0.95,0.08,1.5,2.3,9.29,4.47
9.25,76.25,Unknown,Unknown,0.02,0.01,1.04,1.91,10.13,13.8,9.59,13.48,24.16,6.2,2.87,0.8
9.25,76.5,Karthikappally,Kerala,0.08,0,1.65,3.03,12.84,13.1,10.53,11.37,21.25,8.77,5.17,2.2
9.25,76.75,Unknown,Kerala,0.44,0.1,5.18,6.83,18.16,14.6,14.63,10.07,20.08,7.58,5.3,2.38
9.25,77,Konni,Kerala,0.71,0.01,1.83,2.7,3.09,2.95,4.53,6.6,3.58,5.84,6.7,3.34
9.25,77.25,Konni,Kerala,1.28,0.02,1,2.94,1.81,0.1,1.46,2.16,1.18,4.85,8.43,3.63
9.25,77.5,Sankarankoil,Tamil Nadu,0.25,0,0.08,1.02,3.36,0.39,1.77,1.32,1.98,3.78,8.36,3.68
9.25,77.75,Sankarankoil,Tamil Nadu,0.07,0,0,1.88,1.8,0.71,2.67,1.28,3.13,1.94,8.7,3.8
9.25,78,Ettayapuram,Tamil Nadu,0.45,0.04,0,0.07,0.36,0.35,0.88,0.3,1.37,3.39,7.75,5.13
9.25,78.25,Vilathikulam,Tamil Nadu,0.52,0,0,0.11,1.08,1.92,0.44,0.96,1.17,3.06,5.79,4.62
9.25,78.5,Kadaladi,Tamil Nadu,0.14,1.31,0,0.92,0.46,1.05,0.38,0.23,1.04,2.11,5.37,5.19
9.25,78.75,Ramanathapuram,Tamil Nadu,0.3,0.72,0,1.43,0.44,0.96,0.9,0.41,1.21,1.59,6.54,8.91
9.25,79.25,Unknown,Unknown,0.55,0.67,0,0.86,1.77,1.64,0.21,2.35,1.81,4.53,4.36,15.33
9.5,76.25,Unknown,Unknown,0,0.23,2.37,4.7,12.9,16.38,12.84,11.47,22.37,10.23,3.25,1.98
9.5,76.5,Kuttanad,Kerala,0.12,0.01,2.79,8,12.84,14.58,17.89,14.52,18.82,8.44,4.87,2.83
9.5,76.75,Changanassery,Kerala,0.08,0.01,3.57,6.69,9.15,18.51,23.32,26.97,25.92,13.2,5.38,2.62
9.5,77,Peerumade,Kerala,0.36,0,2.17,4.22,4.61,11.45,17.88,25.39,21.38,11.17,7.92,2.22
9.5,77.25,Peerumade,Kerala,1.2,0.01,0.52,2.04,1.81,0.28,2,2.59,1.42,5.53,10.54,3.41
9.5,77.5,Rajapalayam,Tamil Nadu,0.17,0,0,0.51,6.17,0.43,1.72,2.86,1.82,4.53,11.47,2.93
9.5,77.75,Sivakasi,Tamil Nadu,0.03,0,0,0.95,2.8,0.84,3.16,1,2.23,2.93,9.36,3.3
9.5,78,Virudhunagar,Tamil Nadu,0,0,0,0.97,0.94,0.76,4.22,0.49,3.36,4.08,6.95,3.81
9.5,78.25,Tiruchuli,Tamil Nadu,0.01,0,0,0.44,2.2,1.4,1.15,1.35,5.2,4.44,6.92,6.39
9.5,78.5,Mudukulathur,Tamil Nadu,0.05,0.04,0,0.94,1.58,1.8,1.47,2.16,6.58,3.25,8.81,8.12
9.5,78.75,Paramakudi,Tamil Nadu,0.21,0.15,0.02,2.18,0.68,1.71,1.95,0.16,1.85,1.63,7.35,8.11
9.5,79,Ramnathapuram,Tamil Nadu,0.48,0.56,0,1.19,1.89,1.74,0.58,2.03,1.88,4.09,4.9,13.99
9.5,79.25,Outside India,Outside India,0.53,0.64,0,0.98,1.87,1.62,0.34,2.34,1.84,4.24,4.53,14.53
9.75,76.25,Unknown,Unknown,0.16,0.86,1.94,6.08,11.65,30.12,22.8,19.7,20.58,10.04,3.71,1.1
9.75,76.5,Vaikom,Kerala,0.23,0.15,2.48,5.54,13.03,15.34,18.03,23.02,17.97,7.45,5.54,3.02
9.75,76.75,Meenachil,Kerala,0.03,0.02,2.16,5.99,6.66,13.27,20.13,28.31,22.19,10.42,3.71,1.49
9.75,77,Peerumade,Kerala,0.39,0,1.42,4.4,4.25,6.02,14.99,24.11,18.79,8.54,9.22,1.93
9.75,77.25,Uthamapalayam,Tamil Nadu,0.48,0,0.5,3.7,2.79,1.92,5.63,9.93,7.9,5.48,10.08,2.42
9.75,77.5,Andipatti,Tamil Nadu,0.57,0,0.02,0.57,2.65,0.84,3.19,3.63,3.38,3.32,11.1,2.99
9.75,77.75,Peraiyur,Tamil Nadu,0.13,0,0,0.23,2.89,0.77,2.78,2.87,3.96,4.1,10.65,3.66
9.75,78,Thirumangalam,Tamil Nadu,0.05,0,0,1.23,2.35,1.27,3.77,1.08,4.86,7.15,9.41,2.93
9.75,78.25,Tiruchuli,Tamil Nadu,0.1,0,0,0.68,1.76,1.57,2.74,1.71,6.94,7.68,7.8,4.84
9.75,78.5,Sivaganga,Tamil Nadu,0.02,0,0,1.08,1.45,2.76,2.4,2.25,3.77,2.68,7.13,6.68
9.75,78.75,Tiruvadanai,Tamil Nadu,0.05,0.02,0.26,2.31,2.56,1.99,4.51,0.53,3.68,2.85,6.16,9.93
10,76,Outside India,Outside India,0.66,0.93,2.95,3.13,8.52,15.08,18.23,19.09,18.22,7.41,3.88,0.85
10,76.25,Kanayannur,Kerala,0.65,0.65,1.98,3.6,7.99,13.99,18.64,20.24,18.08,7.97,4.28,1.1
10,76.5,Kunnathunad,Kerala,0.04,0.22,1.84,4.44,14.89,15.45,18.25,22.35,21.14,9.06,4.29,1.92
10,76.75,Kothamangalam,Kerala,0,0.08,1.8,4.54,7.39,12.14,18.52,28.6,22.4,8.6,3.49,1.35
10,77,Devikulam,Kerala,0.02,0,1.37,4.34,2.58,7.21,12.72,22.34,16.92,5.62,4.4,1.69
10,77.25,Udumbanchola,Kerala,0,0,0.26,4.7,0.99,0.57,2.26,1.98,3.33,2.2,6.27,2.64
10,77.5,Theni,Tamil Nadu,0,0,0.01,1.6,2.75,0.69,3.81,3,5.75,3.12,7.84,1.56
10,77.75,Usilampatti,Tamil Nadu,0,0,0.01,0.37,1.09,2.83,1.78,4.46,6.52,4.2,8.34,1.68
10,78,Madurai North,Tamil Nadu,0.08,0,0,0.09,0.68,2.49,3.8,1.85,6.04,4.58,6.1,2.5
10,78.25,Melur,Tamil Nadu,0.2,0,0,0.29,1,1.86,3.17,1.98,5.41,4.85,6.32,3.3
10,78.5,Sivaganga,Tamil Nadu,0.24,0,0,3.15,2.39,3.47,3.21,2.2,5.88,3.09,7.52,5.8
10,78.75,Karaikkudi,Tamil Nadu,0.12,0,0.02,2.83,2.18,3.83,2.97,2.48,5.01,3.36,7.39,6.49
10,79,Avudayarkoil taluk,Tamil Nadu,0,0,0,1.57,1.24,1.8,1.14,1.06,2.46,1.36,5.97,8.98
10.25,76,Unknown,Unknown,0.04,0,1.81,2.34,7.36,17.26,13.49,16.67,19.95,6.58,3.68,0.18
10.25,76.25,Chalakkudy,Kerala,0.16,0.01,1.19,2.71,6.95,15.57,14.11,19.37,20.42,7.64,4.05,0.71
10.25,76.5,Aluva,Kerala,0,0.01,1.52,4.05,4.8,13.16,17.33,23.39,18.77,5.67,3.33,1.37
10.25,76.75,Kothamangalam,Kerala,0,0,2.38,6.07,3.3,14.93,23.59,30.07,23.78,6.61,3.72,2.22
10.25,77,Valparai,Tamil Nadu,0.01,0,1.99,5.35,3.02,12.14,20.27,27.95,22.51,6.47,4.2,2.63
10.25,77.25,Devikulam,Kerala,0.07,0,1.14,1.2,2.35,2.93,6.91,3.74,5.59,1.97,6.96,6.37
10.25,77.5,Kodaikanal,Tamil Nadu,0.03,0,0.8,1.39,2.11,1.83,5.15,3.21,6.68,2.3,6.83,3.72
10.25,77.75,Athoor,Tamil Nadu,0,0,0.03,0.42,1.23,1.01,2.36,3.85,4.09,1.21,5.57,2.66
10.25,78,Dindigul,Tamil Nadu,0.13,0,0,1.21,1.72,3.46,6.32,5.88,6.21,2.93,4.98,2.32
10.25,78.25,Natham,Tamil Nadu,0.15,0,0,0.74,1.25,2.08,4.73,3.25,6.39,4.02,5.66,4.65
10.25,78.5,Ponnamaravathi taluk,Tamil Nadu,0.27,0,0.01,2.71,2.4,2.23,5.31,2.95,7.25,4.66,5.72,5.72
10.25,78.75,Thirumayam taluk,Tamil Nadu,0,0,0,0.05,0.92,1.94,6.01,3.4,5.41,6.54,7.01,6.04
10.25,79,Aranthangi taluk,Tamil Nadu,0.08,0,0,0.09,3.17,0.49,1.46,0.53,2.64,2.13,4.88,14.05
10.25,79.25,Peravurani,Tamil Nadu,0.45,0.01,0.03,1.24,1.1,1.23,3.5,0.29,3.09,1.45,6.64,11.59
10.5,76,Pālghāt,Kerala,0,0,0.77,2.62,2.64,12.67,16.85,16.65,17.64,8.1,1.27,0.42
10.5,76.25,Thrissur,Kerala,0,0,1.45,5.65,3.93,15.66,16.06,16.55,19.55,6.77,2.57,0.2
10.5,76.5,Alathur,Kerala,0,0,0.52,2.99,1.11,7.27,9.92,17.24,11.43,3.44,1.78,0.68
10.5,76.75,Chittur,Kerala,0,0,2.07,4.25,2.15,9.29,14.53,19.75,15.04,3.91,3.22,1.97
10.5,77,Valparai,Tamil Nadu,0.02,0,0.96,2.53,1.47,3.1,6.28,6.82,6.48,1.77,6.65,2.62
10.5,77.25,Udumalaipettai,Tamil Nadu,0.01,0,0.05,0.5,2.23,0.88,1.92,0.84,2.08,0.91,7.81,5.33
10.5,77.5,Palani,Tamil Nadu,0.03,0,0,0.63,2.71,1.9,3.78,1.77,3.74,1.85,10.79,6.7
10.5,77.75,Oddanchatram,Tamil Nadu,0.08,0,0,1.28,2.89,3.38,7.45,4.4,6.92,3.39,6.82,4.28
10.5,78,Vedasandur,Tamil Nadu,0.01,0,0,0.5,0.94,1.66,2.43,2.65,5.11,3.01,2.64,3.49
10.5,78.25,Manapparai,Tamil Nadu,0.01,0,0,0.61,1.33,1.87,4.78,3.97,7.63,3.79,4.14,4.71
10.5,78.5,Iluppur taluk,Tamil Nadu,0,0,0,0.84,0.57,1.66,5.18,2.64,5.29,4.21,2.7,5.78
10.5,78.75,Kulathur taluk,Tamil Nadu,0,0,0,0.04,1.24,2.23,10.12,2.83,2.45,6.92,4.36,6.78
10.5,79,Pudukkottai taluk,Tamil Nadu,0.21,0,0,0.01,0.69,0.94,3.09,1.4,1.42,2.5,4.03,10.44
10.5,79.25,Pattukkottai,Tamil Nadu,0.94,0,0,0,4.78,0.99,4.45,0.9,4.61,1.74,7.47,14.59
10.5,79.5,Mannargudi,Tamil Nadu,0.95,0,0,0,3.2,0.62,8.28,1.23,5.41,1.07,8.61,21.28
10.5,79.75,Vedaranyam,Tamil Nadu,1.12,0,0,0.04,0.69,0.68,5.61,0.65,4.85,1.31,8.16,20.86
10.75,75.75,Unknown,Unknown,0,0,0.46,1.12,5.22,20.74,19.49,13.91,17.33,4.39,1.22,0.98
10.75,76,Ponnani,Kerala,0,0,0.62,1.39,2.08,12.52,13.72,15.15,18.59,6.23,0.41,0.34
10.75,76.25,Ottappalam,Kerala,0,0,1.57,3.6,3.93,20.17,22.32,23.78,21.12,8.99,0.76,0.69
10.75,76.5,Alathur,Kerala,0,0,1.51,1.48,0.99,6.63,15.44,21.79,14.37,4.8,2.22,0.96
10.75,76.75,Palakkad,Kerala,0,0,1.89,2.61,0.72,2.86,6.2,8.97,7.38,2.09,2.6,1.94
10.75,77,Pollachi,Tamil Nadu,0.01,0,1.17,1.98,1.06,0.64,2.62,2.53,3.3,0.73,6.17,2.29
10.75,77.25,Madathukulam,Tamil Nadu,0.01,0,0,1.25,1.44,0.3,2.99,0.97,3.12,0.88,11.57,2.16
10.75,77.5,Dharapuram,Tamil Nadu,0,0,0,1.01,1.57,0.53,4.22,1.1,3.9,0.86,10.98,1.98
10.75,77.75,Dharapuram,Tamil Nadu,0,0,0.03,1.35,0.82,0.66,3.9,2.1,4.97,1.47,7.7,2.82
10.75,78,Vedasandur,Tamil Nadu,0,0,0.01,1.39,0.14,3.49,1.62,3.72,4.61,3.85,3.71,2.47
10.75,78.25,Kadavur,Tamil Nadu,0.03,0,0,0.25,0.04,0.5,2.26,3.01,6.99,1.12,1.69,2.17
10.75,78.5,Kulithalai,Tamil Nadu,0.28,0,0.05,1.95,0.58,2.39,3.81,4.1,6.05,2.53,2.92,4.05
10.75,78.75,Thiruverumbur,Tamil Nadu,0.73,0,0,0.53,0.72,1.95,3.82,3.24,2.53,4.26,4.07,7.15
10.75,79,Thanjavur,Tamil Nadu,1.04,0.01,0,0,1.21,0.94,4.61,2.48,3.67,5.83,4.46,8.88
10.75,79.25,Papanasam,Tamil Nadu,1.48,0,0,0,0.96,0.46,6.41,1.77,5.33,2.92,6.63,14.81
10.75,79.5,Kudavasal,Tamil Nadu,0.99,0,0,0.01,1.23,0.59,5.08,1.3,4.33,1.24,8.61,17.19
10.75,79.75,Kilvelur,Tamil Nadu,0.39,0.01,0,0.17,1.01,1.21,6.63,1.91,4.05,1.13,8.87,22.87
11,75.75,Unknown,Unknown,0.39,0.94,1.11,4.61,6.86,16.54,17.77,18.73,18.53,6.52,4.39,0.74
11,76,Ernad,Kerala,0,0,0.54,5.66,1.54,12.69,14.49,15.8,20.49,5.01,1.18,0.27
11,76.25,Perinthalmanna,Kerala,0,0,0.12,4.27,1.94,10.8,20.4,17.4,18.74,7.28,1.04,0.09
11,76.5,Mannarkad,Kerala,0,0,0.56,2.85,1.57,7.61,16.2,16.59,14.65,5.52,1.79,0.66
11,76.75,Coimbatore South,Tamil Nadu,0,0,0.87,2.78,1.82,0.48,4,1.31,2.75,0.94,5.73,1.64
11,77,Coimbatore North,Tamil Nadu,0,0,0.17,1.06,1.83,0.15,2.35,1.07,4.52,0.53,7.08,0.91
11,77.25,Palladam,Tamil Nadu,0,0,0.44,2.48,1,1.36,5.79,0.77,5.73,1.18,7.87,1.09
11,77.5,Kangeyam,Tamil Nadu,0,0,0.09,2.02,1.43,1.36,4.76,1.54,6.03,1.29,8.05,2.15
11,77.75,Kangeyam,Tamil Nadu,0.02,0,0,0.34,1.5,5.17,5.09,1.47,5.43,1.71,4.71,2.51
11,78,Aravakurichi,Tamil Nadu,0,0,0.12,1.06,0.26,3.99,3.93,1.93,4.37,2.43,4.94,1.83
11,78.25,Thottiyam,Tamil Nadu,0,0,0.06,0.55,0.35,0.45,1.04,3.33,7.02,1.44,3.49,2.36
11,78.5,Musiri,Tamil Nadu,0.26,0,0,2.33,0.41,1.66,3.9,2.28,4.99,2.55,3.1,4.13
11,78.75,Manachanallur,Tamil Nadu,0.51,0,0,0.95,0.12,3.49,3.99,5.07,3.04,2.4,2.79,6.49
11,79,Ariyalur,Tamil Nadu,1.07,0.09,0.02,0.03,1.17,1.12,2.3,4.12,3.23,4.33,11.05,9.47
11,79.25,Ariyalur,Tamil Nadu,0.65,0,0,0,2.52,0.1,4.99,3.68,2.46,2.43,5.92,14.4
11,79.5,Thiruvidaimarudur,Tamil Nadu,0.52,0,0,0,0.9,0.21,5.69,1.84,3.24,3.32,9.17,20.05
11,79.75,Thirunallar Taluk,Puducherry,0.23,0.01,0,0.04,0.87,0.81,5.94,2.2,3.31,2.13,9.04,20.95
11.25,75.75,Unknown,Unknown,0.15,0.35,0.42,3.6,5.15,21.3,19.06,17.41,21.98,6.58,4.32,1.02
11.25,76,Ernad,Kerala,0.05,0.11,0.32,2.37,2.46,13.49,12.38,17.38,16.2,2.58,1.93,0.94
11.25,76.25,Nilambur,Kerala,0.05,0,0.26,1.58,1.97,13.18,14.85,29.12,20.63,3.1,2.45,1.29
11.25,76.5,Kundah,Tamil Nadu,0.8,0.03,0.51,1.61,2.24,1.91,5.95,8.74,5.84,3.03,8.54,3.96
11.25,76.75,Mettupalayam,Tamil Nadu,0.38,0.01,0.82,2.13,1.86,0.91,3.21,1.22,2.93,1.23,9.48,2.08
11.25,77,Mettupalayam,Tamil Nadu,0,0,0.06,3.69,1.86,10.74,28,34.55,24.6,8.4,2.66,3.89
11.25,77.25,Avanashi,Tamil Nadu,0,0,0.38,1.39,1.43,1.39,4.79,0.57,4.35,2.75,7.11,0.81
11.25,77.5,Perundurai,Tamil Nadu,0,0,0,0.35,1.31,0.75,4.42,0.45,3.37,4.4,2.01,0.84
11.25,77.75,Modakkurichi,Tamil Nadu,0,0,0,0.44,2.14,2.67,5.24,1.67,3.89,1.72,3.8,1.86
11.25,78,Paramathi-Velur,Tamil Nadu,0,0,0,0.52,0.9,1.36,5.14,2.79,5.74,3.21,2.88,2.54
11.25,78.25,Sendamangalam,Tamil Nadu,0.01,0,0.09,0.83,0.71,0.89,2.91,3.22,6.36,2.47,2.55,3.03
11.25,78.5,Thuraiyur,Tamil Nadu,0.05,0,0,2.21,0.96,1.57,3.16,4.33,3.56,2.96,3.2,4.63
11.25,78.75,Perambalur,Tamil Nadu,0.15,0,0,4.05,0.12,1.7,2.15,5.91,2.95,3.43,5.35,8.07
11.25,79,Kunnam,Tamil Nadu,0.41,0,0,0.07,0.65,2.66,8.19,5.39,3.32,2.75,4.47,10.68
11.25,79.25,Sendurai,Tamil Nadu,0.33,0.01,0,0,0.99,0.4,8.84,1.78,2.94,5.35,6.05,14.39
11.25,79.5,Kattumannarkoil,Tamil Nadu,0.58,0,0,0,0,0.07,5.27,1.69,3.28,3.23,11.92,23.91
11.25,79.75,Sirkali,Tamil Nadu,0.45,0.03,0,0.01,0.21,0.16,4.82,1.48,2.83,3.14,10.41,20.39
11.5,75.5,Unknown,Unknown,0,0.01,0.11,3.34,6.44,38.73,25.73,22.83,28.53,7.04,2.68,1.73
11.5,75.75,Koyilandi,Kerala,0,0,0.06,3.4,3.94,22.3,22.43,28.47,26.56,5.38,3.47,1.21
11.5,76,Thamarassery,Kerala,0.04,0,0.9,4.53,3.85,11.89,17.11,28.34,20.95,4.37,3.56,0.95
11.5,76.25,Nilambur,Kerala,0.1,0,0.55,0.9,1.99,20.95,28.3,60.47,41.09,4.56,2.19,1.23
11.5,76.5,Gudalur,Tamil Nadu,0.17,0,0.35,1.6,2.29,3.56,7.5,16.94,8.03,3.62,4.86,2.73
11.5,76.75,Udhagamandalam,Tamil Nadu,0.83,0.01,0.83,1.17,2.1,1.71,3.87,5.11,6.22,2.34,10.26,4.61
11.5,77,Sathyamangalam,Tamil Nadu,0,0,0.26,0.47,1.72,1.92,6.02,4.02,5.48,3.01,1.95,1.62
11.5,77.25,Sathyamangalam,Tamil Nadu,0,0,1.42,0,2.22,1.27,6.15,0.52,2.65,5.53,6.44,1.87
11.5,77.5,Gobichettipalayam,Tamil Nadu,0,0,0,0.42,1.9,0.94,3.58,0.62,3.1,2.89,2.59,1.12
11.5,77.75,Sankari,Tamil Nadu,0,0,0,0.61,2.45,0.92,5.24,1.48,3.05,2.33,3,1.52
11.5,78,Tiruchengode,Tamil Nadu,0,0,0,0.91,0.38,0.67,3.9,2.71,5.51,4.46,3.78,2
11.5,78.25,Rasipuram,Tamil Nadu,0.15,0,0,2.56,1.48,1.39,6.94,2.54,3.78,4.62,5.77,4.15
11.5,78.5,Attur,Tamil Nadu,0.05,0,0,3.54,1.24,1.3,7.69,3.61,5.35,5.8,5.42,3.77
11.5,78.75,Gangavalli,Tamil Nadu,0.47,0,0,0.73,0.07,0.48,2.07,3.06,5.07,3.9,7.12,9.2
11.5,79,Veppur,Tamil Nadu,1,0,0,0,0.23,0.93,2.68,2.82,4.67,4.98,6.89,11.78
11.5,79.25,Virudhachalam,Tamil Nadu,1.07,0.05,0,0,0.32,0.94,3.91,2.7,4.33,6.06,6.3,14.6
11.5,79.5,Bhuvanagiri,Tamil Nadu,1.07,0.14,0,0.05,0.75,0.25,3.55,1.27,3.09,5.25,14.96,22.8
11.5,79.75,Bhuvanagiri,Tamil Nadu,1.21,0.13,0,0.09,0.88,0.47,3.35,1.42,2.31,5.74,17.25,22.14
11.75,75.25,Unknown,Unknown,0,0.03,0.04,2.18,5.63,38.06,31.13,25.14,24.21,10.87,1.62,1.72
11.75,75.5,Thalassery,Kerala,0,0.06,0.14,2.56,4.95,37.9,28.41,26.17,27.59,8.75,1.52,1.88
11.75,75.75,Vadakara,Kerala,0.08,0,0.24,3.37,3.4,10.18,15.36,29.85,14.57,3.91,1.45,1.2
11.75,76,Mananthavady,Kerala,0.1,0,0.75,5.33,4.81,5.8,10.76,17.86,12.48,3.42,3,0.92
11.75,76.25,Sulthanbathery,Kerala,0.08,0,0.8,4.96,4.57,4.24,8.6,14.9,10.44,2.83,3.22,0.84
11.75,76.5,Gundlupet taluk,Karnataka,0.03,0,0.21,1.72,3.17,3.6,6.31,11.18,7.67,1.58,4.5,0.88
11.75,76.75,Gundlupet taluk,Karnataka,0.08,0,0.22,1.06,3.16,2.32,2.52,1.47,4.88,3.69,2.14,0.65
11.75,77,Thalavadi,Tamil Nadu,0,0,0.13,0.62,2.85,1.45,2.36,0.86,4.28,3.14,1.45,0.71
11.75,77.25,Thalavadi,Tamil Nadu,0,0,0.55,0.62,1.89,1.15,6.16,0.9,4.59,4.77,3.62,1.5
11.75,77.5,Anthiyur,Tamil Nadu,0,0,0,1.72,3.03,0.74,6.13,3.19,5.95,3.89,3.23,1.46
11.75,77.75,Mettur,Tamil Nadu,0,0,0,1.8,2.68,0.93,7.14,4.49,6.77,4.41,2.8,1.54
11.75,78,Omalur,Tamil Nadu,0,0,0,1.99,1.62,2.98,12,10.86,8.97,7.59,3.29,3.33
11.75,78.25,Yercaud,Tamil Nadu,0,0,0,1.45,1.72,0.95,5.52,3.85,3.88,3.19,2.23,2.46
11.75,78.5,Attur,Tamil Nadu,0.03,0,0,1.61,0.97,0.39,2.13,2.51,2.45,2.07,2.15,1.79
11.75,78.75,Sankarapuram,Tamil Nadu,0.01,0,0,0.1,0.11,0.04,2.77,1.11,4.34,3.64,3.91,8.14
11.75,79,Kallakkurichi,Tamil Nadu,0.52,0,0,0,0.05,0.07,1.86,1.85,3.13,4.33,7.66,11.51
11.75,79.25,Ulundurpettai,Tamil Nadu,0.43,0,0,0,0.07,0.29,4.57,2.25,4.63,4.57,9.89,12.01
11.75,79.5,Panruti,Tamil Nadu,1.25,0.16,0,0.2,0.19,0.95,2.22,2.52,2.67,7.32,18.21,16.15
11.75,79.75,Cuddalore,Tamil Nadu,1.03,0.16,0.02,0.43,0.61,1,2.26,1.89,2.42,7.23,17.55,18.29
12,75,Unknown,Unknown,0,0.01,0.05,1.23,4.29,32.9,31.05,27.38,25.55,8.98,1.55,1.54
12,75.25,Kodagu,Karnataka,0,0,0.09,1.22,4.14,31.79,30.14,29.97,23.46,7.61,1.22,0.98
12,75.5,Taliparamba,Kerala,0,0.02,0.27,2.31,3.85,24.38,24.39,29.4,23.64,6.8,1.14,1.35
12,75.75,Iritty,Kerala,0.05,0,0.29,2.12,4.16,9.87,13.83,17.24,10.24,3.61,0.67,0.99
12,76,Ponnampete taluk,Karnataka,0.03,0,0.8,1.73,3.6,3.85,6.69,5.4,5.45,2.62,1.03,0.98
12,76.25,Heggadadevanakote taluk,Karnataka,0,0,0.56,1.6,4.03,2.99,7.65,8.66,8.43,1.3,1.19,1.26
12,76.5,Nanjanagudu taluk,Karnataka,0,0,0.81,1.39,4.62,2.32,4.51,4.17,5.23,3.69,1.42,0.65
12,76.75,Chamarajanagara taluk,Karnataka,0,0,0.35,2.06,4.73,3.05,3.66,1.96,5.26,4.28,2.36,0.88
12,77,Chamarajanagara taluk,Karnataka,0,0,0.11,2.01,5.31,2.21,4.1,2.7,6.42,3.72,2.76,1.49
12,77.25,Hanur taluk,Karnataka,0,0,0,1.99,2.27,1.99,6.74,1.82,6.36,5.63,2.41,1.17
12,77.5,Hanur taluk,Karnataka,0,0,0.1,2.05,1.78,1.8,7.71,2.73,5.35,4.69,3.26,2.75
12,77.75,Pennagaram,Tamil Nadu,0,0,0.14,2.63,2.56,1.59,5.27,2.77,8.7,4.2,1.81,1.66
12,78,Nallampalli,Tamil Nadu,0,0,0.18,1.17,0.92,1.54,5.35,2.8,5.07,4.28,1.82,1.48
12,78.25,Dharmapuri,Tamil Nadu,0.07,0,0,2.43,1.57,0.72,8.76,3.48,3.65,6.51,4.76,3.44
12,78.5,Harur,Tamil Nadu,0.1,0,0,1.48,0.91,0.8,4.87,1.43,1.98,4.61,3.87,2.59
12,78.75,Sankarapuram,Tamil Nadu,0.17,0,0,1.01,1.8,1.74,4.24,0.7,3.29,3.91,4.37,3.55
12,79,Sankarapuram,Tamil Nadu,0.01,0,0,0.04,0.04,0.31,1.43,2.34,2.96,6.04,6.89,9.53
12,79.25,Kandachipuram,Tamil Nadu,0.16,0,0,0,0,1.47,4.39,3.06,4.84,4.76,11.69,11.03
12,79.5,Vikravandi,Tamil Nadu,0.28,0.02,0,0.11,0.11,0.56,1.38,1.78,2.65,9.03,11.83,12.5
12,79.75,Villianur Taluk,Puducherry,0.57,0.08,0.02,0.4,0.23,1.2,3.35,1.36,2.88,7.51,14.53,13.9
12.25,75,Unknown,Unknown,0,0.03,0.01,0.16,2.47,28.11,32.2,25.77,31.23,7.71,1.7,2.07
12.25,75.25,Hosdurg,Kerala,0,0.01,0.44,3.94,7.3,27.9,32.02,44.94,27.97,10.21,1.57,0.71
12.25,75.5,Taliparamba,Kerala,0,0,1.16,4.56,8.95,18.13,22.55,43.81,20.98,8.72,0.99,0.29
12.25,75.75,Virajpet taluk,Karnataka,0,0,0.32,2.95,6.02,11.41,14.3,31.64,16.56,4.41,0.82,0.27
12.25,76,Ponnampete taluk,Karnataka,0,0,0.54,2.54,4.75,2.07,4.3,7.55,4.68,2.63,0.81,0.12
12.25,76.25,Hunasuru taluk,Karnataka,0,0,1.09,2,3.9,2.6,4.64,6.25,5.86,2.85,1.09,0.53
12.25,76.5,Heggadadevanakote taluk,Karnataka,0,0,0.83,1.23,5.21,2.22,3.15,2.84,3.06,4.49,1.31,0.24
12.25,76.75,Mysuru taluk,Karnataka,0,0,0.31,0.91,3.47,2.2,3.98,1.64,2.36,3.16,1.59,0.51
12.25,77,Malavalli taluk,Karnataka,0,0,0.07,1.37,4.15,1.67,4.55,1.89,4.73,3.64,2.09,1.15
12.25,77.25,Hanur taluk,Karnataka,0,0,0.02,2.59,2.79,3.78,6.32,1.96,5.56,5.13,2.15,1.54
12.25,77.5,Anchetty,Tamil Nadu,0,0,0.16,2.52,2.11,2.19,5.63,2.57,6.08,4.58,2.87,2.55
12.25,77.75,Anchetty,Tamil Nadu,0,0,0.07,2.19,2.27,1.56,4.97,2.35,7.18,4.83,2.13,1.59
12.25,78,Pennagaram,Tamil Nadu,0,0,0.12,1.52,2.06,1.39,4.99,1.36,5.23,4.18,1.76,1.12
12.25,78.25,Karimangalam,Tamil Nadu,0.03,0,0.06,0.99,1.93,2.09,7.46,2.55,4.35,7.19,3.45,2.35
12.25,78.5,Uthangarai,Tamil Nadu,0.18,0,0,0.18,0.78,1.51,6.17,1.81,2.6,6.35,4.9,3.81
12.25,78.75,Chengam,Tamil Nadu,0.31,0,0,0.33,0,1.46,3.68,0.75,2.16,5.87,7.57,4.14
12.25,79,Chengam,Tamil Nadu,0.39,0,0,0.67,0,3.73,2.43,1.3,3.71,6.76,9.24,4.62
12.25,79.25,Gingee,Tamil Nadu,0.1,0,0,0,0,9.58,1.29,3.73,3.76,4.7,10.42,6.81
12.25,79.5,Gingee,Tamil Nadu,0.31,0,0,0,0,3.51,2.06,1.83,2.04,3.69,9.62,10.13
12.25,79.75,Tindivanam,Tamil Nadu,0.6,0,0.03,0.28,0.1,1.82,7.45,1.15,2.19,6.74,14.37,9.6
12.5,75,Kasaragod,Kerala,0,0.07,0.11,1.26,6.24,25.38,33.37,29.14,28.98,12.89,1.23,1.08
12.5,75.25,Kasaragod,Kerala,0,0.05,0.6,5.44,9.28,22.42,31.42,41.84,26.31,11.5,1.64,0.38
12.5,75.5,Sulya taluk,Karnataka,0,0,0.69,4.98,7.33,17.33,23.93,42.57,26.72,10.09,0.95,0.29
12.5,75.75,Madikeri taluku,Karnataka,0,0,0.34,2.3,3.23,5.2,5.36,11.04,9.02,3.22,0.55,0.3
12.5,76,Piriyapattana taluk,Karnataka,0,0,0.57,2.27,4.43,1.7,4.14,5.35,4.94,3.41,1.38,0.19
12.5,76.25,Saligrama taluku,Karnataka,0,0,0.67,2.37,4.61,1.89,4.27,1.32,4.68,6.52,1.12,0.29
12.5,76.5,Krishnarajapete taluk,Karnataka,0,0,0.58,2.23,5.31,2.62,3.54,1.6,4.82,6.88,1.52,0.86
12.5,76.75,Pandavapura taluk,Karnataka,0,0,0.47,3.04,5.97,1.76,4.27,1.74,4.52,6.32,2.14,0.6
12.5,77,Madduru taluk,Karnataka,0,0,0.13,2.28,4.36,2.79,5.08,1.09,5.13,6.45,1.75,0.66
12.5,77.25,Kanakapura taluk,Karnataka,0,0,0.02,3.81,3.2,6.59,4.49,1.02,4.84,5.32,0.68,0.34
12.5,77.5,Harohalli taluk,Karnataka,0,0,0.37,2.51,3.36,3.64,3.54,1.42,6.13,4.75,2.16,0.99
12.5,77.75,Denkanikottai,Tamil Nadu,0,0,0.37,1.91,2.78,1.91,3.33,1.27,4.63,4.34,2.17,1.2
12.5,78,Palakkodu,Tamil Nadu,0.06,0,0.17,0.35,1.93,1.5,6.11,1.37,4.78,7.75,2.65,1
12.5,78.25,Krishnagiri,Tamil Nadu,0.01,0,0.08,1.22,2.04,2.36,6.87,2.81,5.12,7.47,3.18,1.01
12.5,78.5,Tirupathur,Tamil Nadu,0.12,0,0,1.75,0.77,3.06,6.79,3.82,4.03,5.53,6.68,2.04
12.5,78.75,Vaniyambadi,Tamil Nadu,0.29,0,0,0.9,0.03,3.57,6.06,2.76,3.62,7.44,8.87,4.07
12.5,79,Kalasapakkam,Tamil Nadu,0.46,0,0,0.13,0,5.17,5.35,2.53,4.71,9.44,11.2,6.12
12.5,79.25,Chetpet,Tamil Nadu,0.2,0,0,0,0,2.25,2.95,2.16,4.64,4.19,11.33,6.39
12.5,79.5,Vandavasi,Tamil Nadu,0.34,0,0,0,0,1,4.28,1.72,3.12,4.4,15.3,7.26
12.5,79.75,Unknown,Tamil Nadu,0.5,0,0.03,0.26,0.05,2.38,7.51,2.21,1.33,5.54,16.97,8.53
12.5,80,Cheyyur,Tamil Nadu,1.34,0,0.02,0.23,0.04,0.87,9.63,3.09,1.31,5.84,17.2,9.31
12.75,74.75,Dakshina Kannada,Karnataka,0,0,0.53,2.14,6.27,24.56,33.58,29.59,30.26,14.81,1.96,0.74
12.75,75,Bantwal taluk,Karnataka,0,0.28,0.2,2.62,8.58,18.67,30.95,29.65,23.08,8.97,1,1.09
12.75,75.25,Putturu taluk,Karnataka,0,0.2,0.18,3.14,6.41,18.75,27.87,29.66,19.27,8.58,2.8,0.52
12.75,75.5,Kadaba taluk,Karnataka,0.02,0.15,0.24,3.43,5.28,14.57,22.77,26.96,15.55,6.73,1.65,0.18
12.75,75.75,Sakaleshapura taluk,Karnataka,0.01,0,0.22,1.85,3.64,3.95,6.75,14.13,8.9,5.21,0.9,0.66
12.75,76,Arakalagudu taluk,Karnataka,0,0,0.26,1.58,2.8,2.39,4.68,4.88,4.69,5.07,1.4,0.44
12.75,76.25,Hole Narasipura taluk,Karnataka,0,0,0.53,2.26,4.67,2.88,5.22,1.48,4.7,4.95,0.95,0.14
12.75,76.5,Krishnarajapete taluk,Karnataka,0,0,0.54,3.59,4.54,3.19,5.43,9.06,5.75,5.15,0.97,0.29
12.75,76.75,Nagamangala taluk,Karnataka,0,0,0.7,4.14,5.33,3.48,5.17,13.04,8.28,5.46,1.31,0.45
12.75,77,Madduru taluk,Karnataka,0,0,0.38,3.14,4.65,5.32,4.57,1.37,5.37,8.5,1.81,0.62
12.75,77.25,Ramanagara taluk,Karnataka,0,0,0.39,3.57,4.24,6.15,4.38,1.28,5.65,8.24,1.58,0.55
12.75,77.5,Bangalore South,Karnataka,0,0,0.23,2.84,4.21,4.94,3.85,1.01,7.11,7.93,3.35,0.61
12.75,77.75,Anekal,Karnataka,0,0,0.36,1.99,4.16,2.53,4.21,1.37,4.72,8.14,3.2,1.13
12.75,78,Shoolagiri,Tamil Nadu,0.02,0,0.27,1.84,1.59,2.78,7.05,1.34,5.5,8.82,3.44,1.13
12.75,78.25,Gudupalle,Andhra Pradesh,0.02,0,0.25,2.46,0.8,3.59,8.84,1.1,5.43,8.7,4.48,1.05
12.75,78.5,Kuppam,Andhra Pradesh,0.35,0,0,1.64,0.12,4.09,8.09,2.3,4.52,6.39,8.86,2.61
12.75,78.75,Ambur,Tamil Nadu,0.43,0,0,1.33,0.33,4.07,8.4,2.55,4.35,4.12,7.18,3.05
12.75,79,Vellore,Tamil Nadu,0.93,0,0,1.5,0.16,2,4.94,4.33,5.7,5.12,10.49,6.31
12.75,79.25,Arani,Tamil Nadu,1.01,0,0,1.09,0.19,1.27,4.06,3.66,6.03,6.69,9.02,6.13
12.75,79.5,Vembakkam,Tamil Nadu,0.47,0,0,0.82,0.02,1.84,5.99,1.44,2.37,5.83,14.31,7.5
12.75,79.75,Kanchipuram,Tamil Nadu,1.44,0.01,0,0,0,0.74,3.24,1.03,1.4,5.07,16.26,8.08
12.75,80,Chengalpattu,Tamil Nadu,2.56,0,0,0.06,0,0.15,7.6,1.38,0.93,5.98,16.84,7.07
13,74.75,Dakshina Kannada,Karnataka,0,0,0.79,0.39,3.52,23.97,38.64,28.25,35.36,11.31,1.07,0.98
13,75,Moodabidri taluk,Karnataka,0,0.21,0.74,3.16,4.43,20.39,33.21,37.84,28.6,12.32,1.62,0.89
13,75.25,Beltangadi taluk,Karnataka,0,0,0.15,2.5,4.24,20.43,25.63,40.57,24.93,16.76,4.68,0.37
13,75.5,Beltangadi taluk,Karnataka,0.03,0,0.1,2.61,5.9,16.76,18.8,36.75,19.89,8.37,1.74,0.51
13,75.75,Beluru taluk,Karnataka,0.02,0,0.04,2.3,5.35,4.55,7.05,14.69,8.06,4.71,0.2,0.66
13,76,Aluru taluk,Karnataka,0,0,0.42,2.05,5.92,5.88,7.48,9.01,9.66,13.4,0.51,1.04
13,76.25,Hasana taluk,Karnataka,0,0,0.13,1.76,5.54,5.31,6.39,2.2,5.21,5.9,0.5,0.54
13,76.5,Channarayapattana taluk,Karnataka,0,0,0.22,2.54,6.66,3.59,7.37,1.63,3.42,8.44,1.34,0.72
13,76.75,Nagamangala taluk,Karnataka,0,0,0.39,2.98,4.95,6.48,6.79,2.32,5.04,7.96,1.88,0.44
13,77,Kunigal taluk,Karnataka,0,0,0.64,2.74,3.47,5.33,4.78,1.84,4.7,8.87,1.83,0.59
13,77.25,Magadi taluku,Karnataka,0,0,0.63,2.66,2.16,3.43,5.27,1.64,7.74,6.52,1.15,0.26
13,77.5,Bangalore North,Karnataka,0.01,0,0.44,4.19,2.96,3.72,5.18,2,6.3,8.6,2.96,0.5
13,77.75,Bangalore East,Karnataka,0,0,0.68,3.45,6.16,3.42,7.89,2.65,5.73,6.98,3.55,0.72
13,78,Maluru taluk,Karnataka,0,0,0.58,1.6,2.52,3.3,7.82,3.68,8.36,5.76,4.64,1.18
13,78.25,Bangarapet taluk,Karnataka,0,0,0.36,3.88,1.32,6.12,8.98,2.94,5.52,5.3,6.54,2.31
13,78.5,Venkatagirikota,Andhra Pradesh,0.19,0,0.17,2.54,0.82,4.91,8.99,2.98,5,5.1,8.24,2.81
13,78.75,Gudiyatham,Tamil Nadu,0.37,0,0.02,1.12,0.51,3.65,8.38,2.69,4.37,2.52,6.04,3.41
13,79,Katpadi,Tamil Nadu,0.43,0,0,2.8,0.73,1.71,9.86,3.28,5.77,2.49,9.8,3.45
13,79.25,Katpadi,Tamil Nadu,0.56,0,0,0.86,0.41,2.84,5.16,3.6,4.28,5.04,10.09,3.7
13,79.5,Arakonam,Tamil Nadu,0.56,0,0,0.83,0.25,3.17,7.72,3.53,4.18,5.18,9.58,5.34
13,79.75,Kanchipuram,Tamil Nadu,2.69,0.09,0,0.17,0,2.23,7.57,2.2,5.05,7.76,14.48,7.31
13,80,Kanchipuram,Tamil Nadu,1.75,0,0,1.52,0.08,0.63,8.46,3.45,4.71,5.4,17.17,6.94
13.25,74.5,Dakshina Kannada,Karnataka,0,0,0.79,1.95,3.43,26.95,36.35,31.32,34.46,10.84,0.77,0.68
13.25,74.75,Kapu taluku,Karnataka,0,0,1.01,2.36,4.3,25.38,38.29,36.17,35.7,11.26,1.02,0.59
13.25,75,Karkala taluk,Karnataka,0,0,0.45,1.66,3.84,18.45,28.61,46.13,24.57,9.19,1.22,0.26
13.25,75.25,Kalasa taluk,Karnataka,0.01,0,0.08,3.3,5.42,10.98,19.63,41.5,16.8,6.01,1.37,0.43
13.25,75.5,Mudigere taluk,Karnataka,0,0,0.07,2.2,5.85,7.39,10.79,18.14,12.24,6.87,1.19,0.97
13.25,75.75,Chikkamagaluru taluku,Karnataka,0,0,0,1.81,5.79,3.33,5.3,7.26,5.84,3.83,0.93,0.87
13.25,76,Beluru taluk,Karnataka,0,0,0.15,1.76,4.96,4.23,5.03,5.93,6.26,5.3,0.59,0.75
13.25,76.25,Arasikere taluku,Karnataka,0,0,0.19,1.85,3.64,7.39,5.19,3.87,6.74,4.07,0.8,0.48
13.25,76.5,Tipaturu taluk,Karnataka,0,0,0.14,2.02,4.5,5.44,6.17,2.86,8.03,4.95,0.91,0.59
13.25,76.75,Turuvekere taluk,Karnataka,0,0,0.52,2.41,4.13,3.29,6.11,2.41,12.11,4.76,1.74,0.6
13.25,77,Tumkur taluk,Karnataka,0,0,0.61,2.58,2.58,4.54,6.78,3.1,8.47,5.09,1.39,0.68
13.25,77.25,Nelamangala taluk,Karnataka,0,0,0.53,2.61,1.77,3.86,5.6,3.85,6.99,4.36,0.63,0.23
13.25,77.5,Doddaballapura taluk,Karnataka,0,0,0.34,2.32,2.07,3.91,5.53,4.06,6.11,4.85,1.23,0.42
13.25,77.75,Devanahalli taluku,Karnataka,0,0,0.36,2.39,2.63,3.5,7.68,2.61,5.19,5.28,3.37,0.77
13.25,78,Kolar taluk,Karnataka,0,0,0.26,2.84,2,2.86,9.32,2.64,6.26,6.22,4.7,0.9
13.25,78.25,Srinivasapura taluku,Karnataka,0,0,0.31,3.11,1.03,3.63,11.23,2.75,6,5.5,8,1.7
13.25,78.5,Mulubagilu taluk,Karnataka,0.02,0,0.52,2.84,2.62,2.49,15.91,7.74,7.35,5.59,13.24,2.63
13.25,78.75,Gangavaram,Andhra Pradesh,0.14,0,0.2,1.87,1.56,3.21,16.23,7.96,7.25,4.98,10.83,3.18
13.25,79,Thavanampalle,Andhra Pradesh,0.22,0,0,1.49,0.9,3.91,14.76,7.68,6.7,4.63,9.27,3.3
13.25,79.25,Gangadhara Nellore,Andhra Pradesh,0.44,0,0,0.48,0.17,2.46,9.63,5.86,4.72,7.75,10.22,4.63
13.25,79.5,Pallipattu,Tamil Nadu,0.84,0,0,1.28,0.14,2.9,7.15,3.46,8.55,7.52,7.95,6.16
13.25,79.75,Vijayapuram,Andhra Pradesh,1.33,0,0,2.08,0,1.23,4.19,3.24,4.89,7.4,13.22,6.83
13.25,80,Thiruvallur,Tamil Nadu,1.33,0,0,0.18,0,0.42,3.32,2.63,4.73,7.34,12.38,7.81
13.25,80.25,Ponneri,Tamil Nadu,1.45,0.01,0,0.54,0,0.63,2.98,2.42,4.31,9.24,14.25,7.04
13.5,74.5,Unknown,Unknown,0,0,0.2,0.88,1.52,35.53,37.44,39.2,32.82,10.47,0.29,0.29
13.5,74.75,Brahmavara taluku,Karnataka,0,0,0.24,1.15,1.54,29.82,40.21,49.02,34.6,12.36,0.56,0.34
13.5,75,Hebri taluku,Karnataka,0,0,0.06,0.31,1.19,17.98,42.94,71.38,38.26,15.25,1.01,0.31
13.5,75.25,Koppa taluk,Karnataka,0.01,0,0.3,2.02,4.48,10,16.06,32.99,15.52,5.56,1.42,0.08
13.5,75.5,Narasimharajapura taluk,Karnataka,0.01,0,0.21,2.06,4.72,5.23,8.37,11.89,7.43,3.69,1.29,0.73
13.5,75.75,Chikkamagaluru taluku,Karnataka,0,0,0.18,1.38,3.12,1.74,4.76,3.86,5.87,2.5,0.82,1.22
13.5,76,Kaduru taluk,Karnataka,0,0,0.12,0.76,3.09,1.59,4.87,1.99,6.02,2.97,0.56,1
13.5,76.25,Arasikere taluku,Karnataka,0,0,0.26,1.71,3.15,3.08,4.62,2.76,6.53,3.66,0.87,0.14
13.5,76.5,Chikkanayakanahalli taluk,Karnataka,0,0,0.28,2.27,2.37,3.23,4.45,2.49,7.99,3.27,0.84,0.14
13.5,76.75,Gubbi taluk,Karnataka,0,0,0.23,1.84,1.49,2.31,5.06,2.73,10.83,3.63,1.05,0.51
13.5,77,Tumkur taluk,Karnataka,0,0,0.04,1.88,1.39,2.58,7.6,2.81,8.76,4.32,1.56,0.49
13.5,77.25,Koratagere taluku,Karnataka,0,0,0.29,2.83,1.52,3.94,8.99,4.71,5.19,7.4,1.06,0.29
13.5,77.5,Gauribidanuru taluk,Karnataka,0,0,0.27,1.81,1.56,4.18,9.45,3.05,4.65,6.1,1.17,0.5
13.5,77.75,Chikkaballapura taluk,Karnataka,0,0,0.16,2.34,1.8,3.02,7.97,2.39,4.98,5.15,3.54,0.82
13.5,78,Sidlaghatta taluk,Karnataka,0,0,0.24,3.01,1.59,2.63,10.48,3.07,6.03,6.1,4.92,0.9
13.5,78.25,Srinivasapura taluku,Karnataka,0,0,0.54,1.61,0.92,2.87,11.84,4.25,6.21,5.43,7.86,1.1
13.5,78.5,Madanapalle,Andhra Pradesh,0,0,0.57,1.99,0.73,2.46,10.17,3.13,6.39,4.99,8.58,1.51
13.5,78.75,Somala,Andhra Pradesh,0.04,0,0.21,1.19,0.46,3.04,15.51,5.92,7.49,5.95,9.59,2.91
13.5,79,Pakala,Andhra Pradesh,0.08,0,0,1,0.05,2.44,18.61,6.56,7.55,6.38,8.83,3.53
13.5,79.25,Ramachandrapuram,Andhra Pradesh,0.91,0,0,0.62,0.2,3.42,11.48,5.06,6.65,6.2,13.05,4.96
13.5,79.5,Vadamalapeta,Andhra Pradesh,1.24,0,0,1.14,0.12,2.56,7.85,3.8,8.03,6.5,9.6,6.17
13.5,79.75,Kumara Venkata Bhupalapuram,Andhra Pradesh,2.11,0,0,5.63,0,1.84,6.9,4.25,7.33,6.26,12.3,9.03
13.5,80,Satyavedu,Andhra Pradesh,1.27,0,0,2.85,0.01,1.64,5.02,3.32,5.17,7.29,12.27,7.48
13.5,80.25,Tada,Andhra Pradesh,1.19,0,0,1.46,0.01,1.14,3.75,2.71,4.48,8.37,12.79,7.2
13.75,74.5,Unknown,Unknown,0,0,0,0.85,0.52,39.31,41.42,46.45,35.36,12.25,0.18,0.31
13.75,74.75,Kundapura,Karnataka,0,0,0,1.25,1.05,38.34,44.1,53.8,37.89,14.58,0.32,0.5
13.75,75,Hosanagara taluk,Karnataka,0,0.01,0.16,1.75,3.96,16.16,19.6,40.89,14.9,6.91,0.83,0.36
13.75,75.25,Tirthahalli taluk,Karnataka,0,0,0.37,1.94,5.45,11.12,15.2,32.64,15.49,5.22,1.26,0.18
13.75,75.5,Narasimharajapura taluk,Karnataka,0,0,0.11,0.83,2.89,4.21,5.62,10.14,7.39,3.94,0.68,0.7
13.75,75.75,Tarikere taluku,Karnataka,0,0,0.24,0.82,3.29,2.43,4.28,5.79,6,3.79,0.42,1.1
13.75,76,Ajjampura taluku,Karnataka,0,0,0.4,1.33,6.11,3.06,4.13,2.79,7.4,4.85,0.26,1.3
13.75,76.25,Hosadurga taluku,Karnataka,0.01,0,0.1,1.44,4.02,2.67,3.91,2.51,7.37,5.77,0.72,0.31
13.75,76.5,Hosadurga taluku,Karnataka,0.03,0,0.18,2.47,1.68,1.71,3.32,1.82,7.76,2.98,1.05,0.27
13.75,76.75,Sira taluk,Karnataka,0,0,0.35,0.47,1.91,1.59,4.34,3.94,10.01,3.75,0.52,0.54
13.75,77,Agali,Andhra Pradesh,0,0,0,1.78,0.9,2.75,4.88,2.31,10.27,3.98,1.28,0.77
13.75,77.25,Madhugiri taluk,Karnataka,0,0,0,3.57,0.72,1.82,6.94,2.68,5.16,5.42,0.83,0.73
13.75,77.5,Hindupur,Andhra Pradesh,0,0,0.12,2.48,0.79,1.78,8.85,2.16,4.85,8.32,1.07,0.71
13.75,77.75,Gudibande taluk,Karnataka,0,0,0.59,1.02,0.67,1.63,6.62,2.67,5.7,5.24,2.73,0.82
13.75,78,Bagepalli taluk,Karnataka,0,0,0.4,1.29,0.63,2.55,9.99,2.74,7.44,5.21,3.98,1
13.75,78.25,Pedda Thippasamudram,Andhra Pradesh,0,0,0.54,1.47,0.58,1.94,11.33,3.4,7.51,6.59,9.47,1.51
13.75,78.5,Thamballapalle,Andhra Pradesh,0,0,0.6,0.98,0.28,2.86,8.25,2.62,7.63,6.38,10.57,1.81
13.75,78.75,Kalikiri,Andhra Pradesh,0,0,0.5,1.08,0.31,2.47,9.28,3.06,8.11,6.8,10.37,1.85
13.75,79,Pileru,Andhra Pradesh,0.42,0,0.12,0.82,0.15,2.29,11.87,5.41,7.2,4.51,12.1,3.93
13.75,79.25,Tirupati (Urban),Andhra Pradesh,1.11,0,0.01,0.78,0.24,2.3,8.55,3.84,4.35,3.96,16.3,5.32
13.75,79.5,Renigunta,Andhra Pradesh,1.46,0,0,1.35,0.19,0.93,8.79,2.43,5.47,3.9,14.25,6.49
13.75,79.75,Thottambedu,Andhra Pradesh,0.89,0,0,3.46,0.02,1.61,8.32,4.74,6.96,7.44,14.83,7.44
13.75,80,Doravarisatram,Andhra Pradesh,1.04,0,0,3.85,0.01,1.88,7.33,4.38,6.37,7.64,13.97,7.47
13.75,80.25,Unknown,Unknown,1.09,0,0,3.48,0.01,1.79,6.53,4.02,6,7.44,13.28,7.43
14,74.5,Unknown,Unknown,0,0,0,1.29,0.57,32.78,41.53,45.3,34.47,13.23,0.36,0.17
14,74.75,Sagara taluk,Karnataka,0,0.01,0,1.21,1.96,33.73,40.74,56.71,33.95,14.02,0.25,0.58
14,75,Sagara taluk,Karnataka,0,0.02,0.1,2.02,4.46,16.09,20.13,41.81,15.78,8.32,0.36,0.58
14,75.25,Hosanagara taluk,Karnataka,0,0,0.28,3.86,5.02,7.4,10.41,16.42,8.23,6.8,0.2,0.76
14,75.5,Shivamogga taluk,Karnataka,0,0,0.07,0.81,2.45,3.86,5.68,7.06,6.08,4.84,0.01,0.67
14,75.75,Bhadravati taluk,Karnataka,0.01,0,0.08,1.19,3.98,3.35,5.79,4.87,6.14,6.73,0.29,0.66
14,76,Channagiri taluku,Karnataka,0,0,0.01,0.9,2.58,2.75,3.77,2.82,6.03,4.23,0.6,0.63
14,76.25,Holalkere taluk,Karnataka,0.03,0,0,1.2,3.02,2.39,3.81,1.8,5.29,4.1,0.8,0.52
14,76.5,Hiriyuru taluk,Karnataka,0.07,0,0,1.48,2.68,2.13,2.32,0.9,5.52,3.72,1.22,0.67
14,76.75,Hiriyuru taluk,Karnataka,0,0,0.04,2.05,1.56,3.3,4.51,1.7,7.18,4.98,0.33,0.61
14,77,Amarapuram,Andhra Pradesh,0,0,0,1.74,0.92,3.46,3.4,1.62,9.91,3.23,0.96,0.65
14,77.25,Madakasira,Andhra Pradesh,0,0,0,0.6,0.95,2.19,4.39,0.7,9.01,3.93,0.5,0.38
14,77.5,Somandepalle,Andhra Pradesh,0,0,0.13,1.12,0.65,2.98,6.24,1.6,6.86,7.24,1.41,0.67
14,77.75,Gorantla,Andhra Pradesh,0,0,0.33,0.63,0.4,2.95,5.92,2.26,6.58,5.69,3.19,0.96
14,78,Obuladevaracheruvu,Andhra Pradesh,0.04,0,0.25,1.53,0.43,3.14,5.97,1.81,8.36,4.37,3.36,1.06
14,78.25,Tanakal,Andhra Pradesh,0.01,0,0.41,1.47,0.45,1.48,8.42,2.72,9.23,7.07,8.79,1.46
14,78.5,Galiveedu,Andhra Pradesh,0,0,0.21,1.85,0.71,1.64,8.47,3.3,10.64,7.48,9.84,1.07
14,78.75,Sambepalle,Andhra Pradesh,0.07,0,0.22,2.19,0.61,1.82,8.61,3.32,10.88,5.58,10.79,1.57
14,79,T Sundupalle,Andhra Pradesh,0.53,0,0.47,1.58,0.32,1.37,6.12,5.6,10.92,1.2,13.28,4.13
14,79.25,Obulavaripalle,Andhra Pradesh,1.79,0,0.15,2.12,0.37,2,5.79,3.25,5.62,2.13,16.66,6.44
14,79.5,Venkatagiri,Andhra Pradesh,1.55,0,0.08,2.08,0.29,1.78,5.94,3.09,4.88,2.45,17.43,7.06
14,79.75,Ojili,Andhra Pradesh,0.86,0,0.05,2.13,0.07,1.95,6.32,4.53,4.34,2.9,15.86,8.03
14,80,Chittamur,Andhra Pradesh,0.94,0,0.02,3.24,0.02,2.12,6.56,4.59,5.15,6.01,15,7.54
14.25,74.25,Unknown,Unknown,0,0,0.17,1.31,1.55,32.53,42.88,41.5,29.89,10.81,0.2,0.03
14.25,74.5,Honnavar taluku,Karnataka,0,0,0.08,1.1,1.46,30.65,37.5,72.08,34.04,9.77,0.21,0.03
14.25,74.75,Sagara taluk,Karnataka,0,0,0,0.48,2.09,13.24,18.19,41.74,14.63,5.33,0.14,0.15
14.25,75,Sagara taluk,Karnataka,0,0,0,0.45,2,8.12,10.73,18.56,8.58,3.51,0.1,0.07
14.25,75.25,Sagara taluk,Karnataka,0,0,0.03,2.22,4.33,5.07,7.78,8.72,6.42,3.07,0.08,0.03
14.25,75.5,Shikaripura taluk,Karnataka,0,0,0.03,1.01,0.81,2.5,3,3.91,6.13,7.48,0.07,0.03
14.25,75.75,Honnali taluku,Karnataka,0.09,0,0.09,1.3,2.82,2.63,4.53,4.27,6.58,6.73,0.34,0.15
14.25,76,Channagiri taluku,Karnataka,0.03,0,0.01,0.84,4.29,2.57,3.66,3.41,6.91,5.47,0.61,0.14
14.25,76.25,Chitradurga taluku,Karnataka,0,0,0,0.47,2.79,2.93,9.61,1.93,5.69,6.92,0.51,0.28
14.25,76.5,Chitradurga taluku,Karnataka,0,0,0,0.94,1.32,1.67,6.65,0.51,5.89,5.67,0.3,0.15
14.25,76.75,Challakere taluku,Karnataka,0,0,0,0.33,0.86,1.99,4.33,0.83,5.39,2.11,0.34,0.09
14.25,77,Kundurpi,Andhra Pradesh,0,0,0.26,2.58,2.37,4.31,5.9,2.1,8.35,4.08,2.23,0.66
14.25,77.25,Pavagada taluk,Karnataka,0,0,0.01,0.46,0.81,2.71,7.01,2.5,13.23,4.27,3.24,0.82
14.25,77.5,Pavagada taluk,Karnataka,0,0,0.15,2.02,0.57,3.89,7.63,1.12,8.71,7.05,2.31,1.01
14.25,77.75,Kothacheruvu,Andhra Pradesh,0,0,0.41,1.14,0.23,3.91,6.77,1.73,7.48,6.21,3.03,1.17
14.25,78,Bukkapatnam,Andhra Pradesh,0.03,0,0.19,1.26,0.38,2.58,6.39,1.57,9.47,4.71,4.02,1.2
14.25,78.25,Talupula,Andhra Pradesh,0,0,0.24,0.17,0.26,1.35,5.58,2.14,10.32,3.91,6.72,1.01
14.25,78.5,Chakrayapet,Andhra Pradesh,0,0,0.22,0.84,0.89,2.78,7.43,4,10.44,5.27,8.04,1.4
14.25,78.75,Ramapuram,Andhra Pradesh,0.17,0,0.35,1.33,0.59,2.5,7.81,4.34,10.2,3.71,10.68,2.34
14.25,79,Rajampet,Andhra Pradesh,0.46,0,0.55,1.97,0.4,1.79,7.19,4.56,9.4,1.21,12.14,4.11
14.25,79.25,Penagalur,Andhra Pradesh,2.4,0,0.17,1.61,0.34,2.91,7.22,3.55,4.55,1.6,16.36,6.19
14.25,79.5,Rapur,Andhra Pradesh,2.01,0,0.08,1.79,0.25,2.65,6.25,3.71,3.57,1.76,17.22,7.26
14.25,79.75,Sydapuram,Andhra Pradesh,1.09,0,0.06,1.76,0.06,2.06,5.02,5.22,3.53,1.87,17,8.21
14.25,80,Venkatachalam,Andhra Pradesh,1.22,0,0.03,1.95,0.02,1.79,5.19,5.74,4.23,3.28,17.09,8.11
14.5,74.25,Uttara Kannada,Karnataka,0,0,0.13,1.19,1.47,39.16,42.38,42.84,26.57,10.34,0.74,0.08
14.5,74.5,Kumata taluk,Karnataka,0,0,0.1,0.88,2.49,29.54,28.53,49.58,22.35,9.34,0.41,0.06
14.5,74.75,Siddapura taluk,Karnataka,0,0,0,0.79,2.08,9.62,11.28,26.99,9.3,5.93,0.02,0.01
14.5,75,Shirasi Taluk,Karnataka,0,0,0,1.33,2.75,5.74,7.95,16.41,7.54,6.6,0.01,0
14.5,75.25,Shikaripura taluk,Karnataka,0,0,0,2.42,3.88,3.55,4.55,6.76,4.88,3.31,0.14,0
14.5,75.5,Rattihalli taluk,Karnataka,0,0,0.03,2.25,3.5,2.99,4.21,2.97,4.81,3.27,0.07,0
14.5,75.75,Harihara taluku,Karnataka,0,0,0.13,1.55,2.29,1.77,4.93,3.04,5.65,5.25,0,0
14.5,76,Davanagere Taluku,Karnataka,0,0,0.04,0.85,5.32,3.02,3.56,2.75,5.51,5.17,0,0.02
14.5,76.25,Jagaluru taluku,Karnataka,0.03,0,0.01,1.06,3,2.28,7.7,0.81,5.08,5.66,0.31,0.16
14.5,76.5,Challakere taluku,Karnataka,0.01,0,0.04,1.07,1.63,3.53,8.97,0.68,6.94,4.7,0.36,0.2
14.5,76.75,Challakere taluku,Karnataka,0,0,0,0.13,1.91,2.8,4.55,0.45,8.39,3.03,0.38,0.31
14.5,77,Brahmasamudram,Andhra Pradesh,0,0,0.01,0.41,1.73,3.99,7.24,0.61,6.39,3.64,1.08,1.11
14.5,77.25,Kambadur,Andhra Pradesh,0,0,0,1.07,1.71,2.6,7.03,1.76,9.4,3.83,2.26,0.69
14.5,77.5,Raptadu,Andhra Pradesh,0,0,0.03,2.24,0.94,4.89,6.82,1.43,7.32,5.88,2.01,0.99
14.5,77.75,Bathalapalle,Andhra Pradesh,0,0,0.09,0.97,0.43,3.03,4.14,1.09,8.28,3.98,2.4,1.22
14.5,78,Lingala,Andhra Pradesh,0,0,0.04,0.53,0.33,1.22,6.84,1.53,11.89,5.54,5.37,1.33
14.5,78.25,Thonduru,Andhra Pradesh,0,0,0.17,0.26,0.24,1.29,5.95,2.21,12.07,4.24,6.99,1.13
14.5,78.5,Veerapunayunipalle,Andhra Pradesh,0.02,0,0.06,0.24,0.73,2.39,6.11,5.33,17.63,5.41,8.13,1.51
14.5,78.75,Vallur,Andhra Pradesh,0.14,0,0.19,0.75,0.46,2.68,5.16,4.49,11.64,4.29,10.77,3.12
14.5,79,Sidhout,Andhra Pradesh,0.19,0,0.34,1.3,0.49,3.03,6.29,4.48,8.6,3.8,11.08,4.18
14.5,79.25,Gopavaram,Andhra Pradesh,2.2,0,0.05,1.55,0.24,2.74,5.34,3.57,5.8,2.66,16.96,5.46
14.5,79.5,Chejerla,Andhra Pradesh,2.1,0,0.01,1.51,0.1,2.16,4.23,3.94,6.16,3.06,18.01,5.37
14.5,79.75,Podalakur,Andhra Pradesh,1.55,0.01,0.01,1.49,0,1.56,4.6,6.42,4.28,3.05,18.23,8.08
14.5,80,Kovur,Andhra Pradesh,1.69,0.04,0.02,1.43,0.03,2.32,4.5,5.43,4.71,2.65,19.9,7.15
14.75,74.25,Karwar taluk,Karnataka,0,0,0.01,0.64,1.75,42.19,43.33,44.31,28.55,8.37,0.22,0.29
14.75,74.5,Ankola taluk,Karnataka,0,0,0.08,0.59,5.14,18.05,18.86,34.69,14.29,3.9,0.1,0.11
14.75,74.75,Shirasi Taluk,Karnataka,0,0,0.1,0.85,5.3,12.02,10.5,22.98,9.43,3.09,0.08,0
14.75,75,Mundagoda taluk,Karnataka,0,0,0.02,0.92,3.66,5.23,5.68,10.78,4.85,4.97,0,0
14.75,75.25,Hanagal taluk,Karnataka,0,0,0,0.47,1.75,3.39,5.91,5.9,5,5.24,0,0
14.75,75.5,Byadagi taluk,Karnataka,0,0,0.01,1.97,2.4,3.76,4.36,4.49,4.75,4.29,0.04,0
14.75,75.75,Huvina Hadagali taluk,Karnataka,0,0,0.03,5.75,4.93,2.73,3.9,3.15,6.27,4.67,0.01,0.01
14.75,76,Harapanahalli taluku,Karnataka,0,0,0.01,3.7,4.75,2.65,3.98,2.28,5.93,6.8,0.14,0.02
14.75,76.25,Kotturu taluku,Karnataka,0,0,0,0.75,2.02,2.39,4.65,1.45,6.91,6.32,0.1,0.06
14.75,76.5,Kudligi taluku,Karnataka,0,0,0,0.38,1.31,5.42,5.65,1.07,9,3.44,0.4,0.22
14.75,76.75,Molakalmuru taluku,Karnataka,0,0,0.19,0.23,0.57,4.47,5.63,1.1,7.83,3.15,0.84,0.23
14.75,77,Kanekal,Andhra Pradesh,0,0,0.48,0.13,0.67,3.18,7.2,1.12,7.41,4.5,1.89,0.53
14.75,77.25,Uravakonda,Andhra Pradesh,0,0,0,0.94,1.26,2.96,7.95,1.37,9.1,5.89,1.06,0.52
14.75,77.5,Kudair,Andhra Pradesh,0,0,0,0.92,1.03,3.54,7.65,1.34,7.81,4.47,1.08,0.78
14.75,77.75,Narpala,Andhra Pradesh,0,0,0.06,0.49,0.62,2.68,7.06,2.26,8.28,4.71,1.84,0.89
14.75,78,Putlur,Andhra Pradesh,0,0,0.04,0.61,0.48,1.62,7.96,2.85,13.08,6.75,4.21,1.01
14.75,78.25,Muddanur,Andhra Pradesh,0.01,0,0.16,1,0.46,2.74,8.68,5.16,20.31,6.56,6.16,0.96
14.75,78.5,Yerraguntla,Andhra Pradesh,0.02,0,0.2,0.63,0.62,2.93,7.09,5.74,20.62,6.18,7.59,1.33
14.75,78.75,S.Mydukur,Andhra Pradesh,0.24,0,0.51,1.36,0.38,3.44,6.65,5.15,9.82,4.69,9.51,2.97
14.75,79,Brahmamgarimattam,Andhra Pradesh,1.06,0,0.55,1.87,0.38,3.73,6.65,4.7,8.65,3.92,11.74,3.81
14.75,79.25,Marripadu,Andhra Pradesh,2.09,0,0.34,2.09,0.24,3.34,5.6,3.94,7.57,2.74,15.49,4.73
14.75,79.5,Vinjamur,Andhra Pradesh,1.98,0.02,0.11,1.23,0.09,2.46,4.14,3.37,6.23,3.13,18.85,4.96
14.75,79.75,Kaligiri,Andhra Pradesh,2.21,0.11,0.07,1,0.07,3.84,4.19,3.59,5.92,2.45,24.35,4.93
14.75,80,Bogole,Andhra Pradesh,2.09,0.08,0.07,1.03,0.05,3.25,4.48,4.1,5.54,2.63,22.47,5.42
15,74,Uttara Kannada,Karnataka,0,0,0,0.35,0.47,35.41,45.58,34.86,30.9,10.22,0.01,0.56
15,74.25,Canacona,Goa,0,0,0,0.67,1.68,35.69,39.96,48.82,26.83,7.35,0.03,0.43
15,74.5,Supa taluk,Karnataka,0,0,0.1,0.51,5.61,16.38,20.23,33.15,13.39,3.49,0.05,0.06
15,74.75,Yallapura taluk,Karnataka,0,0,0.27,1.49,6.43,10.26,10.74,12.26,8.02,3.81,0,0
15,75,Mundagoda taluk,Karnataka,0,0,0.09,0.69,5.63,5.34,5.28,8.48,4.92,3.47,0,0
15,75.25,Shiggaon taluk,Karnataka,0,0,0.01,0.89,3.31,3.74,3.84,5.81,5.42,4.58,0,0
15,75.5,Savanura taluk,Karnataka,0,0,0.08,1.45,2.89,2.4,3.7,5.21,5.63,5,0,0
15,75.75,Shirahatti taluku,Karnataka,0,0,0.11,0.86,2.51,2.06,2.39,4.73,6.36,6.17,0.02,0
15,76,Huvina Hadagali taluk,Karnataka,0,0,0,0.8,2.9,2.1,4.52,1.57,5.53,6.67,0.02,0.06
15,76.25,Hagari Bommanahalli taluk,Karnataka,0,0,0.01,0.98,2.24,2.76,5.33,2.03,9.24,6.61,0.08,0.2
15,76.5,Sanduru taluk,Karnataka,0,0,0.02,1.23,1.61,3.53,5.97,2.59,9.7,7.63,0.36,0.41
15,76.75,Sanduru taluk,Karnataka,0,0,0.3,0.86,0.56,2.61,5.84,1.53,7.35,4,1.35,0.18
15,77,Bommanahal,Andhra Pradesh,0,0,0.26,0.1,0.66,3.07,7.69,1.25,8.42,5.28,1.37,0.48
15,77.25,Uravakonda,Andhra Pradesh,0,0,0.07,0.25,0.64,2.87,10.41,2.35,8.3,5.85,1.49,0.41
15,77.5,Pamidi,Andhra Pradesh,0,0,0.59,0.8,1.06,2.11,12.89,2.35,9.52,6.41,6.74,0.86
15,77.75,Peddavadugur,Andhra Pradesh,0,0,0.18,0.44,0.78,2.39,8.99,3.34,7.72,5.35,2.44,0.65
15,78,Tadpatri,Andhra Pradesh,0,0,0.17,0.67,0.83,2.67,8.09,4.17,9.22,5.44,2.23,0.47
15,78.25,Mylavaram,Andhra Pradesh,0,0,0.31,1.12,0.56,3.49,11.19,5.81,18.16,6.87,4.89,0.73
15,78.5,Peddamudium,Andhra Pradesh,0.01,0,0.4,0.95,0.64,3.75,10.46,6.54,18.87,6.7,5.7,0.92
15,78.75,S.Mydukur,Andhra Pradesh,0.06,0,0.1,1.61,0.18,3.54,6.43,5.4,11.41,2.63,7.59,2.56
15,79,Porumamilla,Andhra Pradesh,1.37,0,0.43,2.14,0.29,3.86,6.35,4.58,9.14,2.68,11.65,3.72
15,79.25,Udayagiri,Andhra Pradesh,2.14,0,0.63,1.94,0.35,3.81,5.3,3.35,7.05,2.25,14.67,4.33
15,79.5,Varikuntapadu,Andhra Pradesh,1.16,0,0.53,0.37,0.03,2.53,4.98,2.04,4.7,3.27,17.02,5.24
15,79.75,Kondapuram,Andhra Pradesh,2.43,0.11,0.09,0.76,0.07,4.13,4.52,2.67,6.33,2.39,24.36,3.69
15,80,Gudluru,Andhra Pradesh,2.25,0.1,0.12,0.71,0.08,3.82,4.69,2.54,6.28,2.59,22.64,3.46
15.25,73.75,Unknown,Unknown,0,0,0,0.16,0.01,31.5,33.35,34.35,23.89,4.42,0,0.65
15.25,74,Salcete,Goa,0,0,0,0.62,0.01,30.86,41.4,47.38,26.9,5.45,0,0.44
15.25,74.25,Sanguem,Goa,0,0,0.01,1.1,1.73,22.86,28.08,51.21,22.31,6.57,0.01,0.62
15.25,74.5,Supa taluk,Karnataka,0,0,0.06,1.13,3.97,8.88,12.77,31.54,15.82,4.38,0,0
15.25,74.75,Haliyala taluku,Karnataka,0,0,0.16,1.06,3.65,5.28,7.47,11.28,8.47,3.66,0,0
15.25,75,Kalaghatagi taluku,Karnataka,0,0,0.33,1.32,3.44,4.31,5.23,7.69,5.38,2.55,0.01,0
15.25,75.25,Kundagola taluku,Karnataka,0,0,0.09,1.2,3.77,2.67,4.48,4.95,5.15,3.04,0.03,0
15.25,75.5,Gadag taluk,Karnataka,0,0,0.08,2.08,3.53,2.1,4.94,4.14,5.74,6.06,0.02,0
15.25,75.75,Mundargi taluku,Karnataka,0,0,0.11,1.27,3.44,1.97,3.26,2.7,6.94,3.52,0.03,0
15.25,76,Koppala taluku,Karnataka,0,0,0.04,0.89,2.67,2.62,6.63,1.69,7.31,6.8,0.12,0.03
15.25,76.25,Koppala taluku,Karnataka,0,0,0,0.66,1.19,2.64,7.61,1.43,7.13,7.01,0.23,0.05
15.25,76.5,Hosapete taluk,Karnataka,0,0,0.01,1.03,1.83,2.41,6.92,3.18,7.93,5.81,0.52,0.22
15.25,76.75,Bellary taluk,Karnataka,0,0,0,1.25,0.5,2.14,6.37,2.21,7.82,3.54,1,0
15.25,77,Bellary taluk,Karnataka,0,0,0.01,0.46,0.85,3.65,10.88,4.06,4.9,3.97,0.68,0.08
15.25,77.25,Chippagiri,Andhra Pradesh,0,0,0,0.34,0.8,2.7,10.6,3.35,4.54,3.89,0.78,0.05
15.25,77.5,Maddikera (East),Andhra Pradesh,0,0,0.26,0.7,2.15,2.81,10.98,3.2,6.65,4.52,1.4,0.22
15.25,77.75,Peapally,Andhra Pradesh,0,0,0.58,1.08,1.77,3.51,7.76,3.98,5.9,5.2,1.68,0.27
15.25,78,Owk,Andhra Pradesh,0,0,0.3,1.08,1.31,3.96,6.54,4.18,7.38,4.12,1.55,0.34
15.25,78.25,Banaganapalle,Andhra Pradesh,0,0,0.21,1.09,0.53,4.58,11.96,4.13,13.14,7.36,2.92,0.21
15.25,78.5,Allagadda,Andhra Pradesh,0,0,0.37,1.38,0.56,5.56,13.44,4.54,14.99,6.74,3.23,0.39
15.25,78.75,Giddalur,Andhra Pradesh,0.01,0,0.25,1.63,0.25,4.92,4.61,4.23,11.07,4.17,5.82,1.19
15.25,79,Komarolu,Andhra Pradesh,0.96,0,1.02,1.1,0.57,4.51,3.89,3.5,8.58,3.74,8.39,0.7
15.25,79.25,Chandra Sekhara Puram,Andhra Pradesh,1.52,0,1.39,0.9,0.72,4.04,3.4,2.52,7.23,3.51,10.27,0.64
15.25,79.5,Kanigiri,Andhra Pradesh,1.71,0,0.46,0.42,0.14,2.53,5.13,1.55,6.53,3.28,14.82,2.31
15.25,79.75,Ponnaluru,Andhra Pradesh,2.7,0,0.1,0.32,0.01,2.74,6.31,1.54,6.78,3.01,16.81,1.19
15.25,80,Singarayakonda,Andhra Pradesh,2,0.08,0.13,0.84,0.13,3.02,5.34,2.39,6.98,3.39,17.3,1.44
15.5,73.75,Unknown,Unknown,0,0,0,0.43,0.04,33.04,39.98,29.1,21.46,6.26,0.03,0.48
15.5,74,Ponda,Goa,0,0,0.15,0.74,0.95,32,42.2,50.74,23.82,9.98,0.01,0.95
15.5,74.25,Satari,Goa,0.02,0,0.4,1.16,1.45,21.56,29.23,54.85,20.73,6.5,0.01,0.43
15.5,74.5,Khanapura taluku,Karnataka,0.04,0,0.36,1.31,2.73,7.96,12.8,34.02,12.02,3.53,0.02,0.01
15.5,74.75,Kitturu taluku,Karnataka,0.02,0,0.35,1.04,2.55,3.92,5.57,10.99,7.05,6.41,0.02,0
15.5,75,Dharawada taluku,Karnataka,0,0,0.43,1.33,2.44,3.42,4.51,8.66,6.22,6.34,0.03,0
15.5,75.25,Hubballi Taluku,Karnataka,0,0,0.28,2.52,3.41,4.09,5.45,4.46,7.44,4.83,0.11,0
15.5,75.5,Gadag taluk,Karnataka,0,0,0.07,2.8,3.9,2.33,7.86,3.95,6.61,4.78,0.13,0
15.5,75.75,Gadag taluk,Karnataka,0,0,0.14,2.3,4.81,4.8,10.71,2.64,7.94,5.39,0.11,0.01
15.5,76,Kukunoor taluku,Karnataka,0,0,0.14,1.84,4.43,4.65,10.07,2.4,7.36,6.17,0.12,0.04
15.5,76.25,Koppala taluku,Karnataka,0,0,0.12,0.79,2.8,3.69,9.2,4.94,11.12,8.13,0.09,0.02
15.5,76.5,Gangavati taluku,Karnataka,0,0,0.04,0.63,2.47,3.74,9.6,5.97,10.45,5.68,0.44,0.06
15.5,76.75,Karatagi taluku,Karnataka,0,0,0.04,0.42,2.15,3.39,6.49,2.74,4.03,2.76,0.4,0.02
15.5,77,Holagunda,Andhra Pradesh,0,0,0.05,0.49,1.82,4.01,8.88,3.62,4.36,3.15,0.44,0.11
15.5,77.25,Alur,Andhra Pradesh,0,0,0.01,0.54,1.33,3.28,12.18,3.16,4.81,2.68,0.73,0.3
15.5,77.5,Aspari,Andhra Pradesh,0,0,0.26,0.83,1.49,2.76,10.4,2.29,6.61,4.64,1.15,0.12
15.5,77.75,Krishnagiri,Andhra Pradesh,0,0,0.71,0.96,1.84,2.97,7.36,3.72,4.71,5.85,1.71,0.22
15.5,78,Veldurthi,Andhra Pradesh,0,0,0.17,0.56,0.71,2.82,6.8,3.52,6.53,6.34,1.58,0.1
15.5,78.25,Panyam,Andhra Pradesh,0,0,0.32,0.73,0.84,8.07,13.6,2.65,14.87,4.05,2.28,0.16
15.5,78.5,Nandyal,Andhra Pradesh,0,0,0.31,1.05,0.55,6.86,9.88,3.07,13.1,4.14,3.28,0.36
15.5,78.75,Bandi Atmakur,Andhra Pradesh,0,0,0.33,1.86,0.29,6.01,3.29,3.11,11.16,5.4,4.21,0.1
15.5,79,Cumbum,Andhra Pradesh,0.25,0,0.83,0.58,0.59,5.37,3.32,4.07,8.61,5.39,6.23,0.05
15.5,79.25,Hanumanthuni Padu,Andhra Pradesh,0.75,0,1.09,0.67,0.49,2.3,2.51,1.77,6.84,3.15,8.18,0.08
15.5,79.5,Kanigiri,Andhra Pradesh,0.47,0,0.81,0.85,0.4,1.51,3.44,0.83,9.03,4.06,8.35,0
15.5,79.75,Marripudi,Andhra Pradesh,0.93,0.06,0.53,1.31,0.22,2.03,5.61,2.78,7.28,4.86,10.3,0.14
15.5,80,Santhanuthala Padu,Andhra Pradesh,0.92,0.09,0.25,1.11,0.31,2.09,5.46,2.8,8.01,4.71,9.71,0.1
15.75,73.5,Unknown,Unknown,0,0,0,0.03,0.63,38.49,45.98,36.48,28.75,12.38,0.01,0.89
15.75,73.75,Sawantwadi Taluka,Maharashtra,0,0,0.02,0.05,0.2,38.2,45.8,48.62,26.6,11.04,0.02,0.47
15.75,74,Dodamarg Taluka,Maharashtra,0,0,0.55,0.7,1.21,26.64,34.82,46.9,20.36,9.5,0.01,0.62
15.75,74.25,Chandgad,Maharashtra,0.18,0,1.36,1.16,1.03,11.38,10.81,30.28,7.82,4.41,0.04,0.02
15.75,74.5,Belagavi taluku,Karnataka,0.55,0,0.57,1.3,0.58,6.6,5.29,3.51,8.45,5.43,0.14,0
15.75,74.75,Bailahongala taluku,Karnataka,0.18,0,0.65,1.15,3.27,4.86,6.53,10.67,8.56,5.77,0.05,0.02
15.75,75,Savadatti taluku,Karnataka,0.03,0,0.38,1.8,2.94,4.72,4.77,5.57,6.33,5,0.06,0
15.75,75.25,Savadatti taluku,Karnataka,0,0,0.48,2.79,3.07,5.43,5.78,4.33,5.88,5.79,0.13,0
15.75,75.5,Naragunda taluk,Karnataka,0,0,0.25,2.51,2.25,3.94,5.67,3.48,7.54,6.11,0.05,0.04
15.75,75.75,Rona taluku,Karnataka,0,0,0.17,2.11,4.11,5.08,9.18,2.87,8.15,6.53,0.12,0.04
15.75,76,Gajendragad taluku,Karnataka,0,0,0.04,1.54,4.25,3.31,6.12,3.9,6.58,7.42,0.29,0.18
15.75,76.25,Kushtagi taluk,Karnataka,0,0,0,1.8,2.78,4.99,4.8,3.34,6.56,5.75,0.18,0.07
15.75,76.5,Sindhanuru taluku,Karnataka,0,0,0.01,1.04,2.3,6.02,6.76,3.22,5.85,5.28,0.2,0.02
15.75,76.75,Sindhanuru taluku,Karnataka,0,0,0.01,0.2,2.38,4.16,7.33,2.69,4.89,3.43,0.34,0
15.75,77,Siruguppa taluku,Karnataka,0,0,0.05,0.53,2.09,3.59,7.76,3.5,4.12,3.19,0.54,0.02
15.75,77.25,Adoni,Andhra Pradesh,0,0,0.1,1.07,0.77,3.76,8.31,3.73,6.71,5.67,1.31,0
15.75,77.5,Yemmiganur,Andhra Pradesh,0,0,0.29,0.6,2.54,5.63,6.03,3.2,7.06,4.99,1.02,0
15.75,77.75,Guduru,Andhra Pradesh,0,0,0.12,0.08,1.55,5.82,7.51,4.21,7.4,4.91,1.04,0
15.75,78,Kallur,Andhra Pradesh,0,0,0.01,0.01,0.43,2.49,6.3,3.91,6.21,5.75,1.11,0
15.75,78.25,Midthur,Andhra Pradesh,0,0,0.13,1.23,0.16,3.93,8.41,4.83,11.94,4.44,4.59,1.41
15.75,78.5,Pamulapadu,Andhra Pradesh,0,0,0.17,0.82,0.42,3.5,7.09,2.83,8.2,4.55,3.42,0.96
15.75,78.75,Velgode,Andhra Pradesh,0.06,0,0.62,0.3,0.37,3.42,2.26,4.08,3.81,2.35,5.34,0.42
15.75,79,Dornala,Andhra Pradesh,0.91,0,0.93,1.35,0.51,3.44,3.47,5.61,9.63,2.14,8.59,1.95
15.75,79.25,Markapur,Andhra Pradesh,0.67,0,0.89,0.97,0.17,1.17,1.49,2.34,8.07,2.13,6.37,0.01
15.75,79.5,Donakonda,Andhra Pradesh,1.23,0.02,0.86,0.54,0.09,0.61,3.7,4.8,6.43,1.99,5.78,0
15.75,79.75,Darsi,Andhra Pradesh,0.57,0,0.42,1.05,0.38,1.21,5.17,3.77,9.92,4.02,6.36,0
15.75,80,Addanki,Andhra Pradesh,1.23,0.1,0.08,0.52,0.46,2.85,6.2,3.01,10.17,5.01,7.13,0.03
15.75,80.25,Chinaganjam,Andhra Pradesh,2.29,0.3,0.02,0.23,0.39,2.74,6.64,3.97,10.83,3.41,7.02,0.02
15.75,80.75,Unknown,Unknown,0.49,1.85,0,0.93,0.03,5.37,10.33,6.78,10.05,7.23,9.62,0.07
16,73.5,Kudal Taluka,Maharashtra,0,0,0.01,0.01,0.61,32.24,51.57,37.54,28.36,11.66,0.01,0.61
16,73.75,Kudal Taluka,Maharashtra,0,0,0.16,0.23,0.72,36.45,48.75,44.54,24.08,9.57,0.02,0.63
16,74,Sawantwadi Taluka,Maharashtra,0,0,0.73,0.81,1.38,16.88,15.68,36.69,10.3,5.86,0.04,0.09
16,74.25,Chandgad,Maharashtra,0,0,1.18,1.23,1.39,13.6,13.92,32.25,8.38,6.04,0.01,0.01
16,74.5,Belagavi taluku,Karnataka,0.04,0,1,0.97,1.54,5.19,6.43,10.6,8.07,5.31,0.01,0.03
16,74.75,Gokak taluku,Karnataka,0.07,0,0.55,0.63,2.41,5.11,5.04,7.92,6.65,5.52,0.04,0.01
16,75,Yaragatti taluku,Karnataka,0,0,0.32,1.37,2.12,4.16,3.92,3.88,6.46,4.92,0.02,0
16,75.25,Ramadurga taluku,Karnataka,0,0,0.27,1.53,1.38,5.01,3.44,3.22,6.28,4.14,0.02,0.02
16,75.5,Badami taluku,Karnataka,0,0,0.16,1.62,1.39,3.81,4.27,2.68,8.57,6.67,0.02,0.05
16,75.75,Guledgudda taluku,Karnataka,0,0,0.13,1.01,1.57,3.59,5.27,2.31,9.1,7.84,0.25,0.03
16,76,Kushtagi taluk,Karnataka,0,0,0.17,1.2,3.04,3.07,5.48,3.1,8.3,6.02,0.45,0.02
16,76.25,Ilkal taluka,Karnataka,0,0,0.01,0.98,3.09,5.05,6.58,3.92,7.04,5.86,0.23,0
16,76.5,Maski taluku,Karnataka,0,0,0,1.02,2.71,4.93,5.67,3.91,6.44,5.12,0.22,0.02
16,76.75,Maski taluku,Karnataka,0,0,0.03,0.34,2.38,4.4,6.04,4.08,6.44,4.56,0.41,0
16,77,Manvi taluku,Karnataka,0,0,0.01,0.46,1.69,3.46,7.96,5.27,7.02,3.74,0.67,0
16,77.25,Manvi taluku,Karnataka,0.01,0,0.02,0.61,1.18,4.02,8.13,4.15,4.86,4.31,1.12,0
16,77.5,Rayachuru taluku,Karnataka,0.03,0,0.06,0.4,1.86,5.58,6.83,4.86,8.48,7.71,0.98,0
16,77.75,Aiza mandal,Telangana,0,0,0.07,0.09,0.95,5.63,8.3,4.59,7.06,4.26,0.93,0
16,78,Manopad mandal,Telangana,0,0.01,0,0.05,0.35,3.49,8.58,6.73,9.07,3.27,0.94,0
16,78.25,Chinnambavi mandal,Telangana,0,0.04,0.02,0.29,0.45,3.67,9.83,7.92,13.48,5.33,1.32,0.14
16,78.5,Kothapalle,Andhra Pradesh,0,0.01,0.04,0.6,0.54,3,7.91,3.19,8.6,5.43,2.05,0.77
16,78.75,Atmakur,Andhra Pradesh,0.15,0.18,0.64,0.48,0.86,2.12,3.76,5.93,5.63,4.22,5.97,1.29
16,79,Dornala,Andhra Pradesh,0.2,0.41,0.83,0.5,1.13,1.83,3.79,5.25,5.82,4.13,5.13,0.62
16,79.25,Yerragondapalem,Andhra Pradesh,0.29,0.42,0.81,0.47,1.05,1.93,3.94,5.59,5.75,3.57,4.02,0
16,79.5,Tripuranthakam,Andhra Pradesh,0.57,0.06,0.27,0.09,0.54,3.64,11.17,19.55,6.08,6.48,3.03,0
16,79.75,Nuzendla,Andhra Pradesh,0.81,0.64,0.15,0.19,0.4,1.81,6.9,7.3,7.66,4.69,4.28,0
16,80,Ballikurava,Andhra Pradesh,1.65,0.4,0.02,0.11,0.46,3.01,6.79,3.67,10.1,4.75,5.68,0
16,80.25,Parchur,Andhra Pradesh,2.36,0.32,0.02,0.13,0.37,2.64,6.74,4.51,10.8,3.21,6.91,0.01
16,80.5,Ponnur,Andhra Pradesh,0.48,1.86,0,0.69,0.02,5.17,11.07,6.3,9.59,6.85,8.1,0.04
16,80.75,Nagaram,Andhra Pradesh,0.29,2.68,0,0.82,0,6.84,12.11,7.4,9.41,8.34,10.47,0.07
16,81,Koduru,Andhra Pradesh,0.16,1.21,0,1.27,0,5.11,9.7,7.32,9.82,7.98,9.92,0.1
16.25,73.25,Unknown,Unknown,0,0,0.14,0.23,0.38,35.52,47.87,28.09,21.74,13.08,0,0.42
16.25,73.5,Malvan Taluka,Maharashtra,0,0,0.16,0.36,0.44,32.28,48.94,39,21.96,12.63,0.02,0.45
16.25,73.75,Kankavli Taluka,Maharashtra,0,0,0.14,0.45,0.76,27.76,35.36,50.38,17.26,9.37,0.03,0.34
16.25,74,Radhanagari,Maharashtra,0,0,0.27,0.35,1.39,9.46,11.11,16.68,8.03,4.06,0.07,0
16.25,74.25,Ajra,Maharashtra,0,0,0.82,1.71,1.4,9.04,8.84,13.49,5.35,6.33,0.03,0
16.25,74.5,Hukkeri taluk,Karnataka,0,0,0.54,0.92,2.25,5.75,5.73,7.01,6.21,6.72,0.02,0
16.25,74.75,Gokak taluku,Karnataka,0,0,0.19,0.47,2.46,4.2,4.2,3.49,5.65,7.53,0.04,0
16.25,75,Mudalagi taluku,Karnataka,0,0,0.09,0.3,1.85,4.25,5.38,2.96,7.81,8.13,0.05,0
16.25,75.25,Mudhola taluku,Karnataka,0,0,0.09,0.61,1.33,4.71,4.78,2.78,6.87,6.64,0.05,0
16.25,75.5,Bilagi,Karnataka,0,0,0.28,0.75,0.56,3.65,4.62,3.12,7.2,6.24,0.12,0.04
16.25,75.75,Bagalakote taluk,Karnataka,0,0,0.52,0.55,0.43,3.37,6.4,3.69,5.69,5.65,0.19,0.05
16.25,76,Bagalakote taluk,Karnataka,0,0,0.46,1.13,2.65,3.96,6.19,3.15,7.26,4.03,0.23,0.02
16.25,76.25,Muddebihala taluku,Karnataka,0,0,0.09,1.29,3.76,4.12,6.11,4.24,7.62,4.36,0.3,0.01
16.25,76.5,Lingasuguru taluku,Karnataka,0,0,0.1,0.69,2.03,3.95,4.2,4.61,6.67,6.62,0.34,0.01
16.25,76.75,Unknown,Karnataka,0,0,0.15,0.39,1.57,4.54,4.48,4.59,7.62,4.47,0.54,0
16.25,77,Unknown,Karnataka,0,0,0,0.34,3.31,3.56,7.71,7.45,10.24,3.82,0.43,0
16.25,77.25,Rayachuru taluku,Karnataka,0.12,0,0.06,0.51,2.05,5.26,8.42,6.25,10.68,6.88,0.59,0
16.25,77.5,Kaloor_Thimmandoddi mandal,Telangana,0.15,0,0.05,0.49,1.2,5.1,9.47,6.29,10.13,8.7,0.77,0
16.25,77.75,Gadwal mandal,Telangana,0.14,0.07,0.16,0.76,0.42,5.89,12.42,7.83,11.51,8.03,0.53,0
16.25,78,Pebbair mandal,Telangana,0.02,0.11,0.12,0.73,0.37,6.74,10.12,10.26,14,7.84,0.82,0
16.25,78.25,Kodair mandal,Telangana,0.03,0.05,0.03,0.62,0.43,5.31,8.39,10.53,15,5.31,1.2,0
16.25,78.5,Lingal mandal,Telangana,0.01,0.02,0.08,1.11,0.67,5.44,4.82,9.19,10.53,5.69,0.98,0
16.25,78.75,Amrabad mandal,Telangana,0,0.17,0.31,0.77,0.84,3.31,3.98,7.62,7.9,5.76,1.54,0
16.25,79,Amrabad mandal,Telangana,0.35,0.32,0.56,0.57,0.87,1.87,4.47,5.36,5.8,5.1,4.52,0.63
16.25,79.25,Veldurthi,Andhra Pradesh,0.35,0.41,0.5,0.42,0.74,3.03,7,4.92,6.65,6.36,3.1,0
16.25,79.5,Pullalacheruvu,Andhra Pradesh,0.63,0.75,0.7,0.1,0.48,2.85,8.9,5.1,6.98,5.57,3.23,0
16.25,79.75,Bollapalle,Andhra Pradesh,0.73,0.76,0.37,0,0.5,2.54,7.12,5.68,7.42,5.2,3.65,0
16.25,80,Narasaraopet,Andhra Pradesh,0.3,0.14,0.23,0.02,0.59,4.66,7.38,5.89,8.42,7.32,3.1,0
16.25,80.25,Edlapadu,Andhra Pradesh,0.18,0.18,0,0.02,0.3,3.9,11.19,7.57,6.38,7.43,3.37,0
16.25,80.5,Chebrolu,Andhra Pradesh,0.1,0.49,0,0.23,0.01,3.68,11.02,6.06,6.39,6.62,4.48,0
16.25,80.75,Kollipara,Andhra Pradesh,0.04,0.51,0,1.03,0.02,4.22,8.66,5.04,9.33,10.18,8.01,0.06
16.25,81,Movva,Andhra Pradesh,0.2,1.06,0,1.74,0,4.76,9.35,7.17,9.8,8.92,9.24,0.1
16.5,73.25,Unknown,Unknown,0,0,0.17,0.26,0.66,31.99,42,28.33,22.6,13.52,0,0.16
16.5,73.5,Devgad Taluka,Maharashtra,0,0,0.44,0.45,1.57,38.58,41.98,50.67,19.38,15.18,0.01,0.21
16.5,73.75,Vaibhavwadi Taluka,Maharashtra,0,0,0.48,0.68,1.51,44.55,44.76,70.27,21.16,12.5,0.02,0.17
16.5,74,Radhanagari,Maharashtra,0,0,0.09,0.54,0.84,14.47,14.04,31.06,8.19,5.3,0.02,0
16.5,74.25,Unknown,Maharashtra,0,0,0.29,0.6,1.76,8.22,4.52,13.12,5.77,6.91,0.02,0
16.5,74.5,Chikodi taluk,Karnataka,0,0,0.68,1.48,2.07,6.17,6.11,7.19,5.52,7.6,0.04,0
16.5,74.75,Raybag taluk,Karnataka,0,0,0.14,0.57,2.57,4.57,4.31,5.03,3.84,7.47,0.1,0
16.5,75,Rabakavi Banahatti taluku,Karnataka,0,0,0.2,0.48,1.89,4.9,4.91,3.21,9.08,7.1,0.06,0
16.5,75.25,Jamakhandi taluku,Karnataka,0,0,0.02,0.19,1.33,5.55,4.21,2.53,5.83,6.02,0.09,0
16.5,75.5,Babaleshwara taluk,Karnataka,0,0,0.33,0.61,1.43,3.78,5.27,2.96,5.24,4.88,0.12,0.03
16.5,75.75,Kolahara Taluku,Karnataka,0,0,0.51,0.71,0.84,3.57,5.25,3.62,6.08,4.36,0.14,0.04
16.5,76,Basavana Bagevadi Taluku,Karnataka,0,0,0.22,1.03,1.98,4.79,3.94,3.23,8.17,4.31,0.03,0.01
16.5,76.25,Talakoti Taluku,Karnataka,0,0,0.19,0.81,1.89,3.02,5.53,4.81,8.09,7.11,0.13,0
16.5,76.5,Hunasagi taluka,Karnataka,0,0,0.29,0.97,1.63,3.87,5.08,5.25,6.93,10.39,0.04,0
16.5,76.75,Shorapur,Karnataka,0,0,0.16,0.38,0.89,5.4,4.67,4.26,6.53,5.55,0.64,0
16.5,77,Unknown,Karnataka,0.02,0,0.07,0.49,0.76,7.61,11.7,5.6,9.3,5.26,0.49,0
16.5,77.25,Yadagiri taluku,Karnataka,0.28,0,0.14,0.9,1.05,6.05,10.53,5.41,12.06,5.72,0.4,0
16.5,77.5,Unknown,Telangana,0.46,0,0.13,0.48,0.82,4.08,11.09,6.54,10.95,5.85,0.4,0
16.5,77.75,CC Kunta mandal,Telangana,0.3,0.03,0.18,0.89,0.25,4.89,12.24,8.41,12.18,6.32,0.4,0
16.5,78,Ghanpur mandal,Telangana,0.09,0.07,0.07,0.68,0.4,3.86,6.49,8.53,9.35,4.59,0.38,0
16.5,78.25,Bijinapalle mandal,Telangana,0.1,0.02,0,0.62,0.71,4.47,5.18,10.46,11.1,5.41,0.62,0
16.5,78.5,Uppunuthala mandal,Telangana,0,0.04,0.27,1.09,0.73,6.34,4.99,9.97,9.05,8.15,0.42,0
16.5,78.75,Uppunuthala mandal,Telangana,0,0.02,0.09,0.77,0.5,3.12,4.48,6.9,6.28,9.2,0.54,0
16.5,79,Chandampet mandal,Telangana,0.38,0.26,0.23,0.67,0.42,3.3,5.6,4.4,5.77,5.13,1.15,0
16.5,79.25,Macherla,Andhra Pradesh,0.51,0.21,0.3,0.68,0.52,4.03,10.75,6.26,8.85,9.92,3.24,0
16.5,79.5,Macherla,Andhra Pradesh,0.57,0.79,0.77,0.09,0.33,3.22,9.49,4.56,7.07,5.55,2.25,0
16.5,79.75,Dachepalle,Andhra Pradesh,0.22,0.54,1.62,0,0.77,4.13,10.84,5.23,6.03,5.43,2.76,0
16.5,80,Bellamkonda,Andhra Pradesh,0.26,0.04,0.44,0.04,0.73,4.97,7.66,5.53,8.11,7.36,2.39,0
16.5,80.25,Pedakurapadu,Andhra Pradesh,0.49,0.18,0.09,0.71,0.16,3.41,9.54,5.02,4.84,8.12,4.23,0
16.5,80.5,Thullur,Andhra Pradesh,0.54,0.27,0.1,1.27,0.01,1.91,8.45,5,4.57,10.2,4.91,0
16.5,80.75,Kankipadu,Andhra Pradesh,0.06,0.26,0.01,1.45,0.01,5.29,12.05,5.35,8.87,13,5.14,0
16.5,81,Nandivada,Andhra Pradesh,1.06,4.04,0,2.98,0,6.13,13.73,4.59,10.31,13.66,3.88,0
16.5,81.25,Kalidindi,Andhra Pradesh,0.72,0.29,0,0.58,0,5.5,13.18,4.68,10.16,10.87,5.74,0
16.5,81.5,Bhimavaram,Andhra Pradesh,0.31,0.18,0,0.46,0,6.21,11.49,5.74,9.28,12.19,7.01,0
16.5,81.75,Yelamanchili,Andhra Pradesh,0.17,0.09,0,1.27,0.05,4.3,14.46,12.06,9.54,14.8,6.39,0
16.5,82,Allavaram,Andhra Pradesh,0.24,0.14,0.1,1.01,0.48,3.58,13.37,14.22,8.54,11.78,4.29,0
16.75,73.25,Unknown,Unknown,0,0,0.09,0.09,0.89,33.34,41.77,38.82,19.68,13.71,0,0.03
16.75,73.5,Rajapur Taluka,Maharashtra,0,0,0.46,0.2,0.87,35.38,37.59,48.05,19.16,15.72,0,0.03
16.75,73.75,Rajapur Taluka,Maharashtra,0,0,0.71,0.89,1.18,22.6,21.47,41.63,9.33,8.21,0.01,0
16.75,74,Unknown,Maharashtra,0,0,0.26,2.9,1.38,15.51,11.01,28.68,12.78,12.7,0.01,0
16.75,74.25,Karvir,Maharashtra,0,0,0.03,1.26,1.57,4.77,3.57,10.24,5.1,5.96,0.01,0
16.75,74.5,Shirol,Maharashtra,0,0,0.07,1.37,1.29,3.23,1.85,7.58,5.66,10.97,0.03,0
16.75,74.75,Miraj,Maharashtra,0,0,0.11,0.85,2.65,5.15,3.04,5.02,4.72,8.12,0.13,0
16.75,75,Athani taluku,Karnataka,0,0,0.06,0.74,3.21,4.84,3.35,3.76,6.14,7.14,0.17,0
16.75,75.25,Athani taluku,Karnataka,0,0,0.05,0.6,2.39,4.63,3.82,2.67,6.08,5.8,0.13,0
16.75,75.5,Tikota taluka,Karnataka,0,0,0.26,0.83,2.76,3.17,5.63,2.03,6.88,4.25,0.08,0
16.75,75.75,Bijapur Taluk,Karnataka,0,0,0.23,0.8,2.44,2.96,5.39,2.21,6.59,4.8,0.07,0.01
16.75,76,Basavana Bagevadi Taluku,Karnataka,0,0,0.07,0.62,2.45,3.53,5.27,2.9,5.78,8.69,0.01,0
16.75,76.25,Sindagi taluku,Karnataka,0,0,0.15,0.4,1.25,2.48,5.9,3.54,7.58,6.05,0.08,0
16.75,76.5,Yadrami taluku,Karnataka,0,0,0.05,0.59,0.78,2.23,5.65,3,6.49,4.89,0.18,0
16.75,76.75,Shahapura taluku,Karnataka,0,0,0.01,0.42,0.78,2.85,7.36,4.15,6.54,5.67,0.43,0
16.75,77,Shahapura taluku,Karnataka,0.19,0,0.06,0.54,0.53,7.41,13.2,6.2,10.56,4.98,0.34,0
16.75,77.25,Yadagiri taluku,Karnataka,0.38,0,0.31,0.87,0.94,5.4,14.2,7.79,12.74,4.86,0.15,0
16.75,77.5,Narayanpet mandal,Telangana,0.3,0,0.65,0.96,1.28,4.76,12.84,7.44,11.84,5.22,0.18,0
16.75,77.75,Koilkonda mandal,Telangana,0.31,0,0.09,1.83,1.13,4.59,11.13,9.65,9.46,3.94,0.16,0
16.75,78,Mahabubnagar_Urban mandal,Telangana,0.02,0,0.02,0.2,1.3,4.65,8.69,11.81,9.02,6.79,0.2,0
16.75,78.25,Midjil mandal,Telangana,0.06,0.01,0,0.57,0.96,4.89,6.12,9.22,7.91,6.43,0.53,0
16.75,78.5,Veldanda mandal,Telangana,0.03,0.02,0.07,0.94,0.73,4.5,5.54,8.18,7.24,6.91,0.59,0
16.75,78.75,Charakonda mandal,Telangana,0.01,0,0.02,0.59,0.33,2.25,3.87,5.8,5.43,9.78,0.78,0
16.75,79,Kondamallapally mandal,Telangana,0.42,0.23,0.23,0.71,0.72,3.66,6.47,5.78,4.93,6.07,0.78,0
16.75,79.25,Peddavoora mandal,Telangana,0.63,1.22,0.89,0.49,0.51,3.42,6.45,5.57,9.72,4.65,1.52,0
16.75,79.5,Tripuraram mandal,Telangana,0.57,1.42,1.24,0.26,0.49,3.26,7.97,5.71,9.81,4.82,1.52,0
16.75,79.75,Palakeedu mandal,Telangana,0.33,0.23,0.9,0.21,0.68,3.68,9.73,5.26,5.15,6.16,2.07,0
16.75,80,Chinthala palem mandal,Telangana,0.42,0.02,0.72,0.47,0.66,4.86,9.31,6.07,5.71,9.3,1.76,0
16.75,80.25,Chandarlapadu,Andhra Pradesh,0.45,0.08,0.84,0.79,0.51,5.24,9.76,6.49,5.1,9.18,2.24,0
16.75,80.5,G.Konduru,Andhra Pradesh,0.62,0.06,0.5,1.57,0.11,3.61,11.61,7.57,6.88,11.26,3.22,0
16.75,80.75,Agiripalle,Andhra Pradesh,0.51,0.2,0.51,1.86,0.1,4.88,12.17,8.21,8.52,11.33,2.75,0
16.75,81,Pedavegi,Andhra Pradesh,0.54,1.08,0.02,1.86,0.11,6.4,12.77,7.68,10.77,10.74,3.44,0
16.75,81.25,Bhimadole,Andhra Pradesh,0.77,0.02,0,0.85,0.57,3.74,19.55,7.15,10.23,10.85,4.81,0
16.75,81.5,Pentapadu,Andhra Pradesh,0.17,0,0,1.25,0.14,2.94,18.31,6.72,13.27,14.39,6.35,0
16.75,81.75,Peravali,Andhra Pradesh,0.18,0.09,0.42,1.68,1.58,4.1,12.52,12.87,9.44,12.63,4.88,0
16.75,82,K. Gangavaram,Andhra Pradesh,0.13,0.31,0.61,2.1,2.63,4.05,9.22,10.28,11.27,11.04,4.25,0.02
16.75,82.25,Thallarevu,Andhra Pradesh,0.2,0.3,0.42,1.65,2.07,3.65,9.04,11.05,10.16,10.29,3.6,0.01
17,73.25,Unknown,Unknown,0,0,0,0.01,0.07,29.21,44.91,40.36,18.24,11.2,0,0.05
17,73.5,Ratnagiri Taluka,Maharashtra,0,0,0.1,0.34,0.68,32.32,36.01,48.66,19,13.83,0,0
17,73.75,Sangameshwar Taluka,Maharashtra,0,0,0.64,1.8,1.46,16.5,14.02,31.78,9.31,10.11,0,0
17,74,Shirala,Maharashtra,0,0,0.55,2.28,2.18,8.97,5.36,18.14,5.72,9.61,0.01,0
17,74.25,Walwa,Maharashtra,0,0,0.23,0.82,1.08,4.37,2.51,7.87,2.97,7.98,0.03,0
17,74.5,Palus,Maharashtra,0,0,0.01,0.91,1.32,4.21,5.17,5.78,4.49,7.75,0.04,0
17,74.75,Kavathemahankal,Maharashtra,0,0,0,0.53,0.8,7.3,3,3.8,5,10.2,0.1,0
17,75,Kavathemahankal,Maharashtra,0,0,0.02,0.64,1.9,3.92,4.64,3.03,5.81,10.02,0.13,0
17,75.25,Jat,Maharashtra,0,0,0.18,0.83,2.55,3.35,5.08,2.72,6.63,8.77,0.11,0
17,75.5,Jat,Maharashtra,0,0,0.47,1.28,1.21,4.4,5.34,2.36,8.59,5.23,0.07,0
17,75.75,Bijapur Taluk,Karnataka,0,0,0.58,1.2,1.19,3.6,4.95,2.51,6.03,4.82,0.06,0
17,76,Indi taluku,Karnataka,0,0,0.53,0.78,2.2,3.62,5.66,2.78,5.26,8.76,0.01,0
17,76.25,Sindagi taluku,Karnataka,0.01,0,0.34,0.94,1.41,3.43,7.58,2.83,6.61,7.68,0.03,0.01
17,76.5,Jevargi taluku,Karnataka,0.01,0,0.24,1.52,1.11,2.9,8.09,3.46,5.56,5.99,0.3,0
17,76.75,Jevargi taluku,Karnataka,0.04,0,0.32,0.78,1.47,3.49,7.52,5.3,8.69,6.22,0.17,0
17,77,Chitapura taluku,Karnataka,0.23,0,0.18,0.55,1.01,5.72,12.96,7,12.08,4.8,0.24,0
17,77.25,Sedam taluku,Karnataka,0.26,0,0.45,0.95,0.83,5.31,12.15,7.25,9.92,5.52,0.2,0
17,77.5,Doulthabad mandal,Telangana,0.21,0,0.33,0.64,0.91,6.75,10.34,7.06,11.44,5.15,0.22,0
17,77.75,Kosgi mandal,Telangana,0.12,0,0.06,0.45,1.23,4.82,11.48,8.51,8.92,5.27,0.16,0
17,78,Chowdergudem mandal,Telangana,0.11,0,0.04,1.29,1.21,6.18,5.81,8.86,8.85,6.97,0.34,0
17,78.25,Keshampeta mandal,Telangana,0.21,0.03,0.3,1.29,0.65,6.56,6.66,8.88,8.3,8.24,0.47,0
17,78.5,Kadthal mandal,Telangana,0.14,0.06,0.72,1.12,0.6,5.72,10.59,8.48,6.94,10.34,0.71,0
17,78.75,Yacharam mandal,Telangana,0.2,0.04,0.36,0.76,0.52,4.09,8.2,7.56,5.61,9.86,0.72,0
17,79,Chandur mandal,Telangana,0.72,0.18,0.38,0.9,1.28,5.01,12.2,8.45,5.11,7.37,0.67,0
17,79.25,Kanagal mandal,Telangana,0.55,0.8,0.87,0.53,0.8,3.7,9.14,7.77,9.14,5.66,0.7,0
17,79.5,Madugulapally mandal,Telangana,0.36,1.19,1,0.3,0.42,2.68,7.34,7.52,11.42,4.74,0.68,0
17,79.75,Penpahad mandal,Telangana,0.13,0.85,0.36,0.18,0.6,2.85,8.78,6.7,4.84,6.45,0.7,0
17,80,Kodad mandal,Telangana,0.23,0.04,0.26,0.1,1.58,5.98,10.15,9.04,4.26,6.65,1.14,0
17,80.25,Vatsavai,Andhra Pradesh,0.38,0.04,0.88,0.16,0.71,6.63,12.65,9.13,8.77,7.53,1.24,0
17,80.5,Gampalagudem,Andhra Pradesh,0.53,0.02,0.7,0.72,0.34,6.37,15.53,10.83,13.51,9.17,1.92,0
17,80.75,Vissannapeta,Andhra Pradesh,0.6,0,0.5,1.92,0.09,4.5,12,9.81,7.85,10.96,2.43,0
17,81,Chintalapudi,Andhra Pradesh,1.02,0,0.15,2.04,0.14,2.91,12.29,8.39,5.57,9.9,3.02,0
17,81.25,Kamavarapukota,Andhra Pradesh,0.1,0.01,0,2.21,0.03,2.02,17.83,7.5,6.54,11.19,3.86,0
17,81.5,Devarapalle,Andhra Pradesh,0.27,0.37,0.01,1.77,0.2,4.45,14.82,6.74,8.57,10.18,4.29,0
17,81.75,Rajahmundry (Urban),Andhra Pradesh,0.24,0.03,0.09,0.82,0.59,4.91,9.01,9.24,15.59,10.43,2.03,0
17,82,Rangampeta,Andhra Pradesh,0.08,0.49,0.23,2,1.64,3.9,9.57,6.12,12.76,12.31,5.5,0.03
17,82.25,Kakinada (Rural),Andhra Pradesh,0.18,0.32,0.44,1.97,2.49,4.12,7.15,8.54,10.14,11.15,4.53,0.02
17.25,73.25,Ratnagiri Taluka,Maharashtra,0,0,0.03,0.18,0.82,29.44,38.88,43.06,16.26,11.63,0,0.04
17.25,73.5,Sangameshwar Taluka,Maharashtra,0,0,0.08,0.42,1.6,27.33,31.24,47.36,15.88,12.21,0,0.01
17.25,73.75,Shirala,Maharashtra,0,0,0.48,1.01,1.87,10.78,8.97,25.46,6.04,9.01,0,0.01
17.25,74,Patan,Maharashtra,0,0,0.28,1.52,1.33,7.1,3.68,10.8,6.53,9.39,0.01,0
17.25,74.25,Karad,Maharashtra,0,0,0.18,0.6,1.56,5.63,4.4,5.65,6.76,9.04,0.02,0
17.25,74.5,Khanapur,Maharashtra,0,0,0.27,0.68,2.28,6.61,7.2,4.3,9.85,9.34,0.07,0
17.25,74.75,Khanapur,Maharashtra,0,0,0.27,0.53,0.88,5.81,3.97,2.52,11.52,8.65,0.09,0
17.25,75,Sangole,Maharashtra,0,0,0.13,0.59,1.4,5.09,4.17,2.48,6.65,7.76,0.11,0
17.25,75.25,Sangole,Maharashtra,0,0,0.26,0.67,1.44,5.33,4.91,2.18,5.41,7.83,0.07,0
17.25,75.5,Mangalvedhe,Maharashtra,0,0,0.51,1.06,1.09,5.48,5.14,1.97,6.43,6.32,0.05,0
17.25,75.75,Chadachana taluku,Karnataka,0,0,0.99,1.51,1.03,5.04,4.53,2.7,4.95,4.97,0.03,0
17.25,76,Indi taluku,Karnataka,0,0,0.67,1.27,1.21,4.22,4.84,2.92,4.35,5.57,0.02,0.01
17.25,76.25,Afzalpura taluku,Karnataka,0.01,0,0.38,1.3,0.56,3.61,8.05,2.62,6.76,5.36,0.02,0.04
17.25,76.5,Afzalpura taluku,Karnataka,0.07,0,0.38,0.75,1.57,6.07,9.13,4.98,8.04,7.04,0.1,0.01
17.25,76.75,Kalaburagi taluku,Karnataka,0.08,0,0.57,0.36,1.76,7.44,9.81,6.14,10.95,7.8,0.09,0
17.25,77,Chitapura taluku,Karnataka,0.02,0,0.66,0.44,1.39,6.64,11.43,6.62,11.44,7.42,0.05,0
17.25,77.25,Kalagi taluku,Karnataka,0,0,0.33,0.51,0.5,4.68,11.63,9.22,11.04,8.44,0.17,0
17.25,77.5,Basheerabad mandal,Telangana,0.01,0,0.13,0.53,0.36,4.19,14.36,10.19,9.47,9.17,0.15,0
17.25,77.75,Dharoor mandal,Telangana,0.03,0,0,0.42,1.18,3.02,7.07,6.45,8.09,5.64,0.14,0
17.25,78,Pudur mandal,Telangana,0.04,0.01,0.07,1.94,1.89,4.44,5.52,7.13,8.25,6.24,0.34,0
17.25,78.25,Moinabad mandal,Telangana,0.23,0.38,0.59,0.72,0.45,5.53,5.04,6.61,3.27,4.48,0.13,0
17.25,78.5,Balapur mandal,Telangana,0.37,0.25,0.33,1.79,0.76,7.01,3.72,10.12,14.01,14.53,0.66,0
17.25,78.75,Ibrahimpatnam mandal,Telangana,0.05,0.07,0.87,0.92,1.52,5.02,5.21,7.94,7.85,9.23,0.52,0
17.25,79,Chityal mandal,Telangana,0.11,0.11,1.03,0.47,1.88,5.02,6.8,9.25,7.28,8.64,0.61,0
17.25,79.25,Narketpally mandal,Telangana,0.19,0.22,0.73,0.41,0.83,4.25,8.94,12.77,9.54,5.9,0.55,0
17.25,79.5,Nakrekal mandal,Telangana,0.14,0.64,0.75,0.19,0.28,2.45,8.26,10.33,11.06,5.23,0.53,0
17.25,79.75,Atmakur (S) mandal,Telangana,0.14,1.94,0.14,0.44,0.12,3.23,10.63,11.6,9.18,8.41,0.61,0
17.25,80,Kusumanchi mandal,Telangana,0.05,0.12,0.64,0.03,0.26,5.87,8.32,12.54,8.09,8.49,0.62,0
17.25,80.25,Konijerla mandal,Telangana,0.1,0.03,0.31,0.39,0.21,6.2,12.46,16.65,10.54,6.16,0.97,0
17.25,80.5,Thallada mandal,Telangana,0.23,0.01,0.67,0.78,0.2,6.09,13.9,14.62,11.89,7.77,1.36,0
17.25,80.75,Penuballi mandal,Telangana,0.4,0,0.56,1.99,0.06,3.85,13.65,17.14,7.09,10.09,1.28,0
17.25,81,Dammapeta mandal,Telangana,0.75,0,0.44,2.09,0.08,3.45,12.31,13.6,6.12,10.6,1.82,0
17.25,81.25,Jeelugu Milli,Andhra Pradesh,0.77,0.84,0.06,2.19,0.32,3.52,15.47,9.44,6.97,9.16,3.36,0
17.25,81.5,Buttayagudem,Andhra Pradesh,0.65,1.41,0.27,2.17,0.45,4.69,15.56,9.92,8.06,8.45,3.4,0
17.25,81.75,Devipatnam,Andhra Pradesh,0.26,0.21,0.33,1.79,0.7,4.35,7.09,7.13,10.81,11.9,3.43,0
17.25,82,Jaggampeta,Andhra Pradesh,0.27,0.25,0.63,3.66,0.62,3.33,6.38,6.94,6.42,12.98,3.32,0
17.25,82.25,Prathipadu,Andhra Pradesh,0.33,0.22,0.27,1.76,2.22,4.18,4.94,8.66,6.16,10.8,4.53,0
17.25,82.5,Thondangi,Andhra Pradesh,0.26,0.3,0.97,1.84,2.2,4.08,6.08,7.53,6.2,11.21,4.43,0
17.5,73,Unknown,Unknown,0,0,0.04,0.07,0.95,28.16,37.13,34.76,11.29,9.2,0,0.3
17.5,73.25,Guhagar Taluka,Maharashtra,0,0,0.15,0.25,1.93,26.19,36.4,43.37,12.51,9.76,0,0.12
17.5,73.5,Chiplun Taluka,Maharashtra,0,0,0.22,0.47,3.35,23.27,34.15,52.59,14.12,10.56,0,0.04
17.5,73.75,Patan,Maharashtra,0,0,0.16,0.31,1.68,10.12,9.38,25.68,5.45,8.79,0,0.02
17.5,74,Patan,Maharashtra,0,0,0.07,0.43,1.01,6.07,3.86,12.64,4.48,8.93,0,0.02
17.5,74.25,Koregaon,Maharashtra,0,0,0.21,0.5,1.7,5.32,4.06,5.75,8.22,7.94,0,0
17.5,74.5,Khatav,Maharashtra,0,0,0.28,0.59,1.82,5.61,4.77,4.46,9.29,8.07,0.02,0
17.5,74.75,Man,Maharashtra,0,0,0.38,0.44,0.92,5.5,3.67,1.78,12.91,8.07,0.03,0
17.5,75,Sangole,Maharashtra,0,0,0.21,0.57,0.95,6.2,4.06,2.14,6.69,6.17,0.05,0
17.5,75.25,Sangole,Maharashtra,0,0,0.28,0.33,0.92,6.44,5.38,1.56,5.27,7.84,0.01,0
17.5,75.5,Mangalvedhe,Maharashtra,0,0,0.6,0.44,0.6,5.97,6,2.28,4.94,7.65,0.02,0
17.5,75.75,Solapur South,Maharashtra,0,0,0.97,0.45,0.36,4.89,6.3,3.96,3.62,6.79,0,0
17.5,76,Solapur South,Maharashtra,0,0,0.63,0.32,0.52,1.94,3.68,3.2,1.84,4.43,0.01,0.01
17.5,76.25,Akkalkot,Maharashtra,0.03,0,1.02,0.59,0.83,3.37,6.93,3.2,5,5.63,0.02,0.02
17.5,76.5,Alanda taluku,Karnataka,0.04,0,1.35,0.67,1.09,4.78,10.12,4.32,8.1,7.58,0.03,0
17.5,76.75,Alanda taluku,Karnataka,0.02,0,1.39,0.75,1.19,5.6,10.92,7.15,15.36,8.32,0.02,0
17.5,77,Kamalapura Taluku,Karnataka,0,0,0.5,0.84,1.39,6.06,9.86,6.74,12.86,7.01,0.02,0
17.5,77.25,Chincholi taluku,Karnataka,0,0,0.43,0.71,0.73,4.87,12.54,8.12,11.99,7.27,0.09,0
17.5,77.5,Chincholi taluku,Karnataka,0,0,0.1,1.02,0.81,5.96,13.97,8.1,8.51,8.59,0.13,0
17.5,77.75,Marpalle mandal,Telangana,0,0,0,1.74,2.4,7.92,10.37,7.75,7.11,9.16,0.1,0
17.5,78,Kondapur mandal,Telangana,0.03,0.01,0.03,0.66,0.79,2.71,5.16,6.4,7.14,8.69,0.12,0
17.5,78.25,Patancheruvu mandal,Telangana,0.75,0.09,0.47,0.63,0.82,5.65,4.61,7.75,7.25,11.92,0.25,0
17.5,78.5,Alwal mandal,Telangana,0.08,0.23,0.26,0.75,0.47,4.83,4.01,9.01,9.86,10.55,0.25,0
17.5,78.75,Bibinagar mandal,Telangana,0,0.01,0.16,1.95,0.53,4.98,4.04,8.1,5.83,7.81,0.21,0
17.5,79,Bhongiri mandal,Telangana,0,0.19,0.39,0.65,1.38,7.74,10.39,22.08,7.32,7.87,0.56,0
17.5,79.25,Gundala mandal,Telangana,0,0.37,0.4,0.6,0.94,7.45,9.51,21.75,7.45,7.45,0.53,0
17.5,79.5,Kodakandla mandal,Telangana,0,0.43,0.43,0.24,0.74,4.93,8.38,22.67,9.34,6.34,0.47,0
17.5,79.75,Danthalapalle mandal,Telangana,0,0.08,0.21,0.14,0.03,4.4,9.78,21.43,10.07,6.75,0.5,0
17.5,80,Kuravi mandal,Telangana,0,0.35,0.16,0.21,0.07,8.36,10.58,20.81,8.95,6.07,0.55,0
17.5,80.25,Singareni mandal,Telangana,0.03,0,0.19,1.09,0.43,6.5,14.32,20.43,7.42,7.68,0.91,0
17.5,80.5,Julurupad mandal,Telangana,0,0,0.43,1.17,0.22,5.61,18.86,21.92,8.01,8.3,1.2,0
17.5,80.75,Mulakalapally mandal,Telangana,0.03,0,0.64,1.89,0.36,4.38,17.28,23.39,8.89,7.31,0.91,0
17.5,81,Dammapeta mandal,Telangana,0.09,0,0.03,0.3,0.3,2.88,10.15,21.1,4.66,5.92,0.9,0
17.5,81.25,Velairpadu,Andhra Pradesh,0.3,0.53,0.01,0.89,0.25,4.19,11.67,16.15,6.82,6.8,1.44,0
17.5,81.5,Vararamachandrapuram,Andhra Pradesh,0.11,0.88,1.74,2.04,0.25,5.18,9.79,4.02,5.25,9.64,4.15,0
17.5,81.75,Maredumilli,Andhra Pradesh,0.2,0.76,1.33,2.32,0.34,4.77,9.58,5.18,6.44,10.29,3.8,0
17.5,82,Addateegala,Andhra Pradesh,0.29,0.22,1.03,2.95,1.36,3.82,6.63,7.27,6.58,11.79,3.22,0
17.5,82.25,Rajavommangi,Andhra Pradesh,0.3,0.23,1.06,1.78,2.29,4.23,6.13,7.87,7.06,11.06,3.76,0
17.5,82.5,Kotananduru,Andhra Pradesh,0.18,0.4,1.61,1.91,1.83,3.6,7.67,5.79,6.27,11.89,4.58,0
17.5,82.75,Yelamanchili,Andhra Pradesh,0.16,0.69,2.06,2.81,1.58,3.85,8.68,4.34,4.94,11.85,4.97,0
17.75,73,Unknown,Unknown,0,0,0.01,0,0.06,26.31,44.3,34.52,13.23,4.31,0,0.37
17.75,73.25,Dapoli Taluka,Maharashtra,0,0,0.18,0.09,1.53,19.59,37.69,48.88,11.21,6.41,0,0.13
17.75,73.5,Khed Taluka,Maharashtra,0,0,0.64,0.25,2.36,21.42,36.61,70.63,11.78,7.8,0,0.08
17.75,73.75,Jaoli,Maharashtra,0,0,0.15,0.47,1.04,7.68,5.93,16.57,5.17,7.06,0,0.02
17.75,74,Satara,Maharashtra,0,0,0.13,0.36,0.77,4.48,3.68,10.69,4.24,9.46,0,0.01
17.75,74.25,Koregaon,Maharashtra,0,0,0.07,0.42,1.29,4.59,3.37,6.19,6.68,8.18,0,0.01
17.75,74.5,Man,Maharashtra,0,0,0.37,0.26,1.17,5.06,4.02,3.71,8.08,7.5,0,0
17.75,74.75,Man,Maharashtra,0,0,0.71,0.35,1.22,8.66,5.53,2.6,10.35,9.58,0,0
17.75,75,Malshiras,Maharashtra,0,0,0.31,0.38,0.86,8.88,5.91,2.17,7.59,8.56,0,0
17.75,75.25,Pandharpur,Maharashtra,0,0,0.24,0.38,0.7,9.28,6.81,1.7,6.76,8.63,0,0
17.75,75.5,Mohol,Maharashtra,0,0,0.5,1.04,0.45,4.56,6.53,3.15,3.5,5.65,0,0
17.75,75.75,Mohol,Maharashtra,0,0,0.91,0.3,0.17,5.34,7.37,4.53,3.95,7.58,0,0
17.75,76,Solapur South,Maharashtra,0,0,0.69,0.39,0.41,3.49,5.43,3.92,4.15,6.54,0,0
17.75,76.25,Tuljapur,Maharashtra,0.01,0,0.84,0.53,1.01,3.42,7.34,5.01,8.07,6.87,0,0
17.75,76.5,Umarga,Maharashtra,0.03,0,0.9,0.85,1.67,3.61,7.66,6.34,11.52,7.77,0.02,0
17.75,76.75,Basavakalyana taluku,Karnataka,0.01,0,0.97,0.88,1.39,5.16,8.97,6.41,14.25,7.88,0.01,0
17.75,77,Basavakalyana taluku,Karnataka,0,0,0.49,0.8,1.58,6.92,8.88,6.39,11.94,6.27,0.01,0
17.75,77.25,Humanabad taluku,Karnataka,0,0.04,0.31,1.68,1.54,5.21,7.47,5.89,12.49,6.95,0.01,0
17.75,77.5,Bidar taluku,Karnataka,0.01,0.05,0.29,1.84,1.64,5.13,7.13,5.5,11.29,7.32,0.02,0
17.75,77.75,Jharasangam mandal,Telangana,0.08,0.13,0.21,1.71,2.02,6.25,8.83,6.62,9.86,8.61,0.07,0
17.75,78,Pulkal mandal,Telangana,0.11,0.22,0.35,1.47,1.8,5.71,9.2,8.06,9.91,9.56,0.08,0
17.75,78.25,Unknown,Telangana,0.05,0.03,0.08,0.35,0.9,5.32,4.64,8.98,9.32,8.96,0.19,0
17.75,78.5,Manoharabad mandal,Telangana,0.06,0.02,0.09,0.54,0.72,4.89,4.34,9.22,9.76,8.94,0.19,0
17.75,78.75,Markook mandal,Telangana,0,0.39,0.23,0.87,0.66,5.22,10.37,11.95,6.51,7.72,0.21,0
17.75,79,Bachannapet mandal,Telangana,0,0.68,0.25,0.23,0.9,5.48,12.47,11.16,6.36,6.71,0.25,0
17.75,79.25,Ragunathpally mandal,Telangana,0,0.39,0.35,0.48,0.32,4.12,6.93,15.6,7.82,6.4,0.39,0
17.75,79.5,Wardhannapet mandal,Telangana,0,0.35,0.01,0.68,2.18,5.15,7.98,37.01,9.75,4.81,0.41,0
17.75,79.75,Parvathagiri mandal,Telangana,0,0.04,0.02,0.04,2.91,7.66,13.4,28.89,8.7,9.29,0.43,0
17.75,80,Gudur mandal,Telangana,0,0.05,0.14,0.14,1.23,6.96,12.6,24.6,8.58,8.23,0.48,0
17.75,80.25,Gangaram mandal,Telangana,0,0,0.22,0.37,0.51,6.31,14.87,22.33,7.16,7.68,0.87,0
17.75,80.5,Tekulapalle mandal,Telangana,0.02,0,0.69,1.19,0.95,5.4,14.18,29.35,9.29,5.77,0.68,0
17.75,80.75,Aswapuram mandal,Telangana,0.03,0,1.06,1.6,1.01,5.22,13.13,28.53,9.41,5.6,0.47,0
17.75,81,Dummugudem mandal,Telangana,0.13,0,0.04,0.39,0.12,4.74,9.62,20.8,7.87,6.09,0.37,0
17.75,81.25,Chintur,Andhra Pradesh,0.13,0.01,0.01,0.35,0.04,5.06,9.18,19.24,8.16,6.33,0.32,0
17.75,81.5,Chintur,Andhra Pradesh,0.17,0.44,0.74,1.19,0.15,5.32,9.89,13.51,7.54,7.75,2.03,0
17.75,81.75,Maredumilli,Andhra Pradesh,0.19,0.39,1.78,2.5,0.84,4.66,8.83,5.72,5.72,9.62,2.98,0
17.75,82,Y. Ramavaram,Andhra Pradesh,0.31,0.12,2.3,2.62,1.84,4.66,9.09,6.58,7.03,9.28,2.19,0
17.75,82.25,Koyyuru,Andhra Pradesh,0.27,0.15,2.38,2.53,1.98,4.69,8.7,6.48,7.79,9.97,2.06,0
17.75,82.5,Koyyuru,Andhra Pradesh,0.14,0.43,2.34,2.26,2.08,4.15,8.11,5.52,8.34,12.81,3.29,0
17.75,82.75,Ravikamatham,Andhra Pradesh,0.09,0.76,2.6,3.5,1.94,4.91,8.9,4.23,5.62,11.79,4.36,0
17.75,83,Anakapalle,Andhra Pradesh,0.56,1.77,0.47,4.29,1.77,4.63,6.12,3.82,7.68,13.47,3.43,0
17.75,83.25,Visakhapatnam (Urban),Andhra Pradesh,0.37,1.88,1.1,3.35,1.67,5.11,3.47,2.89,3.75,14.41,2.94,0
18,73,Unknown,Unknown,0,0,0.07,0.06,0.3,26.54,39.4,43.27,13.72,5.65,0,0.45
18,73.25,Mandangad Taluka,Maharashtra,0,0,0.34,0.09,0.87,20.42,34.23,59.3,10.51,6.73,0,0.08
18,73.5,Poladpur Taluka,Maharashtra,0,0,0.95,0.17,1.73,21.5,35.85,79.09,12.46,7.47,0,0.13
18,73.75,Wai,Maharashtra,0,0,0.31,0.64,2.45,6.14,4.68,14.83,5.69,7.21,0.01,0.1
18,74,Wai,Maharashtra,0,0,0.24,0.55,2.61,6.27,3.84,10.29,5.7,7.57,0.01,0.04
18,74.25,Phaltan,Maharashtra,0,0,0.04,0.2,1.19,4.92,3.4,3.46,6.12,5.49,0,0.01
18,74.5,Phaltan,Maharashtra,0,0,0.13,0.04,0.92,5.57,4.26,2.85,8.05,8.05,0,0
18,74.75,Malshiras,Maharashtra,0,0,0.51,0.27,0.86,8.43,5.47,2.59,9.2,10.02,0,0
18,75,Indapur,Maharashtra,0,0,0.25,0.22,0.43,6.88,5,2.39,7.27,10.29,0,0
18,75.25,Madha,Maharashtra,0,0,0.16,0.56,0.41,8.4,5.04,2.37,6.17,7.9,0,0
18,75.5,Madha,Maharashtra,0,0,0.36,0.67,0.56,7.82,5.98,2.71,4.82,7,0,0
18,75.75,Barshi,Maharashtra,0,0,0.32,1.04,0.75,4.8,7.41,3.97,9.28,8.37,0,0
18,76,Tuljapur,Maharashtra,0,0,0.27,1.25,0.66,4.55,6.85,3.94,10.79,9.22,0,0
18,76.25,Tuljapur,Maharashtra,0,0,0.5,1.17,1.2,4.64,6.6,4.46,9.64,8.02,0,0
18,76.5,Lohara,Maharashtra,0.05,0,0.93,1.03,1.82,5.88,6.4,4.7,8.9,7.78,0,0
18,76.75,Nilanga,Maharashtra,0.05,0,0.76,1.03,1.67,6.62,6.06,5.11,9.84,7.67,0.01,0
18,77,Hulasura taluku,Karnataka,0.02,0.15,0.28,0.74,1.31,6.33,8.07,5.28,13.88,6.65,0.01,0
18,77.25,Bhalki taluku,Karnataka,0.01,0.43,0.35,1.74,1.71,5.86,6.33,4.53,13.5,6.82,0,0
18,77.5,Bidar taluku,Karnataka,0.03,0.13,0.31,1.39,1.45,4.72,7.7,5.41,12.61,5.89,0,0
18,77.75,Unknown,Telangana,0.13,0.16,0.42,1.11,1.49,4.41,9.37,7.23,10.7,4.49,0.01,0
18,78,Tekmal mandal,Telangana,0.14,0.87,1.45,1.06,2.15,5.79,11.61,9.81,11.23,6.92,0.13,0
18,78.25,Medak mandal,Telangana,0.05,0.56,3.1,1.09,2.59,7.83,9.18,11.17,10.46,6.7,0.06,0
18,78.5,Chegunta mandal,Telangana,0.12,0.21,2.5,0.89,1.08,6.67,10.75,12.54,9.14,5.55,0.04,0
18,78.75,Thoguta mandal,Telangana,0.08,0.38,0.84,0.94,0.73,6.55,12.86,16.9,8.39,6.98,0.12,0
18,79,Maddur mandal,Telangana,0,0.57,0.73,0.48,0.54,5.39,13.4,18.77,6.82,7.28,0.19,0
18,79.25,Velair mandal,Telangana,0,0.03,0.85,0.32,0.47,5.1,8.39,22.56,7.55,4.84,0.17,0
18,79.5,Khaazipet mandal,Telangana,0.01,0.21,0.27,1.43,0.47,7.26,8.07,30.4,8.78,7.43,0.47,0
18,79.75,Geesugonda mandal,Telangana,0.03,0.27,0.27,0.61,1.56,6.2,9.46,22.79,7.69,5.98,0.52,0
18,80,Kothaguda mandal,Telangana,0.19,1.48,0.31,0.15,1.58,8.2,11.86,29.56,8.93,5.09,0.58,0
18,80.25,Gangaram mandal,Telangana,0.09,0.01,0.4,0.81,0.8,7.91,10.64,25.75,8.24,7.05,0.53,0
18,80.5,Allapalli mandal,Telangana,0.2,0.01,0.5,0.56,1.18,7.38,9.36,30.29,8.39,5.81,0.46,0
18,80.75,Manuguru mandal,Telangana,0.09,0.01,1.27,1.22,0.99,5.92,12.79,31.14,9.46,5.91,0.41,0
18,81,Konta Tahsil,Chhattisgarh,0.15,0,0.3,0.66,0.26,5.42,10.14,23.31,9.37,6.12,0.27,0
18,81.25,Konta Tahsil,Chhattisgarh,0.14,0,0.02,0.54,0.12,5.43,9.09,20.93,8.64,6.21,0.23,0
18,81.5,M.V. 79,Odisha,0.08,0,0.3,1.88,0.77,5.78,7.64,24.51,7.51,6.59,0.14,0
18,81.75,Kalimela,Odisha,0.14,0.08,1.17,2.58,1.22,5.55,8.01,18.74,6.78,7.48,0.94,0
18,82,Gudem Kotha Veedhi Mandal,Andhra Pradesh,0.23,0.07,2.07,3.06,1.72,5.12,8.43,11.15,7.04,8.59,1.55,0
18,82.25,Paparmetla,Odisha,0.2,0.14,2.25,3.28,1.86,5.15,7.4,6.54,6.54,9.02,1.83,0
18,82.5,G.Madugula,Andhra Pradesh,0.14,0.26,1.92,3.97,1.77,5.84,5.45,6.2,5.93,8.49,1.72,0
18,82.75,Paderu,Andhra Pradesh,0.2,1.3,1.33,2.83,2.33,7.66,3.77,3.22,10.91,8.16,3.83,0
18,83,Devarapalle,Andhra Pradesh,0.2,1.05,1.07,2.99,1.93,6.72,3.15,3.15,8.33,7.53,3.5,0
18,83.25,Jami,Andhra Pradesh,0.02,0.43,1.54,1.76,1.2,6.84,2.61,2.83,4.49,10.8,2.34,0
18,83.5,Bhogapuram,Andhra Pradesh,0,0.06,1.59,1.78,0.95,5.58,3.05,3.5,4.96,7.99,2.43,0
18.25,72.75,Outside India,Outside India,0,0,0,0.02,0,18.46,38.09,41.07,13.16,7.65,0,0.74
18.25,73,Unknown,Unknown,0,0,0.05,0.04,0.24,15.71,34.52,49.54,13.3,7.33,0,0.5
18.25,73.25,Mangaon Taluka,Maharashtra,0,0,0.13,0.02,0.65,19.62,28.74,62.69,13.05,7.37,0.01,0.22
18.25,73.5,Mahad Taluka,Maharashtra,0,0,0.48,0.09,2.51,11.14,19.29,51.49,8.77,6.84,0.05,0.15
18.25,73.75,Velhe,Maharashtra,0,0,0.33,0.23,1.99,8.39,7.67,22.75,4.86,7.73,0.1,0.11
18.25,74,Purandhar,Maharashtra,0,0,0.29,0.25,2.11,7.91,4.17,10.24,4.41,7.89,0.09,0.07
18.25,74.25,Baramati,Maharashtra,0,0,0.08,0.11,1.21,5.92,4.61,2.81,5.74,7.02,0.02,0.01
18.25,74.5,Baramati,Maharashtra,0,0,0.06,0.02,0.89,5.75,5.07,2.41,7.65,8.82,0,0
18.25,74.75,Indapur,Maharashtra,0,0,0.04,0.16,0.69,6.03,5.48,2.56,6.44,9.87,0.01,0
18.25,75,Karmala,Maharashtra,0,0,0.01,0.15,0.21,5.64,3.77,2.45,5.79,9.81,0,0
18.25,75.25,Karmala,Maharashtra,0,0,0.05,0.23,0.07,4.01,4.09,4.07,8.19,9.83,0,0
18.25,75.5,Paranda,Maharashtra,0,0,0.26,0.12,0.92,8.16,7.21,4.1,4.78,9.76,0,0
18.25,75.75,Barshi,Maharashtra,0,0,0.22,1.12,1.07,5.97,7.99,4.2,8.61,8.61,0,0
18.25,76,Dharashiv,Maharashtra,0,0,0.22,1.48,1.07,5.03,8.08,4.13,10.02,7.86,0,0
18.25,76.25,Dharashiv,Maharashtra,0.03,0,0.23,1.22,0.95,7.54,6.79,3.85,9.21,6.18,0,0
18.25,76.5,Ausa,Maharashtra,0.1,0,0.18,0.84,0.92,8.01,6.2,4.18,8.49,5.74,0,0
18.25,76.75,Nilanga,Maharashtra,0.14,0.06,0.11,0.54,0.85,5.74,5.31,5.07,9.78,7.15,0.01,0
18.25,77,Deoni,Maharashtra,0.22,0.11,0.11,0.37,0.35,5.87,7.2,5.25,11.42,6.41,0,0
18.25,77.25,Kamalnagar taluku,Karnataka,0.04,0.53,0.29,1.05,0.62,6.22,13.24,5.21,7.91,5.35,0,0
18.25,77.5,Aurad taluku,Karnataka,0.67,0.56,0.63,1.49,1.07,6.89,18.73,11.25,20.4,4.82,0,0
18.25,77.75,Pedda Kodapgal mandal,Telangana,0.39,0.09,0.63,0.79,1.13,5.72,9.08,9.28,11.38,3.1,0,0
18.25,78,Yellareddy mandal,Telangana,0.42,0.93,1.26,0.64,0.41,4.51,8.27,11.19,9.68,3.69,0,0
18.25,78.25,Tadwai mandal,Telangana,0.09,0.6,2.02,0.81,1.42,6.36,7.96,10.74,6.71,5.19,0,0
18.25,78.5,Domakonda mandal,Telangana,0.34,0.29,1.77,0.78,0.62,5.66,11.2,11.73,7.47,4.19,0.04,0
18.25,78.75,Mustabad mandal,Telangana,0.18,0.3,1.05,1.45,1.03,8.61,9.74,18.34,11.8,5.8,0.04,0
18.25,79,Bejjanki mandal,Telangana,0.1,0.45,1.11,1.23,0.9,7.28,9.83,19.18,10.84,5.53,0.05,0
18.25,79.25,Chigurumamidi mandal,Telangana,0.1,0.82,0.55,0.28,0.45,4.48,8.25,20.9,5.07,5.38,0.1,0
18.25,79.5,Ellandakunta mandal,Telangana,0.13,1.1,0.14,0.82,0.81,7.22,11.41,30.96,8.79,5,0.29,0
18.25,79.75,Regonda mandal,Telangana,0.03,1.26,0.64,0.32,1.37,7.09,12.74,28.14,8.74,3.76,0.27,0
18.25,80,Venkatapur mandal,Telangana,0.29,1.9,0.22,0.16,0.67,8.8,11.59,29.07,8.97,3.94,0.66,0
18.25,80.25,Tadvai mandal,Telangana,0.06,0.09,0.2,0.57,0.21,7.73,11.31,22.46,8,4.79,0.81,0
18.25,80.5,Unknown,Telangana,0.01,0.06,0.29,0.93,0.53,8.37,11.98,22.62,8.34,7.15,0.68,0
18.25,80.75,Venkatapuram mandal,Telangana,0.07,0.39,0.52,2.8,1.55,10.85,18.84,51.33,9.57,3.73,0.78,0
18.25,81,Usur Tahsil,Chhattisgarh,0.1,0.22,0.44,1.89,0.89,8.36,14.12,38.52,8.81,4.22,0.47,0
18.25,81.25,Konta Tahsil,Chhattisgarh,0.04,0,0.15,1.42,0.76,6.08,7.1,22.63,6.03,5.56,0.07,0
18.25,81.5,Konta Tahsil,Chhattisgarh,0.04,0,0.28,1.96,0.93,6.03,6.93,24.52,6.31,6.09,0.07,0
18.25,81.75,Kalimela,Odisha,0.08,0.01,0.64,3.05,1.18,5.74,7.22,27.21,7.92,7.67,0.19,0
18.25,82,Orkel,Odisha,0.12,0.05,1.46,3.36,1.51,5.54,7.16,17.12,6.93,8.01,0.99,0
18.25,82.25,Jodamba,Odisha,0.28,0.24,1.98,4.1,1.5,5.74,7.28,5.87,5.27,8.38,1.61,0
18.25,82.5,Peda Bayalu,Andhra Pradesh,0.39,0.52,1.63,4.71,1.19,6.15,6.83,4.54,4.73,8.53,1.53,0
18.25,82.75,Dumbriguda,Andhra Pradesh,0.45,1.14,1.44,4.09,1.67,6.6,6.08,2.82,6.58,8.49,2.59,0
18.25,83,Ananthagiri,Andhra Pradesh,0.06,1.75,1.59,2.24,2.7,3.94,3.96,2.16,4.6,9.58,1.86,0
18.25,83.25,Ananthagiri,Andhra Pradesh,0.16,0.61,1.09,1.73,1.95,4.91,5,3.98,4.63,7.69,1.58,0
18.25,83.5,Gurla,Andhra Pradesh,0,0.1,1.5,2.53,0.85,4.01,3.94,4.64,5.04,5.88,2.63,0
18.25,83.75,Laveru,Andhra Pradesh,0.14,1.54,1.73,1.54,0.72,2.91,3.5,3.07,3.45,8.08,3.04,0
18.5,72.75,Unknown,Unknown,0,0,0,0,0,15.15,36.75,35.75,11,7.95,0,0.64
18.5,73,Alibag Taluka,Maharashtra,0,0,0,0.02,0.01,15.02,36.17,61.78,16.04,6.76,0,0.43
18.5,73.25,Sudhagad Taluka,Maharashtra,0,0,0,0,0.11,24.35,39.92,81.43,17.94,9.35,0,0.43
18.5,73.5,Mulshi Subdistrict,Maharashtra,0,0,0.19,0.04,0.15,9.78,5.55,27.69,5.52,6.46,0.07,0.17
18.5,73.75,Mulshi Subdistrict,Maharashtra,0,0,0.3,0.01,0.75,5.68,4.74,8.4,7.18,10.24,0.18,0.13
18.5,74,Haveli Subdistrict,Maharashtra,0,0,0.46,0.09,1.11,7.74,4.55,7.24,5.54,9.16,0.13,0.09
18.5,74.25,Daund,Maharashtra,0,0,0.3,0.16,0.7,5.33,7.91,2.33,6.01,7.2,0.08,0.05
18.5,74.5,Daund,Maharashtra,0,0,0.09,0.1,0.31,5.99,6.34,1.38,1.79,5.73,0.04,0.01
18.5,74.75,Shrigonda,Maharashtra,0,0,0.03,0.18,0.33,6.07,7.77,2.67,2.66,7.63,0.03,0
18.5,75,Karjat,Maharashtra,0,0,0.04,0.39,0.36,6.54,5.2,3.12,2.81,7.54,0.03,0
18.5,75.25,Karmala,Maharashtra,0,0,0.05,0.52,0.61,5.39,4.56,3.37,6.11,7.43,0.03,0
18.5,75.5,Bhum,Maharashtra,0,0,0.06,0.48,0.9,7.06,8.67,4.56,8.86,6.94,0,0
18.5,75.75,Washi,Maharashtra,0,0,0.2,0.71,1.17,7.34,6.94,3.79,5.62,4.72,0,0
18.5,76,Kalamb,Maharashtra,0.01,0.01,0.18,0.95,0.64,7.67,6.83,3.47,5.6,2.96,0,0
18.5,76.25,Kalamb,Maharashtra,0.09,0.04,0.01,0.94,0.57,9.49,7.29,3.67,7.82,3.33,0,0
18.5,76.5,Renapur,Maharashtra,0.16,0.08,0.04,0.54,0.21,8.55,6.41,4.38,8.75,3.64,0,0
18.5,76.75,Chakur,Maharashtra,0.21,0.1,0.08,0.51,0.18,5.32,6.96,6.27,10.48,3.53,0,0
18.5,77,Chakur,Maharashtra,0.23,0.06,0.08,0.25,0.22,5.48,5.52,5.68,12.05,5.19,0,0
18.5,77.25,Mukhed,Maharashtra,0.58,0.31,0.49,1.24,0.41,6.26,10.23,6.43,17.29,2.78,0,0
18.5,77.5,Deglur,Maharashtra,0.76,0.1,0.62,1.28,0.6,6.52,8.42,6.92,16.18,3.13,0,0
18.5,77.75,Madnur mandal,Telangana,1.56,0,0.71,0.62,0.9,5.89,7.32,11.17,8.2,2.47,0,0
18.5,78,Varni mandal,Telangana,0.97,0.11,0.7,0.7,0.52,5.62,5.83,11.62,6.94,3.73,0,0
18.5,78.25,Indalwai mandal,Telangana,0.69,0.81,1.19,0.58,1.15,4.69,7.91,11.82,6.82,4.63,0.02,0
18.5,78.5,Sirikonda mandal,Telangana,0.36,0.47,1.35,0.39,0.64,6.84,8.59,12.86,9.79,5.27,0.02,0
18.5,78.75,Konaraopet mandal,Telangana,0.28,0.25,1.11,0.26,0.74,8.06,7.7,13.19,11.82,4.05,0.03,0
18.5,79,Gangadhara mandal,Telangana,0.18,0.3,0.95,0.63,0.49,7.48,8.17,13.88,9.56,4,0.02,0
18.5,79.25,Sultanabad mandal,Telangana,0.23,0.39,0.54,0.23,0.49,8.53,7.07,12.28,7.81,3.29,0.03,0
18.5,79.5,Srirampur mandal,Telangana,0.09,0.68,0.09,0.15,0.69,8.91,9.25,20.78,4.86,3.71,0.13,0
18.5,79.75,Malharrao mandal,Telangana,0.01,0.64,0.33,0.28,0.96,5.15,8.93,24.6,4.58,3.59,0.23,0
18.5,80,Mutharam_Mahadevpur mandal,Telangana,0.13,1.06,0.23,0.35,0.58,8,10.86,30.67,5.76,3.35,0.42,0
18.5,80.25,Kannaigudem mandal,Telangana,0.07,0.77,0.24,0.92,0.35,7.95,10.83,28.77,5.52,3.78,0.7,0
18.5,80.5,Wazeed mandal,Telangana,0.03,0.17,0.3,1.46,0.78,9.31,14.81,36.45,8.51,4.02,0.79,0
18.5,80.75,Usur Tahsil,Chhattisgarh,0.06,0.32,0.41,2.52,1.2,9.5,17.37,43.76,9.31,4.42,0.78,0
18.5,81,Usur Tahsil,Chhattisgarh,0.04,0.3,0.34,1.55,1.15,8.78,14.04,31.18,7.47,4.35,0.37,0
18.5,81.25,Konta Tahsil,Chhattisgarh,0.02,0.1,0.25,1.36,1,7.08,8.57,23.09,6.01,5.35,0.08,0
18.5,81.5,Gadiras Tahsil,Chhattisgarh,0.03,0.02,0.24,1.73,0.92,6.26,7.02,23.47,5.87,5.66,0.06,0
18.5,81.75,Chhindgarh Tahsil,Chhattisgarh,0.11,0.06,0.64,2.96,1.22,5.92,7.21,26.56,7.68,7.22,0.15,0
18.5,82,Malkangiri,Odisha,0.31,0.36,1.09,3.35,2.39,6.1,7.02,25.89,7.84,7.13,0.14,0
18.5,82.25,Mudulipada,Odisha,0.69,0.96,1.86,4.09,3.91,6.64,6.28,16.91,6.18,5.53,0.24,0
18.5,82.5,Munchingi Puttu,Andhra Pradesh,0.44,0.55,1.29,5.34,1.03,7.1,8.28,6.76,4.72,8.12,1.09,0
18.5,82.75,Nandapur,Odisha,0.27,0.14,1.36,6.45,0.64,8.5,10.9,6.6,4.03,8.64,1.45,0
18.5,83,Pottangi,Odisha,0.14,0.34,1.66,2.73,1.21,3.47,8.06,0.93,5.5,7.85,1.85,0
18.5,83.25,Ramabhadrapuram,Andhra Pradesh,0.2,1.81,1.39,2.18,2.32,4.56,6.1,2.82,4.16,10.14,1.59,0
18.5,83.5,Therlam,Andhra Pradesh,0.44,2.15,1.55,3.01,3.46,5.19,3.66,4.24,8.97,11.49,1.74,0
18.5,83.75,Regidi Amadalavalasa,Andhra Pradesh,0.22,1.6,1.7,2.2,1.58,4.04,3.87,3.48,5.07,9.45,2.39,0
18.5,84,Jalumuru,Andhra Pradesh,0.08,0.88,1.68,2.43,1.4,3.81,3.95,3.72,4.24,7.65,2.63,0
18.75,72.75,Unknown,Unknown,0,0,0,0,0,13.11,39.34,34.05,11.38,7.18,0,0.58
18.75,73,Pen Taluka,Maharashtra,0,0,0,0.05,0.01,18.43,28.94,43.74,14.04,9.51,0,0.37
18.75,73.25,Khalapur Taluka,Maharashtra,0,0,0.1,0.1,0.15,19.56,27.71,64.23,11.76,8.26,0.04,0.52
18.75,73.5,Mawal,Maharashtra,0,0,0.38,0.04,0.31,7.84,7.01,21.24,6.52,7.17,0.11,0.24
18.75,73.75,Mawal,Maharashtra,0,0,0.53,0.04,0.6,7.62,4.8,8.96,8.57,8.48,0.14,0.1
18.75,74,Khed,Maharashtra,0,0,0.44,0.02,0.51,7.32,6.05,6.76,8.56,8.29,0.14,0.12
18.75,74.25,Shirur,Maharashtra,0,0,0.63,0.03,0.34,5.24,10.41,3.16,10.67,7.43,0.15,0.06
18.75,74.5,Shrigonda,Maharashtra,0,0,0.3,0.08,0.18,4.95,8.9,2.19,5.83,7.09,0.18,0.03
18.75,74.75,Shrigonda,Maharashtra,0,0,0.11,0.12,0.17,7.38,9.38,2.51,4.78,6.73,0.15,0
18.75,75,Karjat,Maharashtra,0,0,0.03,0.39,0.22,10.94,9.01,2.72,6.98,4.97,0.11,0
18.75,75.25,Ashti,Maharashtra,0,0,0.06,0.67,1.18,6.6,5.52,2.7,7.96,5.59,0.06,0
18.75,75.5,Patoda,Maharashtra,0,0,0.41,0.32,1.39,6.75,7.67,3.54,9.17,4.69,0,0
18.75,75.75,Unknown,Maharashtra,0.02,0,0.49,0.23,0.48,6.07,8.86,3.86,6.93,3.42,0,0
18.75,76,Unknown,Maharashtra,0.1,0.02,0.27,0.38,0.47,5.51,9.28,3.71,8.18,3.44,0,0
18.75,76.25,Unknown,Maharashtra,0.19,0.12,0.02,0.33,0.78,11.19,9.23,3.29,6.86,1.93,0,0
18.75,76.5,Ambejogai,Maharashtra,0.24,0.15,0.07,0.19,0.27,7.02,6.38,4.39,7.55,2.56,0,0
18.75,76.75,Ahmadpur,Maharashtra,0.22,0.12,0.07,0.18,0.18,7.62,6.87,5.48,7.44,1.77,0,0
18.75,77,Ahmadpur,Maharashtra,0.33,0.03,0.17,0.34,0.07,3.87,6.87,4.72,8.8,2.02,0,0
18.75,77.25,Kandhar,Maharashtra,0.59,0.14,0.36,0.86,0.23,5.36,7.45,5.16,16.15,1.82,0,0
18.75,77.5,Naigaon (Khairgaon),Maharashtra,0.97,0.01,0.53,0.85,0.41,4.7,6.81,8.37,10.93,1.9,0,0
18.75,77.75,Biloli,Maharashtra,0.54,0.01,0.41,0.18,0.54,8.76,8.65,12.86,8.28,2.03,0,0
18.75,78,Renjal mandal,Telangana,0.92,0.05,0.32,0,0.82,7.18,6.32,12.63,7.98,1.75,0,0
18.75,78.25,Armoor mandal,Telangana,0.47,0.06,0.45,0.42,0.34,5.32,8.04,15.62,6.24,2.14,0,0
18.75,78.5,Kammarpally mandal,Telangana,0.37,0.12,0.56,0.26,0.33,7.62,7.73,13.09,6.72,4.64,0.03,0
18.75,78.75,Kathlapur mandal,Telangana,0.36,0.43,0.08,0.42,2.58,3.02,12.05,11.11,9.65,4.67,0,0
18.75,79,Mallial mandal,Telangana,0.53,0.4,0.07,0.42,1.42,4.85,7.7,10.91,8.05,2.93,0,0
18.75,79.25,Dharmaram mandal,Telangana,0.15,0.22,0.92,0,0.96,7.63,8.44,12.52,8.87,3.34,0.04,0
18.75,79.5,Ramagundam mandal,Telangana,0.11,0.72,0.34,0.18,0.73,9.47,8.91,16.29,6.23,3.4,0.04,0
18.75,79.75,Chennur mandal,Telangana,0.03,1.42,0.69,0.11,0.19,6.31,11.45,22.27,6.63,3.71,0,0
18.75,80,Mahadevpur mandal,Telangana,0.01,1.47,0.59,1.05,0.57,7.8,11.64,32.28,5.01,4.08,0.14,0
18.75,80.25,Sironcha Taluka,Maharashtra,0,1.5,0.51,1.33,0.58,8.81,12.11,37.99,4.24,4.47,0.24,0
18.75,80.5,Bhopalpattnam,Chhattisgarh,0.02,0.91,0.41,1.42,0.65,8.84,12.74,36.61,5.53,4.29,0.49,0
18.75,80.75,Usur Tahsil,Chhattisgarh,0.04,0.55,0.46,1.16,1.15,9.67,14.83,30.58,7.57,4.66,0.37,0
18.75,81,Bijapur Tahsil,Chhattisgarh,0.04,0.41,0.47,0.82,1.35,9.88,13.77,21.87,7.27,5.06,0.15,0
18.75,81.25,Dantewada Tahsil,Chhattisgarh,0.05,0.38,0.5,0.8,1.31,9.51,12.56,20.03,7.02,5.31,0.09,0
18.75,81.5,Katekalyan Tahsil,Chhattisgarh,0.1,0.25,0.57,1.85,1.11,7.55,9.27,22.13,7.04,5.74,0.15,0
18.75,81.75,Katekalyan Tahsil,Chhattisgarh,0.29,0.52,1.17,3.33,0.97,6.91,8.17,18.84,8.42,5.24,0.37,0
18.75,82,Darbha Tahsil,Chhattisgarh,0.71,1.04,1.92,3.81,3.3,7.36,7.38,17.47,7.45,4.84,0.3,0
18.75,82.25,Boipariguda,Odisha,0.79,1.01,1.97,3.95,4.65,7.1,6.89,20.08,6.08,5.06,0.07,0
18.75,82.5,Boipariguda,Odisha,0.42,0.89,1.39,3.5,3.83,5.93,4.22,17.19,7.86,4.72,0.13,0
18.75,82.75,Koraput,Odisha,0.25,0.42,1.37,4.83,1.53,6.87,8.34,8.58,5.91,7.05,1.12,0
18.75,83,Pottangi,Odisha,0.31,0.8,2.02,3.3,1.12,4.39,11,4.05,6.94,8.7,0.98,0
18.75,83.25,Makkuva,Andhra Pradesh,0.25,0.87,1.48,3.19,1.09,5.82,11.88,4.61,5.84,8.27,0.53,0
18.75,83.5,Garugubilli,Andhra Pradesh,0.16,1.5,1.49,1.14,2.12,4.65,10.4,4.66,5.6,8,0.48,0
18.75,83.75,Seethampeta,Andhra Pradesh,0.07,1.48,1.52,2.82,1.61,6.81,5.98,5.08,4.82,10.12,0.83,0
18.75,84,Pathapatnam,Andhra Pradesh,0.1,0.85,1.84,2.16,1.79,5.17,4.5,4.6,3.7,8.85,2.26,0
18.75,84.25,Meliaputti,Andhra Pradesh,0.34,1.11,1.95,1.54,1.74,4.92,4.1,5.04,3.28,9.96,2.02,0.04
19,72.75,Unknown,Unknown,0,0,0,0,0,12.56,44.04,37.82,14.86,6,0,0.54
19,73,Unknown,Unknown,0,0,0,0.08,0.03,9.22,28.79,42.52,25.83,7.52,0,0.28
19,73.25,Panvel Subdistrict,Maharashtra,0,0,0,0.12,0.11,15.31,26.66,57.63,17.01,8.58,0,0.42
19,73.5,Karjat Taluka,Maharashtra,0,0,0.34,0.08,0.26,8.2,6.51,15.1,5.67,5.08,0.09,0.33
19,73.75,Khed,Maharashtra,0,0,0.39,0.04,0.15,9.06,3.94,10.97,4.85,5.98,0.15,0.15
19,74,Ambegaon,Maharashtra,0,0,0.58,0.02,0.36,6.85,4.1,7.63,6.11,6.05,0.21,0.08
19,74.25,Parner,Maharashtra,0,0,0.76,0.01,0.68,6.71,7.62,1.49,9.57,4.5,0.28,0.07
19,74.5,Parner,Maharashtra,0,0,0.59,0.03,0.49,6.52,9.05,1.87,9.03,4.87,0.27,0.01
19,74.75,Ahmednagar,Maharashtra,0,0,0.31,0,0.01,7.83,9.54,2.48,8.61,4.99,0.2,0
19,75,Ashti,Maharashtra,0,0,0.17,0.1,0,7.95,10.13,2.99,8.87,5.82,0.17,0
19,75.25,Ashti,Maharashtra,0,0,0.17,0.22,0.21,5.96,7.64,2.64,7.08,5.22,0.06,0
19,75.5,Unknown,Maharashtra,0,0,0.65,0.26,0.54,6.02,9.21,3.86,8.22,4.72,0,0
19,75.75,Unknown,Maharashtra,0.06,0,0.71,0.25,0.25,6.25,9.42,4.06,8.11,4.51,0,0
19,76,Unknown,Maharashtra,0.17,0.05,0.3,0.25,0.27,6.72,7.8,3.56,9.78,3.64,0,0
19,76.25,Unknown,Maharashtra,0.25,0.18,0.02,0.59,0.24,8.41,9.25,4.41,13.63,2.66,0,0
19,76.5,Sonpeth,Maharashtra,0.27,0.23,0.12,0.23,0.15,6.99,6.19,4.62,9.32,2.7,0,0
19,76.75,Gangakhed,Maharashtra,0.26,0.2,0.05,0.06,0.02,7.45,6.75,3.63,14.56,2.73,0,0
19,77,Palam,Maharashtra,0.2,0.05,0.03,0.23,0.01,4.42,7.32,4.59,9.72,2.02,0,0
19,77.25,Loha,Maharashtra,0.2,0,0.05,0.4,0.12,4.5,7.19,5.25,9.42,1.99,0,0
19,77.5,Naigaon (Khairgaon),Maharashtra,0.37,0,0.28,0.47,0.97,5.82,7.03,8.66,9.97,2.81,0,0
19,77.75,Dharmabad,Maharashtra,0.35,0,0.38,0.01,1.58,6.6,7.85,9.25,11.56,3.53,0,0
19,78,Mudhole mandal,Telangana,0.63,0.04,0.23,0.25,0.23,4.47,4.93,10.7,5.61,1.99,0,0
19,78.25,Nandipet mandal,Telangana,0.28,0.11,0.23,0.41,0.12,2.74,5.24,8.45,2.87,2.19,0,0
19,78.5,Laxmanchanda mandal,Telangana,0.62,0.02,0.17,0.35,0.33,6.54,5.74,10.22,5.51,3.89,0,0
19,78.75,Mallapur mandal,Telangana,0.3,0.83,0.02,0.16,2.06,3.5,7.96,10.96,7.97,5.36,0,0
19,79,Beerpur mandal,Telangana,0.32,0.49,0.03,0.06,2.25,3.52,7.12,9.98,8.74,2.68,0,0
19,79.25,Kasipet mandal,Telangana,0.24,0.29,0.46,0.23,1.73,6.25,8.15,11.15,10.17,2.26,0.02,0
19,79.5,Mandamarri mandal,Telangana,0.06,0.88,0.73,0.4,0.72,5.92,8.74,15.53,8.35,3.02,0.01,0
19,79.75,Kotapalle mandal,Telangana,0.13,1.12,0.91,0.26,0.38,5.92,9.79,19.35,6.96,3.61,0,0
19,80,Sironcha Taluka,Maharashtra,0.06,1.43,0.7,0.97,0.52,7.94,11.79,33.22,5,4.3,0.12,0
19,80.25,Aheri Taluka,Maharashtra,0.05,1.54,0.58,1.29,0.58,8.61,12.14,37.28,4.28,4.41,0.18,0
19,80.5,Bhopalpattnam,Chhattisgarh,0.01,1.22,0.48,1.33,0.78,8.9,12.62,36.25,4.81,4.35,0.28,0
19,80.75,Bhairamgarh Tahsil,Chhattisgarh,0.12,0.73,0.53,1.13,1.17,9.84,13.87,27.1,6.71,4.8,0.26,0
19,81,Bhairamgarh Tahsil,Chhattisgarh,0.2,0.48,0.51,0.65,1.4,9.89,13.46,19.98,7.29,5,0.09,0
19,81.25,Gidam Tahsil,Chhattisgarh,0.18,0.45,0.6,0.83,1.41,9.67,12.91,19.38,7.28,5.01,0.11,0
19,81.5,Bastanar Tahsil,Chhattisgarh,0.41,0.76,1.31,2.82,1.19,8.68,11.33,16.09,9.02,4.38,0.38,0
19,81.75,Tokapal Tahsil,Chhattisgarh,0.59,1.05,2.06,4.51,1.07,7.77,8.86,12.46,10.04,4.24,0.68,0
19,82,Jagdalpur Tahsil,Chhattisgarh,0.49,0.93,1.64,4.44,1.55,7.93,11.39,15.41,9.86,3.8,0.38,0
19,82.25,Kotpad,Odisha,0.67,0.9,1.9,3.9,4.47,7.15,7.14,19.89,6.88,4.8,0.05,0
19,82.5,Boriguma,Odisha,0.68,0.92,1.81,3.79,4.51,6.7,6.09,18.7,6.43,4.92,0.07,0
19,82.75,Bhairabsingipur,Odisha,0.37,1.29,1.68,2.47,1.84,8.32,7.8,9.2,8.08,6.45,0.38,0
19,83,Kakiriguma,Odisha,0.52,1.74,1.91,1.46,1.28,5.53,8.82,4.1,9.15,5.25,0.91,0
19,83.25,Bandhugaon,Odisha,0.45,1.15,2.03,2.6,1.36,7.02,7.12,7.63,5.98,7.02,0.65,0
19,83.5,Gummalakshmipuram,Andhra Pradesh,0.55,1.52,3.28,1.99,1.51,4.32,10.37,5.61,5.22,11.27,0.14,0
19,83.75,Gunupur,Odisha,0.16,1.92,2.65,2.23,1.55,7.3,7.34,6.73,4.57,10.53,0.12,0
19,84,Serango,Odisha,0.17,2.1,2.5,2.14,1.61,7.37,6.31,6.28,3.97,9.66,0.64,0.01
19,84.25,Ramagiri,Odisha,0.43,1.69,2.08,1.65,1.55,5,3.48,5.16,4.39,10.88,1.53,0.06
19,84.5,Kanchili,Andhra Pradesh,0.12,2.01,2.3,1.52,0.96,4.49,2.59,4.32,5.78,13.05,1.04,0.01
19.25,72.75,Unknown,Unknown,0,0,0,0.01,0,12.66,42.16,42.94,18.15,5.1,0,0.3
19.25,73,Bhiwandi Subdistrict,Maharashtra,0,0,0,0.03,0.02,12.65,26.93,51.55,15.63,3.91,0,0.24
19.25,73.25,Kalyan Subdistrict,Maharashtra,0,0,0.07,0.08,0.07,9.59,12.75,21.94,5.9,1.95,0,0.3
19.25,73.5,Murbad Subdistrict,Maharashtra,0,0,0.4,0.08,0.28,7.99,9.73,18.73,6.18,2.87,0.07,0.21
19.25,73.75,Junnar,Maharashtra,0,0,0.44,0.05,0.28,4.5,3.07,6.49,3.3,5.07,0.23,0.06
19.25,74,Junnar,Maharashtra,0,0,0.53,0.03,0.19,6.47,5.3,6.62,7.22,4.94,0.39,0.03
19.25,74.25,Parner,Maharashtra,0,0,0.8,0,0.34,8.12,6.81,2.91,8.98,3.41,0.42,0.04
19.25,74.5,Parner,Maharashtra,0,0,1.04,0.01,0.18,11.34,7.14,3.95,9.63,2.64,0.26,0.01
19.25,74.75,Ahmednagar,Maharashtra,0,0,0.61,0,0.1,11,8.77,4.12,9.95,3.52,0.2,0.01
19.25,75,Pathardi,Maharashtra,0,0,0.32,0.01,0.16,6.81,10.56,3.25,9.45,5.51,0.16,0.01
19.25,75.25,Pathardi,Maharashtra,0,0,0.57,0.03,0.12,6.58,7.88,3.22,7.8,4.97,0.08,0
19.25,75.5,Georai,Maharashtra,0,0,0.97,0.1,0.06,7.11,7.03,3.33,8,4.77,0.01,0
19.25,75.75,Georai,Maharashtra,0,0,0.84,0.11,0.08,7.04,7.29,3.89,8.32,4.54,0,0
19.25,76,Unknown,Maharashtra,0.15,0.06,0.08,0.31,0.14,7.22,7.71,3.41,11.01,3.62,0.01,0
19.25,76.25,Pathri,Maharashtra,0.23,0.18,0.02,0.79,0.28,8.1,9.62,4.34,15.05,2.49,0,0
19.25,76.5,Manwath,Maharashtra,0.26,0.23,0.08,0.47,0.22,9.32,8.52,4.22,10.71,2.59,0,0
19.25,76.75,Parbhani,Maharashtra,0.26,0.21,0.07,0.23,0.11,7.27,9.24,4.67,12.78,1.81,0,0
19.25,77,Purna,Maharashtra,0.18,0.05,0.06,0.53,0.18,3.94,5.97,4.07,10.92,0.86,0,0
19.25,77.25,Nanded,Maharashtra,0.16,0,0.05,0.54,0.19,4.8,6.62,5.62,8.38,1.93,0,0
19.25,77.5,Mudkhed,Maharashtra,0.28,0,0.18,0.78,0.59,6.43,6.67,9.15,7.7,2.96,0,0
19.25,77.75,Bhokar,Maharashtra,0.42,0.01,0.4,0.42,1.08,7.04,8.03,9,7.83,2.93,0,0
19.25,78,Kubeer mandal,Telangana,0.51,0.06,0.52,0.71,0.48,4.71,8.34,9.65,4.25,3.16,0,0
19.25,78.25,Sarangapur mandal,Telangana,0.44,0.07,0.5,0.66,0.37,4.46,8.2,9.83,4.16,3.42,0,0
19.25,78.5,Neradigonda mandal,Telangana,0.22,0.11,1.36,0.4,0.87,6.04,13.01,10.18,8.1,3.14,0,0
19.25,78.75,Kaddampeddur mandal,Telangana,0.24,0.32,1.05,0.32,1.22,4.98,11.78,9.77,8.47,3.26,0,0
19.25,79,Lingapur mandal,Telangana,0.32,0.27,0.3,2.1,1.05,4.56,7.27,7.49,4.95,2.48,0,0
19.25,79.25,Tiryani mandal,Telangana,0.33,0.32,1.51,2.2,1.22,5.42,8.02,8.5,6.88,2.87,0.03,0
19.25,79.5,Rebbena mandal,Telangana,0.42,0.48,2.31,1.57,0.98,6.46,8.95,13.67,7.94,3.59,0.04,0
19.25,79.75,Dahegaon mandal,Telangana,0.67,0.73,1.78,0.25,0.18,7.57,10.55,22.03,6.54,3.78,0.03,0
19.25,80,Aheri Taluka,Maharashtra,0.75,0.67,1.14,0.36,0.16,7.83,11.13,25.96,5.15,3.73,0.11,0
19.25,80.25,Aheri Taluka,Maharashtra,0.54,0.96,0.76,0.79,0.35,8.05,11.81,30.45,4.57,4.05,0.17,0
19.25,80.5,Bhopalpattnam,Chhattisgarh,0.71,1.12,0.65,0.83,0.43,8.54,11.76,28.62,5.64,3.87,0.12,0
19.25,80.75,Bhairamgarh Tahsil,Chhattisgarh,0.72,1.11,0.46,0.9,0.99,9.38,12.85,24.2,7.09,4.38,0.08,0
19.25,81,Orchha Tahsil,Chhattisgarh,0.76,0.75,0.56,0.86,1.31,9.64,12.74,19.53,7.88,4.4,0.07,0
19.25,81.25,Gidam Tahsil,Chhattisgarh,0.93,0.78,0.65,1.11,1.4,9.25,12.24,19.16,8.09,4.14,0.09,0
19.25,81.5,Kondagaon Tahsil,Chhattisgarh,0.88,0.71,1.19,2.56,1.56,8.29,10.84,16.78,8.91,3.78,0.28,0
19.25,81.75,Bastar Tahsil,Chhattisgarh,0.48,0.88,1.77,4.07,1.05,7.94,10.39,13.14,9.93,3.9,0.53,0
19.25,82,Bakavand Tahsil,Chhattisgarh,0.13,0.66,0.72,3.93,0.97,8.38,17.16,18.14,11.39,2.44,0,0
19.25,82.25,Kosagumuda,Odisha,0.14,0.33,1.75,4.55,3.32,6.94,8.09,17.15,10.29,3.52,0,0
19.25,82.5,Nabarangapur P.S,Odisha,0.04,0.07,1.34,2.6,3.65,6.86,6.7,14.61,6.45,4.41,0,0
19.25,82.75,Tentulikhunti,Odisha,0.29,1.09,1.94,2.66,1.46,11.93,9.61,10.07,6.64,8.12,0.1,0
19.25,83,Andirakanch,Odisha,0.35,0.98,2.07,2.71,1.63,9.81,8.57,12.79,5.84,6.3,0.44,0
19.25,83.25,Rayagada,Odisha,0.75,0.31,1.53,2.86,1.65,7.83,7.51,10.93,5.46,4.4,0.74,0
19.25,83.5,Rayagada,Odisha,0.31,3.31,1.79,1.83,2.12,6.32,7.99,8.01,5.11,9.03,0.09,0
19.25,83.75,Gudari,Odisha,0.11,2.71,2.4,2.33,1.5,7.48,7.22,6.71,4.59,9.56,0.06,0
19.25,84,R.Udayagiri,Odisha,0.12,2.54,2.22,2.48,1.56,8.04,7.2,5.93,4.65,10.37,0.14,0
19.25,84.25,Mohana,Odisha,0.13,1.73,1.57,1.3,1.82,6.11,6.33,5.46,4.92,14.03,0.48,0
19.25,84.5,Chikiti,Odisha,0.11,1.39,1.52,1.19,1.53,6.25,4.84,4.97,4.63,13.74,0.99,0
19.25,84.75,Rangeilunda,Odisha,0.07,0.57,0.66,1.59,1.33,3.41,3.24,4.07,3.53,14.06,0.46,0
19.5,72.75,Unknown,Unknown,0,0,0,0,0,9.09,25.88,52.73,10.73,2.9,0,0.53
19.5,73,Vasai Subdistrict,Maharashtra,0,0,0,0.02,0,8.99,19.48,48.8,9.55,4.23,0,0.57
19.5,73.25,Shahapur Subdistrict,Maharashtra,0,0,0.06,0.06,0.09,9.69,17.61,37.61,13.17,2.66,0,0.42
19.5,73.5,Shahapur Subdistrict,Maharashtra,0,0,0.14,0.06,0.22,15.86,20.46,42.63,12.89,2.88,0.13,0.21
19.5,73.75,Akola,Maharashtra,0,0,0.25,0.02,0.28,10.42,10.72,17.05,12.67,5.89,0.36,0.2
19.5,74,Akola,Maharashtra,0,0,0.29,0,0.23,8.29,7.35,6.85,11.27,4.95,0.39,0.21
19.5,74.25,Sangamner,Maharashtra,0,0,0.54,0,0.15,8.49,6.52,4.05,8.96,3.24,0.41,0.2
19.5,74.5,Rahuri,Maharashtra,0,0,1.15,0,0.17,13.12,6.67,4.75,9.9,2.9,0.31,0.08
19.5,74.75,Rahuri,Maharashtra,0,0,0.65,0,0.29,9.42,6.8,4.98,11.17,2.09,0.23,0.03
19.5,75,Nevasa,Maharashtra,0,0,0.72,0.23,0.42,10.29,9.08,3.94,8.15,3.64,0.1,0.01
19.5,75.25,Shevgaon,Maharashtra,0,0,0.72,0.05,0.13,7.68,6.63,3.35,8.23,4.06,0.02,0.01
19.5,75.5,Unknown,Maharashtra,0,0,0.59,0.05,0.21,8.39,10.3,4.67,6.91,3.55,0,0
19.5,75.75,Unknown,Maharashtra,0,0,0.44,0.11,0.09,6.83,9.25,4.52,7.52,3.5,0.03,0
19.5,76,Ghansawangi,Maharashtra,0,0,0.17,0.39,0.19,6.26,8.96,3.87,7.01,4.01,0.06,0
19.5,76.25,Partur,Maharashtra,0.12,0.11,0.15,0.45,0.23,6.91,8.98,3.73,9.81,3.88,0.02,0
19.5,76.5,Selu,Maharashtra,0.2,0.14,0.07,0.54,0.22,5.14,5.45,4.87,7.85,2.36,0,0
19.5,76.75,Jintur,Maharashtra,0.22,0.08,0.17,0.34,0.19,5.05,5.32,5.32,6.43,2.5,0,0
19.5,77,Aundha (Nagnath),Maharashtra,0.15,0.01,0.21,0.33,0.2,5.99,7.82,5.34,7.81,1.89,0.01,0
19.5,77.25,Basmath,Maharashtra,0.17,0,0.38,0.26,0.17,6.88,8.24,7.35,6.09,2.63,0.01,0
19.5,77.5,Hadgaon,Maharashtra,0.3,0,0.25,0.3,0.55,6.91,6,8.63,6.14,3.17,0.01,0.01
19.5,77.75,Umarkhed,Maharashtra,0.35,0.01,0.35,0.42,0.61,6.88,8.24,8.79,6.03,2.54,0.01,0.01
19.5,78,Umarkhed,Maharashtra,0.65,0.14,0.76,0.79,0.56,4.1,10.58,9.26,7.66,3.04,0.02,0
19.5,78.25,Kinwat,Maharashtra,0.9,0.28,1.31,0.88,0.42,3.99,11.33,9.42,5.88,2.26,0.05,0
19.5,78.5,Gudihathnur mandal,Telangana,0.47,0.19,1.61,0.56,0.72,5,13.35,9.3,7.13,2.1,0.02,0
19.5,78.75,Utnur mandal,Telangana,0.31,0.12,1.28,0.82,0.69,5.02,11.61,8.44,6.76,2.16,0,0
19.5,79,Kerameri mandal,Telangana,0.41,0.16,0.55,2.08,0.72,4.71,8.65,6.92,4.12,2.2,0.07,0
19.5,79.25,Wankidi mandal,Telangana,0.39,0.34,2.05,2.24,1.23,5.59,9.16,8.73,7.21,3.24,0.11,0
19.5,79.5,Sirpur_T mandal,Telangana,0.46,0.46,3.18,1.92,1.39,6.44,9.71,11.37,9.7,3.98,0.09,0
19.5,79.75,Kouthala mandal,Telangana,1.1,0.42,1.42,0.06,0.04,7.34,11.31,21.18,5.44,3.71,0.12,0
19.5,80,Aheri Taluka,Maharashtra,1.08,0.09,0.89,0,0,6.8,10.49,18.36,5.41,3.01,0.12,0
19.5,80.25,Etapalli Taluka,Maharashtra,1.16,0.12,0.87,0,0,6.53,10.95,17.82,5.06,3.11,0.15,0
19.5,80.5,Bhamragad Taluka,Maharashtra,1.22,0.81,0.67,0.41,0.3,8.28,11.4,20.63,6.9,3.35,0.06,0
19.5,80.75,Bhamragad Taluka,Maharashtra,1.45,1.13,0.47,0.8,0.98,9.3,12.41,19.14,8.43,3.66,0.02,0
19.5,81,Orchha Tahsil,Chhattisgarh,1.54,1.25,0.61,0.83,0.97,9.45,12.4,18.97,8.59,3.61,0.01,0
19.5,81.25,Narayanpur Tahsil,Chhattisgarh,1.64,0.88,0.76,1.28,1.69,8.55,11.37,19.04,8.5,3.17,0.01,0
19.5,81.5,Kondagaon Tahsil,Chhattisgarh,1.61,0.57,0.77,1.51,2.23,7.99,10.7,18.53,8.18,2.91,0.01,0
19.5,81.75,Kondagaon Tahsil,Chhattisgarh,0.76,0.31,1.18,1.73,2.31,8.27,11.81,14.3,7.46,3.32,0.05,0
19.5,82,Makdi Tahsil,Chhattisgarh,0.27,0.18,1.22,1.53,2.19,8.78,13.05,11.78,6.85,3.73,0,0
19.5,82.25,Dabugan,Odisha,0.2,0.17,1.2,1.92,1.64,8.55,12.29,13.22,7.09,3.85,0,0
19.5,82.5,Paparahandi,Odisha,0.07,0.15,2.69,1.22,2.9,9.32,9.48,13.85,6.51,2.41,0,0
19.5,82.75,Jayapatna,Odisha,0.12,0.81,2.47,1.93,1.97,9.72,8.93,15.15,6.09,4.43,0.2,0
19.5,83,Thuamul Rampur,Odisha,0.1,1.22,2.13,3.12,1.46,8.3,8.5,15.39,5.17,5.42,0.3,0
19.5,83.25,Kalyanasingpur,Odisha,0.37,0.37,0.59,4.28,0.12,8.8,10.12,6.58,5.14,7.62,0,0
19.5,83.5,Bishamakatak,Odisha,0.23,3.56,1.18,1.92,2.05,7.41,8.1,8.62,5.14,7.7,0,0
19.5,83.75,Chandrapur,Odisha,0.27,3.64,1.99,3.3,2.29,7.72,7.36,7.18,5.43,9.08,0.09,0
19.5,84,Adava,Odisha,0.26,2.61,2.13,3.03,1.97,8.57,7.49,5.32,5.18,11.33,0.27,0
19.5,84.25,Mohana,Odisha,0.16,1.84,1.43,1.86,2.44,7.56,7.62,5.7,5.28,14.37,0.1,0
19.5,84.5,Badagada,Odisha,0.19,1.56,1.6,2.57,2.63,7.05,5.9,6.06,4.57,17.04,0.3,0
19.5,84.75,Hinjili,Odisha,0.17,0.86,0.75,2.68,2.06,3.87,3.62,5.36,3.19,15.22,0.33,0
19.5,85,Rambha,Odisha,0.31,1.13,1.05,4.24,2.35,2.57,2.9,5.76,3.76,10.06,0.62,0
19.75,72.5,Unknown,Unknown,0,0,0,0,0,7.26,23.95,52.11,9.4,1.82,0,0.67
19.75,72.75,Palghar Subdistrict,Maharashtra,0,0,0,0,0,7.82,25.16,53.7,9.92,1.95,0,0.55
19.75,73,Vikramgad Taluka,Maharashtra,0,0,0,0,0,6.16,21.38,47.95,7.7,2.48,0,0.32
19.75,73.25,Wada Subdistrict,Maharashtra,0,0,0.01,0,0.07,15.39,21.57,45.51,10.34,2.99,0.02,0.41
19.75,73.5,Mokhada Taluka,Maharashtra,0,0,0.1,0,0.34,21.41,26.17,56.04,15.78,3.03,0.12,0.34
19.75,73.75,Igatpuri Subdistrict,Maharashtra,0,0,0.17,0,0.35,13.17,10.45,16.79,10.72,4.57,0.3,0.31
19.75,74,Sinnar Taluka,Maharashtra,0,0,0.22,0,0.27,9.89,6.47,6.13,9.01,4.5,0.39,0.28
19.75,74.25,Sangamner,Maharashtra,0,0,0.51,0,0.32,8.17,6.39,2.88,8.38,3.43,0.41,0.24
19.75,74.5,Rahta,Maharashtra,0,0,0.63,0.04,0.28,8.81,6.3,3.13,8.56,3.12,0.33,0.1
19.75,74.75,Vaijapur,Maharashtra,0,0,1.04,0.03,0.19,9.23,5.66,5.94,9.27,2.06,0.22,0.04
19.75,75,Unknown,Maharashtra,0,0,1.45,0.14,0.33,10.18,6.79,8.22,8.03,3.16,0.04,0.03
19.75,75.25,Unknown,Maharashtra,0,0,0.55,0.77,0.28,9.87,8.63,8.08,8.49,4.23,0,0.02
19.75,75.5,Chhatrapati Sambhajinagar,Maharashtra,0,0,0.23,0.22,0.25,7.51,9.34,5.42,6.59,2.56,0.01,0.01
19.75,75.75,Badnapur,Maharashtra,0,0,0.08,0.11,0.18,4.28,5.37,3.59,6.62,1.54,0.01,0
19.75,76,Jalna,Maharashtra,0,0,0.27,0.19,0.14,5.84,7.81,4.63,6.43,2.87,0.07,0
19.75,76.25,Mantha,Maharashtra,0,0,0.3,0.18,0.12,6.11,7.21,5.1,5.84,2.78,0.05,0
19.75,76.5,Jintur,Maharashtra,0.05,0,0.27,0.27,0.13,5.19,5.09,5.44,5.88,2.54,0.02,0
19.75,76.75,Sengaon,Maharashtra,0.18,0,0.52,0.17,0.16,6.42,5.67,6.45,4,3.64,0.01,0
19.75,77,Hingoli,Maharashtra,0.02,0,0.1,0.01,0.07,6.37,8.59,6.62,6.02,2.95,0.02,0
19.75,77.25,Hingoli,Maharashtra,0.16,0,0.57,0.12,0.09,8.07,10.22,6.88,6.01,2.97,0.03,0.01
19.75,77.5,Pusad,Maharashtra,0.27,0,0.4,0.25,0.24,4.36,5.65,7.96,5.87,2.8,0.03,0.01
19.75,77.75,Mahagaon,Maharashtra,0.34,0,0.35,0.14,0.06,5.19,8.29,11.2,4.23,1.55,0.02,0.01
19.75,78,Mahoor,Maharashtra,0.74,0.13,0.95,0.59,0.35,3.39,10.76,9.28,7.74,2.43,0.05,0
19.75,78.25,Kinwat,Maharashtra,1.06,0.3,1.41,0.79,0.25,3.65,11.2,8.33,5.23,1.19,0.06,0
19.75,78.5,Unknown,Telangana,1,0.27,1.42,0.75,0.17,3.9,10.36,7.52,4.2,0.9,0.05,0
19.75,78.75,Bela mandal,Telangana,0.38,0.02,1.15,0.37,0.18,4.32,9.11,7.2,5.63,1.36,0,0
19.75,79,Korpana Taluka,Maharashtra,0.72,0.07,0.92,1.04,0.62,4.84,13.2,7.22,3.83,1.89,0.24,0
19.75,79.25,Rajura Taluka,Maharashtra,0.81,0.21,1.21,1.32,1.01,4.36,13.77,5.85,2.19,2.35,0.59,0
19.75,79.5,Gondpipri Taluka,Maharashtra,0.68,0.2,1.76,1.4,0.73,5.67,12.75,5.73,3.97,1.89,0.19,0.03
19.75,79.75,Gondpipri Taluka,Maharashtra,1.8,0,0.18,0.03,0,4.84,13.59,12.8,3.27,3.47,0.38,0
19.75,80,Mulchera Taluka,Maharashtra,1.23,0.02,0.58,0,0,5.86,11.14,15.59,4.54,2.9,0.2,0
19.75,80.25,Etapalli Taluka,Maharashtra,1.17,0,0.56,0,0,5.72,10.92,15.53,4.6,2.74,0.19,0
19.75,80.5,Etapalli Taluka,Maharashtra,1.04,0.56,0.59,0.24,0.28,7.39,10.07,17.61,6.36,2.65,0.05,0
19.75,80.75,Orchha Tahsil,Chhattisgarh,1.35,1.27,0.57,0.64,0.85,9.19,10.52,17.83,7.61,3.09,0,0
19.75,81,Orchha Tahsil,Chhattisgarh,1.74,1.52,0.44,0.75,0.64,9.67,12.7,18.85,8.97,3.55,0,0
19.75,81.25,Narayanpur Tahsil,Chhattisgarh,1.63,1,0.77,1.08,1.47,8.74,11.17,18.57,8.26,3.07,0,0
19.75,81.5,Farasgaon Tahsil,Chhattisgarh,1.48,0.53,0.99,1.35,2.24,8.12,10.68,17.72,7.77,2.93,0,0
19.75,81.75,Makdi Tahsil,Chhattisgarh,0.74,0.19,1.15,1.2,2.57,8.43,11.67,13.32,6.64,3.46,0,0
19.75,82,Makdi Tahsil,Chhattisgarh,0.33,0.06,1.41,1.12,2.72,8.72,12.11,10.18,6.1,3.83,0,0
19.75,82.25,Umarkote,Odisha,0.24,0.2,1.79,1.62,2.73,9.05,12.32,7.36,7.08,4.25,0,0
19.75,82.5,Jharigan,Odisha,0.18,0.95,2.73,2.36,2.98,8.69,10.8,9.5,5.42,2.15,0,0
19.75,82.75,Kokasara,Odisha,0.47,1.51,2.06,2.04,0.77,8.31,8.04,12.05,6.49,2.26,0.01,0
19.75,83,Junagarh,Odisha,0.17,1.53,1.85,2.96,0.75,8.6,8.63,7.66,6.35,6.04,0.04,0
19.75,83.25,Sadar,Odisha,0.24,0.97,1.8,4.09,0.92,5.03,8.15,9.1,6.63,6,0,0
19.75,83.5,Ambadala,Odisha,0.09,2.28,1.71,3.15,1.49,7.83,9.96,10.19,3.76,6.4,0,0
19.75,83.75,Kotagarh,Odisha,0.35,2.62,4.42,4.83,2.23,8.48,8.81,9.03,5.54,8.02,0.07,0
19.75,84,Brahmanigaon,Odisha,0.44,2.91,4.48,5.55,2.47,8.59,8.09,7.8,6.17,8.87,0.08,0
19.75,84.25,Badagada,Odisha,0.19,2.68,2.23,5.29,2.53,6.69,8.23,7.26,5.55,11.57,0.13,0
19.75,84.5,Surada,Odisha,0.16,2.48,2.23,5.44,2.52,6.1,8.33,7.14,5.18,11.75,0.14,0
19.75,84.75,Buguda,Odisha,0.27,1.65,0.98,3.56,1.92,4.76,6.14,7.07,5.63,9.91,0.67,0
19.75,85,Polasara,Odisha,0.35,1.38,1.11,4.01,2.18,3.3,4.32,6.22,4.77,8.78,0.82,0
19.75,85.25,Balugaon,Odisha,0.28,1.04,0.95,2.54,2.86,4.29,4.46,8.27,2.81,8.79,0.2,0
19.75,85.5,Krushna Prasad,Odisha,0.21,0.96,1.54,1.51,5.01,5.06,4.53,10.47,1.57,9.52,0.15,0
20,72.5,Unknown,Unknown,0,0,0,0,0,5.41,19.13,44.59,6.62,1.54,0,1
20,72.75,Dahanu Taluka,Maharashtra,0,0,0,0,0,5.04,17.89,45.18,6.63,1.54,0,0.94
20,73,Dahanu Taluka,Maharashtra,0,0,0,0,0,9.22,20.09,46.56,8.04,1.58,0,0.22
20,73.25,Jawhar Taluka,Maharashtra,0,0,0,0,0.04,13.79,17.2,35.32,8.83,2.51,0.01,0.31
20,73.5,Trimbakeshwar Subdistrict,Maharashtra,0,0,0.04,0,0.35,15.28,16.65,35.39,11.42,2.81,0.14,0.31
20,73.75,Nashik Subdistrict,Maharashtra,0,0,0.06,0,0.54,8.54,4.11,7.48,7.53,2.91,0.21,0.31
20,74,Niphad Taluka,Maharashtra,0,0,0.11,0,0.44,6.72,4.13,5.19,6.78,2.83,0.24,0.28
20,74.25,Niphad Taluka,Maharashtra,0,0,0.43,0,0.27,7.61,5.19,3.22,7.31,4.22,0.4,0.23
20,74.5,Yeola Taluka,Maharashtra,0,0,0.53,0,0.22,7.8,5.71,3.39,7.72,3.01,0.34,0.1
20,74.75,Vaijapur,Maharashtra,0,0,0.77,0.02,0.31,7.52,6.18,5.25,8.02,1.83,0.19,0.08
20,75,Unknown,Maharashtra,0,0,1.16,0.11,1.49,6.11,8.99,8.24,7.02,2.26,0.05,0.03
20,75.25,Khuldabad,Maharashtra,0,0,1.24,0.37,0.23,9.13,7.73,7.38,4.7,2.19,0,0.02
20,75.5,Chhatrapati Sambhajinagar,Maharashtra,0,0,0.79,0.05,0.2,6.6,6.3,5.73,4.81,0.76,0.01,0.01
20,75.75,Badnapur,Maharashtra,0,0,0.16,0.12,0.19,4.55,6.02,5.38,6.25,1.01,0.06,0
20,76,Deulgaon Raja,Maharashtra,0,0,0.47,0.2,0.18,6.28,7.21,6.97,6.26,0.88,0.12,0
20,76.25,Sindkhed Raja,Maharashtra,0,0,0.41,0.15,0.2,5.65,5.66,5.81,5.29,1.36,0.05,0
20,76.5,Lonar,Maharashtra,0.01,0,0.4,0.13,0.18,5.72,5.28,5.68,5.03,1.66,0.04,0
20,76.75,Risod,Maharashtra,0.26,0,0.69,0.11,0.54,6.76,8.23,7.41,5.71,2.78,0.02,0
20,77,Sengaon,Maharashtra,0.31,0,0.76,0.08,0.58,7.63,8.98,7.94,7.63,2.64,0.02,0
20,77.25,Washim,Maharashtra,0.19,0,0.65,0.15,0.2,6.65,7.67,7.02,6.53,2.95,0.04,0
20,77.5,Pusad,Maharashtra,0.33,0,0.55,0.2,0.19,5.51,7.37,7.33,5.3,2.56,0.04,0
20,77.75,Mahagaon,Maharashtra,0.45,0,0.75,0.23,0.1,4.94,7.9,7.8,2.6,1.17,0.04,0
20,78,Arni,Maharashtra,0.57,0,0.75,0.36,0.08,5.99,7.72,6.05,4.33,1.52,0.04,0
20,78.25,Ghatanji,Maharashtra,0.75,0.03,0.7,0.61,0.04,5.54,7.29,4.41,3.86,1.56,0.02,0
20,78.5,Kelapur,Maharashtra,0.87,0.01,0.76,0.66,0.07,3.89,6.93,4.05,3.4,1.53,0,0
20,78.75,Zari-Jamani,Maharashtra,1.06,0.01,1.21,0.6,0.28,3.41,7.85,4.13,3.22,1.21,0.01,0
20,79,Wani,Maharashtra,0.96,0.11,0.94,1.55,0.48,5.98,13.22,6.97,3.82,1.67,0.1,0
20,79.25,Chandrapur Taluka,Maharashtra,0.97,0.11,1.06,1.56,0.67,5.72,15.09,6.52,2.99,2.14,0.27,0
20,79.5,Chandrapur Taluka,Maharashtra,0.74,0.22,1.14,0.65,0.65,6.89,14.54,8.49,2.61,1,0.05,0.01
20,79.75,Mul Taluka,Maharashtra,0.77,0.13,0.67,0.09,0.25,5.23,11.13,10.25,3.38,2.01,0.34,0
20,80,Chamorshi Taluka,Maharashtra,0.71,0.01,0.54,0.01,0.17,4.45,9.74,12.59,4.15,1.97,0.34,0
20,80.25,Gadchiroli Taluka,Maharashtra,0.51,0,0.48,0,0.08,4.8,8.92,14.67,4.68,1.61,0.16,0
20,80.5,Etapalli Taluka,Maharashtra,0.51,0.6,0.44,0.15,0.48,6.85,7.65,16.45,5.26,1.9,0.01,0
20,80.75,Pakhanjur Tahsil,Chhattisgarh,0.61,0.99,0.74,0.25,0.8,8.63,7.04,15.47,5.18,2.36,0,0
20,81,Pakhanjur Tahsil,Chhattisgarh,0.89,1.09,0.81,0.4,0.85,9.02,8.25,15.76,5.94,2.65,0,0
20,81.25,Antagarh Tahsil,Chhattisgarh,0.78,0.82,1.25,0.48,1.12,8.98,7.39,13.41,5.02,2.37,0,0
20,81.5,Keskal Tahsil,Chhattisgarh,0.66,0.58,1.36,0.59,1.52,8.87,7.94,12.31,4.88,2.55,0,0
20,81.75,Bade Rajpur Tahsil,Chhattisgarh,0.79,0.23,1.3,1.33,2.64,8.48,11.61,12.63,6.97,3.55,0,0
20,82,Raighar,Odisha,0.3,0.25,1.62,1.36,2.59,9.12,12.41,8.22,6.09,3.84,0,0
20,82.25,Mainpur Tahsil,Chhattisgarh,0.27,0.41,1.96,1.6,2.15,9.36,11,8.19,6.17,3.87,0,0
20,82.5,Mainpur Tahsil,Chhattisgarh,0.25,0.76,1.97,1.33,2.27,10.15,10.55,10.32,5.67,3.52,0,0
20,82.75,Golamunda,Odisha,0.9,3.52,1.94,3.15,0.46,5.71,5.58,18.37,5.59,3.29,0.02,0
20,83,Kegaon,Odisha,0.42,1.97,1.93,1.54,0.74,7.76,8.56,10.35,5.15,3.72,0.08,0
20,83.25,Sadar,Odisha,0.31,1.55,2.08,1.83,2.02,8.2,9.3,11.85,5.36,5.69,0,0
20,83.5,Narala,Odisha,0.16,1.87,1.91,2.43,1.67,7.74,10.48,12.17,4.64,5.47,0,0
20,83.75,Tumudibandha,Odisha,0.25,1.82,4.63,3.72,1.69,8.11,10.59,11.79,5.72,6.25,0.07,0
20,84,Baliguda,Odisha,0.24,2.33,4.5,4.43,1.58,6.87,10.66,10.34,5.65,6.61,0.02,0
20,84.25,Raikia,Odisha,0.28,2.93,2.28,5.98,2.32,6.03,8.41,9.34,4.78,9.53,0.17,0
20,84.5,Bhanjanagar,Odisha,0.23,2.84,2.01,6.24,2.19,5.71,8.53,8.83,4.63,9.09,0.16,0
20,84.75,Jagannath Prasad,Odisha,0.08,2.09,0.78,3.29,1.18,6.18,8.19,9.61,7.04,6.31,0.02,0
20,85,Odagaon,Odisha,0.31,1.33,1.36,1.63,1.95,5.72,4.09,9.97,3.39,7,0.08,0
20,85.25,Ranapur,Odisha,0.27,1.19,1.19,1.35,1.76,6.36,4.67,9.77,3.31,6.79,0.05,0
20,85.5,Nirakarpur,Odisha,0.06,0.56,0.24,2.02,4.53,3.79,4.83,13.56,1.61,9.58,0.01,0
20,85.75,Delanga,Odisha,0.21,1.18,1.07,2.41,6.48,2.31,2.94,18.26,1.2,9.07,0.07,0
20,86,Nimapada,Odisha,0.6,0.5,1.55,0.95,6.66,3.78,3.31,14.86,4.45,9.76,0.42,0
20,86.25,Kakatpur,Odisha,0.39,0.88,1.29,3.44,8.38,3.77,4.41,18.07,3.95,10,0.18,0
20.25,72.75,Umbergaon Taluka,Gujarat,0,0,0.02,0,0,3.38,18.55,42.36,7.76,0.9,0,1.26
20.25,73,Nagar Haveli,Dadra and Nagar Haveli and Daman and Diu,0,0,0,0,0,7.37,15.03,43.94,10.86,1.38,0,0.05
20.25,73.25,Kaparada Taluka,Gujarat,0,0,0,0,0,9.72,13.16,39.16,12.19,1.41,0,0.33
20.25,73.5,Peth Taluka,Maharashtra,0,0,0.03,0,0.35,6.17,8.04,17.51,7.71,2.73,0.12,0.45
20.25,73.75,Dindori Taluka,Maharashtra,0,0,0.05,0,0.53,6.89,12.4,23.17,6.32,2.69,0.18,0.37
20.25,74,Chandwad Taluka,Maharashtra,0,0,0.13,0,0.45,4.97,5.51,6.97,8.32,2.64,0.19,0.31
20.25,74.25,Chandwad Taluka,Maharashtra,0,0,0.29,0,0.18,4.16,6.56,3.66,9.71,2.62,0.16,0.26
20.25,74.5,Nandgaon Taluka,Maharashtra,0,0,0.38,0.04,0.16,5.51,8.45,3.4,9.11,1.48,0.13,0.19
20.25,74.75,Nandgaon Taluka,Maharashtra,0,0,0.5,0.2,0.5,6.73,10.66,5.09,8.4,1.31,0.11,0.17
20.25,75,Unknown,Maharashtra,0,0,0.32,0.48,0.09,7.8,12.5,7.93,7.1,2.3,0.04,0.11
20.25,75.25,Unknown,Maharashtra,0,0,0.92,0.15,0.18,7.79,9.48,7.04,4.64,1.4,0.01,0.07
20.25,75.5,Unknown,Maharashtra,0,0,0.21,0.02,0.17,6.81,10.67,7.67,5.68,1.4,0.03,0.01
20.25,75.75,Bhokardan,Maharashtra,0,0,0.32,0.01,0.38,6.37,8.96,8.71,6.46,0.91,0.08,0
20.25,76,Jafferabad,Maharashtra,0,0,0.35,0.08,0.29,5.31,9.2,8.27,5.71,0.92,0.09,0.01
20.25,76.25,Unknown,Maharashtra,0,0,0.46,0.16,0.33,5.1,7.47,6.62,5.4,0.74,0.06,0.01
20.25,76.5,Mehkar,Maharashtra,0,0,0.43,0.18,0.3,4.85,6.87,6.12,5.78,0.81,0.05,0
20.25,76.75,Mehkar,Maharashtra,0.09,0,0.36,0.05,0.2,5.13,8.26,7.24,6.08,1.47,0.04,0.01
20.25,77,Malegaon,Maharashtra,0.18,0,0.59,0,0.17,7.9,8.88,7.23,7.57,2.6,0.02,0
20.25,77.25,Mangrulpir,Maharashtra,0.24,0,0.85,0,0.01,8.16,10.44,6.2,6.26,2.7,0.02,0
20.25,77.5,Manora,Maharashtra,0.43,0,0.72,0.15,0.1,5.63,10.05,6.55,4.32,2.05,0.02,0
20.25,77.75,Darwha,Maharashtra,0.46,0,0.84,0.32,0.14,4.88,7.89,5.19,3.68,1.91,0.02,0
20.25,78,Yavatmal,Maharashtra,0.59,0,0.93,0.38,0.06,5.36,6.86,4.19,3.76,1.46,0.03,0
20.25,78.25,Yavatmal,Maharashtra,0.61,0,0.65,0.43,0.03,5.03,6.59,3.61,3.86,1.48,0.05,0
20.25,78.5,Kelapur,Maharashtra,0.75,0,0.79,0.61,0.06,3.05,6.66,3.49,3.64,1.47,0.02,0
20.25,78.75,Unknown,Maharashtra,0.76,0.07,1.7,1.33,0.36,5.55,11.37,5.44,4.67,1.39,0.01,0
20.25,79,Warora Taluka,Maharashtra,0.8,0.11,1.39,1.38,0.41,5.76,11.27,6.17,4.39,1.27,0.05,0
20.25,79.25,Bhadravati Taluka,Maharashtra,0.51,0.17,1.35,0.7,0.66,5.88,11.62,9.68,3,1.23,0,0
20.25,79.5,Sindewahi Taluka,Maharashtra,0.33,0.38,1.37,0.33,0.08,4.74,10.22,9.66,3.07,1.72,0.01,0
20.25,79.75,Sindewahi Taluka,Maharashtra,0.67,0.07,1.48,0.05,0.55,5.38,10.17,11.23,4.91,3.07,0.75,0
20.25,80,Gadchiroli Taluka,Maharashtra,0.3,0.01,0.59,0,0.12,4.48,8.28,14.7,4.76,1.33,0.15,0
20.25,80.25,Unknown,Maharashtra,0.22,0.05,0.25,0,0.08,4.68,7.69,15.79,4.44,1.14,0.12,0
20.25,80.5,Manpur Tahsil,Chhattisgarh,0.09,0.51,0.58,0.02,0.64,6.79,5.32,15.59,3.6,1.39,0.07,0
20.25,80.75,Durgkondal Tahsil,Chhattisgarh,0.05,1.02,0.88,0,1.11,8.15,4.01,15.07,3.45,1.82,0.01,0
20.25,81,Bhanupratappur Tahsil,Chhattisgarh,0.12,1.09,1.01,0.02,1.2,8.55,4.37,14.59,3.5,1.96,0.01,0
20.25,81.25,Bhanupratappur Tahsil,Chhattisgarh,0.13,0.68,1.72,0,0.8,9.3,4.5,8.7,2.36,1.83,0,0
20.25,81.5,Kanker Tahsil,Chhattisgarh,0.18,1.01,1.55,0.04,1.3,9.22,5.85,11.05,2.84,1.98,0,0
20.25,81.75,Narharpur Tahsil,Chhattisgarh,0.26,1.26,1.41,0.14,1.96,8.96,7.94,12.7,3.57,2.34,0,0
20.25,82,Nagri Tahsil,Chhattisgarh,0.26,1.06,1.56,1.01,2.01,8.23,10.22,10.1,4.53,3.04,0,0
20.25,82.25,Mainpur Tahsil,Chhattisgarh,0.23,1.29,1.93,2.26,1.24,10.38,10.82,10.62,4.53,3.19,0,0
20.25,82.5,Boden,Odisha,0.24,1.62,1.96,3.14,1.31,7.97,8.93,13.17,4.33,3.53,0,0
20.25,82.75,Khariar,Odisha,0.22,1.42,2.03,1.86,1.16,9.24,11.28,12.13,3.62,3.43,0,0
20.25,83,Sindhekela,Odisha,0.15,1.1,1.23,2.53,1.28,3.37,9.72,13.31,3.63,2.02,0,0
20.25,83.25,Kesinga,Odisha,0.44,1.25,2.36,0.95,2.54,10.07,9.72,13.77,5.11,5.2,0,0
20.25,83.5,Madanpur Rampur,Odisha,0.22,1.26,1.6,1.45,1.47,8.64,11.02,15.67,6.08,4.28,0,0
20.25,83.75,Baliguda,Odisha,0.11,1.25,1.76,2.14,1.06,7.77,10.79,16.96,6.69,4.06,0,0
20.25,84,Baliguda,Odisha,0.34,3.1,4.29,5.16,0.68,6.7,9.28,14.69,7.59,7.03,0.18,0
20.25,84.25,Tikabali,Odisha,0.36,3.1,4.11,5.56,1.12,5.95,9.97,15.4,8.96,7.41,0.13,0
20.25,84.5,Chakapada,Odisha,0.41,2.2,2.11,8.15,1.14,6.96,5.51,13.94,5.71,8.2,0,0
20.25,84.75,Dasapalla,Odisha,0.42,2.02,1.55,4.37,1.42,7.07,7.92,10.44,4.44,7.35,0,0
20.25,85,Nayagarh Sadar,Odisha,0.3,2.1,1.87,2.42,1.76,6.87,4.87,10.38,2.94,6.68,0.01,0
20.25,85.25,Fategarh,Odisha,0.13,2.27,2.41,2.14,2.82,7.48,6.24,17.91,3.14,4.41,0.15,0
20.25,85.5,Khordha,Odisha,0.39,2.68,1.76,2.66,5.85,3.39,4.02,18.64,5.54,7.74,0.07,0
20.25,85.75,Tamando,Odisha,0.33,2.91,0.84,3.33,7.23,4.34,6.38,24.35,2.39,14.03,0.04,0
20.25,86,Gobindpur,Odisha,0.17,0.81,0.88,6.71,6.81,5.01,6.33,20.2,2.07,9.22,0,0
20.25,86.25,Tirtol,Odisha,0.23,0.76,1.74,5.35,9.1,4.65,4.78,22.45,3.33,10.52,0.01,0
20.25,86.5,Kujang,Odisha,0.68,0.99,2.22,4.35,11.5,4.16,7.65,20.71,4.78,9.57,0.21,0
20.5,72.75,Valsad,Gujarat,0,0,0.05,0,0,3.02,16.53,32.03,7.43,0.67,0,0.9
20.5,73,Pardi Taluka,Gujarat,0,0,0,0,0,7.76,9.29,37.32,11.26,0.82,0,1.26
20.5,73.25,Dharampur Taluka,Gujarat,0,0,0,0,0,8.11,9.42,35.51,11.75,1.11,0,1.22
20.5,73.5,Surgana Taluka,Maharashtra,0,0,0.01,0,0.16,5.85,9.5,22.58,8.99,3.27,0.05,1.28
20.5,73.75,Surgana Taluka,Maharashtra,0,0,0.04,0,0.3,5.08,8.14,14.44,6.68,2.74,0.1,0.72
20.5,74,Kalwan Taluka,Maharashtra,0,0,0.2,0,0.25,4.61,6.2,5.89,6.46,3.18,0.13,0.38
20.5,74.25,Deola Taluka,Maharashtra,0,0,0.25,0,0.03,6.09,8.49,4.37,7.33,2.45,0.02,0.23
20.5,74.5,Malegaon Taluka,Maharashtra,0,0,0.27,0.01,0,8.24,8.57,4.43,7.98,0.22,0.01,0.08
20.5,74.75,Nandgaon Taluka,Maharashtra,0,0,0.27,0.14,0.1,7.17,11.12,4.38,8.24,1.02,0.04,0.34
20.5,75,Chalisgaon,Maharashtra,0,0,0.56,0.27,0.27,6.59,10.71,5.6,7.58,1.28,0.01,0.3
20.5,75.25,Soegaon,Maharashtra,0,0,0.45,0.21,0.09,5.41,7.55,6.11,5.76,0.68,0.01,0.19
20.5,75.5,Unknown,Maharashtra,0.03,0,0.39,0.01,0.22,6.37,9.26,7.23,5.65,1.04,0.06,0.11
20.5,75.75,Unknown,Maharashtra,0.04,0,0.41,0.07,0.41,6.58,8.77,8.02,5.51,0.98,0.1,0.02
20.5,76,Unknown,Maharashtra,0,0,0.6,0.17,0.5,6.35,8.81,7.19,3.89,0.91,0.14,0.02
20.5,76.25,Unknown,Maharashtra,0.03,0,0.71,0.1,0.34,4.9,8.19,6.48,4.13,0.7,0.11,0.02
20.5,76.5,Khamgaon,Maharashtra,0.03,0,0.77,0.02,0.14,3.67,7.62,4.94,4.38,0.85,0.08,0.01
20.5,76.75,Patur,Maharashtra,0.01,0,0.17,0,0.01,3.55,8.19,6.93,4.44,1.05,0.05,0.02
20.5,77,Patur,Maharashtra,0.05,0,0.28,0,0.04,4.71,7.9,5.79,3.48,1.32,0.02,0.01
20.5,77.25,Barshitakli,Maharashtra,0.14,0,0.43,0.02,0.01,5.87,8.54,4.87,4.12,1.76,0.04,0
20.5,77.5,Karanja,Maharashtra,0.37,0,1.07,0.19,0.11,5.02,9.98,5.73,4.35,1.93,0.02,0
20.5,77.75,Ner,Maharashtra,0.37,0,1.62,0.25,0.14,5.25,8.7,4.97,4.41,1.16,0.02,0
20.5,78,Yavatmal,Maharashtra,0.54,0,1.48,0.32,0.09,3.63,9.6,4.58,2.19,1.86,0.08,0.03
20.5,78.25,Babulgaon,Maharashtra,0.6,0,0.73,0.37,0.07,3.19,6.93,3.99,3.02,1.37,0.09,0.01
20.5,78.5,Kalamb,Maharashtra,0.81,0,0.93,0.43,0.22,3.71,8.9,5.07,3.62,0.94,0.04,0
20.5,78.75,Hinganghat,Maharashtra,0.75,0.01,1.21,0.5,0.36,4.24,9.24,5.9,3.68,0.71,0.05,0
20.5,79,Samudrapur,Maharashtra,0.47,0.04,1.41,0.77,0.85,5.69,10.06,8.87,3.2,0.81,0.03,0
20.5,79.25,Chimur Taluka,Maharashtra,0.38,0.06,1.4,0.78,1.08,6.15,10.44,10.42,2.81,0.83,0.01,0
20.5,79.5,Chimur Taluka,Maharashtra,0.24,0.19,1.3,0.36,1.08,5.16,7.23,9.39,1.81,0.85,0,0
20.5,79.75,Nagbhir Taluka,Maharashtra,0.24,0.02,0.7,0.01,0.07,5.28,8.1,11.94,4.16,2.93,0,0
20.5,80,Armori Taluka,Maharashtra,0.37,0,0.85,0,0.38,6.26,8.3,17.52,4.53,1.94,0.12,0
20.5,80.25,Kurkheda Taluka,Maharashtra,0.22,0.21,0.28,0.01,0.2,5.83,6.65,17.23,3.57,1.42,0.24,0
20.5,80.5,Korchi Taluka,Maharashtra,0.14,0.76,0.6,0.06,0.73,7.7,4.89,15.15,2.38,1.25,0.25,0
20.5,80.75,Mohla Tahsil,Chhattisgarh,0.17,1.68,1.06,0.01,1.5,8.51,4.69,14.82,3.38,1.75,0.04,0
20.5,81,Dondi Tahsil,Chhattisgarh,0.29,2.4,1.38,0,1.92,9.04,5.25,14.44,3.47,1.97,0.04,0
20.5,81.25,Dondi Tahsil,Chhattisgarh,0.33,1.79,1.63,0.13,1.81,10.88,6.27,14.88,2.7,1.82,0.02,0
20.5,81.5,Charama Tahsil,Chhattisgarh,0.32,1.51,1.52,0.12,1.73,10.17,6.87,13.96,2.83,1.86,0.01,0
20.5,81.75,Nagri Tahsil,Chhattisgarh,0.3,1.45,1.17,0.02,2.26,7.71,8.96,12.47,4.15,2.59,0,0
20.5,82,Nagri Tahsil,Chhattisgarh,0.2,1.33,1.4,0.32,1.97,7.74,8.68,11.71,4.31,2.61,0,0
20.5,82.25,Bindranavagarh(Gariyaband) Tahsil,Chhattisgarh,0.12,1.42,2.3,2.08,0.76,9.77,7.4,11.41,4.43,2.55,0,0
20.5,82.5,Komna,Odisha,0.06,1.42,2.41,2.82,0.85,11.04,8.67,12.06,5.49,3.55,0,0
20.5,82.75,Turekela,Odisha,0.2,2.11,2.23,1.3,0.88,10.43,6.75,12.83,4.83,4.8,0,0
20.5,83,Belpara,Odisha,0.17,2.29,2.49,1.58,1.56,12.12,7.2,14.53,4.84,4.25,0,0
20.5,83.25,Saintala,Odisha,0.48,2,3.23,2.62,1.92,12.15,7.25,17.08,5.9,1.63,0,0
20.5,83.5,Tushura,Odisha,0.5,3.09,1.13,1.86,0.97,12.82,10.78,16.51,5.27,2.51,0,0
20.5,83.75,Kantamal,Odisha,0.29,2.15,2.97,4.17,0.97,10.06,8.01,20.67,7.07,3.91,0,0
20.5,84,Gochhapada,Odisha,0.33,2.59,3.86,7.23,0.86,8.4,6.79,20.32,7.06,4.18,0.01,0
20.5,84.25,Khajuripada,Odisha,0.14,2.2,3.49,6.06,1.02,6.07,11.26,16.88,5.14,4.89,0.04,0
20.5,84.5,Puruna Katak,Odisha,0.34,2.08,2.01,6.04,1.19,7.3,7.51,14.23,4.86,5.87,0,0
20.5,84.75,Gania,Odisha,0.43,2.26,1.54,4.71,1.2,7.65,5.75,13.83,5.12,4.67,0,0
20.5,85,Narasinghpur,Odisha,0.4,2.4,2.38,3.35,3.55,8.85,6.56,15.37,4.76,5.36,0.02,0
20.5,85.25,Kanpur,Odisha,0.19,2.48,2.99,2.98,4.01,5.31,6.98,19.32,3.78,3.5,0.07,0
20.5,85.5,Tigiria,Odisha,0.55,1.36,3.69,3.22,7.75,6.61,4.16,14.41,3.42,5.84,0.01,0
20.5,85.75,Choudwar,Odisha,0.36,1.18,2.83,4.09,4.13,3.8,4.08,17.79,4.02,6.87,0.03,0
20.5,86,Jagatpur,Odisha,0.28,1.23,3.14,4.72,4.26,5.04,5,25.86,1.33,10.36,0,0
20.5,86.25,Nischintakoili,Odisha,0.55,0.53,3.36,3.43,6.37,6.36,4.79,24.92,3.15,7.39,0.32,0
20.5,86.5,Kendrapara Sadar,Odisha,0.74,0.53,1.85,4.3,9.22,6.52,5.71,20.69,5.2,8.81,0.52,0
20.5,86.75,Mahakalapada,Odisha,0.62,0.57,1.88,4.59,8.43,6.02,5.12,20.76,4.34,10.8,0.39,0
20.75,70.75,Kodinar Taluka,Gujarat,0,0,0.01,0,0,5.4,15.69,20.2,7.7,0.34,0,0.69
20.75,71,Una Taluka,Gujarat,0,0,0,0,0,3.88,12.16,18.73,7.82,0.83,0,0.61
20.75,72.75,Valsad,Gujarat,0,0,0.03,0,0,3.1,20.83,39.76,9.03,0.16,0,1.54
20.75,73,Gandevi Taluka,Gujarat,0,0,0.02,0,0,3.65,16.83,41.22,9.6,0.17,0,1.4
20.75,73.25,Vansda Taluka,Gujarat,0,0,0,0,0,4.37,6.65,36.42,9.93,0.26,0,2.55
20.75,73.5,Vaghai Taluka,Gujarat,0,0,0,0,0,5.17,8.86,27.39,9.01,2.37,0,2.26
20.75,73.75,Ahava Taluka,Gujarat,0,0,0,0,0,4.23,5.86,12.31,7.23,3.15,0,1.86
20.75,74,Baglan Taluka,Maharashtra,0,0,0.13,0,0.12,3.24,3.95,9.69,6.78,3.02,0.04,0.97
20.75,74.25,Baglan Taluka,Maharashtra,0,0,0.23,0,0,6.2,7.76,5.08,5.84,2.5,0,0.77
20.75,74.5,Malegaon Taluka,Maharashtra,0,0,0.22,0.01,0,8.95,8.21,4.46,8.67,0.44,0.01,0.46
20.75,74.75,Dhule Taluka,Maharashtra,0,0,0.14,0.03,0,10.47,7.57,5.97,10.11,0.53,0.02,0.65
20.75,75,Parola,Maharashtra,0,0,0.3,0.12,0.04,7.39,6.1,8.75,7.25,0.12,0,0.27
20.75,75.25,Bhadgaon,Maharashtra,0,0,0.18,0.08,0.03,4.92,6.74,5.73,5,0.39,0.02,0.21
20.75,75.5,Pachora,Maharashtra,0.01,0,0.12,0,0.02,5.79,9.31,6.16,3.59,1.17,0.03,0.14
20.75,75.75,Jamner,Maharashtra,0.04,0,0.43,0.07,0.06,6.03,9.21,5.93,3.28,1.31,0.11,0.02
20.75,76,Motala,Maharashtra,0.09,0,0.73,0.02,0.27,4.28,6.38,5.08,2.04,0.65,0.09,0.02
20.75,76.25,Nandura,Maharashtra,0.07,0,0.96,0,0.14,4.7,7.53,5.56,3.68,0.53,0.07,0.02
20.75,76.5,Khamgaon,Maharashtra,0.03,0,0.75,0,0.2,4.02,7.76,3.92,4.32,0.82,0.04,0.01
20.75,76.75,Shegaon,Maharashtra,0.01,0,0.29,0,0.12,3.9,6.49,4.7,2.06,1,0.01,0
20.75,77,Akola,Maharashtra,0.03,0,0.22,0,0.08,3.67,6.6,4.55,1.37,0.72,0.02,0
20.75,77.25,Akola,Maharashtra,0.06,0,0.03,0,0,2.58,6.05,3.57,1.73,0.48,0.07,0
20.75,77.5,Unknown,Maharashtra,0.38,0,0.8,0.04,0.16,4.85,9.72,6.16,3.93,1.76,0.08,0.01
20.75,77.75,Nandgaon-Khandeshwar,Maharashtra,0.34,0,0.85,0.02,0.06,5.17,11.54,6.88,3.9,2.95,0.1,0
20.75,78,Chandur Railway,Maharashtra,0.25,0,1.15,0.03,0.01,4.74,6.9,5.86,3.98,1.17,0.04,0
20.75,78.25,Dhamangaon Railway,Maharashtra,0.85,0.01,1.23,0.61,0.3,5.36,8.93,7.72,4.27,1.59,0.14,0.01
20.75,78.5,Wardha,Maharashtra,0.6,0.04,1.38,0.61,0.45,4.37,9.72,7.87,4.38,1.49,0.11,0
20.75,78.75,Seloo,Maharashtra,0.68,0,1.19,0.29,0.42,3.97,7.64,6.63,3.37,0.58,0.1,0
20.75,79,Unknown,Maharashtra,0.75,0.23,1.3,0.29,0.69,4.71,7.02,9.89,3.34,0.67,0.19,0
20.75,79.25,Bhiwapur Taluka,Maharashtra,0.88,0.45,1.51,0.17,0.54,5.85,7.04,12.58,3.3,0.79,0.2,0
20.75,79.5,Bhiwapur Taluka,Maharashtra,0.63,0.45,1.37,0.2,0.38,7.37,7.93,13.36,2.45,0.81,0.07,0
20.75,79.75,Lakhandur Taluka,Maharashtra,0.61,0.36,1.08,0.09,0.25,5.89,6.05,14.06,2.34,0.36,0.05,0
20.75,80,Arjuni Morgaon Taluka,Maharashtra,0.43,0.15,0.57,0,0.29,6.45,7.22,18.19,3.83,1.58,0.2,0
20.75,80.25,Arjuni Morgaon Taluka,Maharashtra,0.17,0.43,0.12,0.01,0.08,6.29,4.77,17.91,2.3,1.56,0.45,0
20.75,80.5,Korchi Taluka,Maharashtra,0.22,0.84,0.86,0.16,1.54,9.83,5.78,12.37,2.04,0.82,0.14,0
20.75,80.75,Ambagarh Tahsil,Chhattisgarh,0.23,2.1,1.29,0.03,1.03,7.16,4.92,11.72,2.62,0.71,0.08,0
20.75,81,Dondi Luhara Tahsil,Chhattisgarh,0.55,3.71,1.79,0,3.14,10.89,6.58,15.54,3.87,2.6,0.07,0
20.75,81.25,Balod Tahsil,Chhattisgarh,0.44,2.3,1.58,0.23,2.22,11.67,7.42,18.16,2.67,1.61,0.03,0
20.75,81.5,Dhamtari Tahsil,Chhattisgarh,0.49,2.11,1.39,0.23,2.26,10.75,8.24,17.07,3.03,1.76,0.01,0
20.75,81.75,Dhamtari Tahsil,Chhattisgarh,0.33,1.67,1.08,0.03,2.17,7.73,9.19,12.86,4.17,2.46,0,0
20.75,82,Chhura Tahsil,Chhattisgarh,0.24,1.75,1.38,0.09,1.73,8.07,8.78,12.58,4.15,2.17,0,0
20.75,82.25,Chhura Tahsil,Chhattisgarh,0.18,1.61,2.11,0.9,0.79,10.04,6.11,12.2,3.91,1.22,0,0
20.75,82.5,Nuapada,Odisha,0.54,1.88,1.35,1.29,1.9,8.34,7.95,13.11,2.79,1.33,0,0
20.75,82.75,Khaprakhol,Odisha,0.7,1.99,1.21,1.48,1.76,6.22,9.58,13.25,4.17,1.48,0,0
20.75,83,Patnagarh,Odisha,0.47,2.44,1.62,1.72,1.98,9.55,10.03,14.66,6.39,2.19,0,0
20.75,83.25,Balangir,Odisha,0.71,2.87,0.61,1.46,2.18,9.14,6.18,14.37,4.56,2.55,0,0
20.75,83.5,Balangir,Odisha,0.76,4,1.2,2.42,1.01,12.12,10.48,18.23,5,2.66,0,0
20.75,83.75,Tarbha,Odisha,1.21,4.9,1.54,4.63,2.04,5.65,7.35,22.26,3.96,4.39,0,0
20.75,84,Manamunda,Odisha,1.04,3.94,1.72,4.6,1.52,4.84,10.61,20.97,3.45,4.09,0,0
20.75,84.25,Baudh Sadar,Odisha,0.15,2.76,3.58,4.71,1.04,8.42,12.27,20.44,4.29,5.58,0,0
20.75,84.5,Athmallik,Odisha,0.36,2.22,2.64,5.44,2.2,7.77,9.84,18.64,4.64,4.63,0.02,0
20.75,84.75,Purunakot,Odisha,0.4,2.37,2.75,3.84,3.22,6.83,6.24,17.14,3.81,8.24,0.05,0
20.75,85,Bantala,Odisha,0.47,2.72,3.06,3.95,3.37,9.15,7.14,17.11,4.34,6.78,0.04,0
20.75,85.25,Bhusan Steel Limited,Odisha,0.31,1.68,2.17,2.78,4.83,5.45,6.72,20.92,1.71,4.7,0,0
20.75,85.5,Dhenkanal Sadar,Odisha,0.49,1.42,2.09,4.12,3.86,5.59,5.62,21,4.79,4.29,0,0
20.75,85.75,Gandia,Odisha,0.45,1.53,1.72,5.03,6.26,6.19,8.22,23.38,3.73,6.31,0.01,0
20.75,86,Nihalprasad,Odisha,0.62,0.84,1.74,5.06,6.41,5.86,6.63,24.95,1.91,8.42,0,0
20.75,86.25,Jajpur Sadar,Odisha,0.53,0.68,1.83,4.56,6.17,4.62,4.76,23.89,2.13,10.96,0,0
20.75,86.5,Binjharpur,Odisha,0.57,0.82,1.57,5.33,6.75,4.32,3.54,22.05,2.58,13.43,0.09,0
20.75,86.75,Rajkanika,Odisha,0.59,0.66,1.7,5,7.11,5.53,3.86,21.77,3.33,12.22,0.26,0
20.75,87,Rajnagar,Odisha,0.61,0.65,1.73,4.98,7.19,5.81,3.91,21.89,3.43,12.06,0.29,0
21,70,Junagadh,Gujarat,0.01,0,0.09,0,0,5.56,11.02,21.23,3.3,0.37,0,0.1
21,70.25,Patan Veraval Taluka,Gujarat,0.02,0,0.02,0,0,6.68,11.25,22.05,5.23,0.67,0,0.45
21,70.5,Talala Taluka,Gujarat,0,0,0.03,0,0,6.95,15.01,28.18,9.75,0.95,0,0.18
21,70.75,Amreli,Gujarat,0,0,0.02,0,0,5.85,14.8,23.91,8.4,0.76,0,0.31
21,71,Amreli,Gujarat,0,0,0,0,0,4.93,11.03,17.59,7.78,1.47,0,0.53
21,71.25,Khambha Taluka,Gujarat,0,0,0,0,0.03,5.18,10.77,18.18,7.52,1.98,0,0.56
21,71.5,Rajula Taluka,Gujarat,0,0,0,0,0,5.62,9.66,18.02,7.55,2.09,0,0.6
21,72.75,Jalalpore Taluka,Gujarat,0,0,0.04,0,0,3.99,19.8,39.78,8.77,0.16,0,1.12
21,73,Navsari Taluka,Gujarat,0,0,0.01,0,0,1.95,9.49,41.97,8.92,0.33,0,1.55
21,73.25,Valod Taluka,Gujarat,0,0,0,0,0,1.99,10.02,40.78,7.73,0.82,0,1.49
21,73.5,Vyara Taluka,Gujarat,0,0,0,0,0,2.46,7.26,30.65,6.25,0.82,0,1.67
21,73.75,Subir Taluka,Gujarat,0,0,0,0,0,2.15,2.77,18.56,5.23,0.76,0,1.28
21,74,Sakri Taluka,Maharashtra,0,0,0,0,0,4.14,4.27,9.1,5.74,1.53,0,1.48
21,74.25,Sakri Taluka,Maharashtra,0,0,0.12,0,0,5.34,5.5,5.08,5.7,1.22,0,1.41
21,74.5,Dhule Taluka,Maharashtra,0,0,0.11,0,0,8.6,7.55,4.98,8.15,1.27,0,1.1
21,74.75,Dhule Taluka,Maharashtra,0,0,0.1,0,0,10.66,7.89,6.44,9.37,0.39,0,0.89
21,75,Amalner,Maharashtra,0,0,0.47,0.03,0,9.9,8.17,9.07,6.23,0.12,0,0.38
21,75.25,Dharangaon,Maharashtra,0,0,0.09,0,0,5.15,6.49,8.19,4.25,0.17,0,0.18
21,75.5,Erandol,Maharashtra,0,0,0.14,0,0,4.61,7.44,8.63,2.77,0.99,0,0.19
21,75.75,Bhusawal,Maharashtra,0.03,0,0.29,0,0.02,5.14,6.75,6.94,2.31,1.34,0.04,0.08
21,76,Muktainagar (Edlabad),Maharashtra,0.02,0,0.61,0,0.05,5.52,6.51,7.06,1.62,0.66,0.08,0.03
21,76.25,Muktainagar (Edlabad),Maharashtra,0.15,0,0.78,0,0.16,6.48,7.66,5.45,2.52,0.5,0.03,0.02
21,76.5,Jalgaon Jamod,Maharashtra,0.31,0,0.67,0,0.1,6.77,7.54,4.91,4.92,0.22,0.06,0
21,76.75,Sangrampur,Maharashtra,0.03,0,0.06,0,0.01,3.63,5.09,4.57,3.7,1.63,0.01,0.01
21,77,Akot,Maharashtra,0.07,0,0.15,0,0,2.9,6.33,3.57,4.43,0.9,0.01,0.03
21,77.25,Unknown,Maharashtra,0.23,0,0.37,0,0,3.41,8.88,5.13,4.46,0.83,0.02,0.02
21,77.5,Unknown,Maharashtra,0.52,0,0.97,0.05,0.17,5,9.04,6.16,3.98,1.29,0.08,0.01
21,77.75,Amravati,Maharashtra,0.72,0,1.24,0.05,0.18,4.3,8.12,5.81,4.79,2.34,0.25,0
21,78,Teosa,Maharashtra,0.77,0,1.6,0.05,0.05,4.05,7.79,6.36,4.42,2.24,0.26,0
21,78.25,Arvi,Maharashtra,0.91,0.01,1.44,0.39,0.32,5.97,8.77,8.91,3.11,1.47,0.16,0.02
21,78.5,Karanja,Maharashtra,0.9,0.03,1.36,0.43,0.37,5.16,9.25,8.74,3.44,1.27,0.12,0.01
21,78.75,Unknown,Maharashtra,1.86,0.08,1.3,0.33,0.31,5.65,10.93,10.07,4.74,0.68,0.14,0.01
21,79,Unknown,Maharashtra,1.48,0.49,1.15,0.27,0.6,7.63,10.08,13.46,5.18,1.65,0.32,0.01
21,79.25,Kuhi Taluka,Maharashtra,0.88,0.67,1.72,0.44,0.23,6.9,9.18,15.61,5.81,0.59,0.32,0
21,79.5,Kuhi Taluka,Maharashtra,1.6,0.86,1.19,0.67,0.55,6.6,12.32,14.62,1.8,1.22,0.43,0.01
21,79.75,Pauni Taluka,Maharashtra,1.53,1.42,1.62,0.07,0.15,6.04,8.78,26.86,1.82,0.59,0.45,0
21,80,Sakoli Taluka,Maharashtra,1.36,1.23,1.68,0.04,0.13,5.87,6.38,26.65,2.32,1.21,0.43,0
21,80.25,Sadak-Arjuni Taluka,Maharashtra,0.74,0.68,1.12,0.01,0.16,5.26,3.7,20.54,2.25,1.39,0.44,0
21,80.5,Chhuriya Tahsil,Chhattisgarh,0.74,1.54,1.39,0.08,1.11,8.64,4.31,13.41,3.07,0.51,0.13,0
21,80.75,Dongargaon Tahsil,Chhattisgarh,1.09,2.54,1.89,0.11,2.17,10.47,4.23,11.71,3.97,0.19,0.14,0
21,81,Dondi Luhara Tahsil,Chhattisgarh,0.87,2.5,1.91,0.05,1.47,9.71,7.35,11.42,4.34,0.86,0.33,0
21,81.25,Gunderdehi Tahsil,Chhattisgarh,0.5,3.21,2.15,0.41,1.89,9.02,9.17,13.98,3.17,0.98,0.18,0
21,81.5,Patan Tahsil,Chhattisgarh,0.71,3.09,1.35,0.33,2.42,8.35,8.85,14.17,3.34,1.44,0,0
21,81.75,Kurud Tahsil,Chhattisgarh,0.72,2.9,0.95,0.14,1.91,7.84,8.9,13.45,3.59,1.66,0,0
21,82,Rajim Tahsil,Chhattisgarh,0.41,3.83,1.52,0.03,1.12,9.75,10.58,16.14,3.95,1.53,0,0
21,82.25,Bagbahra Tahsil,Chhattisgarh,0.47,4.43,2.49,0.11,0.99,11.89,11.97,18.03,4.56,1.79,0,0
21,82.5,Bagbahra Tahsil,Chhattisgarh,0.22,2.99,1.21,0.64,2.2,13.31,7.03,16.53,3.49,2.06,0,0
21,82.75,Jharbandha,Odisha,0.15,2.06,0.91,0.42,1.39,3.67,5.31,18.66,5.57,2.65,0,0
21,83,Paikamal,Odisha,0.07,3.34,1.02,1.81,2.69,10.39,6.72,15.37,4.09,1.93,0,0
21,83.25,Gaisilet,Odisha,0.29,4.71,1.04,2.23,1.66,6.58,3.95,22.39,4.27,0.99,0,0
21,83.5,Dunguripali,Odisha,0.31,4.35,1.47,4.26,2.77,3.49,5.41,20.01,2.85,2.16,0,0
21,83.75,Binika,Odisha,1.16,4.82,1.75,4.59,2.18,4.66,7.23,21.81,4.76,4.81,0,0
21,84,Biramaharajpur,Odisha,0.5,4.62,1.68,4.08,1.01,7.15,12.79,20.54,2.66,4.71,0,0
21,84.25,Rairakhol,Odisha,0.69,3.55,1.68,3.04,0.85,7.71,8.27,19.02,2.03,3.07,0,0
21,84.5,Kishorenagar,Odisha,0.75,2.49,1.96,4.63,3.73,9.64,6.86,20.88,4.41,4.5,0.06,0
21,84.75,Handapa,Odisha,0.25,1.65,1.39,2.32,2.57,7.6,6.59,20.18,4.01,7.04,0.03,0
21,85,Kaniha,Odisha,1.18,2.46,2.53,3.17,1.82,9.93,7.71,20.16,5.1,5.91,0.02,0
21,85.25,Talcher Sadar,Odisha,0.9,2.19,2.64,3.97,6.16,9.62,6.57,19.89,2.93,4.29,0,0
21,85.5,Kankadahad,Odisha,0.88,2.08,1.84,4.68,4.11,7.41,6.31,20.49,5.99,5.4,0,0
21,85.75,Kaliapani,Odisha,0.39,2.01,1.25,5.46,5.7,3.49,7.62,16.31,4.84,5.68,0,0
21,86,Kalinganagar,Odisha,0.6,1.23,1.53,4.21,5.27,8.02,8.08,21.15,2.64,6.22,0,0
21,86.25,Korai,Odisha,0.37,0.52,1.96,3.05,6.13,5.71,4.37,20.38,3.52,9,0,0
21,86.5,Bhadrak Rural,Odisha,0.43,0.73,1.92,4.44,6.81,5.2,3.94,21.01,2.89,12.34,0.03,0
21,86.75,Naikanidihi,Odisha,0.76,0.88,2.09,4.98,6.86,4.45,4.28,18.57,4.46,10.56,0.02,0
21.25,69.75,Junagadh,Gujarat,0.01,0,0.07,0,0,6.09,14.92,19.43,4.85,0.11,0,0.02
21.25,70,Porbandar Taluka,Gujarat,0.02,0,0.07,0,0,6.41,12.84,21.2,4.98,0.7,0,0
21.25,70.25,Keshhod Taluka,Gujarat,0.03,0,0,0,0,8.29,15.79,21.81,8.01,1.49,0,0
21.25,70.5,Mendarda Taluka,Gujarat,0.01,0,0.01,0,0,5.42,15.14,26.97,9.84,1.93,0,0.03
21.25,70.75,Visavadar Taluka,Gujarat,0,0,0.02,0,0.02,4.26,11.06,31.64,12.09,3.09,0,0
21.25,71,Dhari Taluka,Gujarat,0,0,0.12,0,0.16,5.04,6.41,11.14,4.93,0.9,0,0.07
21.25,71.25,Khambha Taluka,Gujarat,0,0,0,0,0.66,7.04,8.63,14.53,4.62,2.04,0,0.29
21.25,71.5,Savar Kundla Taluka,Gujarat,0,0,0,0,0.18,5.89,8.45,15.15,5.9,1.74,0,0.53
21.25,71.75,Mahuva Taluka,Gujarat,0,0,0,0,0,4.88,7.19,10.99,4.52,0.26,0,0.73
21.25,72,Talaja Taluka,Gujarat,0,0,0,0,0,2.83,4.38,7.71,3.91,0.52,0,0.21
21.25,72.5,Unknown,Unknown,0,0,0.05,0,0,6.12,11.69,27.34,8.64,0.16,0,1.16
21.25,72.75,Chorasi Taluka,Gujarat,0,0,0.14,0,0,7.28,17.07,32.11,8.46,0.36,0,1.38
21.25,73,Kamrej Taluka,Gujarat,0,0,0.04,0,0,3.88,12.65,42.4,9.4,0.88,0,1.38
21.25,73.25,Mandvi Taluka,Gujarat,0,0,0,0,0,0.92,7.15,48.27,9.69,0.24,0,0.87
21.25,73.5,Songadh Taluka,Gujarat,0,0,0,0,0,1.97,8.06,36.41,6.74,2.24,0,0
21.25,73.75,Uchchhal Taluka,Gujarat,0,0,0.01,0,0,1.87,4,23.2,5.77,0.33,0,1.45
21.25,74,Navapur Taluka,Maharashtra,0,0,0.01,0,0,6.69,5.57,11.29,6.49,0.43,0,2
21.25,74.25,Nandurbar Taluka,Maharashtra,0,0,0.02,0,0,6.94,5.2,9.59,6.44,0.41,0,2.05
21.25,74.5,Shindkheda Taluka,Maharashtra,0,0,0.18,0.01,0,4.74,9.4,7.53,2.46,0.53,0,0.99
21.25,74.75,Shindkheda Taluka,Maharashtra,0,0,0.36,0.03,0,4.35,9.76,8.13,2.2,0.81,0,0.88
21.25,75,Shirpur Taluka,Maharashtra,0,0,0.55,0.02,0,8.95,6.7,8.19,3.45,0.7,0,0.7
21.25,75.25,Chopda,Maharashtra,0,0,0.74,0.01,0,8.89,5.16,7.79,2.77,0.79,0,0.27
21.25,75.5,Chopda,Maharashtra,0,0,0.19,0,0,4.93,6.34,8.38,2.7,1.49,0.01,0.19
21.25,75.75,Yawal,Maharashtra,0.03,0,0.13,0,0.05,5.26,6.35,8.41,2.59,0.95,0.02,0.12
21.25,76,Raver,Maharashtra,0.01,0,0.05,0,0.14,5.46,7.9,7.75,3.67,0.54,0.01,0.1
21.25,76.25,Burhanpur Tahsil,Madhya Pradesh,0.16,0,0.08,0,0.14,5.45,9.12,8.05,4.09,1.04,0,0.13
21.25,76.5,Khaknar Tahsil,Madhya Pradesh,0.47,0,0.24,0,0.11,4.11,10.32,9.26,3.21,1,0.01,0.02
21.25,76.75,Unknown,Maharashtra,0.1,0,0.12,0,0.02,3.83,5.87,4.41,4.05,1.16,0.01,0.02
21.25,77,Chikhaldara,Maharashtra,0.24,0,0.24,0,0,3.45,5.34,3.62,4.46,0.82,0.02,0.03
21.25,77.25,Chikhaldara,Maharashtra,0.69,0,0.35,0,0,4.6,5.15,4.7,3.98,0.77,0.04,0.03
21.25,77.5,Achalpur,Maharashtra,0.93,0,1.02,0,0.01,5.89,7.81,6.3,3.15,1.74,0.17,0.04
21.25,77.75,Chandurbazar,Maharashtra,1.23,0,1.08,0,0.01,6.85,7.22,5.65,3.52,1.75,0.12,0.02
21.25,78,Unknown,Maharashtra,1.25,0,1.31,0.01,0.01,5.52,7.12,6.01,3.96,2.08,0.19,0.03
21.25,78.25,Unknown,Maharashtra,0.99,0.05,0.97,0.24,0.19,5.33,7.48,8.67,2.51,1.27,0.08,0.03
21.25,78.5,Katol,Maharashtra,0.94,0.08,1.02,0.34,0.22,5.01,7.99,9.78,2.3,1.05,0.07,0.02
21.25,78.75,Katol,Maharashtra,0.77,0.05,1.03,0.54,0.05,4.51,8.45,11.19,4.45,0.95,0.14,0.02
21.25,79,Nagpur Rural Taluka,Maharashtra,1.04,0.45,1.26,0.66,0.52,7.64,10.43,14.62,3.84,1.51,0.21,0.01
21.25,79.25,Parseoni,Maharashtra,1.37,0.9,1.8,0.89,0.4,6.62,8.45,14.17,3.74,1.29,0.18,0.01
21.25,79.5,Mauda Taluka,Maharashtra,1.5,0.78,0.79,0.09,0.22,6.35,8.08,18.99,2.1,1.19,0.25,0.01
21.25,79.75,Mohadi Taluka,Maharashtra,1.34,1.02,1.13,0.07,0.1,5.57,7.78,23.4,1.81,0.86,0.49,0
21.25,80,Tiroda Taluka,Maharashtra,1.61,1.78,1.29,0.07,0.29,5.73,4.91,26.24,3.18,1.78,0.25,0
21.25,80.25,Goregaon Taluka,Maharashtra,1.3,2.08,0.91,0.01,0.4,5.31,4.61,22.51,2.48,2.15,0.19,0
21.25,80.5,Salekasa Taluka,Maharashtra,0.93,1.63,1.38,0,0.11,6.65,3.64,15.08,3.29,0.62,0.07,0
21.25,80.75,Dongargarh Tahsil,Chhattisgarh,1.08,2.2,1.78,0.06,1.37,9.18,4.55,12.65,3.98,0.31,0.17,0
21.25,81,Khairagarh Tahsil,Chhattisgarh,0.82,2.17,1.93,0.02,0.79,8.39,9.88,10.91,4.7,0.57,0.52,0
21.25,81.25,Durg Tahsil,Chhattisgarh,0.54,3.34,2.18,0.44,1.91,8.64,9.39,13.34,3.29,0.62,0.2,0
21.25,81.5,Dhamdha Tahsil,Chhattisgarh,0.39,4.04,2.37,0.63,2.57,8.83,8.02,14.7,2.41,0.66,0,0
21.25,81.75,Raipur Tahsil,Chhattisgarh,0.64,4.34,1.76,0.26,1.47,5.85,6.93,9.61,2.39,0.9,0,0
21.25,82,Arang Tahsil,Chhattisgarh,0.52,3.86,1.8,0.13,1.08,8.6,9.41,14.48,3.5,1.49,0.05,0
21.25,82.25,Mahasamund Tahsil,Chhattisgarh,0.43,4.19,1.98,0.11,1.02,11.95,11.13,17.31,4.22,1.71,0,0
21.25,82.5,Pithora Tahsil,Chhattisgarh,0.32,3.59,1.39,0.4,1.76,12.48,8.65,17.35,3.95,2.08,0,0
21.25,82.75,Pithora Tahsil,Chhattisgarh,0.33,2.86,1.21,0.81,1.54,9.73,7.47,16.7,3.9,1.95,0,0
21.25,83,Saraipali Tahsil,Chhattisgarh,0.28,4.12,1.53,2.77,1.67,8.63,10.3,19.68,3,1.48,0,0
21.25,83.25,Sohela,Odisha,0.34,5.07,1.61,2.89,1.45,8.41,8.93,22.61,2.78,1.27,0,0
21.25,83.5,Barapali,Odisha,0.41,4.22,1.66,3.49,1.94,7.55,7.66,21.6,2.91,1.48,0,0
21.25,83.75,Bheden,Odisha,0.49,3.1,1.59,3.66,0.87,10.84,7.45,26.42,4.05,4.2,0.01,0
21.25,84,Dhama,Odisha,0.36,3.82,1.61,4,0.85,9.12,9.76,24.8,3.39,5.09,0.01,0
21.25,84.25,Rairakhol,Odisha,0.22,4.46,1.89,2.78,0.98,7.46,8.14,21.51,1.95,6.12,0.02,0
21.25,84.5,Naktideul,Odisha,0.56,3.08,1.7,3.02,2.19,6.85,8.62,17.42,3.93,3.84,0.15,0
21.25,84.75,Naktideul,Odisha,0.23,3.26,1.86,3.95,1.38,7.55,7.4,28.06,5.73,4.4,0,0
21.25,85,Rengali Damsite,Odisha,0.94,3.18,1.05,3.34,4.15,14.18,7.48,30.74,4.79,2.5,0,0
21.25,85.25,Khamar,Odisha,1.24,2.92,1.55,3.54,4.96,12.32,6.71,25.92,4.22,2.62,0,0
21.25,85.5,Telkoi,Odisha,0.96,2,1.3,3.62,3.37,6.13,4.19,16.74,4.91,2.7,0.08,0
21.25,85.75,Harichandanpur,Odisha,2.3,2.14,1.18,4.63,5.54,7.31,5.96,21.19,5.87,3.74,0.08,0
21.25,86,Ghasipura,Odisha,1.75,1.65,1.33,4.36,5.22,8.19,6.99,19.96,4.94,4.7,0.11,0
21.25,86.25,Soso,Odisha,1.09,1.02,1.62,4.64,6.77,6.47,5.9,14.43,3.43,6.45,0.35,0
21.25,86.5,Khaira,Odisha,1.05,0.93,1.77,5.14,7.44,6.78,5.18,12.29,2.89,7.39,0.31,0
21.25,86.75,Soro,Odisha,1.31,1.08,2.31,5.11,7.43,6.44,4.46,13.43,5,8.11,0.08,0
21.5,69.5,Unknown,Unknown,0.01,0,0.01,0,0,7.23,19.83,20.17,5.05,0.77,0,0.04
21.5,69.75,Porbandar Taluka,Gujarat,0.01,0,0.02,0,0,7.49,19.35,19.06,5.53,0.96,0,0.03
21.5,70,Manavadar Taluka,Gujarat,0.03,0,0.05,0,0,7.43,17.76,19.08,10.08,0.48,0,0
21.5,70.25,Vanthali Taluka,Gujarat,0,0,0,0,0,4.41,16.86,22.35,9.94,2.59,0,0
21.5,70.5,Junagadh Taluka,Gujarat,0,0,0,0,0.03,6,11.16,23.02,8.37,2.39,0,0
21.5,70.75,Bhesan Taluka,Gujarat,0,0,0.01,0,0.05,6.26,9.13,23.32,10.57,2.35,0,0
21.5,71,Amreli Taluka,Gujarat,0,0,0.04,0,0.03,5.44,6.4,16.27,8.93,0.27,0,0.01
21.5,71.25,Amreli Taluka,Gujarat,0,0,0,0,0.04,8.81,5.45,14.39,7.55,0.27,0,0.02
21.5,71.5,Gariadhar Taluka,Gujarat,0,0,0,0,0.09,3.57,5.06,7.17,2.22,0.55,0,0.09
21.5,71.75,Palitana Taluka,Gujarat,0,0,0,0,0,3.53,5.65,7.7,3.74,0.54,0,0.22
21.5,72,Sihor Taluka,Gujarat,0,0,0.02,0,0,2.57,3.9,7.28,3.68,0.98,0,0.11
21.5,72.5,Bharūch,Gujarat,0,0,0.01,0,0,4.88,7.94,16.13,6.42,0.37,0,0.6
21.5,72.75,Hansot Taluka,Gujarat,0,0,0,0,0,4.27,9.12,18.34,6.92,0,0,0.53
21.5,73,Mangrol Taluka,Gujarat,0,0,0,0,0,4.33,11.93,32.31,14.03,0.41,0,0.81
21.5,73.25,Valia Taluka,Gujarat,0,0,0,0,0,4.56,16.54,55.05,19.11,0.7,0,2.09
21.5,73.5,Dediapada Taluka,Gujarat,0,0,0.03,0,0,4.44,12.81,49.64,16.78,1.01,0,1.69
21.5,73.75,Sagbara Taluka,Gujarat,0,0,0.03,0,0,1.83,13.2,37.62,12.62,0.52,0,1.87
21.5,74,Kukarmunda Taluka,Gujarat,0,0,0,0,0,6.54,6.91,16.08,6.54,0.34,0,1.88
21.5,74.25,Nizar Taluka,Gujarat,0,0,0.02,0,0,9.37,6.25,11.01,5.59,0.22,0,1.81
21.5,74.5,Shahada Taluka,Maharashtra,0,0,0.02,0.03,0.02,8.84,7.26,8.82,4.46,0.29,0,1.48
21.5,74.75,Shahada Taluka,Maharashtra,0,0,0.29,0.03,0.04,4.83,9.55,8.48,2.62,0.9,0,1
21.5,75,Shirpur Taluka,Maharashtra,0,0,0.25,0.01,0.05,10.16,6.5,8.22,5.82,0.47,0,1.12
21.5,75.25,Varla,Madhya Pradesh,0,0,0.39,0.01,0.03,9.93,5.56,7.91,4.96,0.55,0,0.78
21.5,75.5,Bhagwanpura Tahsil,Madhya Pradesh,0,0,0.32,0,0.01,6.12,6.17,8.39,2.69,1.09,0,0.44
21.5,75.75,Jhiranya Tahsil,Madhya Pradesh,0.09,0,0.1,0,0.05,5.04,6.32,8.63,3.6,0.62,0,0.28
21.5,76,Nepanagar Tahsil,Madhya Pradesh,0.1,0,0.11,0,0.09,5.72,8.42,8.21,3.28,0.45,0,0.22
21.5,76.25,Nepanagar Tahsil,Madhya Pradesh,0.05,0,0.01,0,0.02,7.3,6.79,8.05,3.92,1.87,0,0.26
21.5,76.5,Nepanagar Tahsil,Madhya Pradesh,0.41,0,0.09,0,0.08,4.29,10.44,10.24,3.43,1.25,0,0.11
21.5,76.75,Khaknar Tahsil,Madhya Pradesh,0.57,0,0.21,0,0.04,4.4,8.01,7.81,3.4,0.99,0,0.02
21.5,77,Unknown,Maharashtra,0.94,0,0.44,0,0,6.08,5.03,5.35,3.69,0.54,0.02,0.02
21.5,77.25,Chikhaldara,Maharashtra,1.17,0,0.49,0.52,0.2,8.49,4.74,7.89,4.1,0.54,0.01,0.03
21.5,77.5,Bhainsdehi Tahsil,Madhya Pradesh,0.92,0.03,0.41,1.49,0.58,10.31,4.87,11.54,5.73,1.21,0.04,0.09
21.5,77.75,Bhainsdehi Tahsil,Madhya Pradesh,0.98,0.26,0.89,0.19,0.23,6.8,5.01,8.78,6.37,2.43,0.02,0.09
21.5,78,Prabhatpattan Tahsil,Madhya Pradesh,1.43,0.01,0.87,0.01,0.02,6.52,6.27,7.79,3.95,1.63,0.08,0.1
21.5,78.25,Unknown,Maharashtra,1.36,0.02,0.93,0.1,0.08,6.14,7.56,9.87,4.02,1.61,0.11,0.1
21.5,78.5,Narkhed,Maharashtra,1.05,0.03,0.73,0.15,0.07,5.12,11.51,12.98,4.78,3.1,0.05,0.01
21.5,78.75,Sausar Tahsil,Madhya Pradesh,0.94,0.09,0.92,0.49,0.11,5.64,10.52,15.65,4.3,2.68,0.15,0.03
21.5,79,Parseoni,Maharashtra,0.84,0.19,1.34,1.15,0.33,7.44,9.06,16.37,3.91,2.37,0.17,0.03
21.5,79.25,Ramtek Taluka,Maharashtra,0.79,0.31,1.03,0.88,0.24,6.73,8.09,16.51,3.53,2.66,0.22,0.03
21.5,79.5,Tumsar Taluka,Maharashtra,1.67,0.74,0.59,0.03,0.08,5.27,6.13,19.15,1.93,1.66,0.34,0.01
21.5,79.75,Tumsar Taluka,Maharashtra,1.09,0.4,0.67,0.09,0.02,4.87,5.53,18.09,2.06,1.27,0.6,0
21.5,80,Tiroda Taluka,Maharashtra,1.58,1.12,0.72,0.09,0.08,3.78,4.93,20.17,2.52,1.04,0.42,0
21.5,80.25,Gondiya Taluka,Maharashtra,0.89,0.42,0.62,0,0.14,5.07,7.56,20.76,2.47,3.36,0.04,0
21.5,80.5,Lanji Tahsil,Madhya Pradesh,0.93,0.94,0.87,0,0.15,5.56,6.1,18.91,2.69,2.39,0.06,0
21.5,80.75,Chhuikhadan Tahsil,Chhattisgarh,1.09,1.55,1.23,0.01,1.03,6.52,4.61,13.71,2.84,0.72,0.06,0
21.5,81,Khairagarh Tahsil,Chhattisgarh,1.38,1.84,1.51,0.27,1.7,6.99,5.97,14.57,3.24,0.53,0.11,0
21.5,81.25,Dhamdha Tahsil,Chhattisgarh,2.01,3.18,2.01,1.02,3.98,9.37,7.64,16.52,3.85,0.43,0,0
21.5,81.5,Berla Tahsil,Chhattisgarh,1.42,3.16,1.29,0.54,3.59,9.7,6.91,12.18,3.5,0.51,0,0
21.5,81.75,Tilda Tahsil,Chhattisgarh,0.94,2.67,2.02,0.68,1.74,6,7.37,10.96,2.43,1.45,0.22,0
21.5,82,Palari Tahsil,Chhattisgarh,1.05,2.21,2.36,0.69,1.43,5.9,7.09,12.24,2.58,2.15,0.37,0
21.5,82.25,Palari Tahsil,Chhattisgarh,0.85,3.01,2.25,0.61,1.45,7.58,9.24,14.03,3.44,1.79,0.17,0.02
21.5,82.5,Kasdol Tahsil,Chhattisgarh,0.58,3.18,2.28,1.08,1.39,12.22,9.4,15.8,3.53,1.5,0.01,0
21.5,82.75,Pithora Tahsil,Chhattisgarh,0.61,2.38,2.99,2.12,1.45,11.39,8.64,14.44,2.57,0.96,0,0
21.5,83,Sarangarh Tahsil,Chhattisgarh,0.54,2.61,3.04,2.17,1.37,9.98,9.35,16.71,2.75,0.91,0,0
21.5,83.25,Baramkela Tahsil,Chhattisgarh,0.18,2.59,2.76,1.59,1.03,6.96,9.08,20.26,2.69,1,0,0
21.5,83.5,Bhatli,Odisha,0.36,2.88,2.05,1.38,1.29,10.72,8.85,18.91,4.16,2.27,0.01,0
21.5,83.75,Attabira,Odisha,0.36,3.01,1.85,1.54,1.29,11.45,8.32,18.66,3.9,2.79,0.03,0
21.5,84,Ainthapali,Odisha,0.36,2.01,1.36,3.31,1.78,8.4,7.44,21.57,4.23,4.14,0.23,0
21.5,84.25,Jamankira,Odisha,0.48,2.78,1.33,3.04,1.88,7.32,7.81,21.03,3.65,4.1,0.24,0
21.5,84.5,Reamal,Odisha,0.97,3.98,1.56,4.3,2.13,11.09,9.12,24.51,3.9,4.22,0.22,0
21.5,84.75,Debagarh,Odisha,1.11,2.74,1.15,6.45,2.03,13.02,9.02,29.11,3.89,5.49,0.1,0
21.5,85,Barkot,Odisha,1.13,3.28,0.97,4.05,4.68,10.87,8.39,25.74,4.34,3.84,0.03,0
21.5,85.25,Palalahada,Odisha,0.97,2.51,1.42,3.71,5.26,7.92,6.94,20.32,3.46,2.56,0.31,0
21.5,85.5,Kanjipani,Odisha,1.08,1.95,1.67,4.08,5.37,9.5,4.4,18.05,4.86,3.35,0.11,0
21.5,85.75,Ghatgaon,Odisha,2.3,0.53,2.84,3.44,4.35,7.99,4.68,10.74,2.82,1.57,0.8,0
21.5,86,Ghatgaon,Odisha,1.59,0.86,2.16,3.79,4.36,8.57,6.1,13.64,3.68,4.28,0.49,0
21.5,86.25,Mahuldiha,Odisha,1.3,1.48,1.56,4.52,7.07,7.37,7.38,14.91,4.47,5.28,0.45,0
21.5,86.5,Kaptipada,Odisha,1.64,1.14,1.77,4.25,8.66,9.12,3.04,14.07,4.58,7.86,0.01,0
21.5,86.75,Nilagiri,Odisha,1.08,1.13,2.4,4.93,6.1,6.24,4.18,15.72,5.33,7.04,0,0
21.5,87,Baleshwar Sadar,Odisha,1.16,0.45,1.49,2.96,9.49,6.28,3.44,14.16,5.37,5.89,0.06,0
21.75,69.25,Unknown,Unknown,0,0,0,0,0,7.54,23.8,27.13,10.03,1.7,0,0.02
21.75,69.5,Porbandar Taluka,Gujarat,0.01,0,0,0,0,7.1,20.68,22.22,5.4,1.01,0,0.04
21.75,69.75,Ranavav Taluka,Gujarat,0,0,0,0,0,7.31,20.5,23.56,5.88,1.72,0,0.01
21.75,70,Kutiyana Taluka,Gujarat,0,0,0.03,0,0,7.04,19.07,18.22,10.39,0.14,0,0.03
21.75,70.25,Upleta Taluka,Gujarat,0,0,0,0,0,3.19,9,20.88,10.07,0.99,0,0.02
21.75,70.5,Dhoraji Taluka,Gujarat,0,0,0,0,0,4.1,7.57,20.39,9.73,1.82,0,0.06
21.75,70.75,Jetpur Taluka,Gujarat,0,0,0,0,0.02,7.4,9.47,20.62,9.19,2.77,0,0
21.75,71,Gondal Taluka,Gujarat,0,0,0,0,0,5.31,5.72,16.51,8.37,0.74,0,0.03
21.75,71.25,Babra Taluka,Gujarat,0,0,0,0,0,4.98,5.51,14.11,7.66,1.83,0,0
21.75,71.5,Lathi Taluka,Gujarat,0,0,0,0,0.01,7.59,9.11,14.96,5.73,0.56,0,0.06
21.75,71.75,Sihor Taluka,Gujarat,0,0,0.04,0,0,3.56,3.66,10.89,6.92,1.4,0,0.08
21.75,72,Bhavnagar Taluka,Gujarat,0,0,0.06,0,0.01,5.65,4.4,8.9,5.39,2.36,0,0.36
21.75,72.25,Bhavnagar,Gujarat,0,0,0.02,0,0.01,5.19,4.57,6.92,3.97,1.79,0,0.27
21.75,72.5,Bharūch,Gujarat,0,0,0,0,0,3.83,6.55,12.01,5.09,0.89,0,0.47
21.75,72.75,Vagra Taluka,Gujarat,0,0,0,0,0,3.42,7.49,16.3,8.07,0.82,0,0.79
21.75,73,Bharuch Taluka,Gujarat,0,0,0,0,0,1.67,5.58,15.71,7.46,0.15,0,0.56
21.75,73.25,Jhagadiya Taluka,Gujarat,0,0,0,0,0,1.89,3.75,15.14,5.42,0.13,0,0.3
21.75,73.5,Nandod Taluka,Gujarat,0,0,0.01,0,0,3.93,5.36,28.2,9.73,0.26,0,0.6
21.75,73.75,Dediapada Taluka,Gujarat,0,0,0.06,0,0,4.29,5.31,26.43,10.46,0.42,0,1.12
21.75,74,Akkalkuwa Taluka,Maharashtra,0,0,0.04,0,0,4.29,3.97,17.31,7.49,0.13,0,0.88
21.75,74.25,Akrani Taluka,Maharashtra,0,0,0.05,0,0,5.43,5.63,12.3,5.55,0.27,0,1.09
21.75,74.5,Shahada Taluka,Maharashtra,0,0,0.03,0.01,0.02,7.85,6.07,12.39,5.54,0.61,0,1.37
21.75,74.75,Pansemal Tahsil,Madhya Pradesh,0,0,0.05,0.01,0.04,9.56,6.59,13.47,7.8,1.68,0,1.03
21.75,75,Barwani Tahsil,Madhya Pradesh,0,0,0.01,0,0.07,11.89,5.83,8.49,7.89,0.23,0,1.29
21.75,75.25,Sendhwa Tahsil,Madhya Pradesh,0,0,0.12,0,0.04,9.46,5.91,8.47,7.05,0.46,0,1
21.75,75.5,Khargone Tahsil,Madhya Pradesh,0,0,0.13,0,0,5.57,5.87,8.29,5.04,0.19,0,0.54
21.75,75.75,Bhagwanpura Tahsil,Madhya Pradesh,0.07,0,0.07,0,0,4.78,5.94,9.01,4.33,0.09,0,0.44
21.75,76,Jhiranya Tahsil,Madhya Pradesh,0.28,0,0.24,0,0,5.21,8.17,8.95,2.53,0.13,0,0.35
21.75,76.25,Pandhana Tahsil,Madhya Pradesh,0.32,0,0.21,0,0.02,5.43,8.78,9.14,2.56,0.64,0,0.28
21.75,76.5,Khandwa Tahsil,Madhya Pradesh,0.19,0,0.16,0,0.02,4.67,7.78,10.52,3.8,0.72,0,0.12
21.75,76.75,Khalwa Tahsil,Madhya Pradesh,0.22,0,0.26,0.05,0.04,4.84,7.53,12.3,3.71,0.66,0,0.17
21.75,77,Khalwa Tahsil,Madhya Pradesh,0.79,0,0.4,0.83,0.31,9.22,5.46,11.73,4.47,0.66,0,0.14
21.75,77.25,Bhimpur Tahsil,Madhya Pradesh,1.08,0.32,0.53,1.09,0.46,11.96,5.19,14.05,4.9,0.53,0,0.1
21.75,77.5,Bhimpur Tahsil,Madhya Pradesh,0.99,0.21,0.38,1.97,0.79,13.29,4.65,15.81,6.6,1.01,0,0.13
21.75,77.75,Bhainsdehi Tahsil,Madhya Pradesh,0.89,0.33,0.83,0.45,0.36,7.46,4.97,12.15,7.69,2.48,0.04,0.14
21.75,78,Betul Tahsil,Madhya Pradesh,1.56,0.02,1.24,0.16,0.15,7.46,10.66,17.86,7.69,1.8,0.33,0.25
21.75,78.25,Multai Tahsil,Madhya Pradesh,1.49,0,1.16,0.14,0.12,7.1,10.61,16.48,6.89,1.91,0.28,0.21
21.75,78.5,Pandhurna Tahsil,Madhya Pradesh,1.15,0.25,0.82,0.24,0.1,5.59,13.21,15.44,6.14,3.4,0.19,0.04
21.75,78.75,Sausar Tahsil,Madhya Pradesh,1.16,1.17,1.17,1,0.32,5.69,14.76,18.15,6.24,2.63,0.61,0
21.75,79,Bichhua Tahsil,Madhya Pradesh,1.12,1.26,1.29,1.22,0.38,5.99,14.33,18.67,6.11,2.41,0.66,0
21.75,79.25,Kurai Tahsil,Madhya Pradesh,2.26,0.77,1.34,0.65,0.4,5.67,10.32,18.09,4.37,1.99,0.36,0.01
21.75,79.5,Kurai Tahsil,Madhya Pradesh,4.22,0.31,1.72,0.01,0.52,4.21,7.54,18.75,3.29,1.06,0.06,0.01
21.75,79.75,Katangi Tahsil,Madhya Pradesh,3.97,0.32,1.21,0.09,0.27,6.33,5.61,21.2,3.06,2.08,0.19,0.09
21.75,80,Waraseoni Tahsil,Madhya Pradesh,2.63,0.48,0.93,0.09,0.32,7.03,4.62,19.37,2.78,1.98,0.24,0.07
21.75,80.25,Kirnapur Tahsil,Madhya Pradesh,0.65,0.61,0.97,0.02,0.72,7.55,4.66,14.17,2.73,1.42,0.21,0
21.75,80.5,Birsa Tahsil,Madhya Pradesh,2.3,1.48,1.4,0.26,0.66,6.37,6.57,21.2,4.05,3.25,0.6,0.02
21.75,80.75,Chhuikhadan Tahsil,Chhattisgarh,2.04,1.66,1.32,0.28,0.94,6.02,4.86,16.72,3.31,1.4,0.18,0.02
21.75,81,Sahaspur Lohara Tahsil,Chhattisgarh,1.73,1.63,1.27,0.29,1.25,6.18,4.63,15.2,2.97,0.78,0.02,0.01
21.75,81.25,Sahaspur Lohara Tahsil,Chhattisgarh,2.77,3.02,2.46,1.4,4.38,9.1,7.86,19.95,4.35,0.4,0,0
21.75,81.5,Bemetara Tahsil,Chhattisgarh,1.94,2.78,1.43,0.77,3.74,9.35,6.9,13.59,4.16,0.43,0,0.01
21.75,81.75,Simga Tahsil,Chhattisgarh,1.14,2.37,1.69,0.76,2.3,6.95,7.93,11.34,2.74,1.12,0.15,0
21.75,82,Bhatapara Tahsil,Chhattisgarh,0.83,2.17,1.91,0.97,1.84,5.6,8.73,11.15,2.22,1.06,0.15,0.01
21.75,82.25,Baloda Bazar Tahsil,Chhattisgarh,1.38,1.64,1.94,1.15,1.43,5.29,5.89,14.5,5.51,2.29,0.11,0.08
21.75,82.5,Pamgarh Tahsil,Chhattisgarh,1.36,1.42,1.89,1.19,1.03,5.63,5.06,16.52,7.49,2.83,0.17,0.08
21.75,82.75,Champa Tahsil,Chhattisgarh,0.71,1.83,2.54,1.68,1.14,9.61,7.82,15.51,4.67,1.58,0.12,0
21.75,83,Malkharoda Tahsil,Chhattisgarh,0.53,1.84,2.81,1.5,0.75,7.72,9.64,19.65,5.38,1.32,0.2,0
21.75,83.25,Dabhra Tahsil,Chhattisgarh,0.6,2.49,3.56,1.67,0.99,7.79,9.56,22.18,6.21,1.05,0.2,0
21.75,83.5,Rengali,Odisha,0.66,1.88,3.7,1.55,1.21,11.03,8.56,16.76,10.77,2.21,0.01,0
21.75,83.75,Lakhanpur,Odisha,0.63,1.31,3.6,3.02,3.1,14.63,8.51,18.35,5.52,1.1,0.27,0
21.75,84,Thelkoloi,Odisha,0.42,2.19,2.78,4.33,2.45,16.75,9.87,19.92,6.56,4.23,0.32,0
21.75,84.25,Katarbaga,Odisha,0.37,2.04,2.24,4.25,2.45,13.34,7.95,20.94,5.15,4.3,0.3,0
21.75,84.5,Mahulpalli,Odisha,0.47,1.87,2.61,4.9,3.08,11.98,5.69,22.43,3.77,2.99,0.1,0
21.75,84.75,Tikaetpali,Odisha,0.67,1.95,2.09,4.91,2.46,9.49,8.07,26.02,3.79,3.24,0.03,0
21.75,85,Lahunipara,Odisha,0.98,1.87,1.89,4.45,6.09,6.76,8.13,25.99,4.52,2.28,0.06,0
21.75,85.25,Nayakote,Odisha,0.95,1.85,1.96,4.95,8.01,6.79,5.95,17.81,4.53,1.84,0.23,0
21.75,85.5,Kendujhar Sadar,Odisha,0.97,1.74,1.65,5.33,6.12,9.71,4.61,18.07,5.01,3.79,0.11,0
21.75,85.75,Turumunga,Odisha,0.74,1.1,1.22,6.47,3.93,6.92,3.57,15.52,5.49,3.01,0.19,0
21.75,86,Karanjia,Odisha,0.81,0.8,1.77,6.97,5.66,6.32,5.89,14.17,8.49,4.05,0.2,0
21.75,86.25,Karanjia,Odisha,1.81,0.84,2.52,5.67,8.54,9.91,7.17,19.64,4.53,5.1,0.53,0
21.75,86.5,Baripada Sadar,Odisha,1.58,0.65,2.54,5.62,7.74,10.53,6.42,19.89,4.68,5.62,0.87,0
21.75,86.75,Barsahi,Odisha,0.9,0.95,2.01,4.29,6.52,6.83,4.55,18,5.43,4.43,0.11,0
21.75,87,Baisinga,Odisha,1.34,0.35,1.54,2.9,10.09,6.36,3.84,13.64,5.34,5.29,0.11,0
21.75,87.25,Jaleswar,Odisha,1.45,0.49,1.42,3.41,11.18,7.22,4.43,12.91,4.42,6.59,0.06,0
21.75,87.5,Egra-I,West Bengal,1.29,0.33,1.2,3.04,13.01,7.63,3.43,14.8,5.02,8.57,0.14,0
21.75,87.75,Contai-I,West Bengal,1.37,0.35,1.31,2.76,11.55,10.69,4.86,13.05,5.28,6.94,0.14,0
21.75,88,Unknown,Unknown,1.6,0.29,1.49,2.52,8.57,10.25,7.39,10.22,4.61,3.16,0.12,0
21.75,88.25,Namkhana,West Bengal,1.53,0.27,1.35,2.33,7.99,9.69,8.1,11.7,4.85,2.75,0.09,0
21.75,88.5,Unknown,Unknown,1.5,0.28,1.25,2.19,7.76,9.8,8.96,12.05,5.54,2.58,0.07,0
21.75,88.75,Unknown,West Bengal,1.42,0.26,1.2,2.11,7.6,10.96,9.32,13.15,5.73,2.4,0.06,0
21.75,89,Unknown,Unknown,1.35,0.25,1.13,2,7.52,11.73,9.27,14.63,6,2.41,0.04,0
22,69,Unknown,Unknown,0.01,0,0,0,0,5.27,27.62,23.19,8.75,1.33,0,0
22,69.25,Kalyanpur Taluka,Gujarat,0,0,0,0,0,7.49,27.07,29.38,13.39,2.06,0,0
22,69.5,Kalyanpur Taluka,Gujarat,0,0,0,0,0,7.43,30,29.84,12.13,1.56,0,0
22,69.75,Bhanvad Taluka,Gujarat,0,0,0,0,0,5.65,24.59,35.66,9.51,0.86,0,0
22,70,Jamjodhpur Taluka,Gujarat,0,0,0,0,0,6.54,21.32,19.71,11.12,0.22,0,0.04
22,70.25,Jamjodhpur Taluka,Gujarat,0,0,0,0,0,4.31,20.85,15.53,8.97,0.48,0,0.04
22,70.5,Jam Kandoma Taluka,Gujarat,0,0,0,0,0,4.56,13.64,17.64,7.01,1.29,0,0
22,70.75,Gondal Taluka,Gujarat,0,0,0,0,0,10.02,12,21.51,8.44,3.93,0,0
22,71,Gondal Taluka,Gujarat,0,0,0,0,0,5.38,6.84,14.8,5.73,1.73,0,0
22,71.25,Babra Taluka,Gujarat,0,0,0,0,0,5.88,6.35,12.98,7.07,1.19,0,0.03
22,71.5,Gadhada Taluka,Gujarat,0,0,0,0,0,12.8,9.36,15.52,9.59,0.1,0,0.22
22,71.75,Vallabhipur Taluka,Gujarat,0,0,0,0,0,4.39,4.04,14.3,8.89,0.35,0,0.08
22,72,Vallabhipur Taluka,Gujarat,0,0,0.02,0,0,4.11,3.93,13.27,7.6,0.93,0,0.18
22,72.25,Dholera Taluka,Gujarat,0,0,0.02,0,0.01,5.83,4.85,11.54,4.4,1.59,0,0.32
22,72.5,Bharūch,Gujarat,0,0,0,0,0,3.17,4.85,14.73,3.35,0.43,0,0.37
22,72.75,Jambusar Taluka,Gujarat,0,0,0,0,0,1.64,5.15,13.21,3.09,0.07,0,0.31
22,73,Amod Taluka,Gujarat,0,0,0.11,0,0,4.67,4.61,16.6,6.16,0.24,0,0.58
22,73.25,Karjan Taluka,Gujarat,0,0,0.01,0,0,2.71,4.31,12.58,4.31,0.04,0,0.25
22,73.5,Dabhoi Taluka,Gujarat,0,0,0.04,0,0,3.02,3.55,18.06,6.16,0.46,0,0.43
22,73.75,Nasvadi Taluka,Gujarat,0,0,0.04,0,0,2.96,3.89,17.3,6.37,0.75,0,0.6
22,74,Kavant Taluka,Gujarat,0,0,0.12,0,0,3.8,3.77,17.31,6.64,0.08,0,0.76
22,74.25,Sondwa Tehsil,Madhya Pradesh,0,0,0.26,0,0,4.18,5.12,13.27,6.38,0.01,0,0.76
22,74.5,Pati Tahsil,Madhya Pradesh,0,0,0.22,0,0,6.28,6.08,12.72,7.35,1.19,0,0.9
22,74.75,Pati Tahsil,Madhya Pradesh,0,0,0.07,0,0.01,9.11,5.93,16.12,8.69,2.43,0,0.79
22,75,Barwani Tahsil,Madhya Pradesh,0,0,0.08,0,0,8.4,5.77,15.19,8.15,2.25,0,0.7
22,75.25,Thikri Tahsil,Madhya Pradesh,0,0,0.31,0,0,5.91,5.44,6.73,5.32,0.08,0,0.68
22,75.5,Kasrawad Tahsil,Madhya Pradesh,0,0,0.22,0,0,6.67,6.49,7.71,5.4,0.42,0,0.6
22,75.75,Kasrawad Tahsil,Madhya Pradesh,0,0,0.02,0,0,5.67,5.51,9.53,5.46,0.15,0,0.44
22,76,Bhikangaon Tahsil,Madhya Pradesh,0.12,0,0.1,0,0,6.67,6.48,10.11,5.29,0.25,0,0.38
22,76.25,Khandwa Tahsil,Madhya Pradesh,0.13,0,0.2,0,0,5.49,6.82,10.52,4.3,0.15,0,0.21
22,76.5,Khandwa Tahsil,Madhya Pradesh,0.03,0,0.23,0.03,0.02,4.64,6.32,12.18,4.17,0.37,0,0.14
22,76.75,Harsud Tahsil,Madhya Pradesh,0.05,0,0.29,0.1,0.05,5.76,7.15,14.16,3.73,0.83,0,0.31
22,77,Sirali Tahsil,Madhya Pradesh,0.16,0.1,0.33,0.22,0.11,6.51,6.83,14.28,3.83,0.7,0,0.25
22,77.25,Rehatgarh Tahsil,Madhya Pradesh,0.77,0.68,0.64,0.58,0.32,12.29,6.39,17.63,4.18,0.42,0,0.17
22,77.5,Bhimpur Tahsil,Madhya Pradesh,0.76,1.12,0.83,0,0.17,13.24,6.95,19.64,3.47,0.11,0,0.14
22,77.75,Betul Tahsil,Madhya Pradesh,0.96,0.68,0.88,0.28,0.26,10.97,7.13,17.6,5.44,1,0.08,0.16
22,78,Betul Tahsil,Madhya Pradesh,1.24,0.27,1.06,0.13,0.26,8.13,8.9,17.44,7.01,1.61,0.21,0.2
22,78.25,Amla Tahsil,Madhya Pradesh,1.22,0,0.86,0.09,0.49,6.69,9.81,17.71,6.57,1.59,0.19,0.15
22,78.5,Jamai Tahsil,Madhya Pradesh,1.19,0.59,0.97,0.51,0.31,5.94,13.18,17.5,6.52,2.57,0.38,0.06
22,78.75,Mohkhed Tahsil,Madhya Pradesh,1.23,1.25,1.19,0.89,0.37,6.4,13.89,18.29,6.81,2.27,0.44,0.03
22,79,Chhindwara Tahsil,Madhya Pradesh,1.26,1.5,1.32,1.03,0.45,7.1,13.77,19.06,7.06,1.89,0.47,0.05
22,79.25,Chand Tahsil,Madhya Pradesh,2.17,1.36,1.61,0.86,0.62,6.96,11.71,19.24,6.36,1.27,0.32,0.07
22,79.5,Seoni Tahsil,Madhya Pradesh,3.64,0.48,1.59,0.28,0.66,5.49,8.12,19.46,3.94,1.31,0.1,0.07
22,79.75,Barghat Tahsil,Madhya Pradesh,3.64,0.58,1.52,0.28,0.36,5.95,8.16,21.65,4.36,1.88,0.12,0.07
22,80,Lalbarra Tahsil,Madhya Pradesh,2.57,1.02,1.67,0.48,0.25,6.16,10.21,22.48,5.71,1.92,0.08,0.03
22,80.25,Balagat Tahsil,Madhya Pradesh,3.12,1.91,1.84,0.44,0.73,6.86,7.16,22.62,5.28,3.08,0.75,0.03
22,80.5,Baihar Tahsil,Madhya Pradesh,4.51,3,2.31,0.64,0.97,6.84,6.94,26.86,6.25,4.47,1.34,0.05
22,80.75,Birsa Tahsil,Madhya Pradesh,3.64,2.41,1.96,0.69,0.83,6.92,5.95,21.43,5.11,2.9,0.65,0.04
22,81,Bodla Tahsil,Chhattisgarh,4.08,2.38,2.09,1.18,0.51,7.68,5.77,18.69,5.29,2.18,0.11,0.06
22,81.25,Kawardha Tahsil,Chhattisgarh,2.61,2.25,2.22,1.07,1.19,7.48,6.42,16.81,5.38,1.19,0.06,0.05
22,81.5,Bemetara Tahsil,Chhattisgarh,1.25,1.94,2.34,0.9,1,6.79,6.72,14.68,5.69,0.48,0.03,0.06
22,81.75,Mungeli Tahsil,Chhattisgarh,1.88,2.56,2.4,0.63,1.21,7.59,9.32,17.37,4.59,1.91,0.14,0.05
22,82,Takhatpur Tahsil,Chhattisgarh,2.05,2.64,2.45,0.62,1.18,7.51,9.7,18.25,4.54,2.38,0.17,0.06
22,82.25,Masturi Tahsil,Chhattisgarh,1.95,1.55,1.93,1.22,1.2,4.64,3.74,15.47,7.24,3.19,0.09,0.18
22,82.5,Akaltara Tahsil,Chhattisgarh,1.31,1.33,2.12,1.13,1.12,7.14,6.97,18.4,6.87,2.37,0.12,0.03
22,82.75,Champa Tahsil,Chhattisgarh,0.7,1.09,1.15,0.65,0.27,4.31,5.13,18.58,10.69,3.32,0.48,0
22,83,Sakti Tahsil,Chhattisgarh,0.63,1.26,2.6,1.37,0.37,7.24,6.72,19.02,7.59,1.4,0.25,0
22,83.25,Raigarh Tahsil,Chhattisgarh,0.65,1.57,2.71,1.31,0.7,7.89,8.12,21.38,7.27,1.48,0.38,0
22,83.5,Raigarh Tahsil,Chhattisgarh,0.86,2.75,2.97,1.53,2.19,12.33,7.61,23.45,5.59,1.65,0.65,0
22,83.75,Hemgir,Odisha,0.44,1.2,3.31,2.2,1.99,14.84,7.01,16.95,3.59,0.54,0.09,0
22,84,Bhasma,Odisha,0.85,1.1,4.18,3.86,1.7,13.16,6.34,16.85,4.87,1.51,0.2,0
22,84.25,Dharuadihi,Odisha,0.67,1.22,3.99,3.62,1.88,10.68,4.79,15.95,4.81,1.36,0.19,0
22,84.5,Govindpur,Odisha,0.65,1.57,3.07,4.39,3.38,11.5,6.47,19.82,4.83,2.48,0.18,0
22,84.75,Chandiposh,Odisha,0.66,1.55,2.72,4.12,3.04,9.35,7.82,23.52,4.33,2.45,0.07,0
22,85,Kamarposh Balang,Odisha,0.87,1.25,2.33,3.99,5.17,6.02,6.33,20.87,5.21,1.93,0.03,0
22,85.25,Bolani,Odisha,0.79,1.09,2.32,4.55,6.1,6.45,5.08,18.56,5.24,1.65,0.09,0
22,85.5,Champua,Odisha,0.56,0.9,2.19,6.49,6.94,7.7,4.24,18.47,5.02,1.49,0.23,0
22,85.75,Ghagarbeda,Odisha,0.8,0.36,1.71,6.97,5.19,7.11,5.56,13.12,6.19,1.22,0.99,0
22,86,Jashipur,Odisha,0.77,0.36,1.64,7.08,6.93,6.27,5.76,14.4,8.95,3.27,0.42,0
22,86.25,Jashipur,Odisha,1.29,0.46,2.11,6.07,8.3,11.96,5.78,18.81,5.51,4.61,1.26,0
22,86.5,Bangiriposi,Odisha,1.23,0.45,2.61,5.75,7.52,11.82,5.71,19.41,5.74,5.21,1.3,0
22,86.75,Chandua,Odisha,1.09,0.63,1.85,4.09,7.83,7.21,4.59,17.17,5.55,4.1,0.29,0
22,87,Suliapada,Odisha,1.56,0.57,1.72,3.57,9.32,6.67,5.58,14.02,4.98,4.18,0.15,0
22,87.25,Dantan-I,West Bengal,1.49,0.56,1.55,3.67,10.96,7,4.69,13.02,4.43,6.15,0.07,0
22,87.5,Potashpur-I,West Bengal,1.38,0.39,1.37,2.87,11.97,7.45,3.56,14.55,5.68,7.85,0.15,0
22,87.75,Bhagwanpur-II,West Bengal,1.99,0.57,1.18,2.11,9.06,7.59,7.1,11.16,7.39,3.88,0.17,0
22,88,Nandigram-I,West Bengal,1.2,0.07,1.84,2.94,8.06,10.16,8.8,7.4,1.7,1.92,0.06,0
22,88.25,Kulpi,West Bengal,1.47,0.27,1.19,2.13,7.69,9.52,8.17,13.87,5.43,2.79,0.07,0
22,88.5,Jaynagar - II,West Bengal,1.46,0.28,1.14,2.04,8.02,10.34,9.43,13.92,5.85,2.28,0.06,0
22,88.75,Twenty-four Parganas,West Bengal,1.37,0.22,1.3,2.12,7.78,12.7,9.93,13.38,5.69,2.07,0.15,0
22,89,Unknown,West Bengal,1.32,0.24,1.2,2,7.78,13.44,9.82,14.21,6.15,2.2,0.12,0
22,93,Tipa,Mizoram,2.32,0.34,0.04,4.22,6.08,10.35,13.73,12.64,7.93,12.05,1.04,0
22.25,68.75,Unknown,Unknown,0.01,0,0.01,0,0,4.01,26.39,19.75,5.61,0.88,0,0.01
22.25,69,Okhamandal Taluka,Gujarat,0.02,0,0.01,0,0,3.01,24.79,16.97,4.71,0.6,0,0
22.25,69.25,Kalyanpur Taluka,Gujarat,0,0,0,0,0,5.66,27.85,24.35,9.47,1.49,0,0
22.25,69.5,Khambhalia Taluka,Gujarat,0,0,0,0,0,7.47,35.71,27.04,12.08,1.27,0,0
22.25,69.75,Khambhalia Taluka,Gujarat,0,0,0,0,0,5.73,30.3,21.53,11.35,0.75,0,0
22.25,70,Lalpur Taluka,Gujarat,0,0,0,0,0,3.95,18.81,15.26,11.63,0.49,0,0
22.25,70.25,Kalavad Taluka,Gujarat,0,0,0,0,0,3.4,24.78,11.52,7.09,0.46,0,0
22.25,70.5,Kalavad Taluka,Gujarat,0,0,0,0,0,2.97,18.13,13.55,5.89,0.53,0,0
22.25,70.75,Rajkot South Taluka,Gujarat,0,0,0,0,0,1.93,14.26,15.78,7.28,2.05,0,0.03
22.25,71,Rajkot Taluka,Gujarat,0,0,0,0,0,3,9.98,18.43,4.64,1.19,0,0
22.25,71.25,Vinchhiya Taluka,Gujarat,0,0,0,0,0,3.14,8.99,18,4.46,1.1,0,0
22.25,71.5,Botad Taluka,Gujarat,0,0,0,0,0,7.1,5.43,15.57,8.42,0.06,0,0.06
22.25,71.75,Ranpur Taluka,Gujarat,0,0,0,0,0,5.04,4.34,13.71,6.37,0.14,0,0.04
22.25,72,Dhandhuka Taluka,Gujarat,0,0,0.04,0,0,5.84,4.34,12.16,4.7,0.1,0,0.02
22.25,72.25,Dholera Taluka,Gujarat,0,0,0,0,0,5.03,3.94,18.62,2.85,0.53,0,0.11
22.25,72.5,Unknown,Unknown,0,0,0,0,0,4.35,4.19,21.25,2.04,0.76,0,0.12
22.25,72.75,Khambhat Taluka,Gujarat,0,0,0,0,0,3,3.34,16.99,4.08,0.09,0,0.4
22.25,73,Padra Taluka,Gujarat,0,0,0,0,0,3.83,5.76,18.8,7.61,0,0,0.33
22.25,73.25,Vadodara Rural Taluka,Gujarat,0,0,0.04,0,0,3.77,3.98,15.91,3.92,0.04,0,0.33
22.25,73.5,Vagodhia Taluka,Gujarat,0,0,0.15,0,0,3.66,4.14,20.17,4.62,0.23,0,0.36
22.25,73.75,Bodeli Taluka,Gujarat,0,0,0.17,0,0,4.82,3.81,24.84,6.88,0.05,0,0.56
22.25,74,Chhota Udaipur Taluka,Gujarat,0,0,0.17,0,0,4.84,2.33,24.58,5.51,0,0,0.77
22.25,74.25,Kathiwada Tehsil,Madhya Pradesh,0,0,0.29,0,0,6.01,4.86,11.9,5.82,0.08,0,1.03
22.25,74.5,Alirajpur Tehsil,Madhya Pradesh,0,0,0.33,0,0,5.79,5.74,9.56,6.22,0.18,0,1.08
22.25,74.75,Kukshi Tahsil,Madhya Pradesh,0,0,0.18,0,0,7.82,5.29,11.41,7.21,1.47,0,0.96
22.25,75,Manawar Tahsil,Madhya Pradesh,0,0,0.01,0,0,8.12,4.62,9.51,6.27,1.28,0,0.71
22.25,75.25,Manawar Tahsil,Madhya Pradesh,0,0,0.22,0,0,6.75,6.3,7.82,5.36,0.4,0,0.59
22.25,75.5,Dharampuri Tahsil,Madhya Pradesh,0,0,0.2,0,0,7.04,6.88,9.22,5.41,0.49,0,0.47
22.25,75.75,Maheshwar Tahsil,Madhya Pradesh,0,0,0.07,0,0,9.69,5.64,12.01,8.67,0.76,0,0.39
22.25,76,Barwaha Tahsil,Madhya Pradesh,0,0,0.02,0,0,10.04,5.38,12.11,8.88,0.58,0,0.35
22.25,76.25,Punasa Tahsil,Madhya Pradesh,0,0,0.16,0.01,0,8.47,5.42,13.81,7.26,0.33,0,0.23
22.25,76.5,Punasa Tahsil,Madhya Pradesh,0.02,0,0.23,0.03,0.02,5.44,6.21,13.19,4.91,0.31,0,0.13
22.25,76.75,Harsud Tahsil,Madhya Pradesh,0.05,0,0.27,0.08,0.04,6.12,6.97,14.32,4.21,0.73,0,0.28
22.25,77,Harda Tahsil,Madhya Pradesh,0.03,0,0.19,0.06,0.03,9.4,6.39,18.07,5.08,0.51,0,0.24
22.25,77.25,Rehatgarh Tahsil,Madhya Pradesh,0.41,0.58,0.53,0.03,0.12,10.8,6.46,20.09,3.37,0.32,0,0.2
22.25,77.5,Chicholi Tahsil,Madhya Pradesh,0.57,0.77,0.62,0.12,0.2,12.35,6.12,21.88,3.61,0.14,0,0.14
22.25,77.75,Shahpur Tahsil,Madhya Pradesh,0.6,0.59,0.62,0.01,0.39,10.48,6.49,23.1,4.06,0.26,0.03,0.12
22.25,78,Ghodadongri Tahsil,Madhya Pradesh,0.72,0.14,0.54,0.04,0.98,6.94,7.26,19.04,5.63,0.62,0.06,0.07
22.25,78.25,Ghodadongri Tahsil,Madhya Pradesh,0.67,0,0.41,0.02,1.14,6,7.37,19.35,5.49,0.57,0.04,0.04
22.25,78.5,Jamai Tahsil,Madhya Pradesh,0.83,0.4,0.52,0.24,0.95,6.17,7.78,20.12,5.32,0.39,0.06,0.03
22.25,78.75,Parasia Tahsil,Madhya Pradesh,1.33,1.34,1.19,0.77,0.52,7.62,10.41,20.42,6.74,0.66,0.16,0.09
22.25,79,Amarwara Tahsil,Madhya Pradesh,1.45,2.01,1.78,1.05,0.72,9.8,11.1,19.99,8.94,0.48,0.05,0.16
22.25,79.25,Amarwara Tahsil,Madhya Pradesh,1.05,1.67,1.13,0.84,0.73,8.96,9.13,17.76,6.92,0.57,0.1,0.14
22.25,79.5,Seoni Tahsil,Madhya Pradesh,0.53,1.43,0.72,0.91,1.02,8.4,7.6,16.42,4.85,0.85,0.27,0.15
22.25,79.75,Seoni Tahsil,Madhya Pradesh,1.14,1.32,1.13,1.15,1.11,8.42,9.69,20.24,5.35,1.42,0.28,0.17
22.25,80,Keolari Tahsil,Madhya Pradesh,2.53,1.4,1.96,0.79,0.27,5.68,12.71,24.34,7.01,1.78,0.04,0.01
22.25,80.25,Paraswada Tahsil,Madhya Pradesh,2.75,2.3,1.87,1.02,0.7,6.99,9.23,24.33,5.98,2.36,0.51,0.03
22.25,80.5,Paraswada Tahsil,Madhya Pradesh,4.04,2.66,2.19,0.81,0.77,6.87,7.67,25,6.17,3.55,0.89,0.04
22.25,80.75,Baihar Tahsil,Madhya Pradesh,3.8,2.55,2.08,0.72,0.84,6.89,6.21,22.28,5.44,3.11,0.75,0.05
22.25,81,Baihar Tahsil,Madhya Pradesh,3.31,2.27,2.11,0.99,0.64,7.22,5.98,18.35,5.34,1.94,0.21,0.06
22.25,81.25,Bodla Tahsil,Chhattisgarh,2.57,1.95,2.18,1.09,1.1,7.73,7.41,18.13,5.58,1.56,0.11,0.09
22.25,81.5,Pandariya Tahsil,Chhattisgarh,1.42,1.8,2.28,0.93,0.96,7.18,7.7,16.25,5.68,1.21,0.09,0.1
22.25,81.75,Takhatpur Tahsil,Chhattisgarh,1.87,2.12,2.21,0.89,1.12,7.96,9.42,18.58,4.93,3.18,0.18,0.17
22.25,82,Takhatpur Tahsil,Chhattisgarh,2.02,2.14,2.15,0.84,1.1,8.21,9.55,18.65,4.74,3.47,0.22,0.18
22.25,82.25,Bilaspur Tahsil,Chhattisgarh,2.08,1.46,2.03,1.06,0.67,10.9,7.63,16.34,5.94,1.85,0.28,0.27
22.25,82.5,Baloda Tahsil,Chhattisgarh,2.27,1.75,2.43,1.42,0.31,16.86,9.46,18.26,6.6,1.67,0.38,0.55
22.25,82.75,Korba Tahsil,Chhattisgarh,1.28,1.37,1.92,1.08,0.47,9.45,6.93,18.39,8.31,2.34,0.35,0.17
22.25,83,Udaipur (Dharamjaigarh) Tahsil,Chhattisgarh,0.79,1.34,2.95,1.68,0.53,8.87,4.61,16.65,7.12,1.07,0.12,0
22.25,83.25,Gharghoda Tahsil,Chhattisgarh,1.32,1.36,3.43,1.71,0.71,10.5,5.56,16.41,6.34,1.25,0.09,0
22.25,83.5,Lailunga Tahsil,Chhattisgarh,0.81,1.69,2.7,2.16,1.38,12.68,6.37,18.07,3.86,1.33,0.19,0
22.25,83.75,Lailunga Tahsil,Chhattisgarh,0.65,1.34,2.31,3,1.3,11.6,5.33,15.8,3.5,1.39,0.01,0
22.25,84,Kinjirkela,Odisha,0.77,1.26,3.22,3.62,1.46,8.23,3.93,14.96,4.33,0.59,0.03,0
22.25,84.25,Baragaon,Odisha,0.68,1.15,3.89,3.43,2.12,11.55,5.2,16.03,5.84,1.4,0.15,0
22.25,84.5,Rajagangapur,Odisha,0.94,1.23,3.8,3.64,4.01,13.39,7.05,16.72,7.59,1.7,0.28,0
22.25,84.75,Biramitrapur,Odisha,0.91,1.31,3.5,3.55,3.78,12,7.76,18.51,7.13,1.88,0.23,0
22.25,85,Bisra,Odisha,0.8,1.07,2.57,4.25,5.37,7.33,5.88,20.7,5.38,1.8,0.1,0
22.25,85.25,Manoharpur,Jharkhand,0.95,0.87,2.43,4.62,5.67,6.45,4.95,17.62,4.58,1.59,0.21,0
22.25,85.5,Noamundi,Jharkhand,0.9,0.58,2.39,5.55,5.62,7.03,4.65,16.61,4.04,1.5,0.33,0
22.25,85.75,Hat Gamharia,Jharkhand,0.95,0.36,1.78,6.81,5.28,7.22,5.67,12.87,3.92,1.87,0.21,0
22.25,86,Jamda,Odisha,0.91,0.34,1.54,6.99,5.68,8.21,5.69,13.6,4.19,2.24,0.34,0
22.25,86.25,Rairangpur,Odisha,0.99,0.32,1.81,5.96,6.96,13.04,5.65,17.37,4.78,3.24,1.56,0
22.25,86.5,Jharpokharia,Odisha,0.79,0.26,2.51,5.7,7.16,12.82,6.21,15.06,5.73,3.33,1.24,0
22.25,86.75,Baharagora,Jharkhand,1.53,0.51,2.24,5.12,8.99,8.85,7.47,13.36,4.63,3.27,0.58,0
22.25,87,Gopiballavpur-II,West Bengal,1.31,0.61,1.85,4.95,9.3,8.3,8.4,13.26,5.49,3.56,0.21,0
22.25,87.25,Kharagpur-I,West Bengal,1.36,0.69,1.93,4.89,9.13,8.3,8.43,12.83,4.65,2.87,0.19,0
22.25,87.5,Kharagpur-II,West Bengal,2.06,0.38,1.52,2.1,6.91,8.35,9.18,11.82,7,2.09,0.19,0
22.25,87.75,Moyna,West Bengal,2.16,0.3,1.47,2.05,6.48,10.6,9.54,12.22,6.58,3.07,0.2,0.01
22.25,88,Shyampur - I,West Bengal,2.08,0.24,1.59,2.14,6.59,9.19,8.43,12.38,4.79,3.4,0.19,0.01
22.25,88.25,Diamond Harbour - I,West Bengal,1.35,0.26,1.07,1.89,7.42,9.7,9,15.69,6.31,2.66,0.05,0
22.25,88.5,Unknown,West Bengal,1.33,0.24,1.2,1.96,8.06,11.4,9.46,15.22,6.31,2.48,0.19,0
22.25,88.75,Basanti,West Bengal,1.33,0.22,1.45,2.04,8.57,14.1,10.4,14.04,6.38,2.15,0.31,0
22.25,89,Hingalganj,West Bengal,1.33,0.24,1.33,1.99,8.23,14.99,10.33,14.16,6.47,2.13,0.24,0
22.25,92.5,Belaichhari Upazila,Chattogram Division,2.28,0.34,0.04,4.16,6.01,10.16,14,12.82,7.82,11.61,1.03,0
22.25,92.75,Lawngtlai,Mizoram,2.28,0.34,0.04,4.17,6,10.09,13.67,12.65,7.76,11.75,1.02,0
22.25,93,Tipa,Mizoram,2.28,0.34,0.04,4.17,6.01,10.17,13.95,12.79,7.82,11.65,1.03,0
22.5,68.75,Unknown,Unknown,0.01,0,0.01,0,0,3.33,22.7,19.4,4.08,0.79,0,0.03
22.5,69,Unknown,Unknown,0.01,0,0.01,0,0,3.86,23.35,19.01,4.02,0.64,0,0.05
22.5,69.25,Unknown,Unknown,0,0,0,0,0,6.52,21.48,23.21,5.51,0.79,0,0.14
22.5,69.5,Jamnagar,Gujarat,0,0,0,0,0,7.08,23.51,25.54,7.18,0.75,0,0.11
22.5,69.75,Jamnagar,Gujarat,0,0,0,0,0,4.49,20.54,21.19,8.38,0.54,0,0.03
22.5,70,Jamnagar Taluka,Gujarat,0,0,0,0,0,1.36,16.29,11.93,9.55,0.28,0,0
22.5,70.25,Jamnagar Taluka,Gujarat,0,0,0,0,0,1.83,15.52,15.19,6.05,2.44,0,0
22.5,70.5,Dhrol Taluka,Gujarat,0,0,0,0,0,3.33,13.37,10.71,4.8,1.61,0,0
22.5,70.75,Tankara Taluka,Gujarat,0,0,0,0,0,2.8,11.28,19.92,5.18,0.93,0,0.01
22.5,71,Wankaner Taluka,Gujarat,0,0,0,0,0,3.5,9.12,17.2,5.37,0.48,0,0.01
22.5,71.25,Chotila Taluka,Gujarat,0,0,0,0,0,5.68,3.16,12.42,7.22,0.05,0,0.05
22.5,71.5,Sayla Taluka,Gujarat,0,0,0,0,0,5.39,4.54,13.09,5.03,0.17,0,0.01
22.5,71.75,Chuda Taluka,Gujarat,0,0,0.27,0,0,6.6,3,16.01,2.62,0.04,0,0
22.5,72,Dhandhuka Taluka,Gujarat,0,0,0.08,0,0,6.3,3.91,14.18,3.33,0.17,0,0.05
22.5,72.25,Dholka Taluka,Gujarat,0,0,0.02,0,0,4.44,3.38,18.6,2.43,0.73,0,0.18
22.5,72.5,Tarapur Taluka,Gujarat,0,0,0,0,0,4.12,3.02,23.35,2.93,0.56,0,0.17
22.5,72.75,Petlad Taluka,Gujarat,0,0,0.01,0,0,4.73,2.94,23.69,2.77,0.61,0,0.5
22.5,73,Anand Rural Taluka,Gujarat,0,0,0.01,0,0,2.52,2.14,14.51,3.16,0.22,0,0.19
22.5,73.25,Savli Taluka,Gujarat,0,0,0.26,0,0,3.39,2.52,12.56,7.06,0.12,0,0.36
22.5,73.5,Halol Taluka,Gujarat,0,0,0.16,0,0,4.74,3.07,19.81,9.61,0.24,0,0.25
22.5,73.75,Jetpur Pavi Taluka,Gujarat,0,0,0.16,0,0,4.44,4.78,23.64,6.59,0.08,0,0.42
22.5,74,Chhota Udaipur Taluka,Gujarat,0,0,0.04,0,0,3.47,3.17,16.12,3.59,0.07,0,0.28
22.5,74.25,Bhavra Tehsil,Madhya Pradesh,0,0,0.05,0,0,7.03,3.36,15.55,4.65,0.11,0,0.6
22.5,74.5,Jobat Tehsil,Madhya Pradesh,0,0,0.42,0,0,5.7,5.71,8.14,6.31,0.1,0,1.28
22.5,74.75,Kukshi Tahsil,Madhya Pradesh,0,0,0.18,0,0,6.25,4.58,11.89,7.67,0.26,0,1.27
22.5,75,Gangdhwani Tahsil,Madhya Pradesh,0,0,0.03,0,0.03,6.54,3.72,11.74,8.76,0.52,0,0.98
22.5,75.25,Dhar Tahsil,Madhya Pradesh,0,0,0.03,0,0.14,5.22,3.4,8.96,11.05,0.27,0,0.43
22.5,75.5,Pithampur Tahsil,Madhya Pradesh,0,0,0.07,0,0.14,5.87,4.25,11.16,9.92,0.45,0,0.5
22.5,75.75,Mhow Tahsil,Madhya Pradesh,0,0,0.1,0,0.09,7.39,5.25,12.99,8.61,0.73,0,0.53
22.5,76,Mhow Tahsil,Madhya Pradesh,0,0,0.17,0,0.02,10.37,4.91,15.69,8.82,0.39,0,0.35
22.5,76.25,Udaynagar Tahsil,Madhya Pradesh,0.03,0,0.24,0,0.03,10.94,4.91,17.71,8.96,0.16,0,0.3
22.5,76.5,Satwas Tahsil,Madhya Pradesh,0.08,0,0.24,0,0.02,11.47,5.59,19.3,9.57,0.03,0,0.21
22.5,76.75,Satwas Tahsil,Madhya Pradesh,0.03,0,0.13,0.01,0.01,16.41,6.24,21.95,11.41,0.07,0,0.11
22.5,77,Khategaon Tahsil,Madhya Pradesh,0.02,0,0.1,0.01,0.01,12.26,5.23,22.13,6.05,0.06,0,0.16
22.5,77.25,Timarni Tahsil,Madhya Pradesh,0.01,0,0.12,0,0.11,10.76,4.85,26.38,4.6,0.04,0,0.13
22.5,77.5,Seoni-Malwa Tahsil,Madhya Pradesh,0.18,0.26,0.32,0,0.19,9.89,4.91,28.47,3.45,0.11,0,0.12
22.5,77.75,Itarsi Tahsil,Madhya Pradesh,0.28,0.19,0.32,0,0.56,8.62,5.23,27.03,3.94,0.17,0,0.08
22.5,78,Sohagpur Tahsil,Madhya Pradesh,0.39,0.03,0.28,0,1.07,6.88,6.7,22.6,5.37,0.2,0,0.04
22.5,78.25,Sohagpur Tahsil,Madhya Pradesh,0.5,0,0.29,0,1.36,5.88,6.57,19.67,5.24,0.25,0,0.01
22.5,78.5,Pipariya Tahsil,Madhya Pradesh,0.67,0.11,0.29,0.09,0.93,6.07,7.46,20.57,5.32,0.19,0,0.03
22.5,78.75,Tamia Tahsil,Madhya Pradesh,1.26,0.47,0.43,0.26,0.22,5.97,7.67,21.54,4.31,0.15,0.01,0.04
22.5,79,Harrai Tahsil,Madhya Pradesh,1.27,0.87,0.65,0.38,0.27,6.66,7.95,20.39,5.02,0.2,0.01,0.06
22.5,79.25,Harrai Tahsil,Madhya Pradesh,0.7,1.55,0.41,0.29,0.25,7.11,6.6,14.07,5.19,0.2,0.02,0.04
22.5,79.5,Chhapara Tahsil,Madhya Pradesh,0.39,1.72,0.37,0.34,0.4,7.29,6.12,12.1,5.01,0.29,0.09,0.04
22.5,79.75,Dhanora Tahsil,Madhya Pradesh,0.58,1.35,1.11,1.14,1.23,8.14,8.13,19.07,4.79,0.81,0.38,0.15
22.5,80,Keolari Tahsil,Madhya Pradesh,1.04,2.45,1.3,1.73,1.06,8.53,8.3,22.02,4.87,0.75,0.27,0.07
22.5,80.25,Nainpur Tahsil,Madhya Pradesh,1.58,1.89,1.64,1.15,0.84,7,9.03,22.39,5.53,1.2,0.37,0.05
22.5,80.5,Bichhya Tahsil,Madhya Pradesh,3.07,2.49,1.95,1.09,0.72,7.07,8.91,24.61,6.07,2.54,0.56,0.03
22.5,80.75,Bichhya Tahsil,Madhya Pradesh,3.97,2.51,2.18,0.9,0.88,7.43,7.01,22.9,5.86,3.28,0.72,0.08
22.5,81,Bichhya Tahsil,Madhya Pradesh,2.92,1.82,2.04,1.08,1.06,8.11,8.18,20.11,5.71,2.28,0.26,0.12
22.5,81.25,Bajag Tahsil,Madhya Pradesh,2.36,1.66,1.97,1.48,1.39,8.9,9.46,18.29,5.43,2.07,0.3,0.15
22.5,81.5,Lormi Tahsil,Chhattisgarh,2.28,1.38,1.8,1.49,1.63,9.39,10.59,19.95,5.42,2.92,0.34,0.23
22.5,81.75,Lormi Tahsil,Chhattisgarh,1.97,1.46,1.67,1.58,1.47,8.97,9.92,18.72,4.93,4.34,0.3,0.32
22.5,82,Kota Tahsil,Chhattisgarh,1.6,1.3,1.49,1.5,1.3,8.67,9.47,18.37,4.6,5.66,0.25,0.42
22.5,82.25,Pali Tahsil,Chhattisgarh,2.05,1.23,1.79,0.6,0.49,11.72,9.99,15.91,4.15,0.97,0.37,0.14
22.5,82.5,Poundi-Uproda Tahsil,Chhattisgarh,2.17,1.49,2.12,0.98,0.4,14.27,9.74,16.98,5.29,1.2,0.37,0.33
22.5,82.75,Korba Tahsil,Chhattisgarh,1.8,1.45,2.12,1.07,0.34,12.92,8.48,17.19,6.36,1.42,0.37,0.28
22.5,83,Korba Tahsil,Chhattisgarh,2.26,1.04,3.64,1.46,0.6,11.72,7.04,15.21,6.52,2.24,0.06,0.03
22.5,83.25,Udaipur (Dharamjaigarh) Tahsil,Chhattisgarh,2.93,0.83,4.08,1.37,0.65,12.47,8.32,14.63,6.11,2.8,0,0
22.5,83.5,Lailunga Tahsil,Chhattisgarh,2.15,1.04,3.45,1.92,1.2,11.26,7.32,15.62,6.14,2.95,0,0
22.5,83.75,Pathalgaon Tahsil,Chhattisgarh,1.06,1.36,2.52,2.81,2,8.59,6.05,17.56,7.29,3.82,0.06,0
22.5,84,Talasara,Odisha,1.54,1.18,2.97,3.38,2.93,7.64,5.95,18.44,8.69,4.7,0.03,0
22.5,84.25,Bolba,Jharkhand,2.18,0.55,3.36,5.96,4.14,11.18,6,17.42,5.97,3.38,0.01,0
22.5,84.5,Thethaitangar,Jharkhand,1.61,0.64,3.35,4.9,4.03,9.12,6.65,16.53,6.37,2.05,0.1,0
22.5,84.75,Jaldega,Jharkhand,1.22,0.88,3.28,4.03,4,10.03,6.78,15.42,6.85,1.44,0.21,0
22.5,85,Bano,Jharkhand,1.15,0.68,2.67,4.25,3.07,6.34,5.17,16.01,3.62,1.55,0.34,0
22.5,85.25,Goilkera,Jharkhand,1.37,0.55,2.9,4.93,3,7.05,4.72,15.39,2.16,1.61,0.39,0
22.5,85.5,Tonto,Jharkhand,2.05,0.37,2.79,3.89,2.82,5.02,5.79,12.44,1.83,1.7,0.67,0
22.5,85.75,Tonto,Jharkhand,1.44,0.35,2.46,5.05,4.1,6.65,6.82,13.07,3.11,2.01,0.37,0
22.5,86,Tiring,Odisha,1.13,0.26,1.96,5.42,5.42,7.28,7.49,13.16,4.08,2.06,0.25,0
22.5,86.25,Potka,Jharkhand,1.21,0.16,2.05,4.94,5.96,7.51,9.01,13.25,4.99,2.1,0.39,0
22.5,86.5,Musabani,Jharkhand,1.14,0.19,2.42,3.67,6.4,11.22,8.58,13.55,4.59,2.61,0.79,0
22.5,86.75,Chakulia,Jharkhand,1.54,0.32,2.76,3.58,7.84,9.24,8.09,14.25,3.19,2.95,0.89,0
22.5,87,Binpur-I,West Bengal,1.37,0.77,1.97,4.67,9.06,7.22,8.46,12.38,3.75,2.28,0.18,0
22.5,87.25,Salbani,West Bengal,1.35,0.72,1.93,4.61,8.91,9.61,8.42,12.64,4.3,2.72,0.19,0
22.5,87.5,Keshpur,West Bengal,2.03,0.35,1.67,2.63,7.31,11.32,9.37,10.65,5.42,2.09,0.2,0.01
22.5,87.75,Daspur-II,West Bengal,1.95,0.19,1.81,2.05,7.18,7.28,7.99,12,4.89,1.56,0.35,0.01
22.5,88,Bagnan - I,West Bengal,1.4,0.13,1.35,1.68,12.02,12.59,11.17,12.53,5.95,3.53,0.78,0
22.5,88.25,Thakurpukur Maheshtala,West Bengal,1.37,0.22,1.79,2.17,10.46,13.72,13.86,10.21,8.09,0.87,0.66,0
22.5,88.5,Bhangar - I,West Bengal,1.37,0.25,1.54,2.12,8.91,17.7,11.1,13.18,6.52,1.88,0.37,0
22.5,88.75,Minakhan,West Bengal,1.37,0.25,1.61,2.16,9.02,16.96,10.89,13.37,6.27,1.95,0.4,0
22.5,89,Kaliganj Upazila (Satkhira),Khulna Division,1.36,0.25,1.51,2.11,8.69,16.03,10.79,13.54,6.38,1.94,0.35,0
22.5,92.5,Belaichhari Upazila,Chattogram Division,2.32,0.3,0.01,4.17,6.29,11.43,17.19,14.39,8.72,10.82,1.2,0
22.5,92.75,Lawngtlai,Mizoram,2.28,0.34,0.04,4.18,6,10.02,13.34,12.44,7.72,11.91,1.02,0
22.5,93,Saiha,Mizoram,2.21,0.33,0.03,4.07,5.89,9.84,14.1,12.86,7.62,11.1,1.03,0
22.75,69.75,Jamnagar,Gujarat,0,0,0,0,0,3.81,12.08,25.76,5.46,0.37,0,0.01
22.75,70,Jamnagar,Gujarat,0.02,0,0.02,0,0,1.28,11.67,18.93,6.22,0.91,0,0
22.75,70.25,Jamnagar,Gujarat,0,0,0,0,0,0.81,11.94,24.22,4.9,1.51,0,0
22.75,70.5,Jodiya Taluka,Gujarat,0,0,0,0,0,2.07,12.21,22.41,5.51,1.78,0,0
22.75,70.75,Morbi Taluka,Gujarat,0,0,0,0,0,5.09,5.48,25.52,8.57,1.05,0,0
22.75,71,Wankaner Taluka,Gujarat,0,0,0,0,0,3.79,8.18,17.53,5.39,0.39,0,0.06
22.75,71.25,Muli Taluka,Gujarat,0,0,0,0,0,4.22,5.87,12.9,4.87,0.08,0,0.11
22.75,71.5,Muli Taluka,Gujarat,0,0,0,0,0,4.38,3.53,21.55,5.34,0.37,0,0.05
22.75,71.75,Wadhwan Taluka,Gujarat,0,0,0.04,0,0,3.62,4.52,22.43,5.05,0.14,0,0.02
22.75,72,Limbdi Taluka,Gujarat,0,0,0.14,0,0,3.87,4.1,14.05,2.42,0.46,0,0
22.75,72.25,Bavla Taluka,Gujarat,0,0,0.07,0,0,4.26,4.63,10.94,1.76,0.83,0,0.03
22.75,72.5,Dholka Taluka,Gujarat,0,0,0.09,0,0,5.49,4.07,13.86,2,0.97,0,0.32
22.75,72.75,Matar Taluka,Gujarat,0,0,0.18,0,0,7.04,5.37,20.23,2.47,0.6,0,0.53
22.75,73,Nadiad Taluka,Gujarat,0,0,0.05,0,0,2.02,2.33,9.79,1.83,0,0,0.22
22.75,73.25,Thasra Taluka,Gujarat,0,0,0.24,0,0,2.66,2.5,10.22,4.87,0.02,0,0.23
22.75,73.5,Godhra Taluka,Gujarat,0,0,0.07,0,0,3.56,4.18,13.58,5.92,0.06,0,0.1
22.75,73.75,Ghoghamba Taluka,Gujarat,0,0,0.02,0,0,2.47,3.28,11.91,4.35,0.15,0,0.13
22.75,74,Limkheda Taluka,Gujarat,0,0,0,0,0,1.55,2.21,12.32,3.24,0.06,0,0.1
22.75,74.25,Dahod Taluka,Gujarat,0,0,0,0,0,2.82,3.28,13.17,4.17,0.29,0,0.22
22.75,74.5,Jhabua Tahsil,Madhya Pradesh,0,0,0.12,0,0,6.1,4.91,16.08,5.38,0.21,0,0.46
22.75,74.75,Rama Tahsil,Madhya Pradesh,0,0,0.03,0,0,6.59,4.16,15.38,7.86,0.23,0,1.1
22.75,75,Sardarpur Tahsil,Madhya Pradesh,0,0,0.01,0,0.01,6.32,3.9,15.97,8.53,0.24,0,1.11
22.75,75.25,Dhar Tahsil,Madhya Pradesh,0,0,0.03,0,0.1,5.41,3.45,12.51,10.77,0.2,0,0.51
22.75,75.5,Depalpur Tahsil,Madhya Pradesh,0,0,0.03,0,0.11,5.95,4.29,13.22,10.35,0.43,0,0.61
22.75,75.75,Hatod Tahsil,Madhya Pradesh,0,0,0.05,0,0.09,6.6,5.12,15.43,9.23,0.56,0,0.7
22.75,76,Kanadiya Tahsil,Madhya Pradesh,0,0,0.24,0,0.14,11.31,5.47,18.78,9.7,0.1,0,0.39
22.75,76.25,Bagli Tahsil,Madhya Pradesh,0.01,0,0.27,0,0.07,11.66,4.99,18.83,9.3,0.12,0,0.32
22.75,76.5,Bagli Tahsil,Madhya Pradesh,0.11,0,0.3,0.01,0.08,10.12,5.61,19.82,9.04,0.01,0,0.27
22.75,76.75,Kannod Tahsil,Madhya Pradesh,0.05,0,0.21,0,0.05,14.39,5.67,22.21,10.81,0.04,0,0.16
22.75,77,Khategaon Tahsil,Madhya Pradesh,0.02,0,0.13,0,0.08,10.93,5.14,23.49,4.8,0.02,0,0.15
22.75,77.25,Nasrullaganj Tahsil,Madhya Pradesh,0.01,0,0.14,0,0.12,9.61,4.61,26.43,3.6,0.06,0,0.15
22.75,77.5,Rehti Tahsil,Madhya Pradesh,0,0,0.19,0,0.26,8.44,3.88,34.57,3.36,0.16,0,0.1
22.75,77.75,Narmadapuram Tahsil,Madhya Pradesh,0.05,0,0.19,0,0.35,8.46,4.48,31.56,3.77,0.15,0,0.1
22.75,78,Babai Tahsil,Madhya Pradesh,0.22,0,0.26,0,0.78,7.61,6.9,26.05,5.62,0.15,0,0.07
22.75,78.25,Sohagpur Tahsil,Madhya Pradesh,0.4,0,0.24,0.03,0.92,6.86,8.08,22.12,6.18,0.15,0,0.05
22.75,78.5,Bankhedi Tahsil,Madhya Pradesh,0.5,0,0.08,0.1,0.32,7.08,9.61,23.85,6.58,0.05,0,0.06
22.75,78.75,Gadarwara Tahsil,Madhya Pradesh,0.84,0.07,0.1,0.37,0.08,5.69,8.33,23.08,4.41,0.03,0,0.03
22.75,79,Gadarwara Tahsil,Madhya Pradesh,1.02,0.4,0.15,0.13,0.09,5.74,7.48,20.55,4.19,0.08,0,0.03
22.75,79.25,Harrai Tahsil,Madhya Pradesh,0.57,1.37,0.42,0.21,0.27,6.54,6.25,13.99,4.79,0.13,0.08,0.02
22.75,79.5,Narsimhapur Tahsil,Madhya Pradesh,0.38,1.66,0.47,0.34,0.42,7.07,6.17,12.56,5.01,0.24,0.12,0.04
22.75,79.75,Lakhnadon Tahsil,Madhya Pradesh,0.34,0.9,1.34,0.69,1.07,6.54,7.66,18.08,4.87,0.36,0.45,0.1
22.75,80,Ghansaur Tahsil,Madhya Pradesh,0.73,1.36,1.38,1.06,1.07,7.25,8.38,19.99,5.02,0.66,0.38,0.1
22.75,80.25,Ghansaur Tahsil,Madhya Pradesh,1.03,1.65,1.41,1.21,0.98,7.45,8.9,21.02,5.22,0.84,0.31,0.08
22.75,80.5,Gughari Tahsil,Madhya Pradesh,2.19,2.26,1.75,1.12,0.91,7.18,8.36,23.4,5.58,1.89,0.59,0.05
22.75,80.75,Gughari Tahsil,Madhya Pradesh,3.3,2.04,1.92,1.13,1.2,8.47,8.68,23.07,5.72,2.95,0.5,0.13
22.75,81,Dindori Tahsil,Madhya Pradesh,2.6,1.69,1.93,1.54,1.41,9.1,9.54,18.65,5.36,2.25,0.32,0.16
22.75,81.25,Dindori Tahsil,Madhya Pradesh,2.2,1.48,1.82,1.39,1.59,9.36,9.99,18.03,5.49,2.47,0.31,0.16
22.75,81.5,Bajag Tahsil,Madhya Pradesh,2.44,1.12,1.73,1.31,1.8,9.75,11.51,22.21,5.72,2.96,0.33,0.23
22.75,81.75,Pushparajgarh Tehsil,Madhya Pradesh,2.33,2.17,1.98,2.21,1.36,9.27,8.81,13.69,4.63,2.05,0.44,0.14
22.75,82,Pendra Tahsil,Chhattisgarh,1.91,1.56,1.79,1.5,1.09,9.44,9.13,16.11,4.36,3.34,0.33,0.24
22.75,82.25,Poundi-Uproda Tahsil,Chhattisgarh,1.93,1.29,1.85,0.93,0.63,12.27,9.87,16.76,4.67,2.42,0.35,0.29
22.75,82.5,Poundi-Uproda Tahsil,Chhattisgarh,2.12,1.32,2.14,0.88,0.45,14.21,10.03,16.35,4.92,1.78,0.38,0.28
22.75,82.75,Poundi-Uproda Tahsil,Chhattisgarh,2.01,1.62,3.47,1.45,1.08,12.07,7.54,15.86,5,3.55,0.71,0.2
22.75,83,Udaypur Tahsil,Chhattisgarh,2.13,1.27,4.14,1.64,1.12,10.95,6.46,14.76,5.53,3.75,0.4,0.02
22.75,83.25,Udaipur (Dharamjaigarh) Tahsil,Chhattisgarh,2.52,1.07,4.1,1.55,0.91,11.59,7.32,14.67,5.75,3.29,0.21,0.01
22.75,83.5,Sitapur Tahsil,Chhattisgarh,2.14,0.9,3.04,1.76,1.43,11.66,8.93,15.34,6.96,3.76,0.13,0.03
22.75,83.75,Bagicha Tahsil,Chhattisgarh,1.16,0.83,1.53,1.64,2.63,11.73,10.94,15.75,8.11,5.19,0.29,0.08
22.75,84,Kunkuri Tahsil,Chhattisgarh,1.35,0.83,1.87,1.75,2.87,10.6,10.03,16.24,8.55,5.31,0.23,0.05
22.75,84.25,Simdega,Jharkhand,1.86,0.49,2.72,4.27,3.63,8.15,5.64,14.7,5.25,2.62,0.06,0
22.75,84.5,Pakar Tanr,Jharkhand,1.47,0.45,2.76,3.85,3.44,4.43,5.97,13.73,4.94,1.33,0.15,0
22.75,84.75,Kolebira,Jharkhand,1.4,0.45,2.64,3.54,3.02,5.73,5.39,13.57,4.96,1.82,0.16,0
22.75,85,Bano,Jharkhand,1.31,0.34,2.71,3.89,1.59,6.97,6.33,15.08,4.14,1.45,0.38,0.01
22.75,85.25,Gudri,Jharkhand,0.88,0.49,2.95,5.07,1.58,7.41,4.54,15.76,2.63,1.4,0.34,0
22.75,85.5,Bandgaon,Jharkhand,1.52,0.46,3.02,4.87,2.09,6.68,4.9,14.08,2.05,1.66,0.44,0
22.75,85.75,Kuchai,Jharkhand,0.95,0.33,3.01,4.13,3.68,8.27,8.97,13.49,4.76,2.29,0.29,0
22.75,86,Adityapur(Gamharia),Jharkhand,1.08,0.36,2.78,3.91,4.54,9.11,10.03,15.46,4.81,2.63,0.4,0
22.75,86.25,Golmuri-Cum-Jugsalai,Jharkhand,1.1,0.13,2.01,4.93,5.93,6.9,10.11,12.47,5.25,1.85,0.23,0
22.75,86.5,Bundwan,West Bengal,0.94,0.08,1.73,2.38,5.26,10.44,8.01,10.42,5.62,1.99,0.34,0
22.75,86.75,Ranibundh,West Bengal,1.05,0.03,1.63,1.66,5.3,13.13,8.88,10.94,5.59,1.74,0.36,0
22.75,87,Sarenga,West Bengal,1.24,0.45,1.75,3.42,7.19,10.73,8.37,11.42,4.81,2.05,0.26,0
22.75,87.25,Garbeta-III,West Bengal,1.31,0.72,1.96,4.63,8.87,12,8.94,12.59,3.96,2.72,0.19,0
22.75,87.5,Chandrakona-II,West Bengal,1.46,0.11,2.24,2.34,8.26,12.11,9.08,10.63,5.14,2.11,0.28,0
22.75,87.75,Khanakul - I,West Bengal,1.29,0.22,2.22,2.36,9.16,9,8.74,11.2,5.12,2.46,0.48,0
22.75,88,Jangipara,West Bengal,1.52,0.35,2.79,3.21,12.05,9.29,10.04,12.96,7.25,2.77,0.27,0
22.75,88.25,Chanditala - II,West Bengal,1.29,0.24,2.66,2.29,10.48,15.67,11.43,11.88,5.71,2.01,0.73,0
22.75,88.5,Barasat - I,West Bengal,1.2,0.22,2.57,2.01,9.1,18.31,11.81,11.59,6.09,2.42,0.5,0
22.75,88.75,Baduria,West Bengal,1.26,0.24,2.06,2.11,9.4,16.95,11.02,12.94,5.92,2.51,0.4,0
22.75,89,Satkhira Sadar Upazila,Khulna Division,1.27,0.25,1.93,2.07,8.93,16.3,11.07,12.96,6.12,2.4,0.36,0
22.75,92.5,Lungsen,Mizoram,1.97,0.34,0.02,3.67,5.07,7.88,15.21,13.95,6.39,7.97,0.88,0
22.75,92.75,Lunglei,Mizoram,2.09,0.33,0.02,3.91,5.69,9.38,14.54,13.06,7.35,10.12,1.03,0
22.75,93,Sangau,Mizoram,2.03,0.33,0.03,3.86,5.64,9.2,14.19,12.79,7.22,10.05,1.03,0
23,68.75,Unknown,Unknown,0.02,0,0.07,0,0,2.09,9.84,19.93,2.05,0.73,0,0.03
23,69,Abdasa Taluka,Gujarat,0.01,0,0.07,0,0,3.98,10.43,20.74,2.42,0.51,0,0.09
23,69.25,Mandvi Taluka,Gujarat,0,0,0.02,0,0,8.69,10.97,25.54,3.17,0.19,0,0.29
23,69.5,Mandvi Taluka,Gujarat,0.01,0,0.03,0,0,6.72,10.36,25.22,3.9,0.64,0,0.17
23,69.75,Mundra Taluka,Gujarat,0.01,0,0.02,0,0,3.68,9.95,24.69,4.82,1.16,0,0
23,70,Anjar Taluka,Gujarat,0.02,0,0.02,0,0,2.62,7.91,19.17,4.9,2.56,0,0
23,70.25,Unknown,Gujarat,0.04,0,0.05,0,0,1.75,7.24,17.55,4.77,1.84,0,0
23,70.5,Unknown,Gujarat,0,0,0,0,0,4.35,3.7,14.72,6.16,1.08,0,0
23,70.75,Maliya Taluka,Gujarat,0,0,0,0,0,4.68,4.87,20.53,7,1.03,0,0
23,71,Halvad Taluka,Gujarat,0,0,0,0,0,4.46,4.19,15.64,4.53,0.23,0,0.04
23,71.25,Halvad Taluka,Gujarat,0,0,0,0,0,3.77,5.19,12.83,3.46,0.05,0,0.07
23,71.5,Dhrangadhra Taluka,Gujarat,0,0,0,0,0,2.72,3.59,12.66,3.09,0.03,0,0
23,71.75,Dasada Taluka,Gujarat,0,0,0,0,0,2.03,4.4,18.01,4.02,0.01,0,0
23,72,Lakhtar Taluka,Gujarat,0,0,0.03,0,0,2.8,4.39,10.76,2.11,0.17,0,0
23,72.25,Sanand Taluka,Gujarat,0,0,0.29,0,0,5.08,5.28,13.38,4.33,0.32,0,0
23,72.5,Vejalpur Taluka,Gujarat,0,0,0.36,0,0,5.61,5.08,12.28,4.24,0.05,0,0.05
23,72.75,Daskroi Taluka,Gujarat,0,0,0.11,0,0,4.1,4.64,15.93,5.73,0.23,0,0.66
23,73,Kapadvanj Taluka,Gujarat,0,0,0.29,0,0,3.33,4.54,12.86,3.97,0.16,0,0.47
23,73.25,Kapadvanj Taluka,Gujarat,0,0,0.05,0,0,3.02,3.85,11.6,6.4,0.04,0,0.03
23,73.5,Lunavada Taluka,Gujarat,0,0,0.25,0,0,4.29,3.28,13.34,4.95,0.12,0,0.18
23,73.75,Shehera Taluka,Gujarat,0,0,0.1,0,0,2.96,3.22,11.27,7.44,0.02,0,0.14
23,74,Singvad Taluka,Gujarat,0,0,0,0,0,1.87,1.93,9,3.94,0.05,0,0.16
23,74.25,Jhalod Taluka,Gujarat,0,0,0.1,0,0,5.71,4.42,14.8,7.22,0.06,0,0.24
23,74.5,Meghnagar Tahsil,Madhya Pradesh,0,0,0.13,0,0,8.46,5.25,20,7.75,0.06,0,0.35
23,74.75,Petlawad Tahsil,Madhya Pradesh,0,0,0.01,0,0,6.48,5.8,15.8,4.14,0.19,0,0.42
23,75,Petlawad Tahsil,Madhya Pradesh,0,0,0.02,0,0,6.22,4.95,19.23,6.47,0.25,0,0.79
23,75.25,Badnawar Tahsil,Madhya Pradesh,0,0,0.11,0,0,6.92,5,19.37,8.76,0.11,0,0.47
23,75.5,Depalpur Tahsil,Madhya Pradesh,0,0,0.01,0,0,6.81,5.32,18.86,9.4,0.54,0,0.82
23,75.75,Sanwer Tahsil,Madhya Pradesh,0,0,0.04,0.02,0.02,7.3,5.63,18.9,9.24,0.52,0,0.79
23,76,Dewas Tahsil,Madhya Pradesh,0,0,0.21,0.01,0.11,9.01,5.9,18.27,9,0.03,0,0.41
23,76.25,Sonkatch Tahsil,Madhya Pradesh,0,0,0.29,0,0.44,15.55,6.99,21.99,12.61,0.11,0,0.5
23,76.5,Jawar Tahsil,Madhya Pradesh,0,0,0.41,0.06,0.35,10.07,5.4,23.03,7.73,0.01,0,0.39
23,76.75,Ashta Tahsil,Madhya Pradesh,0.02,0,0.51,0.02,0.28,8.41,3.63,26.39,6.81,0.29,0,0.32
23,77,Ichhawar Tahsil,Madhya Pradesh,0.11,0,0.43,0,0.43,6.12,6.59,25.8,5.22,0.12,0,0.2
23,77.25,Ichhawar Tahsil,Madhya Pradesh,0.15,0,0.51,0,0.65,8.52,6.35,24.43,4.76,0.27,0,0.24
23,77.5,Goharganj Tahsil,Madhya Pradesh,0.05,0,0.33,0,0.42,9.16,4.45,30.46,3.89,0.25,0,0.16
23,77.75,Goharganj Tahsil,Madhya Pradesh,0.05,0,0.37,0,0.49,9.6,4.85,29.98,4.43,0.27,0,0.17
23,78,Goharganj Tahsil,Madhya Pradesh,0.08,0,0.38,0,0.6,8.38,8.38,25.59,6.52,0.04,0,0.14
23,78.25,Baraily Tahsil,Madhya Pradesh,0.07,0,0.24,0.07,0.37,9.1,9.93,27.7,7.93,0,0,0.13
23,78.5,Saikheda Tahsil,Madhya Pradesh,0.4,0,0.11,0.37,0.17,7.17,9.7,25.17,6.31,0,0,0.07
23,78.75,Saikheda Tahsil,Madhya Pradesh,0.52,0,0.24,0.85,0.14,5.7,7.75,23.42,4.05,0,0.02,0.05
23,79,Gadarwara Tahsil,Madhya Pradesh,0.55,0,0.51,0.72,0.19,5.72,6.04,20.54,3.51,0.01,0.06,0.08
23,79.25,Narsimhapur Tahsil,Madhya Pradesh,0.63,0.62,0.44,0.11,0.46,4.76,5.24,17.58,5.24,0.26,0.03,0.03
23,79.5,Gotegaon Tahsil,Madhya Pradesh,0.53,0.52,0.66,0.15,0.74,4.29,5.97,19.13,5.74,0.33,0.14,0.03
23,79.75,Shahpura Tahsil,Madhya Pradesh,0.55,0.65,0.85,0.33,0.86,4.68,6.46,19.89,5.61,0.36,0.2,0.04
23,80,Narayanganj Tahsil,Madhya Pradesh,0.66,1.09,1.07,0.83,1.06,6,7.23,21.13,5.3,0.53,0.28,0.07
23,80.25,Niwas Tahsil,Madhya Pradesh,0.69,1.4,1.15,1.06,1.09,6.76,7.47,20.98,5.11,0.56,0.3,0.08
23,80.5,Niwas Tahsil,Madhya Pradesh,1.32,1.86,1.58,1.14,0.97,7.12,8.27,21.67,5.22,1.05,0.46,0.06
23,80.75,Shahpura Tahsil,Madhya Pradesh,2.39,1.82,1.78,1.68,1.48,9.42,9.81,19.9,5.26,2.19,0.34,0.16
23,81,Dindori Tahsil,Madhya Pradesh,2.09,1.48,1.79,1.33,1.6,9.5,9.78,17,5.4,2.42,0.3,0.14
23,81.25,Pushparajgarh Tehsil,Madhya Pradesh,2.15,1.5,1.85,1.37,1.53,9.42,9.65,17.35,5.29,2.53,0.3,0.14
23,81.5,Pushparajgarh Tehsil,Madhya Pradesh,2.17,1.52,1.86,1.41,1.52,9.42,9.65,17.32,5.26,2.5,0.3,0.14
23,81.75,Jaithari Tehsil,Madhya Pradesh,1.63,1.52,1.96,0.95,1.2,9.02,7.7,13.87,4.93,2.52,0.15,0.04
23,82,Marwahi Tahsil,Chhattisgarh,1.57,1.26,2.24,0.78,0.95,9.1,7.61,15.6,4.29,2.72,0.14,0.02
23,82.25,Khadganva Tahsil,Chhattisgarh,1.4,0.63,2.08,0.32,0.67,10.03,8.61,15.88,3.86,3.66,0.22,0.02
23,82.5,Khadganva Tahsil,Chhattisgarh,1.64,0.86,2.78,0.94,1.18,11.25,8.63,14.06,4.36,5.62,0.51,0.03
23,82.75,Premnagar Tahsil,Chhattisgarh,1.72,1.41,3.83,1.54,1.65,10.38,6.83,14.72,4.47,6.2,0.86,0.04
23,83,Lakhanpur Tahsil,Chhattisgarh,1.68,1.73,4.52,1.82,1.84,9.17,5.34,14.78,4.56,6.08,1.05,0.05
23,83.25,Ambikapur Tahsil,Chhattisgarh,1.89,1.34,3.84,1.61,1.71,10.74,7.39,14.68,5.45,5.27,0.71,0.05
23,83.5,Batouli Tahsil,Chhattisgarh,1.64,1.05,2.76,1.51,2.07,11.44,9.52,14.98,6.88,5.22,0.5,0.07
23,83.75,Bagicha Tahsil,Chhattisgarh,1.24,0.68,1.29,1.47,2.73,12.89,12.11,15.16,7.94,5.32,0.3,0.09
23,84,Manora Tahsil,Chhattisgarh,1.21,0.61,1.25,1.16,2.72,12.2,11.54,14.3,7.56,5,0.21,0.06
23,84.25,Albert Ekka(Jari),Jharkhand,1.33,0.49,2.02,2.17,2.64,6.83,5.38,11.86,4.69,1.99,0.09,0
23,84.5,Raidih,Jharkhand,1.08,0.5,2.14,1.94,2.28,4.79,5.42,10.35,3.82,1.68,0.24,0
23,84.75,Basia,Jharkhand,1.08,0.36,2.51,2.45,1.83,4.93,6.14,11.41,4.4,1.5,0.15,0.01
23,85,Karra,Jharkhand,0.72,0.18,2.27,1.91,0.99,5.25,5.82,10.38,4.09,1.32,0.23,0.01
23,85.25,Murhu,Jharkhand,0.84,0.16,2.54,1.7,1.61,4.22,5.94,14.31,6.21,0.55,0.49,0
23,85.5,Erki(Tamar II),Jharkhand,0.82,0.26,3.04,3.43,1.98,5.72,5.47,11.48,4.73,1.37,0.29,0
23,85.75,Tamar I,Jharkhand,0.9,0.28,3.31,4.13,2.52,6.62,6.27,10.02,4.39,1.96,0.18,0
23,86,Chandil,Jharkhand,0.77,0.18,2.52,3.78,3.52,8.09,8.01,10.47,3.15,1.41,0.22,0
23,86.25,Barabazar,West Bengal,0.72,0.24,2.26,3.94,2.78,6.41,8.94,9.86,2.74,2.1,0.28,0
23,86.5,Barabazar,West Bengal,0.65,0.23,1.92,2.96,4.53,8.08,5.91,8.49,4.74,2.55,0.36,0
23,86.75,Ranibundh,West Bengal,0.93,0.07,1.72,3.06,5.23,10.58,8.09,10.08,4.91,1.8,0.2,0
23,87,Taldangra,West Bengal,0.95,0.02,1.87,2.81,5.42,11.16,9.22,9.75,5.21,1.91,0.16,0
23,87.25,Taldangra,West Bengal,0.99,0.02,2.38,2.74,6.37,11.7,10.52,8.3,3.18,2.6,0.11,0
23,87.5,Jaypur,West Bengal,1.11,0.03,2.38,2.38,6.63,7.66,10.16,9.11,2.61,2.78,0.15,0
23,87.75,Raina - II,West Bengal,1.02,0.09,2.29,2.11,7.52,7.93,10.13,11.21,3.57,3.64,0.1,0
23,88,Jamalpur,West Bengal,0.79,0.13,2.44,0.98,7.91,7.08,9.79,12.71,3.77,3.49,0.02,0
23,88.25,Polba - Dadpur,West Bengal,0.88,0.16,2.42,1.43,9.47,8,10.42,12.36,4.65,4.66,0.13,0
23,88.5,Kalyani,West Bengal,1.02,0.19,2.39,1.9,9,10.52,9.76,10.79,3.87,3.56,0.24,0
23,88.75,Bongaon,West Bengal,1.05,0.19,2.44,2.01,9.21,12.48,9.67,10.39,4.19,3.16,0.29,0
23,91.5,Chhagalnaiya Upazila,Chattogram Division,1.76,0.12,0.43,6.78,12.42,16.48,14.71,6.71,8.84,8.48,2.9,0
23,92.5,Lungsen,Mizoram,1.1,0.3,0,2.84,4.4,5.43,13.62,11.98,4.79,5.04,0.95,0
23,92.75,Lunglei,Mizoram,1.05,0.27,0.01,2.9,5.09,6.55,12.43,10.85,5.45,6.71,1.12,0
23,93,Hnahthial,Mizoram,1.33,0.29,0.01,3.19,5.2,7.37,12.79,11.05,5.99,7.88,1.11,0
23.25,68.5,Unknown,Unknown,0.02,0,0.06,0,0,1.09,7.56,19.12,2.15,0.65,0,0.01
23.25,68.75,Abdasa Taluka,Gujarat,0.03,0,0.06,0,0,0.85,7.92,19.48,1.79,0.85,0,0
23.25,69,Abdasa Taluka,Gujarat,0.02,0,0.08,0,0,2.42,8.31,19.74,2.2,0.6,0,0.04
23.25,69.25,Nakhatrana Taluka,Gujarat,0,0,0.14,0,0,3.75,8.33,18.48,2.92,0.22,0,0.02
23.25,69.5,Bhuj Taluka,Gujarat,0.03,0,0.13,0.01,0,3.79,6.72,18.19,3.66,1.8,0,0.03
23.25,69.75,Bhuj Taluka,Gujarat,0.06,0,0.14,0.02,0,2.96,4.08,15.4,3.97,3.49,0,0
23.25,70,Bhuj Taluka,Gujarat,0.01,0,0.03,0,0,3.03,7.66,19.25,4.7,2.98,0,0
23.25,70.25,Bhachau Taluka,Gujarat,0,0,0,0,0,1.12,9.04,17.49,3.63,0.78,0,0
23.25,70.5,Bhachau Taluka,Gujarat,0,0,0,0,0,3.66,4.88,13.32,5.31,1.06,0,0
23.25,70.75,Unknown,Gujarat,0,0,0,0,0,4.32,4.25,13.41,5.59,1,0,0
23.25,71,Unknown,Gujarat,0,0,0,0,0,4.19,3.55,13.18,3.49,0.09,0,0.03
23.25,71.25,Unknown,Gujarat,0,0,0,0,0,3.81,3.71,12.84,3.24,0.03,0,0.03
23.25,71.5,Unknown,Gujarat,0,0,0,0,0,1.62,2.62,11.18,2.04,0,0,0
23.25,71.75,Dasada Taluka,Gujarat,0,0,0,0,0,1.78,3.16,11.87,1.75,0,0,0
23.25,72,Mandal Taluka,Gujarat,0,0,0,0,0,3.16,3.6,9.02,1.59,0.05,0,0
23.25,72.25,Kadi Taluka,Gujarat,0,0,0.03,0,0,2.49,6,20.11,2.21,0.25,0,0.01
23.25,72.5,Kalol Taluka,Gujarat,0,0,0.13,0,0,3.81,4.87,13.18,4.87,0.04,0,0.13
23.25,72.75,Gandhinagar Taluka,Gujarat,0,0,0.07,0,0,5.71,4.88,16.46,5.72,0.12,0,0.12
23.25,73,Bayad Taluka,Gujarat,0,0,0.29,0,0,2.77,5.29,16.2,4.8,0.35,0,0.15
23.25,73.25,Bayad Taluka,Gujarat,0,0,0.3,0,0,2.43,5.15,13.98,4.11,0.32,0,0.19
23.25,73.5,Virpur Taluka,Gujarat,0,0,0.41,0,0,5.51,4.76,12.43,6,0.29,0,0.24
23.25,73.75,Kadana Taluka,Gujarat,0,0,0.14,0,0,5.85,3.84,12.37,5.68,0.33,0,0.28
23.25,74,Fatehpura Taluka,Gujarat,0,0,0.04,0,0,3.86,3.38,13.43,6.68,0,0,0.32
23.25,74.25,Sajjangarh Tehsil,Rajasthan,0,0,0.27,0,0,5.21,4.74,16.51,9.09,0.13,0,0.12
23.25,74.5,Kushalgarh Tehsil,Rajasthan,0,0,0.16,0,0,5.78,5.5,18.58,8.98,0.19,0,0.15
23.25,74.75,Rawti Tahsil,Madhya Pradesh,0,0,0.09,0,0,5.13,6.78,19.68,6.83,0.34,0,0.4
23.25,75,Ratlam Nagar Tahsil,Madhya Pradesh,0,0,0.16,0,0,5.64,6.3,18.42,7.85,1.05,0,0.57
23.25,75.25,Ratlam Tahsil,Madhya Pradesh,0.04,0,0.21,0,0.01,6.07,5.37,17.41,8.06,1,0,0.51
23.25,75.5,Badnagar Tahsil,Madhya Pradesh,0.36,0,0.67,0,0.1,5.89,4.42,17.22,6.48,0.37,0,0.47
23.25,75.75,Ghatiya Tahsil,Madhya Pradesh,0.05,0,0.32,0.19,0.09,8.11,6.32,17.42,6.33,0.1,0,0.4
23.25,76,Tarana Tahsil,Madhya Pradesh,0.01,0,0.32,0.21,0.13,9.07,6.6,17.7,6.54,0.01,0,0.34
23.25,76.25,Shajapur Tahsil,Madhya Pradesh,0.05,0,0.39,0.01,0.22,10.53,5.36,20.24,9.36,0.05,0.04,0.41
23.25,76.5,Polayakala Tahsil,Madhya Pradesh,0.03,0,0.46,0.02,0.13,7.84,3.52,20.07,6.33,0,0.26,0.2
23.25,76.75,Kalapipal Tahsil,Madhya Pradesh,0.01,0,0.44,0.02,0.18,7.87,3.55,22.25,6.33,0.11,0.21,0.2
23.25,77,Sehore Tahsil,Madhya Pradesh,0.13,0,0.59,0.02,0.63,8.63,5.42,24.33,5.43,0.38,0,0.29
23.25,77.25,Huzur Tahsil,Madhya Pradesh,0.21,0,0.89,0,1.13,13.64,4.52,20,5.53,0.78,0.01,0.42
23.25,77.5,Huzur Tahsil,Madhya Pradesh,0.16,0,0.65,0,0.8,10.62,5.16,23.6,4.89,0.46,0.01,0.29
23.25,77.75,Raisen Tahsil,Madhya Pradesh,0.1,0,0.68,0,0.66,9.94,5.09,26.09,4.73,0.33,0,0.21
23.25,78,Sultanpur Tahsil,Madhya Pradesh,0.07,0,0.66,0,0.54,8.3,8.46,24.03,6.63,0,0,0.13
23.25,78.25,Silwani Tahsil,Madhya Pradesh,0.13,0,0.67,0.01,0.85,7.48,8.67,19.37,6.02,0,0,0.17
23.25,78.5,Silwani Tahsil,Madhya Pradesh,0.25,0,0.38,0.79,0.42,6.56,7.79,24.49,4.51,0,0,0.09
23.25,78.75,Silwani Tahsil,Madhya Pradesh,0.42,0,0.5,1.4,0.24,4.96,5.4,23.02,2.08,0,0.04,0.04
23.25,79,Deori Tahsil,Madhya Pradesh,0.38,0,0.78,0.92,0.41,5.49,4.97,18.03,3.21,0,0.1,0.12
23.25,79.25,Tendukheda Tahsil,Madhya Pradesh,0.61,0,0.45,0.13,0.64,3.47,4.98,20.1,5.89,0.31,0.02,0.04
23.25,79.5,Shahpura Tahsil,Madhya Pradesh,0.8,0.01,0.44,0,0.84,2.43,5.5,23.58,6.42,0.5,0.01,0
23.25,79.75,Patan Tahsil,Madhya Pradesh,0.76,0.02,0.36,0.05,0.62,3.16,5.29,20.33,5.66,0.32,0.08,0.05
23.25,80,Panagar Tahsil,Madhya Pradesh,0.74,0.13,0.6,0.15,0.7,3.8,6.16,19.07,5.05,0.25,0.24,0.1
23.25,80.25,Kundam Tahsil,Madhya Pradesh,0.84,0.45,0.69,0.37,0.75,4.39,6.68,19.2,4.77,0.28,0.27,0.12
23.25,80.5,Kundam Tahsil,Madhya Pradesh,0.66,1.1,0.99,0.8,0.92,5.66,6.77,20.24,5.01,0.41,0.24,0.07
23.25,80.75,Karkeli Tahsil,Madhya Pradesh,1.29,1.02,1.56,0.53,1.49,9.1,8.75,14.79,5.28,2.08,0.14,0.11
23.25,81,Nowrozabad Tahsil,Madhya Pradesh,1.29,1.3,1.79,0.69,1.53,9.59,8.55,13.19,5.29,1.93,0.16,0.06
23.25,81.25,Pali Tahsil,Madhya Pradesh,1.15,1.3,1.75,0.59,1.5,9.55,8.21,12.24,5.28,1.88,0.13,0.05
23.25,81.5,Sohagpur Tahsil,Madhya Pradesh,1.11,1.31,1.84,0.45,1.29,9.19,7.37,11.95,5.13,2.25,0.06,0
23.25,81.75,Jaitpur Tahsil,Madhya Pradesh,1.17,1.45,1.55,0.39,1.36,8.72,6.98,10.67,5.77,2.83,0,0
23.25,82,Kotma Tehsil,Madhya Pradesh,1.45,0.71,2.8,0.24,0.6,9.14,7.42,20.4,3.51,2.95,0.01,0.01
23.25,82.25,Manendragarh Tahsil,Chhattisgarh,1.04,0.4,1.67,0.23,0.73,9.66,8.68,12.91,4.02,4.73,0.28,0
23.25,82.5,Baikunthpur Tahsil,Chhattisgarh,1.81,0.68,2.7,0.92,1.16,12.39,9.48,14.34,4.46,6.13,0.4,0.02
23.25,82.75,Ramanujnagar Tahsil,Chhattisgarh,2.25,0.95,3.39,1.4,1.48,13.73,9.6,15.29,4.72,6.94,0.52,0.04
23.25,83,Bhaiyathan Tahsil,Chhattisgarh,1.59,1.68,4.31,1.76,1.87,9.3,5.62,14.67,4.45,6.27,1.05,0.05
23.25,83.25,Rajpur Tahsil,Chhattisgarh,1.51,1.44,3.98,1.53,1.9,10.15,7.27,13.38,4.53,5.36,0.84,0.03
23.25,83.5,Shankargarh Tahsil,Chhattisgarh,1.04,1,2.57,1.08,2.3,11.41,10.53,12.24,5.77,4.41,0.68,0.06
23.25,83.75,Shankargarh Tahsil,Chhattisgarh,1.12,0.51,1.63,0.76,2.45,11.4,11.95,11.59,6.65,4.32,0.3,0.07
23.25,84,Samri(Kusmi) Tahsil,Chhattisgarh,1.19,0.42,2.04,0.93,2.32,8.73,11.07,10.26,5.57,3.76,0.4,0.06
23.25,84.25,Chainpur,Jharkhand,1.32,0.55,3.12,1.13,2.16,4.19,8.58,7.81,3.44,2.77,0.74,0.03
23.25,84.5,Ghaghra,Jharkhand,1.45,0.67,3.28,1.16,2.32,4.2,9.44,8.71,3.42,3.54,1.01,0.05
23.25,84.75,Sisai,Jharkhand,0.99,0.47,2.8,1.35,1.02,5.51,7.38,8.24,3.27,2.58,0.53,0.04
23.25,85,Bero,Jharkhand,0.93,0.18,2.47,1.88,0.68,7.04,7.63,9.68,4,2.01,0.07,0.03
23.25,85.25,Namkum,Jharkhand,0.7,0.13,2.35,1.34,0.88,5.87,6.67,8.43,3.92,1.63,0.07,0.02
23.25,85.5,Namkum,Jharkhand,0.57,0.23,2.59,0.98,1.26,6.44,6.46,10.21,3.76,0.92,0.16,0
23.25,85.75,Sonahatu,Jharkhand,0.79,0.24,2.49,1.79,2.07,7.61,6.82,10.25,3.03,1.24,0.12,0.02
23.25,86,Bagmundi,West Bengal,1.27,0.07,1.76,2.51,3.52,9.22,8.98,10.76,3.94,2.26,0.22,0.04
23.25,86.25,Arsha,West Bengal,1.1,0.07,1.81,2.74,4.13,10.95,8.35,10.86,4.09,2.03,0.28,0.03
23.25,86.5,Purulia - I,West Bengal,0.69,0.1,1.83,2.71,4.49,9.7,7.73,9.17,5.02,1.65,0.17,0
23.25,86.75,Hura,West Bengal,0.97,0.03,1.64,3.67,5.47,9.69,8.64,10.12,4.63,1.49,0.05,0.01
23.25,87,Bankura - I,West Bengal,0.85,0.04,2.49,3.24,5.74,11.11,9.79,8.45,4.72,2.16,0.03,0
23.25,87.25,Sonamukhi,West Bengal,0.86,0.03,2.28,2.71,6.05,12.51,10.53,8.01,3.13,2.1,0.08,0
23.25,87.5,Patrasayer,West Bengal,1.15,0,2.34,2.27,7.44,11.41,10.65,9.25,2.21,3.28,0.18,0
23.25,87.75,Galsi - II,West Bengal,1.08,0.04,2.17,1.82,6.46,12.38,9.93,8.66,1.85,1.74,0.14,0
23.25,88,Burdwan - II,West Bengal,0.84,0.11,2.33,1.61,6.19,7.03,9.54,8.89,2.68,2.57,0.07,0
23.25,88.25,Kalna - I,West Bengal,1.01,0.16,2.38,1.77,7.39,6.14,9.05,8.35,3.02,2.54,0.12,0
23.25,88.5,Santipur,West Bengal,1.04,0.17,2.4,1.75,8.15,8.79,9.27,9.31,3.81,3.16,0.09,0
23.25,88.75,Maheshpur Upazila,Khulna Division,1.01,0.17,2.41,1.76,8.64,9.79,9.42,9.81,3.49,3.28,0.18,0
23.25,91.25,Chauddagram Upazila,Chattogram Division,1.42,0.14,0.24,6.57,9.26,14.6,15.39,5.37,10.08,6.41,1.99,0
23.25,91.5,Belonia,Tripura,1.6,0.12,0.33,6.61,11.42,15.88,14.54,6.28,9.47,7.65,2.48,0
23.25,91.75,Karbook,Tripura,1.44,0.14,0.24,5.95,9.99,13.87,13.88,5.89,7.81,6.95,1.89,0
23.25,92.25,Bagaichhari Upazila,Chattogram Division,0.64,0.24,0.02,3.24,4.54,4.67,10.8,8.58,4.87,6.39,1.18,0
23.25,92.5,West Bunghmun,Mizoram,0.13,0.19,0,2.78,4.18,4.74,9,6.55,4.73,6.74,1.42,0
23.25,92.75,Serchhip,Mizoram,0.86,0.24,0.03,2.93,4.54,5.01,10.25,7.96,4.98,5.95,1.25,0
23.25,93,East Lungdar,Mizoram,0.97,0.24,0.03,2.68,4.51,5.32,10.58,8.52,5.11,5.71,1.23,0
23.25,93.25,Khawbung,Mizoram,0.91,0.25,0.04,2.7,4.59,5.43,9.98,8.07,5.02,6.22,1.23,0
23.5,68.25,Unknown,Unknown,0.01,0,0.03,0,0,0.47,6.6,18.25,2.58,0.41,0,0
23.5,68.5,Lakhpat Taluka,Gujarat,0.02,0,0.04,0,0,0.68,6.91,18.5,2.45,0.48,0,0
23.5,68.75,Abdasa Taluka,Gujarat,0.02,0,0.05,0,0,0.8,7.14,18.7,2.34,0.54,0,0
23.5,69,Nakhatrana Taluka,Gujarat,0.01,0,0.09,0,0,2.04,7.58,18.44,2.65,0.34,0,0.01
23.5,69.25,Nakhatrana Taluka,Gujarat,0.01,0,0.15,0,0,3.22,7.81,17.82,2.99,0.44,0,0
23.5,69.5,Nakhatrana Taluka,Gujarat,0.01,0,0.14,0,0,3.44,7.54,18.4,3.49,1.18,0,0
23.5,69.75,Bhuj Taluka,Gujarat,0.03,0,0.09,0.01,0,3.09,6.17,17.31,4.31,2.98,0,0
23.5,70,Bhuj Taluka,Gujarat,0.02,0,0.04,0,0,2.31,7.52,17.83,4.16,2.25,0,0
23.5,70.25,Unknown,Gujarat,0,0,0,0,0,2.19,8.29,15.89,4.39,1.2,0,0
23.5,70.5,Bhachau Taluka,Gujarat,0,0,0,0,0,3.52,6.86,12.21,5.36,1.33,0,0
23.5,70.75,Rapar Taluka,Gujarat,0,0,0,0,0,3.44,6.54,12.74,5.15,1.19,0,0
23.5,71,Rapar Taluka,Gujarat,0,0,0,0,0,4.12,4.61,12.78,4.52,0.67,0,0.01
23.5,71.25,Unknown,Gujarat,0,0,0,0,0,3.11,2.44,14.94,2.33,0.16,0,0
23.5,71.5,Unknown,Gujarat,0,0,0,0,0,2.15,2.81,16.41,1.63,0.24,0,0
23.5,71.75,Shankheswar Taluka,Gujarat,0,0,0.01,0,0,2.86,3.27,16.13,2.42,0.14,0,0
23.5,72,Becharaji Taluka,Gujarat,0,0,0.03,0,0,3.88,3.41,14.25,3.33,0.1,0,0
23.5,72.25,Jotana Taluka,Gujarat,0,0,0.03,0,0,4.8,5.78,17.17,1.79,0.36,0,0.01
23.5,72.5,Mahesana Taluka,Gujarat,0,0,0.09,0,0,4.58,6.48,13.27,3.38,1.01,0,0.02
23.5,72.75,Mansa Taluka,Gujarat,0,0,0.22,0,0,5.45,4.42,15.28,5.26,0.99,0,0.08
23.5,73,Prantij Taluka,Gujarat,0,0,0.31,0,0,3.68,4.75,14.22,3.28,0.44,0,0.14
23.5,73.25,Modasa Taluka,Gujarat,0,0,0.32,0,0,3.06,5.64,14.01,3.07,0.15,0,0.21
23.5,73.5,Meghraj Taluka,Gujarat,0,0,0.28,0,0,1.56,5.47,14.04,4.4,0.13,0,0.23
23.5,73.75,Simalwara Tehsil,Rajasthan,0,0,0.12,0,0,2.84,4.04,13.44,7.07,0.31,0,0.15
23.5,74,Galiakot Tehsil,Rajasthan,0,0,0.28,0,0,2.75,5.55,12.61,5.71,0.06,0,0.16
23.5,74.25,Garhi Tehsil,Rajasthan,0,0,0.25,0,0,2.74,4.48,20.04,5.69,0.37,0,0.11
23.5,74.5,Abapura Tehsil,Rajasthan,0,0,0.07,0,0,1.92,5.82,21.45,8.19,0.58,0,0.08
23.5,74.75,Sailana Tahsil,Madhya Pradesh,0,0,0.14,0,0,4.99,7.33,21.17,7.97,0.43,0,0.48
23.5,75,Ratlam Tahsil,Madhya Pradesh,0,0,0.22,0,0,6.25,6.11,14.81,8.64,1.77,0,0.58
23.5,75.25,Khacharod Tahsil,Madhya Pradesh,0.12,0,0.43,0,0.03,5.54,5.74,14.37,8.08,1.97,0,0.42
23.5,75.5,Nagda Tahsil,Madhya Pradesh,0.7,0,1.24,0,0.19,5.09,3.46,15.96,3.69,0.03,0,0.29
23.5,75.75,Mahidpur Tahsil,Madhya Pradesh,0.42,0,0.79,0.14,0.13,7.31,6.44,16.32,3.9,0.01,0,0.32
23.5,76,Maakdon Tahsil,Madhya Pradesh,0.29,0,0.57,0.19,0.08,8.04,7.09,16.82,3.97,0.04,0,0.38
23.5,76.25,Shajapur Tahsil,Madhya Pradesh,0.25,0,0.9,0.04,0.06,5.05,2.36,21.21,4.6,0.01,0.04,0.4
23.5,76.5,Gulana Tahsil,Madhya Pradesh,0.08,0,0.54,0.02,0.05,6.5,2.75,19.44,5.4,0.01,0.31,0.17
23.5,76.75,Pachore Tahsil,Madhya Pradesh,0.1,0,0.39,0.11,0.2,7.34,4.03,20.55,4.79,0.17,0.23,0.2
23.5,77,Narsinghgarh Tahsil,Madhya Pradesh,0.17,0,0.49,0.19,0.67,9.87,5.21,21.51,3.96,0.56,0.05,0.34
23.5,77.25,Shayampur Tahsil,Madhya Pradesh,0.19,0,0.68,0.07,0.89,11.24,5.39,20.92,4.72,0.6,0,0.36
23.5,77.5,Berasia Tahsil,Madhya Pradesh,0.17,0,0.77,0,0.84,12.35,3.98,17.24,4.82,0.53,0.03,0.35
23.5,77.75,Raisen Tahsil,Madhya Pradesh,0.12,0,1.01,0,0.56,9.69,4.46,19.26,4.68,0.17,0.05,0.2
23.5,78,Vidisha Tahsil,Madhya Pradesh,0.08,0,1.16,0,0.39,7.81,6.04,23.42,5.14,0,0.02,0.08
23.5,78.25,Gairatganj Tahsil,Madhya Pradesh,0.08,0,1.17,0,0.37,7.5,6.94,25.7,5.56,0,0,0.05
23.5,78.5,Begamganj Tahsil,Madhya Pradesh,0.18,0,1.03,0.27,0.48,6.81,6.46,22.05,4.69,0,0.03,0.09
23.5,78.75,Kesli Tahsil,Madhya Pradesh,0.34,0,0.91,0.77,0.87,5.6,7.1,15.52,4.38,0,0.12,0.22
23.5,79,Deori Tahsil,Madhya Pradesh,0.33,0,0.76,0.65,0.75,5.38,6.47,15.04,4.67,0,0.1,0.19
23.5,79.25,Rehli Tahsil,Madhya Pradesh,0.37,0,0.11,0.13,0.17,4.24,3.41,15.74,5.54,0.06,0.01,0.04
23.5,79.5,Tendukheda Tahsil,Madhya Pradesh,0.7,0,0.27,0.04,0.52,3.26,4.77,19.82,5.8,0.3,0.04,0.06
23.5,79.75,Jabera Tahsil,Madhya Pradesh,0.93,0,0.21,0.05,0.45,3.46,5.46,18.06,4.86,0.21,0.15,0.15
23.5,80,Majholi Tahsil,Madhya Pradesh,0.93,0,0.2,0.05,0.43,3.58,5.46,17.72,4.79,0.19,0.16,0.17
23.5,80.25,Dhimarkheda Tahsil,Madhya Pradesh,0.81,0.05,0.21,0.07,0.43,3.47,5.49,16.23,4.15,0.17,0.15,0.16
23.5,80.5,Dhimarkheda Tahsil,Madhya Pradesh,0.52,0.11,0.2,0.12,0.34,4.22,5.1,12.58,3.23,0.07,0.17,0.21
23.5,80.75,Bandhogarh Umaria Tahsil,Madhya Pradesh,0.38,0.56,0.83,0.14,0.76,6.73,5.9,9.86,3.66,0.59,0.1,0.14
23.5,81,Manpur Tahsil,Madhya Pradesh,0.59,0.91,1.43,0.17,1.25,8.63,7.18,10.55,4.68,1.24,0.07,0.06
23.5,81.25,Pali Tahsil,Madhya Pradesh,0.68,1.1,1.87,0.21,1.42,9.77,7.68,10.99,4.93,1.43,0.06,0
23.5,81.5,Shahdol,Madhya Pradesh,0.54,1.02,1.88,0.11,1.45,9.92,7.74,10.78,4.88,1.23,0.06,0
23.5,81.75,Jaitpur Tahsil,Madhya Pradesh,0.69,1.02,1.88,0.13,1.35,9.68,7.63,11.45,4.9,1.71,0.05,0
23.5,82,Manendragarh Tahsil,Chhattisgarh,1.14,0.79,2.03,0.24,0.89,9.23,7.75,14.82,4.31,3.32,0.1,0
23.5,82.25,Manendragarh Tahsil,Chhattisgarh,1.46,0.6,2.29,0.49,0.89,10.75,8.81,15,4.19,4.81,0.23,0.01
23.5,82.5,Sonhat Tahsil,Chhattisgarh,1.81,0.67,2.75,0.86,1.1,12.22,9.38,15.11,4.36,5.82,0.34,0.02
23.5,82.75,Oudgi Tahsil,Chhattisgarh,1.94,0.89,3.16,1.2,1.36,12.55,9.09,14.55,4.55,6.39,0.51,0.03
23.5,83,Oudgi Tahsil,Chhattisgarh,1.77,1.2,3.67,1.45,1.7,11.66,8.32,13.97,4.53,5.96,0.69,0.04
23.5,83.25,Pratappur Tahsil,Chhattisgarh,0.94,1.17,3.38,1.11,2.08,10.2,9.13,10.68,4.28,3.88,0.65,0.02
23.5,83.5,Balrampur Tahsil,Chhattisgarh,0.66,1,3.18,0.72,2.02,9.73,10.28,8.78,4.72,3.12,0.49,0.01
23.5,83.75,Samri(Kusmi) Tahsil,Chhattisgarh,0.75,0.65,3.41,0.86,2.1,8.82,11.16,8.58,4.82,3.46,0.4,0.02
23.5,84,Samri(Kusmi) Tahsil,Chhattisgarh,1.09,0.32,3.78,1.02,1.89,6.96,11.59,8.73,4.93,4.18,0.42,0.04
23.5,84.25,Mahuadanr,Jharkhand,1.13,0.27,3.33,1.07,2.22,3.96,6.77,5.27,3.85,1.22,0.46,0.04
23.5,84.5,Peshrar,Jharkhand,1.87,0.92,4.71,0.95,2.97,5.21,9.54,11.11,4.55,5.41,1.16,0.13
23.5,84.75,Lohardaga,Jharkhand,1.28,0.92,4.13,0.79,1.67,6.27,7.94,9.03,5.13,4.03,0.59,0.08
23.5,85,Chanho,Jharkhand,0.43,0.36,2.34,1.52,2.03,7.65,7.17,6.23,5.8,2.65,0.57,0
23.5,85.25,Kanke,Jharkhand,0.46,0.11,2.18,0.62,1.35,5.95,6.5,6.42,3.87,1.58,0.06,0
23.5,85.5,Ormanjhi,Jharkhand,0.48,0.38,2.41,0.76,2.25,6.96,6.8,8.96,3.43,1.25,0.16,0
23.5,85.75,Gola,Jharkhand,0.5,0.31,2.49,0.31,1.37,4.8,7,10.8,2.09,0.33,0.05,0.02
23.5,86,Jaridih,Jharkhand,1.14,0.13,1.94,1.07,2.75,6.93,7.82,10.05,4.3,2.33,0.17,0.04
23.5,86.25,Chas,Jharkhand,0.97,0.05,1.71,1.27,2.72,10.08,8.9,8.62,5.5,1.97,0.1,0.03
23.5,86.5,Para,West Bengal,0.43,0.06,1.88,0.89,2.31,8.47,10.84,8.18,6.15,1.06,0.01,0
23.5,86.75,Raghunathpur - I,West Bengal,0.98,0.04,2.16,1.71,3.76,7.42,11.84,9.44,6.22,2.79,0.01,0
23.5,87,Saltora,West Bengal,0.87,0.02,3.23,3.74,6.01,12.18,10.16,7.12,6.18,3.17,0,0
23.5,87.25,Barjora,West Bengal,0.65,0.06,1.77,2.61,5.31,9.93,10.49,7.8,3.18,1.14,0.02,0
23.5,87.5,Ausgram - II,West Bengal,0.66,0.04,1.36,1.4,6.25,12.39,10.02,7.76,3.7,1.48,0.03,0
23.5,87.75,Mangolkote,West Bengal,0.76,0.01,1.78,2.02,7.17,13.67,9.93,8.21,1.63,0.95,0.07,0
23.5,88,Mangolkote,West Bengal,0.79,0.07,1.95,1.84,6.66,7.75,10.29,6.89,2.22,0.69,0.11,0
23.5,88.25,Purbasthali - II,West Bengal,0.81,0.11,2.08,2.16,6.59,6.37,9.15,6.58,2.61,1.14,0.12,0
23.5,88.5,Krishnagar-II,West Bengal,0.8,0.13,2.07,2.15,6.81,7.7,9.77,7.72,2.79,1.79,0.11,0
23.5,88.75,Damurhuda Upazila,Khulna Division,0.91,0.16,2.26,2.03,7.32,8.31,9.7,7.87,2.88,2.05,0.1,0
23.5,91.25,Sonamura,Tripura,0.99,0.15,0.03,5.28,9.41,15.29,13.85,5.49,9.03,6.22,1.11,0
23.5,91.5,Udaipur,Tripura,1.33,0.13,0.17,5.9,10.13,15.12,14.13,5.83,9.44,6.81,1.77,0
23.5,91.75,Amarpur,Tripura,1.57,0.16,0.23,5.58,9.81,11.83,10.96,6.9,7.41,8.64,1.57,0
23.5,92.25,Bagaichhari Upazila,Chattogram Division,1.14,0.21,0.11,3.67,5.79,5.53,8.45,6.59,5.78,7.59,1.15,0
23.5,92.5,West Phaileng,Mizoram,0.76,0.2,0.07,3.25,4.99,5.09,8.44,6.22,5.32,7.26,1.28,0
23.5,92.75,Aibawk,Mizoram,0.92,0.21,0.08,3.45,5.4,5.3,8.76,6.72,5.57,7.53,1.2,0
23.5,93,Serchhip,Mizoram,0.93,0.21,0.08,3.34,5.24,5.17,8.81,6.8,5.46,7.22,1.21,0
23.5,93.25,Khawzawl,Mizoram,0.84,0.21,0.06,3.11,4.92,4.94,8.64,6.57,5.29,6.84,1.27,0
23.75,68,Sujawal District,Sindh,0.01,0,0.01,0,0,0.16,6.04,17.82,2.84,0.27,0,0
23.75,68.25,Unknown,Gujarat,0.01,0,0.01,0,0,0.24,6.11,17.84,2.82,0.27,0,0
23.75,68.5,Unknown,Gujarat,0,0,0.01,0,0,0.21,5.93,17.68,2.94,0.21,0,0
23.75,68.75,Lakhpat Taluka,Gujarat,0,0,0,0,0,0.03,5.62,17.44,3.08,0.14,0,0
23.75,69,Lakhpat Taluka,Gujarat,0,0,0.03,0,0,0.61,6.24,17.74,2.91,0.26,0,0
23.75,69.25,Bhuj Taluka,Gujarat,0.01,0,0.09,0,0,1.9,7.05,17.85,2.89,0.45,0,0
23.75,69.5,Bhuj Taluka,Gujarat,0.02,0,0.12,0.01,0,2.69,6.39,17.36,3.47,1.48,0,0
23.75,69.75,Bhuj Taluka,Gujarat,0.02,0,0.11,0.01,0,2.98,6.87,17.95,3.79,2.12,0,0
23.75,70,Unknown,Gujarat,0.02,0,0.04,0.01,0,2.66,6.97,16.32,4.39,2.15,0,0
23.75,70.25,Unknown,Gujarat,0,0,0,0,0,2.87,7.74,14.71,4.88,1.44,0,0
23.75,70.5,Rapar Taluka,Gujarat,0,0,0,0,0,3.36,6.89,12.69,5.24,1.28,0,0
23.75,70.75,Rapar Taluka,Gujarat,0,0,0,0,0,3.45,6.51,12.73,5.14,1.18,0,0
23.75,71,Unknown,Gujarat,0,0,0,0,0,3.06,4.76,14.61,4.2,0.68,0,0
23.75,71.25,Santalpur Taluka,Gujarat,0,0,0.01,0,0,2.27,2.59,16.81,2.29,0.2,0,0
23.75,71.5,Radhanpur Taluka,Gujarat,0,0,0,0,0,2.63,2.92,19.18,1.8,0.22,0,0
23.75,71.75,Sami Taluka,Gujarat,0,0,0,0,0,3.12,2.35,18.5,1.58,0.28,0,0
23.75,72,Patan Taluka,Gujarat,0,0,0.03,0,0,2.32,2.76,16.63,1.43,0.11,0,0
23.75,72.25,Patan Taluka,Gujarat,0,0,0.13,0,0,2.09,4.07,22.02,3.89,0.15,0,0.08
23.75,72.5,Visnagar Taluka,Gujarat,0,0,0.01,0,0,1.86,2.43,13.41,2,0.16,0,0.1
23.75,72.75,Vijapur Taluka,Gujarat,0,0,0.34,0,0,3.87,3.54,15.66,4.66,0.69,0,0.04
23.75,73,Idar Taluka,Gujarat,0,0,0.41,0,0.01,2.2,4.34,19.45,5.4,0.21,0,0.05
23.75,73.25,Bhiloda Taluka,Gujarat,0,0,0.36,0,0,1.34,5.46,20.92,3.78,0.13,0,0.1
23.75,73.5,Bichiwara Tehsil,Rajasthan,0,0,0.11,0,0,0.9,3.94,10.34,5.31,0.06,0,0.04
23.75,73.75,Jhonthtri Tehsil,Rajasthan,0,0,0.1,0,0,0.79,3.96,10.88,5.02,0.17,0,0.04
23.75,74,Sagwara Tehsil,Rajasthan,0,0,0.2,0,0,1.93,6.9,22.29,7.06,0.45,0,0.06
23.75,74.25,Garhi Tehsil,Rajasthan,0,0,0.23,0.02,0,2.88,8.21,22.94,6.76,0,0,0.25
23.75,74.5,Ghatol Tehsil,Rajasthan,0,0,0.31,0,0.12,2.38,7.81,22.48,9.16,0.09,0,0.21
23.75,74.75,Peepal Khoont Tehsil,Rajasthan,0,0,0.1,0.05,0.02,4.11,6.75,16.35,8.31,0.82,0,0.33
23.75,75,Piploda Tahsil,Madhya Pradesh,0,0,0.2,0,0,6.76,6.01,14.81,8.48,1.43,0,0.66
23.75,75.25,Jaora Tahsil,Madhya Pradesh,0.06,0,0.28,0,0.02,5.15,4.73,13.57,5.78,1.25,0.01,0.38
23.75,75.5,Alot Tahsil,Madhya Pradesh,0.26,0,0.56,0,0.06,4.22,4.86,15.19,2.8,0.24,0.01,0.11
23.75,75.75,Badod Tahsil,Madhya Pradesh,0.66,0,0.69,0,0,7.21,9.54,14.66,2.23,0.07,0,0.39
23.75,76,Agar Tahsil,Madhya Pradesh,0.51,0,0.41,0,0,6.62,6.19,14.48,2.64,0.17,0,0.44
23.75,76.25,Nalkheda Tahsil,Madhya Pradesh,0.31,0,0.5,0.02,0.03,4.98,3.08,17.71,3.78,0.12,0,0.44
23.75,76.5,Sarangpur Tahsil,Madhya Pradesh,0.35,0,0.63,0.04,0.08,4.1,4.44,20.6,4.54,0,0,0.43
23.75,76.75,Khujner Tahsil,Madhya Pradesh,0.28,0,0.33,0.17,0.3,6.68,6.13,22.64,4.16,0.24,0.01,0.35
23.75,77,Narsinghgarh Tahsil,Madhya Pradesh,0.18,0,0.32,0.3,0.55,8.69,5.84,22.24,2.85,0.55,0,0.35
23.75,77.25,Berasia Tahsil,Madhya Pradesh,0.13,0,0.33,0.11,0.34,10.27,4.54,15.89,3.11,0.37,0,0.31
23.75,77.5,Berasia Tahsil,Madhya Pradesh,0.1,0,0.5,0,0.26,10.23,3.18,12.51,3.8,0.08,0.05,0.26
23.75,77.75,Nateran Tahsil,Madhya Pradesh,0.09,0,0.72,0,0.39,9.72,2.8,13.41,4.1,0,0.09,0.23
23.75,78,Basoda Tahsil,Madhya Pradesh,0.08,0,1.13,0,0.29,8.41,5.05,22.52,4.87,0,0.03,0.1
23.75,78.25,Tyonda Tahsil,Madhya Pradesh,0.07,0,1.14,0.01,0.32,7.88,6.26,24.13,4.91,0,0,0.08
23.75,78.5,Jaisinagar Tahsil,Madhya Pradesh,0.15,0,0.91,0.38,0.78,6.9,8.09,20.21,5.05,0,0.04,0.18
23.75,78.75,Jaisinagar Tahsil,Madhya Pradesh,0.31,0,0.74,0.86,1.1,5.05,8.56,15.62,4.92,0,0.1,0.23
23.75,79,Rehli Tahsil,Madhya Pradesh,0.34,0,0.7,0.72,0.99,5.01,8.05,14.91,5.07,0,0.09,0.22
23.75,79.25,Garhakota Tahsil,Madhya Pradesh,0.44,0,0.13,0.22,0.24,4.6,4.44,14.51,5.14,0,0.07,0.15
23.75,79.5,Damoh Tahsil,Madhya Pradesh,1.08,0,0.06,0.08,0.21,4.19,5.74,14.37,3.68,0.01,0.28,0.29
23.75,79.75,Jabera Tahsil,Madhya Pradesh,1.15,0,0.09,0.07,0.28,3.83,5.98,15.25,3.68,0.05,0.28,0.25
23.75,80,Bahoriband Tahsil,Madhya Pradesh,0.96,0,0.15,0.07,0.33,4.25,5.6,15.83,4.39,0.11,0.23,0.29
23.75,80.25,Rithi Tahsil,Madhya Pradesh,0.65,0.08,0.15,0.12,0.33,5.17,5.11,12.13,3.04,0.03,0.28,0.24
23.75,80.5,Katni,Madhya Pradesh,0.48,0.12,0.15,0.14,0.29,5.33,4.91,10.76,2.82,0,0.26,0.25
23.75,80.75,Barhi Tahsil,Madhya Pradesh,0.28,0.34,0.51,0.14,0.54,6.24,5.45,9.81,3.29,0.15,0.18,0.21
23.75,81,Manpur Tahsil,Madhya Pradesh,0.32,0.7,1.08,0.14,1,7.93,7.08,9.62,4.53,0.5,0.12,0.15
23.75,81.25,Jaisinghnagar Tahsil,Madhya Pradesh,0.45,1,1.63,0.1,1.42,9.62,7.73,9.92,5.11,1.07,0.07,0.04
23.75,81.5,Jaisinghnagar Tahsil,Madhya Pradesh,0.37,0.95,1.84,0.02,1.5,10.12,7.85,10.23,4.87,0.93,0.06,0
23.75,81.75,Bharatpur Tahsil,Chhattisgarh,0.42,0.95,1.86,0.03,1.48,10.07,7.83,10.45,4.84,1.07,0.06,0
23.75,82,Bharatpur Tahsil,Chhattisgarh,0.76,0.92,1.92,0.14,1.23,9.64,7.72,12.35,4.68,2.07,0.07,0
23.75,82.25,Bharatpur Tahsil,Chhattisgarh,1.55,0.63,2.47,0.59,1,11.49,9.07,15.17,4.25,4.81,0.23,0.01
23.75,82.5,Sonhat Tahsil,Chhattisgarh,1.38,0.53,2.34,0.65,0.92,10.93,8.95,12.76,4.12,4.36,0.28,0.01
23.75,82.75,Oudgi Tahsil,Chhattisgarh,1.34,0.65,2.64,0.86,1.03,10.66,8.47,11.67,4.11,3.83,0.35,0.02
23.75,83,Pratappur Tahsil,Chhattisgarh,0.74,0.79,2.65,0.79,1.44,9.33,8.58,9.29,3.94,2.26,0.41,0.01
23.75,83.25,Wadrafnagar Tahsil,Chhattisgarh,0.44,0.94,2.66,0.68,1.88,9.65,9.81,7.88,4,2.01,0.46,0
23.75,83.5,Ramanujganj Tahsil,Chhattisgarh,0.42,1.05,2.81,0.78,2.29,9.95,10.46,8.19,4.15,2.43,0.53,0
23.75,83.75,Bhandaria,Jharkhand,0.76,1.1,3.6,0.61,1.66,10.29,11.03,8.75,4.75,3.15,0.5,0.01
23.75,84,Bhandaria,Jharkhand,0.88,0.24,3.66,0.62,1.77,8.75,12.18,9.35,6.14,4.9,0.16,0.05
23.75,84.25,Barwadih,Jharkhand,1.27,0.68,5.86,1.49,1.03,11.03,18.88,13.55,5.42,8.1,0.51,0
23.75,84.5,Latehar,Jharkhand,1.04,0.68,4.08,0.98,0.84,7.32,9.71,7.12,4.61,2.94,0.18,0
23.75,84.75,Chandwa,Jharkhand,1.04,0.9,3.9,0.62,0.72,7.03,7.61,6.31,5.05,2.31,0.37,0
23.75,85,Tandwa,Jharkhand,0.43,0.36,2.32,1.55,2.05,7.63,7.17,6.23,5.8,2.65,0.57,0
23.75,85.25,Barkagaon,Jharkhand,0.42,0.26,2.15,1.4,1.85,6.54,6.31,5.93,5.08,1.64,0.49,0
23.75,85.5,Mandu,Jharkhand,0.56,0.48,2.35,1.09,3.08,6.1,6.01,7.38,4.1,1.78,0.23,0
23.75,85.75,Gumia,Jharkhand,0.5,0.36,2.15,0.82,2.25,6.04,6.83,7.8,3.84,1.43,0.15,0
23.75,86,Peterwar,Jharkhand,0.78,0.37,2.14,1.18,2.62,7.14,7.1,8.73,6.55,2.31,0.1,0
23.75,86.25,Baghmara-Cum-Katras,Jharkhand,0.5,0.24,2.15,1.43,2.03,6.26,7.31,7.5,5.97,1.84,0.02,0
23.75,86.5,Baliapur,Jharkhand,0.81,0.29,3.21,1.07,2.86,7.17,7.22,7.96,9.47,1.8,0.08,0
23.75,86.75,Nirsa-Cum-Chirkunda,Jharkhand,0.92,0.07,2.16,1.07,2.95,6.5,12.16,9.22,6.84,2.87,0.02,0
23.75,87,Barabani,West Bengal,0.7,0,2.12,2.78,6.33,12.2,10.13,12.03,9.71,0.77,0.01,0
23.75,87.25,Khoyrasol,West Bengal,0.67,0.01,1.37,1.89,6.51,11.97,11.52,11.77,7.85,1.55,0,0
23.75,87.5,Dubrajpur,West Bengal,0.57,0.04,1.23,1.47,6.31,11.75,15.91,8.78,5.14,1.14,0,0
23.75,87.75,Bolpur Sriniketan,West Bengal,0.54,0.02,1.3,1.86,7.56,11.83,14.37,7,3.74,0.75,0.02,0
23.75,88,Ketugram - I,West Bengal,0.42,0.01,1.19,3.04,8.52,8.24,12.08,6.84,2.19,0.51,0.15,0
23.75,88.25,Kaliganj,West Bengal,0.5,0.08,1.56,3.05,7.28,7.72,10.71,6.59,2.66,0.61,0.15,0
23.75,88.5,Tehatta-I,West Bengal,0.54,0.11,1.79,3.39,7.28,6.77,9.74,6.49,2.46,0.62,0.15,0
23.75,91,Muradnagar Upazila,Chattogram Division,0,0,0,0,0,0,0,0,0,0,0,0
23.75,91.25,Sadar,Tripura,0.47,0.08,0.21,4.41,10.5,16,12.47,5.74,10.18,5.44,1.59,0
23.75,91.5,Jampuijala,Tripura,0.57,0.08,0.25,7.47,14.15,17.69,11.44,5.56,11.07,6.87,0.97,0
23.75,91.75,Teliamura,Tripura,1.08,0.09,0.25,7.13,12.34,15.37,10.21,6.71,10.43,9.96,0.83,0
23.75,92,Longtharai Valley,Tripura,1.5,0.18,0.14,4.64,7.4,7.41,9.06,7.48,6.82,9.36,1.31,0
23.75,92.25,Kanchanpur,Tripura,1.47,0.19,0.17,5.12,7.71,7.38,9.03,7.65,7.08,10.05,0.85,0
23.75,92.5,West Phaileng,Mizoram,1.49,0.22,0.13,3.68,5.68,5.41,7.95,6.24,6.39,7.05,1.19,0
23.75,92.75,Tlangnuam,Mizoram,1.11,0.2,0.09,3.56,5.71,6.09,8.55,7.03,6.23,8.08,1.17,0
23.75,93,Thingsulthliah,Mizoram,1.11,0.2,0.09,3.41,5.85,6.14,8.55,7.34,6.48,7.9,1.15,0
23.75,93.25,Ngopa,Mizoram,1.04,0.22,0.14,3.2,5.32,5.67,7.83,6.42,5.65,7.41,1.35,0
24,68,Sujawal District,Sindh,0,0,0,0,0,0.05,5.73,17.56,3.01,0.18,0,0
24,68.25,Sujawal District,Sindh,0,0,0,0,0,0.1,5.82,17.61,2.97,0.2,0,0
24,68.5,Sujawal District,Sindh,0,0,0.01,0,0,0.14,5.81,17.58,2.99,0.18,0,0
24,68.75,Sujawal District,Sindh,0,0,0,0,0,0.12,5.72,17.5,3.04,0.15,0,0
24,69,Unknown,Gujarat,0,0,0.02,0,0,0.43,6.02,17.62,2.98,0.21,0,0
24,69.25,Unknown,Gujarat,0.01,0,0.06,0,0,1.14,6.43,17.66,2.98,0.37,0,0
24,69.5,Unknown,Gujarat,0.01,0,0.09,0,0,2.03,6.49,17.54,3.29,0.85,0,0
24,69.75,Unknown,Gujarat,0.02,0,0.11,0.01,0,2.9,6.93,17.69,3.71,1.94,0,0
24,70,Unknown,Gujarat,0.01,0,0.03,0,0,2.73,7.21,15.65,4.55,1.87,0,0
24,70.25,Unknown,Gujarat,0,0,0.01,0,0,2.91,7.38,14.34,4.83,1.48,0,0
24,70.5,Unknown,Gujarat,0,0,0,0,0,3.19,7.01,13.09,5.11,1.23,0,0
24,70.75,Unknown,Gujarat,0,0,0.01,0,0,3.23,5.87,12.26,4.81,1.06,0,0
24,71,Unknown,Gujarat,0,0,0.03,0,0,2.14,2.85,12.65,2.84,0.19,0,0
24,71.25,Unknown,Gujarat,0,0,0.02,0,0,2.07,2.41,14.7,2.64,0.07,0,0
24,71.5,Bhabhar Taluka,Gujarat,0,0,0,0,0,1.9,2.77,15.78,3.77,0.03,0,0
24,71.75,Kankrej Taluka,Gujarat,0,0,0,0,0,2.18,2.26,16.48,2.83,0,0,0
24,72,Kankrej Taluka,Gujarat,0,0,0.03,0,0.08,2.26,3.96,20.33,2.92,0.21,0,0
24,72.25,Sidhpur Taluka,Gujarat,0,0,0.31,0,0.24,1.36,3.81,22.73,5.43,0.08,0,0.01
24,72.5,Vadgam Taluka,Gujarat,0,0,0.17,0,0.38,1.34,1.88,17.56,4.95,0.02,0,0.01
24,72.75,Satlasana Taluka,Gujarat,0,0,0.12,0,0.01,2.36,3.32,14.45,3.56,0.12,0,0.01
24,73,Vadali Taluka,Gujarat,0,0,0.56,0,0.08,2.65,5.47,17.32,5.01,0.34,0,0.07
24,73.25,Vijayanagar Taluka,Gujarat,0,0,0.4,0.1,0.07,1.87,4.42,15.06,4.26,0.01,0.08,0.02
24,73.5,Kherwara Tehsil,Rajasthan,0,0,0.25,0,0,0.64,5.08,10.56,5.6,0.19,0,0.03
24,73.75,Rishabhdeo Tehsil,Rajasthan,0,0,0.08,0.02,0.02,3.22,4.19,12.48,4.31,0.42,0,0.17
24,74,Salumbar Tehsil,Rajasthan,0,0,0.31,0.14,0.05,2.57,6.43,19.19,3.82,0.32,0.07,0.1
24,74.25,Salumbar Tehsil,Rajasthan,0,0,0.35,0.06,0.01,3.61,3.31,22.89,8.32,0.08,0.02,0.06
24,74.5,Dhariawad Tehsil,Rajasthan,0,0,0.23,0.08,0.06,2.89,6.52,16.85,8.09,0.34,0,0.14
24,74.75,Pratapgarh Tehsil,Rajasthan,0,0,0.11,0.11,0.06,2.91,7.42,14.47,8.19,0.56,0,0.15
24,75,Daloda Tahsil,Madhya Pradesh,0,0,0.2,0.17,0.05,4.69,5.75,12.7,6.35,1.01,0,0.33
24,75.25,Mandsaur Tahsil,Madhya Pradesh,0,0,0.12,0,0,2.66,3.86,12.19,2.54,0.38,0.01,0.13
24,75.5,Gangdhar Tehsil,Rajasthan,0,0,0.12,0,0,2.78,3.71,12.81,2.09,0.45,0.02,0.06
24,75.75,Suwasra Tahsil,Madhya Pradesh,0.14,0,0.31,0,0,5.88,8.31,16.74,3.77,0.01,0.01,0.07
24,76,Susner Tahsil,Madhya Pradesh,0.3,0,0.05,0,0,5.78,5.56,11.55,3.85,0.04,0.01,0.36
24,76.25,Susner Tahsil,Madhya Pradesh,0.36,0,0.1,0.02,0.01,3.55,4.71,13.99,3.61,0.06,0,0.48
24,76.5,Khilchipur Tahsil,Madhya Pradesh,0.43,0,0.3,0.04,0.09,1.87,6.44,15.52,3.8,0,0,0.47
24,76.75,Rajgarh Tahsil,Madhya Pradesh,0.39,0,0.28,0.06,0.08,5.46,5.96,22.48,4.83,0,0,0.31
24,77,Biaora Tahsil,Madhya Pradesh,0.4,0,0.22,0.04,0.12,8.45,4.69,17.26,3.03,0.15,0,0.23
24,77.25,Maksoodangarh Tahsil,Madhya Pradesh,0.16,0,0.37,0,0.16,11.7,4.32,12.51,2.79,0.24,0,0.34
24,77.5,Lateri Tahsil,Madhya Pradesh,0.04,0,0.18,0,0.1,9.37,3.01,11.09,3.6,0.08,0.01,0.2
24,77.75,Nateran Tahsil,Madhya Pradesh,0.08,0,0.55,0,0.29,9.91,2.97,13.42,4.85,0.01,0.08,0.22
24,78,Kurwai Tahsil,Madhya Pradesh,0.08,0,0.49,0.02,0.33,9.98,5.15,17,5.06,0,0.04,0.24
24,78.25,Pathardi Tahsil,Madhya Pradesh,0.05,0,0.55,0.03,0.32,9.63,6.13,18.81,4.62,0,0.01,0.22
24,78.5,Malthon Tahsil,Madhya Pradesh,0.17,0,0.78,0.28,0.59,7.23,7.26,19.25,4.42,0,0.03,0.22
24,78.75,Banda Tahsil,Madhya Pradesh,0.64,0,0.52,0.55,0.74,4.26,8.59,14.24,4.38,0,0.05,0.21
24,79,Banda Tahsil,Madhya Pradesh,0.8,0,0.34,0.37,0.39,4.41,7.62,13.32,4.87,0.01,0.07,0.23
24,79.25,Patharia Tahsil,Madhya Pradesh,0.71,0,0.23,0.14,0.12,5.96,5.75,12.31,5.11,0.02,0.15,0.5
24,79.5,Patera Tahsil,Madhya Pradesh,0.59,0,0.22,0.12,0.2,7.02,5.07,12.34,5.14,0.02,0.26,0.71
24,79.75,Patera Tahsil,Madhya Pradesh,0.97,0,0.11,0.1,0.2,4.97,5.67,13.59,4.04,0.01,0.27,0.41
24,80,Raipura Tahsil,Madhya Pradesh,0.85,0.02,0.14,0.1,0.24,5.74,5.52,12.72,3.81,0.01,0.32,0.47
24,80.25,Shahnagar Tahsil,Madhya Pradesh,0.44,0.1,0.16,0.14,0.32,6.29,4.59,10.67,2.94,0,0.31,0.28
24,80.5,Vijayraghavgarh Tahsil,Madhya Pradesh,0.36,0.14,0.17,0.15,0.29,5.65,4.68,10.24,2.81,0,0.25,0.25
24,80.75,Vijayraghavgarh Tahsil,Madhya Pradesh,0.3,0.22,0.25,0.18,0.4,5.95,5.03,9.86,3.15,0.02,0.24,0.26
24,81,Manpur Tahsil,Madhya Pradesh,0.28,0.57,0.78,0.18,0.8,7.3,6.81,9.5,4.44,0.25,0.17,0.22
24,81.25,Beohari Tahsil,Madhya Pradesh,0.31,0.79,1.15,0.17,1.11,8.55,7.79,9.44,5.2,0.46,0.15,0.18
24,81.5,Beohari Tahsil,Madhya Pradesh,0.38,0.93,1.54,0.11,1.37,9.62,8.08,9.78,5.28,0.77,0.11,0.08
24,81.75,Kusmi Tahsil,Madhya Pradesh,0.42,0.85,1.57,0.09,1.36,9.75,8.3,10.19,5.14,0.69,0.13,0.06
24,82,Kusmi Tahsil,Madhya Pradesh,0.7,0.69,1.82,0.09,1.18,9.84,8.48,12.67,4.57,1.23,0.13,0
24,82.25,Sarai Tahsil,Madhya Pradesh,0.53,0.56,1.64,0.18,1.03,9.56,7.62,9.86,4.14,2.06,0.29,0.03
24,82.5,Mada Tahsil,Madhya Pradesh,1.11,0.53,2.46,0.76,1,10.71,7.99,9.61,4.32,2.58,0.45,0.1
24,82.75,Singrauli Tahsil,Madhya Pradesh,0.61,0.47,2.18,0.56,0.75,8.67,7.28,6.86,4.54,0.63,0.46,0.15
24,83,Dudhi,Uttar Pradesh,0.42,0.51,2.09,0.47,0.86,8.12,7.56,7.27,3.63,0.52,0.26,0.02
24,83.25,Ramanujganj Tahsil,Chhattisgarh,0.4,0.76,2.45,0.56,1.48,9.18,8.77,7.44,3.75,1.38,0.34,0
24,83.5,Ramanujganj Tahsil,Chhattisgarh,0.44,0.88,2.69,0.45,1.42,10.12,9.07,6.68,3.74,1.67,0.33,0
24,83.75,Ranka Kalan,Jharkhand,1.08,1.63,3.79,0.19,0.64,11.43,9.77,8.16,4.62,2.36,0.58,0
24,84,Chainpur,Jharkhand,0.89,0.88,3.46,0.34,0.96,10.03,11.49,8.81,4.89,4,0.41,0.02
24,84.25,Nilambar-Pitambarpur(Lesliganj),Jharkhand,0.35,0.22,1.76,0.08,0.28,7.47,13.86,9.81,4.79,5.65,0.26,0.02
24,84.5,Panki,Jharkhand,0.82,0.54,3.6,0.73,0.61,7.86,10.87,8.15,4.49,3.87,0.21,0
24,84.75,Bariyatu,Jharkhand,0.96,0.72,4.27,1.5,0.82,7.15,8.43,8.12,4.67,2.17,0.26,0
24,85,Tandwa,Jharkhand,0.98,0.7,4.84,2.43,1.02,7,8.99,11,3.83,1.68,0.05,0
24,85.25,Katamdag,Jharkhand,0.9,0.61,4.57,1.72,1.21,6.47,8.16,10.32,3.61,1.74,0.03,0
24,85.5,Daru,Jharkhand,0.46,0.19,3.12,0.19,2.05,5.32,5.85,10.13,4.51,0.59,0.04,0
24,85.75,Bishungarh,Jharkhand,0.53,0.25,2.4,0.53,2.08,7.05,7.46,9.57,5.77,1.43,0.05,0
24,86,Dumri,Jharkhand,0.63,0.28,1.99,0.94,2.49,6.52,8.01,9.25,5.6,2.3,0.1,0
24,86.25,Pirtanr,Jharkhand,0.46,0.15,1.99,0.82,2.34,4.66,8.55,9.36,4.77,2.44,0.03,0
24,86.5,Narayanpur,Jharkhand,0.62,0.24,2.6,0.65,3.19,6.27,9.6,9.62,5.2,0.84,0,0
24,86.75,Jamtara,Jharkhand,0.52,0.21,1.99,0.4,3.31,7.84,10.43,9.25,4.89,0.55,0,0
24,87,Fatehpur,Jharkhand,0.68,0.15,2.07,2.02,5.78,11.3,12.67,11.16,5.75,0.17,0.11,0.01
24,87.25,Rajnagar,West Bengal,0.89,0.1,2.02,2.28,5.96,11.47,13.14,11.18,5.44,1.83,0.06,0.01
24,87.5,Mohammad Bazar,West Bengal,0.84,0.02,1.65,2.36,6.3,11.55,13.58,9.69,6.41,1,0.02,0
24,87.75,Mayureswar - II,West Bengal,0.47,0.08,1.38,3.34,5.83,14.42,16.17,6.98,5.14,0.71,0.09,0
24,88,Khargram,West Bengal,0.3,0.11,1.44,3.66,7.48,11.12,10.96,6.11,2.93,0.53,0.17,0
24,88.25,Beldanga - I,West Bengal,0.39,0.13,1.51,3.43,7.49,9.64,10.78,5.87,3.01,0.53,0.18,0
24,88.5,Domkal,West Bengal,0.41,0.18,1.79,3.55,7.39,9.07,10.2,5.99,2.84,0.55,0.19,0
24,91.25,Brahmanbaria Sadar Upazila,Chattogram Division,0.53,0,0.63,4.91,13.01,16.78,11.6,5.18,12.87,5.16,1.38,0
24,91.5,Khowai,Tripura,0.74,0,0.4,7.74,15.97,22.05,10.65,5.55,13.22,7.33,1.04,0
24,91.75,Khowai,Tripura,0.77,0,0.27,8.06,15.06,19.3,10.26,5.69,11.5,8.63,1.03,0
24,92,Longtharai Valley,Tripura,1.23,0.12,0.12,5.36,9.73,10.13,10.55,8.94,7.65,10.87,1.42,0
24,92.25,Kanchanpur,Tripura,1.47,0.17,0.13,4.92,7.97,8.31,9.8,8.39,7.16,10.2,1.04,0
24,92.5,Zawlnuam,Mizoram,1.56,0.17,0.09,4,6.98,8.13,9.73,8.62,7.43,8.6,1.24,0
24,92.75,'N' Thingdawl,Mizoram,1.5,0.16,0.17,3.9,7.1,8.44,10.28,9.44,7.75,8.24,1.01,0
24,93,Phullen,Mizoram,1.19,0.1,0.21,3.21,6.94,9.98,11.58,10.27,8.69,7.02,1.2,0
24,93.25,Ngopa,Mizoram,1.13,0.19,0.45,2.45,6.03,8.97,9.24,8.85,7.91,5.12,1.95,0
24,93.5,Singngat subdivision,Manipur,1.34,0.31,0.58,2.29,5.23,6.92,6.26,6.77,6.56,3.72,2.57,0
24,93.75,Tedim District,Chin,1.46,0.37,0.65,2.29,4.86,5.89,4.91,5.84,5.98,3.17,2.82,0
24,94,Chakpikarong subdivision,Manipur,1.48,0.38,0.66,2.3,4.82,5.74,4.74,5.74,5.94,3.11,2.85,0
24.25,68.75,Sujawal District,Sindh,0,0,0.01,0,0,0.16,5.77,17.52,3.04,0.16,0,0
24.25,69,Badin District,Unknown,0,0,0.01,0,0,0.34,5.91,17.56,3.02,0.17,0,0
24.25,69.25,Unknown,Gujarat,0,0,0.03,0,0,0.71,6.09,17.55,3.04,0.23,0,0
24.25,69.5,Unknown,Gujarat,0.01,0,0.07,0,0,1.49,6.13,17.27,3.18,0.67,0,0
24.25,69.75,Tharparkar District,Sindh,0.02,0,0.11,0.01,0,3.02,6.68,16.05,3.8,1.58,0,0
24.25,70,Tharparkar District,Sindh,0.01,0,0.02,0,0,2.86,7.11,14.61,4.71,1.67,0,0
24.25,70.25,Unknown,Gujarat,0,0,0,0,0,3.05,7.26,13.55,4.98,1.37,0,0
24.25,70.5,Unknown,Gujarat,0,0,0.01,0,0,2.84,6.26,12.03,4.59,1,0,0
24.25,70.75,Tharparkar District,Sindh,0,0,0.02,0,0.02,2.82,4.04,10.08,4.08,0.68,0,0
24.25,71,Unknown,Gujarat,0,0,0.02,0,0.04,2.53,2.04,10.49,3.14,0.23,0,0
24.25,71.25,Unknown,Gujarat,0,0,0.04,0,0.04,2.37,1.71,8.62,3,0.2,0,0
24.25,71.5,Vav Taluka,Gujarat,0,0,0.03,0,0.07,2.9,1.63,8.25,3.34,0.35,0,0
24.25,71.75,Deodar Taluka,Gujarat,0,0,0.02,0,0.05,2.79,1.5,11.81,3.24,0.27,0,0
24.25,72,Deesa Taluka,Gujarat,0,0,0.13,0,0.19,1.21,2.65,14.75,5.63,0.53,0,0
24.25,72.25,Deesa Taluka,Gujarat,0,0,0.14,0,0.2,1.04,2.96,17.37,6.05,0.77,0,0
24.25,72.5,Palanpur Taluka,Gujarat,0,0,0.56,0,0.42,1.83,3.27,19.04,7.07,0.26,0,0
24.25,72.75,Amirgadh Taluka,Gujarat,0,0,0.46,0,0.11,1.9,3.2,16.84,6.4,0.36,0,0
24.25,73,Danta Taluka,Gujarat,0,0,0.6,0.04,0.15,2.12,4.4,17.8,4.5,0.11,0.03,0.01
24.25,73.25,Kotra Tehsil,Rajasthan,0,0,0.43,0.11,0.12,2.03,2.94,11.97,3.73,0.28,0.09,0
24.25,73.5,Jhadol Tehsil,Rajasthan,0,0,0.38,0.07,0.07,2.31,2.73,10.47,3.88,0.4,0.02,0.01
24.25,73.75,Sarada Tehsil,Rajasthan,0,0,0.25,0.21,0.17,3.07,2.23,12.57,3.36,0.11,0,0.05
24.25,74,Salumbar Tehsil,Rajasthan,0,0,0.46,0.3,0.13,3.55,3.84,12.36,3.32,0.51,0.11,0.05
24.25,74.25,Lasadiya Tehsil,Rajasthan,0,0,0.54,0.13,0.06,3.25,4.66,13.95,6.25,0.37,0.08,0.07
24.25,74.5,Pratapgarh Tehsil,Rajasthan,0,0,0.28,0.07,0.03,3.13,5.68,14.53,7.19,0.24,0,0.08
24.25,74.75,Jiran Tehsil,Madhya Pradesh,0,0,0.2,0.23,0.12,3.2,6.47,11.97,5.93,0.66,0,0.1
24.25,75,Malhargarh Tahsil,Madhya Pradesh,0,0,0.36,0.41,0.15,3.91,4.72,10.01,2.72,0.86,0,0.09
24.25,75.25,Malhargarh Tahsil,Madhya Pradesh,0,0,0.28,0.25,0.05,2.83,3.71,10.19,1.54,0.56,0,0.09
24.25,75.5,Shamgarh Tahsil,Madhya Pradesh,0.01,0,0.17,0,0,1.39,3.97,10.25,1.97,0.03,0,0.07
24.25,75.75,Garoth Tahsil,Madhya Pradesh,0.05,0,0.2,0,0,3.1,2.71,9.22,3.89,0.01,0.03,0.02
24.25,76,Sunel Tehsil,Rajasthan,0.01,0,0.13,0,0.01,5.83,4.77,10.6,3.33,0,0.02,0
24.25,76.25,Bakani Tehsil,Rajasthan,0.09,0,0.15,0,0.06,6.14,6.7,12.45,3.12,0,0,0.05
24.25,76.5,Aklera Tehsil,Rajasthan,0.19,0,0.21,0.01,0.05,4.27,4.2,12.81,2.89,0,0.03,0.09
24.25,76.75,Manoharthana Tehsil,Rajasthan,0.25,0,0.13,0,0.01,4.51,3.09,14.32,2.47,0,0.04,0.04
24.25,77,Chachaura Tahsil,Madhya Pradesh,0.46,0,0.14,0.01,0.05,7.39,4.06,15.66,2.58,0.07,0.01,0.13
24.25,77.25,Maksoodangarh Tahsil,Madhya Pradesh,0.16,0,0.24,0,0.09,10.12,3.84,12.56,3.11,0.16,0,0.26
24.25,77.5,Sironj Tahsil,Madhya Pradesh,0.07,0,0.17,0,0.09,9.5,3.17,11.43,3.64,0.09,0,0.21
24.25,77.75,Sironj Tahsil,Madhya Pradesh,0.24,0,0.31,0,0.25,9.04,3.24,14.3,4.77,0.01,0.05,0.2
24.25,78,Bahadurpur Tahsil,Madhya Pradesh,0.3,0,0.32,0.01,0.32,8.53,3.79,15.1,3.84,0,0.03,0.2
24.25,78.25,Bina Tahsil,Madhya Pradesh,0.19,0,0.4,0.02,0.3,8.98,5.01,16.54,4.42,0,0.02,0.24
24.25,78.5,Malthon Tahsil,Madhya Pradesh,0.59,0,0.35,0.01,0.14,4.82,4.62,12.89,1.94,0,0,0.34
24.25,78.75,Mahroni Tehsil,Uttar Pradesh,0.87,0,0.36,0.2,0.18,3.29,6.37,12.66,3,0,0.01,0.24
24.25,79,Shahgarh Tahsil,Madhya Pradesh,1.13,0,0.22,0.19,0.04,3.4,7.36,12.65,4.25,0,0.02,0.1
24.25,79.25,Buxwaha Tahsil,Madhya Pradesh,1.07,0,0.21,0.17,0.04,3.99,7.12,12.59,4.54,0.01,0.05,0.18
24.25,79.5,Batiyagarh Tahsil,Madhya Pradesh,0.58,0,0.28,0.14,0.2,7.28,5.37,11.88,5.32,0.02,0.24,0.76
24.25,79.75,Hatta Tahsil,Madhya Pradesh,0.87,0,0.33,0.2,0.26,5.94,5.83,12.61,4.49,0.01,0.28,0.57
24.25,80,Simariya Tahsil,Madhya Pradesh,0.51,0.07,0.16,0.13,0.34,7.08,4.57,11.1,3.26,0,0.38,0.34
24.25,80.25,Pawai Tahsil,Madhya Pradesh,0.42,0.1,0.21,0.14,0.46,6.93,4.41,10.51,2.91,0,0.33,0.24
24.25,80.5,Pawai Tahsil,Madhya Pradesh,0.24,0.17,0.19,0.17,0.24,4.5,4.7,9.66,2.58,0,0.14,0.24
24.25,80.75,Maihar Tahsil,Madhya Pradesh,0.28,0.2,0.21,0.18,0.36,5.53,4.9,9.84,3.05,0,0.22,0.26
24.25,81,Amarpatan Tahsil,Madhya Pradesh,0.32,0.5,0.41,0.29,0.64,7.27,6.91,9.32,4.95,0.02,0.3,0.33
24.25,81.25,Ramnagar Tahsil,Madhya Pradesh,0.3,0.74,0.67,0.34,0.85,7.79,8.41,8.92,6.04,0.09,0.26,0.34
24.25,81.5,Rampur Naikin Tahsil,Madhya Pradesh,0.35,0.77,0.95,0.28,1.07,8.47,8.75,9.15,5.99,0.23,0.23,0.26
24.25,81.75,Gopadbanas Tahsil,Madhya Pradesh,0.53,0.62,1.24,0.17,1.21,8.97,9.08,10.29,5.3,0.3,0.21,0.11
24.25,82,Gopadbanas Tahsil,Madhya Pradesh,0.59,0.43,1.39,0.14,1.28,9.29,8.62,10.07,4.51,0.31,0.33,0.04
24.25,82.25,Deosar Tahsil,Madhya Pradesh,0.53,0.24,1.52,0.34,0.89,9.95,7.31,7.81,4.63,0.1,0.78,0.22
24.25,82.5,Chitrangi Tahsil,Madhya Pradesh,0.35,0.36,1.91,0.48,0.81,9.34,6.03,5.3,4.47,0.18,0.79,0.26
24.25,82.75,Chitrangi Tahsil,Madhya Pradesh,0.42,0.43,2.04,0.49,0.73,8.35,6.82,6.47,4.25,0.19,0.47,0.14
24.25,83,Dudhi,Uttar Pradesh,0.43,0.43,1.91,0.45,0.64,7.56,7.08,7.57,3.49,0.19,0.21,0
24.25,83.25,Dudhi,Uttar Pradesh,0.4,0.57,2.24,0.39,0.86,8.64,7.48,6.91,3.47,0.6,0.2,0
24.25,83.5,Nagaruntari,Jharkhand,0.38,0.56,2.33,0.15,0.53,9.99,7.5,4.82,3.14,0.73,0.09,0
24.25,83.75,Majhiaon,Jharkhand,0.42,1.28,3.69,0.28,1.8,11.69,8.48,6.63,3.94,1.94,0.3,0
24.25,84,Nawa Bazar,Jharkhand,0.77,0.86,3.98,0.8,0.67,10.36,11.29,8.71,3.65,4.1,0.41,0.02
24.25,84.25,Chhatarpur,Jharkhand,0.65,0.58,3.51,0.78,0.66,9.67,11.85,8.06,3.21,4.4,0.2,0.01
24.25,84.5,Pratappur,Jharkhand,0.25,0.63,3.27,0.1,0.48,8.46,10.57,6.23,3.29,1.8,0.09,0
24.25,84.75,Kunda,Jharkhand,0.45,0.68,3.39,0.34,0.75,8.28,9.96,6.91,3.57,1.53,0.04,0
24.25,85,Kanha Chatti,Jharkhand,0.95,0.64,3.41,1.25,1.18,7.23,9.75,9.62,4.61,2.84,0.09,0
24.25,85.25,Mayur Hand,Jharkhand,0.75,0.54,2.46,0.8,1.29,7.13,10.74,8.15,5.33,2.83,0.09,0
24.25,85.5,Barhi,Jharkhand,0.53,0.23,2.27,0.58,1.95,6.57,6.56,6.09,5.86,1.62,0.06,0
24.25,85.75,Chalkusa,Jharkhand,0.68,0.57,2.23,1.28,2.18,6.45,5.33,6.3,5.54,2.36,0.01,0
24.25,86,Birni,Jharkhand,0.57,0.36,1.76,0.93,2.23,4.53,5.92,6.8,4.3,2.19,0.07,0
24.25,86.25,Giridih,Jharkhand,0.44,0.51,1.22,0.46,2.14,2.13,4.97,4.83,3.46,1.1,0.01,0
24.25,86.5,Gande,Jharkhand,0.23,0.3,1.14,0.19,2.57,1.28,5.96,3.24,5.26,2.18,0,0
24.25,86.75,Sarath,Jharkhand,0.47,0.55,1.75,1.78,4.94,5.37,10.79,8.96,6.28,1.21,0,0
24.25,87,Palojori,Jharkhand,0.41,0.63,2.01,1.64,5.12,5.53,10.69,9.92,7.3,1.33,0.03,0
24.25,87.25,Dumka,Jharkhand,1.05,0.31,2.32,2.08,2.58,6.52,11.07,12.53,8.95,2.49,0.31,0.03
24.25,87.5,Unknown,Jharkhand,0.99,0.05,1.07,2.05,4.27,6.55,11.97,10.16,10.1,2.97,0.02,0
24.25,87.75,Rampurhat - I,West Bengal,0.51,0.18,1.54,2.88,4.34,7.06,8.86,7.83,6.64,1.54,0.08,0
24.25,88,Nalhati - II,West Bengal,0.28,0.2,1.36,3.63,4.67,9.95,9.25,6.88,4.09,0.84,0.12,0
24.25,88.25,Murshidabad Jiaganj,West Bengal,0.38,0.22,1.46,3.25,6.12,9.99,10.11,6.86,4.62,0.83,0.12,0
24.25,88.5,Raninagar - II,West Bengal,0.32,0.18,1.47,3.49,6.77,9.87,10.06,7.14,4.25,0.8,0.16,0
24.25,91.25,Lakhai Upazila,Sylhet Division,0,0,0,0,0,0,0,0,0,0,0,0
24.25,91.5,Chunarughat Upazila,Sylhet Division,0,0,0,0,0,0,0,0,0,0,0,0
24.25,91.75,Kamalganj Upazila,Sylhet Division,0.75,0.01,0.22,7.48,14.03,17.12,10.29,5.78,10.57,9.35,1.06,0
24.25,92,Kailashahar,Tripura,0.89,0.03,0.08,6.04,10.57,12.62,11.3,8.81,8.87,10.72,2.38,0
24.25,92.25,Panisagar,Tripura,1.47,0.12,0.01,4.3,9.03,11.85,12.23,11.31,8.43,10.36,2.88,0
24.25,92.5,Katlichara,Assam,1.28,0.08,0.17,4.11,8.76,12.7,12.9,12.91,9.92,9.1,2.1,0
24.25,92.75,'N' Thingdawl,Mizoram,0.89,0.03,0.29,3.22,8.32,13.38,13.4,12.82,10.64,8.22,1.52,0
24.25,93,Darlawn,Mizoram,0.74,0,0.44,3.07,8.29,15.04,15.94,12.51,10.18,8.15,1.58,0
24.25,93.25,Thanlon subdivision,Manipur,1.16,0.22,0.55,2.53,6.16,9.48,9.52,8.48,7.72,5.18,2.28,0
24.25,93.5,Henglep subdivision,Manipur,1.36,0.32,0.61,2.33,5.24,7.01,6.32,6.64,6.48,3.76,2.66,0
24.25,93.75,Churachandpur Subdivision,Manipur,1.45,0.37,0.65,2.3,4.88,5.97,5.01,5.9,6.01,3.21,2.81,0
24.25,94,Chandel subdivision,Manipur,1.48,0.38,0.66,2.3,4.82,5.75,4.74,5.74,5.94,3.12,2.85,0
24.25,94.25,Tengnoupal subdivision,Manipur,1.48,0.38,0.66,2.3,4.82,5.74,4.74,5.74,5.94,3.12,2.85,0
24.5,68.75,Badin District,Unknown,0,0,0,0,0,0.04,5.62,17.43,3.09,0.13,0,0
24.5,69.25,Tharparkar District,Sindh,0,0,0.01,0,0,0.27,5.78,17.46,3.09,0.14,0,0
24.5,69.5,Tharparkar District,Sindh,0,0,0.03,0,0,0.62,5.9,17.42,3.12,0.25,0,0
24.5,70,Tharparkar District,Sindh,0.01,0,0.03,0,0,3.01,6.73,13.27,4.83,1.52,0,0
24.5,70.25,Tharparkar District,Sindh,0,0,0.01,0,0,2.99,6.5,11.96,4.78,1.11,0,0
24.5,70.5,Tharparkar District,Sindh,0,0,0.04,0,0.03,3.08,4.26,9.37,4.2,0.8,0,0
24.5,70.75,Tharparkar District,Sindh,0.01,0,0.04,0,0.04,2.27,1.89,8.35,3.3,0.21,0,0
24.5,71,Tharparkar District,Sindh,0,0,0.06,0,0.05,2.51,2.07,8.95,3.47,0.24,0,0
24.5,71.25,Unknown,Gujarat,0,0,0.08,0,0.05,2.53,2.02,7.94,3.31,0.25,0,0
24.5,71.5,Vav Taluka,Gujarat,0,0,0.07,0,0.07,2.94,1.83,7.62,3.46,0.37,0,0
24.5,71.75,Tharad Taluka,Gujarat,0,0,0.18,0,0.03,1.99,2.58,11.43,4.86,0.55,0,0
24.5,72,Dhanera Taluka,Gujarat,0,0,0.2,0,0.01,0.9,2.63,14.78,5.55,0.71,0,0
24.5,72.25,Dhanera Taluka,Gujarat,0,0,0.15,0,0.05,0.85,2.96,19.38,6.52,1.08,0,0
24.5,72.5,Reodar Tehsil,Rajasthan,0,0,0.3,0.01,0.32,1.8,3.15,20.2,7.32,0.16,0,0
24.5,72.75,Abu Road Tehsil,Rajasthan,0,0,0.37,0.02,0.08,1.41,3.58,18.36,9.79,0.05,0,0
24.5,73,Abu Road Tehsil,Rajasthan,0,0,0.65,0,0.1,1.87,3.96,17.83,5.85,0.12,0,0
24.5,73.25,Kotra Tehsil,Rajasthan,0,0,0.62,0.01,0.07,2.72,3.62,13.71,4.06,0.54,0,0
24.5,73.5,Jhadol Tehsil,Rajasthan,0,0,0.63,0.09,0.05,2.31,3.41,11.54,4.28,1.19,0,0
24.5,73.75,Girwa Tehsil,Rajasthan,0,0,0.85,0.16,0.06,1.67,4,12.7,6.55,0.95,0.03,0
24.5,74,Girwa Tehsil,Rajasthan,0,0,0.89,0.18,0.21,2.68,4.62,11.23,5.86,0.75,0.01,0.01
24.5,74.25,Dungla Tehsil,Rajasthan,0,0,0.72,0.13,0.22,3.14,4.84,11.78,5.21,0.33,0.01,0
24.5,74.5,Bari Sadri Tehsil,Rajasthan,0,0,0.3,0.07,0.1,3.53,5.01,9.1,5.21,0.6,0.04,0.02
24.5,74.75,Neemuch Tehsil,Madhya Pradesh,0,0,0.29,0.17,0.23,4.34,5.57,9.27,3.62,0.51,0,0.04
24.5,75,Neemuch Tehsil,Madhya Pradesh,0,0,0.48,0.59,0.13,4.26,3.3,8.76,0.93,1.14,0,0.1
24.5,75.25,Manasa Tehsil,Madhya Pradesh,0.01,0,0.38,0.39,0.08,3.28,3.35,8.85,1.23,0.75,0,0.1
24.5,75.5,Rampura Tehsil,Madhya Pradesh,0.02,0,0.23,0,0.01,1.7,3.47,8.72,1.71,0.03,0,0.12
24.5,75.75,Bhanpura Tahsil,Madhya Pradesh,0.04,0,0.36,0.03,0.08,2.02,3.57,8.33,1.84,0.18,0,0.09
24.5,76,Pachpahar Tehsil,Rajasthan,0.06,0,0.74,0,0.01,6.24,6.27,9.92,4.14,0.01,0,0
24.5,76.25,Asnawar Tehsil,Rajasthan,0.07,0,0.28,0,0.13,7.74,8.72,13.65,5.01,0,0,0
24.5,76.5,Khanpur Tehsil,Rajasthan,0.13,0,0.17,0,0.04,3.5,4.25,8.98,3.05,0.06,0,0.03
24.5,76.75,Chhipabarod Tehsil,Rajasthan,0.09,0,0.09,0,0,2.44,3.36,9.22,2.42,0.27,0.01,0.04
24.5,77,Chhabra Tehsil,Rajasthan,0.25,0,0.08,0,0,3.68,3.42,11.88,2.28,0.19,0.01,0.03
24.5,77.25,Raghogarh Tahsil,Madhya Pradesh,0.37,0.04,0.13,0,0.09,8.34,3.95,14.1,2.64,0.08,0.03,0.15
24.5,77.5,Ashoknagar Tahsil,Madhya Pradesh,0.34,0.13,0.08,0,0.47,6.92,4.15,14.46,2.4,0.02,0.09,0.1
24.5,77.75,Ashoknagar Tahsil,Madhya Pradesh,0.5,0.14,0.13,0,0.83,6.2,4.83,16.6,1.97,0,0.09,0.09
24.5,78,Piprai Tahsil,Madhya Pradesh,0.54,0.03,0.14,0,0.72,6,4.4,14.14,1.89,0,0,0.11
24.5,78.25,Lalitpur Tehsil,Uttar Pradesh,0.93,0.01,0.16,0,0.26,3.59,4.97,11.09,1.99,0,0,0.18
24.5,78.5,Lalitpur Tehsil,Uttar Pradesh,0.72,0,0.4,0,0,2.52,3.56,10.9,0.74,0,0,0.49
24.5,78.75,Mahroni Tehsil,Uttar Pradesh,0.9,0,0.31,0.05,0.02,2.67,4.73,11.2,1.73,0,0,0.33
24.5,79,Badgaon Dhasan Tahsil,Madhya Pradesh,0.95,0,0.29,0.15,0.06,3.82,6.23,12.02,3.58,0,0.05,0.29
24.5,79.25,Bada Malhera Tahsil,Madhya Pradesh,0.89,0,0.33,0.22,0.15,5.12,6.59,12.08,4.61,0.01,0.11,0.37
24.5,79.5,Bijawar Tahsil,Madhya Pradesh,0.82,0,0.46,0.36,0.39,5.61,6.06,12.01,4.69,0.01,0.22,0.49
24.5,79.75,Bijawar Tahsil,Madhya Pradesh,0.75,0.04,0.68,0.55,1.16,5.57,5.37,11.53,3.54,0,0.28,0.28
24.5,80,Amanganj Tahsil,Madhya Pradesh,0.67,0.03,0.43,0.31,0.85,7.87,4.59,11.36,3.26,0,0.44,0.22
24.5,80.25,Gunnor Tahsil,Madhya Pradesh,0.52,0.03,0.18,0.13,0.49,9.07,4.04,11.06,3.18,0,0.53,0.26
24.5,80.5,Nagod Tahsil,Madhya Pradesh,0.46,0.06,0.18,0.13,0.5,8.22,4.15,10.8,3.14,0,0.46,0.26
24.5,80.75,Unchahara Tahsil,Madhya Pradesh,0.36,0.2,0.29,0.2,0.56,7.11,5.02,10.26,3.81,0,0.34,0.28
24.5,81,Rampur Baghelan Tahsil,Madhya Pradesh,0.31,0.63,0.5,0.37,0.79,7.66,7.84,9.1,6.09,0,0.31,0.38
24.5,81.25,Huzur Tahsil,Madhya Pradesh,0.29,0.79,0.53,0.42,0.81,7.8,8.88,8.56,6.67,0,0.3,0.42
24.5,81.5,Gurh Tahsil,Madhya Pradesh,0.36,0.7,0.61,0.39,0.89,7.7,9,8.66,6.41,0,0.29,0.36
24.5,81.75,Mauganj Tahsil,Madhya Pradesh,0.71,0.34,0.98,0.25,1.06,7.95,9.67,10.26,5.23,0,0.27,0.12
24.5,82,Sihawal Tahsil,Madhya Pradesh,0.72,0.12,1.15,0.23,1.24,7.87,8.86,9.15,4.26,0.02,0.4,0.05
24.5,82.25,Bahari Tahsil,Madhya Pradesh,0.46,0.19,1.24,0.36,0.95,9.42,6.95,6.81,4.2,0.14,0.79,0.2
24.5,82.5,Chitrangi Tahsil,Madhya Pradesh,0.26,0.29,1.73,0.47,0.86,10.1,5.26,4.55,4.37,0.16,1.03,0.33
24.5,82.75,Robertsganj,Uttar Pradesh,0.4,0.43,2.22,0.55,0.86,9.79,6.28,4.33,5.55,0.19,0.96,0.39
24.5,83,Robertsganj,Uttar Pradesh,0.47,0.49,2.41,0.56,0.84,9.11,6.87,5.1,5.55,0.18,0.74,0.32
24.5,83.25,Robertsganj,Uttar Pradesh,0.43,0.41,2.12,0.35,0.51,8.9,7.15,5.25,4.03,0.26,0.32,0.12
24.5,83.5,Ketar,Jharkhand,0.33,0.76,2.96,0.18,1.35,9.86,7.29,5.96,3.6,1.09,0.14,0.01
24.5,83.75,Unknown,Jharkhand,0.29,0.95,3.35,0.26,1.11,10.84,7.6,7.92,3.93,1.61,0.21,0.05
24.5,84,Hussainabad,Jharkhand,0.25,0.64,3.81,0.34,0.41,9.94,7.31,11.73,4.86,1.87,0.38,0.16
24.5,84.25,Hariharganj,Jharkhand,0.29,1.1,2.7,0.29,0.35,8.06,7.3,7.4,4.67,1.48,0.24,0.06
24.5,84.5,Dumaria,Bihar,0.19,0.72,3.15,0,0.38,7.96,10.16,5.96,3.73,1.16,0.03,0
24.5,84.75,Banke Bazar,Bihar,0.15,0.72,2.98,0,0.74,7.93,8.55,5.94,4.22,1.16,0.06,0
24.5,85,Barachati,Bihar,0.66,0.48,3.09,0.67,1.18,6.19,10.43,8.92,4.57,2.95,0.09,0
24.5,85.25,Fatehpur,Bihar,0.37,0.35,2.67,0.69,1.15,5.42,12.06,7.62,4.85,1.98,0.06,0
24.5,85.5,Koderma,Jharkhand,0.49,0.41,1.82,0.98,1.69,7.04,10.1,4.76,6.4,1.54,0.02,0
24.5,85.75,Domchanch,Jharkhand,0.46,0.53,1.88,1.77,1.89,7.18,7.52,5.17,6.15,2.57,0,0
24.5,86,Deori,Jharkhand,0.22,0.38,1.85,2.35,1.96,7.46,8.38,4.69,8.49,2.43,0,0
24.5,86.25,Deori,Jharkhand,0.49,1.94,1.78,0.98,3.5,4.58,7.15,4.22,5.72,1.33,0,0
24.5,86.5,Chakai,Bihar,0.5,2.54,1.99,1.05,4.27,4.87,8.59,4.28,6.53,1.66,0,0
24.5,86.75,Mohanpur,Jharkhand,0.55,0.69,1.75,2.04,5.11,5.79,11.46,9.22,6.21,1.12,0,0
24.5,87,Saraiyahat,Jharkhand,0.53,0.52,1.82,1.9,4.45,5.7,11.03,9.17,8.87,1.41,0,0
24.5,87.25,Ramgarh,Jharkhand,0.85,0.14,1.94,1.45,2.98,5.51,10.83,9.32,11.98,2,0,0
24.5,87.5,Gopikandar,Jharkhand,0.43,0.05,1.74,0.93,3.32,2.89,5.89,4.94,4.52,0.61,0,0
24.5,87.75,Maheshpur,Jharkhand,0.68,0.29,2.38,1.47,3.17,9.57,8.53,9.38,8.16,1.69,0,0
24.5,88,Suti - I,West Bengal,0.44,0.37,2.07,2.75,4.01,9.11,8.26,7.87,6.65,1.25,0.07,0
24.5,88.25,Nawabganj Upazila,Rajshahi Division,0.23,0.24,1.51,3.22,4.91,9.32,8.19,6.72,6.28,1.42,0.08,0
24.5,88.5,Godagari Upazila,Rajshahi Division,0.2,0.14,1.43,3.25,5.17,8.73,7.96,5.93,4.96,1.54,0.07,0
24.5,91.75,Moulvibazar Sadar Upazila,Sylhet Division,0.71,0,0.3,6.93,13.81,16.27,10.44,6.38,9.93,9.66,1.08,0
24.5,92,Kulaura Upazila,Sylhet Division,0.81,0,0.27,5.92,10.95,15.35,13,9.86,9.29,10.35,2.14,0
24.5,92.25,Patharkandi,Assam,1.17,0.01,0.31,4.94,8.96,16.94,14.65,13.06,10.04,9.18,2.33,0.01
24.5,92.5,Ramkrishna Nagar,Assam,0.85,0,0.54,3.77,8.64,14.76,14.72,13.65,11.41,8.37,1.42,0
24.5,92.75,Katlichara,Assam,0.68,0,0.37,2.92,7.92,14.24,15.11,12.08,9.91,7.5,1.51,0
24.5,93,Sonai,Assam,0.82,0.03,0.47,3.02,8.11,14.99,16.69,12.08,10.06,8.52,1.65,0
24.5,93.25,Thanlon subdivision,Manipur,1.28,0.28,0.59,2.47,5.66,8.18,7.84,7.42,6.99,4.45,2.52,0
24.5,93.5,Henglep subdivision,Manipur,1.43,0.36,0.64,2.32,4.99,6.3,5.44,6.12,6.15,3.4,2.77,0
24.5,93.75,Bishnupur block,Manipur,1.44,0.36,0.64,2.31,4.89,5.97,5.01,5.87,5.96,3.22,2.81,0
24.5,94,Kakching subdivision,Manipur,1.47,0.38,0.65,2.36,4.82,5.83,4.91,5.8,6,3.27,2.83,0
24.5,94.25,Machi subdivision,Manipur,1.47,0.38,0.64,2.39,4.8,5.83,4.95,5.82,6.04,3.31,2.83,0
24.75,71,Tharparkar District,Sindh,0.03,0,0.11,0,0.03,1.7,2.04,5.26,3.36,0.18,0,0
24.75,71.25,Sedwa Tehsil,Rajasthan,0.02,0,0.14,0,0.02,1.67,2.23,5.65,3.39,0.15,0,0
24.75,71.5,Chitalwana Tehsil,Rajasthan,0,0,0.22,0,0.02,2.46,2.83,7.89,3.92,0.28,0,0
24.75,71.75,Sanchore Tehsil,Rajasthan,0,0,0.32,0,0.01,2.28,3.58,9.25,4.66,0.23,0,0
24.75,72,Sanchore Tehsil,Rajasthan,0,0,0.35,0,0.22,1.9,2.51,13.96,5.59,0.78,0,0
24.75,72.25,Raniwara Tehsil,Rajasthan,0,0,0.31,0,0.2,1.65,2.26,13.55,6.12,0.51,0,0
24.75,72.5,Reodar Tehsil,Rajasthan,0,0,0.2,0.02,0.05,1.07,2.67,15.45,7.67,0.21,0,0
24.75,72.75,Sirohi Tehsil,Rajasthan,0,0,0.29,0.02,0.16,1.05,2.92,16.39,6.87,0.13,0,0
24.75,73,Pindwara Tehsil,Rajasthan,0,0,0.63,0,0.06,0.84,2.23,14.1,5.65,0.34,0,0
24.75,73.25,Kotra Tehsil,Rajasthan,0,0,0.75,0.07,0.02,2.77,4.6,11.62,3.63,0.65,0,0
24.75,73.5,Gogunda Tehsil,Rajasthan,0,0,0.82,0.12,0.02,3.52,5.68,10.88,3.09,0.71,0,0
24.75,73.75,Nathdwara Tehsil,Rajasthan,0,0,1.21,0.34,0.23,2.78,4.68,9.41,6.16,1.52,0.02,0.02
24.75,74,Mavli Tehsil,Rajasthan,0,0,1.2,0.31,0.24,2.96,5.24,7.48,5.07,1.94,0.04,0.02
24.75,74.25,Kapasan Tehsil,Rajasthan,0,0,0.89,0.14,0.2,2.74,5.9,7.9,2.88,1.64,0.26,0
24.75,74.5,Bhadesar Tehsil,Rajasthan,0,0,0.75,0.15,0.28,2.25,3.37,9.18,3.35,1.05,0.48,0.01
24.75,74.75,Chittaurgarh Tehsil,Rajasthan,0,0,0.34,0.15,0.23,3.82,5.21,9.3,3.68,0.5,0.06,0.03
24.75,75,Nimbahera Tehsil,Rajasthan,0,0,0.44,0.15,0.07,5.57,5.78,12.08,2.73,0.28,0.09,0.02
24.75,75.25,Rawatbhata Tehsil,Rajasthan,0.04,0,0.32,0.17,0.06,4.58,3.86,9.88,1.89,0.24,0.13,0.04
24.75,75.5,Rawatbhata Tehsil,Rajasthan,0.06,0,0.26,0.05,0.05,2.94,3.22,8.09,1.62,0.06,0.08,0.09
24.75,75.75,Bhanpura Tahsil,Madhya Pradesh,0.08,0,0.48,0.16,0.1,2.29,4.61,8.54,2.09,0.23,0.03,0.06
24.75,76,Ramganj Mandi Tehsil,Rajasthan,0.17,0,0.71,0.06,0.13,5.07,4.69,8.38,4.1,0,0.03,0
24.75,76.25,Khanpur Tehsil,Rajasthan,0.38,0,0.7,0.07,0.23,3.9,2.98,10.05,5.07,0,0,0
24.75,76.5,Atru Tehsil,Rajasthan,0.31,0,0.06,0,0.14,2.43,4.54,6.21,2.99,0.09,0,0.21
24.75,76.75,Atru Tehsil,Rajasthan,0.12,0,0.11,0,0.02,2.33,3.77,9.04,2.19,0.4,0,0.06
24.75,77,Bamori Tahsil,Madhya Pradesh,0.22,0,0.14,0,0.03,2.43,4.19,10.39,2.63,0.22,0.06,0.1
24.75,77.25,Guna Tahsil,Madhya Pradesh,0.5,0.94,0.26,0,0.49,3.66,5.14,18.62,1.42,0.09,0.16,0.02
24.75,77.5,Guna Tahsil,Madhya Pradesh,0.61,0.87,0.19,0,0.8,4.65,5.62,19.91,1.24,0,0.19,0.01
24.75,77.75,Isagarh Tahsil,Madhya Pradesh,0.76,0.39,0.06,0,0.57,5.23,5.77,19.14,1.29,0,0.29,0
24.75,78,Chanderi Tahsil,Madhya Pradesh,0.35,0.14,0,0,2.12,4.91,7.4,18.98,2.7,0,0.01,0
24.75,78.25,Lalitpur Tehsil,Uttar Pradesh,1.19,0.01,0.02,0,0.2,3.5,5.97,10.05,2.85,0,0,0.03
24.75,78.5,Lalitpur Tehsil,Uttar Pradesh,0.81,0.01,0.31,0,0.18,2.79,4.24,11.19,1.23,0,0,0.37
24.75,78.75,Mahroni Tehsil,Uttar Pradesh,0.84,0,0.33,0.04,0.14,3.1,4.21,10.68,1.29,0,0.04,0.32
24.75,79,Baldeogarh Tahsil,Madhya Pradesh,0.77,0,0.5,0.25,0.42,4.33,5.18,11.2,1.85,0,0.12,0.25
24.75,79.25,Baldeogarh Tahsil,Madhya Pradesh,0.86,0,0.68,0.54,0.57,4.61,6.6,11.4,3.04,0,0.19,0.28
24.75,79.5,Bijawar Tahsil,Madhya Pradesh,0.84,0,0.8,0.77,1.03,4.16,5.7,11.45,3.05,0,0.35,0.29
24.75,79.75,Rajnagar Tahsil,Madhya Pradesh,0.94,0.01,0.83,0.69,1.05,4.66,5.88,11.8,3.52,0,0.34,0.28
24.75,80,Rajnagar Tahsil,Madhya Pradesh,0.7,0.07,0.64,0.42,1.3,6.12,5.07,11.13,3.12,0,0.22,0.11
24.75,80.25,Panna Tahsil,Madhya Pradesh,0.67,0.03,0.29,0.26,0.8,9.19,3.86,10.72,3.14,0,0.43,0.18
24.75,80.5,Nagod Tahsil,Madhya Pradesh,0.51,0.05,0.37,0.18,0.82,8.82,4.2,11.2,3.9,0,0.46,0.24
24.75,80.75,Kothi Tahsil,Madhya Pradesh,0.5,0.1,1.02,0.41,1.63,9.57,4.97,12.38,7.87,0,0.45,0.32
24.75,81,Kotar Tahsil,Madhya Pradesh,0.39,0.5,0.9,0.47,1.4,8.79,7.38,10.47,8.06,0,0.36,0.39
24.75,81.25,Semaria Tahsil,Madhya Pradesh,0.35,0.68,0.59,0.39,0.9,7.42,8.85,8.49,6.23,0,0.28,0.36
24.75,81.5,Mangawan Tahsil,Madhya Pradesh,0.47,0.51,0.72,0.34,1.03,7.05,8.98,8.69,5.58,0,0.26,0.25
24.75,81.75,Naigarhi Tahsil,Madhya Pradesh,0.89,0.16,1.15,0.17,1.06,8.46,10.06,11.68,4.61,0,0.28,0
24.75,82,Hanumana Tahsil,Madhya Pradesh,0.89,0.16,1.17,0.23,1.16,8.26,10.01,10.94,4.53,0,0.26,0
24.75,82.25,Hanumana Tahsil,Madhya Pradesh,0.37,0.14,1.08,0.44,1.15,9.87,6.65,6.26,3.25,0.07,0.74,0.18
24.75,82.5,Lalganj,Uttar Pradesh,0.08,0.12,1.16,0.37,0.86,10.51,4,4.59,3.1,0.13,1.15,0.29
24.75,82.75,Ghorawal,Uttar Pradesh,0.47,0.46,2.15,0.59,0.72,9.78,6.79,4.05,5.95,0.26,0.95,0.4
24.75,83,Robertsganj,Uttar Pradesh,0.5,0.57,2.39,0.57,0.91,9.78,7.45,4.15,5.98,0.2,0.93,0.39
24.75,83.25,Chakia,Uttar Pradesh,0.38,0.55,2.26,0.22,1.49,7.73,7.72,5.01,3.87,0.05,0.43,0.08
24.75,83.5,Adhaura,Bihar,0.33,0.45,2.07,0.08,1.6,6.8,6.78,5.09,3.23,0.13,0.16,0
24.75,83.75,Adhaura,Bihar,0.31,1.05,2.13,0.16,1.5,9.03,5.53,6.88,3.51,1.1,0.12,0.03
24.75,84,Rohtas,Bihar,0.4,1.46,1.74,0.2,0.93,10.54,5.59,6.57,4.59,1.07,0.21,0.04
24.75,84.25,Nabinagar,Bihar,0.3,1.22,2.51,0.34,0.27,7.65,8.32,5.11,7.04,0.55,0.22,0.04
24.75,84.5,Madanpur,Bihar,0.15,1.03,2.97,0.14,0.3,7.95,8.18,5.36,5.74,1.11,0.1,0.01
24.75,84.75,Guraru,Bihar,0.11,0.77,2.61,0.01,0.99,7.69,6.73,5.97,5.03,1.22,0.06,0
24.75,85,Gaya Town C.D.Block,Bihar,0.44,0.53,3.26,0.54,0.74,7.08,9.25,7.69,7.39,2.31,0.02,0
24.75,85.25,Wazirganj,Bihar,0.28,0.47,3.41,0.41,0.9,7.52,8.27,8.14,8.27,2.3,0.01,0
24.75,85.5,Akbarpur,Bihar,0.16,0.41,2.64,0.68,1.05,7.38,9.38,8.09,8.76,3.11,0,0
24.75,85.75,Satgawan,Jharkhand,0.25,0.49,2.02,1.86,1.04,8.3,8.7,6.54,10.95,4.71,0,0
24.75,86,Tisri,Jharkhand,0.21,0.14,1.88,1.81,2.2,6.75,8.57,3.83,8.25,1.61,0,0
24.75,86.25,Sono,Bihar,0.29,0.84,1.99,2.14,2.54,8.11,7.41,4.9,8.81,2.06,0,0
24.75,86.5,Jhajha,Bihar,0.28,1.73,1.79,1.56,2.68,9.25,8.95,6.02,9.73,2.23,0,0
24.75,86.75,Katoria,Bihar,0.08,1.85,1.37,1.34,2.94,6.63,9.13,4.37,10.56,0.85,0,0
24.75,87,Bausi,Bihar,0.07,1.59,1.35,1.66,3.04,6.14,9.41,4.45,10.58,0.98,0,0
24.75,87.25,Godda,Jharkhand,0.65,0.48,1.73,1.82,3.59,3.66,7.71,5.93,7.51,1.3,0,0
24.75,87.5,Litipara,Jharkhand,0.51,0.45,1.77,1.98,4.14,3.63,7.03,5.68,7.04,1.23,0,0
24.75,87.75,Hiranpur,Jharkhand,0.35,0.44,1.91,2.56,5.13,10.34,7.86,6.64,8.8,2.73,0,0
24.75,88,Kaliachak - III,West Bengal,0.24,0.5,1.68,2.39,5.88,11.64,8.36,6.84,9.39,3.03,0,0
24.75,92.25,Barlekha Upazila,Sylhet Division,1.27,0,0.6,4.73,8.43,22.1,17.88,15.08,11.94,7.62,1.62,0.01
24.75,92.5,Nilambazar,Assam,0.85,0,0.87,5.57,8.89,23.39,21.62,13.36,12.25,10.51,1.75,0
24.75,92.75,Silchar,Assam,0.61,0,0.34,2.82,7.58,15.08,15.9,10.67,8.03,7.12,1.94,0
24.75,93,Lakhipur,Assam,0.81,0.03,0.46,3.06,7.94,14.86,16.49,12.04,10.02,8.4,1.65,0
24.75,93.25,Tamenglong West,Manipur,1.38,0.33,0.63,2.42,5.24,7.06,6.41,6.58,6.44,3.83,2.69,0
24.75,93.5,Nungba subdivision,Manipur,1.48,0.38,0.66,2.3,4.82,5.74,4.74,5.74,5.94,3.12,2.85,0
24.75,93.75,Bungte Chiru Subdivision,Manipur,1.45,0.38,0.64,2.39,4.85,5.91,5.02,5.84,6,3.34,2.82,0
24.75,94,Keirao Bitra,Manipur,1.44,0.39,0.62,2.54,4.85,6.04,5.32,5.92,6.12,3.65,2.78,0
24.75,94.25,Kasom Khullen,Manipur,1.42,0.41,0.56,2.86,4.75,6.29,6.03,6.3,6.52,4.24,2.74,0
24.75,94.5,Kamjong subdivision,Manipur,1.37,0.48,0.39,3.68,4.22,6.61,7.48,7.16,7.81,5.78,2.67,0
25,70.75,Tharparkar District,Sindh,0.02,0,0.23,0,0.04,1.06,1.77,4.9,2.92,0,0,0
25,71,Sedwa Tehsil,Rajasthan,0.03,0,0.22,0,0.03,1.24,1.98,3.75,3.01,0.18,0,0
25,71.25,Sedwa Tehsil,Rajasthan,0.04,0,0.21,0,0.01,1.14,2.34,3.81,3.37,0.21,0,0
25,71.5,Chitalwana Tehsil,Rajasthan,0.04,0,0.22,0,0,1.27,2.21,3.42,3.13,0.37,0,0
25,71.75,Chitalwana Tehsil,Rajasthan,0.01,0,0.31,0,0,2.05,2.52,4.99,3.2,0.68,0,0
25,72,Bhinmal Tehsil,Rajasthan,0,0,0.52,0,0.03,1.67,2.71,8.03,3.71,0.93,0,0
25,72.25,Bhinmal Tehsil,Rajasthan,0,0,0.42,0,0.03,1.58,3.35,8.29,5.12,1.46,0,0
25,72.5,Jaswantpura Tehsil,Rajasthan,0,0,0.29,0,0.07,0.85,2.74,9.1,5.46,0.5,0,0
25,72.75,Sirohi Tehsil,Rajasthan,0,0,0.12,0.01,0.22,1.37,2.3,10.27,4.96,0.14,0,0
25,73,Sheoganj Tehsil,Rajasthan,0,0,0.14,0.02,0.34,2.54,1.88,10.67,6.29,0.35,0,0
25,73.25,Bali Tehsil,Rajasthan,0,0,0.45,0.38,0.41,2.71,2.22,11.27,5.5,0.41,0,0
25,73.5,Gogunda Tehsil,Rajasthan,0,0,0.89,0.7,0.47,3.17,3.31,11.36,3.23,0.37,0,0
25,73.75,Nathdwara Tehsil,Rajasthan,0,0,1.07,0.43,0.28,5.88,4.4,9.42,2.58,0.5,0.02,0
25,74,Rajsamand Tehsil,Rajasthan,0,0,1.08,0.3,0.02,3.93,4.15,9.08,4.01,0.47,0.01,0
25,74.25,Railmagra Tehsil,Rajasthan,0,0,0.64,0.17,0.82,2.89,3.84,10.47,4.31,1.41,0.2,0
25,74.5,Gangrar Tehsil,Rajasthan,0,0,0.8,0.24,0.26,1.86,3.64,8.54,3.13,0.62,0.12,0
25,74.75,Chittaurgarh Tehsil,Rajasthan,0,0,0.64,0.15,0.12,3.29,4.17,11.02,3.17,0.43,0.28,0
25,75,Begun Tehsil,Rajasthan,0,0,0.45,0.01,0,6.1,6.31,13.35,3.19,0.01,0.12,0
25,75.25,Singoli Tehsil,Madhya Pradesh,0.07,0,0.27,0.08,0.04,3.72,3.08,8.75,2.22,0.05,0.15,0
25,75.5,Rawatbhata Tehsil,Rajasthan,0.1,0,0.26,0.13,0.06,3.76,2.95,8.75,1.88,0,0.19,0
25,75.75,Ladpura Tehsil,Rajasthan,0.08,0,0.57,0.37,0,2.25,5.06,10.44,2.89,0,0.06,0
25,76,Ladpura Tehsil,Rajasthan,0.15,0,0.56,0.19,0.18,5.48,3.69,8.91,2.76,0,0.01,0
25,76.25,Sangod Tehsil,Rajasthan,0.17,0,0.36,0.06,0.14,4.65,7.49,8.07,2.7,0.01,0,0
25,76.5,Baran Tehsil,Rajasthan,0.43,0,0.49,0,0.07,3.2,5.75,11.08,2.01,0.61,0.02,0.16
25,76.75,Kishanganj Tehsil,Rajasthan,0.44,0,0.36,0,0.07,3.06,5.29,12.71,2.46,0.38,0.1,0.17
25,77,Bamori Tahsil,Madhya Pradesh,0.43,0.51,0.34,0,0.23,3.04,5.28,17.72,2.42,0.08,0.17,0.1
25,77.25,Guna Tahsil,Madhya Pradesh,0.49,1.25,0.4,0,0.58,3.34,5.4,20.72,1.61,0.02,0.16,0.04
25,77.5,Badarwas Tahsil,Madhya Pradesh,0.49,1.55,0.36,0,0.98,3.67,5.62,21.42,1.2,0,0.11,0
25,77.75,Rannod Tahsil,Madhya Pradesh,0.66,0.59,0.12,0,0.89,4.84,6.07,19.61,1.39,0,0.23,0
25,78,Khaniyadhana Tahsil,Madhya Pradesh,0.77,0.18,0.05,0,1.04,4.5,6.6,16.01,2.19,0,0.1,0
25,78.25,Khaniyadhana Tahsil,Madhya Pradesh,0.95,0.05,0.11,0,0.96,4.08,6.67,13.06,2.61,0,0,0
25,78.5,Talbehat,Uttar Pradesh,1.15,0,0.31,0.01,0.38,3.48,5.3,10.85,1.75,0,0,0.17
25,78.75,Mohangarh Tahsil,Madhya Pradesh,0.93,0,0.33,0.08,0.55,4.18,4.59,11.66,1.54,0,0.1,0.13
25,79,Jatara Tahsil,Madhya Pradesh,0.7,0,0.46,0.21,0.57,4.52,4.53,10.36,1.56,0,0.15,0.11
25,79.25,Palera Tahsil,Madhya Pradesh,0.62,0,0.79,0.54,0.61,5.37,6.15,10.27,2.15,0,0.17,0.36
25,79.5,Nowgong Tahsil,Madhya Pradesh,0.78,0,0.76,0.76,1.06,4.07,5.55,11.22,2.84,0,0.34,0.28
25,79.75,Maharajpur Tahsil,Madhya Pradesh,0.69,0,0.5,1,1.75,3.19,5.01,12.22,2.65,0,0.47,0.17
25,80,Chandla Tahsil,Madhya Pradesh,0.71,0.08,0.65,0.37,1.42,6.43,4.94,10.75,3.07,0,0.15,0.08
25,80.25,Ajaigarh Tahsil,Madhya Pradesh,1.14,0.04,0.39,0.98,1.28,7.93,2.72,8.26,2.52,0,0.05,0.02
25,80.5,Majhgawan Tahsil,Madhya Pradesh,1.2,0,1.03,1.22,1.98,9.85,2.84,10.32,7.19,0,0.22,0.15
25,80.75,Majhgawan Tahsil,Madhya Pradesh,0.84,0,1.79,0.93,2.89,11.42,4.35,13.45,11.67,0,0.4,0.3
25,81,Karwi,Uttar Pradesh,0.54,0.2,1.42,0.5,2.15,8.6,5.39,10.34,9.27,0,0.32,0.29
25,81.25,Jawa Tahsil,Madhya Pradesh,0.41,0.35,0.69,0.35,0.89,5.45,6.55,6.3,4.21,0,0.19,0.26
25,81.5,Jawa Tahsil,Madhya Pradesh,0.5,0,1.06,0.42,1.31,3.91,7.32,4.75,3.52,0,0.05,0.11
25,81.75,Teonthar Tahsil,Madhya Pradesh,0.55,0.01,0.95,0.28,1.54,3.18,7.57,4.92,3.44,0,0.09,0.02
25,82,Koraon,Uttar Pradesh,0.72,0.07,1.17,0.36,1.7,4.65,8.89,6.01,4.15,0,0.13,0
25,82.25,Koraon,Uttar Pradesh,0.59,0.28,1.2,0.98,1.42,9.72,9.26,4.98,3.18,0.01,0.21,0.08
25,82.5,Marihan,Uttar Pradesh,0.52,0.18,1.78,0.39,0.6,9.94,6.91,6.12,1.73,0.03,0.43,0.13
25,82.75,Chunar,Uttar Pradesh,0.99,0.36,2.32,0.51,0.52,8.5,8.59,8.46,1.95,0.31,0.26,0.04
25,83,Chunar,Uttar Pradesh,1.43,0.38,1.76,0.33,1.01,7.45,10.58,8,4.02,0.13,0.59,0.11
25,83.25,Chakia,Uttar Pradesh,0.35,0.73,1.59,0.23,1.31,8.61,9.74,5.25,2.45,0.03,0.45,0
25,83.5,Chainpur,Bihar,0.29,0.28,1.87,0.09,1.55,6.34,6.94,4.68,3,0.02,0.12,0
25,83.75,Bhabua,Bihar,0.25,0.82,1.72,0.11,1.34,7.73,6.22,5.59,3.14,0.75,0.09,0.01
25,84,Sasaram,Bihar,0.27,1.41,1.61,0.21,0.98,10.64,5.68,6.59,4.57,1.2,0.22,0.03
25,84.25,Dehri,Bihar,0.35,1.03,2.08,0.2,0.48,8.98,7.33,5.89,6.36,0.53,0.25,0.03
25,84.5,Daudnagar,Bihar,0.05,0.87,2.69,0.03,0.15,8.18,5.47,4.51,3.91,0.88,0.03,0
25,84.75,Konch,Bihar,0.12,0.74,2.16,0.2,0.58,7.56,4.96,5.58,5.55,0.68,0.04,0
25,85,Belaganj,Bihar,0.6,0.72,1.32,3.75,3.41,14.98,18.52,9.63,12.31,1.78,0,0
25,85.25,Neem Chak Bathani,Bihar,0.37,0.59,2.73,0.76,1.32,9.79,7.42,8.29,9.42,2.29,0.05,0
25,85.5,Nardiganj,Bihar,0.16,0.38,1.4,0.3,1.76,5.43,6.04,6.01,8.68,0.97,0.01,0
25,85.75,Pakribarawan,Bihar,0.27,0.42,2.23,1.06,1.83,9.31,7.61,6.64,10.81,2.86,0,0
25,86,Halsi,Bihar,0.35,0.58,2.01,1.61,2.24,8.57,7.41,5.48,8.07,1.56,0,0
25,86.25,Barhat,Bihar,0.32,0.9,1.9,1.88,2.46,9.31,7.28,6.15,8.58,1.96,0,0
25,86.5,Kharagpur,Bihar,0.17,2.06,1.59,1.05,3.26,7.45,8.2,5.77,9.5,1.27,0,0
25,86.75,Phulidumar,Bihar,0.09,1.97,1.42,1.35,3.14,6.15,9.01,4.37,10.18,0.69,0,0
25,87,Rajaun,Bihar,0.01,2.24,1.86,0.9,3.9,4.59,7.88,5.93,8.49,1.53,0,0
25,87.25,Mahagama,Jharkhand,0.12,1.55,1.34,1.06,5.08,7.19,8.48,5.54,12.79,1.06,0,0
25,87.5,Borio,Jharkhand,0.07,0.71,0.62,0.94,8.51,12.76,8.45,5.74,21.59,0.23,0,0
25,87.75,Rajmahal,Jharkhand,0.18,0.6,1.82,2.9,6.3,13.72,8.14,5.18,11.42,4.24,0.01,0
25,88,English Bazar,West Bengal,0.17,0.49,1.72,2.61,5.82,12.66,7.84,5.11,10.75,3.58,0,0
25,88.25,Habibpur,West Bengal,0.13,0.11,1.52,2.25,3.72,9.32,6.25,4.2,5.15,3.04,0,0
25,92.25,Kanaighat Upazila,Sylhet Division,0.78,0.02,1.02,4.72,9.65,26.6,21.61,13.35,13.68,8.43,1.53,0
25,92.5,Katigora,Assam,0.43,0.04,0.99,4.75,9.54,18.02,16.4,7.95,9.16,5.85,1.08,0
25,92.75,Silchar,Assam,0.36,0.04,0.89,4.22,9.43,15.83,15.39,7.23,8.03,5.16,1.08,0
25,93,Udarbond,Assam,0.64,0.06,0.73,3.68,8.83,15.67,16.7,8.82,7.95,7.07,1.63,0
25,93.25,Mahur,Assam,1.23,0.29,0.65,2.67,5.75,8.06,7.43,6.43,6.32,3.84,2.53,0
25,93.5,Tamenglong Subdivision,Manipur,1.4,0.37,0.65,2.41,4.95,6.14,5.22,5.68,5.85,3.44,2.72,0
25,93.75,Tamenglong North,Manipur,1.4,0.38,0.63,2.61,4.9,6.18,5.5,5.87,6.08,3.81,2.72,0
25,94,Saikul subdivision,Manipur,1.34,0.41,0.56,3.06,4.88,6.6,6.49,6.22,6.53,4.73,2.63,0
25,94.25,Ukhrul subdivision,Manipur,1.27,0.47,0.39,3.87,4.47,7.06,8.04,7.3,7.77,6.29,2.57,0
25,94.5,Kamjong subdivision,Manipur,1.12,0.57,0.24,4.34,3.75,7.25,9.2,8.53,8.33,6.92,2.55,0
25.25,70.75,Tharparkar District,Sindh,0,0,0.27,0,0.04,1.08,1.38,5.91,2.53,0,0,0
25.25,71,Dhanaoo Tehsil,Rajasthan,0.03,0,0.25,0,0.05,1.43,2.1,5.01,3.22,0,0,0
25.25,71.25,Dhanaoo Tehsil,Rajasthan,0.06,0,0.16,0,0.01,0.65,2.04,2.59,3.2,0.08,0,0
25.25,71.5,Dhorimanna Tehsil,Rajasthan,0.05,0,0.19,0,0,0.81,1.9,2.12,2.98,0.29,0,0
25.25,71.75,Gudha Malani Tehsil,Rajasthan,0.02,0,0.33,0,0,1.92,1.67,2.55,2.37,0.84,0,0
25.25,72,Bagora Tehsil,Rajasthan,0,0,0.48,0,0,1.5,2.15,5.6,2.57,0.51,0,0
25.25,72.25,Sayla Tehsil,Rajasthan,0,0,0.76,0,0.01,1.71,2.45,9.32,2.91,0.57,0,0
25.25,72.5,Jalor Tehsil,Rajasthan,0,0,0.47,0,0.18,1.71,2.45,9.21,3.78,0.57,0,0
25.25,72.75,Jalor Tehsil,Rajasthan,0,0,0.34,0,0.24,1.85,2.26,9.84,4.2,0.36,0,0
25.25,73,Sumerpur Tehsil,Rajasthan,0,0,0.16,0.1,0.29,2.97,2.08,11.37,6.26,0.43,0,0
25.25,73.25,Bali Tehsil,Rajasthan,0,0,0.39,0.34,0.23,3.19,2.28,11.18,4.95,0.45,0,0
25.25,73.5,Desuri Tehsil,Rajasthan,0,0,0.59,0.24,0.41,3.71,2.54,11.96,4.71,0.04,0,0
25.25,73.75,Gadbor Tehsil,Rajasthan,0,0,0.73,0.78,0.24,3.79,3.37,9.7,5.36,0.01,0,0
25.25,74,Amet Tehsil,Rajasthan,0,0,1.32,0.4,0.13,2.68,1.89,9.12,3.44,0.05,0,0
25.25,74.25,Sahara Tehsil,Rajasthan,0,0,0.91,0.17,0.57,2.89,2.21,10.46,4.23,0.74,0.15,0
25.25,74.5,Bhilwara Tehsil,Rajasthan,0,0,0.66,0.08,0.19,2.64,2.28,9.77,4.72,0.15,0.15,0
25.25,74.75,Hameergarh Tehsil,Rajasthan,0,0,0.44,0.13,0.03,2.47,2.01,12.56,3.64,0,0.04,0
25.25,75,Mandalgarh Tehsil,Rajasthan,0,0,0.5,0.21,0,2.1,2.56,10.03,3.73,0.02,0,0
25.25,75.25,Mandalgarh Tehsil,Rajasthan,0.01,0,0.42,0.03,0.06,1.8,2.94,7.44,3.28,0.24,0.06,0
25.25,75.5,Bundi Tehsil,Rajasthan,0.07,0,0.37,0.02,0.3,2.43,2.73,8.09,1.98,0.08,0.32,0
25.25,75.75,Talera Tehsil,Rajasthan,0.11,0,0.55,0.04,0.03,2.2,2.84,9.66,2.96,0.08,0.15,0
25.25,76,Ladpura Tehsil,Rajasthan,0.02,0,0.25,0.09,0,1.65,2.55,4.47,0.62,0,0.21,0
25.25,76.25,Digod Tehsil,Rajasthan,0.24,0,0.45,0,0,3.08,5.64,7.24,1.57,0.01,0.03,0
25.25,76.5,Mangrol Tehsil,Rajasthan,0.36,0,0.55,0,0,3.13,6.14,10.15,1.44,0.5,0.01,0.05
25.25,76.75,Kishanganj Tehsil,Rajasthan,0.5,0,0.43,0,0,3.37,5.87,16.85,2.53,0.18,0.21,0.11
25.25,77,Shahbad Tehsil,Rajasthan,0.55,0.01,0.35,0,0,3.39,5.73,19.48,3.05,0,0.3,0.13
25.25,77.25,Shahbad Tehsil,Rajasthan,0.45,1.48,0.48,0,0.66,2.99,5.45,21.39,1.66,0,0.12,0.05
25.25,77.5,Kolaras Tahsil,Madhya Pradesh,0.38,2.35,0.56,0,1.06,2.7,5.3,22.44,0.86,0,0.01,0
25.25,77.75,Kolaras Tahsil,Madhya Pradesh,0.6,0.85,0.46,0.02,1.38,3.48,6.92,16.54,1.03,0,0.04,0
25.25,78,Pichhore Tahsil,Madhya Pradesh,0.9,0.02,0.51,0.03,1.34,3.76,7.59,11.86,1.11,0,0.02,0
25.25,78.25,Pichhore Tahsil,Madhya Pradesh,1.19,0,0.54,0.03,0.87,3.97,6.85,10.91,1.45,0,0.01,0
25.25,78.5,Jhansi,Uttar Pradesh,1.35,0,0.41,0.04,0.76,4.24,6.16,11.31,1.85,0,0.01,0
25.25,78.75,Niwari Tahsil,Madhya Pradesh,0.92,0,0.33,0.06,0.67,4.36,4.71,11.29,1.44,0,0.13,0
25.25,79,Lidhaura Tahsil,Madhya Pradesh,0.78,0,0.3,0.08,0.57,4.38,4.03,10.93,1.39,0,0.15,0.02
25.25,79.25,Mauranipur,Uttar Pradesh,0.43,0,0.68,0.34,0.48,3.54,4.13,7.21,1.38,0,0.1,0.17
25.25,79.5,Kulpahar,Uttar Pradesh,0.24,0,0.59,0.19,0.51,1.94,2.52,4.83,1.01,0,0.06,0.01
25.25,79.75,Mahoba,Uttar Pradesh,0.48,0,0.32,0.17,1.11,2.77,4.32,7.58,2.58,0,0.21,0.01
25.25,80,Gaurihar Tahsil,Madhya Pradesh,0.96,0,0.35,0.7,1.33,8.87,4.65,7.98,3.24,0,0.08,0
25.25,80.25,Gaurihar Tahsil,Madhya Pradesh,1.34,0,0.26,1.32,1.26,8.4,1.54,6.91,1.95,0,0,0
25.25,80.5,Naraini,Uttar Pradesh,1.37,0,0.95,1.35,1.86,9.34,2.66,9.61,6.63,0,0.15,0.11
25.25,80.75,Karwi,Uttar Pradesh,0.72,0,2.21,0.83,3.39,12.03,5.14,14.9,14.13,0,0.47,0.36
25.25,81,Karwi,Uttar Pradesh,0.6,0,1.46,0.44,2.23,7.86,3.92,9.44,8.53,0,0.27,0.21
25.25,81.25,Mau,Uttar Pradesh,0.52,0,0.89,0.31,0.96,4.5,4.65,4.63,2.36,0,0.09,0.11
25.25,81.5,Mau,Uttar Pradesh,0.47,0,1.22,0.6,1.2,6.2,7.4,6.34,3.74,0,0.13,0.23
25.25,81.75,Bara,Uttar Pradesh,0.19,0,0.42,0.29,0.43,2.57,4.35,5.2,1.86,0,0.01,0.11
25.25,82,Karchhana,Uttar Pradesh,0.73,0.18,1.64,1.56,0.67,5.75,7.69,6.2,4.93,0,0,0.09
25.25,82.25,Gyanpur,Uttar Pradesh,0.84,0.5,1.39,1.73,1.28,9.76,9.91,5.78,4.21,0,0.06,0.01
25.25,82.5,Aurai,Uttar Pradesh,0.96,0.34,1.71,0.78,0.72,10.35,7.69,5.75,2.25,0.13,0.15,0.07
25.25,82.75,Sadar,Uttar Pradesh,2.06,0.68,2.46,0.73,0.98,9.53,13.44,11.67,3.59,0.69,0.51,0.05
25.25,83,Sadar,Uttar Pradesh,0.24,0.03,0.69,0.15,0.88,5.82,5.62,3.76,3.07,0.1,0.12,0.03
25.25,83.25,Chandauli,Uttar Pradesh,0.14,0.42,0.97,0.21,1.02,7.5,6.46,4.75,1.86,0,0.17,0.05
25.25,83.5,Durgawati,Bihar,0.19,0.41,1.17,0.19,0.97,7.25,7.88,4.28,2.02,0.02,0.18,0.02
25.25,83.75,Mohania,Bihar,0.16,0.43,1.1,0.29,0.9,8.28,8.22,5.38,3.63,0.5,0.07,0.01
25.25,84,Kochas,Bihar,0.17,1.04,1.5,0.83,0.65,12,5.3,5.6,4.93,0.9,0.11,0.03
25.25,84.25,Suryapura,Bihar,0.17,0.82,1.36,0.78,0.63,10.84,5.77,5.44,4.76,0.67,0.07,0.02
25.25,84.5,Tarari,Bihar,0.14,0.4,0.89,0.11,0.83,6.82,7.6,5.74,3.96,0.3,0.03,0
25.25,84.75,Karpi,Bihar,0.3,0.81,1.46,0.67,1.15,7.65,4.79,5.32,7.63,0.19,0.01,0
25.25,85,Jehanabad,Bihar,0.43,0.92,1.71,1.36,2.16,11.23,6.58,5.86,9.74,0.25,0.01,0
25.25,85.25,Ekangarsarai,Bihar,0.69,0.91,2.44,1.79,1.91,11.14,8.11,6.46,9.52,1.96,0.12,0
25.25,85.5,Noorsarai,Bihar,0.11,0.5,1.34,0.44,2.09,4.83,5.88,3.82,8.27,0.54,0,0
25.25,85.75,Barbigha,Bihar,0.13,0.31,2.01,0.98,2.73,9.58,8.61,5.11,10.25,1.04,0,0
25.25,86,Barahiya,Bihar,0.19,0.68,1.79,1.25,2.62,8.3,10.27,3.74,10.34,0.97,0,0
25.25,86.25,Surajgarha,Bihar,0.12,0.69,0.77,1.29,2.61,9.7,10.02,7.05,9.78,1.71,0.04,0
25.25,86.5,Dharhara,Bihar,0.18,1.26,1.29,1.74,3.75,10.45,9.95,8.4,9.35,1.75,0,0
25.25,86.75,Sultanganj,Bihar,0.19,1.3,1.54,2.39,3.87,5.18,10.59,4.17,7.93,0.7,0,0
25.25,87,Jagdishpur,Bihar,0.14,0.99,1.5,1.93,2.39,3.66,11.34,5.44,8.28,2.83,0,0
25.25,87.25,Kahalgaon,Bihar,0.07,0.83,1.47,1.75,3.63,5.3,12.41,10.73,14.56,3.16,0,0
25.25,87.5,Mandro,Jharkhand,0.07,0.75,1.02,1.55,5.98,9.69,11.31,9.24,20.35,1.78,0,0
25.25,87.75,Sahibganj (block),Jharkhand,0.14,0.65,1.48,2.33,6.5,11.04,9.02,6.28,15.01,3.2,0,0
25.25,88,Ratua - I,West Bengal,0.14,0.4,1.55,2.38,5.26,12.27,7.58,4.8,9.29,3.28,0,0
25.25,88.25,Gazole,West Bengal,0.11,0.04,1.42,2.28,3.32,10.79,5.86,3.78,4.06,3.12,0,0
25.25,88.5,Tapan,West Bengal,0.11,0,1.44,2.45,3.19,5.52,5.37,3.37,3.38,3.57,0,0
25.25,88.75,Balurghat,West Bengal,0.1,0.03,1.43,3.18,4.35,9.82,7.15,3.29,4.02,3.68,0,0
25.25,90.25,Gasuapara,Meghalaya,0.2,1.4,2.87,13.53,23.29,35.07,47.36,10.75,37.59,4.37,0.01,0
25.25,90.5,Baghmara,Meghalaya,0.32,1.48,2.63,14.2,31.52,53.59,68.43,18.69,49.13,8.29,0.2,0
25.25,90.75,Rongara,Meghalaya,0.66,1.39,1.13,12.66,47.83,86.96,100.59,35.89,66.34,16.26,0.61,0
25.25,91,Ranikor,Meghalaya,0.78,1.3,0.46,11.25,51.35,94.01,105.85,40.66,69.1,19.22,0.78,0.02
25.25,91.25,Ranikor,Meghalaya,0.82,1.36,0.34,12.07,57.9,107.54,120.65,46.29,77.08,20.66,0.84,0
25.25,91.5,Unknown,Meghalaya,0.81,1.34,0.39,11.82,55.26,101.97,114.6,43.86,73.82,20.12,0.82,0.01
25.25,91.75,Shella Bholaganj,Meghalaya,0.68,1.03,0.62,9.56,41.47,76.43,85.08,33.46,56.74,16.26,0.77,0.01
25.25,92,Amlarem,Meghalaya,0.46,0.26,1.28,5.4,11.96,27.95,24.97,12.18,18.31,10.23,1.4,0.03
25.25,92.25,Khliehriat,Meghalaya,0.38,0.04,1.17,4.59,10.45,22.83,19.97,9.66,11.7,7.1,1.24,0
25.25,92.5,Saipung,Meghalaya,0.28,0.06,1.01,4.45,9.84,15.58,14.52,6.17,7.67,4.4,0.79,0
25.25,92.75,Saipung,Meghalaya,0.24,0.06,0.97,4.36,9.75,13.78,12.68,5.26,6.74,3.74,0.63,0
25.25,93,Maibong,Assam,0.29,0.06,0.73,4.17,8.9,11.59,10.22,5.13,5.25,4.6,0.41,0
25.25,93.25,Maibong,Assam,1.03,0.32,0.74,3.13,5.85,7.91,7.29,5.2,4.95,4.65,2.04,0
25.25,93.5,Tamenglong West,Manipur,1.18,0.37,0.66,3.08,5.3,7.27,6.75,5.57,5.67,4.92,2.31,0
25.25,93.75,Tamenglong North,Manipur,1.16,0.4,0.54,3.57,5.2,7.6,7.83,6.45,6.64,5.94,2.37,0
25.25,94,Kangpoki subdivision,Manipur,1.15,0.45,0.44,3.95,4.91,7.61,8.43,7.31,7.27,6.68,2.39,0
25.25,94.25,Senapati tehsil,Manipur,1.07,0.55,0.27,4.4,3.9,7.51,9.25,8.59,8.16,7.24,2.45,0
25.25,94.5,Chingai,Manipur,1.01,0.58,0.23,4.68,3.59,7.3,9.25,8.75,8.4,7.34,2.48,0
25.5,70.5,Tharparkar District,Sindh,0,0,0.27,0,0.01,0.42,0.63,5.82,1.9,0,0,0
25.5,70.75,Chohtan Tehsil,Rajasthan,0.01,0,0.28,0,0.04,1.16,1.29,6.29,2.38,0,0,0
25.5,71,Chohtan Tehsil,Rajasthan,0,0,0.29,0,0.1,2.09,2.44,6.13,3.55,0,0,0
25.5,71.25,Chohtan Tehsil,Rajasthan,0.17,0,0.4,0,0.06,1.9,2.02,4.53,3.12,0,0,0
25.5,71.5,Barmer Tehsil,Rajasthan,0.21,0,0.38,0,0.03,1.67,1.81,3.46,2.86,0.12,0,0
25.5,71.75,Sindhari Tehsil,Rajasthan,0,0,0.53,0,0,1.51,1.48,2.45,4.87,0.21,0,0
25.5,72,Sindhari Tehsil,Rajasthan,0,0,0.59,0,0.01,1.54,1.7,3.95,4.1,0.3,0,0
25.5,72.25,Siwana Tehsil,Rajasthan,0,0,0.89,0.02,0.16,2.02,1.93,4.3,3.26,1.17,0,0.01
25.5,72.5,Siwana Tehsil,Rajasthan,0,0,0.61,0.01,0.2,1.83,2.16,7.36,3.54,0.73,0,0
25.5,72.75,Ahore Tehsil,Rajasthan,0,0,0.41,0,0.25,2.09,2.27,9.08,3.9,0.53,0,0
25.5,73,Ahore Tehsil,Rajasthan,0,0,0.24,0.13,0.09,3.7,2.34,8.3,4.71,0.89,0,0
25.5,73.25,Pali Tehsil,Rajasthan,0,0,0.35,0.2,0.11,4.1,2.82,8.24,4.82,0.77,0,0
25.5,73.5,Rani Tehsil,Rajasthan,0.01,0,0.59,0.41,0.26,3.17,4.55,8.98,4.17,0.01,0,0
25.5,73.75,Marwar Junction Tehsil,Rajasthan,0,0,0.51,0.4,0.29,2.13,3.28,9.17,3.46,0.01,0,0
25.5,74,Deogarh Tehsil,Rajasthan,0,0,1.37,0.25,0.13,1.74,1.22,9.21,2.61,0.03,0,0
25.5,74.25,Kareda Tehsil,Rajasthan,0,0,0.89,0.25,0.21,3.43,1.34,8.14,3.95,0.05,0,0
25.5,74.5,Mandal Tehsil,Rajasthan,0,0,0.6,0.19,0.19,4.47,1.38,8.45,4.71,0.06,0.01,0
25.5,74.75,Banera Tehsil,Rajasthan,0,0,0.45,0.13,0.21,3.48,2.09,12.97,2.8,0.03,0.02,0
25.5,75,Kotri Tehsil,Rajasthan,0,0,0.48,0.07,0.32,2.35,2.12,14.48,1.91,0.07,0.02,0
25.5,75.25,Jahazpur Tehsil,Rajasthan,0.02,0,0.6,0.13,0.43,1.72,2.56,13.33,1.95,0.1,0.37,0
25.5,75.5,Hindoli Tehsil,Rajasthan,0.08,0,0.42,0.05,0.66,2.74,2.15,7.88,2.58,0.22,0.7,0
25.5,75.75,Hindoli Tehsil,Rajasthan,0.01,0,0.45,0,0.14,2.1,2.23,9.65,1.7,0.1,0.47,0
25.5,76,Keshoraipatan Tehsil,Rajasthan,0.05,0,0.39,0.04,0,2.33,2.34,7.26,1.42,0.05,0.13,0
25.5,76.25,Digod Tehsil,Rajasthan,0.24,0,0.37,0.02,0,2.52,5.06,5.66,1.16,0.01,0.06,0
25.5,76.5,Pipalda Tehsil,Rajasthan,0.33,0,0.41,0,0,2.92,6.44,7.37,1.43,0.2,0.01,0.02
25.5,76.75,Karahal Tahsil,Madhya Pradesh,0.48,0,0.42,0,0,3.3,5.97,14.99,2.31,0.17,0.17,0.09
25.5,77,Karahal Tahsil,Madhya Pradesh,0.5,0.41,0.43,0.01,0.27,3.01,5.48,18.23,2.24,0.05,0.27,0.08
25.5,77.25,Pohri Tahsil,Madhya Pradesh,0.47,0.97,0.47,0.01,0.56,2.84,5.47,18.98,1.74,0,0.21,0.05
25.5,77.5,Pohri Tahsil,Madhya Pradesh,0.5,1.35,0.53,0.01,1.08,2.91,6.08,18.59,1.13,0,0.06,0.02
25.5,77.75,Shivpuri Tahsil,Madhya Pradesh,0.68,0.66,0.52,0.04,1.45,3.14,7.06,14.81,0.94,0,0,0
25.5,78,Karera Tahsil,Madhya Pradesh,0.75,0,0.52,0.03,1.64,3.51,8.07,11.75,0.98,0,0,0
25.5,78.25,Karera Tahsil,Madhya Pradesh,1.08,0,0.68,0.04,0.86,3.72,6.94,10.14,1.02,0,0.01,0
25.5,78.5,Jhansi,Uttar Pradesh,1.23,0,0.62,0.05,0.67,3.82,6.34,9.86,1.29,0,0.01,0
25.5,78.75,Tahrauli,Uttar Pradesh,1.09,0,0.19,0.17,1.03,2.54,4.36,6.62,1.43,0,0.01,0
25.5,79,Tahrauli,Uttar Pradesh,0.6,0,0.07,0.03,0.34,2.18,2.78,2.79,0.81,0,0.02,0
25.5,79.25,Garautha,Uttar Pradesh,0.56,0,0.17,0.11,0.76,2.62,3.64,2.13,1.27,0,0.01,0
25.5,79.5,Hamirpur,Uttar Pradesh,0.5,0,0.33,0.21,1.16,3.06,3.95,3.45,1.54,0,0.03,0
25.5,79.75,Charkhari,Uttar Pradesh,0.66,0,0.32,0.08,0.55,2.48,5.02,6.3,1.36,0,0.1,0
25.5,80,Mahoba,Uttar Pradesh,1.16,0,0.4,0.42,1.06,8.52,7.33,8.68,3.96,0,0.09,0
25.5,80.25,Banda,Uttar Pradesh,1.2,0,0.44,0.81,1.39,10.12,6.93,9.1,4.55,0,0.07,0
25.5,80.5,Banda,Uttar Pradesh,1.51,0,0.58,0.63,1.32,5.6,5.29,8,3.16,0,0.13,0
25.5,80.75,Baberu,Uttar Pradesh,0.97,0,1.11,0.55,1.91,7.31,4.69,9.35,6.8,0,0.23,0.14
25.5,81,Baberu,Uttar Pradesh,0.54,0.02,0.4,0.03,0.65,2.54,2.83,2.55,1.06,0,0,0
25.5,81.25,Khaga,Uttar Pradesh,0.58,0.04,0.54,0.05,0.79,2.27,3.81,3.16,1.49,0,0.01,0.02
25.5,81.5,Chail,Uttar Pradesh,0.55,0,1.38,0.69,1.38,7.7,8.89,8.16,4.69,0,0.26,0.28
25.5,81.75,Soraon,Uttar Pradesh,0.51,0,0.93,0.68,0.59,5.69,7.73,9.86,5.55,0,0.08,0.27
25.5,82,Phulpur,Uttar Pradesh,0.62,0.04,1.8,1.79,0.3,3.32,7.51,6.5,5.72,0,0,0.19
25.5,82.25,Handia,Uttar Pradesh,0.08,0.08,0.43,0.28,0.4,2.64,5.99,4.41,4.39,0,0,0
25.5,82.5,Mariahu,Uttar Pradesh,0.18,0.19,0.87,0.9,0.78,5.74,5.33,5.35,5.15,0.05,0,0.12
25.5,82.75,Pindra,Uttar Pradesh,0.48,0.24,0.92,0.89,0.7,5.08,5.91,5.06,3.58,0.24,0.09,0.1
25.5,83,Pindra,Uttar Pradesh,1.09,0.48,1.55,0.49,0.95,7.99,9.4,7.44,3.44,0.45,0.31,0.06
25.5,83.25,Sakaldiha,Uttar Pradesh,0.01,0.39,0.52,0.17,1.14,5.87,5.06,3.47,3.58,0,0.01,0.15
25.5,83.5,Zamania,Uttar Pradesh,0.02,0.29,0.71,0.04,1.39,8.31,8.99,5.76,6.05,0.07,0,0.04
25.5,83.75,Zamania,Uttar Pradesh,0.11,0.28,0.5,0.01,1.53,8.32,11.87,8.07,5.68,0.94,0,0
25.5,84,Itarhi,Bihar,0.17,0.65,1,0.75,1.18,11.21,9.47,6.27,6.16,0.72,0.04,0.02
25.5,84.25,Chaugain,Bihar,0.23,0.74,1.1,0.99,1.04,11.74,8.71,6.4,7.78,0.52,0.04,0.01
25.5,84.5,Jagdishpur,Bihar,0.12,0.61,0.64,0.49,1.91,7.5,11.99,7.13,9.55,0.43,0,0
25.5,84.75,Koilwar,Bihar,0.24,1.34,0.78,0.62,1.85,8.69,11.07,7.52,6.43,1.81,0,0
25.5,85,Naubatpur,Bihar,0.27,1.67,1.24,1.19,2.41,11.59,11.6,6.73,7.77,1.2,0,0
25.5,85.25,Fatwah,Bihar,0.18,0.42,0.57,2.83,3.94,12.44,17.82,7.38,17.82,0.67,0,0
25.5,85.5,Raghopur,Bihar,0.16,0.43,0.57,2.87,4.61,13.94,18.19,7.83,19.7,0.78,0,0
25.5,85.75,Pandarak,Bihar,0.38,1,1.21,2.48,2.17,11.34,23.27,6.74,12.06,0.79,0,0
25.5,86,Teghra,Bihar,0.19,0.45,0.89,2.11,2.32,9.51,11.7,6.01,11.23,1.35,0.02,0
25.5,86.25,Dandari,Bihar,0.31,0.42,0.74,2.89,2.37,10.37,12.2,6.87,10.75,1.53,0.01,0
25.5,86.5,Khagaria,Bihar,0.21,1.37,1.33,3.28,2.19,8.67,12.39,8.28,9.47,2.67,0,0
25.5,86.75,Gogri,Bihar,0.23,1.67,2.63,3.65,4.27,9.6,17.68,9.85,12.48,2.61,0,0
25.5,87,Chausa,Bihar,0.06,1.78,2.09,3.08,2.43,5.93,12.54,6.74,10.06,1.3,0,0
25.5,87.25,Sameli,Bihar,0.13,0.88,2.23,2.38,4.07,5.34,19.07,17.36,37.13,1.67,0,0
25.5,87.5,Barari,Bihar,0.11,0.69,1.8,2.26,4.43,8.94,15.08,12.8,23.37,2.37,0,0
25.5,87.75,Pranpur,Bihar,0.11,0.73,1.63,1.93,5.42,9.03,12.13,9.99,20.2,2.76,0,0
25.5,88,Barsoi,Bihar,0.14,0.35,1.29,2.04,4.81,9.83,8.43,4.79,9.59,2.56,0,0
25.5,88.25,Itahar,West Bengal,0.12,0.12,1.26,2.43,3.51,10.67,6.94,3.67,5.04,3,0,0
25.5,88.5,Kushmundi,West Bengal,0.1,0.07,1.45,2.99,4.5,11.42,8.37,3.62,4.88,3.49,0,0.01
25.5,88.75,Dinajpur Sadar Upazila,Rangpur Division,0.09,0.03,1.17,4.12,8.24,17.65,19.17,6.76,6.99,1.4,0,0
25.5,89.75,Char Rajibpur Upazila,Rangpur Division,0.23,1.13,2.26,11.75,22.19,30.68,38.89,10.87,33.24,4.3,0.02,0
25.5,90,Betasing,Meghalaya,0.17,1.51,3.26,14.31,23.47,37.16,52.22,10.75,40.74,4.65,0,0
25.5,90.25,Gambegre,Meghalaya,0.19,1.43,2.98,13.88,23.38,35.73,48.76,10.7,38.38,4.45,0.01,0
25.5,90.5,Samanda,Meghalaya,0.21,1.22,2.38,12.54,23.31,33.37,42.05,10.41,34.43,3.9,0.05,0
25.5,90.75,Baghmara,Meghalaya,0.64,1.38,1.32,12.79,44.51,80.34,92.99,32.64,61.77,14.46,0.52,0
25.5,91,Mawshynrut,Meghalaya,0.73,1.25,0.56,10.5,45.58,82.11,92.82,35.76,62.15,18.02,0.75,0.05
25.5,91.25,Nongstoin,Meghalaya,0.73,1.21,0.54,10.36,44.79,80.61,91.13,35.18,61.08,17.52,0.7,0.03
25.5,91.5,Mawthadraishan,Meghalaya,0.53,0.78,0.88,6.29,15.8,21.6,26.23,11.17,25.5,9.57,0.27,0.05
25.5,91.75,Mawphlang,Meghalaya,0.52,1.13,1.07,7.65,21.34,31.66,37.78,14.6,33.34,14.03,0.74,0.19
25.5,92,Mawkynrew,Meghalaya,0.41,0.68,0.91,5.8,11.14,14.99,17.45,6.77,19.03,10.21,0.86,0.13
25.5,92.25,Thadlaskein,Meghalaya,0.25,0.12,0.53,4.24,6.76,8.64,7.66,2.64,6.9,4.79,0.68,0.02
25.5,92.5,Laskein,Meghalaya,0.24,0.09,0.54,4.29,7,8.73,7.04,2.71,6.52,4.15,0.66,0.02
25.5,92.75,Umrangso,Assam,0.21,0.09,0.64,4.35,8.49,9.08,6.83,3.59,5.07,3.38,0.25,0
25.5,93,Umrangso,Assam,0.21,0.09,0.67,4.46,7.92,8.39,6.29,3.67,4.15,4.02,0.2,0
25.5,93.25,Maibong,Assam,0.61,0.24,0.61,4.01,5.39,7.01,6.73,4.7,4.64,5.62,0.73,0
25.5,93.5,Kebai Khelma,Nagaland,0.71,0.3,0.62,3.91,5.18,7.51,7.64,5.06,5.26,5.89,1.53,0
25.5,93.75,Peren,Nagaland,1.02,0.36,0.62,3.75,5.98,8.64,8.7,6.82,5.9,6.54,2.12,0
25.5,94,Senapati tehsil,Manipur,1,0.51,0.28,4.63,4.36,7.7,9.44,7.7,8.85,7.77,2.43,0
25.5,94.25,Zuketsa,Nagaland,0.95,0.56,0.22,4.74,3.8,7.39,9.39,8.41,8.61,7.55,2.46,0
25.5,94.5,Chingai,Manipur,0.95,0.61,0.23,4.85,3.21,6.97,8.77,9.01,8.5,7.13,2.48,0
25.75,70.25,Umerkot District,Unknown,0,0,0.27,0,0.01,0.44,0.61,5.86,1.9,0,0,0
25.75,70.5,Gadraroad Tehsil,Rajasthan,0,0,0.26,0,0,0.16,0.42,5.59,1.79,0,0,0
25.75,70.75,Ramsar Tehsil,Rajasthan,0,0,0.28,0,0,0.83,0.74,6.81,1.7,0,0,0
25.75,71,Ramsar Tehsil,Rajasthan,0.04,0,0.31,0,0.03,1.36,1.27,6.53,2.19,0,0,0
25.75,71.25,Barmer Tehsil,Rajasthan,0.27,0,0.46,0,0.04,1.97,1.8,4.1,2.88,0,0,0
25.75,71.5,Barmer Tehsil,Rajasthan,0.27,0,0.46,0,0.03,2.08,1.81,3.83,3.09,0.01,0,0
25.75,71.75,Baytoo Tehsil,Rajasthan,0.13,0,0.54,0,0.01,2.18,1.64,2.57,4.52,0.08,0,0
25.75,72,Sindhari Tehsil,Rajasthan,0.02,0,0.57,0.01,0.02,1.24,1.19,1.88,5.18,0.17,0,0.04
25.75,72.25,Unknown,Rajasthan,0.02,0,0.72,0.02,0.12,1.6,1.45,1.83,4.33,0.85,0,0.04
25.75,72.5,Samdhari Tehsil,Rajasthan,0.03,0,0.71,0.02,0.15,1.67,1.8,2.94,4.38,0.92,0,0.02
25.75,72.75,Ahore Tehsil,Rajasthan,0,0,0.6,0,0.61,1.55,2.37,6.81,2.59,0.19,0,0
25.75,73,Rohat Tehsil,Rajasthan,0,0,0.49,0.04,0.53,2.56,2.09,6.38,2.8,0.42,0,0
25.75,73.25,Pali Tehsil,Rajasthan,0,0,0.24,0.13,0.02,4.87,2.29,4.8,4.54,1.43,0,0
25.75,73.5,Pali Tehsil,Rajasthan,0.03,0,0.58,0.6,0.02,2.93,6.11,5.92,3.6,0.19,0,0
25.75,73.75,Marwar Junction Tehsil,Rajasthan,0.01,0,0.61,0.48,0.11,2.36,4.35,9,3.36,0.11,0,0
25.75,74,Beawar Tehsil,Rajasthan,0,0,0.57,0.2,0.25,1.42,2.92,11.22,3.71,0.31,0,0
25.75,74.25,Badnor Tehsil,Rajasthan,0,0,0.41,0.29,0.37,2.93,2.02,7.55,4.34,0.01,0,0
25.75,74.5,Hurda Tehsil,Rajasthan,0,0,0.51,0.27,0.54,3.41,1.02,8.26,3.23,0.03,0,0
25.75,74.75,Hurda Tehsil,Rajasthan,0,0,0.59,0.24,0.53,4.2,2.17,9.11,2.38,0.06,0,0
25.75,75,Phooliya Kalan Tehsil,Rajasthan,0,0,0.28,0.08,0.21,2.14,1.87,10.78,1.43,0.06,0.14,0
25.75,75.25,Sawar Tehsil,Rajasthan,0.03,0,0.64,0.03,0.1,0.8,0.52,8.35,2.13,0,0.07,0
25.75,75.5,Deoli Tehsil,Rajasthan,0.05,0,0.53,0.13,0.11,1.71,1.98,7.77,1.38,0,0.73,0
25.75,75.75,Nainwa Tehsil,Rajasthan,0.01,0,0.53,0.01,0.04,2.3,2.2,9.25,1.17,0,1.27,0
25.75,76,Nainwa Tehsil,Rajasthan,0.12,0,0.48,0.11,0.12,1.6,3.19,7.78,2.6,0.04,0.84,0
25.75,76.25,Indargarh Tehsil,Rajasthan,0.23,0,0.66,0.1,0.52,1.97,3.91,8.67,2.47,0.06,0.64,0
25.75,76.5,Pipalda Tehsil,Rajasthan,0.25,0,0.69,0.07,0.68,2.44,4.16,8.61,2.02,0.05,0.51,0
25.75,76.75,Sheopur Tahsil,Madhya Pradesh,0.36,0,0.67,0.06,0.6,2.95,4.97,12.28,2.62,0.04,0.66,0.04
25.75,77,Karahal Tahsil,Madhya Pradesh,0.54,0,0.48,0.02,0.25,2.72,5.52,12.99,1.69,0,0.55,0.05
25.75,77.25,Vijaypur Tahsil,Madhya Pradesh,0.48,0.23,0.55,0.04,0.46,2.15,5.86,10.42,0.76,0,0.53,0.01
25.75,77.5,Bairrad Tahsil,Madhya Pradesh,0.53,0.56,0.54,0.03,0.95,2.52,6.17,12.76,0.74,0,0.28,0
25.75,77.75,Shivpuri Tahsil,Madhya Pradesh,1.06,0.01,0.55,0.11,1.3,2.7,6.27,11.84,1.11,0,0.23,0
25.75,78,Bhitarwar Tahsil,Madhya Pradesh,1.07,0,0.51,0.13,1.21,2.56,5.98,12.15,1.06,0,0.15,0
25.75,78.25,Narwar Tahsil,Madhya Pradesh,1.29,0,0.41,0.25,0.64,1.63,3.92,12.08,0.98,0,0.05,0
25.75,78.5,Datia Tahsil,Madhya Pradesh,1.11,0,0.28,0.36,0.6,2.23,3.68,6.18,1.42,0,0,0
25.75,78.75,Bhander Tahsil,Madhya Pradesh,0.94,0,0.15,0.14,1.33,1.58,4.03,3.71,0.98,0,0,0
25.75,79,Moth,Uttar Pradesh,0.71,0,0.07,0.11,0.63,1.64,2.99,2.26,0.91,0,0,0
25.75,79.25,Garautha,Uttar Pradesh,0.83,0,0.18,0.26,1.11,2.99,4.53,2.97,2.02,0,0.01,0
25.75,79.5,Hamirpur,Uttar Pradesh,0.92,0,0.29,0.3,1.44,3.41,5.58,3.77,2.22,0,0.02,0
25.75,79.75,Hamirpur,Uttar Pradesh,1.06,0.01,0.48,0.14,0.59,3.03,7.78,8.28,1.4,0,0.06,0
25.75,80,Hamirpur,Uttar Pradesh,1.17,0.01,0.47,0.16,0.58,3.62,8.59,9.18,1.51,0,0.08,0
25.75,80.25,Hamirpur,Uttar Pradesh,1.18,0,0.51,0.51,1.13,4.8,8.15,8.72,2.5,0,0.09,0
25.75,80.5,Banda,Uttar Pradesh,1.26,0.39,2.03,0.48,2.43,4.77,10.85,8.68,2.93,0,0.27,0
25.75,80.75,Fatehpur,Uttar Pradesh,0.83,0.14,0.79,0.31,1.09,1.89,5.4,4.43,1.57,0,0.13,0
25.75,81,Fatehpur,Uttar Pradesh,0.49,0.01,0.17,0.1,0.43,1.6,2.31,2,0.85,0,0,0
25.75,81.25,Sirathu,Uttar Pradesh,0.49,0.24,0.36,0.09,0.75,2.51,10,6.24,3.17,0,0,0
25.75,81.5,Pratapgarh,Uttar Pradesh,0.46,0.11,0.68,0.37,0.6,3.87,9.88,13.68,6.91,0,0.03,0.04
25.75,81.75,Pratapgarh,Uttar Pradesh,0.56,0.06,0.64,0.89,0.8,5.35,8.77,12.18,6.02,0,0,0.01
25.75,82,Pratapgarh,Uttar Pradesh,0.31,0.12,0.82,0.72,1.12,5.53,10.78,5.32,4.75,0,0,0
25.75,82.25,Machhlishahr,Uttar Pradesh,0.04,0.02,0.42,0.13,0.29,2.38,8.51,3.49,4.82,0,0.01,0
25.75,82.5,Jaunpur,Uttar Pradesh,0.18,0.08,1.56,0.43,0.83,6.78,11.79,5.02,6.22,0.02,0,0.16
25.75,82.75,Jaunpur,Uttar Pradesh,0.14,0.56,1.53,0.31,0.75,4.1,4.56,4.92,7.14,0.01,0,0
25.75,83,Lalganj,Uttar Pradesh,0.05,0.24,0.63,0.56,0.66,4.86,6.49,4.76,6.85,0.14,0,0.02
25.75,83.25,Jakhania,Uttar Pradesh,0,0.1,0.46,0.35,1.15,5.81,6.92,4.29,4.53,0,0,0.06
25.75,83.5,Ghazipur,Uttar Pradesh,0.11,0.37,0.7,0.12,1.21,7.68,8.93,5.75,5.94,0.12,0,0
25.75,83.75,Mohammadabad,Uttar Pradesh,0.1,0.2,0.33,0.06,1.52,7.22,11.6,5.62,5.55,0.39,0,0
25.75,84,Ballia,Uttar Pradesh,0.14,0.27,0.36,0.5,1.68,8.4,13.04,4.41,6.72,0.03,0,0
25.75,84.25,Ballia,Uttar Pradesh,0.31,0.58,0.78,1.58,1.63,12.84,12.16,7.08,10.39,0.41,0,0
25.75,84.5,Bairia,Uttar Pradesh,0.1,0.88,0.4,1.64,2.16,11.52,12.16,5.01,12.77,1.76,0,0
25.75,84.75,Chapra,Bihar,0.14,1.74,0.74,1.41,2.4,9.92,14.49,6.3,8.69,0.97,0,0
25.75,85,Dighwara,Bihar,0.15,1.55,1.04,1.93,3.2,10.2,14.53,4.95,8.26,0.76,0,0
25.75,85.25,Hajipur,Bihar,0.14,0.89,0.38,2.42,1.95,9.73,15.54,2.59,8.94,0.63,0,0
25.75,85.5,Jandaha,Bihar,0.17,0.41,1.04,4.27,2.3,11.2,17.37,7.01,9.21,1.06,0,0
25.75,85.75,Sarairanjan,Bihar,0.35,0.57,1.13,4.29,2.67,13.8,24.82,7.32,13.95,1.38,0,0
25.75,86,Bibhutpur,Bihar,0.4,1.08,0.99,2.92,2.01,11.41,24.24,7.13,11.91,0.73,0,0
25.75,86.25,Hasanpur,Bihar,0.25,0.82,1.01,3.2,2.11,10.59,14.61,7.8,10.17,1.39,0,0
25.75,86.5,Simri Bakhtiarpur,Bihar,0.16,0.97,1.55,3.17,2.5,10.75,18.18,8.1,11.08,0.68,0,0
25.75,86.75,Sonbarsa,Bihar,0.27,0.65,1.46,0.92,1.9,9.53,9.52,4.81,6.46,0.28,0,0
25.75,87,Bihariganj,Bihar,0.24,0.53,2.35,3.13,3.67,11.25,13.63,8.9,15.22,1.52,0,0.01
25.75,87.25,Dhamdaha,Bihar,0.22,0.36,2.72,3.71,4.69,12.49,16.56,11.9,21.85,2.23,0,0.02
25.75,87.5,Purnia East,Bihar,0.15,0.52,2,3.26,3.95,15.55,17.6,12.72,25.95,1.95,0,0
25.75,87.75,Kadwa,Bihar,0.07,0.44,1.04,3.48,2.87,13.7,15.6,8,16.31,2.07,0,0
25.75,88,Unknown,West Bengal,0.05,0.39,0.68,3.86,4.43,14.8,18.8,7.54,18.07,2.05,0,0
25.75,88.25,Hemtabad,West Bengal,0.08,0.28,0.92,3.46,4.45,13.28,14.43,5.19,9.6,1.21,0,0.01
25.75,89.75,Ulipur Upazila,Rangpur Division,0.28,0.6,1.25,8.75,20.72,24.23,25.69,11.22,25.86,4.01,0.05,0
25.75,90,Selsella,Meghalaya,0.23,1.26,2.43,12.09,22.73,32.1,41.29,10.88,34.27,4.14,0.02,0
25.75,90.25,Dadenggiri,Meghalaya,0.2,1.19,2.38,12.92,22.91,33.46,42.3,10.6,33.85,3.93,0.02,0
25.75,90.5,Songsak,Meghalaya,0.19,0.96,1.63,11.37,23.19,31.47,34.82,8.74,30.41,3.28,0.08,0
25.75,90.75,Dambo Rongjeng,Meghalaya,0.5,0.67,0.87,9.67,18.08,23.04,19.12,6.29,19.88,2.27,0.12,0
25.75,91,Mawshynrut,Meghalaya,0.76,0.81,0.81,8.13,20.7,29.87,31.55,14.49,25.84,7.86,0.29,0.05
25.75,91.25,Boko,Assam,0.67,0.86,0.97,7.51,16.14,16.08,19.44,8.69,22.05,8.62,0.4,0.11
25.75,91.5,Mairang,Meghalaya,0.46,1.18,1.3,7.1,14.33,15.58,20.28,7.81,24.77,13.55,0.86,0.27
25.75,91.75,Mairang,Meghalaya,0.43,1.1,1.19,6.47,13.41,15.11,19.16,7.11,23.15,12.77,0.76,0.24
25.75,92,Umsning,Meghalaya,0.35,0.81,0.67,5.06,7.95,9.53,10.51,3.07,14.4,9.64,0.69,0.16
25.75,92.25,Donka,Assam,0.34,0.2,0.18,3.32,4.75,6.41,5.89,1.48,7.97,6.49,0.88,0.03
25.75,92.5,Donka,Assam,0.31,0.13,0.24,3.57,4.98,6.95,6.49,1.86,8.18,6.02,0.98,0.03
25.75,92.75,Donka,Assam,0.24,0.08,0.46,4.7,7.73,6.09,2.81,3.56,5.1,3.05,0.02,0
25.75,93,Umrangso,Assam,0.27,0.11,0.48,4.55,6.54,6.04,3.83,3.7,3.16,5.07,0.04,0
25.75,93.25,Diphu,Assam,0.34,0.17,0.53,4.21,4.83,5.93,5.61,3.98,5,5.29,0.49,0
25.75,93.5,Diphu,Assam,0.58,0.34,0.73,3.86,4.65,7.71,7.28,2.27,5.44,5.63,1.2,0
25.75,93.75,Chumukedima,Nagaland,1.05,0.35,0.64,3.78,5.9,8.6,8.54,6.36,5.59,6.49,2.02,0
25.75,94,Sechu-Zubza,Nagaland,0.97,0.53,0.19,4.8,3.95,7.4,9.68,7.88,9.07,7.81,2.47,0
25.75,94.25,Kezocha,Nagaland,0.93,0.63,0.19,4.84,3.04,7.03,9.11,9.18,9.15,7.43,2.52,0
25.75,94.5,Phek Sadar,Nagaland,0.98,0.65,0.24,4.93,2.76,6.87,8.61,9.67,8.15,6.58,2.46,0
25.75,94.75,Phor,Nagaland,1.04,0.63,0.29,5.16,2.86,6.56,7.76,9.32,7.69,6.23,2.44,0
25.75,95,Khongsa,Nagaland,1.13,0.64,0.3,5.25,2.77,6.46,7.58,9.38,7.5,5.96,2.44,0
26,70,Sanghar District,Unknown,0.04,0,0.25,0,0.02,0.31,0.53,5.1,1.85,0,0,0
26,70.25,Gadraroad Tehsil,Rajasthan,0.04,0,0.26,0,0.02,0.4,0.58,5.39,1.85,0,0,0
26,70.5,Gadraroad Tehsil,Rajasthan,0.01,0,0.29,0,0.01,0.62,0.64,5.67,2.09,0,0,0
26,70.75,Gadraroad Tehsil,Rajasthan,0.03,0,0.32,0,0.01,0.99,0.76,5.52,2.41,0,0,0
26,71,Sheo Tehsil,Rajasthan,0.14,0,0.43,0,0.01,1.92,1.07,3.81,3.58,0,0,0
26,71.25,Sheo Tehsil,Rajasthan,0.2,0,0.48,0,0.02,2.26,1.3,2.85,4.06,0,0,0
26,71.5,Baytoo Tehsil,Rajasthan,0.29,0,0.48,0,0.01,2.8,1.87,3.19,3.63,0.04,0,0
26,71.75,Baytoo Tehsil,Rajasthan,0.32,0,0.5,0,0,3.41,2.06,2.77,3.98,0.06,0,0
26,72,Gira Tehsil,Rajasthan,0.14,0,0.51,0.01,0.01,1.55,1.7,2.57,5.65,0.03,0,0.03
26,72.25,Unknown,Rajasthan,0.11,0,0.51,0.02,0.03,0.96,2.07,3.06,6.77,0.09,0,0.02
26,72.5,Unknown,Rajasthan,0.04,0,0.66,0.02,0.14,1.36,1.89,2.82,4.65,0.58,0,0.03
26,72.75,Unknown,Rajasthan,0.01,0,0.59,0.07,0.5,1.08,3.19,5.94,3.15,0.19,0,0
26,73,Unknown,Rajasthan,0,0,0.6,0.01,0.68,1.48,2.35,6.68,2.36,0.05,0,0
26,73.25,Rohat Tehsil,Rajasthan,0.01,0,0.4,0.08,0.28,2.76,1.84,7.36,2.9,0.54,0,0
26,73.5,Sojat Tehsil,Rajasthan,0.02,0,0.37,0.16,0.03,1.5,1.88,10.86,2.85,0.06,0,0
26,73.75,Sojat Tehsil,Rajasthan,0.01,0,0.38,0.1,0.37,1.52,2.13,9.84,3.31,0.12,0,0
26,74,Raipur Tehsil,Rajasthan,0,0,0.42,0.02,0.43,1.27,2.61,8.59,2.99,0.14,0,0
26,74.25,Beawar Tehsil,Rajasthan,0,0,0.46,0.12,0.18,1.69,2.29,6.94,2.29,0.07,0,0
26,74.5,Masuda Tehsil,Rajasthan,0,0,0.37,0.28,0.56,2.54,1.04,7.18,1.89,0.02,0.01,0
26,74.75,Bhinay Tehsil,Rajasthan,0,0,0.2,0.19,0.32,2.34,2.38,8.23,2.52,0.01,0.09,0
26,75,Sarwar Tehsil,Rajasthan,0,0,0.61,0.16,0.49,3.04,4.25,8.61,2.47,0.22,0.14,0
26,75.25,Kekri Tehsil,Rajasthan,0.14,0,0.42,0.31,0.28,1.72,3,7.97,2.25,0.1,0.37,0
26,75.5,Todaraisingh Tehsil,Rajasthan,0.16,0,0.3,0.34,0.34,1.58,2.53,6.26,1.88,0.1,0.42,0
26,75.75,Tonk Tehsil,Rajasthan,0.1,0,0.36,0.22,0.37,1.53,1.91,4.73,2.23,0.11,0.5,0
26,76,Uniara Tehsil,Rajasthan,0.14,0,0.51,0.17,0.28,1.34,3.5,7.05,3.25,0.05,0.68,0
26,76.25,Sawai Madhopur Tehsil,Rajasthan,0.32,0,0.51,0.08,0.83,1.45,3.83,8.81,0.99,0.05,0.61,0
26,76.5,Khandar Tehsil,Rajasthan,0.2,0,1.02,0.13,1.17,3.1,3.54,10.44,3.09,0.09,0.71,0
26,76.75,Khandar Tehsil,Rajasthan,0.36,0,0.68,0.05,0.54,2.97,4.91,9.56,2.24,0.04,0.99,0
26,77,Beerpur Tahsil,Madhya Pradesh,0.52,0,0.56,0.03,0.32,2.44,5.84,8.51,0.91,0,0.79,0
26,77.25,Vijaypur Tahsil,Madhya Pradesh,0.52,0,0.5,0.03,0.54,1.87,4.99,9.1,0.63,0,0.55,0
26,77.5,Vijaypur Tahsil,Madhya Pradesh,0.63,0,1.05,0.03,0.35,2.48,6.03,8.14,0.8,0,0.64,0
26,77.75,Ghatigaon Tahsil,Madhya Pradesh,1.29,0.01,1.51,0.09,0.61,2.41,5.13,9.14,1.29,0,0.74,0
26,78,Ghatigaon Tahsil,Madhya Pradesh,1.48,0.01,0.62,0.22,0.82,1.54,3.9,11.84,1.19,0,0.5,0
26,78.25,Chinour Tahsil,Madhya Pradesh,1.35,0,0.41,0.24,0.67,1.28,4.04,12.98,0.86,0,0.11,0
26,78.5,Dabra Tahsil,Madhya Pradesh,0.91,0,0.43,0.31,0.37,3.18,6.29,8.1,1.23,0,0.59,0
26,78.75,Bhander Tahsil,Madhya Pradesh,1.02,0,0.27,0.18,0.53,3.14,6.28,5.78,0.92,0,0.65,0
26,79,Konch,Uttar Pradesh,0.75,0,0.07,0.31,0.54,1.4,3.01,2.98,1.08,0,0.08,0
26,79.25,Konch,Uttar Pradesh,1.23,0,0.16,0.46,0.66,2.37,3.65,3.87,2.45,0,0,0
26,79.5,Orai,Uttar Pradesh,1.27,0,0.34,0.19,0.13,1.39,6.39,4.06,1.5,0,0.02,0
26,79.75,Kalpi,Uttar Pradesh,1.21,0.01,0.51,0.17,0.29,1.8,5.26,5.42,1.41,0,0.05,0
26,80,Hamirpur,Uttar Pradesh,1.24,0.03,0.65,0.26,0.54,2.72,5.79,7.65,1.78,0,0.05,0
26,80.25,Bindki,Uttar Pradesh,1.35,0.1,0.92,0.39,0.95,3.56,8.31,7.22,2.4,0,0.14,0
26,80.5,Bindki,Uttar Pradesh,1.34,0.55,2.67,0.51,2.92,4.59,14.79,8.76,3.31,0,0.33,0
26,80.75,Fatehpur,Uttar Pradesh,1.02,0.14,0.85,0.69,1.29,2.28,7.75,7.99,2.13,0,0.33,0
26,81,Fatehpur,Uttar Pradesh,0.57,0.09,0.42,0.68,0.94,3.26,6.45,6.12,1.84,0,0.22,0
26,81.25,Unchahar,Uttar Pradesh,0.21,0.01,0.08,0.21,0.48,1.65,2.06,4.47,1.47,0,0.01,0
26,81.5,Salon,Uttar Pradesh,0.41,0.14,0.32,0.6,0.39,2.03,3.2,3,1.26,0,0.09,0
26,81.75,Pratapgarh,Uttar Pradesh,0.61,0.11,0.55,0.9,0.84,5.55,7.15,7.55,3.64,0,0.04,0
26,82,Pratapgarh,Uttar Pradesh,0.51,0.17,0.95,1.05,1.49,6.9,10.5,6.29,4.4,0,0.02,0
26,82.25,Pratapgarh,Uttar Pradesh,0.22,0.11,0.38,0.29,0.94,2.94,4.19,2.81,2.9,0,0.05,0.04
26,82.5,Kadipur,Uttar Pradesh,0.38,0.13,0.62,0.48,1.74,4.97,6.63,4.64,3.59,0,0.1,0.11
26,82.75,Phulpur,Uttar Pradesh,0.16,0.26,1.04,0.21,0.89,6.37,7.61,4.78,7.41,0.17,0,0.02
26,83,Nizamabad,Uttar Pradesh,0.12,0.09,0.38,0.89,1.31,9.39,13.24,7.91,12.76,0.44,0,0.1
26,83.25,Azamgarh,Uttar Pradesh,0.17,0.09,0.45,0.79,1.53,5.74,7.74,5.43,4.14,0.01,0,0.14
26,83.5,Maunath Bhanjan,Uttar Pradesh,0.52,1.52,1.27,0.74,1.02,10.42,11.53,8.42,6.03,0.31,0,0.01
26,83.75,Maunath Bhanjan,Uttar Pradesh,0.19,0.31,0.88,0.96,0.99,9.18,14.45,9.25,10.02,0.1,0,0
26,84,Sikanderpur,Uttar Pradesh,0.18,0.42,0.56,1.11,1.01,5.95,10.34,5.06,5.49,0.04,0,0
26,84.25,Raghunathpur,Bihar,0.21,0.92,1.02,1.52,2.13,9.51,18.73,4.4,8.59,0.04,0.01,0
26,84.5,Ekma,Bihar,0.09,0.86,1.48,1.18,1.9,9.24,10.66,4.98,8.75,0.59,0.01,0
26,84.75,Baniapur,Bihar,0.13,1.29,2.56,2.04,2.69,13.09,16.29,4.34,15.56,0.14,0,0
26,85,Maker,Bihar,0.1,1.19,1.23,2.36,2.92,8.5,14.45,3,7.04,0.86,0,0
26,85.25,Paterhi Belsar,Bihar,0.16,0.5,1.6,3.11,2.87,10.83,20.66,6.41,11.2,0.85,0,0
26,85.5,Sakra,Bihar,0.16,0.55,1.41,3.5,2.17,10.62,18.88,5.78,9.52,1.1,0,0
26,85.75,Kalyanpur,Bihar,0.17,0.39,1.33,2.99,2.16,12.24,21.59,6.49,10.63,1.36,0,0
26,86,Baheri,Bihar,0.27,0.56,0.82,2.17,1.96,12.3,20.24,7.34,11.85,0.65,0,0
26,86.25,Gora Bauram,Bihar,0.14,0.73,0.93,2.16,1.74,13.14,18.27,7.13,10.67,0.59,0,0
26,86.5,Nauhatta,Bihar,0.15,0.96,1.61,3.01,2.62,12.36,21.56,8.74,12.72,0.21,0,0
26,86.75,Singheshwar,Bihar,0.19,0.93,1.65,2.1,3,11.46,18.14,5.95,13.29,0.28,0,0
26,87,Kumarkhand,Bihar,0.2,0.54,1.82,2.76,3.18,16.52,15.47,7.91,15.96,0.86,0,0
26,87.25,Raniganj,Bihar,0.14,0.57,1.77,3.41,3.88,16.49,15.92,8.42,15.25,1.22,0,0
26,87.5,Araria,Bihar,0.06,0.44,0.93,3.58,2.97,14.71,15.72,6.63,14.22,1.93,0,0
26,87.75,Amour,Bihar,0.06,0.41,0.91,3.5,3.26,13.6,17.51,7.14,14.92,2.13,0,0
26,88,Goalpokhar - II,West Bengal,0.05,0.5,0.71,3.97,5.06,13.99,20.73,8.38,19,1.86,0,0
26,88.25,Ranishankail Upazila,Rangpur Division,0.02,1.78,1.3,4.06,10.14,21.93,32.58,13.92,36.44,1.6,0.01,0.05
26,89.5,Fulbari Upazila,Rangpur Division,0,0,0,0,0,0,0,0,0,0,0,0
26,89.75,Nageshwari Upazila,Rangpur Division,0.28,0.16,0.71,7.48,19.59,20.5,18.33,11.25,22,4.09,0.05,0
26,90,Dhubri,Assam,0.36,0.22,0.42,6.81,21.31,22.54,17.4,11.07,17.68,2.26,0.08,0
26,90.25,Lakhipur,Assam,0.2,0.34,0.32,11.82,21.76,25.49,19.91,9.62,17.35,2.64,0.05,0
26,90.5,Balijana,Assam,0.15,0.55,0.29,9.89,21.78,27.76,22.51,7.36,22.8,2.24,0.26,0
26,90.75,Dudhnai,Assam,0.4,0.89,0.55,7.32,19.17,24.38,19.55,5.09,22.83,1.82,0.21,0
26,91,Rangjuli,Assam,0.78,0.52,0.66,6.43,14.09,16.37,10.98,5.36,11.74,1.87,0.03,0
26,91.25,Boko,Assam,0.86,0.54,0.75,7.47,12.09,14.75,8.2,5.48,10.18,2.94,0.09,0.03
26,91.5,Palasbari,Assam,0.72,0.76,0.84,6.5,12.76,15.58,13.31,5.91,15.23,6.87,0.37,0.12
26,91.75,Jirang,Meghalaya,0.35,0.79,0.46,4.57,7.63,11.43,10.09,3.24,12.17,7.93,0.32,0.09
26,92,Umling,Meghalaya,0.34,0.58,0.06,2.91,4.42,6.53,4.26,0.81,7.39,6.1,0.13,0
26,92.25,Donka,Assam,0.42,0.3,0.15,2.43,4.67,5.79,5.53,2.4,7.53,7.19,0.54,0.01
26,92.5,Donka,Assam,0.48,0.31,0.27,3,9.11,10.95,11.55,4.88,11.65,7.23,0.87,0.04
26,92.75,Donka,Assam,0.39,0.23,0.4,3.88,10.25,10.98,10.11,5.95,10.89,5.9,0.38,0.03
26,93,Lanka,Assam,0.31,0.19,0.44,4.33,9.31,7.2,6.6,5.82,4.29,5.27,0.08,0
26,93.25,Diphu,Assam,0.16,0.1,0.37,4.46,3.71,4.59,6.12,4.79,6.39,4.72,0.46,0
26,93.5,Diphu,Assam,0.23,0.13,0.44,4.29,3.79,4.98,6.46,4.31,6.8,4.61,0.72,0
26,93.75,Diphu,Assam,0.66,0.27,0.55,3.9,5.02,7.54,7.94,4.6,5.53,5.53,1.36,0
26,94,Ralan,Nagaland,0.88,0.53,0.36,4.65,4.22,7.57,8.74,8.25,7.06,6.55,2.31,0
26,94.25,Chunlika,Nagaland,1.01,0.63,0.33,5.16,2.82,6.38,7.34,9.29,6.91,5.67,2.39,0
26,94.5,Zunheboto Sadar,Nagaland,1.16,0.64,0.32,5.24,2.72,6.37,7.36,9.44,7.1,5.83,2.42,0
26,94.75,Amahator,Nagaland,1.28,0.63,0.32,5.25,2.99,6.32,7.33,9.1,7.3,5.77,2.48,0
26,95,Thonoknyu,Nagaland,1.37,0.63,0.34,5.3,2.98,6.25,7.08,9.13,7.05,5.71,2.43,0
26.25,70,Khairpur District,Unknown,0.17,0,0.23,0,0.07,0.29,0.65,2.86,2.08,0,0,0
26.25,70.25,Jaisalmer Tehsil,Rajasthan,0.16,0,0.25,0.01,0.06,0.33,0.67,3.32,2.02,0,0,0
26.25,70.5,Fatehgarh Tehsil,Rajasthan,0.13,0,0.25,0.01,0.04,0.44,0.7,3.99,1.89,0,0,0
26.25,70.75,Fatehgarh Tehsil,Rajasthan,0.19,0,0.38,0.05,0,1.34,1.17,3.41,2.51,0,0,0
26.25,71,Sheo Tehsil,Rajasthan,0.21,0,0.42,0.04,0,1.73,1.22,2.68,3.2,0,0,0
26.25,71.25,Sheo Tehsil,Rajasthan,0.19,0,0.46,0.02,0,2.12,1.09,2.32,4.16,0,0,0
26.25,71.5,Sheo Tehsil,Rajasthan,0.25,0,0.47,0.02,0.01,2.48,1.57,2.67,3.63,0.02,0,0
26.25,71.75,Gira Tehsil,Rajasthan,0.27,0,0.46,0.01,0.01,2.28,2.74,2.93,6.57,0.09,0,0
26.25,72,Gira Tehsil,Rajasthan,0.25,0,0.38,0.01,0,1.03,4.3,2.53,10.95,0.17,0,0.01
26.25,72.25,Shergarh Tehsil,Rajasthan,0.28,0,0.3,0,0,0.48,5.65,2.31,14.11,0.24,0,0
26.25,72.5,Unknown,Rajasthan,0.17,0,0.45,0.18,0.08,0.78,4.39,2.92,9.41,0.55,0,0
26.25,72.75,Unknown,Rajasthan,0.04,0,0.61,0.33,0.25,1.09,3.08,3.89,3.84,0.83,0,0.01
26.25,73,Jodhpur Tehsil,Rajasthan,0.04,0,0.63,0.39,0.2,1.15,3.18,3.5,4,0.95,0,0.01
26.25,73.25,Jodhpur Tehsil,Rajasthan,0.03,0,0.54,0.29,0.23,1.28,2.47,6.59,4.14,0.62,0,0
26.25,73.5,Bilara Tehsil,Rajasthan,0,0,0.39,0.17,0.17,1.52,1.79,11.96,4.78,0.02,0,0
26.25,73.75,Bilara Tehsil,Rajasthan,0,0,0.58,0.24,0.39,2.02,2.44,9.17,4.95,0.13,0,0
26.25,74,Jaitaran Tehsil,Rajasthan,0,0,0.53,0.18,0.51,1.99,2.77,8.51,3.69,0.15,0,0
26.25,74.25,Raipur Tehsil,Rajasthan,0,0,0.59,0.18,0.8,2.27,3.5,7.77,1.86,0.07,0.13,0
26.25,74.5,Peesangan Tehsil,Rajasthan,0,0,0.39,0.38,0.73,2.14,2.2,5.62,2.99,0.07,0.31,0
26.25,74.75,Nasirabad Tehsil,Rajasthan,0,0,0.32,0.45,0.4,1.98,2.71,5.89,2.89,0,0.12,0
26.25,75,Sarwar Tehsil,Rajasthan,0,0,0.22,0.11,0.22,1.69,2.97,8.04,2.69,0.08,0.14,0
26.25,75.25,Malpura Tehsil,Rajasthan,0,0,0.48,0.33,0.16,1.76,1.28,10.75,2.16,0,0.14,0
26.25,75.5,Malpura Tehsil,Rajasthan,0.09,0,0.36,0.36,0.52,1.61,1.85,9.23,2.11,0.08,0.39,0
26.25,75.75,Peeplu Tehsil,Rajasthan,0.18,0,0.32,0.26,0.73,1.71,3.02,9.8,2.29,0.1,0.39,0
26.25,76,Niwai Tehsil,Rajasthan,0.14,0,0.36,0.08,0.57,2.02,3.82,8.92,1.73,0.02,0.55,0
26.25,76.25,Bonli Tehsil,Rajasthan,0.23,0,0.42,0,0.51,1.52,3.8,10.26,0.88,0.01,0.75,0
26.25,76.5,Malarna Doongar Tehsil,Rajasthan,0.32,0,0.4,0.04,0.32,2.17,6.06,8.88,1.54,0.01,1,0
26.25,76.75,Sapotra Tehsil,Rajasthan,0.39,0,0.23,0.1,0.09,2.09,6.78,8.8,1.41,0,0.97,0
26.25,77,Sapotra Tehsil,Rajasthan,0.63,0,0.56,0.01,0.11,3.34,4.99,9.65,1.64,0,1.13,0
26.25,77.25,Sabalgarh Tahsil,Madhya Pradesh,0.42,0,0.74,0.07,0.16,2.43,8.21,6.24,0.47,0,0.8,0
26.25,77.5,Kailaras Tahsil,Madhya Pradesh,0.82,0,1.73,0.01,0.36,2.75,6.34,7.36,0.9,0,0.58,0
26.25,77.75,Joura Tahsil,Madhya Pradesh,1.13,0.01,1.96,0.03,0.49,2.75,5.86,7.41,1.21,0,0.85,0
26.25,78,Ghatigaon Tahsil,Madhya Pradesh,1.85,0.05,1.28,0.09,1.17,1.95,4.63,7.93,1.93,0,1.84,0
26.25,78.25,Gird Tahsil,Madhya Pradesh,1.96,0.02,1.44,0.23,1.46,1.36,4.67,7.76,1.17,0,1.4,0
26.25,78.5,Tansen Tahsil,Madhya Pradesh,1,0,0.64,0.21,0.51,3.3,6.74,6.51,0.93,0,0.99,0
26.25,78.75,Seondha Tahsil,Madhya Pradesh,1.33,0,0.13,0.04,0.63,2.74,5.26,5.04,0.6,0,0.6,0
26.25,79,Mihona Tahsil,Madhya Pradesh,0.66,0,0.06,0.28,0.44,2.15,3.81,3.65,0.57,0,0.18,0
26.25,79.25,Madhogarh,Uttar Pradesh,0.53,0,0.08,0.33,0.33,2.8,4.67,4.11,0.78,0,0,0
26.25,79.5,Kalpi,Uttar Pradesh,1.02,0,0.34,0.08,0.07,1.78,8.08,4.84,1.66,0,0.05,0
26.25,79.75,Bhognipur,Uttar Pradesh,1.03,0,0.32,0.09,0.08,0.6,2.61,2.04,0.76,0,0.11,0
26.25,80,Bhognipur,Uttar Pradesh,1.74,0.03,0.52,0.33,0.38,1.87,4.11,4.31,1.72,0,0.43,0
26.25,80.25,Ghatampur,Uttar Pradesh,1.94,0.05,0.9,0.83,1.02,4.13,12.15,6.71,3.51,0,0.38,0
26.25,80.5,Unknown,Uttar Pradesh,1.51,0.03,0.89,0.83,1.29,3.29,11.03,4.52,2.93,0,0.14,0
26.25,80.75,Bighapur,Uttar Pradesh,1.39,0.1,0.62,1.02,1.22,4.28,8.59,7.53,2.36,0,0.35,0
26.25,81,Raebareli,Uttar Pradesh,0.87,0.32,0.94,1.31,1.79,8.26,12.85,8.23,2.97,0,0.37,0
26.25,81.25,Raebareli,Uttar Pradesh,0.93,0.34,0.63,0.84,1.42,6.43,6.39,5.91,3.03,0,0.35,0.01
26.25,81.5,Tiloi,Uttar Pradesh,0.52,0.18,0.46,1.25,0.41,3.48,4.67,3.22,1.38,0.19,0.28,0
26.25,81.75,Gauriganj,Uttar Pradesh,0.65,0.52,1.8,0.53,1.17,10.59,7.67,9.7,5.63,0.02,0.77,0
26.25,82,Sultanpur,Uttar Pradesh,0.9,0.43,1.31,0.53,1.22,11.32,9.6,7.79,5.46,0,0.56,0
26.25,82.25,Jaisinghpur,Uttar Pradesh,1.18,0.33,0.66,0.34,1.18,11.81,10.59,5.29,5.05,0,0.37,0.01
26.25,82.5,Kadipur,Uttar Pradesh,0.41,0.23,0.76,0.17,1.1,6.33,6.15,3.6,3.81,0,0.1,0.01
26.25,82.75,Jalalpur,Uttar Pradesh,0.23,0.15,0.73,0.35,1.22,6.85,8.55,5.13,7.56,0.2,0.02,0.05
26.25,83,Burhanpur,Uttar Pradesh,0.22,0.12,0.38,0.7,1.28,7.03,11.38,6.32,9.3,0.23,0.1,0.07
26.25,83.25,Sagri,Uttar Pradesh,0.22,0.05,0.52,0.65,1.59,6.19,8.71,5.91,4.59,0,0.02,0.17
26.25,83.5,Ghosi,Uttar Pradesh,0.29,0.65,0.88,1.83,1.32,8.68,13.68,7.95,11.52,0.03,0.01,0
26.25,83.75,Madhuban,Uttar Pradesh,0.2,0.7,1.05,2.29,1.31,10.34,16.48,9.75,13.31,0.35,0.01,0
26.25,84,Bhatpar Rani,Uttar Pradesh,0.17,0.52,1.01,1.4,2.17,12.13,14.73,3.3,8.16,0.49,0.01,0
26.25,84.25,Ziradei,Bihar,0.13,1.06,1.14,1.46,2.44,10.81,18.83,3.61,9.78,0,0.04,0
26.25,84.5,Unknown,Bihar,0.22,1.35,1.44,1.84,1.81,8.85,15.87,5.23,10.26,0.06,0,0
26.25,84.75,Baikunthpur,Bihar,0.16,2.14,1.95,2.51,2.05,9.96,18.81,5.19,8.34,0.11,0,0
26.25,85,Unknown,Bihar,0.18,0.7,1.37,2.32,2.33,8.59,21.61,7.89,10.31,0.06,0,0
26.25,85.25,Minapur,Bihar,0.2,1.06,0.94,2.27,1.59,11.2,22.39,5.2,9.57,0.12,0,0
26.25,85.5,Bochaha,Bihar,0.09,0.33,0.83,2.38,2.73,11.42,22.52,3.67,8.34,1.68,0,0
26.25,85.75,Singhwara,Bihar,0.21,0.22,1,2.31,2.3,11.67,20.75,5.96,10.02,1.52,0,0
26.25,86,Keotiranway,Bihar,0.34,0.23,0.9,2.04,2.55,11.4,19.37,8.22,12.68,0.46,0,0
26.25,86.25,Jhanjharpur,Bihar,0.37,0.86,0.97,1.2,2.14,13.19,15.64,5.59,10.18,0.38,0,0
26.25,86.5,Ghoghardiha,Bihar,0.22,1.05,1.1,1.74,2.08,14.29,19.68,6.48,14.27,0.48,0,0
26.25,86.75,Kishanpur,Bihar,0.35,0.71,1.87,2.37,3.19,16.57,19.23,7.21,23.25,0.84,0,0
26.25,87,Chhatapur,Bihar,0.38,0.28,2.37,3.22,3.61,17.36,15.42,9.5,29.9,0.98,0,0
26.25,87.25,Forbesganj,Bihar,0.03,0.89,1.01,4.3,4.43,18.17,13.55,6.65,16.7,0.45,0,0
26.25,87.5,Araria,Bihar,0,0.94,1.27,3.84,3.85,21.26,17.28,7.34,19.5,1.69,0,0
26.25,87.75,Bahadurganj,Bihar,0.03,0.56,0.67,4.29,6.71,18.83,24.71,9.6,25.29,1.83,0,0
26.25,88,Thakurganj,Bihar,0.06,1.05,0.86,4.25,7.76,19.38,31.85,14.44,30.86,1.5,0.01,0
26.25,88.25,Islampur,West Bengal,0.09,2.15,1.61,4.51,10.41,25.8,40.63,16.58,41.04,1.48,0.19,0.05
26.25,88.75,Debiganj Upazila,Rangpur Division,0.01,0.68,1.08,4.98,8.97,30.87,30.99,12.73,45.88,4.03,0.01,0.01
26.25,89,Mekliganj,West Bengal,0.01,0.43,1.19,5.26,10.03,30.58,32.27,12.79,45.62,4.16,0.06,0
26.25,89.25,Mathabhanga - I,West Bengal,0.08,0.38,1.71,5.6,12.74,37.81,54.09,21.66,47.44,4.15,0.15,0
26.25,89.5,Cooch Behar - I,West Bengal,0.13,0.6,1.68,7.79,14.86,39.91,50.8,21.51,44.53,3.95,0.07,0
26.25,89.75,Agamoni,Assam,0.06,0.64,1.35,8.29,18.06,34.77,35.7,15.1,39,5.98,0.02,0
26.25,90,Bagribari (Pt),Assam,0.04,0.47,0.39,7.71,17.5,31.85,30.19,12.13,28.44,3.73,0.01,0
26.25,90.25,Bilasipara Pt,Assam,0.18,0.12,0.17,12.38,21.84,25.39,18.97,9.51,16.05,2.83,0.09,0
26.25,90.5,Boitamari,Assam,0.17,0.75,0.45,8.32,23.02,29.16,25.09,6.02,27.49,2.16,0.27,0.01
26.25,90.75,Kalgachia,Assam,0.17,1.01,0.57,5.59,22.6,30.48,27.49,4.58,31.54,1.82,0.26,0
26.25,91,Baghbor,Assam,0.6,0.42,0.62,4.88,16.64,18.87,13.87,5.19,12.13,1.91,0.03,0
26.25,91.25,Barkhetri,Assam,0.83,0.38,0.38,5.05,13.11,18.58,13.37,4.84,9.83,2.25,0,0
26.25,91.5,Hajo,Assam,0.68,0.38,0.46,5.05,13.19,17.72,11.69,5.27,9.13,2.5,0,0
26.25,91.75,North Guwahati (Pt),Assam,0.33,0.53,0.11,3.5,6.35,9.39,5.58,1.64,7.04,4.66,0.03,0
26.25,92,Mayong,Assam,0.33,0.64,0.05,1.98,4.36,6.59,4.03,0.61,7.24,5.89,0.06,0
26.25,92.25,Mayong,Assam,0.48,0.39,0.14,1.89,5.05,6.25,6.05,3.15,7.8,7.62,0.31,0
26.25,92.5,Raha,Assam,0.71,0.58,0.45,3.22,19.42,15.31,17.19,9.07,15.64,8.2,0.7,0.04
26.25,92.75,Nagaon,Assam,0.58,0.52,0.44,3.31,15.15,15.88,17.05,8.73,14.28,7.8,0.54,0.04
26.25,93,Phuloni,Assam,0.44,0.4,0.32,3.95,11.35,11.64,13.79,7.76,8.7,5.52,0.34,0.02
26.25,93.25,Phuloni,Assam,0.25,0.24,0.27,4.24,4.28,5.41,8.12,5.05,6.52,4.63,0.55,0
26.25,93.5,Silonijan,Assam,0.41,0.32,0.31,4.22,4.08,7.09,11.04,3.72,4.02,4.47,0.82,0
26.25,93.75,Silonijan,Assam,0.36,0.28,0.24,3.61,4.58,6.81,8.47,6.25,6.67,5.16,0.53,0.01
26.25,94,Golaghat,Assam,0.65,0.53,0.33,4.27,4.36,7.03,6.44,7.52,6.23,5.52,1.58,0.02
26.25,94.25,Sanis,Nagaland,1.27,0.61,0.49,5.36,3.54,5.52,5.17,8.12,6.43,5.62,2.39,0
26.25,94.5,Akuluto,Nagaland,1.38,0.6,0.5,5.38,3.44,5.42,4.95,8.05,6.37,5.49,2.39,0
26.25,94.75,Longkhim,Nagaland,1.3,0.63,0.42,5.16,3.93,6.3,6.94,8.97,7.2,5.49,2.43,0
26.25,95,Noklak,Nagaland,1.29,0.65,0.45,5.19,3.81,6.61,7.2,9,6.61,5.31,2.35,0
26.5,70,Khairpur District,Unknown,0.31,0,0.35,0.06,0.1,0.26,0.9,1.28,2.65,0,0,0
26.5,70.25,Jaisalmer Tehsil,Rajasthan,0.33,0,0.45,0.1,0.08,0.26,1,1.4,2.9,0,0.01,0
26.5,70.5,Jaisalmer Tehsil,Rajasthan,0.35,0,0.46,0.11,0.07,0.34,1.12,1.37,2.8,0,0.01,0
26.5,70.75,Fatehgarh Tehsil,Rajasthan,0.37,0,0.58,0.18,0.02,0.59,1.48,2.17,2.66,0,0.01,0
26.5,71,Fatehgarh Tehsil,Rajasthan,0.28,0,0.4,0.1,0,1.16,1.51,2.63,1.99,0,0,0
26.5,71.25,Fatehgarh Tehsil,Rajasthan,0.27,0,0.41,0.08,0,1.3,1.45,2.57,2.34,0,0,0
26.5,71.5,Pokaran Tehsil,Rajasthan,0.26,0,0.59,0.04,0,1.84,1.69,3.23,2.86,0.01,0,0
26.5,71.75,Bhaniyana Tehsil,Rajasthan,0.31,0,0.7,0.01,0,1.75,3.4,3.81,6.08,0.1,0,0
26.5,72,Bhaniyana Tehsil,Rajasthan,0.29,0,0.57,0,0,1.09,4.47,3.38,9.75,0.16,0,0
26.5,72.25,Shergarh Tehsil,Rajasthan,0.27,0,0.37,0,0.02,0.66,5.18,2.72,12.59,0.21,0,0
26.5,72.5,Shekhata Tehsil,Rajasthan,0.17,0,0.29,0.08,0.16,1.16,4.29,2.64,9.88,0.35,0,0
26.5,72.75,Tinwari Tehsil,Rajasthan,0.01,0,0.25,0.13,0.4,2.27,2.12,3.19,3.59,0.34,0,0
26.5,73,Tinwari Tehsil,Rajasthan,0.03,0,0.47,0.3,0.28,1.55,2.75,3.33,3.92,0.73,0,0.01
26.5,73.25,Baori Tehsil,Rajasthan,0.01,0,0.29,0.13,0.46,1.34,2.99,4.98,4.66,0.29,0,0
26.5,73.5,Bhopalgarh Tehsil,Rajasthan,0,0,0.21,0.04,0.58,1.71,3.16,6.52,5.03,0,0,0
26.5,73.75,Bhopalgarh Tehsil,Rajasthan,0,0,0.41,0.14,0.86,3.38,5.4,7.85,5.56,0.03,0,0
26.5,74,Riyan Badi Tehsil,Rajasthan,0,0,0.49,0.16,1.07,3.86,6.59,7.49,5.12,0.02,0,0
26.5,74.25,Riyan Badi Tehsil,Rajasthan,0,0,0.83,0.34,0.9,2.49,4.98,9.82,2.03,0.01,0.04,0
26.5,74.5,Pushkar Tehsil,Rajasthan,0,0,0.56,0.54,0.37,2.81,4.47,7.87,2.66,0,0.09,0
26.5,74.75,Ajmer Tehsil,Rajasthan,0,0,0.58,0.05,0.27,1.03,5.19,3.41,1.37,0,0.11,0
26.5,75,Arain Tehsil,Rajasthan,0,0,0.3,0.06,0.14,0.62,3.43,6.36,2.14,0.17,0.19,0
26.5,75.25,Outside India,Outside India,0,0,0.46,0.23,0.27,0.84,3.18,8.65,2.09,0.01,0.12,0
26.5,75.5,Outside India,Outside India,0.03,0,0.56,0.25,0.35,0.84,4.11,9.88,2.26,0,0.12,0
26.5,75.75,Outside India,Outside India,0.09,0,0.46,0.31,1.1,0.9,2.54,12.03,2.24,0,0.13,0
26.5,76,Outside India,Outside India,0.05,0,0.4,0.1,0.65,1.32,3.27,9.25,1.52,0,0.32,0
26.5,76.25,Lalsot Tehsil,Rajasthan,0.02,0,0.38,0.03,0.37,0.96,3.38,8.38,1.09,0,0.3,0
26.5,76.5,Bamanwas Tehsil,Rajasthan,0.09,0,0.26,0.11,0.1,0.91,4.96,10.56,1.63,0,0.51,0
26.5,76.75,Gangapur Tehsil,Rajasthan,0.44,0,0.19,0.09,0.51,1.28,4.73,10.62,1.11,0,0.43,0
26.5,77,Karauli Tehsil,Rajasthan,0.62,0,0.29,0.01,0.59,1.79,4.57,9.14,1.23,0,0.82,0
26.5,77.25,Sarmathura Tehsil,Rajasthan,0.6,0,0.19,0.03,1.44,1.13,4.93,4.25,0.98,0,1.18,0
26.5,77.5,Sarmathura Tehsil,Rajasthan,0.68,0,1.51,0.03,0.48,1.92,5.12,7.05,1,0,0.97,0
26.5,77.75,Joura Tahsil,Madhya Pradesh,0.88,0,1.78,0.04,0.38,2.66,5.75,6.49,0.85,0,0.72,0
26.5,78,Morena Nagar Tahsil,Madhya Pradesh,1.46,0.01,1.18,0.15,0.85,2.01,4.74,6.01,0.86,0,1.11,0
26.5,78.25,Gohad Tahsil,Madhya Pradesh,1.74,0,1.68,0.23,1.41,1.48,4.65,6.58,0.77,0,1.42,0
26.5,78.5,Gormi Tahsil,Madhya Pradesh,0.99,0,1.69,0.13,0.9,2.34,4.08,7.26,0.8,0,1.59,0
26.5,78.75,Mehgaon Tahsil,Madhya Pradesh,1.02,0,0.86,0.11,0.54,2.13,3.78,5.46,0.41,0,0.68,0
26.5,79,Bhind Tahsil,Madhya Pradesh,1.02,0,0.73,0.18,0.54,3.31,4.5,5.96,0.33,0,0.47,0
26.5,79.25,Chakarnagar,Uttar Pradesh,0.88,0,0.7,0.19,0.41,5.17,5.87,6.09,0.55,0,0.36,0
26.5,79.5,Auraiya,Uttar Pradesh,0.59,0,0.37,0.11,0.13,1.32,2.32,2.45,0.36,0,0.11,0
26.5,79.75,Derapur,Uttar Pradesh,0.65,0,0.36,0.1,0.08,0.57,1.55,1.88,0.38,0,0.14,0
26.5,80,Akbarpur,Uttar Pradesh,2.81,0.15,0.95,0.81,0.82,4.69,10.21,10.92,3.4,0,0.74,0
26.5,80.25,Unknown,Uttar Pradesh,2.6,0.13,1.04,0.81,0.91,5.12,11.79,10.4,4.18,0,0.74,0
26.5,80.5,Unnao,Uttar Pradesh,1.63,0.02,0.74,0.7,1.08,2.54,4.83,4.28,1.39,0,0.4,0
26.5,80.75,Purwa,Uttar Pradesh,1.28,0.06,0.61,0.65,1.25,2.99,3.26,3.53,0.9,0,0.31,0
26.5,81,Maharajganj,Uttar Pradesh,1.2,0.16,0.56,0.78,1.25,5.02,4.83,6.84,1.79,0,0.28,0
26.5,81.25,Maharajganj,Uttar Pradesh,1.22,0.17,0.57,0.76,0.92,5.07,3.85,7.98,2.14,0.07,0.35,0
26.5,81.5,Tiloi,Uttar Pradesh,0.69,0.2,0.5,0.78,0.36,5.48,4.41,4.37,2.78,0.63,0.31,0
26.5,81.75,Musafirkhana,Uttar Pradesh,0.6,0.65,1.17,0.2,0.66,4.56,3.39,4.12,2,0.16,0.16,0
26.5,82,Bikapur,Uttar Pradesh,0.58,1.86,1.75,0.12,1.23,7.26,5.89,6.08,3.05,0.04,0.19,0
26.5,82.25,Bikapur,Uttar Pradesh,1.18,0.46,0.76,0.36,1.13,13.3,11.29,5.24,5.48,0,0.4,0
26.5,82.5,Akbarpur,Uttar Pradesh,1.35,0.54,1.17,0.46,1.29,12.01,12.26,6.22,6.44,0.01,0.33,0
26.5,82.75,Tanda,Uttar Pradesh,0.76,0.63,1.41,0.41,1.18,8.47,14.23,7.99,8.12,0.08,0.24,0
26.5,83,Ghanghata,Uttar Pradesh,0.54,0.38,0.79,0.47,1.18,6.77,14.47,6.75,8.08,0.03,0.41,0
26.5,83.25,Khajni,Uttar Pradesh,0.45,0.33,0.66,0.53,1.23,6.46,13.84,5.7,7.93,0,0.34,0
26.5,83.5,Chauri Chaura,Uttar Pradesh,0.1,0.36,0.23,0.94,1.58,6.29,6.93,2.01,4.67,0,0.01,0
26.5,83.75,Deoria,Uttar Pradesh,0.18,0.64,0.68,1.67,1.53,11.91,14.71,5.59,13.1,0.53,0.05,0
26.5,84,Bijaipur,Bihar,0.15,0.71,0.98,1.83,2,12.79,16.84,5.24,13.67,0.85,0.06,0
26.5,84.25,Kuchaikote,Bihar,0.9,2.56,1.44,1.65,2.42,12.93,17.59,10.39,9.53,0.36,0.02,0
26.5,84.5,Gopalganj,Bihar,1.01,2.58,1.58,1.57,1.7,12.37,25.44,8.16,9.29,0.32,0,0
26.5,84.75,Sangrampur,Bihar,0.76,1.44,1.22,1.89,1.21,10.39,22.69,6.7,7.88,0.29,0,0
26.5,85,Chakia(Pipra),Bihar,0.09,1.49,0.95,2.02,1.55,9,24.13,5.6,11.7,0.09,0,0
26.5,85.25,Dumri Katsari,Bihar,0.55,1.74,1.11,3.3,2.5,10.37,26.68,7.2,6.95,0,0,0
26.5,85.5,Runisaidpur,Bihar,0.27,0.53,0.9,1.84,3.58,10.51,19.51,7.06,9.37,0.08,0,0
26.5,85.75,Pupri,Bihar,0.04,0.17,1.11,1.61,3.08,18.08,25.88,5.37,23.48,2.37,0,0
26.5,86,Basopatti,Bihar,0.21,0.34,0.96,1.59,2.79,13.82,20.3,5.95,15.39,1.3,0,0
26.5,86.25,Babubarhi,Bihar,0.32,0.65,0.81,1.3,2.47,11.15,14.99,5.61,8.81,0.43,0,0
26.5,86.5,Laukaha,Bihar,0.44,0.56,1.34,1.84,3.42,18.6,18.72,3.8,17.48,1.16,0,0
26.5,86.75,Saptari,Madhesh Province,0.47,0.46,1.48,2.06,3.72,20.75,19.65,3.67,20.87,1.41,0,0
26.5,87,Basantpur,Bihar,0.38,0.38,1.96,2.99,3.75,18.51,16.42,7.32,25.64,1.04,0,0
26.5,87.25,Morang,Koshi Province,0.06,0.85,1.12,4.41,4.48,18.61,14,7.06,19.22,0.69,0,0
26.5,87.5,Morang,Koshi Province,0,0.95,0.79,4.56,5.79,19.85,17.9,7.98,20.59,0.99,0,0
26.5,87.75,Jhapa,Koshi Province,0,1.03,0.65,5.06,10.44,19.55,31.23,12.95,26.92,1.28,0,0
26.5,88,Jhapa,Koshi Province,0.12,1.33,1.13,4.01,7.51,20.37,36.8,17.53,33.71,1.77,0.07,0
26.5,88.25,Phansidewa,West Bengal,0.09,2.18,1.67,4.8,10.8,25.33,41.03,16.03,41.42,1.47,0.23,0.06
26.5,88.5,Tentulia Upazila,Rangpur Division,0.04,2.01,1.59,4.21,10.99,27.37,36.09,15.71,44.66,1.8,0.06,0.07
26.5,88.75,Jalpaiguri Sadar Block,West Bengal,0.05,0.98,1.24,4.69,8.84,29.4,37.83,16.02,44.11,3.2,0.05,0.03
26.5,89,Mekliganj,West Bengal,0.02,0.68,1.29,5.17,10.31,32.71,39.26,17.63,38.93,2.82,0.13,0.05
26.5,89.25,Falakata,West Bengal,0.03,0.53,1.4,6.25,13.05,45.09,62.52,26.99,58.08,3.59,0.37,0.04
26.5,89.5,Alipurduar - I,West Bengal,0.26,0.58,1.48,8.2,15.05,39.96,52.05,23.33,41.66,2.41,0.01,0
26.5,89.75,Kumargram,West Bengal,0.05,0.86,1.61,8.37,17.54,37.96,41.12,16.57,43.56,5.97,0.02,0
26.5,90,Gossaigaon (Pt),Assam,0.01,0.44,0.64,7.53,17.74,33.54,34.61,13.53,33.25,5.23,0.13,0
26.5,90.25,Kokrajhar,Assam,0.08,0.41,0.6,6.25,17.82,36.13,36.23,9.8,38.9,2.88,0.86,0.01
26.5,90.5,Sidli (Pt),Assam,0.25,1.14,0.65,5.43,23.51,31.59,33.68,7.41,35.47,2.42,0.34,0.04
26.5,90.75,Bijni (Pt),Assam,0.22,1.46,0.47,3.58,22.66,28.46,27.81,5.26,30.6,1.7,0.37,0.02
26.5,91,Sarupeta (Pt),Assam,0.44,0.35,0.66,3.45,20.39,21.2,17.75,5.48,11.65,1.91,0.03,0
26.5,91.25,Bajali (Pt),Assam,0.27,0.24,0.51,4.19,17.81,23.47,15.07,4.52,10.35,2.88,0.01,0
26.5,91.5,Ghograpar (Pt),Assam,0.21,0.19,0.54,3.75,12.98,13.97,10.88,3.86,8.81,2.5,0,0
26.5,91.75,Goreswar (Pt),Assam,0.29,0.7,0.68,2.18,10.31,11.19,9.46,5.4,7.72,3.34,0.09,0
26.5,92,Mangaldoi (Pt),Assam,0.48,1.22,0.78,1.76,10.65,12.86,10.93,6.18,8.54,3.54,0.18,0
26.5,92.25,Dalgaon (Pt),Assam,0.42,1.22,0.6,2.4,9.81,8.79,7.37,7.91,5.68,4.78,0.51,0.01
26.5,92.5,Dhing,Assam,0.55,1.31,0.62,2.9,12.22,10.51,10.18,9.19,7.95,6.74,0.64,0.03
26.5,92.75,Rupahi,Assam,0.61,0.96,0.48,2.88,13.17,14.45,15.25,9.15,12.85,7.47,0.6,0.04
26.5,93,Kaliabor,Assam,0.57,0.65,0.33,3.38,11.34,9.23,11.53,6.25,8.6,5.81,0.37,0.01
26.5,93.25,Phuloni,Assam,0.49,0.72,0.31,3.56,7.83,6.55,8.26,6.16,7.68,5.79,0.18,0
26.5,93.5,Silonijan,Assam,0.41,0.45,0.18,2.94,5.59,7.16,7.97,7.7,8.07,6.24,0.27,0
26.5,93.75,Silonijan,Assam,0.59,0.43,0.19,3.07,6.12,9.74,9.51,8.18,7.22,5.85,0.5,0.04
26.5,94,Golaghat,Assam,0.79,0.6,0.26,3.36,7.82,12.04,10.22,8.96,7.56,5.56,0.96,0.05
26.5,94.25,Changpang,Nagaland,1.29,0.72,0.6,4.75,5.36,6.99,6.7,8.17,7.56,4.98,2.14,0.01
26.5,94.5,Alongkima,Nagaland,1.32,0.73,0.57,4.87,5.04,6.59,6.72,8.36,7.22,5.18,2.29,0
26.5,94.75,Longleng,Nagaland,1.11,0.97,0.61,4.73,6.57,8.54,7.61,8.18,7.52,4.89,2.25,0
26.5,95,Mon,Nagaland,1.32,0.67,0.8,5.04,6.97,9.66,8.54,8.21,6.45,5.2,2.15,0
26.75,69.5,Khairpur District,Unknown,0.26,0,0.23,0.01,0.14,0.36,0.77,0.79,2.36,0,0,0
26.75,69.75,Jaisalmer Tehsil,Rajasthan,0.27,0,0.29,0.03,0.13,0.37,0.83,0.88,2.46,0,0,0
26.75,70,Jaisalmer Tehsil,Rajasthan,0.29,0,0.34,0.05,0.12,0.35,0.9,0.98,2.58,0,0,0
26.75,70.25,Jaisalmer Tehsil,Rajasthan,0.31,0,0.35,0.06,0.11,0.3,0.91,1,2.64,0,0,0
26.75,70.5,Jaisalmer Tehsil,Rajasthan,0.3,0,0.26,0.03,0.12,0.29,0.82,0.86,2.49,0,0,0
26.75,70.75,Jaisalmer Tehsil,Rajasthan,0.43,0,0.78,0.25,0.03,0.25,1.43,1.84,3.64,0,0.01,0
26.75,71,Fatehgarh Tehsil,Rajasthan,0.42,0,0.76,0.25,0,0.45,1.58,2.24,3.3,0,0.01,0
26.75,71.25,Fatehgarh Tehsil,Rajasthan,0.37,0,0.64,0.19,0,0.76,1.55,2.41,2.93,0,0.01,0
26.75,71.5,Pokaran Tehsil,Rajasthan,0.31,0,0.91,0.03,0,1.65,2.25,4.45,2.27,0.02,0,0
26.75,71.75,Pokaran Tehsil,Rajasthan,0.32,0,1.09,0.01,0.01,1.75,2.91,4.98,3.13,0.05,0,0
26.75,72,Bhaniyana Tehsil,Rajasthan,0.31,0,1.1,0.03,0.03,1.81,3.03,4.57,3.71,0.05,0,0
26.75,72.25,Dechoo Tehsil,Rajasthan,0.28,0,0.91,0.04,0.09,1.69,3.51,3.41,6.15,0.08,0,0
26.75,72.5,Shekhata Tehsil,Rajasthan,0.13,0,0.5,0.05,0.31,2.26,2.59,2.68,5.25,0.1,0,0
26.75,72.75,Osian Tehsil,Rajasthan,0,0,0.08,0.02,0.49,2.89,1.65,2.96,3.42,0.06,0,0
26.75,73,Osian Tehsil,Rajasthan,0,0,0.14,0.01,0.49,2.54,2.1,3.31,3.63,0.05,0,0
26.75,73.25,Baori Tehsil,Rajasthan,0,0,0.26,0,0.51,1.59,3.35,4.52,4.46,0.02,0,0
26.75,73.5,Bhopalgarh Tehsil,Rajasthan,0,0,0.22,0.01,0.62,1.66,3.59,4.93,4.78,0,0,0
26.75,73.75,Merta Tehsil,Rajasthan,0,0,0.32,0.12,1.02,3.27,6.2,5.77,5.28,0,0,0
26.75,74,Merta Tehsil,Rajasthan,0,0,0.37,0.17,1.1,3.75,7.09,6.35,4.86,0,0,0
26.75,74.25,Degana Tehsil,Rajasthan,0,0,0.29,0.32,0.52,1.26,4.87,4.7,2.14,0,0,0
26.75,74.5,Degana Tehsil,Rajasthan,0,0,0.47,0.5,1.48,2.2,3.35,6.58,2.32,0.22,0.04,0
26.75,74.75,Roopangarh Tehsil,Rajasthan,0,0,0.45,0.3,1.07,1.52,3.75,4.78,2.11,0.15,0.07,0
26.75,75,Roopangarh Tehsil,Rajasthan,0,0,0.36,0.31,0.62,1.2,3.49,7.68,2.23,0,0.04,0
26.75,75.25,Phulera Tehsil,Rajasthan,0,0,0.34,0.19,0.32,0.48,3.03,6.53,1.78,0,0.12,0
26.75,75.5,Phagi Tehsil,Rajasthan,0,0,0.75,0.26,0.73,1.24,1.63,11.99,3.07,0,0.36,0
26.75,75.75,Sanganer Tehsil,Rajasthan,0,0,0.75,0.29,1,1.37,1.1,12.9,3.08,0,0.36,0
26.75,76,Bassi Tehsil,Rajasthan,0.02,0,0.5,0.17,1.46,2.05,3.16,12.54,1.59,0,0.3,0
26.75,76.25,Lawan Tehsil,Rajasthan,0.01,0,0.47,0.22,1.2,1.39,5.62,8.83,1.76,0,0.37,0
26.75,76.5,Nadoti Tehsil,Rajasthan,0.03,0,0.26,0.03,1.28,2.11,3.58,7.02,1.98,0,0.43,0
26.75,76.75,Nadoti Tehsil,Rajasthan,0.17,0,0.66,0.04,1.19,1.57,4.32,7.89,1.49,0,0.24,0
26.75,77,Hindaun Tehsil,Rajasthan,0.52,0,0.54,0.07,0.84,1.19,6.81,8.13,0.77,0,0.28,0
26.75,77.25,Karauli Tehsil,Rajasthan,0.53,0,0.46,0.07,0.74,1.73,5.48,8.41,0.82,0,0.59,0
26.75,77.5,Baseri Tehsil,Rajasthan,0.54,0,0.8,0.02,0.66,1.83,4.21,6.94,0.79,0,0.73,0
26.75,77.75,Bari Tehsil,Rajasthan,0.82,0,1,0.13,0.5,2.34,4.84,4.41,0.44,0,0.96,0
26.75,78,Rajakhera Tehsil,Rajasthan,0.81,0,0.81,0.19,0.22,2.36,4.47,5.04,0.33,0,0.39,0
26.75,78.25,Porsa Tahsil,Madhya Pradesh,0.75,0,0.98,0.31,0.79,2.35,3.9,5,0.68,0,0.51,0
26.75,78.5,Porsa Tahsil,Madhya Pradesh,0.79,0,1.3,0.24,1.38,2.66,3.2,4.84,0.94,0,0.81,0
26.75,78.75,Ater Tahsil,Madhya Pradesh,0.97,0,1.07,0.15,0.48,1.28,2.48,4.3,0.04,0,0.25,0
26.75,79,Etawah,Uttar Pradesh,1.24,0,1.02,0.23,0.63,1.4,3.3,7.05,0.12,0,0.69,0
26.75,79.25,Bharthana,Uttar Pradesh,1.06,0,0.85,0.2,0.44,1.25,2.12,2.91,0.12,0,0.29,0
26.75,79.5,Bidhuna,Uttar Pradesh,0.93,0,0.81,0.15,0.38,1.01,1.81,2.64,0.22,0,0.33,0
26.75,79.75,Rasulabad,Uttar Pradesh,1.25,0.05,1.11,0.24,0.4,2.22,3.57,6.64,0.67,0,0.86,0
26.75,80,Bilhaur,Uttar Pradesh,2.16,0.12,0.82,0.59,0.57,2.69,5.49,8.74,1.45,0,0.55,0
26.75,80.25,Safipur,Uttar Pradesh,2.73,0.19,0.58,0.78,0.82,2.96,6.47,9.63,2.11,0,0.24,0
26.75,80.5,Hasanganj,Uttar Pradesh,1.22,0.15,0.62,0.27,0.43,1.62,1.75,2.55,0.44,0,0.32,0
26.75,80.75,Sarojani Nagar,Uttar Pradesh,1.39,0.21,0.84,0.41,0.98,4,4.48,4.03,1.58,0.04,0.32,0
26.75,81,Mohanlalganj,Uttar Pradesh,1.87,0.11,0.94,0.39,0.96,4.97,5.71,6.6,3.03,0,0.44,0
26.75,81.25,Haidergarh,Uttar Pradesh,1.48,0.18,0.96,0.61,0.96,5.24,7.56,10.6,2.11,0,0.37,0
26.75,81.5,Ramsanehighat,Uttar Pradesh,1.07,0.59,1.61,0.31,1.61,8.56,6.14,7.8,2.37,0.18,0.23,0
26.75,81.75,Rudauli,Uttar Pradesh,0.77,1.82,2.04,0.14,1.71,9.2,6.83,7.81,3.05,0.03,0.22,0
26.75,82,Sohawal,Uttar Pradesh,0.74,3.44,2.41,0.37,1.41,10.64,8.46,9.05,5.78,0.17,0.43,0
26.75,82.25,Faizabad,Uttar Pradesh,1.09,2.04,1.44,1.08,1.57,14.37,14.04,7.84,5.85,0.1,0.04,0
26.75,82.5,Harraiya,Uttar Pradesh,1.51,0.93,3.42,0.86,2.17,8.59,17.48,9.28,13.15,0,0.15,0
26.75,82.75,Basti,Uttar Pradesh,0.7,0.73,1.23,0.34,0.86,9.08,14.09,9.23,6.04,0.05,0.19,0
26.75,83,Khalilabad,Uttar Pradesh,0.82,0.78,1.67,0.53,1.62,10.66,15.37,7.03,7.39,0.2,0.15,0
26.75,83.25,Sahjanwa,Uttar Pradesh,0.79,0.54,1.41,0.57,1.51,8.75,17.96,6.01,8.91,0.03,0.16,0
26.75,83.5,Gorakhpur,Uttar Pradesh,0.47,0.14,0.43,0.12,0.18,3.77,19.15,3.55,8.9,0,0,0
26.75,83.75,Hata,Uttar Pradesh,0.38,0.31,0.46,0.69,0.57,4.28,9.81,2.4,6.81,0,0.01,0
26.75,84,Kasya,Uttar Pradesh,0.29,0.96,0.8,1.88,1.28,6.52,11.37,4.15,8.08,0,0.02,0
26.75,84.25,Thakrahan,Bihar,0.77,2.17,1.45,2.11,1.76,9.53,24.77,10.76,13.41,0.09,0.01,0
26.75,84.5,Nautan,Bihar,1.18,1.88,1.07,2.17,1.28,15.08,29.16,9.48,13.65,0.31,0,0
26.75,84.75,Sugauli,Bihar,0.97,1.53,0.83,2.14,1.16,15.21,30.43,8.22,13.7,0.27,0,0
26.75,85,Motihari,Bihar,0.1,0.99,0.27,0.82,2.08,9.7,23.8,4.46,9.43,0.04,0,0
26.75,85.25,Dhaka,Bihar,0.8,0.6,0.64,2.03,4.09,7.47,17.79,8.28,10.9,0.14,0,0
26.75,85.5,Bathnaha,Bihar,0.52,0.46,0.67,1.81,3.63,9.9,18.79,8.53,10.77,0.2,0,0
26.75,85.75,Mahottari,Madhesh Province,0.16,0.24,0.97,1.59,3.14,15.84,23.7,6.44,19.67,1.71,0,0
26.75,86,Dhanusha,Madhesh Province,0.17,0.24,0.91,1.51,2.87,14.25,20.58,6.08,16.21,1.36,0,0
26.75,86.25,Siraha,Madhesh Province,0.36,0.58,1.07,1.55,3.03,15.84,17.8,4.44,14.78,1.04,0,0
26.75,86.5,Siraha,Madhesh Province,0.42,0.62,1.26,1.73,3.25,17.52,18.31,4.13,16.22,1.02,0,0
26.75,87,Udayapur,Koshi Province,0.35,0.49,1.57,2.99,3.91,19.04,16.66,5.98,22.41,1,0,0
26.75,88,Jhapa,Koshi Province,0.31,1.48,2.32,3.68,7.03,22.79,40.7,18.04,37.42,2.57,0.19,0.05
26.75,88.25,Naxalbari block,West Bengal,0.41,1.53,1.43,5.91,7.6,28.3,54.45,16.52,35.5,2.55,0.78,0.04
26.75,88.5,Rajganj,West Bengal,0.37,1.28,1.35,4.42,6.26,27.1,41.88,17.2,25.7,4.98,0.3,0.05
26.75,88.75,Mal,West Bengal,0.17,1.15,1.34,4.11,7.65,23.74,39.24,19.1,30.16,4.65,0.34,0.11
26.75,89,Dhupguri,West Bengal,0.04,0.89,1.46,5.01,11.93,34.34,45.13,22.04,36,2.12,0.2,0.09
26.75,89.25,Madarihat,West Bengal,0.09,0.66,1.42,6.6,14.41,35.11,49.11,22,42.01,3.15,0.18,0.05
26.75,89.5,Alipurduar - I,West Bengal,0.15,0.69,1.63,7.76,16.97,31.11,46.2,18.14,43.33,4.79,0.1,0.01
26.75,89.75,Lhamoyzingkha Gewog,Dagana District,0.11,0.67,1.41,7.86,16.98,34.33,44.79,18.18,42.03,4.79,0.11,0
26.75,90,Nichula Gewog,Dagana District,0.06,0.37,0.66,6.29,17.73,36,36.54,10.55,39.2,3.66,0.88,0
26.75,90.25,Kokrajhar,Assam,0.1,0.37,0.72,5.81,18.35,37.18,38.7,9.91,41.92,3.34,1.14,0.03
26.75,90.5,Bengtol,Assam,0.32,0.88,0.8,4.16,23.11,38.47,51.12,16.29,39.7,5.9,0.51,0.49
26.75,90.75,Bijni (Pt),Assam,0.29,1.38,0.45,2.35,20.84,37,50.36,17.4,32.95,6.88,0.72,0.74
26.75,91,Barnagar,Assam,0.29,0.53,0.53,3.12,20.64,25.51,21.97,7.09,14.54,3.66,0.15,0.13
26.75,91.25,Jalah (Pt),Assam,0.34,0.27,0.54,3.02,20.55,21.3,18.99,4.07,9.63,3.59,0,0
26.75,91.5,Tamulpur,Assam,0.15,0.2,0.58,3.5,12,13.03,9.91,4.38,7.7,2.46,0.07,0
26.75,91.75,Harisinga tehsil,Assam,0.41,0.95,0.8,2.48,12.58,12.45,10.97,6.1,8.29,3.22,0.19,0.01
26.75,92,Harisinga tehsil,Assam,0.77,1.73,1.2,1.73,16.64,18.55,16.89,6.99,12.71,5.2,0.09,0
26.75,92.25,Mazbat tehsil,Assam,0.49,1.37,0.75,2.17,11.09,11.78,10.39,9.2,8.44,4.37,0.43,0.03
26.75,92.5,Dhekiajuli (Pt),Assam,0.66,1.6,0.75,3.09,12.68,11.39,11.51,11.48,10.66,6.7,0.51,0.07
26.75,92.75,Chariduar,Assam,1.12,1.58,0.67,3.28,15.01,20.06,20.38,13.73,17.4,8.51,0.52,0.23
26.75,93,Na-Duar,Assam,1.17,1.44,0.5,2.75,12.7,19.24,16.86,7.99,12.82,7.23,0.53,0.2
26.75,93.25,Biswanath,Assam,0.76,1.07,0.47,3.06,10.65,10.52,10.69,6.68,9.67,6.34,0.13,0.06
26.75,93.5,Bokakhat,Assam,0.95,1.01,0.52,2.54,9.54,10.82,10.15,5.8,8.1,5.98,0.16,0.01
26.75,93.75,Bokakhat,Assam,0.97,0.59,0.27,3.05,8.39,14.45,11.29,9.49,6.92,5.53,0.73,0.1
26.75,94,Dergaon,Assam,1.03,0.75,0.37,3.2,9.03,14.81,11.52,8.91,7.23,4.81,1.14,0.06
26.75,94.25,Jorhat East,Assam,1.27,0.67,0.66,3.48,9.18,9.62,10.91,9.81,9.22,4.14,2.49,0
26.75,94.5,Teok,Assam,1.23,0.83,0.74,3.52,9.78,10.67,11.61,9.27,9.18,4.07,2.24,0
26.75,94.75,Namsang,Nagaland,1.18,1.04,0.92,4.15,10.74,13.99,12.59,9.06,7.72,4.2,2.14,0
26.75,95,Mon,Nagaland,1.36,0.59,1.29,4.52,10.4,16.53,13.54,10.01,7.52,4.75,1.48,0
26.75,95.25,Pangchao SDO,Arunachal Pradesh,1.33,0.57,1.37,4.19,9.62,16.36,13.52,10.33,7.38,5.06,1.42,0
27,69.5,Khairpur District,Unknown,0.23,0,0.28,0.03,0.15,0.44,0.81,0.85,2.39,0,0,0
27,69.75,Jaisalmer Tehsil,Rajasthan,0.24,0,0.32,0.04,0.15,0.43,0.85,0.91,2.47,0,0,0
27,70,Jaisalmer Tehsil,Rajasthan,0.25,0,0.36,0.06,0.14,0.41,0.91,0.98,2.56,0,0,0
27,70.25,Jaisalmer Tehsil,Rajasthan,0.27,0,0.34,0.05,0.13,0.38,0.89,0.96,2.55,0,0,0
27,70.5,Jaisalmer Tehsil,Rajasthan,0.33,0,0.42,0.09,0.1,0.3,1,1.14,2.84,0,0.01,0
27,70.75,Jaisalmer Tehsil,Rajasthan,0.46,0,0.92,0.31,0.01,0.22,1.54,2.05,4.08,0,0.02,0
27,71,Jaisalmer Tehsil,Rajasthan,0.45,0,0.86,0.28,0,0.28,1.59,2.06,3.71,0,0.02,0
27,71.25,Jaisalmer Tehsil,Rajasthan,0.42,0,0.82,0.23,0,0.55,1.69,2.52,3.24,0,0.01,0
27,71.5,Pokaran Tehsil,Rajasthan,0.34,0,1.05,0.05,0,1.55,2.47,4.89,2.23,0.03,0,0
27,71.75,Pokaran Tehsil,Rajasthan,0.31,0,1.14,0,0.01,1.84,2.7,5.38,2.21,0.03,0,0
27,72,Pokaran Tehsil,Rajasthan,0.29,0,1.12,0.03,0.03,1.88,2.76,4.77,2.76,0.03,0,0
27,72.25,Phalodi Tehsil,Rajasthan,0.26,0,1.25,0.11,0.14,2.22,2.69,2.73,3.56,0,0,0
27,72.5,Lohawat Tehsil,Rajasthan,0.17,0,0.87,0.08,0.25,2.46,2.34,2.68,3.6,0,0,0
27,72.75,Lohawat Tehsil,Rajasthan,0.08,0,0.49,0.04,0.38,2.55,2.26,2.91,3.52,0.04,0,0
27,73,Bapini Tehsil,Rajasthan,0,0,0.27,0.02,0.47,2.19,3.02,3.54,3.79,0,0,0
27,73.25,Kheenvsar Tehsil,Rajasthan,0,0,0.5,0,0.37,1.7,4.31,3.77,3.88,0,0,0
27,73.5,Mundwa Tehsil,Rajasthan,0,0,0.49,0.15,0.59,1.39,4.35,3.66,4.19,0,0,0
27,73.75,Mundwa Tehsil,Rajasthan,0,0,0.45,0.41,0.91,1.77,6.07,3.19,4.31,0,0,0
27,74,Mundwa Tehsil,Rajasthan,0,0,0.21,0.52,0.81,1.92,7.11,2.55,3.1,0,0,0
27,74.25,Sanju Tehsil,Rajasthan,0,0,0.17,0.41,0.6,1.13,5.35,2.81,2.08,0.01,0,0
27,74.5,Makrana Tehsil,Rajasthan,0,0,0.33,0.26,1.51,2.62,4.21,5.59,2.34,0.09,0,0
27,74.75,Parbatsar Tehsil,Rajasthan,0,0,0.43,0.18,1.33,1.83,3.74,5.94,3.76,0.12,0,0
27,75,Nawa Tehsil,Rajasthan,0,0,0.45,0.2,0.82,0.9,4.04,6.78,3.27,0.02,0,0
27,75.25,Phulera Tehsil,Rajasthan,0,0,0.41,0.26,0.62,0.88,3.38,6.89,2.25,0,0.06,0
27,75.5,Phulera Tehsil,Rajasthan,0,0,0.62,0.52,0.63,1.42,3.03,13.57,3.04,0,0.19,0.03
27,75.75,Jaipur Tehsil,Rajasthan,0,0,0.28,0.02,0.44,0.99,4.8,13.81,1.53,0,0.36,0
27,76,Jamwa Ramgarh Tehsil,Rajasthan,0.01,0,0.3,0.21,1.37,1.76,3.64,15.84,1.33,0,0.28,0
27,76.25,Dausa Tehsil,Rajasthan,0.01,0,0.57,0.33,1.51,1.57,6.16,8.84,1.99,0,0.35,0
27,76.5,Baswa Tehsil,Rajasthan,0.04,0,0.36,0.1,0.63,1.04,2.51,8.46,1.62,0,0.31,0
27,76.75,Baswa Tehsil,Rajasthan,0.08,0,0.87,0.14,0.95,1.05,3.47,10.55,1.9,0,0.45,0
27,77,Mahwa Tehsil,Rajasthan,0.56,0,0.41,0.13,0.53,0.85,6.94,7.84,0.71,0,0.18,0
27,77.25,Bayana Tehsil,Rajasthan,0.55,0,0.48,0.13,0.82,1.43,7.52,8.59,0.92,0,0.32,0
27,77.5,Rupbas Tehsil,Rajasthan,0.17,0,0.4,0.11,0.73,1.22,4.42,7.63,0.81,0,0.36,0
27,77.75,Rupbas Tehsil,Rajasthan,0.81,0,0.8,0.17,0.85,1.47,2.89,6.17,0.4,0,0.39,0
27,78,Kheragarh,Uttar Pradesh,0.59,0,0.89,0.54,0.85,0.88,3.75,6.49,0.42,0,0.27,0
27,78.25,Fatehabad,Uttar Pradesh,0.65,0,1.25,0.4,2.14,2.34,3.91,6.24,0.6,0,0.48,0
27,78.5,Shikohabad,Uttar Pradesh,0.7,0,1.21,0.33,2.18,2.7,3.8,5.82,0.66,0,0.57,0
27,78.75,Shikohabad,Uttar Pradesh,0.77,0,1.16,0,0.67,0.15,3.38,6.18,0.01,0,0.01,0
27,79,Karhal,Uttar Pradesh,0.94,0.01,1.35,0.21,1.05,1.44,4.15,6.04,0.37,0,0.4,0
27,79.25,Bhogaon,Uttar Pradesh,1.26,0,0.72,0.41,0.54,1.93,3.84,3.64,0.64,0,0.54,0
27,79.5,Chhibramau,Uttar Pradesh,1.12,0.02,1.21,0.29,0.64,2.44,4.3,5.68,0.82,0,0.88,0
27,79.75,Kannauj,Uttar Pradesh,1.05,0.08,1.68,0.3,0.81,3.39,5.66,9.34,1.15,0,1.4,0
27,80,Kannauj,Uttar Pradesh,1.34,0.1,1.17,0.36,0.4,2.3,3.6,6.65,0.66,0,0.84,0
27,80.25,Safipur,Uttar Pradesh,0.92,0.02,0.39,0.06,0.96,2.72,4.07,5.39,1.41,0,0.5,0
27,80.5,Sandila,Uttar Pradesh,1.27,0.23,1.59,0.21,0.98,4.18,5.78,8.6,0.57,0,0.97,0
27,80.75,Sarojani Nagar,Uttar Pradesh,1.83,0.69,1,0.07,1.06,7.01,10.02,4.06,2.59,0.11,0.18,0
27,81,Bakshi Ka Talab,Uttar Pradesh,2.48,0.18,1.52,0.26,1.24,7.07,11.13,8.14,4.52,0.01,0.55,0
27,81.25,Nawabganj,Uttar Pradesh,1.69,0.6,2.67,0.63,2.11,8.21,28.9,22.33,2.3,0,0.39,0
27,81.5,Sirauli Gauspur,Uttar Pradesh,2.08,0.78,2.64,0.31,2.78,9.92,22.1,14.7,2.35,0,0.27,0
27,81.75,Colonelganj,Uttar Pradesh,1.98,1.09,2.92,0.02,2.88,13.21,10.46,9.45,2.67,0,0.18,0
27,82,Tarabganj,Uttar Pradesh,1.03,0.59,1.77,0.64,1.19,4.78,7.71,4.43,2.33,0.01,0.18,0
27,82.25,Mankapur,Uttar Pradesh,1.03,1.88,1.26,0.91,1.05,18.17,22.03,8.05,10.29,0.03,0.15,0
27,82.5,Mankapur,Uttar Pradesh,1.17,1.22,2.57,0.9,1.4,14.8,17.6,6.15,11.76,0,0.06,0
27,82.75,Rudhauli,Uttar Pradesh,0.89,1.27,1.8,0.41,1.1,14.82,13.56,5.25,8.09,0.06,0.13,0
27,83,Mehdawal,Uttar Pradesh,0.84,0.78,0.89,0.3,1.21,8.54,13.15,3.09,6.88,0.13,0.07,0
27,83.25,Campierganj,Uttar Pradesh,1.25,0.95,1.32,0.76,1.36,9.87,14.6,4.15,10.41,0.04,0.02,0
27,83.5,Maharajganj,Uttar Pradesh,0.96,0.5,1.04,0.59,0.79,5.58,12.03,2.87,9.1,0,0,0
27,83.75,Maharajganj,Uttar Pradesh,0.68,0.41,0.56,0.82,0.79,3.12,7.25,1.91,7.61,0.03,0,0
27,84,Padrauna,Uttar Pradesh,0.67,1.42,0.6,2.52,1.53,6.54,13.12,5.44,5.32,0.01,0,0
27,84.25,Bagaha,Bihar,0.93,2.12,1.37,2.37,1.69,7.9,28.1,11.18,15.12,0.02,0,0
27,84.5,Lauriya,Bihar,1.59,1.83,0.78,3.07,1.89,9.85,24.94,6.36,13.09,0.01,0,0
27,84.75,Sikta,Bihar,1.17,1.62,0.68,2.46,1.71,10.8,25.83,6.46,12.49,0.07,0,0
27,85,Bara,Madhesh Province,0.68,0.99,0.52,1.8,2.84,8.62,21.15,6.2,10.93,0.09,0,0
27,85.25,Rautahat,Madhesh Province,0.75,0.56,0.58,1.9,3.9,7.72,17.7,7.81,10.81,0.14,0,0
27,85.5,Sarlahi,Madhesh Province,0.69,0.45,0.69,1.89,3.93,9.19,18.13,8.3,12.11,0.37,0,0
27,88,Ilam District,Koshi Province,0.62,1.43,1.38,2.82,6.62,30.28,24.82,16.76,21.74,1.33,0.01,0.2
27,88.25,Jorebunglow Sukiapokhri,West Bengal,1.02,1.32,1.49,2.77,6.48,23.74,28.75,20.46,27.86,3.06,0.01,0.18
27,88.5,Kalimpong -I,West Bengal,0.35,1.26,1.59,4.86,6.32,27.42,41.69,18.51,23.89,5.32,0.36,0.07
27,88.75,Gorubathan,West Bengal,0.2,1.23,1.84,6.14,6.71,22.26,41.25,20.68,21.54,4.68,0.46,0.12
27,89,Sang-Ngag-Chhoeling Gewog,Samtse District,0.13,1.07,1.63,5.29,9.3,27.65,41.65,20.82,28.34,3.67,0.31,0.11
27,89.25,Duenchhukha Gewog,Samtse District,0.1,0.75,1.42,6.3,14.28,34.57,48.59,21.78,41.05,3.08,0.24,0.06
27,89.5,Geling Gewog,Chukha,0.11,0.78,1.59,7.64,16.26,35.03,48.77,19.82,45.68,4.42,0.13,0.03
27,90,Drukjeygang Gewog,Dagana District,0.14,0.37,0.82,5.98,19.99,36.61,39.76,11.13,41.52,3.87,0.79,0.03
27,90.25,Gakidling Gewog,Sarpang District,0.17,0.56,0.71,5.26,19.69,37.71,43.26,12.35,40.89,4.39,0.95,0.21
27,90.5,Jigme Chhoeling Gewog,Sarpang District,0.25,1,0.58,3.17,20.19,38.91,51.13,17.05,37.48,6.59,0.84,0.62
27,90.75,Phangkhar Gewog,Zhemgang District,0.27,1.26,0.47,2.42,20.72,37.37,49.95,16.78,34.97,6.62,0.75,0.66
27,91,Bjoka Gewog,Zhemgang District,0.3,0.7,0.48,2.65,20.56,30.61,34.52,11.12,20.87,5.02,0.3,0.34
27,91.25,Dungmaed Gewog,Pemagatshel District,0.26,0.43,0.49,3.49,16.83,15.28,13.35,4.88,8.12,2.45,0.27,0.03
27,91.5,Orong Gewog,Samdrup Jongkhar District,0.33,0.73,0.49,3.97,13.85,10.42,10.19,4.68,5.62,2.1,0.51,0.06
27,91.75,Martshala Gewog,Samdrup Jongkhar District,0.35,0.91,0.44,3.94,12.22,6.59,7.58,5.01,3.7,1.34,0.72,0.08
27,92,Serthig Gewog,Samdrup Jongkhar District,0.37,1.08,0.66,2.99,12.61,9.63,9.44,5.49,6.06,2.59,0.32,0.03
27,92.25,Shergaon Circle,Arunachal Pradesh,1.32,1.73,0.81,3.85,16.67,19.79,25.5,22.31,31.82,10.72,0.22,0.28
27,92.5,Bhalukpong EAC,Arunachal Pradesh,0.98,1.74,0.8,3.5,12.84,15.43,20.47,18.31,26.44,9.08,0.4,0.18
27,92.75,Chariduar,Assam,1.02,1.93,0.71,3.03,11.62,17.67,20.38,13.89,21.32,8.64,0.67,0.22
27,93,Seijosa,Arunachal Pradesh,1.34,1.59,0.54,2.65,13.94,25.12,21.62,9.78,16.19,8.1,0.73,0.32
27,93.25,Pakke Kessang,Arunachal Pradesh,1.59,1.77,0.56,2.53,15.46,30.38,24.96,10.32,17.48,8.56,0.78,0.41
27,93.5,Balijan ADC,Arunachal Pradesh,1.59,1.44,1.03,1.61,11.95,19.68,15.62,4.8,9.7,6.21,0.37,0.07
27,93.75,Narayanpur,Assam,1.3,1.22,0.73,2.36,12.53,20,16.39,7.6,10.72,5.92,0.97,0.19
27,94,Bihpuria,Assam,1.31,0.92,0.71,2.68,9.69,13.98,11.55,8.4,9.3,3.82,0.92,0.05
27,94.25,Majuli,Assam,1.46,0.86,0.83,2.91,9.4,12.27,11.06,8.95,11.2,2.52,0.46,0
27,94.5,Sibsagar,Assam,0.9,1.74,0.91,3.04,13.19,16.81,13.82,8.68,8.96,4.17,1.68,0
27,94.75,Dimow,Assam,1.36,1.12,1.1,3.85,11.22,16.84,13.04,8.07,6.81,4.79,1.6,0
27,95,Sonari,Assam,1.42,0.64,1.33,3.96,9.68,16.12,12.74,8.91,6.44,5.16,1.39,0
27,95.25,Kanubari ADC,Arunachal Pradesh,1.33,0.54,1.41,4.14,9.36,16.25,13.94,10.97,7.81,5.21,1.42,0
27,95.5,Khonsa HQ,Arunachal Pradesh,1.28,0.58,1.56,4.71,8.91,15.82,15.29,11.63,9.03,4.96,1.6,0
27,95.75,Khimiyang EAC,Arunachal Pradesh,1.38,0.56,1.6,5.07,8.25,16.58,16.77,11.88,10.54,4.85,1.82,0
27.25,69.5,Sukkur District,Unknown,0.18,0,0.35,0.05,0.17,0.55,0.85,0.92,2.43,0,0,0
27.25,69.75,Outside India,Outside India,0.19,0,0.37,0.05,0.17,0.53,0.88,0.95,2.47,0,0,0
27.25,70,Outside India,Outside India,0.2,0,0.4,0.06,0.16,0.52,0.92,1.02,2.55,0,0,0
27.25,70.25,Outside India,Outside India,0.17,0,0.43,0.07,0.17,0.58,0.94,1.04,2.55,0,0,0
27.25,70.5,Outside India,Outside India,0.15,0,0.43,0.07,0.18,0.63,0.92,1.03,2.52,0,0,0
27.25,70.75,Outside India,Outside India,0.3,0,0.63,0.17,0.1,0.43,1.21,1.45,3.13,0,0.01,0
27.25,71,Outside India,Outside India,0.41,0,0.81,0.25,0.04,0.28,1.45,1.79,3.62,0,0.01,0
27.25,71.25,Outside India,Outside India,0.43,0,0.94,0.23,0,0.59,1.83,2.81,3.43,0.01,0.01,0
27.25,71.5,Outside India,Outside India,0.36,0,1.04,0.12,0,1.22,2.3,4.07,3.07,0.02,0.01,0
27.25,71.75,Outside India,Outside India,0.26,0,1.08,0.05,0.04,1.92,2.7,4.06,3.07,0.02,0,0
27.25,72,Outside India,Outside India,0.18,0,0.92,0.08,0.06,1.93,2.73,2.86,4.13,0.01,0,0
27.25,72.25,Bap Tehsil,Rajasthan,0.24,0,1.2,0.11,0.13,2.18,2.7,2.52,3.78,0,0,0
27.25,72.5,Phalodi Tehsil,Rajasthan,0.18,0,0.94,0.09,0.15,2.19,2.57,2.5,4,0,0,0
27.25,72.75,Phalodi Tehsil,Rajasthan,0.09,0,0.65,0.05,0.3,2.28,2.88,2.95,3.76,0,0,0
27.25,73,Bapini Tehsil,Rajasthan,0.04,0,0.4,0.22,0.72,1.67,2.88,4.24,3.81,0,0,0
27.25,73.25,Kheenvsar Tehsil,Rajasthan,0.04,0,0.51,0.25,0.74,1.23,3.56,4.4,4.03,0,0,0
27.25,73.5,Nagaur Tehsil,Rajasthan,0.02,0,0.55,0.37,0.83,0.9,4.19,3.44,4.16,0,0,0
27.25,73.75,Nagaur Tehsil,Rajasthan,0,0,0.52,0.46,0.87,0.92,5.07,2.71,4.11,0,0,0
27.25,74,Deh Tehsil,Rajasthan,0,0,0.18,0.79,0.95,1.95,8.78,0.98,3.06,0,0,0
27.25,74.25,Jayal Tehsil,Rajasthan,0,0,0.23,0.64,0.88,1.62,7.8,2,2.3,0,0,0
27.25,74.5,Didwana Tehsil,Rajasthan,0,0,0.41,0.33,1.16,1.59,5.78,4.74,1.34,0.03,0,0
27.25,74.75,Maulasar Tehsil,Rajasthan,0,0,0.58,0.21,1.03,2.16,4.48,5.27,3.14,0.02,0.01,0
27.25,75,Nawa Tehsil,Rajasthan,0,0,1.21,0.62,0.53,1.8,5.78,3.74,1.8,0,0.02,0
27.25,75.25,Danta Ramgarh Tehsil,Rajasthan,0,0,1.17,0.54,0.63,2.1,4.41,5.56,2.6,0,0.08,0
27.25,75.5,Chomu Tehsil,Rajasthan,0,0,0.93,0.71,0.65,2.5,3.54,13.57,2.94,0,0.11,0.04
27.25,75.75,Chomu Tehsil,Rajasthan,0,0,0.61,0.22,0.59,2.29,2.47,13.07,1.69,0,0.2,0.02
27.25,76,Outside India,Outside India,0,0,0.73,0.15,1.05,3.31,2.47,12.72,0.85,0,0.28,0
27.25,76.25,Outside India,Outside India,0.03,0.01,1.04,0.4,0.62,2.78,2.9,6.66,0.75,0,0.1,0
27.25,76.5,Outside India,Outside India,0.13,0.03,1.13,0.35,0.66,1.44,2.55,7.16,1.75,0,0.04,0
27.25,76.75,Outside India,Outside India,0.12,0.17,1.41,0.26,0.48,0.72,4.28,5.52,1.7,0,0.4,0
27.25,77,Outside India,Outside India,0.32,0,0.38,0.15,0.25,0.36,3.67,6.42,1.05,0,0.05,0
27.25,77.25,Outside India,Outside India,0.5,0,0.92,0.16,1.31,1.61,3.21,7.09,1.86,0,0.18,0
27.25,77.5,Outside India,Outside India,0.25,0,0.61,0.16,0.87,0.93,3.72,6.75,0.89,0,0.18,0
27.25,77.75,Outside India,Outside India,0.79,0.01,0.97,0.22,1.36,0.39,3.58,7.46,0.4,0,0.46,0
27.25,78,Outside India,Outside India,0.74,0.01,1.2,0.23,1.1,0.46,3.37,6.85,0.36,0,0.49,0
27.25,78.25,Outside India,Outside India,0.48,0.02,1.38,0.28,1.86,1.96,4.03,8.15,0.23,0,0.53,0
27.25,78.5,Jasrana,Uttar Pradesh,0.6,0.01,0.86,0.61,0.89,2.28,3.98,6.33,0.19,0,0.75,0
27.25,78.75,Mainpuri,Uttar Pradesh,1.04,0.07,1.27,0.36,1.79,2.57,4.8,8.2,1.78,0,0.6,0
27.25,79,Mainpuri,Uttar Pradesh,0.58,0,2,0.33,1.52,2.47,5.6,2.75,0.23,0,0.23,0
27.25,79.25,Bhogaon,Uttar Pradesh,1.22,0,0.79,0.47,0.52,2.19,4.56,3.64,0.98,0,0.63,0
27.25,79.5,Farrukhabad,Uttar Pradesh,0.89,0,0.84,0.22,0.29,1.38,2.82,3.9,0.92,0,0.49,0
27.25,79.75,Sawayajpur,Uttar Pradesh,0.88,0.24,1.44,0.58,0.61,2.34,3.85,5.37,1.14,0,0.75,0
27.25,80,Bilgram,Uttar Pradesh,0.87,0.65,1.45,0.71,1.09,6.66,7.43,5.08,3.57,0,0.46,0
27.25,80.25,Hardoi,Uttar Pradesh,0.64,0.6,1.72,0.52,1.16,6.54,8.33,8.26,2.31,0,0.61,0
27.25,80.5,Sandila,Uttar Pradesh,0.98,0.67,1.47,0.21,1.1,4.06,9.94,16.79,0.63,0,0.72,0
27.25,80.75,Sidhauli,Uttar Pradesh,0.84,0.4,1.13,0.17,0.87,2.95,6.8,12.27,0.59,0,0.43,0
27.25,81,Mahmudabad,Uttar Pradesh,0.78,0.11,0.5,0.53,1.27,4.29,6.09,6.12,2.55,0,0.11,0
27.25,81.25,Fatehpur,Uttar Pradesh,1.59,0.62,2.19,0.7,3.29,5.55,22.56,12.9,2.69,0,0.2,0
27.25,81.5,Kaiserganj,Uttar Pradesh,1.98,0.73,2.38,0.47,2.86,6.79,21.11,9.79,2.64,0,0.26,0
27.25,81.75,Colonelganj,Uttar Pradesh,2.7,0.75,2.47,0.11,2.38,9.85,16.06,6.33,2.68,0,0.25,0
27.25,82,Gonda,Uttar Pradesh,1.72,1.18,1.95,0.28,1.46,13.27,14.2,7.43,6.39,0,0.23,0
27.25,82.25,Gonda,Uttar Pradesh,0.96,1.61,1.22,0.83,0.8,18.5,21.83,6.31,11.26,0,0.13,0
27.25,82.5,Utraula,Uttar Pradesh,0.93,1.14,1.47,1.05,0.66,15.66,16.02,2.91,9.45,0,0.03,0
27.25,82.75,Itwa,Uttar Pradesh,0.89,1.44,1.99,0.57,1.05,18.54,14.45,3.58,9.1,0,0.06,0
27.25,83,Naugarh,Uttar Pradesh,0.98,0.97,1.13,0.43,1.18,11.07,13.63,2.87,8.25,0,0.04,0
27.25,83.25,Pharenda,Uttar Pradesh,1.4,1,1.29,0.91,1.33,9.77,14.56,4.09,11.39,0.02,0.01,0
27.25,83.5,Maharajganj,Uttar Pradesh,1.69,0.91,0.97,0.78,1.19,8.53,15.26,4.14,13.83,0,0,0
27.25,83.75,Nichlaul,Uttar Pradesh,2.5,1.2,0.44,1.1,1.61,9.41,23.5,6.91,21.35,0.07,0,0
27.25,84,Sidhaw,Bihar,2.57,1.34,1.01,1.9,3.49,10.92,26.81,7.92,23.14,0.28,0,0
27.25,84.25,Ramnagar,Bihar,2.47,1.87,1.52,1.9,7.52,11.28,29.23,8.94,23.69,0.26,0,0
27.25,84.5,Gaunaha,Bihar,1.77,1.85,1.05,2.61,3.31,9.9,26.41,7.62,16.49,0.09,0,0
27.25,84.75,Parsa,Madhesh Province,1.3,1.68,0.78,2.29,2.67,9.7,25.43,6.6,13.73,0.04,0,0
27.25,88,Panchthar,Koshi Province,1.02,1.54,2.29,3.97,6.22,18.34,27.84,18.58,23.8,2.46,0,0.37
27.25,88.25,Gyalshing,Sikkim,1.41,0.98,4.26,5.4,7.7,15.03,23.33,15.49,18.56,2.41,0,0.66
27.25,88.5,Gangtok subdivision,Sikkim,1.44,1.09,4.5,5.7,7.88,16.44,23.96,16.21,19.23,2.49,0,0.77
27.25,88.75,Rongli subdivision,Sikkim,0.55,1.21,2.79,7.19,7.6,20.76,36.72,19.21,21.63,4.61,0.35,0.37
27.25,92,Merag Gewog,Trashigang District,0.03,0.5,0.35,2.36,9.63,3.64,4.51,2.86,2.22,1.69,0.13,0
27.25,92.25,Dirang ADC,Arunachal Pradesh,0.58,1.15,0.59,3.22,11.64,10.32,13.88,11.47,16.5,5.95,0.2,0.11
27.25,92.5,Singchung ADC,Arunachal Pradesh,0.39,1.66,0.75,3.07,6.76,8.03,13.23,11.33,19.83,6.54,0.24,0.04
27.25,92.75,Thrizino ADC,Arunachal Pradesh,0.41,1.75,0.77,2.95,5.92,8.71,13.75,11.18,20.44,6.73,0.74,0.04
27.25,93,Seppa HQ,Arunachal Pradesh,1.16,1.71,0.65,2.55,11.87,22.8,20.65,10.19,18.18,7.71,0.72,0.27
27.25,93.25,Leporiang Circle,Arunachal Pradesh,1.59,1.72,0.58,2.49,15.42,30.25,24.71,10.29,17.67,8.43,0.77,0.4
27.25,93.5,Sagalee ADC,Arunachal Pradesh,1.58,1.39,0.87,2.47,15.41,25.87,22.53,10.43,18.15,7.94,0.48,0.47
27.25,93.75,Toru Circle,Arunachal Pradesh,1.63,1.25,1.01,2.74,15.96,25.48,24.44,12.47,20.78,8.53,0.38,0.6
27.25,94,Naobaicha,Assam,1.63,1.41,1.34,3.27,8.59,21.51,22.83,14.06,22.38,7.14,0.6,0.26
27.25,94.25,Kadam,Assam,1.31,1.57,1.23,3.78,11.06,19.2,14.74,7.31,8.72,5.03,0.74,0.01
27.25,94.5,Dhakuakhana (Pt-I),Assam,0.77,2.22,1.06,3.3,14.53,21.04,16.14,7.79,8.24,4.82,1.41,0
27.25,94.75,Dibrugarh West,Assam,1.46,0.97,1,3.92,10.54,21.03,13.12,8.99,7.67,5.12,1.37,0
27.25,95,Tingkhong,Assam,1.5,0.64,1.3,4.04,9.42,15.71,12.16,7.83,5.71,4.91,1.37,0
27.25,95.25,Naharkatiya,Assam,1.33,0.43,1.09,4.42,9.16,16.46,15.93,15.24,10.44,5.21,1.52,0
27.25,95.5,Margherita,Assam,1.33,0.48,1.41,4.66,8.86,16.33,15.66,12.99,9.88,5.08,1.67,0
27.25,95.75,Namtok EAC,Arunachal Pradesh,1.43,0.61,1.7,5.36,7.92,17.13,17.55,12.04,11.32,4.81,1.95,0
27.25,96,Manmao EAC,Arunachal Pradesh,1.56,0.62,1.69,5.6,8.19,16.66,17.48,11.39,11.3,4.66,1.9,0
27.25,96.75,Naga Self-Administered Zone,Sagaing Region,2.18,0.67,0.95,4.47,11.02,13.55,12.71,7.1,8.56,4,1.48,0
27.25,97,Vijoynagar EAC,Arunachal Pradesh,2.32,0.68,0.78,4.47,11.66,12.89,11.58,6.17,7.92,3.85,1.39,0
27.5,69.5,Ghotki District,Unknown,0.15,0,0.39,0.06,0.19,0.62,0.88,0.97,2.45,0,0,0
27.5,69.75,Ghotki District,Unknown,0.16,0,0.39,0.06,0.18,0.6,0.89,0.97,2.46,0,0,0
27.5,70,Jaisalmer Tehsil,Rajasthan,0.17,0,0.41,0.07,0.17,0.58,0.92,1.01,2.52,0,0,0
27.5,70.25,Jaisalmer Tehsil,Rajasthan,0.16,0,0.43,0.07,0.18,0.6,0.93,1.04,2.54,0,0,0
27.5,70.5,Jaisalmer Tehsil,Rajasthan,0.15,0,0.44,0.07,0.18,0.63,0.94,1.04,2.54,0,0,0
27.5,70.75,Jaisalmer Tehsil,Rajasthan,0.23,0,0.55,0.13,0.13,0.51,1.1,1.27,2.86,0,0,0
27.5,71,Jaisalmer Tehsil,Rajasthan,0.32,0,0.67,0.19,0.09,0.4,1.28,1.51,3.2,0,0.01,0
27.5,71.25,Jaisalmer Tehsil,Rajasthan,0.39,0,0.94,0.19,0.02,0.74,1.87,3,3.22,0.01,0.01,0
27.5,71.5,Pokaran Tehsil,Rajasthan,0.21,0,0.88,0.06,0.03,1.74,2.65,3.36,3.62,0.01,0,0
27.5,71.75,Pokaran Tehsil,Rajasthan,0.16,0,0.85,0.07,0.04,1.86,2.7,2.96,4.11,0.01,0,0
27.5,72,Bap Tehsil,Rajasthan,0.07,0,0.58,0.07,0.01,1.74,2.71,2.37,4.91,0,0,0
27.5,72.25,Bajju Tehsil,Rajasthan,0.04,0,0.48,0.07,0.01,1.69,2.71,2.17,5.18,0,0,0
27.5,72.5,Bap Tehsil,Rajasthan,0.13,0,0.75,0.08,0.1,1.93,2.63,2.29,4.51,0,0,0
27.5,72.75,Bap Tehsil,Rajasthan,0.2,0,0.86,0.16,0.34,1.64,2.5,2.94,4.07,0,0,0
27.5,73,Nokha Tehsil,Rajasthan,0.32,0,0.71,0.26,0.99,0.57,1.69,4.54,2.52,0,0,0
27.5,73.25,Nokha Tehsil,Rajasthan,0.16,0,0.56,0.5,1.18,0.71,2.16,5.47,3.78,0,0,0
27.5,73.5,Nokha Tehsil,Rajasthan,0.11,0,0.53,0.52,1.16,0.78,2.4,5.47,3.99,0,0,0
27.5,73.75,Nagaur Tehsil,Rajasthan,0.05,0,0.48,0.54,1.03,0.93,4.22,3.94,3.78,0,0,0
27.5,74,Deh Tehsil,Rajasthan,0,0,0.46,0.49,0.94,1.3,6.19,2.63,1.87,0,0,0
27.5,74.25,Ladnu Tehsil,Rajasthan,0,0,0.51,0.33,0.83,0.99,4.99,3.99,1.13,0,0,0
27.5,74.5,Ladnu Tehsil,Rajasthan,0,0,0.46,0.34,0.87,1.12,5.79,4.18,1.09,0,0,0
27.5,74.75,Didwana Tehsil,Rajasthan,0.02,0,0.8,0.35,0.89,1.69,4.57,5.29,1.44,0,0,0
27.5,75,Dhod Tehsil,Rajasthan,0.04,0,0.87,0.31,0.89,2.05,3.51,5.82,1.95,0,0,0
27.5,75.25,Danta Ramgarh Tehsil,Rajasthan,0.02,0,1.27,0.46,0.67,3.72,2.94,8.19,1.88,0,0.14,0
27.5,75.5,Khandela Tehsil,Rajasthan,0.01,0,1.89,0.68,0.85,5.19,3.87,12.41,2.06,0,0.3,0
27.5,75.75,Sri Madhopur Tehsil,Rajasthan,0.04,0,1.27,0.34,0.76,3.5,2.98,10.87,1.42,0,0.25,0
27.5,76,Shahpura Tehsil,Rajasthan,0,0,1.25,0.11,1.28,5.2,3.02,7.86,0.75,0,0.42,0
27.5,76.25,Thanagazi Tehsil,Rajasthan,0.01,0,2.32,0.4,0.94,4.32,2.91,6.07,1.28,0,0.09,0
27.5,76.5,Alwar Tehsil,Rajasthan,0.05,0.02,5.05,0.15,0.98,4.33,3.92,8.91,2.22,0,0.17,0
27.5,76.75,Ramgarh Tehsil,Rajasthan,0.07,0.06,1.69,0.15,0.8,0.8,1.67,7.85,1.5,0,0.12,0
27.5,77,Govindgarh Tehsil,Rajasthan,0.2,0,2.1,0.51,1.41,0.87,2.77,7.1,1.52,0,0.18,0
27.5,77.25,Deeg Tehsil,Rajasthan,0.49,0,1.52,0.13,2.01,0.87,2.17,6.86,1.82,0,0.15,0
27.5,77.5,Mathura,Uttar Pradesh,0.57,0.08,1.9,0.08,1.47,0.37,3.13,5.18,0,0,0.07,0
27.5,77.75,Mathura,Uttar Pradesh,0.96,0.31,2.15,0.24,0.51,0.56,3.05,6.27,0.37,0,0.49,0
27.5,78,Hathras,Uttar Pradesh,0.64,0.11,1.66,0.25,0.45,0.71,3.11,6.31,0.36,0,0.48,0
27.5,78.25,Jalesar,Uttar Pradesh,0.43,0.18,1.63,0.2,0.37,1.3,3.62,8.1,0.25,0,0.44,0
27.5,78.5,Etah,Uttar Pradesh,1.07,0.37,1.62,0.07,0.56,1.05,2.59,10.31,0.78,0,0.63,0
27.5,78.75,Etah,Uttar Pradesh,1.02,0.18,0.92,0.33,0.52,1.39,3.95,6,0.69,0,0.42,0
27.5,79,Aliganj,Uttar Pradesh,0.94,0,0.29,0.6,0.26,0.53,4.35,2.94,0.83,0,0.63,0
27.5,79.25,Aliganj,Uttar Pradesh,0.8,0.03,0.95,0.55,0.26,0.57,3.59,4.53,0.87,0,0.46,0
27.5,79.5,Kaimganj,Uttar Pradesh,0.53,0.02,0.75,0.11,0.2,0.29,1.48,2.65,0.55,0,0.08,0
27.5,79.75,Sawayajpur,Uttar Pradesh,0.45,0.21,0.85,0.2,0.45,2.07,3.62,3.07,1.35,0,0.2,0
27.5,80,Hardoi,Uttar Pradesh,0.69,0.88,1.3,0.53,1.38,9.38,9.93,4.91,5.32,0,0.28,0
27.5,80.25,Hardoi,Uttar Pradesh,0.49,0.41,1.1,0.33,0.76,5.41,8.68,7.81,2.12,0,0.3,0
27.5,80.5,Unknown,Uttar Pradesh,0.76,0.25,0.6,0.12,0.53,2.92,4.3,5.68,1.13,0,0.2,0
27.5,80.75,Sitapur,Uttar Pradesh,0.36,0.4,1.25,0.06,1.1,1.94,3.48,6.74,0.38,0,0.19,0
27.5,81,Biswan,Uttar Pradesh,0.5,0.23,0.7,0.26,0.98,2.58,3.33,4.96,1.32,0,0.15,0
27.5,81.25,Biswan,Uttar Pradesh,1.18,1.46,2.1,0.32,2.19,8.93,10.16,7.12,2.56,0,0.32,0
27.5,81.5,Mahasi,Uttar Pradesh,1.24,1.51,2.32,0.27,2.18,9.58,10.23,7.28,2.8,0,0.32,0
27.5,81.75,Bahraich,Uttar Pradesh,1.86,1.04,2.61,0.06,2.01,11.47,11.4,8.38,4.62,0,0.19,0
27.5,82,Ikauna,Uttar Pradesh,1.66,1.16,2.4,0.02,1.61,13.45,8.82,8.99,5.11,0,0.26,0
27.5,82.25,Tulsipur,Uttar Pradesh,1.26,1.24,1.81,0.45,1.2,14.99,13.77,7,7.43,0,0.18,0
27.5,82.5,Tulsipur,Uttar Pradesh,0.95,1.43,1.73,0.68,0.92,17.91,16.85,4.63,9.79,0,0.08,0
27.5,82.75,Shohratgarh,Uttar Pradesh,0.96,1.22,1.57,0.8,0.99,15.47,14.31,3.08,8.71,0,0.04,0
27.5,83,Kapilvastu,Lumbini Province,1.14,1.13,1.4,0.7,1.2,12.98,13.79,3.53,9.24,0,0.04,0
27.5,83.25,Rupandehi,Lumbini Province,1.44,1.06,0.96,0.64,1.2,10.42,16.98,4.26,13.23,0,0.01,0
27.5,83.5,Rupandehi,Lumbini Province,2.09,1.04,0.76,0.71,1.28,9.39,19.15,5.17,16.85,0,0,0
27.5,83.75,Nawalparasi W,Lumbini Province,2.92,1.36,0.46,1.12,2.31,10.5,26.64,7.8,24.08,0.07,0,0
27.5,84,Chitwan,Bagamati Province,3,1.38,0.55,1.23,2.61,10.65,27.05,7.93,24.45,0.09,0,0
27.5,84.25,Chitwan,Bagamati Province,2.6,1.61,1.1,1.65,4.68,10.93,28.45,8.67,23.93,0.2,0,0
27.5,84.5,Chitwan,Bagamati Province,2.02,1.79,1.24,2.36,4.52,10.41,27.49,8.28,19.49,0.18,0,0
27.5,88,Taplejung,Koshi Province,2.08,1.11,4.24,8.6,9.54,27.98,26.74,16.55,16.77,5.91,0.66,0.46
27.5,88.25,Gyalshing,Sikkim,2.8,0.92,5.57,11.78,12.06,38.25,27.04,16.22,13.96,8.59,1.16,0.52
27.5,88.5,Mangan,Sikkim,2.11,1.01,5.24,10.48,10.22,25.78,26.01,14.15,14.9,4.9,0.73,0.77
27.5,88.75,Mangan,Sikkim,1.78,1,4.69,8.53,9.1,20.19,24.88,14.19,16.11,3.56,0.44,0.76
27.5,91.75,Bongkhar Circle,Arunachal Pradesh,0.09,0.24,1.02,4.66,9.47,7.25,10.25,5.13,6.05,1.68,0.26,0.11
27.5,92,Jang ADC,Arunachal Pradesh,0.16,0.53,0.6,3.34,10.18,5.9,7.83,5,5.3,2.15,0.23,0.07
27.5,92.25,Dirang ADC,Arunachal Pradesh,0.39,1.13,0.57,3.26,9.9,7.93,11.2,9.36,13.5,4.86,0.22,0.06
27.5,92.5,Nafra EAC,Arunachal Pradesh,0.37,1.5,0.7,3.16,7.08,7.92,12.52,10.39,17.81,5.99,0.35,0.04
27.5,92.75,Lada Circle,Arunachal Pradesh,0.52,1.76,0.75,2.97,6.93,10.61,15.03,11.54,20.66,7.04,0.72,0.08
27.5,93,Bameng ADC,Arunachal Pradesh,0.83,1.68,0.7,2.64,9.33,16.92,17.65,10.36,18.94,7.21,0.8,0.19
27.5,93.25,Gyawe Purang Circle,Arunachal Pradesh,1.59,1.45,0.65,2.72,15.28,28.76,25.23,11.56,18.17,8.05,0.86,0.46
27.5,93.5,Mengio EAC,Arunachal Pradesh,1.55,1.21,1.05,3.21,11.02,21.73,24.66,14.7,19.77,6.23,1.01,0.4
27.5,93.75,Yachuli ADC,Arunachal Pradesh,1.62,1.41,1.37,3.25,8.61,21.95,25,15.16,22.92,7.21,0.76,0.32
27.5,94,Dollungmukh Circle,Arunachal Pradesh,1.61,1.6,1.55,3.52,6.87,21.89,24.12,14.92,24.19,7.65,0.58,0.24
27.5,94.25,Kadam,Assam,1.02,1.69,1.49,3.7,9.97,14.23,12.19,5.25,7.71,5.05,0.52,0.09
27.5,94.5,Dhemaji,Assam,0.73,1.66,1.43,3.66,10.82,17.36,12.88,5.95,7.73,5.35,0.77,0.06
27.5,94.75,Sissibargaon,Assam,0.92,1.11,1.1,3.31,10.29,22.98,14.32,7.68,8.21,6.7,1.09,0
27.5,95,Dibrugarh East,Assam,0.99,0.87,0.84,2.26,10.15,23.91,14.15,7.98,7.18,6.49,1.22,0
27.5,95.25,Tinsukia,Assam,1.16,0.79,1.08,4.25,9.56,20.68,15.44,13.69,11.54,5.27,2.09,0
27.5,95.5,Tinsukia,Assam,1.23,0.81,1.21,4.99,8.38,19.39,15.21,12.53,10.75,4.94,2.12,0
27.5,95.75,Margherita,Assam,1.46,0.64,1.77,5.64,7.8,17.36,18.09,12.02,11.8,4.76,2.01,0
27.5,96,Bordumsa ADC,Arunachal Pradesh,1.55,0.64,1.74,5.77,7.98,16.76,17.97,11.5,11.54,4.67,1.94,0
27.5,96.25,Miao ADC,Arunachal Pradesh,1.93,0.69,1.25,5.83,9.79,14.89,14.76,8.85,9.72,4.27,1.67,0
27.5,96.5,Miao ADC,Arunachal Pradesh,2.22,0.68,0.89,5.88,11.22,13.37,12.32,6.8,8.34,3.95,1.45,0
27.5,96.75,Miao ADC,Arunachal Pradesh,2.29,0.67,0.81,4.47,11.54,13.02,11.8,6.35,8.04,3.88,1.41,0
27.5,97,Putao District,Kachin State,2.36,0.68,0.72,4.47,11.88,12.67,11.18,5.85,7.7,3.8,1.35,0
27.75,70,Ghotki District,Unknown,0.15,0,0.41,0.07,0.18,0.63,0.9,1,2.48,0,0,0
27.75,70.25,Jaisalmer Tehsil,Rajasthan,0.16,0,0.43,0.07,0.18,0.61,0.93,1.04,2.54,0,0,0
27.75,70.5,Jaisalmer Tehsil,Rajasthan,0.18,0,0.47,0.09,0.17,0.59,0.98,1.11,2.63,0,0,0
27.75,70.75,Rahim Yar Khan District,Punjab,0.21,0,0.52,0.12,0.15,0.54,1.06,1.21,2.78,0,0,0
27.75,71,Rahim Yar Khan District,Punjab,0.26,0,0.6,0.15,0.12,0.47,1.18,1.37,2.99,0,0.01,0
27.75,71.25,Jaisalmer Tehsil,Rajasthan,0.31,0,0.73,0.21,0.06,0.53,1.53,1.77,3.75,0,0.01,0
27.75,71.5,Pokaran Tehsil,Rajasthan,0.14,0,0.72,0.07,0.02,1.73,2.68,2.82,4.3,0.01,0,0
27.75,71.75,Pokaran Tehsil,Rajasthan,0.13,0,0.73,0.06,0.02,1.78,2.7,3,4.28,0.01,0,0
27.75,72,Pokaran Tehsil,Rajasthan,0.09,0,0.62,0.07,0.02,1.75,2.7,2.47,4.76,0,0,0
27.75,72.25,Bajju Tehsil,Rajasthan,0.07,0,0.57,0.07,0.02,1.74,2.69,2.27,4.94,0,0,0
27.75,72.5,Kolayat Tehsil,Rajasthan,0.14,0,0.69,0.08,0.12,1.66,2.55,2.33,4.5,0,0,0
27.75,72.75,Kolayat Tehsil,Rajasthan,0.33,0,0.73,0.11,0.65,0.71,1.67,3.32,2.73,0,0,0
27.75,73,Kolayat Tehsil,Rajasthan,0.43,0,0.82,0.22,0.98,0.52,1.52,4.27,2.03,0,0,0
27.75,73.25,Nokha Tehsil,Rajasthan,0.27,0,0.66,0.43,1.14,0.66,1.75,5.27,3.09,0,0,0
27.75,73.5,Nokha Tehsil,Rajasthan,0.24,0,0.63,0.42,1.17,0.6,1.65,5.12,3.1,0,0,0
27.75,73.75,Nokha Tehsil,Rajasthan,0.13,0,0.62,0.33,1.11,0.84,2.6,2.91,2.44,0,0,0
27.75,74,Bidasar Tehsil,Rajasthan,0.08,0,0.61,0.26,0.92,1.04,3.45,2.47,1.54,0,0,0
27.75,74.25,Bidasar Tehsil,Rajasthan,0,0,0.55,0.33,0.78,1.15,4.41,3.61,1.39,0,0,0
27.75,74.5,Sujangarh Tehsil,Rajasthan,0,0,0.28,0.41,0.12,2.35,2.94,2.97,3.49,0,0,0
27.75,74.75,Lachhmangarh Tehsil,Rajasthan,0.01,0,1.1,0.42,0.59,2.76,3,4.04,2.34,0,0,0
27.75,75,Lachhmangarh Tehsil,Rajasthan,0.03,0,0.77,0.44,0.77,2.18,3.02,5.32,1.78,0,0,0
27.75,75.25,Sikar Tehsil,Rajasthan,0.03,0,0.42,0.62,0.23,2.48,1.52,3.45,1.57,0,0,0
27.75,75.5,Udaipurwati Tehsil,Rajasthan,0.13,0,1.62,0.77,0.78,3.1,3.77,6.96,1.85,0,0.05,0
27.75,75.75,Neem Ka Thana Tehsil,Rajasthan,0.21,0,2.17,1,1.03,2.57,5.05,7.12,1.78,0,0.01,0
27.75,76,Patan Tehsil,Rajasthan,0.01,0.01,1.87,0.38,0.39,3.82,3.5,5.86,1.88,0,0.14,0
27.75,76.25,Bansur Tehsil,Rajasthan,0.01,0.02,1.89,0.41,1.1,2.34,1.86,5.39,2.88,0,0.11,0
27.75,76.5,Bansur Tehsil,Rajasthan,0.05,0.06,3.14,0.45,0.74,1.96,3.88,6.16,1.36,0,0,0
27.75,76.75,Kishangarh Bas Tehsil,Rajasthan,0.14,0.03,3.29,0.11,0.34,0.38,2.81,8.73,2.08,0,0.1,0
27.75,77,Ferozepur Jhirka,Haryana,0.17,0.01,2.9,0.29,1.1,0.57,3.47,8.18,2.38,0,0.17,0
27.75,77.25,Kaman Tehsil,Rajasthan,0.44,0.03,2.05,0.03,0.74,0.23,2.3,5.06,0.32,0,0.27,0
27.75,77.5,Mathura,Uttar Pradesh,0.51,0.18,2.45,0.01,0.53,0.17,2.15,6.13,0,0,0.33,0
27.75,77.75,Mathura,Uttar Pradesh,0.53,0.65,5.69,0.01,0.89,0.9,3.31,11.07,0.03,0,0.62,0
27.75,78,Iglas,Uttar Pradesh,0.93,0.36,2.72,0.31,0.62,1.1,3.53,7,0.27,0,0.32,0
27.75,78.25,Koil,Uttar Pradesh,1.16,0.53,1.92,0.26,0.35,2.02,4.25,7.34,0.17,0,0.45,0
27.75,78.5,Kasganj,Uttar Pradesh,1.22,0.38,2.32,0.13,0.21,2.12,3.5,7.97,0.65,0,0.32,0
27.75,78.75,Sahawar,Uttar Pradesh,1.09,0.37,1,0.3,0.31,1.93,4.61,4.84,0.17,0,0.13,0
27.75,79,Patiyali,Uttar Pradesh,0.98,0.16,0.85,0.5,0.3,1.18,5.49,4.28,0.56,0,0.35,0
27.75,79.25,Dataganj,Uttar Pradesh,0.76,0.29,1.11,0.42,0.25,0.37,2.83,3.49,0.36,0,0.27,0
27.75,79.5,Jalalabad,Uttar Pradesh,0.27,0.12,0.85,0.26,0.2,0.11,0.84,1.02,0.02,0,0.12,0
27.75,79.75,Shahjahanpur,Uttar Pradesh,0.34,0.18,1.26,0.48,0.53,0.68,5.74,2.6,0.52,0,0.32,0
27.75,80,Shahjahanpur,Uttar Pradesh,0.37,0.38,2.34,0.84,2.27,5.05,10.07,5.38,5.24,0,0.3,0
27.75,80.25,Shahabad,Uttar Pradesh,0.55,0.21,1.36,0.41,1.48,3.3,7.84,7.04,3.18,0,0.21,0
27.75,80.5,Unknown,Uttar Pradesh,0.61,0.54,0.56,0.03,0.32,1.71,3.91,5.29,1.85,0,0.05,0
27.75,80.75,Sitapur,Uttar Pradesh,0.23,0.2,0.69,0.01,0.32,0.71,1.67,2.4,0.48,0,0.02,0
27.75,81,Laharpur,Uttar Pradesh,0.57,0.43,1.14,0.06,1.84,4.17,5.17,5.2,1.36,0,0.1,0
27.75,81.25,Dhaurahara,Uttar Pradesh,1.19,1.01,1.47,0.15,2.91,9.31,7.51,5.89,2.99,0,0.14,0
27.75,81.5,Nanpara,Uttar Pradesh,1.31,1.07,2.33,0.14,2.77,10.51,10,7.43,3.91,0,0.13,0
27.75,81.75,Bhinga,Uttar Pradesh,1.5,0.95,2.94,0,2.42,10.98,11.57,8.6,4.84,0,0.08,0
27.75,82,Bhinga,Uttar Pradesh,1.57,1.2,2.54,0.09,1.82,13.16,12.17,8.81,5.8,0,0.17,0
27.75,82.25,Balrampur,Uttar Pradesh,1.27,1.2,2.28,0.36,1.43,14.21,13.18,7.92,6.74,0,0.15,0
27.75,82.5,Dang,Lumbini Province,0.94,1.41,1.81,0.49,1.04,17.02,15.19,5.73,8.78,0,0.12,0
27.75,82.75,Kapilvastu,Lumbini Province,1.03,1.18,1.51,0.74,0.94,14.99,14.74,2.89,8.94,0,0.04,0
27.75,88,Taplejung,Koshi Province,2.34,0.97,5.35,10.92,10.85,30.05,26.35,14.85,14.56,6.2,0.88,0.68
27.75,88.25,Chungthang,Sikkim,2.36,0.89,5.16,11.86,10.78,29.61,25.64,13.87,13.08,6,1.06,0.65
27.75,88.5,Chungthang,Sikkim,2.26,0.93,5.18,11.38,10.56,28.16,25.75,13.95,13.73,5.6,0.93,0.69
27.75,88.75,Chungthang,Sikkim,2.17,0.99,5.27,10.58,10.39,27,26.11,14.37,14.84,5.31,0.77,0.75
27.75,91.5,Boomdeling Gewog,Trashiyangtse District,0.01,0.04,1.24,5.16,8.66,7.73,11.31,5.03,6.38,1.5,0.23,0.13
27.75,91.75,Zemithang Circle,Arunachal Pradesh,0.06,0.17,1.09,4.82,9.14,7.41,10.59,5.11,6.18,1.64,0.25,0.12
27.75,92,Thingbu Circle,Arunachal Pradesh,0.16,0.47,0.78,3.9,10.01,6.83,9.32,5.73,6.39,2.19,0.24,0.09
27.75,92.25,Thingbu Circle,Arunachal Pradesh,0.4,1.19,0.68,3.56,9.26,8.53,12.44,9.98,15.48,5.33,0.22,0.08
27.75,92.5,Nafra EAC,Arunachal Pradesh,0.46,1.46,0.68,3.28,8.23,9.05,13.45,11.04,18.18,6.24,0.29,0.07
27.75,92.75,Sawa Circle,Arunachal Pradesh,0.67,1.75,0.74,3.09,8.29,13.02,16.63,12.1,21.16,7.43,0.63,0.12
27.75,93,Sawa Circle,Arunachal Pradesh,0.88,1.5,0.73,2.94,8.4,14.57,18.5,11.94,17.58,5.88,1.39,0.19
27.75,93.25,Phassang,Arunachal Pradesh,1.52,1.11,0.74,3.37,11.77,21.35,24.35,13.27,15.62,5.46,1.71,0.44
27.75,93.5,Sangram SDO,Arunachal Pradesh,1.54,0.92,0.87,3.72,9.51,14.77,23.11,14.81,15.73,3.89,1.79,0.46
27.75,93.75,Palin Circle,Arunachal Pradesh,1.54,0.9,0.98,4.16,9.38,15.32,24.08,15.83,15.54,3.61,1.8,0.4
27.75,94,Kamporijo Circle,Arunachal Pradesh,1.62,1.3,1.46,4.07,8.17,16.08,21.98,14.16,19.31,4.39,1.27,0.37
27.75,94.25,Raga ADC,Arunachal Pradesh,1.88,1.57,2.05,3.88,10.7,14.15,14.1,7.99,21.47,3.62,1,0.65
27.75,94.5,Gensi EAC,Arunachal Pradesh,1.47,1.65,1.83,3.61,10.62,12.37,12.24,6.26,15.63,3.52,0.79,0.45
27.75,94.75,Likabali SDO,Arunachal Pradesh,0.89,1.39,1.3,3.18,11.81,19.84,16.73,7.48,10.16,5.43,0.86,0.12
27.75,95,Jonai,Assam,1.15,1.04,1.16,3.84,12.36,28.18,22.55,14.48,16.45,5.78,2.32,0.11
27.75,95.25,Jonai,Assam,0.98,1.04,1.26,4.35,11.02,27.12,16.91,15.11,16.14,5.33,3.16,0
27.75,95.5,Doom Dooma,Assam,1.19,1.19,1.16,5.24,9.68,23.93,16.4,12.02,11.18,4.97,2.45,0.01
27.75,95.75,Sadiya,Assam,1.44,0.88,1.51,5.59,10.02,22.48,20.5,12.75,12.83,4.91,2.23,0.01
27.75,96,Chongkham EAC,Arunachal Pradesh,1.88,0.75,1.29,5.75,10.07,16.32,15.92,9.36,10.16,4.35,1.74,0
27.75,96.25,Chongkham EAC,Arunachal Pradesh,2.35,0.74,0.75,5.81,11.83,12.87,11.42,5.97,7.78,3.82,1.37,0
27.75,96.5,Wakro Circle,Arunachal Pradesh,2.36,0.7,0.72,5.88,11.88,12.7,11.22,5.86,7.7,3.8,1.36,0
27.75,96.75,Hawai HQ,Arunachal Pradesh,2.35,0.68,0.74,5.9,11.82,12.73,11.3,5.95,7.77,3.82,1.36,0
27.75,97,Hawai HQ,Arunachal Pradesh,2.39,0.68,0.69,4.47,12.01,12.53,10.96,5.67,7.57,3.78,1.34,0
28,70,Rahim Yar Khan District,Punjab,0.13,0,0.42,0.07,0.19,0.66,0.9,0.99,2.46,0,0,0
28,70.25,Rahim Yar Khan District,Punjab,0.14,0,0.42,0.07,0.19,0.65,0.91,1.01,2.48,0,0,0
28,70.5,Jaisalmer Tehsil,Rajasthan,0.15,0,0.44,0.07,0.18,0.63,0.94,1.05,2.54,0,0,0
28,71,Rahim Yar Khan District,Punjab,0.21,0,0.55,0.13,0.14,0.56,1.09,1.28,2.9,0,0,0
28,71.25,Bahawalpur District,Punjab,0.12,0,0.51,0.1,0.06,1.16,2.03,1.78,4.25,0,0,0
28,71.5,Bahawalpur District,Punjab,0.08,0,0.57,0.06,0.02,1.72,2.67,2.47,4.78,0,0,0
28,71.75,Bahawalpur District,Punjab,0.11,0,0.53,0.06,0.12,1.68,2.42,2.19,4.53,0,0,0
28,72,Bajju Tehsil,Rajasthan,0.13,0,0.48,0.06,0.18,1.63,2.25,2.07,4.35,0,0,0
28,72.25,Bajju Tehsil,Rajasthan,0.15,0,0.5,0.06,0.22,1.61,2.17,2.04,4.16,0,0,0
28,72.5,Bajju Tehsil,Rajasthan,0.23,0,0.51,0.05,0.39,1.28,1.84,2.26,3.49,0,0,0
28,72.75,Kolayat Tehsil,Rajasthan,0.43,0,0.77,0.06,0.76,0.47,1.31,3.2,2.03,0,0,0
28,73,Kolayat Tehsil,Rajasthan,0.55,0,0.95,0.12,0.84,0.64,1.62,3.7,1.36,0,0,0
28,73.25,Bikaner Tehsil,Rajasthan,0.51,0,0.91,0.07,0.88,0.29,1.1,3.6,1.21,0,0,0
28,73.5,Bikaner Tehsil,Rajasthan,0.59,0,1.06,0.17,0.75,1.21,2.26,3.44,1.19,0,0,0
28,73.75,Sri Dungargarh Tehsil,Rajasthan,0.24,0,0.77,0.17,1.1,0.99,2.07,0.86,1.63,0,0,0
28,74,Sri Dungargarh Tehsil,Rajasthan,0.18,0,0.73,0.17,1.14,0.95,2.2,0.84,1.69,0,0,0
28,74.25,Ratangarh Tehsil,Rajasthan,0,0,0.62,0.24,0.74,1.72,4.68,3.06,2.1,0.03,0,0
28,74.5,Ratangarh Tehsil,Rajasthan,0,0,0.74,0.16,0.84,1.9,5.28,2.9,2.15,0.06,0,0
28,74.75,Ratangarh Tehsil,Rajasthan,0.02,0,1.78,0.45,0.81,3.81,3.45,3.14,1.69,0.01,0,0
28,75,Fatehpur Tehsil,Rajasthan,0.02,0,1.21,0.54,0.56,3.19,2.86,3.12,1.97,0,0,0
28,75.25,Nawalgarh Tehsil,Rajasthan,0.01,0,0.39,0.37,0.2,1.97,2.59,2.99,3.07,0,0,0
28,75.5,Gudhagorji Tehsil,Rajasthan,0.17,0,1.27,0.45,0.34,1.85,3.89,3.09,3.44,0,0,0
28,75.75,Khetri Tehsil,Rajasthan,0.27,0.02,1.85,0.46,0.4,1.93,3.88,3.4,1.77,0,0,0
28,76,Narnaul,Haryana,0,0.22,2.48,0.2,0.82,2.44,3.89,4.11,1.9,0,0,0
28,76.25,Unknown,Rajasthan,0,0.11,2.12,0.3,0.25,0.57,2.45,5.61,2.08,0,0,0
28,76.5,Mandawar Tehsil,Rajasthan,0.12,0.08,3.17,0.53,0.53,3.74,2.25,4.62,2.07,0,0.01,0.01
28,76.75,Kotkasim Tehsil,Rajasthan,0.13,0,1.58,0.21,0.56,1.28,3.14,6.44,0.97,0,0.01,0
28,77,Nuh,Haryana,0.6,0.03,2.81,0.45,0.72,0.49,4.51,6.62,0.07,0,0.16,0
28,77.25,Hathin,Haryana,0.56,0.08,3.74,0.22,1.38,0.42,4.12,6.97,0.04,0,0.21,0
28,77.5,Hassanpur,Haryana,0.4,0.03,1.19,0.03,0.3,0.11,1.49,3.51,0,0,0.14,0
28,77.75,Khair,Uttar Pradesh,0.48,0.1,2,0.12,0.35,0.24,2.24,5.21,0.27,0,0.28,0
28,78,Gabhana,Uttar Pradesh,0.99,0.23,2.89,0.43,0.63,0.76,3.46,5.76,0.31,0,0.23,0
28,78.25,Atrauli,Uttar Pradesh,1.23,0.29,2.21,0.3,0.57,1.09,4.01,7.92,0.07,0,0.14,0
28,78.5,Atrauli,Uttar Pradesh,1.21,0.75,1.93,0.06,0.58,2.41,4.94,6.7,0.13,0,0.15,0
28,78.75,Sahaswan,Uttar Pradesh,1.09,0.64,2.09,0.24,0.47,1.78,10.23,5.36,0.16,0,0.11,0
28,79,Budaun,Uttar Pradesh,1.04,0.6,2.74,0.41,0.53,1.85,16.25,6.83,0.27,0,0.16,0
28,79.25,Budaun,Uttar Pradesh,1.22,0.93,1.8,0.35,0.29,0.59,5.03,4.92,0.01,0,0.19,0
28,79.5,Tilhar,Uttar Pradesh,0.74,0.51,1.28,0.58,0.49,0.5,5.98,2.12,0.43,0,0.2,0
28,79.75,Tilhar,Uttar Pradesh,0.57,0.39,2.19,1.08,1.31,1.47,11.68,4.67,1.58,0,0.33,0
28,80,Powayan,Uttar Pradesh,0.38,0.07,2.92,1.03,3.13,3.33,10.15,7.25,5.32,0,0.37,0
28,80.25,Mohammdi,Uttar Pradesh,0.56,0.44,2.29,0.8,2.19,2.92,9.54,7.85,3.94,0,0.25,0
28,80.5,Lakhimpur,Uttar Pradesh,1.04,1.31,1.06,0,1.3,3.33,9.29,9.69,3.91,0,0.06,0
28,80.75,Lakhimpur,Uttar Pradesh,0.6,0.54,1.14,0,1.32,2.37,6.8,7.65,1.6,0,0.08,0
28,81,Dhaurahara,Uttar Pradesh,0.33,0.44,1.29,0.02,1.64,3.95,6.02,5.99,1.03,0,0.1,0
28,81.25,Nanpara,Uttar Pradesh,1.09,0.95,1.34,0.11,2.84,9.12,7.39,5.53,2.89,0,0.11,0
28,81.5,Nanpara,Uttar Pradesh,1.06,1.03,2.05,0.1,2.63,10.37,8.53,6.72,3.48,0,0.14,0
28,81.75,Banke,Lumbini Province,1.35,1.05,2.52,0.08,2.6,11.34,9.84,7.82,4.32,0,0.13,0
28,82,Banke,Lumbini Province,1.32,1.08,2.57,0.08,2.09,11.97,9.84,8.34,4.6,0,0.16,0
28,82.25,Dang,Lumbini Province,0.97,1.13,2.43,0.33,1.53,13.45,12.42,8.11,6.19,0,0.14,0
28,88,Dinggyê County,Tibet,2.33,0.96,5.31,11.07,10.8,29.68,26.2,14.63,14.32,6.09,0.9,0.68
28,88.25,Unknown,Tibet,2.3,0.95,5.26,11.17,10.71,29.11,26.04,14.39,14.12,5.91,0.91,0.69
28,88.5,Chungthang,Sikkim,2.27,0.95,5.25,11.11,10.62,28.52,25.98,14.28,14.15,5.73,0.89,0.7
28,88.75,Chungthang,Sikkim,2.24,0.95,5.23,11.05,10.53,27.96,25.94,14.19,14.2,5.57,0.87,0.71
28,91.5,Unknown,Tibet,0.02,0.08,1.19,5.08,8.74,7.54,10.94,4.84,6.12,1.48,0.24,0.12
28,91.75,Unknown,Tibet,0.05,0.16,1.1,4.79,9.01,7.31,10.45,4.92,5.99,1.59,0.24,0.11
28,92,Unknown,Tibet,0.05,0.37,0.93,4.23,8.54,6.39,9.36,5.13,6.47,2,0.23,0.08
28,92.25,Unknown,Tibet,0.21,0.96,0.77,3.66,7.93,6.92,10.63,7.77,12.15,4.11,0.2,0.06
28,92.5,Unknown,Tibet,0.35,1.45,0.71,3.43,7.22,7.71,12.34,10.14,17.46,5.83,0.19,0.04
28,92.75,Sarli Circle,Arunachal Pradesh,0.63,1.46,0.72,3.16,6.38,7.42,13.59,10.1,17.15,5.26,1.4,0.2
28,93,Sarli Circle,Arunachal Pradesh,1.32,1.17,0.75,3.37,8.74,10.69,18.19,11.16,15.35,4.32,1.96,0.56
28,93.25,Sarli Circle,Arunachal Pradesh,1.62,0.92,0.84,3.73,9.63,11.51,19.6,11.7,14.94,3.87,2.04,0.67
28,93.5,Parsi-Parlo,Arunachal Pradesh,1.61,0.86,0.96,4.13,9.35,11.83,20.87,13.05,14.37,3.44,2.06,0.59
28,93.75,Tali ADC,Arunachal Pradesh,1.56,0.83,1,4.49,9.21,12.6,22.58,14.78,14.13,3,2.05,0.49
28,94,Chetam Peer Yapu Circle,Arunachal Pradesh,1.8,1.18,1.51,4.4,9.53,11.77,17.66,10.7,17.93,3.39,1.85,0.71
28,94.25,Dumporijo ADC,Arunachal Pradesh,2.04,1.46,2.12,4.02,10.67,14.05,14.67,9,25.03,3.32,1.22,0.79
28,94.5,Maro Circle,Arunachal Pradesh,1.83,1.42,2.02,4.1,10.93,14,15.01,8.89,23.19,3.36,1.11,0.74
28,94.75,Basar ADC,Arunachal Pradesh,1.66,1.19,1.83,5.11,13.96,22.99,29.3,14.54,22.96,4.26,1.37,0.68
28,95,Koyu EAC,Arunachal Pradesh,2.13,1.34,1.9,5.83,18.08,34.97,47.76,22.07,30.32,5.05,1.75,0.61
28,95.25,Bilat Circle,Arunachal Pradesh,1.89,1.32,1.27,5.44,19.78,40.39,40.52,19.26,23.39,5.43,2.49,0.22
28,95.5,Namsing Circle,Arunachal Pradesh,1.88,1.34,1.16,5.48,20.98,42.65,38.92,17.69,20.18,5.49,2.56,0.1
28,95.75,Roing HQ,Arunachal Pradesh,1.76,1.17,1.24,5.54,16.53,33.56,29.81,14.51,15.73,5.15,2.31,0.05
28,96,Koronu Circle,Arunachal Pradesh,2.12,0.9,1.03,5.65,12.26,17.81,16.44,8.54,10.01,4.22,1.65,0.01
28,96.25,Tezu HQ,Arunachal Pradesh,2.37,0.79,0.75,5.76,11.97,12.9,11.47,5.85,7.73,3.8,1.35,0
28,96.5,Hayuliang Circle,Arunachal Pradesh,2.38,0.72,0.72,5.86,11.96,12.69,11.19,5.77,7.65,3.79,1.35,0
28,96.75,Manchal Circle,Arunachal Pradesh,2.38,0.68,0.7,5.9,11.95,12.6,11.07,5.75,7.63,3.79,1.34,0
28,97,Walong Circle,Arunachal Pradesh,2.4,0.68,0.67,4.47,12.08,12.46,10.83,5.56,7.49,3.76,1.32,0
28,97.25,Hawai HQ,Arunachal Pradesh,2.41,0.68,0.66,4.47,12.12,12.43,10.78,5.52,7.47,3.75,1.32,0
28.25,71.75,Bahawalpur District,Punjab,0.23,0,0.4,0.04,0.43,1.49,1.57,1.85,3.27,0,0,0
28.25,72,Bahawalpur District,Punjab,0.31,0,0.37,0.02,0.61,1.39,1.1,1.73,2.5,0,0,0
28.25,72.25,Bajju Tehsil,Rajasthan,0.34,0,0.36,0.02,0.69,1.31,0.91,1.75,2.23,0,0,0
28.25,72.5,Bajju Tehsil,Rajasthan,0.48,0,0.38,0.01,1,0.9,0.33,1.9,1.25,0,0,0
28.25,72.75,Kolayat Tehsil,Rajasthan,0.5,0,0.62,0.03,0.98,0.36,0.89,2.76,1.7,0,0,0
28.25,73,Poogal Tehsil,Rajasthan,0.6,0,0.95,0.12,0.8,0.92,1.93,3.43,1.42,0,0,0
28.25,73.25,Bikaner Tehsil,Rajasthan,0.74,0,1.25,0.25,0.56,2.07,3.37,3.76,1.09,0,0,0
28.25,73.5,Bikaner Tehsil,Rajasthan,0.71,0,1.28,0.32,0.46,2.64,3.99,3.42,0.8,0,0,0
28.25,73.75,Sri Dungargarh Tehsil,Rajasthan,0.28,0,0.78,0.17,0.98,1.02,2.11,1.24,1.33,0,0,0
28.25,74,Sri Dungargarh Tehsil,Rajasthan,0.16,0,0.71,0.15,1.12,0.89,2.67,1.62,1.63,0.07,0,0
28.25,74.25,Sardarshahar Tehsil,Rajasthan,0.08,0,0.76,0.19,1.14,1.53,5.66,4.61,2.21,0.28,0,0
28.25,74.5,Sardarshahar Tehsil,Rajasthan,0.06,0,0.87,0.18,1,2.09,5.84,4.02,2.05,0.19,0,0
28.25,74.75,Churu Tehsil,Rajasthan,0.2,0,1.52,0.28,0.77,4.47,4.97,3.15,1.3,0.06,0,0
28.25,75,Churu Tehsil,Rajasthan,0.16,0,1.36,0.3,0.66,3.95,4.56,3.09,1.8,0.05,0,0
28.25,75.25,Malesar Tehsil,Rajasthan,0.05,0.02,0.71,0.13,0.44,2.21,3.24,3.51,3.48,0,0,0
28.25,75.5,Chirawa Tehsil,Rajasthan,0.01,0,0.84,0.42,0.31,1.59,3.81,1.88,6.26,0,0,0
28.25,75.75,Surajgarh Tehsil,Rajasthan,0.13,0.01,1.5,0.25,0.4,1.07,4.04,2.75,2.99,0,0,0.03
28.25,76,Buhana Tehsil,Rajasthan,0.09,0.05,2.29,0.26,0.57,0.38,4.95,4.44,0.51,0,0,0
28.25,76.25,Mahendragarh,Haryana,0.25,0.09,1.94,0.24,1.4,1.43,1.01,2.73,1.28,0,0,0
28.25,76.5,Rewari,Haryana,0.82,0.27,2.89,0.37,1.81,1.64,1.71,6.86,2.08,0,0.03,0.01
28.25,76.75,Pataudi,Haryana,0.16,0.04,1.72,0.16,0.99,1.79,3.23,10.69,1.36,0,0.03,0
28.25,77,Taoru,Haryana,0.39,0.03,1.71,0.16,1.09,0.53,5.52,10.6,0.34,0,0.06,0
28.25,77.25,Palwal,Haryana,0.9,0.03,2.91,0.39,1.24,1.38,6.87,8.65,0.52,0,0.22,0
28.25,77.5,Palwal,Haryana,0.29,0.02,0.81,0.17,0.47,0.23,1.54,2.16,0.14,0,0,0
28.25,77.75,Khurja,Uttar Pradesh,0.17,0.07,0.79,0.17,0.44,0.22,0.86,1.48,0.08,0,0,0
28.25,78,Shikarpur,Uttar Pradesh,0.62,0.52,2.02,0.25,0.66,0.5,4.25,4.94,0.28,0,0.05,0
28.25,78.25,Debai,Uttar Pradesh,0.88,0.43,1.65,0.39,1.33,1.41,6.19,10.72,0,0,0,0
28.25,78.5,Gunnaur,Uttar Pradesh,1.05,0.54,1.5,0.27,0.7,1.52,4.42,6.2,0.01,0,0.07,0
28.25,78.75,Bisauli,Uttar Pradesh,0.46,0.13,0.92,0.39,0.2,0.34,1.4,1.29,0,0,0.05,0
28.25,79,Bisauli,Uttar Pradesh,2.11,0.68,2.1,1.15,1.1,2.94,9.63,8.19,0.1,0,0.31,0
28.25,79.25,Aonla,Uttar Pradesh,1.57,0.77,2.82,1.97,1.49,2.07,7.71,6.78,0.81,0,0.09,0
28.25,79.5,Faridpur,Uttar Pradesh,0.75,0.57,1.31,0.25,0.32,0.87,2.89,1.79,0.24,0,0.02,0
28.25,79.75,Bisalpur,Uttar Pradesh,1,0.39,1.87,0.4,0.81,1.87,7.14,4.01,0.43,0,0.05,0
28.25,80,Powayan,Uttar Pradesh,1.51,0.23,2.77,0.89,2.23,3.9,13.41,8.4,2.15,0,0.17,0
28.25,80.25,Powayan,Uttar Pradesh,1.59,0.65,1.89,0.84,2.42,5.49,12.33,9.85,3.04,0,0.18,0
28.25,80.5,Gola Gokaran Nath,Uttar Pradesh,1.85,1.87,2.04,0.03,2.78,5.39,13.55,12.75,4.51,0,0.1,0
28.25,80.75,Nighasan,Uttar Pradesh,1.97,2.22,2.29,0,2.83,6.81,12.3,11.62,4.92,0,0.07,0
28.25,81,Outside India,Outside India,1.03,1.5,1.77,0.02,2.28,8.42,7.53,5.1,2.6,0,0.12,0
28.25,81.25,Nanpara,Uttar Pradesh,1.14,1.2,1.58,0.05,2.57,7.85,7.7,6.01,2.77,0,0.1,0
28.25,81.5,Bardiya,Lumbini Province,1.02,0.94,2.03,0.08,2.59,9.51,8.71,6.48,3.41,0,0.09,0
28.25,88.5,Unknown,Tibet,2.33,0.92,5.21,11.53,10.73,29.32,25.82,14.11,13.57,5.94,0.99,0.67
28.25,88.75,Unknown,Tibet,2.31,0.9,5.17,11.62,10.67,28.92,25.69,13.91,13.4,5.81,1,0.67
28.25,92.5,Unknown,Tibet,0.22,1.43,0.73,3.49,6.11,5.86,10.21,7.85,14.55,4.71,0.36,0.04
28.25,92.75,Lhuntse County,Tibet,0.92,1.33,0.74,3.53,6.65,8.76,16.18,11.11,16.34,4.57,1.88,0.37
28.25,93,Damin Circle,Arunachal Pradesh,1.49,0.95,0.77,3.67,8.73,10.02,18.36,11.08,14.6,3.78,2.17,0.67
28.25,93.25,Damin Circle,Arunachal Pradesh,1.62,0.85,0.89,4.07,8.99,9.97,18.19,10.65,14.54,3.76,2.21,0.73
28.25,93.5,Pipsorang Circle,Arunachal Pradesh,1.77,0.89,1.08,4.48,9.24,8.42,15.42,8.07,14.77,4.12,2.27,0.9
28.25,93.75,Pipsorang Circle,Arunachal Pradesh,1.99,1.01,1.4,5.6,9.08,7.27,13.61,6.35,14.81,4.37,2.33,1.01
28.25,94,Taliha ADC,Arunachal Pradesh,2.06,1.12,1.65,6.2,9.7,10.69,17.12,9.87,16.76,3.86,2.09,0.81
28.25,94.25,Taliha ADC,Arunachal Pradesh,2.63,1.53,2.34,7.18,10.33,13.23,13.77,7.75,19.91,4.98,1.68,0.94
28.25,94.5,Darak Circle,Arunachal Pradesh,2.2,1.36,2.02,7.99,10.24,14.4,16.16,8.48,17.77,5.02,1.44,0.88
28.25,94.75,Kamba ADC,Arunachal Pradesh,0.86,0.87,1.52,4.72,9.93,11.25,10.05,6.73,10.99,3.69,1.05,0.66
28.25,95,Rebo Perging Circle,Arunachal Pradesh,1.86,1.24,1.79,5.66,16.81,30.21,39.86,18.38,25.76,4.71,1.53,0.62
28.25,95.25,Katan Circle,Arunachal Pradesh,2.07,1.37,1.16,5.59,23.43,46.02,45.06,19.29,23.22,5.53,2.45,0.19
28.25,95.5,Mebo ADC,Arunachal Pradesh,2.08,1.39,1.1,5.58,23.79,47.2,44.84,18.96,22.26,5.61,2.53,0.12
28.25,95.75,Roing HQ,Arunachal Pradesh,1.97,1.27,1.07,5.5,19.65,36.19,32.71,13.78,17.96,5.45,2.66,0.3
28.25,96,Hunli SDO,Arunachal Pradesh,2.19,1.06,1.02,5.59,14.89,22.75,21.35,9.11,12.78,4.59,2,0.2
28.25,96.25,Desali Circle,Arunachal Pradesh,2.33,0.91,0.87,5.67,12.54,15.03,13.85,6.83,8.85,3.97,1.48,0.02
28.25,96.5,Metengliang Circle,Arunachal Pradesh,2.37,0.77,0.75,5.81,12.02,13.01,11.64,5.9,7.82,3.81,1.36,0
28.25,96.75,Goiliang Circle,Arunachal Pradesh,2.39,0.68,0.68,5.9,12.04,12.5,10.92,5.62,7.54,3.77,1.33,0
28.25,97,Kibithu Circle,Arunachal Pradesh,2.41,0.68,0.66,4.47,12.11,12.43,10.78,5.52,7.47,3.76,1.32,0
28.25,97.25,Kibithu Circle,Arunachal Pradesh,2.41,0.48,0.32,0,11.67,12.43,10.74,5.52,7.47,3.75,1.32,0
28.5,72,Bahawalpur District,Punjab,0.43,0,0.33,0.01,0.87,1.27,0.45,1.56,1.36,0,0,0
28.5,72.25,Khajuwala Tehsil,Rajasthan,0.49,0,0.33,0,1.02,1.1,0.26,1.47,1,0,0,0
28.5,72.5,Khajuwala Tehsil,Rajasthan,0.49,0,0.33,0,1.02,1.11,0.19,1.5,0.89,0,0,0
28.5,72.75,Poogal Tehsil,Rajasthan,0.5,0,0.32,0,1.15,0.73,0.3,1.6,1.32,0,0,0
28.5,73,Poogal Tehsil,Rajasthan,0.52,0,0.36,0.06,1.16,0.64,0.94,2.12,2.28,0,0,0
28.5,73.25,Chhatargarh Tehsil,Rajasthan,0.65,0,0.93,0.24,0.69,2.04,2.95,3.07,1.5,0,0,0
28.5,73.5,Lunkaransar Tehsil,Rajasthan,0.37,0,0.77,0.16,0.73,1.04,2.2,1.95,0.8,0,0,0
28.5,73.75,Lunkaransar Tehsil,Rajasthan,0.23,0,0.61,0.1,0.84,0.45,1.66,1.39,0.76,0.01,0,0
28.5,74,Lunkaransar Tehsil,Rajasthan,0.18,0,0.73,0.16,1.07,1,3.77,3.21,1.5,0.18,0,0
28.5,74.25,Bhanipura Tehsil,Rajasthan,0.1,0,0.82,0.19,1.26,1.53,6.22,5.48,2.16,0.38,0,0
28.5,74.5,Sardarshahar Tehsil,Rajasthan,0.11,0,0.92,0.21,1.21,1.96,6.36,5.53,2.08,0.37,0,0
28.5,74.75,Sardarshahar Tehsil,Rajasthan,0.14,0,1.5,0.26,0.83,3.28,4.98,3.34,2.09,0.1,0,0
28.5,75,Churu Tehsil,Rajasthan,0.13,0,1.45,0.21,0.7,2.41,4.96,3.47,2.83,0.06,0,0
28.5,75.25,Taranagar Tehsil,Rajasthan,0.19,0.01,1.28,0.09,0.5,1.84,4.69,4.54,3.48,0,0,0
28.5,75.5,Rajgarh Tehsil,Rajasthan,0.17,0.04,1.37,0.09,0.9,2.62,3.43,4.31,2.51,0,0,0.02
28.5,75.75,Loharu,Haryana,0.17,0.01,1.48,0.07,0.6,0.97,3.41,2.72,2.11,0,0,0.06
28.5,76,Badhra,Haryana,0.14,0.03,1.99,0.08,0.57,0.63,2.4,2.78,0.55,0,0,0
28.5,76.25,Dadri,Haryana,0.24,0.02,1.79,0.09,0.7,0.8,2.26,1.9,1.33,0,0,0.01
28.5,76.5,Matenhail,Haryana,0.18,0.05,1.34,0.23,0.66,1.97,6.01,3.68,0.88,0,0.01,0.02
28.5,76.75,Jhajjar,Haryana,0.56,0.01,1.39,0.38,0.45,2.02,7.66,6.74,0.6,0,0.06,0
28.5,77,Gurgaon,Haryana,1.5,0.09,2.78,0.51,0.45,1.95,8.3,8.79,0.86,0,0.04,0.01
28.5,77.25,South East Delhi,Unknown,0.91,0.01,2.47,0.32,1.03,1.75,4.84,5.12,0.57,0,0.07,0.02
28.5,77.5,Gautam Buddha Nagar,Uttar Pradesh,0.56,0,1.71,0.18,0.53,0.28,2.71,2.69,0.05,0,0.01,0
28.5,77.75,Sikandrabad,Uttar Pradesh,0.27,0.17,1.42,0.43,0.52,0.27,1.92,2.97,0.35,0,0,0
28.5,78,Syana,Uttar Pradesh,0.49,0.58,1.75,0.4,0.66,0.22,4.16,4.37,0.43,0,0,0
28.5,78.25,Anupshahr,Uttar Pradesh,0.98,0.66,1.51,0.68,0.53,0.71,5.27,6.22,0.11,0,0.04,0
28.5,78.5,Sambhal,Uttar Pradesh,1.37,1.08,1.23,0.78,0.3,0.8,5.3,6.47,0,0,0.04,0
28.5,78.75,Unknown,Uttar Pradesh,1.15,0.58,0.87,0.41,0.28,0.51,2.66,3.55,0.07,0,0.01,0
28.5,79,Shahabad,Uttar Pradesh,1.81,0.43,1.58,1.06,0.81,1.56,5.25,4.8,0.23,0,0.11,0
28.5,79.25,Meerganj,Uttar Pradesh,2.38,0.68,3.47,2.49,2.05,3.6,10.96,9.63,1.04,0,0.09,0
28.5,79.5,Nawabganj,Uttar Pradesh,1.85,0.7,1.48,0.53,1.55,4.87,10.72,9.05,0.49,0,0.01,0
28.5,79.75,Nawabganj,Uttar Pradesh,2.63,0.33,2.11,0.44,1.82,5.23,14.12,8.13,1.03,0,0,0
28.5,80,Puranpur,Uttar Pradesh,3.96,0.05,2.83,0.55,2.89,7.29,21.29,10.87,1.41,0,0,0
28.5,80.25,Puranpur,Uttar Pradesh,3.4,0.87,1.7,0.73,2.72,6.79,12.81,12.26,2.15,0,0.05,0
28.5,80.5,Palia,Uttar Pradesh,2.57,2.21,1.84,0.13,3.14,6.2,10.58,11.96,2.02,0,0.07,0
28.5,80.75,Palia,Uttar Pradesh,1.67,1.92,2.08,0,2.57,7.4,10.95,10.02,3.79,0,0.09,0
28.5,81,Kailali,Sudurpashchim Province,1.33,1.6,1.8,0.02,2.41,7.28,9.21,7.45,3.21,0,0.11,0
28.5,81.25,Bardiya,Lumbini Province,1.08,1.35,1.62,0.05,2.57,7.73,8.01,6.52,2.9,0,0.1,0
28.5,93,Lhuntse County,Tibet,1.62,0.82,0.77,3.9,8.99,9.2,17.15,9.75,14.38,3.83,2.27,0.79
28.5,93.25,Taksing Circle,Arunachal Pradesh,1.77,0.83,1.07,5.1,9.22,9.31,17.19,9.49,14.33,3.88,2.24,0.81
28.5,93.5,Limeking Circle,Arunachal Pradesh,2.17,1,1.47,6.77,9.47,9.26,16.58,8.96,14.62,4.32,2.38,0.86
28.5,93.75,Nacho SDO,Arunachal Pradesh,3,1.38,2.05,8.24,9.89,9.47,16.05,8.33,14.9,5.05,2.63,0.93
28.5,94,Siyum ADC,Arunachal Pradesh,4.96,2.18,3.14,12.03,10.41,12.02,16.13,7.92,16.51,7.88,3.39,1.12
28.5,94.25,Mechuka ADC,Arunachal Pradesh,5.62,2.24,3.29,12.89,10.39,18.41,18.36,8.93,16.11,12.52,4.61,1.22
28.5,94.5,Tato EAC,Arunachal Pradesh,4.51,2.02,2.8,15.13,9.45,15.76,17.28,8.09,15.01,9.63,2.99,1.19
28.5,94.75,Boleng ADC,Arunachal Pradesh,3.59,1.78,2.41,13.79,10.32,17.06,20.79,9.13,16.59,7.58,2.14,1.08
28.5,95,Riga EAC,Arunachal Pradesh,2.84,1.56,2.09,10.31,13.29,23.42,28.9,13.07,19.92,6.24,1.79,0.85
28.5,95.25,Mariyang ADC,Arunachal Pradesh,2.23,1.4,1.44,6.55,20.91,32.97,33.1,13.01,20.63,5.55,2.8,0.67
28.5,95.5,Dambuk ADC,Arunachal Pradesh,2.06,1.38,1.23,5.78,22.31,30.85,28.28,10.59,19.36,5.73,3.16,0.83
28.5,95.75,Anelih,Arunachal Pradesh,2.12,1.34,1.14,5.62,21.12,30.8,27.33,10.27,18.05,5.68,3.12,0.71
28.5,96,Kronli (Arzoo circle),Arunachal Pradesh,2.19,1.2,1.02,5.58,18.69,27.4,24.74,9.41,16.08,5.28,2.73,0.55
28.5,96.25,Desali Circle,Arunachal Pradesh,2.34,1,0.89,5.62,13.43,16.96,15.61,6.77,10.4,4.27,1.8,0.19
28.5,96.5,Lohit District,Arunachal Pradesh,2.4,0.9,0.82,5.69,12.14,13.25,11.88,5.75,8.08,3.86,1.42,0.04
28.5,96.75,Chaglagam Circle,Arunachal Pradesh,2.41,0.72,0.68,5.87,12.07,12.44,10.84,5.52,7.49,3.76,1.32,0
28.5,97,Unknown,Tibet,2.41,0.48,0.32,0,11.67,12.43,10.74,5.52,7.47,3.75,1.32,0
28.75,72.25,Bahawalpur District,Punjab,0.49,0,0.33,0.01,1.02,1.13,0.21,1.48,0.85,0,0,0
28.75,72.5,Khajuwala Tehsil,Rajasthan,0.48,0,0.32,0,0.97,1.26,0.13,1.48,0.77,0,0,0
28.75,72.75,Khajuwala Tehsil,Rajasthan,0.5,0,0.32,0.02,1.12,0.84,0.33,1.54,1.25,0,0,0
28.75,73,Rawla Mandi Tehsil,Rajasthan,0.44,0,0.1,0.01,1.26,0.21,0.29,1.86,2.81,0,0,0
28.75,73.25,Chhatargarh Tehsil,Rajasthan,0.64,0,0.64,0.16,1.06,1.16,1.83,2.27,1.63,0,0,0
28.75,73.5,Lunkaransar Tehsil,Rajasthan,0.53,0,0.86,0.16,0.78,1.28,2.29,2.32,1.18,0,0,0.01
28.75,73.75,Lunkaransar Tehsil,Rajasthan,0.42,0,0.87,0.15,0.71,1.08,2.21,1.95,0.77,0,0.01,0.01
28.75,74,Lunkaransar Tehsil,Rajasthan,0.22,0,0.72,0.11,1.06,0.7,3.58,3.32,1.41,0.17,0.02,0
28.75,74.25,Bhanipura Tehsil,Rajasthan,0.27,0,0.87,0.13,1.57,0.97,4.75,4.13,2.43,0.26,0.02,0
28.75,74.5,Bhanipura Tehsil,Rajasthan,0.2,0,1.08,0.17,1.56,1.49,4.71,3.57,2.81,0.22,0,0
28.75,74.75,Taranagar Tehsil,Rajasthan,0.13,0,1.48,0.19,1.11,2.01,4.27,2.76,2.83,0.08,0,0
28.75,75,Taranagar Tehsil,Rajasthan,0.11,0,1.51,0.16,0.88,1.62,4.55,3.22,2.94,0.07,0,0
28.75,75.25,Rajgarh Tehsil,Rajasthan,0.19,0.05,1.42,0.09,0.38,1.37,4.54,3.74,3.37,0.01,0.01,0
28.75,75.5,Rajgarh Tehsil,Rajasthan,0.22,0.17,1.72,0.03,0.39,1.36,2.64,2.16,1.79,0,0.06,0.01
28.75,75.75,Tosham,Haryana,0.16,0.1,1.36,0.05,0.81,0.79,2.15,1,0.55,0,0.08,0.04
28.75,76,Bhiwani,Haryana,0.17,0.28,1.51,0.01,1.58,0.45,3.71,1.62,0.6,0,0.02,0
28.75,76.25,Bhiwani,Haryana,0.3,0.11,2.02,0.11,0.67,1.07,2.72,2.13,0.54,0,0.02,0.02
28.75,76.5,Kalanaur,Haryana,0.17,0.13,1.59,0.18,0.6,2.06,4.99,2.91,0.42,0,0,0.01
28.75,76.75,Bahadurgarh,Haryana,1.04,0.22,2.2,0.35,0.6,0.91,6.49,10.29,0.95,0,0.04,0.04
28.75,77,North West Delhi,Unknown,0.92,0.12,2.96,0.34,0.39,1.51,6.19,9.04,1.07,0,0.03,0
28.75,77.25,North East Delhi,Unknown,0.67,0.03,1.8,0.17,0.15,1.5,3.87,5.6,0.32,0,0.05,0.05
28.75,77.5,Modinagar,Uttar Pradesh,0.72,0.14,1.47,0.16,0.41,1.64,3.81,3.1,0.02,0,0.08,0.04
28.75,77.75,Meerut,Uttar Pradesh,0.76,0.32,1.62,0.59,0.68,1.2,6.03,5.64,0.22,0,0.05,0.16
28.75,78,Garhmukteshwar,Uttar Pradesh,0.61,0.41,1.48,0.72,0.7,0.2,4.77,6.11,0.5,0,0.01,0
28.75,78.25,Hasanpur,Uttar Pradesh,0.86,0.27,1.4,0.8,0.94,0.5,5.28,5.99,0.57,0,0.02,0
28.75,78.5,Sambhal,Uttar Pradesh,1.8,0.98,2.03,0.77,0.8,2.07,7,8.49,0.26,0,0.03,0
28.75,78.75,Bilari,Uttar Pradesh,1.99,0.55,0.84,0.86,0.79,2.17,4.85,6.99,1.4,0,0,0
28.75,79,Unknown,Uttar Pradesh,1.85,0.36,0.88,0.71,0.71,2.37,4.18,4.95,0.92,0,0,0
28.75,79.25,Milak,Uttar Pradesh,3.92,1.27,2.54,2.31,1.69,8.15,12.51,7.61,2.29,0,0.01,0.03
28.75,79.5,Baheri,Uttar Pradesh,3.01,0.98,1.9,1.55,1.73,6.99,12.26,8.9,1.34,0,0.01,0.05
28.75,79.75,Pilibhit,Uttar Pradesh,3.77,0.81,1.8,1.14,1.77,9.28,18.37,12.89,3.75,0,0,0
28.75,80,Khatīma,Uttarakhand,3.88,1.04,1.41,1.31,1.43,10.37,18.39,14.3,4.98,0,0,0
28.75,80.25,Puranpur,Uttar Pradesh,3.68,1.07,1.78,0.85,2.41,7.91,15.67,12.82,3,0,0.03,0
28.75,80.5,Kanchanpur District,Sudurpashchim Province,3.16,1.74,1.74,0.56,2.59,6.96,13.12,13.29,3.51,0,0.05,0
28.75,80.75,Kailali,Sudurpashchim Province,2.05,1.97,2.03,0.18,2.82,6.89,11.02,10.67,3.24,0,0.09,0
28.75,93.25,Nang County,Tibet,0,0,0,0,0,0,0,0,0,0,0,0
28.75,93.5,Nang County,Tibet,3.48,1.53,2.38,10.22,10.07,9.79,16.45,8.64,14.63,5.27,2.71,0.93
28.75,93.75,Unknown,Tibet,5.52,2.28,3.46,12.89,10.87,12.76,17.74,8.93,15.16,8.51,3.83,1.06
28.75,94,Mechuka ADC,Arunachal Pradesh,6.69,2.55,3.8,14.33,10.92,18.11,19.98,9.57,16.51,13.49,5.49,1.27
28.75,94.25,Monigong EAC,Arunachal Pradesh,7.54,2.7,4.14,14.45,11.4,21.9,21.97,10.07,16.26,16.77,6.76,1.35
28.75,94.5,Payum Circle,Arunachal Pradesh,6.5,2.47,3.63,15.71,10.4,19.61,20.56,9.5,16.13,14.37,5.34,1.33
28.75,94.75,Migging Circle,Arunachal Pradesh,5.26,2.2,3.08,15.53,9.85,17.5,19.64,9.03,15.95,11.26,3.74,1.25
28.75,95,Yingkiong Circle,Arunachal Pradesh,4.52,1.96,2.84,12.43,10.93,15.73,17.58,7.26,15.41,7.57,3.03,1.13
28.75,95.25,Singa Circle,Arunachal Pradesh,2.64,1.52,1.71,8.7,17.96,22.24,21.69,7.22,17.83,5.95,3.38,1.06
28.75,95.5,Etalin Circle,Arunachal Pradesh,2.34,1.44,1.37,6.77,21.98,22.74,19.01,5.98,17.08,5.84,3.56,1.14
28.75,95.75,Etalin Circle,Arunachal Pradesh,2.18,1.37,1.13,5.73,23.39,26.22,21.79,7.31,17.7,5.8,3.45,1.04
28.75,96,Anini Circle,Arunachal Pradesh,2.24,1.26,0.99,5.6,20.26,25.13,21.94,7.31,17.03,5.67,3.28,0.92
28.75,96.25,Etalin Circle,Arunachal Pradesh,2.36,1.06,0.89,5.6,14.26,18.84,18.2,6.09,14.42,5.19,2.82,0.72
28.75,96.5,Etalin Circle,Arunachal Pradesh,0,0,0,0,0,0,0,0,0,0,0,0
29,72.25,Bahawalpur District,Punjab,0.52,0,0.37,0.02,1.07,1.02,0.33,1.45,0.82,0,0,0
29,72.5,Bahawalnagar District,Punjab,0.53,0,0.39,0.04,1.1,0.95,0.39,1.46,0.85,0,0,0
29,72.75,Bahawalnagar District,Punjab,0.63,0,0.51,0.05,1.34,0.49,0.76,1.22,0.69,0,0,0
29,73,Gharsana Tehsil,Rajasthan,0.73,0,0.66,0.01,1.57,0.2,0.98,0.73,0.03,0,0,0
29,73.25,Anupgarh Tehsil,Rajasthan,0.87,0,1.01,0.22,1.06,0.59,1.87,1.52,0.52,0,0,0.02
29,73.5,Chhatargarh Tehsil,Rajasthan,0.98,0,1.42,0.17,0.69,1.32,2.29,2.39,1.05,0,0.02,0.04
29,73.75,Lunkaransar Tehsil,Rajasthan,0.84,0,1.3,0.07,0.83,1.68,1.94,2.03,0.83,0,0.02,0.03
29,74,Suratgarh Tehsil,Rajasthan,0.63,0,0.98,0.04,0.94,1.01,2.34,2.1,0.95,0.01,0.06,0.01
29,74.25,Pallu Tehsil,Rajasthan,0.62,0,1,0.02,1.54,0.65,2.69,2.17,2.42,0,0.07,0
29,74.5,Nohar Tehsil,Rajasthan,0.52,0.04,1.09,0.06,2.08,0.51,2.25,0.99,3.12,0,0.04,0
29,74.75,Nohar Tehsil,Rajasthan,0.35,0.01,1.33,0.1,1.97,0.78,2.58,1.27,3.16,0.02,0.01,0
29,75,Bhadra Tehsil,Rajasthan,0.38,0.01,1.7,0.03,1.66,0.43,2.95,1.78,1.68,0.01,0,0
29,75.25,Bhadra Tehsil,Rajasthan,0.3,0.17,1.57,0.04,0.84,0.82,3.93,2,1.86,0,0.03,0
29,75.5,Bhadra Tehsil,Rajasthan,0.26,0.31,2.1,0.04,0.5,1.52,2.47,1.74,1.15,0,0.16,0.01
29,75.75,Hisar,Haryana,0.16,0.21,1.25,0.06,0.6,1.1,2.54,0.84,0.39,0,0.2,0.04
29,76,Bawani Khera,Haryana,0.22,0.15,1.24,0.05,0.67,0.89,2.15,1.42,0.19,0,0.08,0.02
29,76.25,Maham,Haryana,0.33,0.09,2.3,0.16,0.86,1.57,2.88,1.9,0.26,0,0.05,0.04
29,76.5,Lakhan Majra,Haryana,0.51,0.38,3.26,0.22,1.53,2.31,6.49,5.5,1.09,0,0.07,0
29,76.75,Gohana,Haryana,0.64,0.82,4.09,0.17,1.14,1.87,4.69,8.3,0.11,0,0.11,0.02
29,77,Sonipat,Haryana,0.74,0.33,2.63,0.1,0.87,2.46,4.03,5.49,0.03,0,0.03,0
29,77.25,Baghpat,Uttar Pradesh,1.11,0.43,2.25,0.14,0.83,2.05,4.73,4.34,0.42,0,0.01,0.02
29,77.5,Meerut,Uttar Pradesh,1.13,0.36,1.59,0.25,0.83,2.99,8.33,4.03,0.02,0,0.14,0.06
29,77.75,Meerut,Uttar Pradesh,0.9,0.59,1.58,0.79,0.66,0.69,7.28,7.85,0.05,0,0.03,0.34
29,78,Mawana,Uttar Pradesh,1.17,0.87,1.79,1.04,0.91,0.49,6.15,8.59,0.41,0,0.01,0.18
29,78.25,Dhanaura,Uttar Pradesh,1.18,0.2,1.56,0.81,1.15,0.76,6.2,7.07,0.82,0,0.03,0.02
29,78.5,Amroha,Uttar Pradesh,1.73,0.34,2.09,0.92,1.14,2.23,7.11,7.64,0.72,0,0.02,0
29,78.75,Thakurdwara,Uttar Pradesh,1.79,0.49,1.67,0.61,1.06,3.32,5.59,7.97,0.23,0,0,0
29,79,Tanda,Uttar Pradesh,2.07,0.48,1.2,0.82,1.14,4.41,5.8,5.98,0.48,0,0.01,0.06
29,79.25,Gadarpur,Uttarakhand,4,1.05,1.46,2.13,2.11,9.04,13.62,8.47,1.75,0,0.03,0.31
29,79.5,Kichha,Uttarakhand,4.73,1.9,2.12,1.91,2.74,8.65,15.88,12.16,4.09,0,0.01,0.28
29,79.75,Sitarganj,Uttarakhand,3.8,1.54,1.79,1.31,1.41,8.3,14.96,11.09,3.56,0,0,0.06
29,80,Khatīma,Uttarakhand,3.88,1.27,1.89,1.2,1.63,8.78,16.85,12.44,4.03,0,0,0.01
29,94,Unknown,Tibet,7.45,2.7,4.15,15.25,11.32,20.78,21.5,9.79,16.29,15.94,6.43,1.34
29,94.25,Unknown,Tibet,8.02,2.79,4.33,15.03,11.64,23.31,23.08,10.39,16.57,18.18,7.53,1.38
29,94.5,Tuting ADC,Arunachal Pradesh,8.08,2.8,4.36,14.93,11.7,23.56,23.23,10.57,16.61,18.34,7.65,1.38
29,94.75,Tuting ADC,Arunachal Pradesh,6.56,2.46,3.68,14.81,10.85,19.6,20.32,9.08,16.05,13.71,5.35,1.3
29,95,Tuting ADC,Arunachal Pradesh,5.72,2.27,3.31,14.04,10.74,17.33,19.1,7.07,16.41,8.96,4.13,1.19
29,95.25,Etalin Circle,Arunachal Pradesh,4.21,1.92,2.49,11.83,14.53,19.53,19.65,6.06,17.11,6.2,3.56,1.12
29,95.5,Etalin Circle,Arunachal Pradesh,2.59,1.52,1.51,8.08,20.44,22.04,19.11,5.96,17.09,5.85,3.55,1.13
29,95.75,Mipi Circle,Arunachal Pradesh,2.37,1.46,1.15,6.1,23.88,25.03,19.95,6.42,17.26,5.84,3.53,1.1
29,96,Anini Circle,Arunachal Pradesh,2.23,1.32,0.99,5.6,22.77,24.53,19.81,6.21,17.08,5.8,3.51,1.09
29,96.25,Etalin Circle,Arunachal Pradesh,2.36,1.07,0.9,5.6,14.85,18.93,18.48,5.21,16.4,5.7,3.42,1.06
29,96.5,Unknown,Tibet,0,0,0,0,0,0,0,0,0,0,0,0
29.25,72.75,Bahawalnagar District,Punjab,0.71,0,0.81,0.24,1.05,0.45,1.66,1.17,0.33,0,0,0.01
29.25,73,Bahawalnagar District,Punjab,0.79,0,0.95,0.35,1.18,0.48,1.91,1.64,0.31,0,0,0.01
29.25,73.25,Anupgarh Tehsil,Rajasthan,0.71,0,0.9,0.17,0.23,0.5,2.26,0.52,0.78,0,0,0.03
29.25,73.5,Vijayanagar Tehsil,Rajasthan,1.2,0,1.64,0.1,0.75,1.62,2.3,2.94,1.38,0,0.02,0.06
29.25,73.75,Suratgarh Tehsil,Rajasthan,0.54,0,1.11,0.09,0.55,1.55,1.88,1.44,0.58,0,0.05,0.01
29.25,74,Suratgarh Tehsil,Rajasthan,0.71,0,1.02,0.02,1.04,1.35,2.16,1.92,0.82,0,0.05,0.01
29.25,74.25,Rawatsar Tehsil,Rajasthan,0.68,0,0.96,0,1.27,0.2,3.2,3.43,1.8,0,0.1,0
29.25,74.5,Rawatsar Tehsil,Rajasthan,0.52,0.05,1.05,0.07,2.1,0.51,2.22,0.92,3.12,0,0.04,0
29.25,74.75,Nohar Tehsil,Rajasthan,0.47,0.06,1.17,0.12,2.26,0.61,1.95,0.89,3.59,0,0.06,0
29.25,75,Nohar Tehsil,Rajasthan,0.48,0.03,1.84,0.06,1.69,0.48,2.96,2.01,1.67,0,0.12,0.01
29.25,75.25,Bhadra Tehsil,Rajasthan,0.3,0.22,1.09,0.09,0.75,0.47,6.37,2.16,2.57,0,0.02,0
29.25,75.5,Adampur,Haryana,0.33,0.48,2.32,0.15,0.94,1.08,5.52,2.3,1.58,0,0.4,0
29.25,75.75,Hisar,Haryana,0.27,0.37,1.75,0.09,0.68,1.2,4.02,1.15,0.46,0,0.39,0.02
29.25,76,Hansi,Haryana,0.37,0.15,1.53,0.04,0.48,1.76,3.94,1.91,0.12,0,0.29,0.01
29.25,76.25,Jind,Haryana,0.44,0.11,1.95,0.08,0.88,2.54,3.84,2.35,0.04,0,0.48,0
29.25,76.5,Phillukhera,Haryana,0.57,0.31,2.56,0.07,0.99,3.18,5.34,3.75,0.38,0,0.45,0.01
29.25,76.75,Gohana,Haryana,0.97,0.6,2.03,0.14,0.6,1.71,3.96,3.92,0.44,0,0.18,0.07
29.25,77,Samalkha,Haryana,0.68,0.59,2.41,0.26,0.91,1.57,4.68,6.41,0.06,0,0.04,0.02
29.25,77.25,Baraut,Uttar Pradesh,1.71,0.9,2.88,0.33,1.53,0.87,5.32,4.73,1.84,0,0,0.01
29.25,77.5,Budhana,Uttar Pradesh,1.5,0.65,2.41,0.41,1.06,1.38,7.12,5.3,0.99,0,0.03,0.04
29.25,77.75,Khatauli,Uttar Pradesh,1.53,1.31,2.22,1.18,0.88,1.02,7.71,13.4,0.24,0,0.02,0.27
29.25,78,Mawana,Uttar Pradesh,2.51,2.6,2.62,1.6,1.08,1.22,6.8,22.72,0.08,0,0,0.14
29.25,78.25,Bijnor,Uttar Pradesh,2.06,1.42,2.71,1.1,1.03,0.82,8.21,18,0.41,0,0,0.18
29.25,78.5,Dhampur,Uttar Pradesh,1.81,1.28,2.08,1.37,1.06,1.37,8.61,13.57,1.28,0,0,0.1
29.25,78.75,Thakurdwara,Uttar Pradesh,2.03,1.34,1.44,2.42,1.35,2.16,7.92,10.02,1.41,0,0,0
29.25,79,Kashipur,Uttarakhand,1.66,0.97,2.32,1.18,1.13,2.82,6.09,7.48,1.25,0,0,0.05
29.25,79.25,Kaladhungi,Uttarakhand,6.03,3.66,4.24,1.15,4.53,7.92,20.27,18.83,6.82,0,0,0.24
29.25,79.5,Nainital,Uttarakhand,5.36,2.92,4.27,1.56,4.01,6.47,15.39,14.77,4.47,0,0,0.23
29.25,79.75,Dhari,Uttarakhand,3.75,2.44,3.35,1.21,2.01,3.5,8.92,6.62,1.13,0,0,0.06
29.25,80,Purnagiri,Uttarakhand,3.76,2.44,3.15,1.14,2.17,4.07,9.22,7.39,1.56,0,0,0.05
29.25,80.25,Champawat,Uttarakhand,3.98,2.07,2.97,1.36,2.75,5.96,10.46,10.15,2.71,0,0,0.04
29.25,94,Unknown,Tibet,7.85,2.78,4.31,15.74,11.51,22.36,22.53,10.12,16.5,17.36,7.12,1.37
29.25,94.25,Unknown,Tibet,7.77,2.75,4.24,15.63,11.41,22.53,22.55,9.97,16.49,17.44,7.14,1.38
29.25,94.5,Unknown,Tibet,7.6,2.7,4.15,15.54,11.28,22.2,22.26,9.86,16.44,16.94,6.92,1.37
29.25,94.75,Mêdog County,Tibet,7.07,2.58,3.9,15.47,10.94,20.5,21.03,9.05,16.33,14.62,5.96,1.32
29.25,95,Mêdog County,Tibet,6.49,2.46,3.64,15.27,10.64,17.85,19.36,6.84,16.65,9.28,4.42,1.21
29.25,95.25,Mêdog County,Tibet,5.92,2.33,3.31,14.41,11.67,17.77,19.06,5.91,16.95,6.94,3.84,1.16
29.25,95.5,Mêdog County,Tibet,3.97,1.88,2.16,10.72,17.64,20.8,19.02,5.84,17.02,5.93,3.57,1.13
29.25,95.75,Mipi Circle,Arunachal Pradesh,2.3,1.44,1.11,6.24,24.78,24.86,18.94,5.95,17.03,5.84,3.57,1.14
29.25,96,Mipi Circle,Arunachal Pradesh,2.17,1.41,1.02,5.6,25.6,25.16,18.71,5.85,16.98,5.83,3.58,1.15
29.25,96.25,Unknown,Tibet,0,0,0,0,0,0,0,0,0,0,0,0
29.25,96.5,Unknown,Tibet,0,0,0,0,0,0,0,0,0,0,0,0
29.5,73,Bahawalnagar District,Punjab,1.02,0,1.1,0.28,0.63,0.72,1.85,1.58,1.15,0,0.01,0.03
29.5,73.25,Raisinghnagar Tehsil,Rajasthan,1.24,0,1.1,0.06,0.24,0.76,1.08,0.91,2.05,0,0.03,0.05
29.5,73.5,Raisinghnagar Tehsil,Rajasthan,1.16,0,1.74,0.05,0.32,1.03,1.04,1.12,2.54,0,0.04,0.04
29.5,73.75,Padampur Tehsil,Rajasthan,0.75,0,1.25,0.05,0.79,1.82,1.58,1.19,0.8,0,0.03,0.01
29.5,74,Pilibanga Tehsil,Rajasthan,0.89,0,1.09,0,1.19,2.24,1.6,1.24,0.39,0,0.01,0.01
29.5,74.25,Hanumangarh Tehsil,Rajasthan,0.69,0.01,0.66,0.03,0.73,0.58,2.2,1.5,1.07,0.04,0.08,0.07
29.5,74.5,Tibi Tehsil,Rajasthan,0.61,0.42,1.35,0.22,1.45,0.64,2.87,1.16,1.28,0,0.1,0
29.5,74.75,Ellenabad,Haryana,0.54,0.29,1.24,0.39,1.34,1.03,2.36,3.34,3.83,0,0.24,0
29.5,75,Sirsa,Haryana,0.78,0.07,2.61,0.31,1.84,1.58,4.6,3,3.29,0,0.67,0.05
29.5,75.25,Nathusari Chopta,Haryana,0.48,0.3,1.96,0.1,0.58,0.97,2.74,3.85,2.19,0,0.1,0.01
29.5,75.5,Fatehabad,Haryana,0.5,0.41,1.73,0.14,0.73,0.71,4.71,3.06,1.42,0,0.04,0
29.5,75.75,Bhuna,Haryana,0.67,0.2,1.62,0.05,0.4,1.3,6.5,1.41,0.41,0,0.24,0
29.5,76,Narwana,Haryana,0.58,0.15,1.71,0.03,0.19,0.92,6.06,0.75,0.32,0,0.4,0
29.5,76.25,Uchana,Haryana,1.06,0.43,2.46,0.35,0.85,2.46,8.09,4.08,0.4,0,0.52,0.02
29.5,76.5,Alewa,Haryana,1.37,0.63,3.2,0.36,1.01,2.56,9.14,4.62,0.7,0,0.84,0.02
29.5,76.75,Assandh,Haryana,1.76,0.73,3.27,0.26,1.87,2.89,8.35,6.85,0.25,0,0.68,0.03
29.5,77,Gharaunda,Haryana,0.99,0.66,2.71,0.39,0.95,1.52,5.96,6.8,0.04,0,0.26,0.01
29.5,77.25,Shamli,Uttar Pradesh,1.27,0.75,2.81,0.6,1.13,1.2,5.89,6.22,1.24,0,0.03,0.02
29.5,77.5,Muzaffarnagar,Uttar Pradesh,1.92,0.75,3.93,1.16,1.38,2.89,11.49,9.08,1.71,0,0.1,0.09
29.5,77.75,Muzaffarnagar,Uttar Pradesh,2.19,1.64,3.52,1.53,1.44,2.34,8.41,15.51,1.19,0,0.06,0.12
29.5,78,Bijnor,Uttar Pradesh,2.45,2.34,2.96,1.46,1.02,1.55,7.94,20.24,0.12,0,0.01,0.15
29.5,78.25,Najibabad,Uttar Pradesh,2.11,0.99,2.33,0.91,0.6,0.89,6.21,12.29,0.12,0,0,0.16
29.5,78.5,Nagina,Uttar Pradesh,1.89,1.27,2.5,0.93,0.92,1.49,8.83,12.47,1.79,0,0,0.2
29.5,78.75,Kotdwara,Uttarakhand,1.41,1.05,1.95,1.07,0.84,2.07,6.65,8.2,1.55,0,0,0.04
29.5,79,Ramnagar,Uttarakhand,1.73,0.98,2.96,0.58,1.09,2.76,6,7.34,1.44,0,0,0.08
29.5,79.25,Nainital,Uttarakhand,4.79,2.52,5.01,1.33,3.54,6.04,12.45,12.28,1.21,0,0,0.05
29.5,79.5,Ranikhet,Uttarakhand,4.04,1.87,4.59,1.89,2.99,4.18,7.12,8.08,0.44,0,0,0.15
29.5,79.75,Lamgara Tehsil,Uttarakhand,3.93,2.49,3.55,1.38,3.13,4.46,7.95,8.81,1.38,0,0,0.1
29.5,80,Bhanoli,Uttarakhand,4.29,2.21,3.88,1.57,4.28,5.02,6.99,10.37,2.2,0,0,0.05
29.5,80.25,Pithoragarh Tehsil,Uttarakhand,4.62,2.03,3.58,2.02,3.96,11.11,18.4,17.36,3.67,0,0,0.05
29.5,94.5,Bayi District,Tibet,7.83,2.75,4.25,15.84,11.4,22.68,22.63,9.91,16.55,17.43,7.21,1.38
29.5,95.5,Mêdog County,Tibet,6.17,2.4,3.4,15.28,11.55,17.13,18.49,5.34,16.93,5.91,3.61,1.15
29.5,95.75,Mêdog County,Tibet,2.2,1.42,1.04,5.75,25.5,24.88,18.46,5.74,16.93,5.84,3.59,1.16
29.5,96,Mêdog County,Tibet,2.18,1.41,1.02,5.6,25.74,25.01,18.45,5.74,16.93,5.84,3.59,1.16
29.5,96.25,Bomê County,Tibet,0,0,0,0,0,0,0,0,0,0,0,0
29.75,73,Bahawalnagar District,Punjab,1.46,0,1.72,0.07,0.28,0.81,1.22,0.66,2,0,0.04,0.06
29.75,73.25,Bahawalnagar District,Punjab,1.72,0,1.91,0.06,0.31,0.85,1.26,0.62,1.82,0,0.06,0.08
29.75,73.5,Karanpur Tehsil,Rajasthan,1.34,0,2.49,0.04,0.39,1.12,0.99,1.13,3.12,0,0.04,0.06
29.75,73.75,Padampur Tehsil,Rajasthan,1.33,0,2.07,0.14,0.73,1.36,1.78,2.96,1.93,0,0.04,0.06
29.75,74,Sadulshahar Tehsil,Rajasthan,0.77,0,1.29,0.04,0.39,0.63,1.44,1.69,1.02,0.01,0.04,0.03
29.75,74.25,Hanumangarh Tehsil,Rajasthan,0.92,0,0.82,0.01,0.45,1.11,1.91,4.7,0.37,0.01,0.09,0.02
29.75,74.5,Dabwali,Haryana,0.83,0.41,0.72,0.03,0.6,1.09,4.04,3.73,0.94,0,0.14,0
29.75,74.75,Dabwali,Haryana,0.84,0.53,1.37,0.06,0.79,0.86,4.92,2.2,1.59,0,0.33,0.03
29.75,75,Goriwala,Haryana,0.85,0.17,2.13,0.18,1.4,1.25,4.47,2.74,2.23,0,0.57,0.04
29.75,75.25,Sardulgarh Tehsil,Punjab,0.7,0.36,1.89,0.18,1.11,0.77,4.38,2.78,1.2,0,0.19,0.01
29.75,75.5,Ratia,Haryana,0.65,0.54,1.88,0.2,1,0.72,5.15,2.86,0.34,0,0.07,0
29.75,75.75,Jakhal,Haryana,0.78,0.29,1.07,0.07,0.54,0.9,6.16,2.03,0.58,0,0.08,0
29.75,76,Moonak Tahsil,Punjab,0.62,0.13,1.65,0.07,0.63,1.69,8.16,2.69,0.56,0,0.23,0.1
29.75,76.25,Kalayat,Haryana,0.69,0.24,2.23,0.38,1.44,4,7.62,4.31,0.29,0,0.24,0.31
29.75,76.5,Kaithal,Haryana,1.88,0.32,2.97,0.66,1.31,4.58,8.58,3.88,0.22,0,0.5,0.3
29.75,76.75,Nissang,Haryana,2.15,0.42,3.84,0.68,1.74,5.36,12.29,8.35,0.45,0,0.98,0.15
29.75,77,Karnal,Haryana,2.13,0.51,3.67,0.49,1.85,4.52,12.98,11.11,0.21,0,1.14,0.14
29.75,77.25,Nakur,Uttar Pradesh,1.62,0.56,2.55,0.77,1.63,2.23,9.51,8.98,1.24,0,0.48,0.16
29.75,77.5,Rampur Maniharan,Uttar Pradesh,1.65,0.53,2.61,1.88,1.41,1.43,7.61,9.66,3.35,0,0.18,0.14
29.75,77.75,Deoband,Uttar Pradesh,2,0.89,4.83,1.19,1.82,2.32,7.53,9.79,1.39,0,0.28,0.27
29.75,78,Laksar,Uttarakhand,2.45,1.24,4.56,0.75,2.26,3.38,10.62,11.41,1.53,0,0.23,0.44
29.75,78.25,Hardwar,Uttarakhand,2.75,1.41,3.24,0.67,0.61,3.68,14.98,11.9,3.6,0,0.01,0.39
29.75,78.5,Kotdwara,Uttarakhand,2.4,2.36,3.18,0.81,1.53,3.04,8.41,7.87,1.1,0,0,0.09
29.75,78.75,Lansdowne,Uttarakhand,2.43,1.6,3.2,0.7,1,3,8.47,8.13,2.05,0,0.05,0.14
29.75,79,Dhoomakot,Uttarakhand,3.43,1.6,2.93,0.35,1.41,2.97,6.47,7.89,0.5,0,0,0.08
29.75,79.25,Bhikiasain,Uttarakhand,3.43,1.63,2.7,0.34,2.46,1.98,6.32,5.83,0.19,0,0,0.23
29.75,79.5,Dwarahat,Uttarakhand,2.93,1.59,3.18,1.16,1.91,5.19,6.84,8.43,0.68,0,0,0.1
29.75,79.75,Bageshwar,Uttarakhand,3.54,2.16,3.23,1.43,3.3,6.51,10.42,12.68,1.41,0,0,0.11
29.75,80,Gangolihat,Uttarakhand,4.13,1.45,3.42,1.94,3.71,11.43,16.09,20.76,2.65,0,0,0.1
29.75,80.25,Didihat,Uttarakhand,5.29,2.23,3.32,2.64,3.84,17.75,32.88,23.54,5.87,0,0,0.04
30,73.25,Bahawalnagar District,Punjab,1.71,0,1.91,0.07,0.35,0.91,1.29,0.91,1.86,0,0.05,0.08
30,73.5,Bahawalnagar District,Punjab,1.69,0,2.02,0.11,0.52,1.1,1.59,1.79,1.78,0,0.05,0.08
30,73.75,Ganganagar Tehsil,Rajasthan,1.4,0,1.9,0.19,0.82,1.35,2.11,3.76,1.42,0,0.05,0.08
30,74,Abohar Tahsil,Punjab,0.72,0,1.46,0.05,0.22,0.5,1.26,1.98,1.08,0,0.04,0.03
30,74.25,Abohar Tahsil,Punjab,0.77,0.04,0.98,0.02,0.28,0.82,1.88,3.72,0.57,0,0.07,0.02
30,74.5,Malout Tahsil,Punjab,0.73,0.69,0.69,0.01,0.41,0.88,5.57,3.18,1.01,0,0.16,0.02
30,74.75,Bathinda Tahsil,Punjab,1.05,0.47,1.66,0,0.47,0.87,5.26,2.52,0.85,0,0.26,0.07
30,75,Talwandi Sabo Tahsil,Punjab,1.14,0.35,2,0.01,0.55,0.75,4.7,2.56,0.84,0,0.29,0.07
30,75.25,Maur Tahsil,Punjab,0.83,0.24,1.48,0.12,0.97,0.98,4.76,2.02,0.76,0,0.28,0.01
30,75.5,Mansa Tehsil,Punjab,0.87,0.33,1.93,0.14,1.05,1.45,6.27,3.34,0.36,0,0.21,0.06
30,75.75,Sunam Tahsil,Punjab,1.07,0.23,2.16,0.21,0.68,2.04,7.99,3.61,0.5,0,0.21,0.09
30,76,Dirba Tahsil,Punjab,1.17,0.18,3.03,0.57,1.03,3.08,7.37,3.64,0.16,0,0.32,0.19
30,76.25,Guhla,Haryana,1.27,0.23,3.1,0.71,1.33,5.07,9.26,4.32,0.24,0,0.4,0.34
30,76.5,Pehowa,Haryana,1.96,0.2,2.95,0.64,1.52,5.26,9.07,3.79,0.36,0,0.53,0.43
30,76.75,Thanesar,Haryana,1.13,0,1.4,0.5,0.97,2.69,9.09,6.21,0,0,0.57,0.38
30,77,Ladwa,Haryana,3.45,0.62,3,0.93,2.92,5.05,9,10.17,0.02,0,1.14,0.69
30,77.25,Radaur,Haryana,1.33,0.38,2.06,0.28,1.29,1.72,7.2,6.62,0.28,0,0.39,0.12
30,77.5,Saharanpur,Uttar Pradesh,2.04,0.52,2.7,0.81,1.27,2.28,8.68,9.03,0.78,0,0.45,0.14
30,77.75,Saharanpur,Uttar Pradesh,2.84,1.27,5.95,1.07,2.11,2.57,10.3,11.69,1.2,0,0.47,0.54
30,78,Hardwar,Uttarakhand,3.29,1.8,5.16,0.96,2.69,3.86,15.13,14.22,2.46,0,0.48,0.81
30,78.25,Yamkeshwar,Uttarakhand,6.14,1.49,5.83,1.69,1.79,7.31,12.61,13.58,2.07,0,0.36,0.51
30,78.5,Yamkeshwar,Uttarakhand,5.45,1.9,4.98,0.91,1.45,4.23,8.07,8,0.96,0,0.12,0.14
30,78.75,Pauri,Uttarakhand,5.31,1.38,3.4,0.97,1.18,3.02,7.09,4.86,0.84,0,0.31,0.09
30,79,Thailisain,Uttarakhand,3.62,1.44,3.11,0.45,1.26,3.08,7.42,8.41,0.5,0,0.05,0.17
30,79.25,Gairsain,Uttarakhand,3.57,1.52,2.84,0.28,1.16,3.02,7.25,8.3,0.44,0,0.03,0.15
30,79.5,Garud,Uttarakhand,3.4,1.55,3.07,1.27,3.64,7.37,13.06,15.36,1.87,0,0,0.05
30,79.75,Kapkot,Uttarakhand,3.89,1.48,3.32,1.59,5.45,9.91,20.02,22.01,3.22,0,0,0.02
30,80,Kapkot,Uttarakhand,4.84,1.42,3.19,2.88,3.52,7.5,27.55,21.24,4.18,0.02,0,0.13
30,80.25,Munsiari tehsil,Uttarakhand,5.32,2.07,3.22,2.86,3.59,15.59,34.16,23.51,5.79,0.01,0,0.07
30,80.5,Dharchula Tehsil,Uttarakhand,5.33,2.15,3.26,2.78,3.68,16.78,34.09,23.71,5.89,0.01,0,0.05
30.25,73.5,Pakpattan District,Punjab,1.43,0,2.04,0.09,0.46,1.03,1.32,2.64,1.7,0,0.05,0.08
30.25,73.75,Bahawalnagar District,Punjab,0.9,0,1.84,0.08,0.39,0.68,1.07,3.38,1.44,0,0.05,0.06
30.25,74,Fazilka Tahsil,Punjab,0.72,0,1.54,0.06,0.33,0.53,1.41,2.57,1.11,0,0.05,0.06
30.25,74.25,Abohar Tahsil,Punjab,0.73,0.04,1.1,0.05,0.29,0.74,3.55,3.48,0.71,0,0.07,0.06
30.25,74.5,Malout Tahsil,Punjab,0.77,0.56,1.14,0.03,0.34,1.04,6.07,3.33,1.15,0,0.11,0.08
30.25,74.75,Bathinda Tahsil,Punjab,1.05,0.52,1.83,0,0.43,1.76,7.25,3.1,1.52,0,0.24,0.09
30.25,75,Bathinda Tahsil,Punjab,1.07,0.29,1.98,0.01,0.77,1.48,6.01,3.01,0.9,0,0.3,0.06
30.25,75.25,Rampura Phul Tahsil,Punjab,0.96,0.24,2.23,0.06,1.27,1.12,6.82,2.83,0.62,0,0.28,0.05
30.25,75.5,Tapa Tahsil,Punjab,1.04,0.24,2.54,0.1,1.36,1.49,8.11,3.31,0.26,0,0.28,0.06
30.25,75.75,Sangrur Tahsil,Punjab,1.35,0.19,2.54,0.24,0.83,2.37,9.25,3.69,0.53,0,0.24,0.1
30.25,76,Bhawanigarh Tahsil,Punjab,1.5,0.14,2.97,0.57,1.91,1.86,6.32,3.38,0.16,0,0.44,0.16
30.25,76.25,Patiala Tahsil,Punjab,1.45,0.06,3.81,1.89,2.22,3.22,9.36,4.92,0.02,0,0.53,0.37
30.25,76.5,Patiala Tahsil,Punjab,1.77,0.02,2.9,1.53,1.64,4.1,8.02,8.1,0.14,0,0.43,0.4
30.25,76.75,Ambala,Haryana,1.41,0.1,2.25,0.97,1.1,2.74,6.78,8.93,0.28,0,0.48,0.42
30.25,77,Barara,Haryana,1.62,0.18,2.94,0.91,1.35,3.1,5.65,9.83,0.26,0,0.75,0.42
30.25,77.25,Saraswati Nagar,Haryana,3.48,0.75,3.76,0.83,1.39,1.22,10.37,10.25,0.8,0,0.8,0.87
30.25,77.5,Chhachhrauli,Haryana,3.19,0.46,3.47,0.58,1.21,1.63,8.09,15.67,2.04,0,0.76,0.59
30.25,77.75,Behat,Uttar Pradesh,3.89,2.71,4.95,2.63,1.25,5.32,17.01,18.44,4.62,0,0.55,0.5
30.25,78,Dehradun,Uttarakhand,3.76,3.39,4.31,1.89,1.13,4.24,15.87,12.69,3.07,0,0.48,0.53
30.25,78.25,Unknown,Uttarakhand,5.98,1.43,5.36,2.62,1.4,8.4,8.55,11.82,0.53,0,0.41,0.31
30.25,78.5,Narendra Nagar,Uttarakhand,6.85,1.31,4.19,0.9,1.05,3.94,7.4,5.33,0.69,0,0.2,0.12
30.25,78.75,Devprayag,Uttarakhand,3.83,1.68,3.76,1.84,2.65,3.92,5.69,6.48,0.69,0,0.26,0.1
30.25,79,Rudraprayag,Uttarakhand,4.53,0.47,3.35,1.27,1.7,3.44,10.74,12.62,1.09,0,0.15,0.38
30.25,79.25,Karnaprayag,Uttarakhand,4.56,0.28,2.88,0.89,1.86,2.92,12.64,16.83,1.59,0.01,0.15,0.3
30.25,79.5,Chamoli Tehsil,Uttarakhand,4.75,0.59,2.8,1.02,3.32,4.91,14.31,18.33,2.38,0.03,0.33,0.13
30.25,79.75,Tharali,Uttarakhand,4.36,1.37,3.12,2.14,3.74,6.9,20.54,18.34,3.19,0.02,0.08,0.1
30.25,80,Kapkot,Uttarakhand,4.89,1.47,3.18,2.9,3.57,7.61,28.36,21.27,4.32,0.02,0,0.13
30.25,80.25,Munsiari tehsil,Uttarakhand,5.03,1.66,3.19,2.89,3.51,10.59,30.27,22.23,4.8,0.02,0,0.11
30.25,80.5,Dharchula Tehsil,Uttarakhand,5.17,1.91,3.25,2.82,3.56,13.69,31.52,22.7,5.28,0.01,0,0.08
30.25,80.75,Dharchula Tehsil,Uttarakhand,5.26,2.02,3.24,2.82,3.59,15.14,33.12,23.31,5.61,0.01,0,0.07
30.25,81,Dharchula Tehsil,Uttarakhand,5.4,2.17,3.21,2.86,3.61,17.09,35.72,24.17,6.1,0.01,0,0.06
30.5,73.75,Okara District,Punjab,0.83,0,1.76,0.07,0.39,0.61,1.34,3.42,1.49,0,0.05,0.06
30.5,74,Fazilka Tahsil,Punjab,0.99,0.02,1.74,0.06,0.41,0.55,3.02,3.52,1.54,0,0.05,0.08
30.5,74.25,Jalalabad Tahsil,Punjab,0.98,0.18,1.65,0.09,0.36,0.63,5.1,3.02,1.78,0,0.09,0.09
30.5,74.5,Muktsar Tahsil,Punjab,1.3,0.49,1.85,0.17,0.73,0.8,8.74,2.96,2.88,0,0.13,0.13
30.5,74.75,Kotkapura Tahsil,Punjab,1.28,0.33,1.9,0.14,0.72,1.32,8.48,3.76,2.92,0,0.22,0.11
30.5,75,Bagha Purana Tahsil,Punjab,1.43,0.12,1.96,0.11,0.64,1.83,6.23,3.2,1.37,0,0.54,0.05
30.5,75.25,Rampura Phul Tahsil,Punjab,1.03,0.14,2.56,0.26,1.35,0.81,7.51,2.64,0.53,0,0.55,0.04
30.5,75.5,Barnala Tahsil,Punjab,0.81,0.17,2.73,0.25,1.38,0.93,7.57,3.31,0.26,0,0.43,0.09
30.5,75.75,Dhuri Tahsil,Punjab,1.13,0.15,1.22,0.37,1.19,1.52,7.26,3.31,0.17,0,0.2,0.14
30.5,76,Malerkotla Tahsil,Punjab,1.52,0.05,2.59,0.54,1.99,2.96,5.91,3.43,0.1,0,0.44,0.22
30.5,76.25,Nabha Tahsil,Punjab,1.61,0.1,4.39,1.23,1.53,4.01,7.68,4.44,0.2,0,0.45,0.37
30.5,76.5,Rajpura Tahsil,Punjab,1.78,0.06,2.82,1.18,1.33,4.76,5.53,7.7,0.24,0,0.41,0.27
30.5,76.75,Rajpura Tahsil,Punjab,1.05,0.3,1.96,0.44,0.72,1.64,3.74,6.33,0.63,0,0.18,0.18
30.5,77,Raipur Rani,Haryana,2.51,0.24,3.77,1.07,4.13,2.51,7.38,13.25,1.35,0,0.52,0.35
30.5,77.25,Nahan,Himachal Pradesh,3.63,0.84,5.37,1.43,1.94,3.48,7.41,16.42,2.44,0,1.33,0.79
30.5,77.5,Paonta Sahib,Himachal Pradesh,3.67,0.64,3.67,0.78,0.83,2.33,6.94,20.03,1.84,0,1.01,0.59
30.5,77.75,Paonta Sahib,Himachal Pradesh,3.37,1.7,5.64,3.26,1.36,3.74,10.74,14.69,2.26,0,0.73,0.51
30.5,78,Dhanaulti,Uttarakhand,3.71,2.38,5.77,2.98,1.19,4.64,11.37,19.11,1.88,0,0.95,0.6
30.5,78.25,Dhanaulti,Uttarakhand,4.41,0.9,5.04,2.15,1.45,3.33,5.56,8.34,0.64,0,0.53,0.46
30.5,78.5,Pratapnagar,Uttarakhand,3.89,0.87,3.97,1.6,1.11,1.96,4.51,5.28,0.32,0,0.34,0.14
30.5,78.75,Ghansali,Uttarakhand,4.46,1.06,5.13,1.97,4.62,4.74,12.55,18.26,2.58,0,0.63,0.13
30.5,79,Jakholi,Uttarakhand,4.69,0.66,4.91,1.75,4.67,5.02,14.53,21.72,3.06,0,0.55,0.28
30.5,79.25,Chamoli Tehsil,Uttarakhand,4.92,0.23,2.66,0.87,2.14,2.51,11.96,16.94,1.93,0.03,0.35,0.21
30.5,79.5,Joshimath Tehsil,Uttarakhand,5.87,0.21,2.83,0.98,2.21,2.25,8.04,11.1,1.98,0.07,0.79,0.23
30.5,79.75,Joshimath Tehsil,Uttarakhand,5.34,0.64,2.88,1.65,2.82,3.84,15.51,15.98,2.77,0.05,0.48,0.16
30.5,80,Joshimath Tehsil,Uttarakhand,5.13,1.11,3.1,2.41,3.37,6.07,21.83,18.33,3.57,0.04,0.25,0.14
30.5,80.25,Munsiari tehsil,Uttarakhand,4.97,1.65,3.2,2.81,3.63,10.88,29.82,22.41,4.75,0.02,0,0.1
30.5,80.5,Unknown,Tibet,5.11,1.78,3.2,2.87,3.54,12.34,31.62,22.81,5.12,0.01,0,0.09
30.5,80.75,Purang County,Tibet,5.27,1.96,3.2,2.92,3.49,14.13,33.55,23.17,5.57,0.01,0,0.08
30.75,74,Okara District,Punjab,1.28,0.05,2.07,0.24,0.34,0.51,3.84,3.16,1.78,0,0.09,0.11
30.75,74.25,Kasur District,Punjab,1.4,0.16,2.29,0.29,0.54,0.59,6.13,3.58,2.9,0,0.15,0.11
30.75,74.5,Faridkot Tahsil,Punjab,1.42,0.1,2.28,0.33,0.6,0.6,5.95,3.67,2.86,0,0.18,0.11
30.75,74.75,Faridkot Tahsil,Punjab,1.34,0,2.29,0.2,0.65,0.94,6.29,4.54,1.79,0,0.32,0.05
30.75,75,Bagha Purana Tahsil,Punjab,1.55,0,1.89,0.2,0.51,1.81,4.36,1.6,1.2,0,0.78,0.01
30.75,75.25,Moga Tahsil,Punjab,1.27,0.08,2.05,0.71,0.72,0.73,4.55,1.24,0.8,0,0.76,0.01
30.75,75.5,Jagraon Tahsil,Punjab,0.96,0,3.13,0.51,1.39,0.36,12,5.21,0.96,0,1.08,0.03
30.75,75.75,Ludhiana (East) Tahsil,Punjab,0.85,0,2.53,0.48,1.02,1.65,6.43,4.8,0.6,0,0.53,0.22
30.75,76,Payal Tahsil,Punjab,1.17,0.05,2.57,0.62,0.38,4.28,4.98,2.64,0.13,0,0.41,0.18
30.75,76.25,Khanna Tahsil,Punjab,1.33,0.28,2.84,0.91,0.48,2.42,5.95,6.23,0.55,0,0.31,0.32
30.75,76.5,Morinda Tahsil,Punjab,1.48,0.12,2.09,0.84,0.61,4.84,5.77,6.37,0.61,0,0.49,0.32
30.75,76.75,Chandigarh,Chandigarh,1.7,0.2,2.71,0.97,1.4,3.47,7.2,10.48,0.67,0,0.97,0.29
30.75,77,Kalka,Haryana,4.32,0.97,5.72,1.22,1.33,3.84,9.02,7.65,1.16,0,0.85,0.77
30.75,77.25,Pachhad,Himachal Pradesh,4.63,1.33,7.17,1.7,1.38,3.44,7.24,8.05,0.7,0,1.5,0.7
30.75,77.5,Renuka,Himachal Pradesh,4.29,1.16,6.3,1.73,1.28,2.57,6.24,7.85,0.84,0,1.67,0.64
30.75,77.75,Tyuni,Uttarakhand,3.51,0.84,5.29,2.71,1.69,1.91,4.97,6.6,0.93,0,1.24,0.61
30.75,78,Chakrata,Uttarakhand,3.57,0.91,5.42,2.99,2.05,2.86,6.82,8.95,1.33,0,0.97,0.62
30.75,78.25,Dunda,Uttarakhand,4.79,0.8,5.57,2.8,2.78,4.09,10.84,13.27,2.9,0,1.02,0.55
30.75,78.5,Bhatwari,Uttarakhand,3.77,0.89,3.91,1.83,2.36,1.34,6.37,8.87,1.38,0,0.88,0.52
30.75,78.75,Bhatwari,Uttarakhand,4.37,0.56,3.99,1.7,4.28,1.88,7.51,15.48,1.91,0,0.8,0.45
30.75,79,Ghansali,Uttarakhand,4.66,0.48,4.06,1.55,3.9,3.61,11.35,18.14,2.35,0,0.48,0.39
30.75,79.25,Bhatwari,Uttarakhand,5.36,0.28,3.12,1.13,2.49,2.9,10.24,14.49,2.12,0.04,0.56,0.26
30.75,79.5,Joshimath Tehsil,Uttarakhand,5.62,0.25,3.08,1.1,2.44,2.58,9.22,13.02,2.1,0.05,0.7,0.23
30.75,79.75,Joshimath Tehsil,Uttarakhand,5.41,0.34,2.8,1.25,2.17,2.81,11.51,13.9,2.18,0.04,0.49,0.26
30.75,80,Joshimath Tehsil,Uttarakhand,5.27,0.88,2.98,2.12,2.97,4.4,19.48,17.11,3.24,0.04,0.35,0.16
30.75,80.25,Unknown,Tibet,5.37,1.27,3.09,2.65,3.01,7.37,24.95,18.62,4.11,0.04,0.23,0.15
31,74.25,Kasur District,Punjab,1.42,0.07,2.35,0.34,0.53,0.6,5.59,3.62,2.48,0,0.22,0.1
31,74.5,Kasur District,Punjab,1.51,0,2.49,0.42,0.5,0.52,4.17,3.27,2.29,0,0.21,0.12
31,74.75,Firozpur Tahsil,Punjab,1.32,0,2.51,0.21,0.44,0.74,4.24,3.34,0.89,0,0.37,0.09
31,75,Zira Tahsil,Punjab,2.15,0.08,3.59,0.55,0.47,2.12,5.44,7.51,0.61,0,0.7,0.6
31,75.25,Dharamkot Tahsil,Punjab,3.01,0.19,5.31,1.18,0.52,2.75,7.75,10.35,1.03,0,0.78,1.21
31,75.5,Nakodar Tahsil,Punjab,1.07,0.02,3.4,0.96,0.61,2.28,4.5,3.16,1.03,0,0.65,0.42
31,75.75,Ludhiana (West) Tahsil,Punjab,0.76,0,2.76,0.51,0.93,2.14,4.48,4.39,0.43,0,0.6,0.39
31,76,Ludhiana (East) Tahsil,Punjab,1.22,0.03,3.07,0.75,0.58,2.86,4.18,4.22,0.07,0,0.6,0.5
31,76.25,Samrala Tahsil,Punjab,1.43,0.06,4,0.7,0.48,3.53,5,5.18,0.21,0,0.73,0.44
31,76.5,Balachaur Tahsil,Punjab,1.91,0.21,3.74,0.96,0.92,3.76,7.79,8.79,0.42,0,0.62,0.65
31,76.75,Baddi,Himachal Pradesh,4.08,1.06,5.66,1.4,0.68,3.32,10.9,12.21,0.82,0,1.09,0.54
31,77,Solan,Himachal Pradesh,5.24,1.23,6.18,2.03,1.24,5.15,9.53,8.36,0.51,0,2.25,0.93
31,77.25,Junga,Himachal Pradesh,4.12,0.56,4.45,2.2,1.35,4.1,5.15,4.91,0.78,0,1.8,0.48
31,77.5,Chaupal,Himachal Pradesh,4.48,0.5,5.41,2.91,1.22,1.55,3.81,5.69,0.84,0,2.02,0.45
31,77.75,Nerua,Himachal Pradesh,3.86,0.68,5.01,1.79,1.32,1.2,4.16,5.58,0.85,0,2.07,0.58
31,78,Mori,Uttarakhand,3.75,0.63,5.02,1.97,1.53,1.8,4.58,6.27,0.85,0,1.86,0.62
31,78.25,Puraula,Uttarakhand,4.15,0.8,4.51,2.2,2.72,2.35,7.57,10.72,1.85,0,0.96,0.56
31,78.5,Rajgarhi,Uttarakhand,4.31,0.67,4.14,1.92,3.23,1.91,6.87,11.98,1.69,0,0.84,0.5
31,78.75,Bhatwari,Uttarakhand,4.37,0.63,4.18,1.81,4.22,2.14,7.88,14.91,1.99,0,0.84,0.47
31,79,Bhatwari,Uttarakhand,4.82,0.46,3.97,1.55,4.11,2.82,9.01,16.05,2.17,0.01,0.69,0.41
31,79.25,Bhatwari,Uttarakhand,5.19,0.33,3.35,1.22,2.74,3.21,11.13,15.92,2.25,0.03,0.52,0.27
31,79.5,Joshimath Tehsil,Uttarakhand,5.37,0.28,3.13,1.13,2.53,2.86,10.26,14.56,2.14,0.04,0.58,0.25
31,79.75,Joshimath Tehsil,Uttarakhand,5.48,0.29,2.87,1.23,2.19,2.69,10.52,13.3,2.09,0.04,0.53,0.26
31,80,Unknown,Tibet,5.6,0.58,2.92,1.79,2.44,3.2,14.67,14.12,2.72,0.05,0.54,0.21
31.25,74.5,Kasur District,Punjab,1.72,0.04,2.8,0.64,0.57,0.68,4.57,3.81,1.57,0,0.42,0.24
31.25,74.75,Patti Tahsil,Punjab,1.68,0.05,3.18,0.69,0.69,0.71,4.85,3.95,0.78,0,0.59,0.24
31.25,75,Tarn Taran Tahsil,Punjab,2.67,0.08,4.69,1.2,0.71,3.04,7.13,11.15,1.11,0,0.76,0.85
31.25,75.25,Sultanpur Lodhi Tahsil,Punjab,2.84,0.15,4.9,1.37,0.61,3.92,7.34,10.89,1.91,0,0.83,1.1
31.25,75.5,Jalandhar II Tahsil,Punjab,1.63,0.03,4.61,1.21,0.52,3.92,5.14,3.52,1.18,0,0.37,0.24
31.25,75.75,Phagwara Tahsil,Punjab,1.11,0.01,3.72,1.14,0.4,2.46,3.8,3.59,0.51,0,0.2,0.2
31.25,76,Garhshankar Tahsil,Punjab,0.98,0,1.88,0.21,0.2,1.48,1.84,1.88,0.07,0,0.21,0.32
31.25,76.25,Garhshankar Tahsil,Punjab,2.76,0.4,6.85,1.15,0.21,3.36,10.12,14.27,2.74,0,0.9,1.04
31.25,76.5,Anandpur Sahib Tahsil,Punjab,3.86,0.51,7.89,1.65,0.32,2.72,11.48,14.26,2.9,0,1.01,0.96
31.25,76.75,Naina Devi,Himachal Pradesh,4.01,1.02,4.52,1.12,0.69,5.85,11.06,12.11,0.61,0,1.1,0.77
31.25,77,Darlaghat,Himachal Pradesh,3.91,1.15,4.5,3.22,1.37,3.31,6.13,6.24,1.48,0,2.2,0.57
31.25,77.25,Seoni,Himachal Pradesh,3.83,0.6,3.62,2.36,3.22,2.9,3.51,4.49,1.17,0,1.99,0.56
31.25,77.5,Nankhari,Himachal Pradesh,5.47,0.32,4.76,2.67,1.91,1.87,4.47,6.19,1.18,0,1.94,0.62
31.25,77.75,Rohru,Himachal Pradesh,3.89,0.33,4.74,1.44,1.72,1.56,5.75,5.89,0.72,0,2.59,0.53
31.25,78,Chirgaon,Himachal Pradesh,4.46,0.49,4.4,1.72,1.06,1.02,2.92,2.61,0.22,0,2.4,0.36
31.25,78.25,Dodra Kwar,Himachal Pradesh,4.61,0.52,3.7,1.73,0.96,1.33,3.12,3.17,0.66,0,1.43,0.29
31.25,78.5,Sangla,Himachal Pradesh,3.92,0.4,3,1.29,2.1,0.83,2.98,6.31,0.72,0,0.99,0.33
31.25,78.75,Sangla,Himachal Pradesh,3.86,0.49,3.19,1.29,2.31,0.82,3.57,7.49,0.89,0,0.68,0.36
31.25,79,Bhatwari,Uttarakhand,4.46,0.4,3.73,1.5,3.59,2.82,8.72,15.03,1.94,0,0.55,0.42
31.25,79.25,Unknown,Tibet,5.24,0.38,3.64,1.38,3.37,2.78,8.64,14.03,2.14,0.03,0.71,0.36
31.25,79.5,Unknown,Tibet,5.42,0.29,3.14,1.16,2.52,2.87,10.04,14.22,2.15,0.04,0.6,0.26
31.5,74.5,Lahore District,Punjab,1.85,0.08,3.02,0.84,0.54,0.95,5.47,4.52,1.03,0,0.56,0.35
31.5,74.75,Tarn Taran Tahsil,Punjab,1.85,0.11,3.36,0.82,0.76,0.82,5.29,4.3,0.91,0,0.66,0.29
31.5,75,Khadur Sahib Tahsil,Punjab,1.76,0.04,3.28,0.88,0.75,1.59,5.34,4.78,1.19,0,0.67,0.29
31.5,75.25,Khadur Sahib Tahsil,Punjab,1.82,0,3.57,0.97,0.69,5.23,5.41,4.29,2.84,0,0.81,0.31
31.5,75.5,Bhulath Tahsil,Punjab,1.45,0.01,3.69,0.42,0.7,3.46,5.21,3.62,1.08,0,0.5,0.3
31.5,75.75,Hoshiarpur Tahsil,Punjab,1.29,0.07,2.66,0.54,0.69,2.76,3.5,5.7,0.81,0,0.53,0.72
31.5,76,Hoshiarpur Tahsil,Punjab,1.85,0.02,4.33,0.72,0.82,3.57,8.13,10.67,0.89,0,0.71,0.78
31.5,76.25,Una,Himachal Pradesh,2.74,0.35,6.31,0.88,0.47,4.5,10.61,12.72,1.55,0,1,1.47
31.5,76.5,Barsar,Himachal Pradesh,3.77,0.47,5.63,1.29,0.72,3.75,11.37,15.86,4.36,0,0.63,1.11
31.5,76.75,Ghumarwin,Himachal Pradesh,3.32,0.67,4.68,1.46,0.57,4.89,8.77,9.75,1.72,0,0.99,1.09
31.5,77,Chachyot,Himachal Pradesh,3.51,0.36,4.82,3.16,1.42,4.54,4.44,6.11,0.94,0,1.16,0.53
31.5,77.25,Thunag,Himachal Pradesh,6.6,0.26,7.03,3.62,2.1,3.95,6.4,8.55,0.87,0,2.17,0.58
31.5,77.5,Ani,Himachal Pradesh,4.94,0.06,4.7,2.2,1.58,1.98,5.79,6.25,0.98,0,1.61,0.56
31.5,77.75,Rampur,Himachal Pradesh,3.77,0.18,4.6,2.14,1.37,2.54,5.72,6.03,0.38,0,1.61,0.55
31.5,78,Nichar,Himachal Pradesh,4.97,0.5,4.07,1.84,0.7,0.76,1.62,1.15,0.14,0,1.99,0.32
31.5,78.25,Kalpa,Himachal Pradesh,4.77,0.43,3.51,1.64,0.37,0.46,0.94,0.37,0.04,0,1.23,0.21
31.5,78.5,Moorang,Himachal Pradesh,3.35,0.2,2.23,0.9,0.35,0.35,0.79,0.6,0.06,0,0.94,0.18
31.5,78.75,Unknown,Tibet,3.32,0.22,2.27,0.9,0.63,0.42,1.13,1.52,0.17,0,0.92,0.2
31.5,79,Unknown,Tibet,3.45,0.24,2.49,1.03,1.34,0.53,1.94,3.93,0.44,0,0.73,0.25
31.75,74.5,Sheikhupura District,Punjab,1.78,0.09,2.78,0.84,0.47,1.31,5.3,5.18,0.94,0,0.64,0.41
31.75,74.75,Ajnala Tahsil,Punjab,1.89,0.11,2.68,0.99,0.37,1.37,5.81,5.38,0.96,0,0.6,0.48
31.75,75,Majitha Tahsil,Punjab,1.23,0.04,2.1,0.46,0.19,2.01,2.5,5.53,0.82,0,0.86,0.35
31.75,75.25,Batala Tahsil,Punjab,1.31,0.04,2.23,0.55,0.2,2.49,2.22,5.36,0.85,0,0.73,0.42
31.75,75.5,Batala Tahsil,Punjab,1.77,0.01,2.33,0.59,0.2,1.91,2.12,3.41,1.65,0,0.16,0.51
31.75,75.75,Dasua Tahsil,Punjab,2.24,0.46,3.82,1.08,0.94,3.31,5.78,8.47,1.03,0,0.78,0.65
31.75,76,Amb,Himachal Pradesh,1.01,0.04,3.29,1.1,0.82,1.65,2.14,4.84,0.17,0,0.23,0.12
31.75,76.25,Rakkar,Himachal Pradesh,4.01,0.29,6.86,0.87,1.09,4.89,9.13,12.52,1.73,0,0.75,0.93
31.75,76.5,Tira Sujanpur,Himachal Pradesh,3.78,0.31,4.77,1.23,0.48,3,7.9,10.85,4.99,0,0.65,0.5
31.75,76.75,Sarkaghat,Himachal Pradesh,3.2,0.22,3.05,2.21,2.09,5.99,7.28,14.55,1.93,0,0.96,0.75
31.75,77,Mandi,Himachal Pradesh,4.31,0.02,3.67,3.05,1.12,2.92,4.3,7.21,0.79,0,1.88,0.55
31.75,77.25,Sainj,Himachal Pradesh,6.73,0.16,7.1,3.85,1.65,3.91,6.73,9.15,0.79,0,2.28,0.58
31.75,77.5,Sainj,Himachal Pradesh,5.04,0.17,5.5,2.71,1.66,3,6.11,7.26,0.84,0,2.02,0.59
31.75,77.75,Nichar,Himachal Pradesh,4.68,0.24,4.76,2.29,1.2,2.28,4.77,5.41,0.59,0,1.71,0.55
31.75,78,Nichar,Himachal Pradesh,4.09,0.29,3.13,1.4,0.41,0.62,1.23,1.13,0.16,0,1.54,0.36
31.75,78.25,Moorang,Himachal Pradesh,2.73,0.07,1.69,0.63,0.14,0.27,0.55,0.2,0.01,0,0.68,0.16
31.75,78.5,Poo district,Himachal Pradesh,2.41,0.02,1.36,0.41,0.06,0.14,0.34,0.1,0,0,0.55,0.14
31.75,78.75,Unknown,Tibet,2.91,0.1,1.82,0.69,0.28,0.28,0.67,0.53,0.05,0,0.8,0.17
32,74.5,Sheikhupura District,Punjab,1.86,0.16,3.24,0.89,0.58,1.45,5.14,5.63,1.06,0,0.72,0.47
32,74.75,Narowal District,Punjab,1.75,0.12,2.92,0.75,0.48,1.61,4.53,5.31,0.82,0,0.73,0.39
32,75,Dera Baba Nanak Tahsil,Punjab,1.71,0.12,2.56,0.61,0.26,2.88,3.27,5.89,0.67,0,0.87,0.42
32,75.25,Kalanaur Tahsil,Punjab,2.39,0.31,3.62,0.73,0.37,3.45,3.27,5.38,0.51,0,0.95,0.49
32,75.5,Gurdaspur Tahsil,Punjab,1.71,0.2,2.67,1.33,0.42,4.53,3.26,4.66,0.72,0,0.7,0.65
32,75.75,Mukerian Tahsil,Punjab,2.71,1.57,4.43,1.92,0.95,5.31,6.13,8.17,1.57,0,1.08,0.88
32,76,Dehra,Himachal Pradesh,2.97,0.22,6.31,1.34,2.01,2.83,7.99,16.73,1.98,0,0.87,1.4
32,76.25,Kangra,Himachal Pradesh,4.14,0.16,6.68,2,2.18,4.54,10.73,16.64,2.78,0,1.03,1.44
32,76.5,Palampur,Himachal Pradesh,4.85,0.19,8.71,3.01,1.8,4.83,11.65,20.83,2.89,0,0.66,1.19
32,76.75,Jogindarnagar,Himachal Pradesh,3.89,0.14,5.78,2.85,1.45,4.36,8.78,18.11,2.04,0,1.42,0.96
32,77,Kullu,Himachal Pradesh,4.58,0.03,4.89,3.1,1.07,2.73,5.11,7.45,0.68,0.01,2.4,0.79
32,77.25,Bhuntar,Himachal Pradesh,5.35,0.05,5.94,3.32,1.14,2.77,6.11,7.83,0.72,0.01,2.67,0.91
32,77.5,Bhuntar,Himachal Pradesh,5.22,0.1,5.48,3.04,1.36,2.96,5.78,7.37,0.63,0,2,0.63
32,77.75,Bhuntar,Himachal Pradesh,5.09,0.26,5,2.41,1.24,2.26,4.74,5.47,0.61,0,1.77,0.53
32,78,Spiti,Himachal Pradesh,3.65,0.2,2.86,1.25,0.42,0.72,1.38,1.08,0.09,0,1.12,0.27
32,78.25,Spiti,Himachal Pradesh,2.95,0.11,1.93,0.77,0.22,0.36,0.72,0.41,0.03,0,0.85,0.19
32,78.5,Hangrang,Himachal Pradesh,2.74,0.08,1.68,0.62,0.14,0.24,0.51,0.22,0.02,0,0.72,0.16
32,78.75,Hangrang,Himachal Pradesh,2.8,0.08,1.7,0.62,0.16,0.24,0.53,0.22,0.01,0,0.71,0.16
32.25,74.75,Sialkot District,Punjab,2.6,0.46,5.08,1.21,0.91,2.94,6.07,13.1,2.01,0,1.02,1.09
32.25,75,Narowal District,Punjab,2.53,0.29,4.57,0.93,0.71,3.87,7.47,10.32,0.93,0,0.9,0.79
32.25,75.25,Narowal District,Punjab,3.28,0.35,5.78,1.19,0.95,4.2,9.87,13.19,1.17,0,0.85,1.03
32.25,75.5,Pathankot Tahsil,Punjab,4.14,0.17,4.71,0.8,1.09,2.81,6.31,13.28,1.58,0,0.96,0.78
32.25,75.75,Nurpur,Himachal Pradesh,3.55,0.37,6.13,2.27,0.55,4.82,10.19,9.05,2.7,0,0.77,1.99
32.25,76,Jawali,Himachal Pradesh,4.6,0.14,7.51,2.25,1.53,3.88,9.05,17.2,2.83,0,1.58,1.41
32.25,76.25,Dharamshala,Himachal Pradesh,6.04,0.37,12.75,2.23,1.7,7.4,22.61,32.42,4.37,0,1.04,0.92
32.25,76.5,Holi,Himachal Pradesh,5.28,0.27,7.76,2.67,3.27,7.12,12.65,17.37,3.17,0,1.14,1.39
32.25,76.75,Holi,Himachal Pradesh,4.55,0.26,5.95,2.41,1.28,2.81,7.09,9.07,1.11,0.02,2.62,1.47
32.25,77,Multhan,Himachal Pradesh,5.32,0.04,7.36,3.26,0.9,2.1,7.48,7.99,0.73,0.03,3.73,1.52
32.25,77.25,Manali,Himachal Pradesh,4.86,0.17,5.84,2.73,0.95,2.05,5.43,5.98,0.58,0.02,3.1,1.16
32.25,77.5,Lahaul,Himachal Pradesh,5.66,0.14,6.46,3.25,1.16,2.67,5.98,7.26,0.64,0.01,3.02,0.99
32.25,77.75,Spiti,Himachal Pradesh,5.07,0.11,6.19,2.87,1.1,2.6,6.39,7.62,0.65,0.01,2.31,0.81
32.25,78,Spiti,Himachal Pradesh,3.42,0.17,2.64,1.14,0.37,0.69,1.29,1.01,0.08,0,1.05,0.25
32.25,78.25,Spiti,Himachal Pradesh,3.04,0.12,2.03,0.82,0.23,0.38,0.76,0.45,0.04,0,0.88,0.2
32.25,78.5,Spiti,Himachal Pradesh,2.8,0.09,1.71,0.64,0.15,0.25,0.54,0.22,0.02,0,0.75,0.17
32.5,74.75,Ranbir Singh Pora,Jammu and Kashmir,3.33,0.53,6.74,1.64,1.22,3.24,7.88,14.95,2.65,0,1.18,1.46
32.5,75,Samba,Jammu and Kashmir,3.49,0.49,5.55,1.43,1.16,3.19,8.19,15.41,2.23,0,0.99,1.29
32.5,75.25,Samba,Jammu and Kashmir,4.07,0.24,5.87,1.18,1.21,4.03,11.24,17.04,1.44,0,0.78,1.27
32.5,75.5,Kathua,Jammu and Kashmir,5.26,0.23,7.58,1.24,1.09,5.18,10.94,20.04,1.72,0,0.9,1.65
32.5,75.75,Bashohli,Jammu and Kashmir,5.77,0.19,9.93,1.47,0.86,5.61,10.61,22.71,2.95,0,1.08,2.05
32.5,76,Bhattiyat,Himachal Pradesh,3.47,0.1,6.98,1.53,1.42,3.33,4.98,13.03,2.11,0,1.15,1.91
32.5,76.25,Chamba,Himachal Pradesh,2.46,0.04,5.49,1.55,1.96,2.39,2.1,4.3,0.78,0,1.36,1.15
32.5,76.5,Brahmaur,Himachal Pradesh,3.95,0.24,5.26,2.57,3,3.76,2.81,6.97,1.04,0,1.63,1.44
32.5,76.75,Brahmaur,Himachal Pradesh,3.63,0.51,3.64,1.44,1.25,1.51,2.54,2.3,0.43,0,2.17,1.54
32.5,77,Lahaul,Himachal Pradesh,3.91,0.49,4.25,1.56,0.98,1.46,3.53,2.41,0.44,0.01,2.5,1.53
32.5,77.25,Lahaul,Himachal Pradesh,4.35,0.28,5.06,2.26,0.98,1.73,4.48,4.54,0.51,0.01,2.64,1.44
32.5,77.5,Lahaul,Himachal Pradesh,4.57,0.29,5.27,2.28,0.95,1.84,4.71,4.76,0.52,0.01,2.79,1.35
32.5,77.75,Spiti,Himachal Pradesh,4.2,0.27,5.05,2.12,0.87,1.83,4.69,4.73,0.54,0.01,2.71,1.34
32.5,78,Spiti,Himachal Pradesh,3.39,0.12,2.91,1.24,0.28,0.47,1.19,0.95,0.07,0,0.94,0.23
32.5,78.25,Spiti,Himachal Pradesh,2.84,0.09,1.82,0.71,0.17,0.29,0.62,0.33,0.03,0,0.78,0.18
32.5,78.5,Unknown,Tibet,2.6,0.05,1.52,0.52,0.11,0.2,0.44,0.15,0.01,0,0.65,0.16
32.5,78.75,Unknown,Tibet,2.43,0.02,1.36,0.41,0.07,0.15,0.37,0.1,0,0,0.55,0.14
32.5,79,Unknown,Ladakh,2.32,0,1.26,0.35,0.04,0.12,0.32,0.08,0,0,0.49,0.13
32.75,74.5,Sialkot District,Punjab,3.67,0.52,7.55,1.7,1.24,3.3,8.43,16.21,2.78,0,1.3,1.61
32.75,74.75,Jammu,Jammu and Kashmir,3.42,0.59,5.3,1.17,1.03,2.72,6.55,17.4,2.16,0,1.01,1.22
32.75,75,Jammu,Jammu and Kashmir,4.6,0.52,6.94,1.69,1.22,2.75,7.75,17.02,2.61,0,1.29,1.61
32.75,75.25,Ramnagar,Jammu and Kashmir,6.71,0.4,9.34,3.61,2.69,2.59,4.8,9.95,1.57,0,1.8,2.69
32.75,75.5,Billawar,Jammu and Kashmir,7.42,0.44,8.72,2.62,3.22,2.66,5.2,10.78,1.36,0,1.39,2.32
32.75,75.75,Bani,Jammu and Kashmir,5.77,0.25,8.7,2.38,1.96,2.82,5.4,11.65,1.46,0,1.42,2.53
32.75,76,Saluni,Himachal Pradesh,2.65,0,6.76,2.27,0.59,1.68,3.21,6.53,0.72,0,1.52,2.9
32.75,76.25,Chaurah,Himachal Pradesh,2.54,0.01,5.47,2.1,1.4,2.59,3.12,8.23,0.78,0,1.43,2.14
32.75,76.5,Udaipur,Himachal Pradesh,2.69,0.06,2.35,2.42,2.91,3.55,1.08,10.22,0.5,0,1.49,1.25
32.75,76.75,Udaipur,Himachal Pradesh,3.36,0.41,3.39,1.46,1.54,2.47,3.52,4.98,0.7,0,1.73,1.48
32.75,77,Lahaul,Himachal Pradesh,3.7,0.44,3.93,1.55,1.16,1.76,3.58,3.59,0.55,0.01,2.19,1.52
32.75,77.25,Lahaul,Himachal Pradesh,4.07,0.34,4.75,1.96,1.1,1.89,4.63,4.82,0.61,0.01,2.53,1.52
32.75,77.5,Lahaul,Himachal Pradesh,4.16,0.33,4.71,2,1.03,1.65,4.04,4.35,0.48,0.01,2.65,1.47
32.75,77.75,Spiti,Himachal Pradesh,4.17,0.36,4.7,1.83,0.88,1.56,4.04,3.64,0.46,0.01,2.78,1.44
32.75,78,Unknown,Ladakh,3.29,0.17,3.08,1.13,0.44,0.87,2.27,1.95,0.23,0.01,1.56,0.77
32.75,78.25,Unknown,Ladakh,2.5,0.03,1.46,0.47,0.09,0.19,0.43,0.16,0.01,0,0.59,0.15
32.75,78.5,Unknown,Ladakh,2.36,0.01,1.29,0.37,0.05,0.13,0.34,0.08,0,0,0.52,0.13
32.75,78.75,Unknown,Ladakh,2.3,0,1.25,0.34,0.04,0.11,0.3,0.08,0,0,0.48,0.13
32.75,79,Unknown,Ladakh,2.3,0,1.25,0.32,0.03,0.09,0.28,0.08,0,0,0.48,0.13
32.75,79.25,Unknown,Ladakh,2.3,0,1.25,0.32,0.03,0.09,0.27,0.08,0,0,0.48,0.13
32.75,79.5,Gar County,Tibet,2.3,0,1.25,0.32,0.03,0.09,0.27,0.08,0,0,0.48,0.13
33,73.75,Jhelum District,Punjab,3.49,0.09,7.93,1.14,0.8,2.87,4.79,10.39,1.45,0,1.04,1.47
33,74,Bhimber District,Azad Kashmir,3.56,0.11,8.39,1.32,0.89,3.07,5.71,11.58,1.75,0,1.17,1.61
33,74.25,Bhimber District,Azad Kashmir,3.68,0.2,8.99,1.54,1.01,3.32,6.84,13.04,2.12,0,1.35,1.8
33,74.5,Akhnoor,Jammu and Kashmir,4.38,0.44,10.71,2.24,1.38,4.13,10.82,19.26,3.41,0,1.94,2.42
33,74.75,Akhnoor,Jammu and Kashmir,5.67,0.33,11.72,1.83,1.37,2.66,13.5,24.98,3.99,0,1.75,2.3
33,75,Reasi,Jammu and Kashmir,6.82,0.44,11.57,3.9,1.89,3.52,6.55,14.66,2.82,0,2.45,3.07
33,75.25,Chenani,Jammu and Kashmir,8.13,0.48,11.24,4.66,2.61,2.57,2.51,9.12,2.01,0,2.53,3.31
33,75.5,Doda,Jammu and Kashmir,8.31,0.55,9.14,3.34,4.16,1.41,2.55,6.13,1.15,0,1.64,2.64
33,75.75,Bhaderwah,Jammu and Kashmir,7.15,0.42,8.91,3.05,3.29,1.72,3.24,7.32,1.18,0,1.59,2.67
33,76,Gandoh,Jammu and Kashmir,4,0.13,7.09,2.42,1.52,2.36,4.54,8.07,1.08,0,1.43,2.63
33,76.25,Pangi,Himachal Pradesh,3.35,0,5.89,2.16,1.51,5.8,11.19,15.87,2.11,0,0.94,1.6
33,76.5,Pangi,Himachal Pradesh,3.8,0,6.1,2.11,1.57,7.77,16.49,20.31,3.03,0,0.58,1.21
33,76.75,Pangi,Himachal Pradesh,3.47,0.19,4.51,1.94,1.78,5.12,9.16,12.82,1.75,0,1.12,1.4
33,77,Zanskar,Ladakh,3.48,0.3,3.98,1.75,1.55,3.36,5.96,8.24,1.09,0,1.65,1.42
33,77.25,Zanskar,Ladakh,3.79,0.36,4.3,1.76,1.24,2.35,4.89,5.67,0.76,0.01,2.14,1.48
33,77.5,Unknown,Ladakh,3.96,0.35,4.48,1.76,1.08,1.95,4.41,4.84,0.61,0.01,2.4,1.47
33,77.75,Unknown,Ladakh,4.11,0.33,4.54,1.76,0.85,1.47,3.94,3.71,0.44,0.01,2.52,1.42
33,78,Unknown,Ladakh,4.05,0.27,3.57,1.35,0.67,1.17,3.06,2.69,0.35,0.01,1.98,1.11
33,78.25,Unknown,Ladakh,2.3,0,1.25,0.33,0.05,0.1,0.28,0.08,0,0,0.48,0.13
33,78.5,Unknown,Ladakh,2.3,0,1.25,0.32,0.03,0.09,0.27,0.08,0,0,0.48,0.13
33,78.75,Unknown,Ladakh,2.3,0,1.25,0.32,0.03,0.09,0.27,0.08,0,0,0.48,0.13
33,79,Unknown,Ladakh,2.3,0,1.25,0.32,0.03,0.09,0.27,0.08,0,0,0.48,0.13
33,79.25,Rutog County,Tibet,2.3,0,1.25,0.32,0.03,0.09,0.27,0.08,0,0,0.48,0.13
33,79.5,Rutog County,Tibet,2.3,0,1.25,0.32,0.03,0.09,0.27,0.08,0,0,0.48,0.13
33.25,73.5,Rawalpindi District,Punjab,3.53,0.11,7.32,1.18,0.89,2.65,3.74,9.05,1.21,0,1.14,1.46
33.25,73.75,Mirpur District,Azad Kashmir,3.72,0.16,7.55,1.35,1.01,2.7,4.01,9.43,1.35,0,1.31,1.57
33.25,74,Kotli District,Azad Kashmir,3.63,0.14,8.03,1.22,0.86,2.83,4.73,10.46,1.45,0,1.15,1.54
33.25,74.25,Rajauri,Jammu and Kashmir,3.41,0.07,7.85,1.04,0.74,2.77,4.23,9.73,1.26,0,0.97,1.4
33.25,74.5,Kalakote,Jammu and Kashmir,4.6,0.26,10.31,2.03,1.18,3.73,8.1,14.82,2.53,0,1.7,2.2
33.25,74.75,Gool-Gulabgarh,Jammu and Kashmir,6.56,0.42,12.39,3.03,1.54,4.65,10.84,18.23,3.49,0,2.43,2.93
33.25,75,Gool-Gulabgarh,Jammu and Kashmir,7.85,0.52,11.68,4.34,1.81,3.21,4.1,10.34,2.25,0,2.88,3.22
33.25,75.25,Ramban,Jammu and Kashmir,7.61,0.48,10.48,4.63,2.15,2.3,1.63,8.11,1.82,0,2.59,3.27
33.25,75.5,Doda,Jammu and Kashmir,7.56,0.49,8.96,3.73,3.24,1.64,1.97,6.37,1.32,0,1.88,2.83
33.25,75.75,Kishtwar,Jammu and Kashmir,5.99,0.35,7.62,3.15,2.69,1.51,2.23,5.55,1.04,0,1.51,2.73
33.25,76,Kishtwar,Jammu and Kashmir,4.66,0.17,7.05,2.53,2.04,3.92,8.05,11.04,1.72,0,1.14,2.18
33.25,76.25,Atholi (Paddar),Jammu and Kashmir,3.62,0.05,5.69,2.26,1.84,5.42,10.16,15.29,1.94,0,1,1.68
33.25,76.5,Atholi (Paddar),Jammu and Kashmir,3.47,0.04,5.49,2.11,1.62,6.1,11.73,16.43,2.16,0,0.9,1.49
33.25,76.75,Zanskar,Ladakh,3.46,0.13,4.72,1.96,1.69,5.39,9.69,14.07,1.81,0,1.09,1.42
33.25,77,Zanskar,Ladakh,3.5,0.25,4.3,1.76,1.55,4.31,8.5,10.72,1.57,0,1.31,1.33
33.25,77.25,Zanskar,Ladakh,3.53,0.25,3.01,1.3,1.35,2.74,5.22,6.37,0.99,0,1.3,1.03
33.25,77.5,Unknown,Ladakh,3.67,0.16,1.53,0.52,0.44,1.09,2.05,2.06,0.33,0,0.69,0.54
33.25,77.75,Unknown,Ladakh,3.74,0.07,0.51,0.19,0.2,0.38,0.42,0.35,0.05,0,0.3,0.22
33.25,78,Unknown,Ladakh,3.52,0.02,0.04,0.05,0.11,0.23,0.04,0.07,0,0,0.02,0.04
33.25,78.25,Unknown,Ladakh,2.3,0.01,0,0.05,0.1,0.22,0.01,0.06,0,0,0,0.02
33.25,78.5,Unknown,Ladakh,2.3,0.01,0,0.05,0.1,0.22,0.01,0.06,0,0,0,0.02
33.25,78.75,Unknown,Ladakh,2.3,0,0.62,0.18,0.07,0.15,0.14,0.07,0,0,0.24,0.07
33.25,79,Unknown,Ladakh,2.3,0,0.93,0.25,0.05,0.12,0.2,0.07,0,0,0.36,0.1
33.25,79.25,Rutog County,Tibet,2.3,0,1.09,0.29,0.04,0.1,0.24,0.08,0,0,0.42,0.11
33.5,73.5,Rawalpindi District,Punjab,4,0.19,7.02,1.56,1.21,2.54,3.35,8.44,1.28,0,1.56,1.67
33.5,73.75,Kotli District,Azad Kashmir,4.11,0.24,7.03,1.73,1.35,2.53,3.29,8.26,1.32,0,1.76,1.78
33.5,74,Kotli District,Azad Kashmir,3.8,0.19,7.37,1.42,1.07,2.7,3.68,8.89,1.3,0,1.36,1.58
33.5,74.25,Rajauri,Jammu and Kashmir,3.64,0.24,7.49,1.24,0.9,2.69,3.81,9.1,1.24,0,1.16,1.49
33.5,74.5,Darhal,Jammu and Kashmir,4.45,0.24,8.85,2.04,1.01,2.86,4.37,9.64,1.53,0,1.53,1.87
33.5,74.75,Damhal Hanjipora,Jammu and Kashmir,6.76,0.37,8.12,3.35,1.26,1.35,1.95,6.81,1.39,0,1.91,2.25
33.5,75,Gool-Gulabgarh,Jammu and Kashmir,7.65,0.65,10.59,4.08,1.36,0.99,1.11,7.13,1.36,0,3.29,2.87
33.5,75.25,Dooru tehsil,Jammu and Kashmir,4.61,0.3,5.28,3.11,1.6,1.35,1.24,5.18,1.05,0,1.31,2.44
33.5,75.5,Chhatroo,Jammu and Kashmir,4.51,0.31,5.26,3.18,1.82,1.52,1.33,5.24,1.07,0,1.27,2.56
33.5,75.75,Chhatroo,Jammu and Kashmir,5.82,0.39,6.81,3.38,2.46,1.53,1.62,5.66,1.16,0,1.52,2.66
33.5,76,Marwah,Jammu and Kashmir,4.84,0.24,6.16,2.74,2.18,2.66,4.92,8.75,1.37,0,1.1,2.32
33.5,76.25,Atholi (Paddar),Jammu and Kashmir,3.75,0.06,5.87,2.3,1.81,5.23,10.14,14.82,1.97,0,1,1.75
33.5,76.5,Atholi (Paddar),Jammu and Kashmir,3.43,0.03,5.46,2.14,1.6,5.96,11.26,16.32,2.09,0,0.92,1.54
33.5,76.75,Zanskar,Ladakh,3.52,0.07,4.35,1.8,1.6,5.38,10.4,14.01,1.9,0,0.88,1.11
33.5,77,Zanskar,Ladakh,3.53,0.11,2.8,1.06,0.9,3.54,6.52,8.71,1.18,0,0.4,0.8
33.5,77.25,Zanskar,Ladakh,3.53,0.08,0.71,0.3,0.3,0.98,1.22,1.93,0.22,0,0.15,0.32
33.5,77.5,Unknown,Ladakh,3.52,0.03,0.23,0.11,0.15,0.4,0.42,0.5,0.07,0,0.07,0.09
33.5,77.75,Unknown,Ladakh,3.44,0.01,0.02,0.05,0.11,0.22,0.02,0.07,0,0,0.01,0.03
33.5,78,Unknown,Ladakh,3.43,0.01,0,0.05,0.1,0.22,0.01,0.06,0,0,0,0.02
33.5,78.25,Unknown,Ladakh,2.86,0.01,0,0.05,0.1,0.22,0.01,0.06,0,0,0,0.02
33.5,78.5,Unknown,Ladakh,2.58,0.01,0,0.05,0.1,0.22,0.01,0.06,0,0,0,0.02
33.5,78.75,Unknown,Ladakh,2.44,0.01,0.21,0.09,0.09,0.2,0.05,0.07,0,0,0.08,0.04
33.5,79,Rutog County,Tibet,2.37,0,0.57,0.17,0.07,0.16,0.13,0.07,0,0,0.22,0.07
33.5,79.25,Rutog County,Tibet,2.33,0,0.83,0.23,0.06,0.13,0.18,0.07,0,0,0.32,0.09
33.75,73.5,Murree District,Punjab,4.93,0.4,6.47,2.57,2.02,2.27,2.45,6.86,1.43,0.01,2.69,2.26
33.75,73.75,Sudhanoti District,Azad Kashmir,4.9,0.35,6.44,2.53,1.98,2.29,2.44,6.86,1.42,0.01,2.61,2.21
33.75,74,Poonch District,Azad Kashmir,4.94,0.22,6.25,2.67,2.13,2.26,2.27,6.7,1.48,0.01,2.71,2.25
33.75,74.25,Surankote tehsil,Jammu and Kashmir,5.5,0.52,5.77,2.9,2.33,2.2,1.88,6.26,1.58,0.01,2.77,2.25
33.75,74.5,Khansahib Tehsil,Jammu and Kashmir,5.31,0.62,4.1,3.25,2.26,1.92,0.42,3.4,1.29,0.01,2.33,1.98
33.75,74.75,Shopian,Jammu and Kashmir,6.14,0.17,4.36,2.65,1.18,1.3,0.62,3.34,0.87,0,0.84,1.38
33.75,75,Kulgam,Jammu and Kashmir,4.71,0.1,4.39,2.2,0.93,0.8,0.48,4.67,1.06,0,0.81,1.76
33.75,75.25,Anantnag,Jammu and Kashmir,5.44,0.33,4.35,2.87,1.78,1.42,1.44,4.8,1.35,0,1.47,2.41
33.75,75.5,Marwah,Jammu and Kashmir,4.95,0.32,4.4,2.98,1.8,1.48,1.45,4.84,1.23,0,1.37,2.48
33.75,75.75,Marwah,Jammu and Kashmir,5.4,0.35,4.53,3,1.86,1.49,1.51,4.87,1.33,0,1.53,2.5
33.75,76,Marwah,Jammu and Kashmir,5.5,0.29,4.02,2.25,1.78,1.71,2.38,4.72,1.15,0,1.04,1.86
33.75,76.25,Marwah,Jammu and Kashmir,3.96,0.09,5.11,1.66,1.26,3.98,8.2,10.95,1.59,0,0.46,1.17
33.75,76.5,Zanskar,Ladakh,3.59,0.02,4.43,1.52,1.18,5.08,10.7,13.75,1.92,0,0.35,0.92
33.75,76.75,Zanskar,Ladakh,3.65,0,2.48,0.96,0.77,3.64,6.37,9.35,1.12,0,0.22,0.58
33.75,77,Unknown,Ladakh,3.68,0.01,0.37,0.18,0.18,0.65,0.96,1.29,0.16,0,0.05,0.1
33.75,77.25,Unknown,Ladakh,3.7,0.01,0.08,0.07,0.09,0.28,0.21,0.29,0.03,0,0.01,0.04
33.75,77.5,Unknown,Ladakh,3.7,0.01,0.01,0.05,0.09,0.21,0.05,0.09,0,0,0.01,0.02
33.75,77.75,Unknown,Ladakh,3.43,0.01,0.01,0.05,0.1,0.21,0.04,0.08,0,0,0.01,0.02
33.75,78,Unknown,Ladakh,3.43,0.01,0,0.05,0.1,0.22,0.02,0.07,0,0,0,0.02
33.75,78.25,Unknown,Ladakh,3.15,0.01,0,0.05,0.1,0.22,0.01,0.06,0,0,0,0.02
33.75,78.5,Unknown,Ladakh,2.86,0.01,0,0.05,0.1,0.22,0.01,0.06,0,0,0,0.02
33.75,78.75,Unknown,Ladakh,2.65,0.01,0,0.05,0.1,0.22,0.01,0.06,0,0,0,0.02
33.75,79,Rutog County,Tibet,2.51,0.01,0.29,0.11,0.09,0.19,0.07,0.07,0,0,0.11,0.04
34,73.5,Murree District,Punjab,6.3,0.76,5.94,3.87,2.97,1.89,1.32,4.53,1.51,0.01,4.21,3.09
34,73.75,Bagh District,Azad Kashmir,6.23,0.76,5.82,3.95,3.03,1.89,1.19,4.35,1.52,0.01,4.25,3.11
34,74,Haveli District,Azad Kashmir,6.36,0.75,5.6,4.04,3.18,1.89,1.06,4.4,1.63,0.02,4.28,3.08
34,74.25,Haveli District,Azad Kashmir,7.37,1.33,5.08,4.44,3.78,1.81,0.73,4.67,2.06,0.02,4.62,3.17
34,74.5,Khag tehsil,Jammu and Kashmir,6.13,0.68,4.51,3.66,2.61,2.13,0.49,3.84,1.6,0.01,2.68,2.21
34,74.75,Badgam tehsil,Jammu and Kashmir,4.84,0.04,3.64,2.89,1.41,2.14,0.29,2.75,1.17,0,0.71,1.34
34,75,Pampore,Jammu and Kashmir,6.18,0.23,3.07,2.53,1.52,1.71,0.77,2.71,1.1,0,1.02,1.53
34,75.25,Pahalgam,Jammu and Kashmir,8.52,0.57,3.27,3.09,2.7,1.98,2.6,4.22,2.19,0,2.46,2.69
34,75.5,Marwah,Jammu and Kashmir,6.38,0.39,3.64,3.06,2.2,1.65,1.82,4.37,1.79,0,1.91,2.54
34,75.75,Marwah,Jammu and Kashmir,5.88,0.32,3.44,2.03,1.62,1.09,1.17,3,0.97,0,1.09,1.71
34,76,Sankoo tehsil,Ladakh,5.67,0.28,3.18,1.02,1.1,0.47,0.44,1.38,0.37,0,0.52,0.81
34,76.25,Sankoo tehsil,Ladakh,5.06,0.22,3.16,0.71,0.91,0.78,1.37,2.37,0.34,0,0.28,0.5
34,76.5,Sankoo tehsil,Ladakh,3.83,0.09,0.91,0.34,0.21,0.52,0.96,1.31,0.16,0,0.09,0.23
34,76.75,Unknown,Ladakh,3.85,0.02,0.25,0.15,0.09,0.37,0.56,0.68,0.08,0,0.07,0.1
34,77,Unknown,Ladakh,3.85,0.01,0.1,0.08,0.07,0.26,0.28,0.33,0.03,0,0.05,0.05
34,77.25,Unknown,Ladakh,3.84,0.01,0.02,0.05,0.09,0.21,0.06,0.1,0,0,0.02,0.03
34,77.5,Unknown,Ladakh,3.84,0.01,0.01,0.05,0.09,0.21,0.04,0.08,0,0,0.01,0.02
34,77.75,Unknown,Ladakh,3.63,0.01,0.01,0.05,0.1,0.21,0.04,0.08,0,0,0.01,0.02
34,78,Unknown,Ladakh,3.53,0.01,0.01,0.05,0.1,0.21,0.03,0.08,0,0,0.01,0.02
34,78.25,Unknown,Ladakh,3.34,0.01,0,0.05,0.1,0.22,0.02,0.07,0,0,0,0.02
34,78.5,Unknown,Ladakh,3.1,0.01,0,0.05,0.1,0.22,0.01,0.06,0,0,0,0.02
34,78.75,Rutog County,Tibet,2.88,0.01,0,0.05,0.1,0.22,0.01,0.06,0,0,0,0.02
34,79,Rutog County,Tibet,2.69,0.01,0.14,0.08,0.1,0.2,0.04,0.07,0,0,0.05,0.03
34.25,73.5,Muzaffarabad District,Azad Kashmir,6.74,1,5.66,4.42,3.35,1.68,0.78,3.31,1.5,0.01,4.83,3.42
34.25,73.75,Hattian Bala District,Azad Kashmir,6.43,1.08,5.46,4.39,3.35,1.65,0.67,3.17,1.49,0.01,4.71,3.32
34.25,74,Boniyar,Jammu and Kashmir,6.71,1.21,5.54,4.4,3.29,1.64,0.67,3,1.43,0.01,4.74,3.35
34.25,74.25,Rafiabad,Jammu and Kashmir,6.91,1.32,5.53,4.42,3.35,1.64,0.68,3.15,1.48,0.01,4.78,3.37
34.25,74.5,Sopore,Jammu and Kashmir,4.14,0.34,4.01,3.46,2.4,1.88,0.36,3,1.63,0,1.82,1.63
34.25,74.75,Lar,Jammu and Kashmir,3.91,0.03,4.2,3.84,2.05,2.29,0.48,3.45,2.07,0,1.22,1.75
34.25,75,Kangan,Jammu and Kashmir,4.51,0.16,3.54,3.65,2,1.62,0.4,3.66,2.12,0,2.34,2.35
34.25,75.25,Kangan,Jammu and Kashmir,6.85,0.39,3.33,3.22,2.33,1.87,1.63,3.91,2.04,0,2.25,2.46
34.25,75.5,Drass,Ladakh,6.25,0.34,3.32,2.9,2.08,1.67,1.28,3.66,1.78,0,1.98,2.21
34.25,75.75,Sankoo tehsil,Ladakh,6.32,0.3,2.92,1.05,1.15,0.47,0.44,1.14,0.46,0,0.7,0.8
34.25,76,Sankoo tehsil,Ladakh,6.4,0.28,2.82,0.54,0.89,0.17,0.1,0.51,0.1,0,0.35,0.38
34.25,76.25,Sankoo tehsil,Ladakh,6.35,0.2,1.5,0.39,0.41,0.11,0.04,0.24,0.02,0,0.19,0.28
34.25,76.5,Kargil Tehsil,Ladakh,4.34,0.11,0.21,0.28,0.02,0.11,0.06,0.08,0,0,0.08,0.2
34.25,76.75,Unknown,Ladakh,3.9,0.03,0.09,0.12,0.05,0.17,0.15,0.16,0.01,0,0.06,0.07
34.25,77,Unknown,Ladakh,3.9,0.01,0.09,0.08,0.05,0.18,0.18,0.19,0.01,0,0.07,0.04
34.25,77.25,Unknown,Ladakh,3.9,0.01,0.03,0.05,0.09,0.21,0.05,0.09,0,0,0.02,0.03
34.25,77.5,Unknown,Ladakh,3.87,0.01,0,0.05,0.1,0.22,0.02,0.07,0,0,0,0.02
34.25,77.75,Unknown,Ladakh,3.75,0.01,0.02,0.05,0.09,0.21,0.06,0.09,0,0,0.01,0.03
34.25,78,Unknown,Ladakh,3.64,0.01,0.02,0.05,0.09,0.21,0.06,0.09,0,0,0.01,0.03
34.25,78.25,Unknown,Ladakh,3.49,0.01,0.01,0.05,0.1,0.21,0.04,0.08,0,0,0.01,0.02
34.25,78.5,Unknown,Ladakh,3.29,0.01,0,0.05,0.1,0.22,0.01,0.07,0,0,0,0.02
34.25,78.75,Unknown,Ladakh,3.08,0.01,0,0.05,0.1,0.22,0.01,0.06,0,0,0,0.02
34.25,79,Rutog County,Tibet,2.89,0.01,0.07,0.06,0.1,0.21,0.02,0.07,0,0,0.03,0.03
34.25,79.25,Rutog County,Tibet,2.72,0.01,0.21,0.09,0.09,0.2,0.05,0.07,0,0,0.08,0.04
34.25,79.5,Rutog County,Tibet,2.59,0,0.39,0.13,0.08,0.18,0.09,0.07,0,0,0.15,0.05
34.5,73.25,Mansehra District,Khyber Pakhtunkhwa,7.16,1.2,5.9,4.61,3.33,1.65,0.72,2.73,1.35,0.01,5.16,3.67
34.5,73.5,Muzaffarabad District,Azad Kashmir,6.83,1.21,5.7,4.51,3.34,1.63,0.69,2.87,1.4,0.01,4.97,3.51
34.5,73.75,Neelam Valley District,Azad Kashmir,6.51,1.2,5.51,4.37,3.29,1.6,0.65,2.88,1.4,0.01,4.73,3.33
34.5,74,Kupwara,Jammu and Kashmir,6.61,1.27,5.62,4.4,3.22,1.59,0.66,2.65,1.32,0.01,4.8,3.4
34.5,74.25,Handwara tehsil,Jammu and Kashmir,6.74,1.33,5.79,4.46,3.19,1.58,0.67,2.4,1.23,0.01,4.94,3.52
34.5,74.5,Bandipora,Jammu and Kashmir,1.09,0.64,3.37,2.99,2.83,0.89,0.16,1.98,1.24,0,2.4,1.41
34.5,74.75,Bandipora,Jammu and Kashmir,2.16,0.14,3.38,3.13,2.6,1.12,0.22,2.61,1.49,0,2.17,1.54
34.5,75,Bāramūla,Jammu and Kashmir,4.23,0.16,3.59,3.52,2.04,1.65,0.37,3.58,1.96,0,1.99,2.11
34.5,75.25,Bāramūla,Jammu and Kashmir,5.5,0.26,3.52,3.49,2.18,1.81,1,3.83,2.11,0,2.15,2.35
34.5,75.5,Drass,Ladakh,6.12,0.28,2.96,1.66,1.39,0.83,0.58,1.79,0.91,0,1.16,1.21
34.5,75.75,Drass,Ladakh,6.31,0.27,2.66,0.54,0.84,0.18,0.08,0.38,0.13,0,0.38,0.37
34.5,76,Drass,Ladakh,6.81,0.28,2.63,0.37,0.8,0.08,0,0.21,0,0,0.29,0.25
34.5,76.25,Kargil Tehsil,Ladakh,7.75,0.16,0.54,0.34,0.12,0.08,0.01,0.05,0,0,0.16,0.25
34.5,76.5,Kargil Tehsil,Ladakh,8.86,0.11,0.2,0.28,0.02,0.1,0.05,0.05,0,0,0.1,0.21
34.5,76.75,Unknown,Ladakh,6.38,0.02,0.12,0.11,0.03,0.15,0.24,0.23,0.01,0,0.1,0.07
34.5,77,Unknown,Ladakh,5.14,0.02,0.13,0.09,0.02,0.16,0.28,0.26,0.02,0,0.11,0.06
34.5,77.25,Unknown,Ladakh,4.52,0.02,0.13,0.1,0.01,0.16,0.31,0.28,0.02,0,0.11,0.06
34.5,77.5,Unknown,Ladakh,4.19,0.01,0.1,0.09,0.03,0.17,0.25,0.24,0.01,0,0.08,0.05
34.5,77.75,Unknown,Ladakh,3.97,0.01,0.04,0.06,0.07,0.2,0.11,0.13,0,0,0.04,0.03
34.5,78,Unknown,Ladakh,3.81,0.01,0.04,0.06,0.08,0.2,0.1,0.13,0,0,0.03,0.03
34.5,78.25,Unknown,Ladakh,3.65,0.01,0.03,0.06,0.08,0.21,0.07,0.1,0,0,0.02,0.03
34.5,78.5,Unknown,Ladakh,3.47,0.01,0.01,0.05,0.1,0.22,0.03,0.07,0,0,0,0.02
34.5,78.75,Hotan County,Xinjiang,3.27,0.01,0,0.05,0.1,0.22,0.01,0.06,0,0,0,0.02
34.5,79,Hotan County,Xinjiang,3.08,0.01,0.04,0.05,0.1,0.21,0.01,0.06,0,0,0.01,0.02
34.5,79.25,Hotan County,Xinjiang,2.9,0.01,0.12,0.07,0.09,0.2,0.03,0.07,0,0,0.04,0.03
34.5,79.5,Hotan County,Xinjiang,2.75,0.01,0.26,0.1,0.09,0.19,0.06,0.07,0,0,0.1,0.04
34.5,79.75,Hotan County,Xinjiang,2.62,0,0.41,0.14,0.08,0.18,0.1,0.07,0,0,0.16,0.06
34.75,73.25,Mansehra District,Khyber Pakhtunkhwa,7.25,1.35,6.01,4.63,3.26,1.64,0.73,2.48,1.25,0.01,5.22,3.74
34.75,73.5,Mansehra District,Khyber Pakhtunkhwa,6.85,1.31,5.77,4.51,3.28,1.59,0.69,2.61,1.31,0.01,5,3.55
34.75,73.75,Neelam Valley District,Azad Kashmir,6.22,1.26,5.48,4.32,3.22,1.53,0.63,2.6,1.32,0.01,4.68,3.29
34.75,74,Neelam Valley District,Azad Kashmir,5.67,1.22,5.25,4.21,3.19,1.48,0.59,2.57,1.36,0.01,4.4,3.08
34.75,74.25,Neelam Valley District,Azad Kashmir,4.92,1.1,4.95,4.03,3.12,1.41,0.52,2.49,1.37,0.01,4.03,2.8
34.75,74.5,Kupwara,Jammu and Kashmir,2.91,0.73,4.07,3.57,2.91,1.12,0.34,2.32,1.44,0,3.05,2.06
34.75,74.75,Neelam Valley District,Azad Kashmir,2.55,0.27,3.43,3.23,2.53,1.19,0.25,2.75,1.59,0,2.14,1.63
34.75,75,Astore District,Gilgit-Baltistan,3.63,0.13,3.54,3.47,2.31,1.46,0.33,3.19,1.87,0,2.14,1.93
34.75,75.25,Astore District,Gilgit-Baltistan,5.08,0.25,3.39,3.29,2.22,1.6,0.87,3.62,1.91,0,2.25,2.24
34.75,75.5,Skardu District,Gilgit-Baltistan,5.67,0.24,2.89,1.35,1.16,0.63,0.33,1.34,0.67,0,0.91,0.95
34.75,75.75,Skardu District,Gilgit-Baltistan,6.22,0.25,2.63,0.52,0.83,0.17,0.06,0.33,0.11,0,0.38,0.36
34.75,76,Kharmang District,Gilgit-Baltistan,6.82,0.25,2.42,0.37,0.69,0.08,0,0.14,0.01,0,0.27,0.26
34.75,76.25,Kharmang District,Gilgit-Baltistan,8.5,0.14,0.3,0.32,0.03,0.08,0.01,0.02,0,0,0.14,0.24
34.75,76.5,Unknown,Ladakh,8.68,0.12,0.23,0.29,0.01,0.09,0.06,0.05,0,0,0.12,0.21
34.75,76.75,Unknown,Ladakh,7.53,0.04,0.15,0.15,0,0.13,0.28,0.25,0.02,0,0.11,0.1
34.75,77,Unknown,Ladakh,6.34,0.02,0.13,0.1,0.01,0.15,0.32,0.29,0.02,0,0.11,0.06
34.75,77.25,Unknown,Ladakh,5.43,0.02,0.14,0.1,0,0.15,0.34,0.3,0.02,0,0.12,0.06
34.75,77.5,Unknown,Ladakh,4.81,0.02,0.12,0.1,0.02,0.16,0.3,0.28,0.02,0,0.1,0.06
34.75,77.75,Unknown,Ladakh,4.39,0.01,0.1,0.09,0.03,0.17,0.25,0.24,0.01,0,0.08,0.05
34.75,78,Unknown,Ladakh,4.1,0.01,0.08,0.08,0.04,0.18,0.21,0.21,0.01,0,0.07,0.05
34.75,78.25,Hotan County,Xinjiang,3.87,0.01,0.05,0.07,0.06,0.19,0.14,0.16,0,0,0.04,0.04
34.75,78.5,Hotan County,Xinjiang,3.67,0.01,0.02,0.05,0.09,0.21,0.07,0.1,0,0,0.02,0.03
34.75,78.75,Hotan County,Xinjiang,3.48,0.01,0,0.05,0.1,0.22,0.01,0.06,0,0,0,0.02
34.75,79,Hotan County,Xinjiang,3.28,0.01,0.01,0.05,0.1,0.22,0.01,0.06,0,0,0,0.02
34.75,79.25,Hotan County,Xinjiang,3.08,0.01,0.07,0.06,0.1,0.21,0.02,0.07,0,0,0.02,0.03
34.75,79.5,Hotan County,Xinjiang,2.91,0.01,0.16,0.08,0.09,0.2,0.04,0.07,0,0,0.06,0.03
34.75,79.75,Hotan County,Xinjiang,2.77,0.01,0.29,0.11,0.09,0.19,0.07,0.07,0,0,0.11,0.04
34.75,80,Rutog County,Tibet,2.65,0,0.43,0.14,0.08,0.17,0.1,0.07,0,0,0.17,0.06
35,73.75,Mansehra District,Khyber Pakhtunkhwa,6.02,1.3,5.48,4.3,3.19,1.47,0.61,2.42,1.27,0.01,4.66,3.27
35,74,Mansehra District,Khyber Pakhtunkhwa,5.19,1.21,5.11,4.09,3.14,1.39,0.54,2.41,1.29,0.01,4.26,2.95
35,74.25,Neelam Valley District,Azad Kashmir,4.08,1.06,4.62,3.81,3.05,1.27,0.44,2.36,1.33,0.01,3.68,2.51
35,74.5,Neelam Valley District,Azad Kashmir,3.46,0.79,4.2,3.55,2.83,1.16,0.36,2.37,1.32,0,3.26,2.24
35,74.75,Astore District,Gilgit-Baltistan,3.02,0.41,3.61,3.25,2.49,1.2,0.27,2.74,1.46,0,2.51,1.89
35,75,Astore District,Gilgit-Baltistan,3.2,0.14,3.48,3.34,2.36,1.36,0.29,3.06,1.73,0,2.13,1.82
35,75.25,Skardu District,Gilgit-Baltistan,4.06,0.19,3.31,2.86,2.01,1.12,0.23,2.73,1.44,0,1.95,1.66
35,75.5,Skardu District,Gilgit-Baltistan,5.11,0.22,2.73,1.1,1.18,0.48,0.19,0.98,0.5,0,0.74,0.76
35,75.75,Kharmang District,Gilgit-Baltistan,5.79,0.23,2.6,0.49,0.83,0.15,0.04,0.26,0.09,0,0.35,0.34
35,76,Kharmang District,Gilgit-Baltistan,6.56,0.19,1.25,0.35,0.34,0.08,0,0.06,0,0,0.2,0.25
35,76.25,Kharmang District,Gilgit-Baltistan,8.89,0.13,0.25,0.32,0.01,0.08,0.02,0.02,0,0,0.13,0.24
35,76.5,Ghanche District,Gilgit-Baltistan,8.78,0.11,0.23,0.28,0.01,0.09,0.08,0.07,0,0,0.13,0.21
35,76.75,Ghanche District,Gilgit-Baltistan,8.16,0.04,0.15,0.14,0,0.13,0.29,0.26,0.02,0,0.12,0.09
35,77,Unknown,Ladakh,7.25,0.02,0.13,0.1,0.01,0.15,0.32,0.29,0.02,0,0.11,0.06
35,77.25,Unknown,Ladakh,6.34,0.02,0.13,0.1,0.01,0.15,0.31,0.28,0.02,0,0.11,0.06
35,77.5,Unknown,Ladakh,5.58,0.02,0.13,0.1,0.01,0.15,0.32,0.29,0.02,0,0.11,0.06
35,77.75,Unknown,Ladakh,4.98,0.01,0.12,0.1,0.02,0.16,0.3,0.27,0.02,0,0.1,0.06
35,78,Unknown,Ladakh,4.54,0.01,0.11,0.09,0.02,0.16,0.28,0.26,0.02,0,0.09,0.06
35,78.25,Hotan County,Xinjiang,4.21,0.01,0.1,0.09,0.03,0.17,0.26,0.24,0.01,0,0.09,0.05
35,78.5,Hotan County,Xinjiang,3.94,0.01,0.09,0.09,0.03,0.17,0.24,0.23,0.01,0,0.08,0.05
35,78.75,Hotan County,Xinjiang,3.71,0,0.05,0.07,0.07,0.2,0.13,0.14,0,0,0.04,0.04
35,79,Hotan County,Xinjiang,3.49,0.01,0.03,0.06,0.09,0.21,0.07,0.1,0,0,0.02,0.03
35,79.25,Hotan County,Xinjiang,3.29,0.01,0.05,0.06,0.09,0.21,0.04,0.08,0,0,0.02,0.03
35,79.5,Hotan County,Xinjiang,3.1,0.01,0.11,0.07,0.09,0.2,0.04,0.07,0,0,0.04,0.03
35,79.75,Hotan County,Xinjiang,2.93,0.01,0.2,0.09,0.09,0.2,0.06,0.07,0,0,0.07,0.04
35,80,Hotan County,Xinjiang,2.78,0.01,0.31,0.12,0.08,0.19,0.08,0.07,0,0,0.12,0.05
35.25,73.75,Diamer District,Gilgit-Baltistan,5.97,1.31,5.51,4.3,3.16,1.45,0.61,2.29,1.22,0.01,4.68,3.29
35.25,74,Diamer District,Gilgit-Baltistan,4.84,1.23,5.03,4.01,3.09,1.3,0.51,2.25,1.24,0.01,4.18,2.87
35.25,74.25,Diamer District,Gilgit-Baltistan,3.65,1.1,4.5,3.7,3.02,1.15,0.4,2.21,1.26,0.01,3.6,2.4
35.25,74.5,Diamer District,Gilgit-Baltistan,3.01,0.86,4.1,3.47,2.87,1.08,0.33,2.28,1.29,0,3.17,2.12
35.25,74.75,Astore District,Gilgit-Baltistan,2.67,0.51,3.69,3.3,2.69,1.09,0.27,2.51,1.42,0,2.71,1.88
35.25,75,Astore District,Gilgit-Baltistan,2.69,0.21,3.4,3.22,2.45,1.21,0.25,2.88,1.61,0,2.2,1.71
35.25,75.25,Skardu District,Gilgit-Baltistan,3.34,0.17,3.11,2.32,1.89,0.85,0.18,2.02,1.12,0,1.61,1.33
35.25,75.5,Skardu District,Gilgit-Baltistan,4.24,0.19,2.62,0.75,1.1,0.26,0.04,0.49,0.25,0,0.5,0.5
35.25,75.75,Skardu District,Gilgit-Baltistan,5.06,0.19,2.59,0.37,0.74,0.09,0,0.08,0.02,0,0.24,0.27
35.25,76,Ghanche District,Gilgit-Baltistan,5.05,0.14,0.28,0.33,0.01,0.08,0,0,0,0,0.13,0.24
35.25,76.25,Ghanche District,Gilgit-Baltistan,6.97,0.14,0.25,0.32,0.01,0.08,0.01,0.01,0,0,0.13,0.24
35.25,76.5,Ghanche District,Gilgit-Baltistan,7.88,0.11,0.23,0.27,0.01,0.1,0.1,0.09,0,0,0.13,0.2
35.25,76.75,Ghanche District,Gilgit-Baltistan,8.02,0.03,0.15,0.13,0,0.13,0.31,0.28,0.02,0,0.12,0.09
35.25,77,Unknown,Ladakh,7.63,0.02,0.14,0.1,0,0.15,0.34,0.31,0.02,0,0.12,0.07
35.25,77.25,Unknown,Ladakh,6.98,0.02,0.14,0.1,0.01,0.15,0.34,0.3,0.02,0,0.12,0.06
35.25,77.5,Unknown,Ladakh,6.28,0.02,0.14,0.1,0,0.15,0.34,0.3,0.02,0,0.11,0.06
35.25,77.75,Unknown,Ladakh,5.63,0.02,0.13,0.1,0.01,0.15,0.33,0.3,0.02,0,0.11,0.06
35.25,78,Unknown,Ladakh,5.09,0.02,0.13,0.1,0.01,0.15,0.33,0.3,0.02,0,0.11,0.06
35.25,78.25,Hotan County,Xinjiang,4.65,0.02,0.14,0.1,0,0.15,0.35,0.31,0.02,0,0.12,0.07
35.25,78.5,Hotan County,Xinjiang,4.29,0.02,0.14,0.11,0,0.15,0.35,0.31,0.02,0,0.12,0.07
35.25,78.75,Hotan County,Xinjiang,4,0.01,0.09,0.09,0.03,0.17,0.24,0.23,0.01,0,0.08,0.05
35.25,79,Hotan County,Xinjiang,3.75,0.01,0.06,0.07,0.06,0.19,0.15,0.16,0.01,0,0.05,0.04
35.25,79.25,Hotan County,Xinjiang,3.52,0.01,0.05,0.06,0.08,0.2,0.1,0.12,0,0,0.03,0.03
35.25,79.5,Hotan County,Xinjiang,3.31,0.01,0.08,0.07,0.08,0.2,0.07,0.1,0,0,0.04,0.03
35.25,79.75,Hotan County,Xinjiang,3.13,0.01,0.14,0.08,0.09,0.2,0.06,0.08,0,0,0.06,0.03
35.25,80,Hotan County,Xinjiang,2.95,0.01,0.23,0.1,0.09,0.19,0.07,0.08,0,0,0.09,0.04
35.5,73.5,Upper Kohistan District,Khyber Pakhtunkhwa,7.33,1.4,6.09,4.65,3.23,1.64,0.73,2.34,1.21,0.01,5.28,3.79
35.5,73.75,Upper Kohistan District,Khyber Pakhtunkhwa,6.39,1.34,5.7,4.41,3.18,1.51,0.65,2.29,1.21,0.01,4.87,3.45
35.5,74,Diamer District,Gilgit-Baltistan,4.65,1.23,4.97,3.97,3.08,1.27,0.5,2.2,1.22,0.01,4.11,2.81
35.5,74.25,Diamer District,Gilgit-Baltistan,3.27,1.13,4.39,3.61,3,1.08,0.37,2.13,1.22,0.01,3.51,2.31
35.5,74.5,Diamer District,Gilgit-Baltistan,2.15,1,3.88,3.31,2.9,0.93,0.27,2.11,1.24,0,2.98,1.88
35.5,74.75,Astore District,Gilgit-Baltistan,1.69,0.62,3.49,3.1,2.79,0.89,0.19,2.28,1.3,0,2.54,1.58
35.5,75,Skardu District,Gilgit-Baltistan,1.95,0.2,3.3,3.03,2.63,0.99,0.18,2.6,1.39,0,2.29,1.52
35.5,75.25,Skardu District,Gilgit-Baltistan,2.46,0.15,2.91,2.01,2.08,0.61,0.13,1.52,0.9,0,1.48,1.07
35.5,75.5,Shigar District,Gilgit-Baltistan,3.65,0.16,2.47,0.39,1.06,0.11,0,0.06,0.04,0,0.27,0.28
35.5,75.75,Shigar District,Gilgit-Baltistan,4.66,0.13,2.6,0.33,0.93,0.08,0,0,0,0,0.27,0.25
35.5,76,Shigar District,Gilgit-Baltistan,4.85,0.14,0.26,0.33,0.01,0.08,0,0,0,0,0.13,0.25
35.5,76.25,Ghanche District,Gilgit-Baltistan,5.91,0.14,0.26,0.33,0.01,0.08,0.01,0.01,0,0,0.13,0.24
35.5,76.5,Ghanche District,Gilgit-Baltistan,6.89,0.1,0.22,0.25,0.01,0.1,0.13,0.11,0,0,0.13,0.18
35.5,76.75,Shigar District,Gilgit-Baltistan,7.45,0.02,0.14,0.11,0,0.14,0.34,0.3,0.02,0,0.12,0.07
35.5,77,Unknown,Ladakh,7.54,0.02,0.14,0.11,0,0.15,0.35,0.31,0.02,0,0.12,0.07
35.5,77.25,Unknown,Ladakh,7.26,0.02,0.14,0.11,0,0.15,0.35,0.31,0.02,0,0.12,0.07
35.5,77.5,Unknown,Xinjiang,6.77,0.02,0.14,0.11,0,0.15,0.35,0.31,0.02,0,0.12,0.07
35.5,77.75,Unknown,Xinjiang,6.2,0.02,0.14,0.11,0,0.15,0.35,0.31,0.02,0,0.12,0.07
35.5,78,Unknown,Xinjiang,5.64,0.02,0.14,0.11,0,0.15,0.35,0.31,0.02,0,0.12,0.07
35.5,78.25,Hotan County,Xinjiang,5.14,0.02,0.14,0.11,0,0.15,0.35,0.31,0.02,0,0.12,0.07
35.5,78.5,Hotan County,Xinjiang,4.72,0.02,0.14,0.11,0,0.15,0.35,0.31,0.02,0,0.12,0.07
35.5,78.75,Hotan County,Xinjiang,4.36,0.01,0.12,0.1,0.02,0.16,0.3,0.27,0.02,0,0.1,0.06
35.5,79,Hotan County,Xinjiang,4.05,0.01,0.09,0.08,0.04,0.17,0.22,0.22,0.01,0,0.08,0.05
35.5,79.25,Hotan County,Xinjiang,3.79,0.01,0.07,0.07,0.06,0.19,0.16,0.17,0.01,0,0.05,0.04
35.5,79.5,Hotan County,Xinjiang,3.55,0,0.08,0.07,0.07,0.19,0.11,0.13,0,0,0.04,0.04
35.5,79.75,Hotan County,Xinjiang,3.34,0.01,0.11,0.07,0.08,0.19,0.09,0.11,0,0,0.05,0.04
35.5,80,Hotan County,Xinjiang,3.15,0.01,0.17,0.09,0.08,0.19,0.08,0.09,0,0,0.07,0.04
35.5,80.25,Hotan County,Xinjiang,2.98,0.01,0.25,0.1,0.08,0.18,0.09,0.08,0,0,0.1,0.04
35.75,73,Upper Kohistan District,Khyber Pakhtunkhwa,0.22,0.03,0.19,0.13,0.1,0.08,5.42,16.72,2.98,0.15,0.16,0.11
35.75,73.25,Tangir District,Gilgit-Baltistan,2.14,0.41,1.8,1.37,0.96,0.51,4.12,12.76,2.5,0.11,1.55,1.11
35.75,73.5,Darel District,Gilgit-Baltistan,5.6,1.07,4.66,3.56,2.47,1.26,1.86,5.81,1.64,0.05,4.03,2.9
35.75,73.75,Darel District,Gilgit-Baltistan,7.33,1.4,6.09,4.65,3.23,1.64,0.73,2.35,1.21,0.01,5.28,3.79
35.75,74,Darel District,Gilgit-Baltistan,4.7,1.23,4.99,3.98,3.08,1.28,0.5,2.2,1.22,0.01,4.13,2.83
35.75,74.25,Gilgit District,Gilgit-Baltistan,1.92,1.05,3.83,3.27,2.92,0.89,0.25,2.05,1.23,0,2.92,1.81
35.75,74.5,Gilgit District,Gilgit-Baltistan,0.8,0.97,3.36,2.98,2.85,0.73,0.15,1.99,1.23,0,2.44,1.41
35.75,74.75,Astore District,Gilgit-Baltistan,0.48,0.95,3.23,2.9,2.84,0.69,0.13,1.97,1.23,0,2.3,1.29
35.75,75,Skardu District,Gilgit-Baltistan,1.01,0.27,3.23,2.9,2.84,0.85,0.13,2.17,1.23,0,2.3,1.29
35.75,75.25,Skardu District,Gilgit-Baltistan,1.12,0.14,2.44,1.22,2.26,0.25,0.04,0.63,0.43,0,0.99,0.61
35.75,75.5,Shigar District,Gilgit-Baltistan,2.38,0.15,2.23,0.33,1.5,0.08,0,0,0,0,0.26,0.25
35.75,75.75,Shigar District,Gilgit-Baltistan,3.52,0.14,2.42,0.33,1.21,0.08,0,0,0,0,0.27,0.25
35.75,76,Shigar District,Gilgit-Baltistan,4.19,0.14,0.98,0.33,0.41,0.08,0,0,0,0,0.18,0.25
35.75,76.25,Shigar District,Gilgit-Baltistan,5.05,0.14,0.26,0.33,0.01,0.08,0,0,0,0,0.13,0.24
35.75,76.5,Shigar District,Gilgit-Baltistan,5.97,0.06,0.18,0.19,0,0.12,0.23,0.2,0.01,0,0.12,0.13
35.75,76.75,Unknown,Xinjiang,6.71,0.02,0.14,0.11,0,0.15,0.35,0.31,0.02,0,0.12,0.07
35.75,77,Unknown,Xinjiang,7.13,0.02,0.14,0.11,0,0.15,0.35,0.31,0.02,0,0.12,0.07
35.75,77.25,Unknown,Xinjiang,7.2,0.02,0.14,0.11,0,0.15,0.35,0.31,0.02,0,0.12,0.07
35.75,77.75,Unknown,Xinjiang,6.59,0.02,0.14,0.11,0,0.15,0.35,0.31,0.02,0,0.12,0.07
35.75,78,Unknown,Xinjiang,6.12,0.02,0.14,0.11,0,0.15,0.35,0.31,0.02,0,0.12,0.07
35.75,78.25,Unknown,Xinjiang,5.63,0.02,0.14,0.11,0,0.15,0.35,0.31,0.02,0,0.12,0.07
35.75,78.5,Unknown,Xinjiang,5.18,0.02,0.14,0.11,0,0.15,0.35,0.31,0.02,0,0.12,0.07
35.75,78.75,Hotan County,Xinjiang,4.77,0.02,0.13,0.1,0.01,0.15,0.33,0.29,0.02,0,0.11,0.06
35.75,79,Hotan County,Xinjiang,4.41,0.01,0.11,0.09,0.02,0.16,0.27,0.26,0.02,0,0.09,0.06
35.75,79.25,Hotan County,Xinjiang,4.1,0.01,0.09,0.08,0.04,0.17,0.22,0.21,0.01,0,0.07,0.05
35.75,79.5,Hotan County,Xinjiang,3.83,0.01,0.08,0.08,0.06,0.18,0.17,0.17,0.01,0,0.06,0.04
35.75,79.75,Hotan County,Xinjiang,3.58,0,0.1,0.08,0.07,0.19,0.12,0.14,0,0,0.06,0.04
35.75,80,Hotan County,Xinjiang,3.36,0.01,0.13,0.08,0.07,0.19,0.1,0.11,0,0,0.06,0.04
35.75,80.25,Chira County,Xinjiang,3.17,0.01,0.19,0.09,0.08,0.19,0.1,0.1,0,0,0.08,0.04
36,72.5,Unknown,Khyber Pakhtunkhwa,0,0,0,0,0,0.03,5.63,17.4,3.05,0.16,0,0
36,72.75,Gupis-Yasin District,Gilgit-Baltistan,0,0,0,0,0,0.03,5.62,17.33,3.04,0.15,0,0
36,73,Gupis-Yasin District,Gilgit-Baltistan,0.1,0.02,0.09,0.06,0.04,0.05,5.52,17.03,3.01,0.15,0.08,0.05
36,73.25,Gupis-Yasin District,Gilgit-Baltistan,1.13,0.21,0.95,0.72,0.5,0.28,4.82,14.89,2.75,0.13,0.81,0.58
36,73.5,Gupis-Yasin District,Gilgit-Baltistan,3.36,0.64,2.81,2.14,1.49,0.77,3.34,10.35,2.2,0.09,2.42,1.74
36,73.75,Ghizer District,Gilgit-Baltistan,5.35,1.02,4.45,3.4,2.36,1.21,2.04,6.35,1.7,0.05,3.85,2.77
36,74,Ghizer District,Gilgit-Baltistan,5.02,1.13,4.72,3.69,2.72,1.24,1.27,4.27,1.46,0.03,3.99,2.8
36,74.25,Gilgit District,Gilgit-Baltistan,2.47,1.02,3.92,3.28,2.83,0.94,0.55,2.76,1.31,0.01,3.07,1.97
36,74.5,Gilgit District,Gilgit-Baltistan,0.47,0.92,3.23,2.9,2.84,0.69,0.13,1.97,1.23,0,2.3,1.29
36,74.75,Gilgit District,Gilgit-Baltistan,0.48,0.94,3.23,2.9,2.84,0.69,0.13,1.97,1.23,0,2.3,1.29
36,75,Shigar District,Gilgit-Baltistan,0.74,0.6,3.23,2.9,2.84,0.77,0.13,2.07,1.23,0,2.3,1.29
36,75.25,Shigar District,Gilgit-Baltistan,0.93,0.37,2.83,2.06,2.55,0.51,0.09,1.35,0.83,0,1.64,0.95
36,75.5,Shigar District,Gilgit-Baltistan,1.66,0.24,2.4,0.91,1.92,0.22,0.03,0.45,0.28,0,0.73,0.48
36,75.75,Shigar District,Gilgit-Baltistan,2.59,0.17,2.27,0.33,1.47,0.08,0,0,0,0,0.27,0.25
36,76,Shigar District,Gilgit-Baltistan,3.39,0.15,1.63,0.33,0.94,0.08,0,0,0,0,0.22,0.25
36,76.25,Unknown,Xinjiang,4.22,0.14,0.94,0.33,0.48,0.08,0,0,0,0,0.18,0.25
36,76.5,Unknown,Xinjiang,5.1,0.07,0.42,0.21,0.16,0.12,0.19,0.17,0.01,0,0.14,0.15
36,76.75,Unknown,Xinjiang,5.9,0.02,0.14,0.11,0,0.15,0.35,0.31,0.02,0,0.12,0.07
36,77,Unknown,Xinjiang,6.51,0.02,0.14,0.11,0,0.15,0.35,0.31,0.02,0,0.12,0.07
36,78.5,Unknown,Xinjiang,5.6,0.02,0.14,0.11,0,0.15,0.35,0.31,0.02,0,0.12,0.07
36,78.75,Hotan County,Xinjiang,5.19,0.02,0.14,0.1,0,0.15,0.34,0.3,0.02,0,0.11,0.06
36,79,Hotan County,Xinjiang,4.8,0.02,0.12,0.1,0.01,0.15,0.31,0.28,0.02,0,0.1,0.06
36,79.25,Hotan County,Xinjiang,4.45,0.01,0.11,0.09,0.03,0.17,0.26,0.25,0.01,0,0.09,0.05
36,79.5,Hotan County,Xinjiang,4.14,0.01,0.09,0.08,0.04,0.17,0.21,0.21,0.01,0,0.07,0.05
36,79.75,Hotan County,Xinjiang,3.86,0.01,0.1,0.08,0.05,0.18,0.17,0.17,0.01,0,0.06,0.04
36,80,Hotan County,Xinjiang,3.61,0.01,0.11,0.08,0.06,0.19,0.14,0.15,0,0,0.06,0.04
36.25,72.5,Unknown,Khyber Pakhtunkhwa,0,0,0,0,0,0.03,5.64,17.43,3.05,0.16,0,0
36.25,72.75,Gupis-Yasin District,Gilgit-Baltistan,0,0,0,0,0,0.03,5.63,17.38,3.04,0.16,0,0
36.25,73,Gupis-Yasin District,Gilgit-Baltistan,0.05,0,0.04,0.03,0.02,0.03,5.57,17.2,3.03,0.15,0.03,0.02
36.25,73.25,Gupis-Yasin District,Gilgit-Baltistan,0.59,0.11,0.5,0.37,0.25,0.16,5.2,16.05,2.89,0.14,0.43,0.3
36.25,73.5,Gupis-Yasin District,Gilgit-Baltistan,1.98,0.38,1.65,1.26,0.88,0.47,4.27,13.2,2.54,0.12,1.43,1.02
36.25,73.75,Ghizer District,Gilgit-Baltistan,3.66,0.7,3.05,2.33,1.62,0.84,3.15,9.78,2.12,0.08,2.64,1.89
36.25,74,Ghizer District,Gilgit-Baltistan,4.34,0.91,3.89,3.01,2.17,1.04,2.21,7.02,1.79,0.06,3.32,2.35
36.25,74.25,Nagar District,Gilgit-Baltistan,3.41,0.97,3.91,3.14,2.5,0.99,1.38,4.89,1.55,0.03,3.19,2.16
36.25,74.5,Hunza District,Gilgit-Baltistan,1.94,0.95,3.57,3.02,2.67,0.83,0.75,3.43,1.39,0.01,2.75,1.72
36.25,74.75,Nagar District,Gilgit-Baltistan,1.21,0.94,3.4,2.96,2.75,0.76,0.44,2.69,1.31,0,2.52,1.51
36.25,75,Nagar District,Gilgit-Baltistan,0.98,0.77,3.31,2.93,2.79,0.76,0.27,2.37,1.27,0,2.41,1.4
36.25,75.25,Nagar District,Gilgit-Baltistan,0.95,0.56,3.07,2.49,2.67,0.63,0.18,1.86,1.05,0,2.03,1.17
36.25,75.5,Hunza District,Gilgit-Baltistan,1.31,0.4,2.73,1.7,2.29,0.43,0.1,1.15,0.66,0,1.38,0.83
36.25,75.75,Hunza District,Gilgit-Baltistan,1.95,0.29,2.5,1.02,1.88,0.25,0.04,0.57,0.33,0,0.82,0.53
36.25,76,Hunza District,Gilgit-Baltistan,2.67,0.22,2.06,0.67,1.41,0.16,0.02,0.28,0.16,0,0.52,0.39
36.25,76.25,Unknown,Xinjiang,3.44,0.18,1.5,0.5,0.94,0.12,0.01,0.14,0.08,0,0.35,0.32
36.25,76.5,Unknown,Xinjiang,4.27,0.12,0.96,0.35,0.55,0.12,0.1,0.15,0.04,0,0.24,0.23
36.25,76.75,Unknown,Xinjiang,5.09,0.07,0.55,0.23,0.27,0.13,0.23,0.23,0.03,0,0.18,0.15
36.5,72.5,Unknown,Khyber Pakhtunkhwa,0,0,0,0,0,0.03,5.64,17.45,3.04,0.16,0,0
36.5,72.75,Unknown,Khyber Pakhtunkhwa,0,0,0,0,0,0.03,5.64,17.41,3.05,0.16,0,0
36.5,73,Gupis-Yasin District,Gilgit-Baltistan,0.02,0,0.01,0,0.01,0.03,5.6,17.31,3.03,0.15,0.01,0
36.5,73.25,Gupis-Yasin District,Gilgit-Baltistan,0.3,0.05,0.26,0.19,0.13,0.09,5.4,16.68,2.96,0.15,0.22,0.16
36.5,73.5,Gupis-Yasin District,Gilgit-Baltistan,1.15,0.22,0.96,0.73,0.51,0.28,4.84,14.94,2.75,0.13,0.82,0.59
36.5,73.75,Ghizer District,Gilgit-Baltistan,2.4,0.46,2.01,1.53,1.06,0.56,4,12.36,2.44,0.11,1.73,1.24
36.5,74,Ghizer District,Gilgit-Baltistan,3.37,0.69,2.95,2.27,1.62,0.8,3.1,9.69,2.11,0.08,2.52,1.79
36.5,74.25,Nagar District,Gilgit-Baltistan,3.39,0.83,3.43,2.7,2.06,0.89,2.24,7.29,1.83,0.06,2.86,1.98
36.5,74.5,Hunza District,Gilgit-Baltistan,2.67,0.89,3.5,2.86,2.36,0.86,1.5,5.36,1.61,0.04,2.8,1.85
36.5,74.75,Hunza District,Gilgit-Baltistan,1.94,0.91,3.45,2.91,2.56,0.81,0.97,4.03,1.46,0.02,2.66,1.68
36.5,75,Hunza District,Gilgit-Baltistan,1.46,0.84,3.38,2.92,2.68,0.79,0.63,3.21,1.36,0.01,2.54,1.54
36.5,75.25,Hunza District,Gilgit-Baltistan,1.21,0.71,3.23,2.7,2.67,0.71,0.4,2.53,1.21,0,2.28,1.35
36.5,75.5,Hunza District,Gilgit-Baltistan,1.26,0.56,2.98,2.2,2.48,0.57,0.25,1.84,0.94,0,1.83,1.09
36.5,75.75,Hunza District,Gilgit-Baltistan,1.6,0.42,2.74,1.61,2.18,0.41,0.14,1.21,0.63,0,1.33,0.81
36.5,76,Taxkorgan Tajik Autonomous County,Xinjiang,2.14,0.32,2.4,1.14,1.79,0.29,0.08,0.74,0.4,0,0.93,0.6
36.5,76.25,Taxkorgan Tajik Autonomous County,Xinjiang,2.79,0.25,1.95,0.82,1.37,0.2,0.04,0.44,0.24,0,0.64,0.46
36.75,73,Chitrāl District,Khyber Pakhtunkhwa,0.01,0,0,0,0,0.03,5.62,17.37,3.04,0.16,0,0
36.75,73.25,Chitrāl District,Khyber Pakhtunkhwa,0.16,0.03,0.13,0.1,0.06,0.06,5.52,17.02,3,0.15,0.12,0.08
36.75,73.5,Chitrāl District,Khyber Pakhtunkhwa,0.65,0.12,0.55,0.42,0.28,0.17,5.18,15.98,2.88,0.14,0.47,0.34
36.75,73.75,Unknown,Khyber Pakhtunkhwa,1.53,0.29,1.28,0.97,0.67,0.36,4.59,14.17,2.66,0.12,1.1,0.79
36.75,74,Ghizer District,Gilgit-Baltistan,2.45,0.49,2.11,1.62,1.15,0.58,3.84,11.93,2.39,0.1,1.81,1.29
36.75,74.25,Hunza District,Gilgit-Baltistan,2.92,0.66,2.77,2.16,1.6,0.74,3.04,9.61,2.11,0.08,2.34,1.63
36.75,74.5,Hunza District,Gilgit-Baltistan,2.79,0.77,3.13,2.51,1.98,0.8,2.27,7.48,1.86,0.06,2.57,1.74
36.75,74.75,Hunza District,Gilgit-Baltistan,2.37,0.84,3.29,2.71,2.27,0.81,1.62,5.76,1.66,0.04,2.62,1.71
36.75,75,Hunza District,Gilgit-Baltistan,1.91,0.84,3.33,2.82,2.47,0.8,1.12,4.48,1.51,0.02,2.58,1.62
36.75,75.25,Hunza District,Gilgit-Baltistan,1.56,0.77,3.28,2.76,2.57,0.75,0.76,3.51,1.36,0.02,2.43,1.49
36.75,75.5,Taxkorgan Tajik Autonomous County,Xinjiang,1.41,0.66,3.13,2.48,2.53,0.66,0.51,2.67,1.15,0.01,2.13,1.29
36.75,75.75,Taxkorgan Tajik Autonomous County,Xinjiang,1.51,0.54,2.94,2.05,2.35,0.53,0.33,1.94,0.89,0,1.73,1.05
37,73.5,Unknown,Badakhshan Province,0.36,0.06,0.31,0.23,0.15,0.11,5.38,16.6,2.95,0.15,0.26,0.19
37,73.75,Unknown,Badakhshan Province,0.95,0.18,0.79,0.6,0.42,0.23,4.98,15.39,2.8,0.13,0.68,0.49
37,74,Unknown,Badakhshan Province,1.7,0.33,1.45,1.11,0.78,0.41,4.41,13.66,2.6,0.12,1.25,0.89
37,74.25,Unknown,Badakhshan Province,2.31,0.5,2.11,1.64,1.19,0.57,3.73,11.64,2.35,0.1,1.79,1.26
37,74.5,Unknown,Badakhshan Province,2.55,0.63,2.62,2.07,1.59,0.69,3,9.56,2.11,0.08,2.18,1.5
37,74.75,Hunza District,Gilgit-Baltistan,2.46,0.74,2.96,2.39,1.93,0.75,2.31,7.66,1.88,0.06,2.4,1.61
37,75,Taxkorgan Tajik Autonomous County,Xinjiang,2.19,0.79,3.14,2.61,2.2,0.77,1.71,6.07,1.7,0.04,2.49,1.62
37,75.25,Taxkorgan Tajik Autonomous County,Xinjiang,1.87,0.78,3.21,2.68,2.39,0.76,1.24,4.79,1.53,0.03,2.46,1.55
37,75.5,Taxkorgan Tajik Autonomous County,Xinjiang,1.64,0.72,3.17,2.58,2.46,0.7,0.88,3.73,1.33,0.02,2.29,1.42
37.25,74.5,Unknown,Badakhshan Province,2.14,0.5,2.08,1.63,1.22,0.56,3.64,11.42,2.33,0.1,1.75,1.22
37.25,74.75,Taxkorgan Tajik Autonomous County,Xinjiang,2.3,0.62,2.52,2.01,1.58,0.65,2.97,9.54,2.11,0.08,2.07,1.41
37.25,75,Taxkorgan Tajik Autonomous County,Xinjiang,2.24,0.7,2.83,2.31,1.89,0.71,2.34,7.8,1.9,0.06,2.28,1.51
37.25,75.25,Taxkorgan Tajik Autonomous County,Xinjiang,2.06,0.74,3.02,2.5,2.14,0.74,1.79,6.3,1.72,0.04,2.37,1.53
