Latitude,Longitude,District,State,Jan,Feb,Mar,Apr,May,Jun,Jul,Aug,Sep,Oct,Nov,Dec
8.25,77.0,Kanyakumari,Tamil Nadu,2.83,0.0,0.33,1.93,20.65,1.28,4.1,1.72,5.86,9.57,19.38,1.31
8.25,77.25,Kalkulam,Tamil Nadu,2.34,0.0,0.65,2.42,14.76,2.97,3.87,1.14,4.05,11.23,16.42,3.59
8.25,77.5,Thovalai,Tamil Nadu,5.2,0.0,1.53,1.02,6.7,0.17,1.47,0.4,2.06,7.72,11.59,1.67
8.25,77.75,Radhapuram,Tamil Nadu,6.62,0.0,1.15,0.8,3.59,0.58,0.76,0.37,1.13,6.94,13.39,1.49
8.5,76.75,Kanyakumari,Tamil Nadu,2.84,0.03,1.68,3.48,26.05,3.65,7.32,5.8,7.56,14.76,14.29,0.97
8.5,77.0,Thiruvananthapuram,Kerala,2.95,0.03,0.98,2.38,19.47,2.6,4.94,2.35,6.48,15.17,21.79,1.63
8.5,77.25,Vilavancode,Tamil Nadu,11.65,1.77,1.4,2.38,8.18,2.33,3.1,1.18,2.73,11.28,20.44,3.8
8.5,77.5,Nanguneri,Tamil Nadu,5.14,0.04,0.75,0.01,3.22,0.01,0.04,1.94,0.85,6.91,13.41,3.67
8.5,77.75,Nanguneri,Tamil Nadu,7.73,0.0,1.12,0.88,1.62,1.07,0.51,0.19,0.82,8.44,13.58,0.91
8.5,78.0,Tiruchendur,Tamil Nadu,7.47,0.0,0.71,0.36,2.4,0.31,0.21,0.04,0.16,3.71,17.16,1.41
8.75,76.5,Unknown,Unknown,2.37,0.21,2.5,1.96,23.79,4.92,7.39,7.27,8.96,17.06,10.51,0.23
8.75,76.75,Varkala,Kerala,2.95,0.31,2.9,5.08,27.82,7.37,7.77,7.73,8.65,21.21,16.7,1.59
8.75,77.0,Nedumangad,Kerala,2.67,0.17,2.3,2.89,19.91,6.66,5.79,5.68,6.28,17.43,17.53,3.54
8.75,77.25,Ambasamudram,Tamil Nadu,14.44,1.78,0.65,1.04,3.59,0.14,1.82,0.38,0.59,8.35,16.98,3.05
8.75,77.5,Cheranmahadevi,Tamil Nadu,7.07,0.59,0.55,1.25,2.1,0.68,0.86,0.26,1.01,5.92,16.76,2.44
8.75,77.75,Palayamkottai,Tamil Nadu,6.15,0.0,0.57,0.6,0.89,0.58,0.08,0.56,0.62,7.91,15.29,0.76
8.75,78.0,Thoothukkudi,Tamil Nadu,7.77,0.0,0.89,0.15,0.84,1.79,1.23,0.78,1.15,8.05,16.13,0.68
9.0,76.5,Unknown,Unknown,2.46,0.11,2.41,3.5,24.01,8.14,9.7,10.51,11.22,15.04,14.66,0.58
9.0,76.75,Kottarakkara,Kerala,4.4,0.71,4.69,8.83,30.99,10.89,10.09,10.56,11.83,26.13,21.67,2.65
9.0,77.0,Punalur,Kerala,2.62,0.16,1.75,0.67,16.73,10.74,9.05,9.56,12.22,22.16,27.2,8.72
9.0,77.25,Shenkottai,Tamil Nadu,3.72,0.46,3.2,0.65,5.44,1.04,2.45,1.94,1.42,7.76,12.27,6.01
9.0,77.5,Veerakeralamputhur,Tamil Nadu,2.79,0.04,0.58,2.56,3.42,1.03,1.97,0.95,1.31,6.04,11.71,1.38
9.0,77.75,Kovilpatti,Tamil Nadu,4.28,0.0,0.0,2.16,0.67,0.99,0.66,0.58,1.24,4.29,12.03,0.62
9.0,78.0,Ottapidaram,Tamil Nadu,5.12,0.27,0.29,1.2,1.59,0.95,0.28,0.45,1.02,4.12,12.85,0.6
9.25,76.25,Unknown,Unknown,2.09,0.04,1.73,3.36,19.41,7.77,9.68,9.91,8.89,12.48,12.22,0.5
9.25,76.5,Karthikappally,Kerala,4.21,0.22,1.9,4.45,24.1,9.91,15.6,13.1,11.34,16.4,18.38,0.68
9.25,76.75,Unknown,Kerala,7.56,0.96,5.31,12.65,29.41,14.29,13.96,14.85,12.5,32.77,26.6,1.85
9.25,77.0,Konni,Kerala,3.78,1.27,2.39,0.43,7.23,3.94,4.02,4.21,4.5,11.38,17.44,6.19
9.25,77.25,Konni,Kerala,5.18,1.94,2.71,0.25,2.59,0.52,0.88,1.58,0.34,5.46,12.82,3.79
9.25,77.5,Sankarankoil,Tamil Nadu,3.79,0.07,1.31,0.84,3.95,0.81,1.39,1.1,0.61,5.35,12.74,3.14
9.25,77.75,Sankarankoil,Tamil Nadu,3.5,0.03,0.03,4.67,2.1,1.35,1.04,1.24,2.05,3.45,12.61,2.21
9.25,78.0,Ettayapuram,Tamil Nadu,5.04,0.63,0.66,0.41,2.91,1.38,0.17,0.89,0.81,4.04,11.54,0.86
9.25,78.25,Vilathikulam,Tamil Nadu,8.53,0.0,0.0,0.39,2.94,1.26,0.38,1.29,1.64,4.7,9.64,0.6
9.25,78.5,Kadaladi,Tamil Nadu,6.07,0.0,0.0,1.76,2.33,0.31,0.18,0.27,0.56,2.53,4.23,0.46
9.25,78.75,Ramanathapuram,Tamil Nadu,8.87,0.06,0.01,0.67,1.3,0.1,0.54,0.72,1.48,6.5,9.95,1.14
9.25,79.25,Unknown,Unknown,10.26,0.51,0.08,0.43,0.78,0.42,0.04,0.5,0.29,9.07,17.83,2.22
9.5,76.25,Unknown,Unknown,2.74,0.01,2.01,3.11,22.85,10.48,13.64,13.21,11.04,13.87,16.55,0.65
9.5,76.5,Kuttanad,Kerala,4.77,0.21,2.67,7.74,26.91,14.46,19.07,14.22,12.59,22.13,21.11,2.24
9.5,76.75,Changanassery,Kerala,2.73,0.12,2.47,6.27,26.84,24.48,23.49,15.07,15.22,31.76,20.65,3.48
9.5,77.0,Peerumade,Kerala,4.83,0.71,1.6,4.98,18.26,17.38,18.9,11.28,10.28,22.77,16.83,3.76
9.5,77.25,Peerumade,Kerala,5.2,1.07,1.82,0.58,2.58,0.8,1.66,2.01,0.55,4.68,11.93,3.66
9.5,77.5,Rajapalayam,Tamil Nadu,3.32,0.0,1.05,1.41,2.72,1.39,3.42,0.4,0.94,4.96,14.3,6.53
9.5,77.75,Sivakasi,Tamil Nadu,3.18,0.03,0.52,4.64,2.56,0.84,1.17,2.43,2.3,2.95,11.17,1.96
9.5,78.0,Virudhunagar,Tamil Nadu,3.68,0.0,0.03,3.0,1.31,0.72,0.27,1.95,2.84,4.13,12.48,0.89
9.5,78.25,Tiruchuli,Tamil Nadu,5.85,0.0,0.01,0.76,1.7,2.52,1.28,1.2,2.42,6.29,12.78,0.59
9.5,78.5,Mudukulathur,Tamil Nadu,6.62,0.0,0.0,0.72,1.37,3.85,1.99,1.76,3.9,7.95,12.67,0.58
9.5,78.75,Paramakudi,Tamil Nadu,8.91,0.0,0.0,0.47,1.47,0.34,0.9,1.09,2.99,8.73,13.07,1.94
9.5,79.0,Ramnathapuram,Tamil Nadu,9.78,0.43,0.07,0.67,0.94,0.45,0.22,0.54,1.28,8.76,16.89,2.42
9.5,79.25,Outside India,Outside India,10.05,0.49,0.08,0.59,0.8,0.45,0.11,0.55,0.84,9.0,17.12,2.25
9.75,76.25,Unknown,Unknown,4.85,0.0,0.99,5.9,26.65,21.58,24.09,27.08,20.43,15.83,15.75,2.37
9.75,76.5,Vaikom,Kerala,7.61,0.23,3.26,6.97,20.62,17.2,18.95,15.21,10.49,18.66,15.59,1.82
9.75,76.75,Meenachil,Kerala,2.14,0.14,1.37,5.11,19.85,23.9,25.85,17.15,13.71,25.69,16.96,2.39
9.75,77.0,Peerumade,Kerala,7.46,1.05,1.03,6.55,15.4,11.81,17.73,10.66,7.53,17.8,16.09,3.8
9.75,77.25,Uthamapalayam,Tamil Nadu,5.03,0.45,1.13,4.23,9.3,4.06,8.13,3.86,2.78,9.35,13.45,4.67
9.75,77.5,Andipatti,Tamil Nadu,3.27,0.0,0.35,1.04,3.54,2.33,4.66,1.74,2.09,4.7,10.36,2.67
9.75,77.75,Peraiyur,Tamil Nadu,2.86,0.03,0.14,2.33,2.11,2.1,3.18,2.37,4.2,4.3,10.32,1.57
9.75,78.0,Thirumangalam,Tamil Nadu,4.5,0.33,0.02,2.37,2.02,2.03,1.58,0.77,3.98,7.76,14.42,0.81
9.75,78.25,Tiruchuli,Tamil Nadu,4.8,0.09,0.26,1.86,1.78,2.13,1.35,0.68,4.3,10.01,9.86,0.86
9.75,78.5,Sivaganga,Tamil Nadu,6.06,0.0,0.12,0.7,1.67,1.78,1.87,1.16,4.56,8.17,11.39,1.12
9.75,78.75,Tiruvadanai,Tamil Nadu,8.65,0.0,0.02,0.74,1.85,0.6,0.42,2.36,7.44,9.54,12.5,1.57
10.0,76.0,Outside India,Outside India,3.95,0.05,1.45,2.93,20.8,16.53,20.42,13.53,10.89,16.75,13.24,0.86
10.0,76.25,Kanayannur,Kerala,4.56,0.0,2.98,3.14,22.75,15.2,21.82,14.73,10.78,17.8,13.13,0.56
10.0,76.5,Kunnathunad,Kerala,5.06,0.52,3.27,7.1,21.18,17.64,21.22,15.46,9.94,23.39,16.34,0.98
10.0,76.75,Kothamangalam,Kerala,2.77,0.3,1.45,4.65,16.23,19.14,28.46,16.62,11.86,20.1,13.8,1.31
10.0,77.0,Devikulam,Kerala,2.59,0.08,1.38,3.55,12.58,10.32,23.79,11.42,8.14,12.07,11.27,2.35
10.0,77.25,Udumbanchola,Kerala,2.8,0.13,1.49,4.31,7.88,1.18,2.31,1.23,0.87,6.46,12.67,5.47
10.0,77.5,Theni,Tamil Nadu,8.75,0.0,2.76,1.15,3.81,1.49,2.28,1.22,1.44,3.06,7.84,3.78
10.0,77.75,Usilampatti,Tamil Nadu,4.69,0.0,0.0,0.98,4.74,2.6,6.17,4.33,4.47,5.66,7.66,2.73
10.0,78.0,Madurai North,Tamil Nadu,5.33,0.02,0.0,0.34,1.09,2.03,4.51,1.95,4.8,7.72,7.78,1.35
10.0,78.25,Melur,Tamil Nadu,4.84,0.0,0.15,0.37,1.62,1.87,2.58,1.83,5.09,8.19,8.16,0.91
10.0,78.5,Sivaganga,Tamil Nadu,5.78,0.0,0.68,0.28,1.96,1.64,2.03,2.31,5.13,8.6,11.07,1.58
10.0,78.75,Karaikkudi,Tamil Nadu,7.74,0.04,0.8,0.53,1.2,1.05,2.2,2.03,5.27,7.77,11.17,1.42
10.0,79.0,Avudayarkoil taluk,Tamil Nadu,10.23,0.01,0.0,1.32,0.91,1.04,0.89,1.18,3.69,13.06,12.85,1.51
10.25,76.0,Unknown,Unknown,2.83,0.18,0.96,2.97,18.09,15.48,23.25,12.99,10.56,16.97,14.55,0.85
10.25,76.25,Chalakkudy,Kerala,5.1,0.0,2.63,3.7,21.76,14.08,24.99,14.13,8.19,18.37,12.18,0.32
10.25,76.5,Aluva,Kerala,2.51,0.26,2.25,3.04,17.64,11.56,23.22,13.54,10.39,19.8,11.32,1.53
10.25,76.75,Kothamangalam,Kerala,2.51,0.53,1.41,2.96,15.41,14.95,30.02,15.9,14.39,18.68,11.35,2.96
10.25,77.0,Valparai,Tamil Nadu,3.39,0.35,1.68,3.28,14.51,13.65,29.93,15.29,12.79,14.95,10.99,2.52
10.25,77.25,Devikulam,Kerala,8.1,0.81,1.24,4.13,5.59,4.29,4.06,6.2,4.49,12.04,11.58,2.42
10.25,77.5,Kodaikanal,Tamil Nadu,5.78,0.5,0.95,2.82,4.06,3.37,2.67,3.39,2.05,7.61,9.03,1.73
10.25,77.75,Athoor,Tamil Nadu,5.3,0.18,0.06,1.06,2.64,2.52,3.49,1.5,1.67,5.98,7.71,1.7
10.25,78.0,Dindigul,Tamil Nadu,7.3,0.39,0.0,1.53,2.69,3.12,1.89,3.05,2.26,9.97,8.09,1.62
10.25,78.25,Natham,Tamil Nadu,4.99,0.03,0.0,0.97,1.8,2.13,2.18,2.12,3.96,7.35,10.26,1.59
10.25,78.5,Ponnamaravathi taluk,Tamil Nadu,7.01,0.0,0.0,0.45,1.72,5.76,0.88,4.21,5.43,9.07,10.47,1.72
10.25,78.75,Thirumayam taluk,Tamil Nadu,5.92,0.39,0.01,0.13,0.79,1.75,0.95,4.54,3.79,8.51,10.52,1.33
10.25,79.0,Aranthangi taluk,Tamil Nadu,13.5,0.0,0.0,0.79,0.35,0.45,1.87,1.85,7.76,7.03,25.26,2.23
10.25,79.25,Peravurani,Tamil Nadu,12.46,0.02,0.0,0.77,0.75,0.82,2.37,2.44,7.48,6.88,19.66,1.8
10.5,76.0,Pālghāt,Kerala,1.0,0.1,0.96,2.18,18.77,14.0,18.96,13.52,9.27,18.99,11.1,0.7
10.5,76.25,Thrissur,Kerala,1.72,0.09,0.62,3.04,21.36,14.7,19.1,14.32,9.29,19.04,12.07,0.75
10.5,76.5,Alathur,Kerala,1.19,0.11,0.73,2.23,8.48,8.56,16.22,7.29,7.37,18.61,7.04,2.1
10.5,76.75,Chittur,Kerala,1.94,0.32,0.7,2.45,10.21,9.06,19.03,9.52,9.05,16.04,10.34,1.99
10.5,77.0,Valparai,Tamil Nadu,3.56,1.24,0.33,1.81,4.43,3.83,7.37,3.79,3.56,8.77,8.66,3.1
10.5,77.25,Udumalaipettai,Tamil Nadu,4.07,1.49,0.0,2.44,0.83,0.7,1.23,0.81,0.69,5.17,11.25,1.71
10.5,77.5,Palani,Tamil Nadu,5.19,0.37,0.0,2.47,0.71,2.84,1.34,2.33,1.41,5.44,15.21,0.97
10.5,77.75,Oddanchatram,Tamil Nadu,5.81,0.24,0.0,3.01,1.15,4.77,3.05,0.42,3.58,7.05,8.5,0.87
10.5,78.0,Vedasandur,Tamil Nadu,5.03,0.03,0.04,0.54,0.67,1.0,2.76,2.21,4.3,6.69,11.45,0.94
10.5,78.25,Manapparai,Tamil Nadu,5.36,0.0,0.04,1.27,0.83,2.05,3.48,1.51,4.82,6.7,13.92,1.91
10.5,78.5,Iluppur taluk,Tamil Nadu,4.89,0.0,0.0,0.59,1.49,4.24,1.84,1.45,4.64,6.89,11.84,0.97
10.5,78.75,Kulathur taluk,Tamil Nadu,5.91,0.0,0.0,0.25,2.22,0.37,2.99,2.35,7.98,10.76,15.23,0.82
10.5,79.0,Pudukkottai taluk,Tamil Nadu,7.02,0.0,0.0,0.08,0.92,0.22,1.05,2.39,4.64,4.85,14.78,1.02
10.5,79.25,Pattukkottai,Tamil Nadu,11.11,0.0,0.0,1.03,2.66,0.27,0.87,4.54,8.06,6.16,20.25,1.2
10.5,79.5,Mannargudi,Tamil Nadu,11.54,0.0,0.0,1.51,1.77,2.23,2.31,2.95,5.39,7.83,25.44,2.41
10.5,79.75,Vedaranyam,Tamil Nadu,12.0,0.01,0.0,1.27,2.5,2.53,2.37,2.32,4.47,10.03,26.19,2.34
10.75,75.75,Unknown,Unknown,1.31,0.01,0.66,3.78,19.61,12.58,15.39,13.78,7.83,19.11,7.87,0.59
10.75,76.0,Ponnani,Kerala,0.99,0.19,2.25,1.79,15.24,9.95,16.49,14.81,11.53,20.15,9.03,0.72
10.75,76.25,Ottappalam,Kerala,1.42,0.0,1.59,5.48,12.73,9.96,16.29,12.07,13.9,21.85,7.58,0.62
10.75,76.5,Alathur,Kerala,1.64,0.0,1.99,2.24,4.45,9.61,17.13,9.28,10.4,14.25,7.66,0.52
10.75,76.75,Palakkad,Kerala,1.96,0.0,0.65,2.38,3.76,4.74,9.13,3.68,4.76,9.72,8.61,1.14
10.75,77.0,Pollachi,Tamil Nadu,3.33,0.82,0.08,1.65,2.34,1.38,3.05,1.18,1.32,7.1,8.34,2.24
10.75,77.25,Madathukulam,Tamil Nadu,3.47,0.59,0.06,0.68,2.58,1.12,0.9,0.66,0.35,5.56,10.91,1.55
10.75,77.5,Dharapuram,Tamil Nadu,3.48,0.48,0.07,0.74,1.0,0.78,1.24,0.33,0.53,3.1,6.82,0.58
10.75,77.75,Dharapuram,Tamil Nadu,6.6,0.01,0.0,2.22,2.42,2.11,2.73,0.17,4.52,7.84,6.64,0.89
10.75,78.0,Vedasandur,Tamil Nadu,3.41,0.0,0.0,0.69,0.3,0.34,1.19,1.78,3.11,6.82,9.58,1.83
10.75,78.25,Kadavur,Tamil Nadu,2.53,0.0,0.01,0.0,0.16,1.13,4.13,1.09,4.04,7.59,7.88,0.67
10.75,78.5,Kulithalai,Tamil Nadu,4.18,0.0,0.45,0.57,1.76,1.97,4.73,3.91,3.53,7.9,12.08,0.98
10.75,78.75,Thiruverumbur,Tamil Nadu,5.5,0.0,0.03,0.28,1.43,1.24,2.66,1.53,3.93,8.37,17.14,0.93
10.75,79.0,Thanjavur,Tamil Nadu,9.11,0.16,0.08,0.32,1.87,1.23,3.31,9.74,3.88,10.42,20.82,0.51
10.75,79.25,Papanasam,Tamil Nadu,10.8,0.1,0.0,1.2,0.8,2.17,0.78,1.45,6.52,9.93,20.55,0.05
10.75,79.5,Kudavasal,Tamil Nadu,11.78,0.1,0.0,0.09,1.44,0.48,0.92,1.55,2.95,14.6,29.74,1.5
10.75,79.75,Kilvelur,Tamil Nadu,10.73,0.28,0.0,0.09,2.08,0.38,3.39,2.65,2.86,14.06,33.68,3.43
11.0,75.75,Unknown,Unknown,3.42,0.1,1.54,3.03,19.84,13.73,17.11,13.63,8.69,18.75,11.76,1.11
11.0,76.0,Ernad,Kerala,2.56,0.75,0.87,6.1,12.58,12.62,15.89,11.79,9.88,17.75,9.55,0.4
11.0,76.25,Perinthalmanna,Kerala,2.14,0.09,2.01,6.24,12.72,10.56,16.56,14.65,12.06,32.22,10.23,2.38
11.0,76.5,Mannarkad,Kerala,1.89,0.06,1.77,4.05,8.3,8.87,15.05,10.99,10.24,23.04,8.71,1.98
11.0,76.75,Coimbatore South,Tamil Nadu,4.94,0.23,0.0,1.36,1.55,0.34,0.69,1.05,1.11,4.98,7.5,2.05
11.0,77.0,Coimbatore North,Tamil Nadu,3.1,0.02,0.0,1.53,1.45,0.07,0.37,0.27,0.9,5.86,7.39,0.97
11.0,77.25,Palladam,Tamil Nadu,2.84,0.22,0.05,3.2,0.86,0.67,1.12,1.26,4.02,6.54,7.0,1.68
11.0,77.5,Kangeyam,Tamil Nadu,3.33,0.08,0.39,2.66,3.07,1.11,2.36,0.54,1.41,4.26,7.37,2.21
11.0,77.75,Kangeyam,Tamil Nadu,3.74,0.59,0.0,2.43,1.39,1.76,1.6,2.28,2.36,6.69,6.56,2.16
11.0,78.0,Aravakurichi,Tamil Nadu,2.89,0.0,0.0,0.98,0.9,1.05,1.44,2.11,3.88,7.08,5.81,2.2
11.0,78.25,Thottiyam,Tamil Nadu,2.77,0.0,0.0,0.42,0.22,1.21,2.89,3.63,4.6,8.41,9.58,0.81
11.0,78.5,Musiri,Tamil Nadu,4.45,0.0,0.0,0.69,1.56,2.81,3.42,1.77,3.37,5.07,15.32,2.43
11.0,78.75,Manachanallur,Tamil Nadu,4.81,0.0,0.01,0.55,1.55,4.25,2.3,1.31,3.69,6.36,13.79,0.92
11.0,79.0,Ariyalur,Tamil Nadu,15.39,1.74,0.95,0.7,5.9,4.92,3.39,1.37,2.16,11.73,17.28,2.76
11.0,79.25,Ariyalur,Tamil Nadu,12.27,0.32,0.0,0.17,1.08,1.21,0.83,8.15,3.89,8.94,19.3,1.83
11.0,79.5,Thiruvidaimarudur,Tamil Nadu,9.15,0.75,0.0,0.02,0.58,1.05,1.43,3.54,3.77,10.43,24.9,2.5
11.0,79.75,Thirunallar Taluk,Puducherry,8.37,0.69,0.0,0.02,1.08,0.73,1.73,2.23,2.69,11.48,29.38,2.0
11.25,75.75,Unknown,Unknown,3.4,0.36,1.5,2.14,22.04,15.45,19.27,12.62,10.2,22.4,12.81,1.05
11.25,76.0,Ernad,Kerala,2.38,0.16,0.1,2.14,10.3,10.2,17.38,12.89,9.14,13.98,6.05,0.4
11.25,76.25,Nilambur,Kerala,2.4,0.02,0.05,2.1,9.61,9.81,18.61,12.16,10.32,15.03,7.58,0.64
11.25,76.5,Kundah,Tamil Nadu,5.35,1.23,2.08,3.33,6.3,4.39,8.19,6.42,3.52,7.66,8.09,2.07
11.25,76.75,Mettupalayam,Tamil Nadu,3.81,1.85,0.45,1.53,2.75,0.49,1.61,3.07,2.58,7.79,8.14,1.03
11.25,77.0,Mettupalayam,Tamil Nadu,4.33,1.24,0.11,2.55,15.23,19.89,38.2,21.41,18.22,23.79,15.82,2.47
11.25,77.25,Avanashi,Tamil Nadu,2.26,0.18,0.0,3.65,0.96,0.85,1.12,2.58,3.8,9.89,7.25,1.37
11.25,77.5,Perundurai,Tamil Nadu,1.24,0.34,0.0,4.8,1.31,0.92,2.13,3.57,2.07,8.64,4.95,1.42
11.25,77.75,Modakkurichi,Tamil Nadu,3.15,0.84,0.0,2.16,1.36,1.67,2.01,2.69,4.26,7.17,6.35,2.37
11.25,78.0,Paramathi-Velur,Tamil Nadu,2.03,0.06,0.0,1.85,0.88,3.16,3.55,2.09,3.52,6.39,8.17,1.12
11.25,78.25,Sendamangalam,Tamil Nadu,2.24,0.09,0.0,1.34,0.73,2.93,5.48,1.21,3.15,5.26,11.92,0.75
11.25,78.5,Thuraiyur,Tamil Nadu,4.07,0.11,0.0,0.86,1.02,2.88,6.74,1.49,5.91,6.51,14.51,1.72
11.25,78.75,Perambalur,Tamil Nadu,4.64,0.03,0.0,1.16,1.57,3.22,5.54,2.66,5.0,9.31,14.8,2.06
11.25,79.0,Kunnam,Tamil Nadu,7.05,0.0,0.0,0.1,1.12,4.91,3.9,4.1,7.59,9.36,19.63,1.71
11.25,79.25,Sendurai,Tamil Nadu,9.86,0.83,0.0,1.01,2.28,2.0,1.97,3.68,5.35,8.71,23.45,2.71
11.25,79.5,Kattumannarkoil,Tamil Nadu,10.13,1.84,0.01,0.09,2.24,1.43,3.14,3.22,3.81,11.67,26.4,5.45
11.25,79.75,Sirkali,Tamil Nadu,9.42,1.35,0.01,0.07,1.16,1.65,2.06,2.26,2.73,9.2,26.19,3.07
11.5,75.5,Unknown,Unknown,5.31,0.16,1.36,1.47,17.02,14.09,20.9,15.63,11.52,16.95,11.17,1.26
11.5,75.75,Koyilandi,Kerala,2.92,0.38,0.9,2.27,18.25,18.39,26.58,14.57,12.06,16.15,11.27,0.85
11.5,76.0,Thamarassery,Kerala,2.1,0.63,0.84,3.66,12.58,14.85,23.34,12.08,8.95,11.37,8.57,0.33
11.5,76.25,Nilambur,Kerala,2.69,0.1,0.05,1.51,12.96,12.64,21.02,11.61,16.28,23.72,11.08,0.77
11.5,76.5,Gudalur,Tamil Nadu,2.5,0.02,0.52,2.2,6.05,6.63,14.04,8.24,5.1,8.37,9.13,1.25
11.5,76.75,Udhagamandalam,Tamil Nadu,5.28,4.09,3.68,3.55,6.48,3.11,4.31,4.86,2.65,10.6,9.04,2.89
11.5,77.0,Sathyamangalam,Tamil Nadu,1.44,0.37,0.04,1.99,3.07,3.03,4.95,4.1,4.52,13.0,7.64,2.48
11.5,77.25,Sathyamangalam,Tamil Nadu,2.36,0.22,0.0,1.24,3.11,2.37,2.13,1.69,3.22,11.9,9.79,0.7
11.5,77.5,Gobichettipalayam,Tamil Nadu,1.21,1.44,0.0,3.2,1.28,1.2,2.12,2.5,2.34,9.07,6.53,1.47
11.5,77.75,Sankari,Tamil Nadu,2.42,1.01,0.0,2.47,1.52,1.57,1.93,2.65,5.02,8.63,7.2,2.23
11.5,78.0,Tiruchengode,Tamil Nadu,1.35,0.0,0.0,3.89,1.96,3.94,5.46,3.12,6.08,11.85,15.39,1.87
11.5,78.25,Rasipuram,Tamil Nadu,3.16,0.13,0.0,1.38,2.51,2.34,7.96,2.43,3.68,3.9,13.66,0.79
11.5,78.5,Attur,Tamil Nadu,2.84,0.2,0.0,1.37,3.27,2.06,10.0,2.57,5.64,5.7,14.01,0.96
11.5,78.75,Gangavalli,Tamil Nadu,5.68,0.07,0.0,0.16,1.73,2.4,3.86,3.95,3.83,8.17,17.96,2.78
11.5,79.0,Veppur,Tamil Nadu,6.35,0.24,0.0,0.09,1.74,2.16,2.45,3.34,4.18,6.28,21.29,2.16
11.5,79.25,Virudhachalam,Tamil Nadu,9.9,0.99,0.0,0.38,3.89,1.69,2.65,3.99,5.36,7.8,24.83,1.94
11.5,79.5,Bhuvanagiri,Tamil Nadu,14.61,2.74,0.03,0.14,2.59,2.83,3.05,3.61,3.94,9.32,32.44,3.23
11.5,79.75,Bhuvanagiri,Tamil Nadu,13.28,4.79,0.02,0.08,1.38,2.57,3.32,3.82,4.05,10.35,34.18,3.48
11.75,75.25,Unknown,Unknown,2.21,0.47,1.07,3.43,17.23,13.36,19.26,16.92,11.97,19.12,10.68,0.57
11.75,75.5,Thalassery,Kerala,4.65,0.75,1.46,3.47,15.46,15.63,19.91,15.87,12.82,17.54,10.61,0.7
11.75,75.75,Vadakara,Kerala,2.43,0.62,0.33,2.98,9.18,14.62,23.35,10.87,9.59,12.79,5.75,0.65
11.75,76.0,Mananthavady,Kerala,1.89,0.66,0.54,4.12,9.24,6.34,14.93,7.38,4.17,10.51,5.61,0.43
11.75,76.25,Sulthanbathery,Kerala,1.72,0.61,0.49,4.01,7.73,5.25,10.95,7.61,3.54,10.31,6.84,0.34
11.75,76.5,Gundlupet taluk,Karnataka,0.87,0.01,0.01,1.95,3.9,1.46,8.95,7.35,3.63,8.06,10.56,0.88
11.75,76.75,Gundlupet taluk,Karnataka,1.58,0.76,0.0,2.81,1.72,1.25,3.38,3.22,0.85,5.81,6.3,0.65
11.75,77.0,Thalavadi,Tamil Nadu,1.47,0.59,0.01,2.55,1.42,0.97,2.44,2.43,1.3,7.19,5.48,1.27
11.75,77.25,Thalavadi,Tamil Nadu,1.24,0.17,0.01,1.91,2.07,1.62,2.39,2.32,2.28,9.42,8.91,1.42
11.75,77.5,Anthiyur,Tamil Nadu,0.68,0.98,0.0,2.04,0.41,2.61,2.35,2.53,4.25,8.21,7.05,2.07
11.75,77.75,Mettur,Tamil Nadu,0.75,0.65,0.0,1.64,0.64,3.41,3.93,3.2,5.89,7.54,7.64,1.74
11.75,78.0,Omalur,Tamil Nadu,2.89,0.06,0.0,2.48,3.95,6.72,8.57,4.13,15.04,11.63,11.99,0.75
11.75,78.25,Yercaud,Tamil Nadu,1.36,0.07,0.0,1.12,1.5,1.84,4.16,1.79,3.8,2.84,4.75,0.39
11.75,78.5,Attur,Tamil Nadu,1.29,0.09,0.0,0.15,0.98,0.85,3.31,1.04,2.09,1.94,4.82,0.52
11.75,78.75,Sankarapuram,Tamil Nadu,6.1,0.37,0.0,0.08,3.43,0.17,4.57,5.26,4.68,6.88,17.99,2.3
11.75,79.0,Kallakkurichi,Tamil Nadu,2.36,0.05,0.0,0.01,1.32,1.35,2.39,2.8,2.26,3.72,17.99,1.22
11.75,79.25,Ulundurpettai,Tamil Nadu,2.33,0.88,0.0,0.04,2.26,1.48,5.39,4.18,3.51,6.68,23.5,1.46
11.75,79.5,Panruti,Tamil Nadu,3.72,8.85,0.0,0.01,2.12,1.44,5.84,4.56,4.05,7.88,35.78,3.13
11.75,79.75,Cuddalore,Tamil Nadu,7.81,7.85,0.0,0.06,1.57,1.62,4.29,4.75,4.29,10.34,35.6,2.89
12.0,75.0,Unknown,Unknown,1.9,0.13,0.5,3.19,16.13,16.62,22.67,17.57,12.2,16.79,10.75,0.29
12.0,75.25,Kodagu,Karnataka,1.71,0.2,0.15,3.27,18.25,19.47,22.22,17.71,13.19,16.59,10.61,0.17
12.0,75.5,Taliparamba,Kerala,2.57,0.25,0.12,4.67,13.25,17.55,23.43,15.79,13.97,18.06,9.08,0.3
12.0,75.75,Iritty,Kerala,1.04,0.52,0.02,3.09,6.48,13.62,15.67,9.42,9.22,13.05,3.82,0.73
12.0,76.0,Ponnampete taluk,Karnataka,0.81,0.5,0.0,2.09,4.0,4.12,7.01,3.2,3.28,12.23,5.34,0.8
12.0,76.25,Heggadadevanakote taluk,Karnataka,0.9,0.07,0.0,1.54,3.41,1.77,6.66,7.7,4.39,15.78,11.93,0.34
12.0,76.5,Nanjanagudu taluk,Karnataka,0.38,0.21,0.02,1.59,1.9,1.65,4.42,5.26,1.81,11.56,9.89,1.22
12.0,76.75,Chamarajanagara taluk,Karnataka,0.33,0.83,0.02,2.17,0.99,2.45,3.09,3.35,0.65,5.87,7.59,0.16
12.0,77.0,Chamarajanagara taluk,Karnataka,0.97,0.22,0.0,2.89,1.97,3.31,3.37,2.54,2.98,6.28,6.3,0.76
12.0,77.25,Hanur taluk,Karnataka,0.57,0.12,0.0,1.77,3.58,2.21,3.85,2.5,0.62,5.69,8.95,0.66
12.0,77.5,Hanur taluk,Karnataka,0.72,0.17,0.0,2.85,4.62,2.47,5.64,4.79,5.18,6.53,10.13,2.07
12.0,77.75,Pennagaram,Tamil Nadu,1.47,0.53,0.0,3.64,2.73,2.51,3.83,2.96,5.72,7.27,8.43,1.73
12.0,78.0,Nallampalli,Tamil Nadu,1.21,0.01,0.0,1.8,1.03,1.45,3.46,1.95,3.53,3.86,7.12,0.63
12.0,78.25,Dharmapuri,Tamil Nadu,3.57,0.0,0.0,0.69,2.16,3.24,3.46,3.46,2.59,3.53,13.28,0.36
12.0,78.5,Harur,Tamil Nadu,2.62,0.0,0.0,0.14,1.57,1.99,2.17,2.37,2.43,2.42,9.93,0.6
12.0,78.75,Sankarapuram,Tamil Nadu,3.41,0.65,0.0,1.41,3.01,1.53,2.81,3.76,5.72,5.64,13.06,3.05
12.0,79.0,Sankarapuram,Tamil Nadu,1.96,0.03,0.0,0.03,1.84,0.92,6.0,3.09,4.94,8.88,19.84,1.29
12.0,79.25,Kandachipuram,Tamil Nadu,3.03,0.64,0.0,0.07,1.87,1.5,6.24,6.21,4.25,11.36,24.24,1.4
12.0,79.5,Vikravandi,Tamil Nadu,4.26,3.94,0.0,0.05,1.03,1.59,5.54,6.22,2.98,7.7,28.94,2.44
12.0,79.75,Villianur Taluk,Puducherry,4.55,5.49,0.0,0.06,1.39,1.15,6.3,4.95,5.06,9.82,35.16,3.13
12.25,75.0,Unknown,Unknown,2.73,0.15,0.65,2.78,12.53,17.65,26.48,17.94,11.3,12.97,10.96,0.31
12.25,75.25,Hosdurg,Kerala,3.08,0.46,0.42,5.03,17.87,25.13,31.29,21.64,16.51,14.88,10.64,0.48
12.25,75.5,Taliparamba,Kerala,2.39,0.65,0.13,6.21,13.46,23.18,32.24,17.38,11.51,11.5,6.13,0.41
12.25,75.75,Virajpet taluk,Karnataka,1.09,0.59,0.12,4.58,9.34,13.45,21.76,9.37,9.4,12.08,3.74,0.51
12.25,76.0,Ponnampete taluk,Karnataka,0.6,0.51,0.16,2.11,3.06,2.05,4.03,2.49,3.27,10.15,4.79,0.42
12.25,76.25,Hunasuru taluk,Karnataka,0.6,0.34,0.0,1.07,2.52,2.09,4.46,4.63,2.19,13.07,8.37,0.61
12.25,76.5,Heggadadevanakote taluk,Karnataka,0.53,0.65,0.01,1.3,1.27,3.07,3.76,2.71,1.65,13.14,8.33,0.97
12.25,76.75,Mysuru taluk,Karnataka,0.14,0.45,0.13,2.45,0.97,1.22,2.12,1.66,0.9,4.55,2.84,0.38
12.25,77.0,Malavalli taluk,Karnataka,0.42,0.35,0.01,1.63,2.13,2.08,4.21,2.74,3.08,6.6,5.16,0.97
12.25,77.25,Hanur taluk,Karnataka,0.77,0.12,0.0,1.85,3.25,2.23,4.51,3.94,2.96,6.06,8.54,1.26
12.25,77.5,Anchetty,Tamil Nadu,1.23,0.14,0.0,3.06,4.86,1.96,6.36,4.62,6.61,6.06,9.84,1.8
12.25,77.75,Anchetty,Tamil Nadu,1.75,0.25,0.0,2.77,3.13,1.67,5.89,3.11,5.95,5.22,8.5,1.77
12.25,78.0,Pennagaram,Tamil Nadu,1.28,0.01,0.0,1.5,1.55,0.83,5.39,1.97,2.82,4.68,9.36,1.32
12.25,78.25,Karimangalam,Tamil Nadu,2.27,0.0,0.0,1.83,4.09,1.13,5.13,2.49,5.26,5.72,14.5,0.71
12.25,78.5,Uthangarai,Tamil Nadu,1.71,0.18,0.0,0.71,3.13,0.98,5.23,3.34,7.16,7.16,16.12,1.85
12.25,78.75,Chengam,Tamil Nadu,1.68,0.64,0.0,0.34,2.46,1.12,4.03,3.65,6.51,7.07,17.35,2.75
12.25,79.0,Chengam,Tamil Nadu,1.9,0.89,0.0,0.23,2.6,1.39,5.18,3.84,5.17,9.06,17.21,2.55
12.25,79.25,Gingee,Tamil Nadu,2.46,1.14,0.0,0.0,2.93,2.1,7.7,6.21,3.57,12.7,21.74,1.23
12.25,79.5,Gingee,Tamil Nadu,6.58,0.24,0.0,0.02,3.64,2.18,5.52,3.03,3.74,9.66,26.56,2.32
12.25,79.75,Tindivanam,Tamil Nadu,3.83,2.03,0.0,0.24,1.09,1.28,8.38,3.76,6.13,9.14,36.15,3.51
12.5,75.0,Kasaragod,Kerala,4.04,0.61,0.97,2.57,12.73,22.63,29.92,23.47,15.88,13.94,10.78,0.49
12.5,75.25,Kasaragod,Kerala,3.52,0.45,0.51,5.14,15.7,23.89,33.98,21.16,16.23,13.4,10.57,0.54
12.5,75.5,Sulya taluk,Karnataka,2.3,0.71,0.17,4.7,12.02,22.09,34.56,18.83,14.97,11.58,8.29,0.35
12.5,75.75,Madikeri taluku,Karnataka,1.35,1.34,0.25,4.18,5.02,6.52,15.11,5.99,5.02,8.23,5.9,0.27
12.5,76.0,Piriyapattana taluk,Karnataka,0.63,0.58,0.19,2.03,3.27,3.05,6.71,2.53,2.09,9.29,5.4,0.23
12.5,76.25,Saligrama taluku,Karnataka,0.36,0.48,0.0,2.04,2.63,1.01,4.42,2.92,2.04,10.89,7.15,1.63
12.5,76.5,Krishnarajapete taluk,Karnataka,0.45,0.85,0.0,2.41,0.9,0.9,3.8,1.72,1.61,10.32,10.65,1.18
12.5,76.75,Pandavapura taluk,Karnataka,0.22,0.34,0.0,3.19,5.09,2.7,5.2,3.05,2.52,7.29,6.83,2.28
12.5,77.0,Madduru taluk,Karnataka,0.31,0.7,0.0,3.17,3.38,1.21,4.24,3.49,3.85,6.65,8.41,1.72
12.5,77.25,Kanakapura taluk,Karnataka,0.86,0.23,0.0,1.36,1.22,1.24,2.37,4.07,3.31,4.92,7.04,1.25
12.5,77.5,Harohalli taluk,Karnataka,0.87,0.11,0.0,1.09,1.46,2.01,2.77,2.23,3.16,5.64,7.81,0.7
12.5,77.75,Denkanikottai,Tamil Nadu,1.35,0.02,0.0,0.83,1.44,1.3,3.77,2.06,3.1,4.33,8.21,0.87
12.5,78.0,Palakkodu,Tamil Nadu,1.09,0.31,0.0,1.32,2.09,1.95,4.96,3.48,7.07,4.25,8.69,0.24
12.5,78.25,Krishnagiri,Tamil Nadu,0.99,0.07,0.0,1.9,2.91,1.04,6.85,3.63,5.69,3.81,12.47,0.66
12.5,78.5,Tirupathur,Tamil Nadu,0.59,0.01,0.0,1.06,1.03,1.2,7.14,3.9,7.74,3.61,15.71,1.24
12.5,78.75,Vaniyambadi,Tamil Nadu,1.13,0.7,0.0,0.65,1.86,1.51,8.28,5.35,8.27,6.42,16.36,2.04
12.5,79.0,Kalasapakkam,Tamil Nadu,1.52,1.59,0.0,0.63,3.2,1.37,11.1,7.32,7.62,7.77,14.88,2.27
12.5,79.25,Chetpet,Tamil Nadu,1.63,0.43,0.0,1.04,1.19,0.77,9.99,3.79,7.36,7.03,17.78,4.36
12.5,79.5,Vandavasi,Tamil Nadu,2.58,0.34,0.0,0.61,1.69,0.45,7.21,2.88,5.04,6.59,22.15,5.0
12.5,79.75,Unknown,Tamil Nadu,4.41,0.92,0.0,0.27,1.2,0.93,7.61,2.64,3.99,9.06,30.35,2.19
12.5,80.0,Cheyyur,Tamil Nadu,4.42,0.69,0.0,0.81,1.49,0.72,4.63,4.03,4.34,8.21,37.45,3.29
12.75,74.75,Dakshina Kannada,Karnataka,3.23,0.58,0.91,3.25,16.24,27.84,35.39,20.43,15.01,15.69,11.65,0.36
12.75,75.0,Bantwal taluk,Karnataka,3.47,0.36,0.42,0.81,11.92,18.28,22.19,15.99,12.94,12.58,9.01,0.38
12.75,75.25,Putturu taluk,Karnataka,4.74,0.39,0.55,3.57,14.79,22.52,33.78,18.6,12.07,15.81,13.24,0.16
12.75,75.5,Kadaba taluk,Karnataka,2.0,0.43,0.38,3.09,8.44,19.97,34.88,15.31,10.23,9.41,8.37,0.06
12.75,75.75,Sakaleshapura taluk,Karnataka,1.08,1.02,0.0,1.59,4.41,8.09,16.53,5.72,5.7,8.51,5.82,0.2
12.75,76.0,Arakalagudu taluk,Karnataka,1.1,1.2,0.0,1.94,3.38,4.15,7.25,2.19,2.59,9.54,6.83,0.45
12.75,76.25,Hole Narasipura taluk,Karnataka,0.23,0.59,0.0,2.32,4.88,1.41,4.21,2.9,3.01,9.23,6.97,1.94
12.75,76.5,Krishnarajapete taluk,Karnataka,1.07,0.59,0.0,2.32,3.33,4.26,10.8,5.15,3.26,11.5,6.66,1.32
12.75,76.75,Nagamangala taluk,Karnataka,1.02,0.85,0.0,3.17,4.95,7.54,15.33,7.69,4.9,8.65,7.82,0.96
12.75,77.0,Madduru taluk,Karnataka,0.58,0.67,0.0,3.77,4.58,2.53,2.91,3.69,3.34,6.94,8.15,1.22
12.75,77.25,Ramanagara taluk,Karnataka,0.72,0.53,0.0,3.07,4.14,1.69,3.06,3.73,4.19,6.24,6.92,1.01
12.75,77.5,Bangalore South,Karnataka,0.7,0.34,0.0,1.56,2.74,3.15,4.76,3.62,2.95,7.97,8.11,0.35
12.75,77.75,Anekal,Karnataka,1.25,0.87,0.0,1.69,1.97,2.11,5.18,3.44,2.84,5.02,8.42,0.91
12.75,78.0,Shoolagiri,Tamil Nadu,1.02,0.84,0.0,1.32,1.81,2.09,8.35,3.86,6.92,5.35,9.86,0.61
12.75,78.25,Gudupalle,Andhra Pradesh,0.82,0.06,0.0,1.04,1.55,2.06,9.72,4.33,10.03,7.11,11.72,0.85
12.75,78.5,Kuppam,Andhra Pradesh,0.42,0.0,0.0,1.26,2.86,1.81,4.51,6.96,10.09,4.69,14.53,1.09
12.75,78.75,Ambur,Tamil Nadu,0.93,0.01,0.0,1.11,3.78,1.96,5.6,5.49,7.12,5.63,12.41,1.14
12.75,79.0,Vellore,Tamil Nadu,2.28,0.74,0.0,1.09,2.08,1.92,10.08,5.28,6.19,6.8,19.1,3.0
12.75,79.25,Arani,Tamil Nadu,2.29,0.36,0.0,0.25,2.0,1.61,8.22,5.25,7.02,8.62,20.41,4.19
12.75,79.5,Vembakkam,Tamil Nadu,2.75,0.22,0.0,1.0,1.8,1.31,8.08,5.31,6.88,9.1,24.09,3.37
12.75,79.75,Kanchipuram,Tamil Nadu,2.96,0.12,0.0,0.23,0.49,0.57,3.26,3.21,2.44,8.26,26.4,2.13
12.75,80.0,Chengalpattu,Tamil Nadu,9.32,0.1,0.0,0.66,0.83,0.82,5.33,6.06,3.08,9.48,32.14,3.67
13.0,74.75,Dakshina Kannada,Karnataka,2.47,0.1,0.47,4.19,12.34,26.37,35.13,15.33,10.55,14.7,8.71,0.56
13.0,75.0,Moodabidri taluk,Karnataka,3.02,0.53,0.79,2.77,15.34,23.99,33.65,19.47,13.58,16.21,11.36,0.38
13.0,75.25,Beltangadi taluk,Karnataka,7.16,0.58,0.01,6.71,13.8,25.55,33.13,21.56,15.62,18.53,12.97,0.95
13.0,75.5,Beltangadi taluk,Karnataka,2.66,0.82,0.0,3.44,7.22,20.69,31.72,11.26,14.26,13.03,8.58,1.98
13.0,75.75,Beluru taluk,Karnataka,1.78,1.19,0.0,1.33,4.96,9.56,16.75,4.39,5.03,6.22,7.66,0.72
13.0,76.0,Aluru taluk,Karnataka,2.55,1.67,0.0,4.37,6.08,6.09,6.72,1.4,7.64,14.93,14.17,2.88
13.0,76.25,Hasana taluk,Karnataka,0.69,1.34,0.0,3.25,6.31,3.19,3.12,2.68,3.07,8.95,7.11,2.51
13.0,76.5,Channarayapattana taluk,Karnataka,0.53,1.36,0.0,3.44,3.76,4.93,4.33,4.93,3.61,15.28,10.41,2.8
13.0,76.75,Nagamangala taluk,Karnataka,0.89,1.09,0.0,3.33,3.09,5.92,3.7,4.86,5.62,11.0,7.17,1.65
13.0,77.0,Kunigal taluk,Karnataka,1.32,0.79,0.0,3.08,4.14,3.4,3.29,2.3,4.61,11.33,7.85,0.69
13.0,77.25,Magadi taluku,Karnataka,0.41,0.57,0.0,0.88,2.61,4.7,5.73,2.75,3.45,8.16,9.12,0.66
13.0,77.5,Bangalore North,Karnataka,0.63,0.4,0.0,2.21,3.85,3.8,6.25,3.27,5.34,11.5,8.27,0.2
13.0,77.75,Bangalore East,Karnataka,0.7,0.64,0.0,1.96,2.57,3.45,5.05,2.51,6.57,8.43,12.31,0.48
13.0,78.0,Maluru taluk,Karnataka,0.7,0.25,0.0,1.77,1.83,3.53,9.44,5.14,9.58,5.68,14.22,0.13
13.0,78.25,Bangarapet taluk,Karnataka,0.86,0.14,0.0,1.23,3.18,3.0,5.62,8.25,9.63,5.6,13.07,0.79
13.0,78.5,Venkatagirikota,Andhra Pradesh,0.76,0.0,0.0,1.1,3.36,2.56,5.46,6.96,8.04,5.08,13.43,1.07
13.0,78.75,Gudiyatham,Tamil Nadu,1.25,0.01,0.0,1.01,4.1,2.11,6.14,4.23,5.15,5.46,11.41,1.18
13.0,79.0,Katpadi,Tamil Nadu,1.44,0.12,0.0,0.85,2.98,2.62,7.0,6.33,6.58,5.34,15.9,1.89
13.0,79.25,Katpadi,Tamil Nadu,1.36,0.0,0.0,0.32,2.77,3.03,6.57,5.9,7.9,7.22,16.72,3.11
13.0,79.5,Arakonam,Tamil Nadu,2.6,0.2,0.0,0.71,2.04,1.82,6.17,3.63,5.16,7.31,18.1,2.63
13.0,79.75,Kanchipuram,Tamil Nadu,5.56,0.33,0.0,0.84,1.33,2.63,7.09,6.38,3.55,8.73,23.42,4.83
13.0,80.0,Kanchipuram,Tamil Nadu,7.12,0.01,0.0,0.64,1.02,2.75,4.6,4.89,3.86,6.09,31.72,6.53
13.25,74.5,Dakshina Kannada,Karnataka,3.28,0.23,0.21,2.96,16.13,28.21,30.9,18.46,15.71,10.62,9.88,0.57
13.25,74.75,Kapu taluku,Karnataka,3.14,0.2,0.39,3.36,16.04,27.72,33.47,21.38,17.34,10.65,11.55,0.6
13.25,75.0,Karkala taluk,Karnataka,4.1,0.92,0.57,3.31,9.87,26.61,35.72,23.83,14.54,13.73,10.83,0.42
13.25,75.25,Kalasa taluk,Karnataka,2.26,1.35,0.55,4.08,11.02,22.47,24.35,13.96,8.06,11.04,9.38,0.93
13.25,75.5,Mudigere taluk,Karnataka,1.1,1.45,0.0,1.09,4.91,8.18,11.86,5.03,5.11,11.1,7.84,1.45
13.25,75.75,Chikkamagaluru taluku,Karnataka,0.44,1.39,0.0,0.93,4.06,3.31,5.04,2.99,1.6,7.91,7.18,0.8
13.25,76.0,Beluru taluk,Karnataka,0.73,1.47,0.0,2.0,4.06,3.34,4.36,2.59,3.01,10.96,8.95,1.88
13.25,76.25,Arasikere taluku,Karnataka,0.25,2.01,0.0,3.65,3.17,3.05,3.2,3.29,2.21,10.56,7.32,1.77
13.25,76.5,Tipaturu taluk,Karnataka,0.28,0.72,0.0,3.32,3.43,3.38,3.65,3.81,1.67,10.97,8.36,1.83
13.25,76.75,Turuvekere taluk,Karnataka,0.66,0.96,0.0,2.77,3.47,6.62,5.52,3.8,1.31,11.3,10.21,1.29
13.25,77.0,Tumkur taluk,Karnataka,0.51,0.7,0.0,2.37,3.11,5.2,5.42,3.92,2.38,8.59,10.06,0.88
13.25,77.25,Nelamangala taluk,Karnataka,0.37,0.49,0.0,0.68,2.31,4.35,6.77,4.14,3.48,7.57,8.99,0.76
13.25,77.5,Doddaballapura taluk,Karnataka,0.37,1.47,0.0,1.94,1.45,3.96,7.09,5.09,1.92,8.83,9.34,0.4
13.25,77.75,Devanahalli taluku,Karnataka,0.41,0.7,0.0,2.14,2.74,2.91,6.1,4.46,2.49,9.47,10.07,0.28
13.25,78.0,Kolar taluk,Karnataka,0.59,0.15,0.0,1.51,3.87,2.74,7.44,6.28,4.03,8.07,9.99,0.29
13.25,78.25,Srinivasapura taluku,Karnataka,0.53,0.65,0.0,1.07,2.16,4.66,7.7,8.17,5.65,5.85,11.86,0.94
13.25,78.5,Mulubagilu taluk,Karnataka,0.31,0.2,0.0,0.94,2.06,5.29,11.56,8.42,6.16,5.33,15.02,0.69
13.25,78.75,Gangavaram,Andhra Pradesh,0.71,0.0,0.0,1.04,1.84,4.41,8.28,7.09,6.88,6.65,14.1,1.13
13.25,79.0,Thavanampalle,Andhra Pradesh,0.92,0.0,0.0,0.98,1.3,3.51,6.27,6.44,6.62,7.02,12.78,1.18
13.25,79.25,Gangadhara Nellore,Andhra Pradesh,1.13,0.25,0.0,1.01,2.9,4.01,10.6,5.25,5.23,8.08,18.28,1.67
13.25,79.5,Pallipattu,Tamil Nadu,2.73,1.06,0.0,1.22,1.78,3.17,10.24,5.38,4.71,6.81,19.35,2.12
13.25,79.75,Vijayapuram,Andhra Pradesh,3.59,0.26,0.0,0.08,1.47,1.41,9.08,8.41,2.97,5.93,29.33,3.56
13.25,80.0,Thiruvallur,Tamil Nadu,3.57,0.27,0.0,0.7,0.21,1.26,8.43,6.97,3.7,8.78,37.57,2.81
13.25,80.25,Ponneri,Tamil Nadu,3.94,0.27,0.0,0.65,0.37,1.45,8.13,5.98,3.12,7.38,35.39,3.99
13.5,74.5,Unknown,Unknown,3.04,0.31,0.38,2.7,13.63,27.27,32.9,19.56,19.07,11.78,7.84,1.5
13.5,74.75,Brahmavara taluku,Karnataka,4.0,0.76,0.22,2.67,12.74,35.38,44.38,29.81,24.57,12.07,7.79,1.2
13.5,75.0,Hebri taluku,Karnataka,5.06,1.62,0.08,2.51,6.35,46.27,63.59,46.06,32.11,11.56,7.67,0.89
13.5,75.25,Koppa taluk,Karnataka,2.81,2.34,0.29,2.85,6.77,17.3,28.9,14.82,8.31,9.04,8.01,0.09
13.5,75.5,Narasimharajapura taluk,Karnataka,1.87,2.49,0.02,1.51,5.45,7.46,13.55,5.81,3.21,9.61,7.59,0.31
13.5,75.75,Chikkamagaluru taluku,Karnataka,0.94,3.09,0.0,1.39,4.88,2.69,5.18,3.29,0.4,9.41,5.64,1.37
13.5,76.0,Kaduru taluk,Karnataka,1.36,2.29,0.0,1.4,4.61,2.46,3.94,3.28,0.06,9.08,6.12,2.42
13.5,76.25,Arasikere taluku,Karnataka,1.33,1.09,0.0,3.2,3.49,2.71,4.54,3.71,0.39,9.87,7.73,1.37
13.5,76.5,Chikkanayakanahalli taluk,Karnataka,0.93,2.4,0.0,2.76,3.11,4.18,3.41,5.0,0.53,11.06,8.31,0.67
13.5,76.75,Gubbi taluk,Karnataka,0.61,1.8,0.0,1.89,2.47,5.51,4.5,3.88,0.86,10.48,9.45,0.75
13.5,77.0,Tumkur taluk,Karnataka,0.2,1.03,0.0,1.17,3.22,2.07,4.09,2.79,1.06,8.25,10.68,0.54
13.5,77.25,Koratagere taluku,Karnataka,0.07,0.8,0.0,2.91,3.66,2.55,8.03,5.86,2.29,10.01,9.88,0.25
13.5,77.5,Gauribidanuru taluk,Karnataka,0.15,1.12,0.0,2.49,1.69,3.37,6.33,5.34,1.89,9.65,9.83,0.38
13.5,77.75,Chikkaballapura taluk,Karnataka,0.4,0.63,0.0,2.18,2.54,2.68,5.82,4.46,1.29,9.01,9.47,0.34
13.5,78.0,Sidlaghatta taluk,Karnataka,0.5,0.34,0.0,1.6,3.44,2.79,6.45,5.64,2.23,7.16,9.35,0.45
13.5,78.25,Srinivasapura taluku,Karnataka,0.46,1.11,0.0,1.4,1.84,3.01,7.85,5.27,3.17,5.39,8.93,0.77
13.5,78.5,Madanapalle,Andhra Pradesh,0.51,1.35,0.0,1.5,1.49,3.12,8.85,5.04,4.87,4.82,9.87,1.24
13.5,78.75,Somala,Andhra Pradesh,0.63,0.31,0.0,1.27,2.17,4.15,6.85,5.36,9.28,7.4,14.27,2.1
13.5,79.0,Pakala,Andhra Pradesh,0.81,0.01,0.0,1.36,1.34,3.73,7.18,5.23,9.92,9.13,14.89,2.39
13.5,79.25,Ramachandrapuram,Andhra Pradesh,1.52,0.12,0.0,1.41,1.83,3.94,9.01,3.73,5.17,5.33,20.14,2.38
13.5,79.5,Vadamalapeta,Andhra Pradesh,3.12,0.15,0.0,0.57,1.57,2.58,9.05,5.54,4.18,6.74,19.71,3.33
13.5,79.75,Kumara Venkata Bhupalapuram,Andhra Pradesh,4.12,0.54,0.0,0.08,1.03,2.48,9.47,3.43,4.24,6.18,24.15,4.83
13.5,80.0,Satyavedu,Andhra Pradesh,3.58,0.6,0.0,0.32,0.33,1.76,8.48,3.02,4.13,6.61,28.91,2.57
13.5,80.25,Tada,Andhra Pradesh,3.45,0.47,0.0,0.46,0.22,1.46,7.99,4.91,3.6,7.2,33.3,2.55
13.75,74.5,Unknown,Unknown,1.96,0.25,0.32,2.23,13.58,31.15,39.56,20.89,22.38,9.29,8.29,1.7
13.75,74.75,Kundapura,Karnataka,2.85,0.28,0.19,1.85,13.26,37.56,46.65,24.46,26.66,9.71,10.87,1.13
13.75,75.0,Hosanagara taluk,Karnataka,2.53,1.16,0.94,3.64,8.37,24.86,41.27,18.71,19.43,8.51,5.27,0.3
13.75,75.25,Tirthahalli taluk,Karnataka,2.65,2.38,0.41,2.96,6.33,17.46,28.75,12.75,8.72,9.73,7.78,0.09
13.75,75.5,Narasimharajapura taluk,Karnataka,1.62,1.82,0.13,0.97,4.36,5.43,10.63,4.89,2.17,7.54,6.28,0.33
13.75,75.75,Tarikere taluku,Karnataka,1.89,2.76,0.0,1.25,4.02,4.12,9.73,4.55,1.42,9.82,6.16,0.38
13.75,76.0,Ajjampura taluku,Karnataka,0.83,1.94,0.0,1.0,4.43,2.86,6.09,3.8,0.37,10.94,6.46,2.01
13.75,76.25,Hosadurga taluku,Karnataka,0.85,1.06,0.0,1.52,3.39,3.09,4.55,3.83,0.08,10.35,6.99,1.67
13.75,76.5,Hosadurga taluku,Karnataka,0.9,3.21,0.0,2.15,2.37,4.55,3.12,4.7,0.52,12.05,8.59,0.31
13.75,76.75,Sira taluk,Karnataka,0.46,0.61,0.0,2.83,1.19,4.58,2.94,2.57,0.77,13.05,7.35,0.59
13.75,77.0,Agali,Andhra Pradesh,0.42,0.75,0.0,1.42,2.45,2.86,3.46,1.98,0.8,7.34,7.03,0.37
13.75,77.25,Madhugiri taluk,Karnataka,0.11,1.01,0.0,3.01,3.76,3.24,4.36,2.2,1.02,11.8,7.59,0.31
13.75,77.5,Hindupur,Andhra Pradesh,0.09,0.83,0.0,1.84,2.24,4.06,5.37,2.53,1.04,10.03,7.23,0.34
13.75,77.75,Gudibande taluk,Karnataka,0.33,0.67,0.0,2.15,3.82,2.99,3.97,3.72,1.12,6.79,7.16,0.54
13.75,78.0,Bagepalli taluk,Karnataka,0.34,0.69,0.0,2.07,4.64,3.47,5.85,5.13,1.74,7.45,9.6,0.52
13.75,78.25,Pedda Thippasamudram,Andhra Pradesh,0.33,1.09,0.0,1.79,1.61,4.12,5.29,3.58,3.98,4.92,9.99,0.66
13.75,78.5,Thamballapalle,Andhra Pradesh,0.32,1.18,0.0,1.51,3.11,4.73,4.85,3.03,7.59,4.18,13.31,1.78
13.75,78.75,Kalikiri,Andhra Pradesh,0.33,1.12,0.0,1.43,2.48,4.74,4.72,2.99,7.48,4.56,13.43,1.66
13.75,79.0,Pileru,Andhra Pradesh,1.32,0.19,0.0,1.12,1.51,3.35,5.92,3.53,6.32,5.98,18.1,2.18
13.75,79.25,Tirupati (Urban),Andhra Pradesh,1.81,0.03,0.0,1.47,1.3,3.03,5.32,2.31,3.24,4.93,22.08,2.2
13.75,79.5,Renigunta,Andhra Pradesh,2.38,0.07,0.0,1.7,0.2,2.29,3.27,2.81,2.89,6.17,21.93,3.99
13.75,79.75,Thottambedu,Andhra Pradesh,3.25,1.32,0.0,0.16,0.08,1.13,9.08,2.22,3.49,8.73,29.25,1.08
13.75,80.0,Doravarisatram,Andhra Pradesh,3.42,1.16,0.0,0.1,0.19,1.42,8.96,2.12,3.79,7.74,28.34,1.64
13.75,80.25,Unknown,Unknown,3.48,0.94,0.0,0.17,0.26,1.56,8.86,2.15,3.91,7.15,27.97,1.93
14.0,74.5,Unknown,Unknown,1.26,0.13,0.1,2.36,12.84,31.91,49.15,20.09,23.46,5.74,6.79,2.33
14.0,74.75,Sagara taluk,Karnataka,2.74,0.34,0.27,1.85,11.91,39.96,48.5,21.88,30.16,9.43,10.48,0.86
14.0,75.0,Sagara taluk,Karnataka,1.54,0.71,0.81,4.52,7.67,25.49,33.51,9.56,19.85,7.05,5.93,0.26
14.0,75.25,Hosanagara taluk,Karnataka,1.18,0.56,0.24,3.16,5.49,11.26,17.34,6.51,4.77,6.74,8.19,0.15
14.0,75.5,Shivamogga taluk,Karnataka,1.9,1.03,0.19,1.21,4.64,4.08,10.11,4.31,2.09,7.14,7.01,0.21
14.0,75.75,Bhadravati taluk,Karnataka,0.96,0.88,0.0,0.61,3.66,6.58,7.89,3.59,1.41,14.75,5.37,0.73
14.0,76.0,Channagiri taluku,Karnataka,0.39,0.81,0.0,0.79,4.8,3.75,6.76,4.23,0.99,9.49,5.57,0.7
14.0,76.25,Holalkere taluk,Karnataka,1.57,1.07,0.0,0.94,3.33,3.26,5.31,2.79,1.34,8.96,6.32,0.44
14.0,76.5,Hiriyuru taluk,Karnataka,0.69,1.88,0.0,1.69,1.01,4.09,3.79,2.17,0.65,9.92,6.96,0.27
14.0,76.75,Hiriyuru taluk,Karnataka,0.38,0.85,0.0,2.0,1.9,4.76,3.31,2.06,1.38,12.0,6.09,1.01
14.0,77.0,Amarapuram,Andhra Pradesh,0.3,0.61,0.0,1.72,3.13,1.76,3.27,1.93,1.12,9.38,8.0,0.62
14.0,77.25,Madakasira,Andhra Pradesh,0.12,0.47,0.0,1.27,3.23,2.5,2.88,2.4,0.65,6.31,7.39,0.26
14.0,77.5,Somandepalle,Andhra Pradesh,0.17,0.59,0.0,0.98,2.75,3.71,4.71,2.99,2.24,5.4,10.82,0.22
14.0,77.75,Gorantla,Andhra Pradesh,0.51,0.94,0.0,1.73,3.42,3.77,5.62,3.17,2.41,6.99,11.29,0.25
14.0,78.0,Obuladevaracheruvu,Andhra Pradesh,0.39,0.76,0.0,1.45,3.52,3.48,6.84,2.77,2.49,5.94,9.99,0.23
14.0,78.25,Tanakal,Andhra Pradesh,0.27,1.17,0.0,1.51,1.38,4.61,4.58,2.04,4.49,4.27,11.66,0.59
14.0,78.5,Galiveedu,Andhra Pradesh,0.37,1.33,0.0,0.66,0.8,5.64,3.19,2.65,6.32,5.65,15.23,0.96
14.0,78.75,Sambepalle,Andhra Pradesh,0.9,1.23,0.0,0.47,1.17,5.57,3.62,3.2,6.7,6.54,16.81,1.22
14.0,79.0,T Sundupalle,Andhra Pradesh,2.69,0.65,0.0,0.22,0.97,2.05,4.51,2.73,4.23,3.96,19.29,1.86
14.0,79.25,Obulavaripalle,Andhra Pradesh,2.98,0.22,0.0,1.55,0.73,1.02,2.86,2.35,2.61,5.42,23.95,2.3
14.0,79.5,Venkatagiri,Andhra Pradesh,3.28,0.12,0.0,1.63,0.59,0.89,2.36,2.58,2.52,5.95,24.91,2.5
14.0,79.75,Ojili,Andhra Pradesh,3.73,0.56,0.0,0.3,0.18,0.65,4.14,3.16,3.01,5.88,28.63,2.28
14.0,80.0,Chittamur,Andhra Pradesh,3.37,1.01,0.0,0.07,0.14,1.0,6.62,2.16,3.48,6.54,28.27,1.67
14.25,74.25,Unknown,Unknown,1.4,0.08,0.1,1.73,10.67,34.85,36.83,15.45,22.47,4.35,6.23,1.78
14.25,74.5,Honnavar taluku,Karnataka,1.15,0.12,0.11,2.19,10.42,33.68,39.73,18.63,28.09,5.13,5.31,1.44
14.25,74.75,Sagara taluk,Karnataka,0.91,0.89,0.34,1.91,5.69,26.72,36.67,14.87,13.21,6.35,4.12,0.44
14.25,75.0,Sagara taluk,Karnataka,1.04,1.03,0.06,4.23,5.02,11.06,22.1,6.25,5.54,8.11,5.49,0.37
14.25,75.25,Sagara taluk,Karnataka,1.94,0.6,0.57,2.02,3.65,5.17,12.53,4.65,2.33,8.23,6.79,0.23
14.25,75.5,Shikaripura taluk,Karnataka,0.67,0.69,0.39,0.44,3.24,5.7,10.78,2.16,1.2,6.88,5.93,0.24
14.25,75.75,Honnali taluku,Karnataka,1.32,0.28,0.18,0.8,2.92,3.68,7.47,4.18,2.38,8.44,4.63,0.78
14.25,76.0,Channagiri taluku,Karnataka,0.74,0.47,0.0,1.1,5.0,2.78,5.72,3.97,2.35,7.69,5.6,1.09
14.25,76.25,Chitradurga taluku,Karnataka,3.34,2.13,0.0,0.81,1.84,1.9,4.74,2.03,1.66,7.23,5.84,0.75
14.25,76.5,Chitradurga taluku,Karnataka,0.69,0.88,0.0,0.69,3.4,3.16,3.31,1.55,0.54,4.9,3.65,0.3
14.25,76.75,Challakere taluku,Karnataka,0.11,0.31,0.0,1.04,2.41,2.71,3.59,1.29,1.46,2.4,3.62,0.02
14.25,77.0,Kundurpi,Andhra Pradesh,0.46,0.95,0.0,1.23,1.92,4.35,4.62,2.44,5.43,8.47,9.26,0.45
14.25,77.25,Pavagada taluk,Karnataka,0.25,0.41,0.0,0.98,2.19,4.27,3.38,2.24,1.18,5.12,9.83,0.38
14.25,77.5,Pavagada taluk,Karnataka,0.27,0.33,0.0,0.29,1.53,3.82,3.3,3.75,0.72,3.14,10.13,0.13
14.25,77.75,Kothacheruvu,Andhra Pradesh,0.51,0.36,0.0,1.11,2.6,5.03,4.36,2.71,2.23,6.79,10.8,0.23
14.25,78.0,Bukkapatnam,Andhra Pradesh,0.48,0.51,0.0,1.43,2.58,4.05,5.84,2.46,2.79,5.4,11.47,0.17
14.25,78.25,Talupula,Andhra Pradesh,0.3,0.18,0.0,0.42,2.57,5.35,6.37,2.44,3.18,5.77,13.82,0.35
14.25,78.5,Chakrayapet,Andhra Pradesh,0.56,0.46,0.0,0.44,1.34,5.27,5.38,3.05,5.32,8.34,15.18,0.51
14.25,78.75,Ramapuram,Andhra Pradesh,1.43,0.66,0.0,0.29,2.01,4.77,7.13,3.14,5.73,6.23,16.89,0.89
14.25,79.0,Rajampet,Andhra Pradesh,2.85,0.8,0.0,0.13,1.07,2.52,6.29,2.38,5.22,4.35,19.04,1.68
14.25,79.25,Penagalur,Andhra Pradesh,2.95,0.56,0.0,0.42,0.26,1.75,4.89,2.46,2.85,2.99,25.03,3.43
14.25,79.5,Rapur,Andhra Pradesh,3.27,0.4,0.0,0.63,0.27,1.01,3.51,2.6,2.53,3.83,26.76,3.07
14.25,79.75,Sydapuram,Andhra Pradesh,3.19,0.47,0.0,0.15,0.31,0.3,2.46,2.51,2.8,3.79,27.28,2.39
14.25,80.0,Venkatachalam,Andhra Pradesh,2.51,0.69,0.0,0.05,0.36,0.38,3.37,1.72,2.93,3.78,26.18,2.0
14.5,74.25,Uttara Kannada,Karnataka,0.37,0.54,0.27,1.99,11.19,31.38,29.32,15.36,23.55,5.28,5.35,3.18
14.5,74.5,Kumata taluk,Karnataka,0.99,0.53,0.47,2.09,8.6,30.1,30.79,13.57,16.62,4.47,5.72,1.87
14.5,74.75,Siddapura taluk,Karnataka,1.46,0.58,0.34,1.55,4.35,18.79,26.87,8.32,6.6,6.88,5.36,0.74
14.5,75.0,Shirasi Taluk,Karnataka,1.68,0.82,0.17,2.75,2.77,7.63,17.26,5.1,4.69,8.81,4.84,0.61
14.5,75.25,Shikaripura taluk,Karnataka,1.59,0.38,1.13,1.71,3.61,5.77,11.86,3.41,1.56,9.3,7.09,0.08
14.5,75.5,Rattihalli taluk,Karnataka,2.76,0.13,0.26,1.02,5.48,3.96,7.66,2.88,1.26,7.04,5.65,0.09
14.5,75.75,Harihara taluku,Karnataka,2.22,0.01,0.35,0.83,3.04,3.31,7.77,4.07,1.12,7.99,2.89,0.33
14.5,76.0,Davanagere Taluku,Karnataka,0.8,0.1,0.11,1.5,4.64,3.87,7.82,2.66,1.37,7.86,5.33,0.73
14.5,76.25,Jagaluru taluku,Karnataka,1.4,0.87,0.0,1.06,4.28,7.25,3.88,1.15,0.43,5.45,5.68,0.56
14.5,76.5,Challakere taluku,Karnataka,0.71,0.21,0.0,0.87,4.95,5.07,3.88,2.67,0.2,5.17,4.9,0.09
14.5,76.75,Challakere taluku,Karnataka,0.22,0.78,0.0,1.76,2.82,2.08,5.08,1.73,0.17,3.91,5.68,0.54
14.5,77.0,Brahmasamudram,Andhra Pradesh,0.13,1.07,0.0,0.92,4.16,3.24,5.6,2.43,1.26,5.31,6.83,0.02
14.5,77.25,Kambadur,Andhra Pradesh,0.38,0.55,0.0,1.13,2.33,4.45,3.34,2.53,0.82,4.17,8.1,0.35
14.5,77.5,Raptadu,Andhra Pradesh,0.51,0.19,0.0,0.64,3.21,5.61,4.46,2.37,1.1,5.54,8.06,0.28
14.5,77.75,Bathalapalle,Andhra Pradesh,0.95,0.06,0.0,0.14,1.68,3.64,2.54,2.26,1.74,5.78,6.95,0.07
14.5,78.0,Lingala,Andhra Pradesh,0.85,0.15,0.0,1.0,2.02,4.62,4.16,1.99,3.23,5.76,12.67,0.11
14.5,78.25,Thonduru,Andhra Pradesh,0.48,0.14,0.0,0.62,2.7,5.28,6.24,2.18,2.6,5.38,13.86,0.29
14.5,78.5,Veerapunayunipalle,Andhra Pradesh,1.39,0.16,0.0,0.85,4.17,4.66,9.08,2.43,2.02,7.53,15.87,0.41
14.5,78.75,Vallur,Andhra Pradesh,2.08,0.26,0.0,1.09,4.8,4.7,9.92,4.78,4.24,5.21,18.75,1.48
14.5,79.0,Sidhout,Andhra Pradesh,2.37,0.38,0.0,1.25,2.43,4.08,8.44,3.93,3.38,5.41,18.86,2.19
14.5,79.25,Gopavaram,Andhra Pradesh,2.02,0.39,0.0,0.41,0.71,1.36,4.47,2.6,4.5,3.88,26.47,4.01
14.5,79.5,Chejerla,Andhra Pradesh,1.65,0.26,0.0,0.07,0.64,0.31,3.18,2.29,5.58,3.57,27.98,4.27
14.5,79.75,Podalakur,Andhra Pradesh,1.58,0.67,0.0,0.01,0.5,0.2,2.46,0.92,2.86,2.35,24.3,2.04
14.5,80.0,Kovur,Andhra Pradesh,1.77,0.51,0.0,0.02,0.42,0.26,2.67,1.72,2.93,2.78,25.99,2.58
14.75,74.25,Karwar taluk,Karnataka,0.12,0.73,0.56,1.3,12.25,30.03,36.01,13.52,24.63,7.07,4.14,2.29
14.75,74.5,Ankola taluk,Karnataka,0.96,1.29,0.86,2.21,8.16,21.75,27.48,8.96,10.59,5.85,4.66,1.64
14.75,74.75,Shirasi Taluk,Karnataka,1.11,1.13,0.86,2.46,6.32,17.72,21.0,6.27,5.12,5.12,5.69,1.26
14.75,75.0,Mundagoda taluk,Karnataka,1.38,0.59,0.23,2.53,2.91,7.97,12.3,4.08,1.71,2.96,8.14,0.11
14.75,75.25,Hanagal taluk,Karnataka,2.01,0.25,0.0,1.88,2.74,5.65,6.35,3.0,2.19,4.38,4.47,0.63
14.75,75.5,Byadagi taluk,Karnataka,1.75,0.12,0.0,1.28,4.08,5.84,5.39,3.41,1.69,4.72,5.62,0.4
14.75,75.75,Huvina Hadagali taluk,Karnataka,0.99,0.21,0.03,1.67,3.79,4.63,6.42,4.76,1.32,8.1,4.0,0.53
14.75,76.0,Harapanahalli taluku,Karnataka,0.64,0.05,0.02,1.39,3.51,5.09,4.22,2.11,2.11,6.65,4.34,0.84
14.75,76.25,Kotturu taluku,Karnataka,0.38,0.06,0.1,1.19,2.65,5.62,3.6,2.1,2.11,3.81,3.84,0.71
14.75,76.5,Kudligi taluku,Karnataka,0.3,0.41,0.0,1.43,4.5,2.62,4.3,2.85,0.37,4.51,5.4,0.16
14.75,76.75,Molakalmuru taluku,Karnataka,0.14,0.34,0.0,1.29,3.91,1.98,4.88,2.27,0.45,4.56,6.13,0.42
14.75,77.0,Kanekal,Andhra Pradesh,0.25,0.35,0.0,1.64,2.11,2.59,5.26,2.95,1.1,4.28,8.64,0.44
14.75,77.25,Uravakonda,Andhra Pradesh,0.68,0.45,0.0,2.11,2.52,4.46,3.88,2.77,0.98,4.57,7.83,0.15
14.75,77.5,Kudair,Andhra Pradesh,1.21,0.49,0.0,0.76,1.81,5.79,4.18,2.76,1.75,3.18,6.67,0.26
14.75,77.75,Narpala,Andhra Pradesh,1.14,0.2,0.0,0.3,1.57,4.11,3.87,1.93,1.83,4.06,7.09,0.1
14.75,78.0,Putlur,Andhra Pradesh,0.99,0.02,0.0,0.61,2.66,3.79,4.81,2.04,2.82,5.9,9.53,0.06
14.75,78.25,Muddanur,Andhra Pradesh,0.51,0.06,0.0,1.91,3.41,4.06,7.57,3.9,1.74,4.3,10.49,0.19
14.75,78.5,Yerraguntla,Andhra Pradesh,0.89,0.11,0.0,0.87,3.95,3.87,7.09,1.52,1.2,4.7,10.8,0.22
14.75,78.75,S.Mydukur,Andhra Pradesh,1.45,0.33,0.0,1.27,2.2,2.99,7.82,3.21,1.84,4.72,15.58,1.65
14.75,79.0,Brahmamgarimattam,Andhra Pradesh,1.32,0.82,0.0,1.12,1.89,2.93,7.38,2.91,1.91,5.23,17.08,1.74
14.75,79.25,Marripadu,Andhra Pradesh,1.08,0.98,0.0,0.66,1.13,1.77,5.25,2.13,3.22,5.05,21.72,2.46
14.75,79.5,Vinjamur,Andhra Pradesh,1.41,0.24,0.0,0.17,0.58,0.4,3.32,2.35,4.88,3.29,28.01,3.94
14.75,79.75,Kaligiri,Andhra Pradesh,1.19,0.27,0.0,0.09,0.3,0.47,3.3,2.52,2.56,2.66,27.72,3.29
14.75,80.0,Bogole,Andhra Pradesh,1.18,0.41,0.0,0.11,0.37,0.42,3.55,2.15,2.41,2.71,26.66,2.77
15.0,74.0,Uttara Kannada,Karnataka,0.67,0.38,0.12,1.36,11.95,28.07,37.45,12.28,22.02,5.98,5.57,2.7
15.0,74.25,Canacona,Goa,0.25,0.77,0.44,1.28,12.74,30.28,41.54,14.76,21.04,7.96,4.87,1.26
15.0,74.5,Supa taluk,Karnataka,1.32,1.08,0.8,2.82,8.66,19.94,26.43,9.24,10.39,5.54,4.45,1.46
15.0,74.75,Yallapura taluk,Karnataka,1.9,1.27,0.83,3.33,6.06,13.54,14.03,4.36,4.69,6.68,4.97,1.29
15.0,75.0,Mundagoda taluk,Karnataka,1.82,0.81,0.53,2.35,4.02,11.1,9.25,3.02,3.2,4.94,4.9,1.13
15.0,75.25,Shiggaon taluk,Karnataka,3.35,0.14,0.02,1.76,2.01,5.21,6.89,3.18,2.76,4.35,5.41,0.31
15.0,75.5,Savanura taluk,Karnataka,1.04,0.27,0.01,1.47,3.6,5.1,5.87,3.87,2.44,3.21,4.86,0.56
15.0,75.75,Shirahatti taluku,Karnataka,0.87,0.38,0.01,1.29,4.63,4.4,5.69,3.6,1.84,4.53,4.37,1.0
15.0,76.0,Huvina Hadagali taluk,Karnataka,0.25,0.01,0.16,1.64,3.11,5.86,3.99,1.59,2.13,2.71,3.39,0.11
15.0,76.25,Hagari Bommanahalli taluk,Karnataka,0.62,0.0,0.11,1.09,2.97,4.93,3.38,3.7,2.8,3.39,4.17,0.63
15.0,76.5,Sanduru taluk,Karnataka,1.07,0.01,0.03,0.81,3.15,5.23,4.54,5.0,3.26,3.35,4.6,0.21
15.0,76.75,Sanduru taluk,Karnataka,0.11,0.15,0.0,0.86,1.91,2.28,3.92,3.35,1.58,2.44,7.66,0.43
15.0,77.0,Bommanahal,Andhra Pradesh,0.33,0.32,0.0,2.08,2.21,2.58,4.71,2.73,1.24,4.81,8.68,0.23
15.0,77.25,Uravakonda,Andhra Pradesh,0.43,0.35,0.0,2.16,3.63,2.3,3.7,2.88,2.17,4.28,8.16,0.09
15.0,77.5,Pamidi,Andhra Pradesh,0.37,0.32,0.0,0.9,1.86,3.58,5.7,4.61,2.66,6.23,10.4,0.74
15.0,77.75,Peddavadugur,Andhra Pradesh,0.92,0.2,0.0,0.62,1.47,3.88,5.06,1.81,1.53,3.67,7.81,0.18
15.0,78.0,Tadpatri,Andhra Pradesh,0.93,0.22,0.0,1.44,1.89,3.4,6.07,1.69,1.47,3.55,7.37,0.03
15.0,78.25,Mylavaram,Andhra Pradesh,0.4,0.1,0.0,1.55,3.42,4.37,8.32,3.94,2.04,3.56,8.01,0.14
15.0,78.5,Peddamudium,Andhra Pradesh,0.53,0.13,0.0,0.89,3.67,4.14,7.58,2.18,1.65,3.05,6.99,0.13
15.0,78.75,S.Mydukur,Andhra Pradesh,0.38,0.12,0.0,1.61,1.19,1.54,5.81,1.41,1.12,4.2,11.49,0.21
15.0,79.0,Porumamilla,Andhra Pradesh,0.69,0.94,0.0,1.22,1.54,2.19,6.19,1.87,1.56,5.18,15.64,1.0
15.0,79.25,Udayagiri,Andhra Pradesh,0.71,1.24,0.0,1.13,1.99,2.13,5.11,1.69,1.94,4.98,19.59,1.27
15.0,79.5,Varikuntapadu,Andhra Pradesh,1.27,0.41,0.0,0.67,0.3,0.99,4.18,2.04,1.54,2.11,26.32,1.75
15.0,79.75,Kondapuram,Andhra Pradesh,0.97,0.27,0.0,0.18,0.33,0.52,4.45,2.94,2.28,3.13,28.06,3.18
15.0,80.0,Gudluru,Andhra Pradesh,0.91,0.5,0.0,0.23,0.44,0.58,4.72,2.81,2.27,3.15,26.65,2.78
15.25,73.75,Unknown,Unknown,0.47,0.32,0.04,0.86,9.57,25.93,36.57,8.83,15.35,5.94,4.02,3.46
15.25,74.0,Salcete,Goa,1.75,0.48,0.01,0.81,10.45,31.91,41.3,14.1,18.16,5.97,6.33,2.95
15.25,74.25,Sanguem,Goa,0.94,0.55,0.27,0.7,10.13,30.49,47.67,14.99,17.99,6.94,4.06,1.84
15.25,74.5,Supa taluk,Karnataka,1.34,0.38,0.53,3.58,7.23,11.92,30.62,7.45,9.15,6.92,4.82,2.06
15.25,74.75,Haliyala taluku,Karnataka,1.16,0.39,0.41,3.6,6.77,8.01,13.68,4.1,2.99,4.96,4.81,1.78
15.25,75.0,Kalaghatagi taluku,Karnataka,0.62,0.56,0.09,3.83,4.99,7.85,7.37,2.11,1.91,2.72,3.51,1.33
15.25,75.25,Kundagola taluku,Karnataka,0.95,0.25,0.03,3.24,5.35,4.2,6.03,2.85,2.41,2.92,3.55,0.68
15.25,75.5,Gadag taluk,Karnataka,1.64,0.43,0.0,1.83,6.15,3.71,4.08,3.86,3.08,4.12,4.4,0.03
15.25,75.75,Mundargi taluku,Karnataka,0.88,0.45,0.01,1.89,4.84,4.34,4.93,2.97,1.79,4.12,3.75,0.71
15.25,76.0,Koppala taluku,Karnataka,0.78,0.04,0.02,0.98,2.51,3.54,2.67,3.32,7.7,3.99,2.82,0.07
15.25,76.25,Koppala taluku,Karnataka,1.0,0.0,0.0,0.83,2.37,2.86,3.21,5.24,5.07,4.97,5.06,0.36
15.25,76.5,Hosapete taluk,Karnataka,0.39,0.0,0.0,0.53,2.64,3.94,5.14,4.62,3.72,3.24,4.53,0.15
15.25,76.75,Bellary taluk,Karnataka,0.02,0.01,0.0,0.45,1.49,2.08,1.92,3.82,2.39,1.47,7.76,0.39
15.25,77.0,Bellary taluk,Karnataka,0.18,0.17,0.0,0.82,2.87,2.9,3.86,1.86,1.91,1.63,5.75,0.07
15.25,77.25,Chippagiri,Andhra Pradesh,0.22,0.12,0.0,1.33,4.58,1.84,3.43,2.29,2.67,1.75,6.09,0.0
15.25,77.5,Maddikera (East),Andhra Pradesh,0.81,0.37,0.0,0.78,2.88,3.14,4.0,3.38,2.24,2.91,5.59,0.05
15.25,77.75,Peapally,Andhra Pradesh,1.0,0.49,0.0,1.41,1.91,3.68,5.57,2.47,2.12,3.1,4.29,0.0
15.25,78.0,Owk,Andhra Pradesh,1.3,0.56,0.0,2.46,1.51,3.0,6.98,0.88,2.31,3.98,5.36,0.0
15.25,78.25,Banaganapalle,Andhra Pradesh,0.42,0.09,0.0,0.84,4.89,3.3,8.49,3.72,1.77,2.07,3.66,0.0
15.25,78.5,Allagadda,Andhra Pradesh,0.27,0.1,0.0,0.62,4.03,4.67,8.6,3.37,2.71,1.87,3.88,0.01
15.25,78.75,Giddalur,Andhra Pradesh,0.2,0.07,0.0,1.01,1.9,2.15,4.42,1.16,1.06,3.68,9.86,0.1
15.25,79.0,Komarolu,Andhra Pradesh,0.09,0.49,0.0,1.73,4.41,1.85,4.47,1.45,1.25,3.48,12.6,0.17
15.25,79.25,Chandra Sekhara Puram,Andhra Pradesh,0.12,0.88,0.0,1.79,5.13,1.84,4.35,1.7,1.63,3.33,14.1,0.32
15.25,79.5,Kanigiri,Andhra Pradesh,0.63,0.7,0.0,0.61,1.11,0.91,6.08,2.45,1.98,3.46,21.92,1.34
15.25,79.75,Ponnaluru,Andhra Pradesh,0.35,0.7,0.0,0.51,0.81,0.41,8.61,3.09,2.22,5.05,25.61,1.73
15.25,80.0,Singarayakonda,Andhra Pradesh,0.45,1.38,0.0,0.17,0.99,0.53,5.89,2.63,2.7,3.67,19.62,1.62
15.5,73.75,Unknown,Unknown,0.54,0.17,0.01,0.84,12.27,28.49,41.27,9.13,16.42,7.45,6.47,3.51
15.5,74.0,Ponda,Goa,0.19,0.45,0.0,0.03,11.69,42.72,39.47,15.17,21.35,9.46,6.88,2.11
15.5,74.25,Satari,Goa,0.29,0.31,0.08,0.2,4.62,28.74,51.62,13.75,23.57,6.95,4.36,1.74
15.5,74.5,Khanapura taluku,Karnataka,0.76,0.08,0.34,2.74,6.5,9.27,25.36,5.77,8.39,5.95,4.36,1.59
15.5,74.75,Kitturu taluku,Karnataka,0.94,0.38,0.15,3.2,5.69,7.21,8.0,2.66,1.92,3.41,4.65,1.03
15.5,75.0,Dharawada taluku,Karnataka,0.82,0.49,0.03,3.2,5.73,6.5,6.68,2.02,1.54,2.92,4.46,0.81
15.5,75.25,Hubballi Taluku,Karnataka,0.49,0.64,0.1,1.98,5.76,4.41,7.05,2.44,1.49,4.67,2.53,0.26
15.5,75.5,Gadag taluk,Karnataka,0.53,0.44,0.01,1.97,6.23,4.5,4.54,2.79,2.9,4.66,3.34,0.1
15.5,75.75,Gadag taluk,Karnataka,0.2,0.13,0.0,1.83,3.48,5.07,3.07,3.49,2.77,2.73,2.82,0.11
15.5,76.0,Kukunoor taluku,Karnataka,0.12,0.01,0.0,1.3,2.2,5.66,3.32,3.9,4.1,2.89,2.78,0.08
15.5,76.25,Koppala taluku,Karnataka,0.27,0.0,0.0,0.72,2.8,5.33,8.2,5.46,5.21,2.46,4.32,0.11
15.5,76.5,Gangavati taluku,Karnataka,0.38,0.0,0.0,0.53,2.49,3.62,5.4,5.41,5.4,2.81,5.73,0.28
15.5,76.75,Karatagi taluku,Karnataka,0.1,0.3,0.0,0.06,1.33,2.43,4.33,1.27,1.57,1.17,4.23,0.09
15.5,77.0,Holagunda,Andhra Pradesh,0.18,0.66,0.0,0.21,2.23,3.08,4.59,1.19,1.17,1.48,4.36,0.13
15.5,77.25,Alur,Andhra Pradesh,0.39,0.9,0.0,0.21,1.8,1.73,5.27,2.45,2.22,2.92,5.53,0.0
15.5,77.5,Aspari,Andhra Pradesh,0.61,0.22,0.0,0.36,3.68,3.22,4.4,1.63,1.34,3.4,4.64,0.0
15.5,77.75,Krishnagiri,Andhra Pradesh,0.82,0.47,0.0,0.98,2.29,3.99,4.54,3.08,1.65,2.78,3.8,0.0
15.5,78.0,Veldurthi,Andhra Pradesh,0.41,0.1,0.0,2.31,2.41,2.62,5.06,1.91,1.92,2.4,4.79,0.0
15.5,78.25,Panyam,Andhra Pradesh,0.18,0.06,0.0,0.93,3.54,5.31,7.38,1.5,4.74,1.37,3.67,0.01
15.5,78.5,Nandyal,Andhra Pradesh,0.2,0.1,0.0,0.87,3.1,4.41,5.77,1.22,3.44,2.49,5.79,0.05
15.5,78.75,Bandi Atmakur,Andhra Pradesh,0.1,0.08,0.0,0.58,2.07,3.1,3.4,1.15,1.21,3.1,8.44,0.12
15.5,79.0,Cumbum,Andhra Pradesh,0.06,0.16,0.0,0.68,4.44,1.56,3.65,0.68,0.79,4.08,9.69,0.06
15.5,79.25,Hanumanthuni Padu,Andhra Pradesh,0.05,0.52,0.0,1.0,4.82,2.19,4.09,1.33,1.54,2.64,9.37,0.16
15.5,79.5,Kanigiri,Andhra Pradesh,0.24,1.11,0.0,0.08,1.92,1.35,4.08,1.99,2.48,2.26,6.88,0.19
15.5,79.75,Marripudi,Andhra Pradesh,0.15,1.94,0.0,0.05,1.49,0.53,4.76,2.03,2.66,2.75,8.37,0.14
15.5,80.0,Santhanuthala Padu,Andhra Pradesh,0.14,2.27,0.0,0.03,1.75,0.82,5.01,2.91,3.71,3.06,8.36,0.03
15.75,73.5,Unknown,Unknown,0.33,0.14,0.0,0.31,11.51,36.03,46.8,10.54,21.46,5.38,5.92,3.33
15.75,73.75,Sawantwadi Taluka,Maharashtra,1.35,0.4,0.0,0.49,17.72,44.9,48.84,13.28,22.92,6.69,7.87,3.62
15.75,74.0,Dodamarg Taluka,Maharashtra,0.43,0.37,0.02,0.37,14.78,37.59,35.46,13.06,16.27,7.12,7.08,1.98
15.75,74.25,Chandgad,Maharashtra,0.0,0.17,0.15,1.23,4.21,15.03,20.01,5.08,8.04,3.92,3.89,1.3
15.75,74.5,Belagavi taluku,Karnataka,0.0,0.01,0.01,0.23,2.31,5.72,3.63,5.62,5.05,1.1,1.67,0.24
15.75,74.75,Bailahongala taluku,Karnataka,0.26,0.38,0.08,2.08,4.45,6.82,8.21,2.77,1.96,2.63,3.52,0.44
15.75,75.0,Savadatti taluku,Karnataka,0.42,0.53,0.01,1.64,4.2,4.91,5.98,3.52,1.87,2.24,3.62,0.76
15.75,75.25,Savadatti taluku,Karnataka,0.45,0.9,0.16,1.69,5.9,4.56,8.07,2.83,2.32,1.68,1.81,0.32
15.75,75.5,Naragunda taluk,Karnataka,0.29,0.31,0.04,1.13,3.57,5.07,5.02,3.6,2.49,2.56,2.39,0.22
15.75,75.75,Rona taluku,Karnataka,0.12,0.02,0.0,1.4,2.23,5.6,3.67,3.53,2.31,2.11,2.5,0.11
15.75,76.0,Gajendragad taluku,Karnataka,0.12,0.04,0.0,0.68,2.75,5.97,2.97,2.79,3.06,4.99,2.8,0.12
15.75,76.25,Kushtagi taluk,Karnataka,0.41,0.14,0.0,0.61,1.95,8.26,3.95,3.1,2.43,4.98,3.36,0.33
15.75,76.5,Sindhanuru taluku,Karnataka,0.23,0.05,0.0,0.83,1.49,4.94,4.66,2.13,2.33,2.91,4.27,0.05
15.75,76.75,Sindhanuru taluku,Karnataka,0.09,0.06,0.0,0.41,0.84,2.41,4.58,1.35,1.89,2.22,3.86,0.0
15.75,77.0,Siruguppa taluku,Karnataka,0.09,0.38,0.0,0.15,1.91,3.66,3.03,1.93,1.82,3.28,2.01,0.07
15.75,77.25,Adoni,Andhra Pradesh,0.17,0.1,0.0,0.16,3.32,6.39,2.81,1.35,2.42,4.17,2.5,0.0
15.75,77.5,Yemmiganur,Andhra Pradesh,0.15,0.3,0.0,0.09,1.57,4.77,3.92,2.54,2.47,3.11,2.36,0.0
15.75,77.75,Guduru,Andhra Pradesh,0.09,0.2,0.0,0.56,1.89,2.77,3.79,2.83,1.88,2.48,2.65,0.0
15.75,78.0,Kallur,Andhra Pradesh,0.09,0.04,0.0,1.94,2.3,2.59,3.58,2.07,1.34,2.07,4.49,0.0
15.75,78.25,Midthur,Andhra Pradesh,0.56,0.32,0.0,0.89,3.46,3.16,4.8,1.04,2.24,5.36,9.17,0.09
15.75,78.5,Pamulapadu,Andhra Pradesh,0.46,0.39,0.0,1.29,3.71,2.84,4.03,1.53,1.99,6.24,8.14,0.1
15.75,78.75,Velgode,Andhra Pradesh,0.09,0.19,0.0,1.77,2.73,1.9,3.31,0.47,1.39,4.34,7.04,0.05
15.75,79.0,Dornala,Andhra Pradesh,0.29,0.56,0.0,2.54,1.64,1.49,4.77,2.74,2.64,4.48,10.64,0.23
15.75,79.25,Markapur,Andhra Pradesh,0.06,0.06,0.0,1.37,3.3,2.11,3.74,1.9,1.95,2.56,6.36,0.07
15.75,79.5,Donakonda,Andhra Pradesh,0.01,0.02,0.0,0.37,2.67,2.3,4.32,3.51,4.28,2.65,3.77,0.06
15.75,79.75,Darsi,Andhra Pradesh,0.0,0.2,0.0,0.24,2.34,0.83,5.97,6.12,4.89,3.73,8.44,0.05
15.75,80.0,Addanki,Andhra Pradesh,0.04,0.88,0.0,0.05,1.94,1.47,4.6,6.26,5.18,3.53,8.91,0.01
15.75,80.25,Chinaganjam,Andhra Pradesh,0.01,0.75,0.0,0.01,1.6,2.74,5.13,6.82,6.45,4.26,9.09,0.0
15.75,80.75,Unknown,Unknown,0.0,0.24,0.0,0.9,1.39,4.5,7.83,7.57,8.94,3.38,10.38,0.0
16.0,73.5,Kudal Taluka,Maharashtra,0.29,0.03,0.0,0.22,13.16,34.92,49.21,15.01,26.42,4.89,5.6,3.52
16.0,73.75,Kudal Taluka,Maharashtra,0.61,0.15,0.0,0.23,19.41,39.31,47.56,16.24,24.43,5.3,6.2,2.68
16.0,74.0,Sawantwadi Taluka,Maharashtra,0.55,0.18,0.01,0.36,10.52,25.2,22.95,6.74,9.07,4.85,5.01,1.94
16.0,74.25,Chandgad,Maharashtra,0.2,0.06,0.17,2.06,3.86,19.47,25.65,5.07,8.61,3.9,4.22,1.75
16.0,74.5,Belagavi taluku,Karnataka,0.04,0.36,0.25,1.64,4.05,8.31,10.07,2.75,2.68,2.66,2.59,0.67
16.0,74.75,Gokak taluku,Karnataka,0.08,0.31,0.04,1.04,3.53,7.73,8.81,2.32,1.89,3.31,2.68,0.41
16.0,75.0,Yaragatti taluku,Karnataka,0.22,0.3,0.0,0.75,2.15,4.35,6.79,4.0,2.19,1.95,2.27,0.89
16.0,75.25,Ramadurga taluku,Karnataka,0.23,0.32,0.06,0.83,2.16,4.71,6.82,5.06,2.54,1.75,1.71,0.96
16.0,75.5,Badami taluku,Karnataka,0.24,0.06,0.02,0.89,2.51,4.99,4.14,4.14,3.12,1.68,2.31,0.16
16.0,75.75,Guledgudda taluku,Karnataka,0.08,0.01,0.0,0.53,2.81,3.8,4.13,3.44,5.33,2.44,2.11,0.04
16.0,76.0,Kushtagi taluk,Karnataka,0.07,0.0,0.0,0.34,2.33,2.92,3.91,2.69,4.06,2.55,2.1,0.11
16.0,76.25,Ilkal taluka,Karnataka,0.14,0.07,0.0,0.94,1.44,5.49,4.33,1.77,5.04,2.68,4.27,0.03
16.0,76.5,Maski taluku,Karnataka,0.13,0.37,0.0,0.72,1.41,5.43,3.86,2.24,3.81,2.9,3.79,0.0
16.0,76.75,Maski taluku,Karnataka,0.04,0.01,0.0,0.6,1.07,4.3,3.88,1.77,1.92,4.02,2.17,0.0
16.0,77.0,Manvi taluku,Karnataka,0.08,0.04,0.01,0.7,1.81,3.75,2.63,2.51,2.29,3.01,1.29,0.0
16.0,77.25,Manvi taluku,Karnataka,0.13,0.03,0.0,0.12,3.14,4.56,2.44,2.79,1.89,3.13,1.87,0.0
16.0,77.5,Rayachuru taluku,Karnataka,0.05,0.08,0.0,0.04,2.13,4.6,5.58,4.62,2.33,3.31,1.63,0.0
16.0,77.75,Aiza mandal,Telangana,0.09,0.13,0.0,0.29,1.72,2.83,3.85,2.68,1.75,2.25,2.01,0.0
16.0,78.0,Manopad mandal,Telangana,0.11,0.11,0.0,0.35,2.11,3.53,5.15,2.16,2.17,1.68,2.97,0.0
16.0,78.25,Chinnambavi mandal,Telangana,0.18,0.26,0.0,0.58,2.92,3.67,7.07,2.37,2.98,3.11,4.16,0.03
16.0,78.5,Kothapalle,Andhra Pradesh,0.44,0.48,0.0,1.18,3.88,2.93,4.56,2.31,2.1,6.51,7.33,0.1
16.0,78.75,Atmakur,Andhra Pradesh,0.2,0.43,0.0,1.81,2.02,2.2,3.8,1.84,1.94,2.59,7.78,0.15
16.0,79.0,Dornala,Andhra Pradesh,0.08,0.18,0.0,1.78,1.32,1.98,4.52,2.3,2.07,2.0,5.71,0.07
16.0,79.25,Yerragondapalem,Andhra Pradesh,0.02,0.0,0.0,1.66,1.4,1.97,5.67,2.92,2.98,1.9,4.07,0.0
16.0,79.5,Tripuranthakam,Andhra Pradesh,0.0,0.04,0.0,0.76,2.49,4.48,11.44,6.85,9.68,1.94,2.46,0.07
16.0,79.75,Nuzendla,Andhra Pradesh,0.0,0.05,0.0,0.19,2.43,1.6,7.26,8.18,5.41,1.59,5.86,0.14
16.0,80.0,Ballikurava,Andhra Pradesh,0.0,0.29,0.0,0.0,1.91,1.98,4.69,7.94,5.57,3.11,8.11,0.04
16.0,80.25,Parchur,Andhra Pradesh,0.0,0.71,0.0,0.02,1.58,2.92,5.39,6.9,6.57,4.99,8.98,0.0
16.0,80.5,Ponnur,Andhra Pradesh,0.0,0.22,0.0,0.91,1.06,3.9,6.75,8.42,8.36,2.94,9.35,0.0
16.0,80.75,Nagaram,Andhra Pradesh,0.0,0.15,0.0,0.76,1.64,4.03,8.19,8.79,11.12,2.93,11.23,0.0
16.0,81.0,Koduru,Andhra Pradesh,0.0,0.21,0.0,0.88,1.53,5.1,9.27,7.31,7.58,3.66,9.57,0.02
16.25,73.25,Unknown,Unknown,0.41,0.15,0.0,0.19,15.68,31.17,51.08,10.8,23.37,3.4,4.74,2.11
16.25,73.5,Malvan Taluka,Maharashtra,0.47,0.1,0.0,0.2,12.45,39.64,56.07,18.27,22.5,4.92,4.77,2.81
16.25,73.75,Kankavli Taluka,Maharashtra,0.6,0.06,0.0,0.29,11.75,33.48,52.95,17.24,20.82,3.54,5.37,1.88
16.25,74.0,Radhanagari,Maharashtra,0.26,0.1,0.01,0.54,2.97,10.9,15.29,4.59,4.53,1.61,2.9,0.62
16.25,74.25,Ajra,Maharashtra,0.58,0.03,0.04,1.93,2.88,12.21,19.83,3.02,3.19,3.24,2.16,1.15
16.25,74.5,Hukkeri taluk,Karnataka,0.11,0.17,0.15,1.54,3.03,9.04,11.41,2.24,1.69,3.61,2.32,1.07
16.25,74.75,Gokak taluku,Karnataka,0.12,0.29,0.0,0.69,2.67,7.25,8.23,1.45,1.5,3.64,2.57,0.47
16.25,75.0,Mudalagi taluku,Karnataka,0.08,0.32,0.0,0.26,1.72,4.08,3.27,1.93,2.16,0.95,1.73,0.61
16.25,75.25,Mudhola taluku,Karnataka,0.12,0.23,0.01,0.74,1.11,3.85,3.53,2.87,1.76,0.69,1.94,0.73
16.25,75.5,Bilagi,Karnataka,0.11,0.01,0.01,0.86,1.13,4.29,3.53,4.14,2.26,0.46,2.4,0.77
16.25,75.75,Bagalakote taluk,Karnataka,0.05,0.0,0.0,0.37,1.71,3.23,3.34,2.96,3.2,1.44,1.94,1.47
16.25,76.0,Bagalakote taluk,Karnataka,0.04,0.0,0.0,0.2,1.56,3.09,3.54,1.94,3.05,1.66,1.48,0.41
16.25,76.25,Muddebihala taluku,Karnataka,0.04,0.25,0.04,0.2,1.14,2.37,3.51,1.87,5.9,0.61,2.45,0.13
16.25,76.5,Lingasuguru taluku,Karnataka,0.01,0.44,0.0,0.39,2.22,4.42,4.27,2.47,3.82,1.81,2.17,0.3
16.25,76.75,Unknown,Karnataka,0.02,0.01,0.0,0.58,1.58,5.52,2.59,2.46,3.96,2.14,1.97,0.0
16.25,77.0,Unknown,Karnataka,0.07,0.06,0.01,0.58,1.73,3.94,3.06,2.25,3.34,3.52,0.99,0.0
16.25,77.25,Rayachuru taluku,Karnataka,0.02,0.01,0.0,0.41,2.24,3.94,7.01,3.93,2.66,3.42,1.24,0.0
16.25,77.5,Kaloor_Thimmandoddi mandal,Telangana,0.0,0.0,0.0,0.48,1.99,3.66,7.63,4.95,2.04,3.2,1.09,0.01
16.25,77.75,Gadwal mandal,Telangana,0.01,0.01,0.0,1.01,1.61,2.42,8.11,2.09,2.56,2.58,0.87,0.01
16.25,78.0,Pebbair mandal,Telangana,0.02,0.03,0.0,0.38,1.96,2.53,9.38,1.77,3.71,1.94,0.91,0.0
16.25,78.25,Kodair mandal,Telangana,0.04,0.04,0.0,0.09,2.36,3.02,8.15,2.53,3.33,2.77,1.56,0.03
16.25,78.5,Lingal mandal,Telangana,0.04,0.05,0.0,0.27,2.28,3.77,5.62,4.11,4.77,2.85,1.45,0.09
16.25,78.75,Amrabad mandal,Telangana,0.02,0.04,0.0,0.57,2.1,3.12,4.57,3.25,3.44,2.09,2.5,0.04
16.25,79.0,Amrabad mandal,Telangana,0.05,0.18,0.0,1.06,1.3,2.25,4.03,2.95,2.21,1.38,5.96,0.03
16.25,79.25,Veldurthi,Andhra Pradesh,0.0,0.12,0.0,0.67,1.34,3.04,5.07,6.05,3.49,1.32,5.01,0.0
16.25,79.5,Pullalacheruvu,Andhra Pradesh,0.0,0.04,0.0,0.1,1.8,2.93,5.79,7.89,5.89,1.14,5.19,0.06
16.25,79.75,Bollapalle,Andhra Pradesh,0.0,0.01,0.0,0.02,2.19,1.98,6.46,8.37,5.52,1.31,5.5,0.13
16.25,80.0,Narasaraopet,Andhra Pradesh,0.0,0.1,0.0,0.04,2.03,3.37,7.8,8.77,5.2,2.84,4.4,0.1
16.25,80.25,Edlapadu,Andhra Pradesh,0.0,0.32,0.0,0.21,2.18,3.82,8.77,9.0,4.32,2.75,3.09,0.06
16.25,80.5,Chebrolu,Andhra Pradesh,0.0,0.06,0.0,0.26,1.03,2.71,6.72,12.18,4.67,2.47,4.52,0.0
16.25,80.75,Kollipara,Andhra Pradesh,0.0,0.38,0.0,1.09,1.33,4.17,9.81,6.91,6.11,4.1,7.05,0.1
16.25,81.0,Movva,Andhra Pradesh,0.0,0.2,0.0,0.74,1.82,5.65,10.77,6.87,6.66,4.13,8.5,0.02
16.5,73.25,Unknown,Unknown,0.13,0.12,0.0,0.08,14.32,32.3,51.12,8.47,24.29,1.09,4.85,1.34
16.5,73.5,Devgad Taluka,Maharashtra,0.15,0.08,0.0,0.18,9.72,42.85,65.35,17.96,26.99,5.12,5.15,2.85
16.5,73.75,Vaibhavwadi Taluka,Maharashtra,0.44,0.09,0.01,1.04,9.14,45.95,76.11,25.04,38.36,6.62,4.44,2.16
16.5,74.0,Radhanagari,Maharashtra,0.45,0.04,0.01,1.71,3.87,15.71,29.33,7.01,9.05,2.7,1.73,1.62
16.5,74.25,Unknown,Maharashtra,0.45,0.03,0.06,2.35,2.85,11.37,18.44,2.72,2.8,5.08,1.34,1.6
16.5,74.5,Chikodi taluk,Karnataka,0.07,0.14,0.03,1.54,2.3,8.6,11.5,1.97,1.62,2.22,1.31,1.23
16.5,74.75,Raybag taluk,Karnataka,0.08,0.28,0.0,0.49,1.25,4.79,5.97,2.89,1.64,1.2,1.11,1.46
16.5,75.0,Rabakavi Banahatti taluku,Karnataka,0.06,0.25,0.0,0.14,1.4,4.83,3.17,1.67,2.73,1.62,1.88,1.14
16.5,75.25,Jamakhandi taluku,Karnataka,0.05,0.06,0.0,1.0,0.99,2.67,3.26,2.73,1.77,1.05,1.29,0.75
16.5,75.5,Babaleshwara taluk,Karnataka,0.04,0.0,0.0,0.99,2.45,3.08,3.29,3.52,2.71,0.71,1.2,1.13
16.5,75.75,Kolahara Taluku,Karnataka,0.07,0.01,0.0,0.75,1.96,3.39,3.07,2.76,3.47,1.24,1.68,1.4
16.5,76.0,Basavana Bagevadi Taluku,Karnataka,0.2,0.04,0.0,0.76,2.33,4.13,3.55,2.95,5.01,1.29,1.21,0.78
16.5,76.25,Talakoti Taluku,Karnataka,0.07,0.01,0.01,0.2,2.35,4.27,5.85,3.62,4.99,2.36,2.7,0.9
16.5,76.5,Hunasagi taluka,Karnataka,0.0,0.0,0.0,0.3,3.51,4.65,9.69,2.33,2.6,3.1,3.67,1.61
16.5,76.75,Shorapur,Karnataka,0.01,0.01,0.0,0.49,2.0,5.84,3.28,3.1,3.47,2.63,2.39,0.18
16.5,77.0,Unknown,Karnataka,0.01,0.02,0.0,0.3,2.34,4.74,6.6,5.81,5.48,3.65,1.62,0.0
16.5,77.25,Yadagiri taluku,Karnataka,0.01,0.0,0.01,0.83,2.93,4.13,9.93,2.85,3.31,3.24,1.61,0.01
16.5,77.5,Unknown,Telangana,0.03,0.0,0.03,1.7,2.58,3.39,9.85,2.8,2.31,3.19,1.81,0.07
16.5,77.75,CC Kunta mandal,Telangana,0.02,0.0,0.0,1.77,1.4,3.48,8.79,2.68,3.16,2.54,1.07,0.04
16.5,78.0,Ghanpur mandal,Telangana,0.0,0.0,0.0,0.42,1.99,1.6,9.99,2.25,3.91,2.26,0.44,0.0
16.5,78.25,Bijinapalle mandal,Telangana,0.01,0.01,0.0,0.22,2.3,1.4,8.52,3.36,3.73,2.83,0.71,0.04
16.5,78.5,Uppunuthala mandal,Telangana,0.01,0.06,0.0,0.45,1.38,5.42,6.56,6.25,7.45,1.52,0.71,0.02
16.5,78.75,Uppunuthala mandal,Telangana,0.02,0.02,0.0,0.42,2.42,5.09,5.36,4.22,4.38,1.62,1.77,0.03
16.5,79.0,Chandampet mandal,Telangana,0.0,0.12,0.0,0.26,1.93,2.31,3.0,4.13,2.65,1.16,5.81,0.0
16.5,79.25,Macherla,Andhra Pradesh,0.0,0.24,0.0,0.15,1.31,4.5,6.04,10.22,5.17,1.05,6.57,0.0
16.5,79.5,Macherla,Andhra Pradesh,0.0,0.01,0.0,0.37,1.32,4.38,6.03,7.19,5.07,1.28,3.41,0.0
16.5,79.75,Dachepalle,Andhra Pradesh,0.0,0.0,0.0,0.03,1.63,3.55,4.69,6.02,8.7,1.68,4.99,0.01
16.5,80.0,Bellamkonda,Andhra Pradesh,0.0,0.0,0.0,0.18,2.42,4.1,6.8,7.51,6.03,2.31,3.46,0.06
16.5,80.25,Pedakurapadu,Andhra Pradesh,0.0,0.1,0.0,1.23,3.04,2.93,9.7,8.38,6.84,3.69,3.38,0.02
16.5,80.5,Thullur,Andhra Pradesh,0.0,0.03,0.0,1.68,3.37,2.98,10.51,8.36,7.44,3.9,3.85,0.01
16.5,80.75,Kankipadu,Andhra Pradesh,0.0,0.55,0.0,1.29,1.13,3.05,10.73,6.37,4.94,4.39,3.82,0.19
16.5,81.0,Nandivada,Andhra Pradesh,0.0,0.1,0.0,0.53,2.51,5.58,13.07,6.14,9.55,4.09,5.99,0.01
16.5,81.25,Kalidindi,Andhra Pradesh,0.0,0.05,0.0,0.28,2.78,1.69,12.28,6.3,9.09,2.3,7.22,0.01
16.5,81.5,Bhimavaram,Andhra Pradesh,0.0,0.03,0.03,0.13,1.34,1.14,10.67,6.09,6.71,3.75,8.81,0.02
16.5,81.75,Yelamanchili,Andhra Pradesh,0.0,0.0,0.0,1.66,1.3,4.33,14.4,7.59,11.16,2.97,8.5,0.02
16.5,82.0,Allavaram,Andhra Pradesh,0.0,0.04,0.02,1.81,1.68,4.94,12.46,6.99,10.99,2.61,5.42,0.02
16.75,73.25,Unknown,Unknown,0.05,0.2,0.0,0.06,12.69,38.76,59.54,11.49,23.81,2.11,3.59,1.85
16.75,73.5,Rajapur Taluka,Maharashtra,0.13,0.13,0.0,0.33,9.15,40.3,65.79,15.72,23.73,3.29,4.2,2.44
16.75,73.75,Rajapur Taluka,Maharashtra,0.36,0.31,0.01,1.26,8.1,25.11,44.57,10.93,15.38,3.06,3.25,1.69
16.75,74.0,Unknown,Maharashtra,0.53,2.02,0.01,1.87,4.3,14.46,32.78,5.4,10.42,2.38,1.41,2.9
16.75,74.25,Karvir,Maharashtra,0.45,0.05,0.01,1.85,3.27,10.5,13.11,2.31,2.63,2.85,1.23,2.77
16.75,74.5,Shirol,Maharashtra,0.15,0.09,0.02,1.57,1.89,8.22,6.32,1.2,2.28,2.65,1.12,1.77
16.75,74.75,Miraj,Maharashtra,0.03,0.17,0.0,0.4,2.16,4.77,4.05,1.94,1.58,3.21,0.99,1.35
16.75,75.0,Athani taluku,Karnataka,0.0,0.06,0.0,0.13,2.71,4.35,3.13,1.73,1.03,4.67,1.02,0.71
16.75,75.25,Athani taluku,Karnataka,0.04,0.01,0.0,0.79,2.6,2.81,3.65,2.65,2.83,2.63,1.01,0.66
16.75,75.5,Tikota taluka,Karnataka,0.14,0.0,0.0,1.27,4.24,2.67,3.85,3.37,3.95,1.26,1.07,0.58
16.75,75.75,Bijapur Taluk,Karnataka,0.24,0.0,0.0,1.22,3.63,3.56,3.5,3.73,5.55,1.37,1.37,0.37
16.75,76.0,Basavana Bagevadi Taluku,Karnataka,0.4,0.01,0.0,0.99,2.16,4.36,5.24,4.99,5.39,2.32,2.09,0.35
16.75,76.25,Sindagi taluku,Karnataka,0.2,0.07,0.0,0.16,2.04,5.76,3.45,4.14,6.33,2.1,1.82,0.27
16.75,76.5,Yadrami taluku,Karnataka,0.0,0.04,0.0,0.34,1.85,5.59,2.58,3.52,4.61,2.1,2.29,0.17
16.75,76.75,Shahapura taluku,Karnataka,0.0,0.0,0.0,0.45,1.98,6.12,4.18,4.28,3.96,3.08,2.37,0.0
16.75,77.0,Shahapura taluku,Karnataka,0.24,0.02,0.0,0.45,2.62,5.98,8.51,5.47,5.48,2.77,1.33,0.0
16.75,77.25,Yadagiri taluku,Karnataka,0.61,0.04,0.0,0.96,3.16,6.19,9.05,4.42,7.89,1.58,1.39,0.0
16.75,77.5,Narayanpet mandal,Telangana,0.57,0.03,0.0,0.96,2.38,5.42,7.83,4.97,7.8,1.66,0.99,0.0
16.75,77.75,Koilkonda mandal,Telangana,0.08,0.0,0.0,1.6,1.16,3.56,9.59,6.18,8.02,1.65,0.28,0.0
16.75,78.0,Mahabubnagar_Urban mandal,Telangana,0.0,0.0,0.0,0.67,2.44,3.2,6.93,3.76,5.47,3.69,0.63,0.0
16.75,78.25,Midjil mandal,Telangana,0.01,0.0,0.0,0.35,2.4,2.54,4.61,5.91,5.04,3.1,0.81,0.1
16.75,78.5,Veldanda mandal,Telangana,0.01,0.01,0.0,0.51,1.94,3.61,4.47,5.59,5.28,2.07,1.07,0.1
16.75,78.75,Charakonda mandal,Telangana,0.01,0.0,0.0,0.35,3.03,5.52,5.1,3.49,3.66,1.81,1.91,0.06
16.75,79.0,Kondamallapally mandal,Telangana,0.01,0.02,0.0,0.49,1.88,3.46,4.68,4.07,3.8,1.29,3.75,0.01
16.75,79.25,Peddavoora mandal,Telangana,0.0,0.06,0.0,0.86,1.37,1.99,6.96,7.27,4.69,0.92,4.3,0.08
16.75,79.5,Tripuraram mandal,Telangana,0.0,0.0,0.0,1.02,1.29,3.36,7.43,8.04,6.13,0.82,4.41,0.04
16.75,79.75,Palakeedu mandal,Telangana,0.0,0.0,0.0,0.31,2.57,4.06,6.19,5.69,6.25,1.27,2.59,0.0
16.75,80.0,Chinthala palem mandal,Telangana,0.0,0.0,0.0,0.36,2.49,4.33,7.25,4.25,7.92,0.89,1.44,0.0
16.75,80.25,Chandarlapadu,Andhra Pradesh,0.0,0.0,0.0,0.79,2.37,3.56,11.4,4.58,9.88,1.64,1.72,0.0
16.75,80.5,G.Konduru,Andhra Pradesh,0.0,0.0,0.0,0.82,2.38,5.39,13.78,6.89,8.48,1.91,3.18,0.0
16.75,80.75,Agiripalle,Andhra Pradesh,0.0,0.03,0.0,0.47,1.7,5.39,14.09,6.42,9.5,1.25,3.45,0.01
16.75,81.0,Pedavegi,Andhra Pradesh,0.0,0.03,0.0,0.58,1.76,3.31,12.46,6.06,11.44,1.47,5.06,0.0
16.75,81.25,Bhimadole,Andhra Pradesh,0.0,0.02,0.0,0.52,3.26,2.25,12.91,4.53,8.55,1.57,5.95,0.0
16.75,81.5,Pentapadu,Andhra Pradesh,0.0,0.0,0.0,0.36,2.79,2.56,11.62,6.59,10.33,3.86,4.59,0.0
16.75,81.75,Peravali,Andhra Pradesh,0.0,0.0,0.11,1.98,2.38,4.99,12.08,7.23,11.91,3.44,6.24,0.07
16.75,82.0,K. Gangavaram,Andhra Pradesh,0.0,0.28,0.15,1.6,2.96,4.75,9.54,7.03,12.65,4.88,5.35,0.08
16.75,82.25,Thallarevu,Andhra Pradesh,0.0,0.23,0.11,1.57,2.57,4.47,9.16,7.04,11.42,3.78,3.91,0.05
17.0,73.25,Unknown,Unknown,0.01,0.15,0.0,0.03,16.61,40.74,60.99,11.6,22.32,2.11,2.39,0.95
17.0,73.5,Ratnagiri Taluka,Maharashtra,0.07,0.44,0.01,0.28,9.39,37.23,63.79,15.94,28.52,4.46,2.15,1.95
17.0,73.75,Sangameshwar Taluka,Maharashtra,0.22,1.03,0.0,1.07,8.21,24.29,41.24,8.65,13.06,2.42,2.05,1.81
17.0,74.0,Shirala,Maharashtra,0.37,1.58,0.02,1.92,4.01,14.12,23.27,3.79,6.89,1.57,1.5,1.91
17.0,74.25,Walwa,Maharashtra,0.26,0.71,0.02,1.73,2.37,5.13,5.91,0.8,1.18,1.67,1.1,1.69
17.0,74.5,Palus,Maharashtra,0.16,0.2,0.01,1.52,2.07,5.97,4.64,1.61,1.28,2.16,1.27,2.0
17.0,74.75,Kavathemahankal,Maharashtra,0.06,0.17,0.01,0.75,2.13,4.94,4.42,0.55,1.67,2.75,1.1,1.6
17.0,75.0,Kavathemahankal,Maharashtra,0.11,0.12,0.0,0.34,2.14,3.69,5.06,2.62,3.97,3.77,1.19,1.19
17.0,75.25,Jat,Maharashtra,0.41,0.0,0.0,0.73,3.32,3.6,5.48,3.87,4.89,2.65,1.29,0.26
17.0,75.5,Jat,Maharashtra,0.77,0.0,0.0,0.73,3.28,4.83,4.29,4.08,4.09,2.8,2.03,0.21
17.0,75.75,Bijapur Taluk,Karnataka,0.33,0.0,0.0,0.83,3.16,4.53,3.78,4.11,4.96,1.32,1.38,0.23
17.0,76.0,Indi taluku,Karnataka,0.43,0.02,0.0,0.63,1.98,5.04,5.86,5.26,5.24,2.29,2.29,0.34
17.0,76.25,Sindagi taluku,Karnataka,0.19,0.08,0.0,0.56,1.5,6.53,5.52,4.49,5.82,1.77,1.75,0.23
17.0,76.5,Jevargi taluku,Karnataka,0.0,0.01,0.0,0.69,1.33,7.19,3.35,3.11,4.62,2.52,2.62,0.05
17.0,76.75,Jevargi taluku,Karnataka,0.02,0.0,0.0,0.55,1.97,5.5,6.3,3.67,5.98,3.39,1.45,0.0
17.0,77.0,Chitapura taluku,Karnataka,0.08,0.02,0.0,0.5,2.3,4.55,7.64,3.21,6.79,3.39,1.4,0.0
17.0,77.25,Sedam taluku,Karnataka,0.49,0.04,0.06,0.9,1.65,4.29,9.05,5.17,7.9,1.64,0.87,0.0
17.0,77.5,Doulthabad mandal,Telangana,0.28,0.0,0.23,1.59,0.44,2.4,10.11,5.26,6.35,1.79,0.56,0.0
17.0,77.75,Kosgi mandal,Telangana,0.05,0.0,0.0,1.82,0.69,3.15,10.03,7.51,6.51,1.83,1.01,0.0
17.0,78.0,Chowdergudem mandal,Telangana,0.06,0.0,0.0,2.09,1.29,4.39,11.45,5.92,6.7,4.72,0.65,0.0
17.0,78.25,Keshampeta mandal,Telangana,0.05,0.0,0.0,1.87,1.11,3.79,10.01,4.35,6.78,3.74,1.06,0.43
17.0,78.5,Kadthal mandal,Telangana,0.09,0.01,0.0,2.32,0.71,3.63,9.7,3.91,6.26,2.32,2.16,1.22
17.0,78.75,Yacharam mandal,Telangana,0.04,0.0,0.0,1.21,1.57,5.22,7.96,4.46,5.04,1.71,1.91,0.57
17.0,79.0,Chandur mandal,Telangana,0.0,0.0,0.0,0.7,0.88,5.84,8.23,7.63,7.47,1.11,1.0,0.0
17.0,79.25,Kanagal mandal,Telangana,0.0,0.0,0.0,0.82,1.12,3.5,8.36,7.88,6.13,0.96,2.77,0.06
17.0,79.5,Madugulapally mandal,Telangana,0.0,0.0,0.0,0.7,1.0,3.75,9.99,7.75,6.63,0.9,2.9,0.11
17.0,79.75,Penpahad mandal,Telangana,0.0,0.0,0.0,0.63,1.4,3.9,9.5,5.43,5.31,1.68,1.13,0.02
17.0,80.0,Kodad mandal,Telangana,0.0,0.0,0.0,0.46,1.69,4.04,11.73,5.99,8.47,2.31,1.18,0.0
17.0,80.25,Vatsavai,Andhra Pradesh,0.0,0.0,0.0,0.41,1.94,3.07,14.03,5.84,10.4,1.85,1.26,0.0
17.0,80.5,Gampalagudem,Andhra Pradesh,0.0,0.0,0.0,0.33,2.05,3.4,14.28,7.03,9.46,2.0,2.48,0.0
17.0,80.75,Vissannapeta,Andhra Pradesh,0.0,0.0,0.0,1.28,2.95,4.64,14.69,5.91,10.72,1.9,3.43,0.02
17.0,81.0,Chintalapudi,Andhra Pradesh,0.0,0.01,0.0,1.34,3.11,2.88,14.5,3.69,10.82,4.11,5.51,0.02
17.0,81.25,Kamavarapukota,Andhra Pradesh,0.0,0.03,0.0,1.45,2.94,1.13,9.92,5.0,7.69,1.87,5.39,0.0
17.0,81.5,Devarapalle,Andhra Pradesh,0.0,0.01,0.0,1.23,2.82,2.49,11.59,6.02,14.96,1.22,4.43,0.0
17.0,81.75,Rajahmundry (Urban),Andhra Pradesh,0.0,0.02,0.01,0.93,2.26,3.29,11.56,6.22,13.84,3.88,3.75,0.0
17.0,82.0,Rangampeta,Andhra Pradesh,0.0,0.51,0.05,0.65,2.37,2.96,9.83,7.16,12.09,4.38,6.32,0.03
17.0,82.25,Kakinada (Rural),Andhra Pradesh,0.03,0.24,0.12,1.38,2.98,3.9,8.78,7.77,10.45,4.31,5.07,0.05
17.25,73.25,Ratnagiri Taluka,Maharashtra,0.06,0.29,0.02,0.08,9.3,38.85,58.07,12.46,28.16,4.32,2.55,1.46
17.25,73.5,Sangameshwar Taluka,Maharashtra,0.05,0.43,0.06,0.3,9.06,36.46,58.93,13.93,29.07,5.95,1.61,1.8
17.25,73.75,Shirala,Maharashtra,0.12,0.27,0.04,0.99,6.97,23.19,33.87,5.17,9.48,3.46,1.76,1.79
17.25,74.0,Patan,Maharashtra,0.2,1.17,0.02,1.35,4.64,10.98,13.19,1.93,3.63,1.56,1.37,2.26
17.25,74.25,Karad,Maharashtra,0.24,0.98,0.01,1.46,2.81,6.01,7.47,1.11,2.28,1.63,1.27,1.81
17.25,74.5,Khanapur,Maharashtra,0.17,0.54,0.01,1.27,2.67,5.02,4.68,1.16,1.26,2.19,1.34,1.82
17.25,74.75,Khanapur,Maharashtra,0.12,0.16,0.01,0.9,2.09,4.0,4.61,2.23,2.49,2.71,1.6,1.82
17.25,75.0,Sangole,Maharashtra,0.3,0.12,0.0,0.55,2.56,3.73,4.81,3.72,4.7,3.15,2.01,1.56
17.25,75.25,Sangole,Maharashtra,0.35,0.0,0.0,0.82,2.96,3.51,4.7,4.1,5.17,3.09,1.89,0.98
17.25,75.5,Mangalvedhe,Maharashtra,0.44,0.0,0.0,0.89,2.95,3.72,4.57,4.03,3.89,1.92,1.18,0.45
17.25,75.75,Chadachana taluku,Karnataka,0.16,0.0,0.0,0.75,2.17,4.5,5.65,4.01,3.89,1.17,1.08,0.21
17.25,76.0,Indi taluku,Karnataka,0.11,0.0,0.0,0.63,1.63,5.18,6.81,3.72,4.97,1.05,1.51,0.11
17.25,76.25,Afzalpura taluku,Karnataka,0.01,0.0,0.0,0.9,1.34,6.58,8.34,4.27,5.72,1.33,1.61,0.11
17.25,76.5,Afzalpura taluku,Karnataka,0.01,0.01,0.0,1.27,2.18,6.54,10.07,5.96,8.24,1.75,1.61,0.08
17.25,76.75,Kalaburagi taluku,Karnataka,0.03,0.02,0.0,1.65,2.66,3.87,9.29,6.74,8.58,3.02,2.13,0.14
17.25,77.0,Chitapura taluku,Karnataka,0.01,0.05,0.0,1.16,2.35,3.35,10.84,7.77,8.87,3.12,1.48,0.05
17.25,77.25,Kalagi taluku,Karnataka,0.06,0.0,0.08,0.7,0.85,3.65,12.42,8.23,10.26,2.42,0.63,0.0
17.25,77.5,Basheerabad mandal,Telangana,0.14,0.0,0.09,0.6,1.2,3.66,12.86,6.88,9.54,1.86,0.46,0.0
17.25,77.75,Dharoor mandal,Telangana,0.03,0.0,0.21,1.59,1.46,2.01,11.79,5.81,5.76,2.61,0.27,0.0
17.25,78.0,Pudur mandal,Telangana,0.13,0.0,0.0,1.96,1.09,3.07,7.27,6.85,6.22,4.09,1.01,0.0
17.25,78.25,Moinabad mandal,Telangana,0.01,0.09,0.0,0.11,0.5,1.42,3.56,1.11,3.58,1.71,0.19,0.01
17.25,78.5,Balapur mandal,Telangana,0.06,0.07,0.0,1.0,2.01,2.73,8.57,3.95,11.14,4.79,1.32,0.31
17.25,78.75,Ibrahimpatnam mandal,Telangana,0.01,0.34,0.0,0.69,1.51,7.95,10.32,5.37,9.64,1.28,1.65,0.03
17.25,79.0,Chityal mandal,Telangana,0.0,0.03,0.0,0.32,1.35,7.64,9.64,6.29,9.03,1.09,1.52,0.0
17.25,79.25,Narketpally mandal,Telangana,0.0,0.0,0.0,0.37,0.81,5.42,11.04,6.88,8.52,1.41,1.27,0.11
17.25,79.5,Nakrekal mandal,Telangana,0.0,0.0,0.0,0.43,0.81,4.48,11.66,6.78,7.12,0.95,1.45,0.12
17.25,79.75,Atmakur (S) mandal,Telangana,0.0,0.0,0.0,1.2,0.77,4.72,10.63,7.43,6.47,0.99,0.84,0.0
17.25,80.0,Kusumanchi mandal,Telangana,0.0,0.0,0.0,0.1,2.51,7.5,13.62,5.34,9.13,1.48,1.26,0.0
17.25,80.25,Konijerla mandal,Telangana,0.0,0.0,0.0,0.32,1.51,3.95,13.61,5.76,9.15,1.53,1.81,0.01
17.25,80.5,Thallada mandal,Telangana,0.0,0.0,0.0,0.96,2.11,2.91,14.35,8.15,9.94,1.95,2.45,0.0
17.25,80.75,Penuballi mandal,Telangana,0.0,0.0,0.0,3.21,5.57,3.21,14.41,6.61,12.59,3.21,1.79,0.05
17.25,81.0,Dammapeta mandal,Telangana,0.0,0.0,0.0,3.08,5.7,3.31,15.37,5.01,12.18,3.68,3.11,0.05
17.25,81.25,Jeelugu Milli,Andhra Pradesh,0.0,0.01,0.0,1.74,2.91,2.36,13.76,4.06,11.81,4.39,4.4,0.0
17.25,81.5,Buttayagudem,Andhra Pradesh,0.0,0.0,0.0,1.93,2.99,2.59,13.07,4.72,13.8,4.53,3.28,0.0
17.25,81.75,Devipatnam,Andhra Pradesh,0.01,0.0,0.0,0.86,2.5,2.32,8.96,7.09,10.0,2.77,3.19,0.0
17.25,82.0,Jaggampeta,Andhra Pradesh,0.05,0.01,0.0,0.3,4.18,1.67,7.4,5.62,7.29,3.49,2.51,0.0
17.25,82.25,Prathipadu,Andhra Pradesh,0.11,0.02,0.09,1.37,3.58,3.54,8.4,8.63,6.48,3.6,4.91,0.0
17.25,82.5,Thondangi,Andhra Pradesh,0.11,0.0,0.07,1.29,4.1,3.61,7.07,8.45,9.73,3.65,4.6,0.06
17.5,73.0,Unknown,Unknown,0.26,0.15,0.04,0.07,6.08,41.45,49.21,9.65,28.76,2.16,2.96,1.54
17.5,73.25,Guhagar Taluka,Maharashtra,0.2,0.16,0.09,0.21,6.0,39.38,48.71,9.97,28.03,5.21,3.21,1.55
17.5,73.5,Chiplun Taluka,Maharashtra,0.16,0.2,0.25,0.73,7.09,36.83,55.93,10.74,27.87,7.61,2.75,1.67
17.5,73.75,Patan,Maharashtra,0.26,0.3,0.1,0.93,4.75,18.2,30.56,4.15,8.6,3.55,1.81,3.09
17.5,74.0,Patan,Maharashtra,0.26,0.42,0.09,0.99,4.08,11.09,17.55,2.16,3.48,1.78,1.68,3.06
17.5,74.25,Koregaon,Maharashtra,0.21,0.46,0.01,0.94,2.3,7.56,6.17,1.22,2.64,1.64,1.41,2.43
17.5,74.5,Khatav,Maharashtra,0.23,0.2,0.03,0.88,1.92,5.31,3.25,1.07,2.15,3.54,1.42,1.63
17.5,74.75,Man,Maharashtra,0.26,0.1,0.13,0.6,1.12,3.74,3.75,2.94,3.4,4.4,1.64,1.92
17.5,75.0,Sangole,Maharashtra,0.33,0.08,0.16,0.48,1.76,3.29,3.99,4.59,4.71,3.37,1.94,1.77
17.5,75.25,Sangole,Maharashtra,0.36,0.0,0.08,0.88,2.46,4.09,3.79,3.41,5.13,2.57,2.23,1.04
17.5,75.5,Mangalvedhe,Maharashtra,0.11,0.01,0.04,1.31,2.78,4.42,4.63,3.26,5.24,2.84,1.92,0.64
17.5,75.75,Solapur South,Maharashtra,0.05,0.01,0.05,1.3,2.75,4.54,5.07,2.73,6.33,1.72,1.71,0.21
17.5,76.0,Solapur South,Maharashtra,0.0,0.01,0.04,1.1,2.34,2.48,5.63,1.91,4.87,1.13,1.57,0.08
17.5,76.25,Akkalkot,Maharashtra,0.01,0.0,0.0,1.11,1.73,3.93,6.39,3.1,8.49,2.04,0.95,0.06
17.5,76.5,Alanda taluku,Karnataka,0.02,0.0,0.0,1.75,2.23,3.7,7.57,5.08,11.86,2.87,0.84,0.06
17.5,76.75,Alanda taluku,Karnataka,0.1,0.06,0.0,1.82,2.71,4.15,8.74,7.84,8.28,1.5,1.22,0.05
17.5,77.0,Kamalapura Taluku,Karnataka,0.06,0.12,0.06,1.09,1.88,3.98,11.01,6.02,9.08,2.01,0.87,0.01
17.5,77.25,Chincholi taluku,Karnataka,0.0,0.08,0.01,0.65,1.37,5.32,10.25,9.84,10.1,3.1,0.99,0.0
17.5,77.5,Chincholi taluku,Karnataka,0.08,0.0,0.05,1.09,2.11,5.85,10.65,7.47,9.62,2.55,0.34,0.0
17.5,77.75,Marpalle mandal,Telangana,0.05,0.0,0.02,2.43,2.58,6.14,10.72,8.49,11.46,2.9,0.22,0.0
17.5,78.0,Kondapur mandal,Telangana,0.17,0.0,0.01,1.42,1.75,3.98,7.75,3.85,6.83,0.57,0.3,0.0
17.5,78.25,Patancheruvu mandal,Telangana,0.05,0.14,0.0,0.65,2.07,4.45,9.09,4.13,7.36,3.63,0.45,0.0
17.5,78.5,Alwal mandal,Telangana,0.02,0.06,0.0,0.4,1.92,5.0,7.82,5.16,9.3,2.37,0.99,0.0
17.5,78.75,Bibinagar mandal,Telangana,0.0,1.39,0.0,1.42,1.59,11.02,12.87,4.77,10.06,0.99,1.56,0.0
17.5,79.0,Bhongiri mandal,Telangana,0.0,0.0,0.0,0.79,0.93,6.6,10.14,6.08,10.25,2.39,1.2,0.04
17.5,79.25,Gundala mandal,Telangana,0.0,0.0,0.0,0.87,0.7,6.93,11.23,6.84,10.39,2.11,1.66,0.03
17.5,79.5,Kodakandla mandal,Telangana,0.0,0.0,0.0,1.1,0.91,7.23,13.24,6.63,9.91,1.04,1.47,0.0
17.5,79.75,Danthalapalle mandal,Telangana,0.0,0.0,0.0,0.67,1.27,5.88,12.89,6.03,10.33,0.57,1.3,0.0
17.5,80.0,Kuravi mandal,Telangana,0.0,0.0,0.0,0.31,1.3,8.71,12.17,7.33,13.3,0.79,1.97,0.01
17.5,80.25,Singareni mandal,Telangana,0.0,0.0,0.0,1.82,1.82,5.32,14.88,9.25,16.54,2.25,1.77,0.11
17.5,80.5,Julurupad mandal,Telangana,0.0,0.0,0.0,2.23,1.7,3.6,13.13,11.56,19.16,4.04,0.84,0.18
17.5,80.75,Mulakalapally mandal,Telangana,0.0,0.0,0.0,2.13,1.97,2.94,11.81,8.22,14.07,3.88,0.67,0.04
17.5,81.0,Dammapeta mandal,Telangana,0.0,0.0,0.0,1.63,2.08,3.27,9.31,6.36,9.55,1.58,0.86,0.0
17.5,81.25,Velairpadu,Andhra Pradesh,0.0,0.0,0.0,1.98,1.96,4.96,13.9,6.98,12.37,2.42,1.93,0.06
17.5,81.5,Vararamachandrapuram,Andhra Pradesh,0.0,0.0,0.0,0.83,3.47,3.62,4.69,7.51,12.51,1.7,3.26,0.0
17.5,81.75,Maredumilli,Andhra Pradesh,0.01,0.0,0.0,0.78,3.54,3.01,6.17,6.74,11.74,2.47,3.16,0.0
17.5,82.0,Addateegala,Andhra Pradesh,0.07,0.0,0.02,0.79,4.01,2.65,6.86,6.46,8.68,3.83,3.18,0.04
17.5,82.25,Rajavommangi,Andhra Pradesh,0.1,0.0,0.06,1.44,4.07,3.89,6.85,8.17,9.99,3.97,4.35,0.06
17.5,82.5,Kotananduru,Andhra Pradesh,0.11,0.0,0.02,0.9,4.59,3.44,5.57,8.11,13.13,3.55,4.22,0.14
17.5,82.75,Yelamanchili,Andhra Pradesh,0.07,0.0,0.0,0.6,3.93,2.61,5.12,7.25,14.74,2.98,4.39,0.16
17.75,73.0,Unknown,Unknown,0.39,0.02,0.0,0.0,5.27,44.25,49.69,13.38,35.12,0.73,1.58,1.62
17.75,73.25,Dapoli Taluka,Maharashtra,0.31,0.12,0.12,0.26,4.28,40.09,51.98,9.76,20.33,3.12,1.97,1.5
17.75,73.5,Khed Taluka,Maharashtra,0.54,0.14,0.43,0.87,7.44,38.37,70.46,19.08,26.72,5.68,1.88,2.34
17.75,73.75,Jaoli,Maharashtra,0.25,0.28,0.08,0.97,3.9,13.96,20.86,3.47,5.09,2.94,1.69,3.39
17.75,74.0,Satara,Maharashtra,0.22,0.3,0.05,0.95,3.52,11.36,13.43,1.6,2.47,2.5,1.59,3.61
17.75,74.25,Koregaon,Maharashtra,0.3,0.18,0.07,0.66,2.52,8.0,4.43,1.4,2.73,3.44,1.18,3.12
17.75,74.5,Man,Maharashtra,0.35,0.09,0.11,0.37,1.13,4.21,2.77,1.74,3.18,5.19,1.07,2.11
17.75,74.75,Man,Maharashtra,0.29,0.03,0.18,0.15,0.51,3.91,3.61,1.43,2.92,5.94,1.32,2.0
17.75,75.0,Malshiras,Maharashtra,0.29,0.0,0.2,0.2,0.68,3.52,4.68,3.09,3.89,4.45,1.75,1.84
17.75,75.25,Pandharpur,Maharashtra,0.17,0.05,0.18,0.47,1.32,4.22,5.83,4.03,6.29,3.85,1.93,1.75
17.75,75.5,Mohol,Maharashtra,0.02,0.11,0.08,1.08,2.33,6.14,7.9,4.48,8.96,5.07,1.69,0.84
17.75,75.75,Mohol,Maharashtra,0.0,0.05,0.06,1.47,2.78,5.06,5.23,2.75,7.88,2.48,1.85,0.22
17.75,76.0,Solapur South,Maharashtra,0.0,0.21,0.06,1.09,2.38,3.34,5.35,2.32,7.51,2.1,1.47,0.26
17.75,76.25,Tuljapur,Maharashtra,0.01,0.13,0.05,1.1,2.44,3.6,5.92,4.16,10.44,2.39,1.18,0.1
17.75,76.5,Umarga,Maharashtra,0.04,0.01,0.02,1.53,2.06,3.98,6.25,5.91,11.98,2.7,1.02,0.09
17.75,76.75,Basavakalyana taluku,Karnataka,0.18,0.06,0.02,1.34,1.63,5.24,9.05,5.8,9.89,3.0,1.23,0.05
17.75,77.0,Basavakalyana taluku,Karnataka,0.4,0.04,0.14,0.7,0.99,6.4,9.62,4.52,9.18,3.07,1.29,0.04
17.75,77.25,Humanabad taluku,Karnataka,0.1,0.06,0.03,0.56,1.19,5.62,9.15,6.56,10.9,1.63,0.33,0.0
17.75,77.5,Bidar taluku,Karnataka,0.16,0.0,0.01,0.66,1.1,7.54,7.62,6.62,11.74,2.88,0.35,0.0
17.75,77.75,Jharasangam mandal,Telangana,0.06,0.0,0.0,1.38,1.43,7.47,7.59,5.36,11.73,3.76,0.78,0.0
17.75,78.0,Pulkal mandal,Telangana,0.21,0.0,0.0,0.96,1.04,7.31,6.84,3.9,10.58,0.92,0.41,0.0
17.75,78.25,Unknown,Telangana,0.01,0.17,0.0,0.32,1.95,6.58,7.45,6.03,10.69,2.58,0.95,0.0
17.75,78.5,Manoharabad mandal,Telangana,0.01,0.1,0.0,0.36,1.76,6.21,7.12,5.96,10.36,2.25,1.04,0.0
17.75,78.75,Markook mandal,Telangana,0.0,0.41,0.0,0.95,0.85,9.05,12.31,5.71,7.26,1.61,1.71,0.0
17.75,79.0,Bachannapet mandal,Telangana,0.0,0.0,0.0,0.77,0.43,6.69,10.4,5.57,5.44,3.09,2.25,0.0
17.75,79.25,Ragunathpally mandal,Telangana,0.0,0.0,0.0,0.77,0.43,7.4,13.92,6.06,8.7,1.05,2.68,0.0
17.75,79.5,Wardhannapet mandal,Telangana,0.04,0.0,0.0,2.12,0.63,9.51,16.53,4.99,12.92,1.29,0.63,0.0
17.75,79.75,Parvathagiri mandal,Telangana,0.0,0.02,0.0,0.2,1.33,11.38,15.89,6.52,12.27,2.25,0.81,0.0
17.75,80.0,Gudur mandal,Telangana,0.0,0.0,0.0,1.04,2.05,8.7,15.08,8.2,14.29,1.66,1.85,0.04
17.75,80.25,Gangaram mandal,Telangana,0.0,0.0,0.0,2.34,2.19,5.38,14.4,10.27,18.96,2.51,1.51,0.19
17.75,80.5,Tekulapalle mandal,Telangana,0.0,0.0,0.0,3.07,1.26,3.76,15.44,4.77,14.74,4.64,0.67,0.51
17.75,80.75,Aswapuram mandal,Telangana,0.0,0.0,0.0,3.04,1.35,3.85,14.51,4.35,13.21,3.96,0.64,0.42
17.75,81.0,Dummugudem mandal,Telangana,0.0,0.0,0.0,2.47,1.58,9.49,17.27,8.54,11.22,1.11,1.23,0.09
17.75,81.25,Chintur,Andhra Pradesh,0.0,0.0,0.0,2.47,1.54,10.51,18.61,9.41,12.0,0.84,1.43,0.11
17.75,81.5,Chintur,Andhra Pradesh,0.0,0.0,0.0,1.93,2.49,8.61,13.86,8.45,11.94,1.35,2.2,0.05
17.75,81.75,Maredumilli,Andhra Pradesh,0.01,0.0,0.0,0.76,2.97,3.03,5.46,6.68,11.07,2.91,3.02,0.07
17.75,82.0,Y. Ramavaram,Andhra Pradesh,0.02,0.0,0.01,1.06,2.76,3.23,5.29,6.02,11.51,4.48,3.27,0.14
17.75,82.25,Koyyuru,Andhra Pradesh,0.03,0.0,0.06,1.61,3.62,3.67,4.68,6.33,13.37,4.31,3.07,0.17
17.75,82.5,Koyyuru,Andhra Pradesh,0.08,0.0,0.04,1.55,5.32,3.77,4.34,7.5,16.96,3.86,3.32,0.18
17.75,82.75,Ravikamatham,Andhra Pradesh,0.02,0.0,0.0,0.87,3.46,2.02,5.33,6.75,15.67,2.96,4.08,0.12
17.75,83.0,Anakapalle,Andhra Pradesh,0.0,0.01,0.0,0.63,1.89,3.82,4.44,3.98,17.88,1.62,6.52,0.06
17.75,83.25,Visakhapatnam (Urban),Andhra Pradesh,0.0,0.01,0.0,0.78,2.48,3.17,4.35,3.16,14.81,1.78,5.8,0.32
18.0,73.0,Unknown,Unknown,0.45,0.1,0.05,0.08,4.4,42.27,48.4,13.5,28.88,1.0,1.31,2.03
18.0,73.25,Mandangad Taluka,Maharashtra,0.49,0.05,0.21,0.31,4.06,33.24,54.29,14.49,18.85,2.24,1.09,1.44
18.0,73.5,Poladpur Taluka,Maharashtra,1.0,0.09,0.6,0.91,9.0,38.38,82.62,23.07,29.4,5.33,1.45,2.78
18.0,73.75,Wai,Maharashtra,0.73,0.07,0.33,0.96,5.76,15.7,14.57,1.62,4.21,4.1,1.47,3.53
18.0,74.0,Wai,Maharashtra,0.51,0.16,0.15,0.83,3.69,10.21,7.7,0.86,3.1,5.01,1.28,4.01
18.0,74.25,Phaltan,Maharashtra,0.42,0.05,0.06,0.34,1.17,4.57,3.6,1.24,3.11,3.91,0.72,2.43
18.0,74.5,Phaltan,Maharashtra,0.38,0.0,0.07,0.18,0.57,2.44,2.54,1.74,3.46,4.41,0.67,1.74
18.0,74.75,Malshiras,Maharashtra,0.37,0.0,0.19,0.12,0.49,3.35,3.49,1.11,3.3,5.67,0.94,1.34
18.0,75.0,Indapur,Maharashtra,0.28,0.01,0.28,0.05,0.5,2.62,3.68,2.01,4.7,4.74,1.48,1.5
18.0,75.25,Madha,Maharashtra,0.16,0.11,0.23,0.23,0.95,5.15,4.28,3.93,7.64,3.25,1.23,1.16
18.0,75.5,Madha,Maharashtra,0.03,0.44,0.12,0.67,1.85,6.06,6.01,4.61,8.5,3.92,1.43,1.09
18.0,75.75,Barshi,Maharashtra,0.0,0.5,0.07,0.78,2.11,4.52,6.46,3.68,11.85,5.18,1.43,0.62
18.0,76.0,Tuljapur,Maharashtra,0.0,0.57,0.06,0.63,1.89,3.68,5.6,3.42,13.95,5.19,1.27,0.6
18.0,76.25,Tuljapur,Maharashtra,0.02,0.36,0.03,0.58,1.39,3.99,6.47,5.33,11.04,4.09,1.4,0.4
18.0,76.5,Lohara,Maharashtra,0.13,0.13,0.02,0.64,0.8,4.7,7.62,6.28,10.21,3.41,2.09,0.26
18.0,76.75,Nilanga,Maharashtra,0.16,0.1,0.04,0.91,1.09,5.86,7.95,5.89,9.95,3.51,2.06,0.18
18.0,77.0,Hulasura taluku,Karnataka,0.26,0.07,0.08,0.7,1.09,6.34,9.44,5.4,9.04,3.11,0.97,0.11
18.0,77.25,Bhalki taluku,Karnataka,0.22,0.01,0.04,0.42,0.69,7.37,7.69,6.31,11.76,1.96,0.22,0.03
18.0,77.5,Bidar taluku,Karnataka,0.41,0.01,0.01,0.23,0.68,8.84,7.63,6.38,13.39,1.36,0.1,0.0
18.0,77.75,Unknown,Telangana,0.37,0.0,0.0,0.28,0.67,10.24,10.78,8.93,12.48,1.68,0.42,0.0
18.0,78.0,Tekmal mandal,Telangana,0.01,0.0,0.0,0.26,0.35,7.92,12.7,6.34,11.33,1.79,0.45,0.0
18.0,78.25,Medak mandal,Telangana,0.02,0.0,0.0,0.17,0.83,7.39,13.22,7.47,10.87,1.01,1.19,0.0
18.0,78.5,Chegunta mandal,Telangana,0.19,0.0,0.0,0.09,0.72,9.08,13.87,7.98,8.15,0.71,1.58,0.0
18.0,78.75,Thoguta mandal,Telangana,0.05,0.0,0.0,0.43,0.43,10.94,14.56,9.11,6.42,0.82,1.71,0.0
18.0,79.0,Maddur mandal,Telangana,0.0,0.09,0.0,0.74,0.69,9.61,14.2,8.2,7.12,0.89,0.96,0.0
18.0,79.25,Velair mandal,Telangana,0.0,0.29,0.0,0.37,0.52,10.15,12.64,9.18,10.53,2.15,1.84,0.0
18.0,79.5,Khaazipet mandal,Telangana,0.08,0.16,0.0,0.95,0.55,9.85,10.59,6.91,7.31,0.46,1.58,0.0
18.0,79.75,Geesugonda mandal,Telangana,0.29,0.21,0.0,0.99,1.29,6.82,13.62,3.82,10.97,1.59,1.09,0.01
18.0,80.0,Kothaguda mandal,Telangana,0.0,0.64,0.0,1.46,1.29,10.02,14.66,5.33,12.05,2.41,0.22,0.0
18.0,80.25,Gangaram mandal,Telangana,0.0,0.0,0.0,2.14,1.73,5.42,15.5,7.87,14.55,2.77,1.53,0.1
18.0,80.5,Allapalli mandal,Telangana,0.0,0.0,0.0,2.02,1.48,5.3,14.07,6.18,13.93,2.82,0.95,0.07
18.0,80.75,Manuguru mandal,Telangana,0.0,0.0,0.0,2.2,1.62,4.05,15.73,3.64,15.17,3.58,1.01,0.51
18.0,81.0,Konta Tahsil,Chhattisgarh,0.0,0.0,0.0,2.74,1.68,10.9,19.59,8.07,12.02,1.31,1.2,0.22
18.0,81.25,Konta Tahsil,Chhattisgarh,0.0,0.02,0.0,2.6,1.57,11.52,19.81,9.45,11.24,1.01,1.32,0.09
18.0,81.5,M.V. 79,Odisha,0.0,0.21,0.0,2.55,1.41,7.51,15.77,9.74,9.45,3.0,1.65,0.03
18.0,81.75,Kalimela,Odisha,0.0,0.19,0.0,1.94,1.7,4.76,10.55,8.52,9.68,4.0,2.38,0.05
18.0,82.0,Gudem Kotha Veedhi Mandal,Andhra Pradesh,0.01,0.09,0.13,2.32,2.85,4.01,6.28,7.1,11.62,4.23,2.85,0.16
18.0,82.25,Paparmetla,Odisha,0.01,0.0,0.37,3.36,4.49,3.89,3.95,6.33,13.07,3.02,2.36,0.28
18.0,82.5,G.Madugula,Andhra Pradesh,0.0,0.0,0.67,5.05,5.61,4.27,3.47,6.79,13.16,1.66,1.89,0.36
18.0,82.75,Paderu,Andhra Pradesh,0.0,0.01,0.0,1.05,3.36,2.8,7.59,8.26,12.82,3.52,5.42,0.02
18.0,83.0,Devarapalle,Andhra Pradesh,0.0,0.01,0.0,1.21,3.34,2.58,6.41,7.72,13.4,3.17,4.43,0.04
18.0,83.25,Jami,Andhra Pradesh,0.0,0.0,0.0,0.86,3.72,2.66,4.6,4.41,15.9,3.0,4.36,0.44
18.0,83.5,Bhogapuram,Andhra Pradesh,0.04,0.0,0.0,0.93,3.2,2.42,4.65,5.95,16.88,2.91,3.95,0.68
18.25,72.75,Outside India,Outside India,0.39,0.23,0.0,0.0,4.24,36.95,52.21,10.86,31.47,1.04,1.79,2.4
18.25,73.0,Unknown,Unknown,0.29,0.52,0.02,0.04,3.63,35.66,52.19,12.13,26.94,1.64,1.32,2.33
18.25,73.25,Mangaon Taluka,Maharashtra,0.17,0.73,0.12,0.16,2.08,34.08,49.58,14.41,14.99,2.57,0.45,2.02
18.25,73.5,Mahad Taluka,Maharashtra,0.61,0.08,0.21,0.55,4.43,15.1,32.53,5.08,11.3,2.23,0.56,2.5
18.25,73.75,Velhe,Maharashtra,1.02,0.07,0.15,0.87,3.32,8.55,10.94,1.59,5.68,3.27,0.67,3.32
18.25,74.0,Purandhar,Maharashtra,1.0,0.12,0.05,0.6,2.57,6.07,4.99,0.81,3.8,4.31,0.73,3.72
18.25,74.25,Baramati,Maharashtra,0.49,0.02,0.05,0.26,0.9,2.81,2.59,1.09,2.97,3.19,0.57,1.99
18.25,74.5,Baramati,Maharashtra,0.39,0.0,0.06,0.17,0.54,1.85,2.37,1.43,3.74,3.39,0.6,1.68
18.25,74.75,Indapur,Maharashtra,0.34,0.0,0.17,0.09,0.42,2.31,3.19,2.04,5.18,4.09,0.92,1.26
18.25,75.0,Karmala,Maharashtra,0.08,0.0,0.21,0.0,0.2,2.52,3.49,1.66,7.19,4.06,1.43,1.02
18.25,75.25,Karmala,Maharashtra,0.1,0.11,0.22,0.09,0.63,3.74,5.7,2.13,8.76,3.08,1.46,0.79
18.25,75.5,Paranda,Maharashtra,0.07,0.72,0.15,0.51,1.52,5.76,7.78,5.22,8.28,4.48,1.28,1.13
18.25,75.75,Barshi,Maharashtra,0.0,0.8,0.08,0.55,1.79,4.83,7.08,4.2,12.72,5.66,1.3,0.76
18.25,76.0,Dharashiv,Maharashtra,0.0,0.74,0.06,0.51,1.77,4.41,6.54,3.26,14.59,6.62,1.32,0.64
18.25,76.25,Dharashiv,Maharashtra,0.01,0.46,0.02,0.18,0.53,3.76,7.88,5.33,11.93,4.09,1.13,0.59
18.25,76.5,Ausa,Maharashtra,0.11,0.34,0.01,0.08,0.17,4.16,8.26,6.07,10.71,3.15,1.39,0.52
18.25,76.75,Nilanga,Maharashtra,0.29,0.18,0.02,0.27,0.41,5.6,7.57,5.51,8.69,3.26,1.49,0.4
18.25,77.0,Deoni,Maharashtra,0.42,0.08,0.05,0.36,1.1,8.45,7.21,5.82,8.5,2.85,0.57,0.08
18.25,77.25,Kamalnagar taluku,Karnataka,0.51,0.13,0.01,0.18,1.47,11.5,7.59,6.13,9.82,1.61,0.36,0.05
18.25,77.5,Aurad taluku,Karnataka,0.51,0.14,0.0,0.02,1.51,11.67,8.81,6.03,13.99,1.03,0.35,0.0
18.25,77.75,Pedda Kodapgal mandal,Telangana,0.29,0.0,0.0,0.27,0.77,10.45,10.55,9.08,10.86,1.46,0.81,0.0
18.25,78.0,Yellareddy mandal,Telangana,0.16,0.0,0.0,0.4,0.97,8.28,12.23,4.72,11.63,0.92,2.09,0.0
18.25,78.25,Tadwai mandal,Telangana,0.01,0.0,0.0,0.11,0.6,13.84,12.26,8.67,16.73,0.76,2.45,0.0
18.25,78.5,Domakonda mandal,Telangana,0.23,0.0,0.0,0.18,1.02,9.79,15.7,9.84,11.73,1.07,0.69,0.0
18.25,78.75,Mustabad mandal,Telangana,0.11,0.0,0.0,0.04,0.22,12.15,13.58,11.69,9.95,1.09,1.45,0.0
18.25,79.0,Bejjanki mandal,Telangana,0.1,0.03,0.0,0.2,0.24,11.11,12.61,10.35,9.96,1.5,0.94,0.0
18.25,79.25,Chigurumamidi mandal,Telangana,0.01,0.04,0.0,0.99,0.11,9.9,14.81,7.43,11.94,1.06,1.27,0.0
18.25,79.5,Ellandakunta mandal,Telangana,0.0,0.68,0.0,1.85,1.01,11.42,15.57,7.37,14.15,1.7,1.31,0.0
18.25,79.75,Regonda mandal,Telangana,0.0,0.1,0.0,1.14,1.36,10.13,12.03,7.69,9.11,1.54,0.26,0.0
18.25,80.0,Venkatapur mandal,Telangana,0.0,0.85,0.0,1.92,1.33,8.06,14.61,5.22,12.38,2.93,0.18,0.0
18.25,80.25,Tadvai mandal,Telangana,0.0,0.04,0.0,1.55,2.76,4.72,13.26,5.22,12.05,2.66,1.19,0.03
18.25,80.5,Unknown,Telangana,0.0,0.01,0.0,1.95,2.22,5.95,15.87,7.91,13.9,2.2,1.83,0.07
18.25,80.75,Venkatapuram mandal,Telangana,0.0,0.07,0.0,2.45,2.22,7.69,15.45,9.64,16.25,0.83,1.82,0.03
18.25,81.0,Usur Tahsil,Chhattisgarh,0.0,0.05,0.0,2.32,1.97,8.81,17.3,8.45,12.59,0.92,1.16,0.05
18.25,81.25,Konta Tahsil,Chhattisgarh,0.0,0.12,0.0,1.85,1.27,6.2,15.82,8.47,8.08,2.18,0.94,0.01
18.25,81.5,Konta Tahsil,Chhattisgarh,0.0,0.21,0.0,2.07,1.28,5.6,14.66,9.07,8.21,3.04,1.32,0.0
18.25,81.75,Kalimela,Odisha,0.0,0.38,0.01,3.0,1.47,5.98,12.95,10.78,9.53,4.82,2.43,0.0
18.25,82.0,Orkel,Odisha,0.0,0.2,0.24,3.38,2.99,4.9,8.35,8.53,10.96,3.78,2.35,0.16
18.25,82.25,Jodamba,Odisha,0.0,0.0,0.52,3.73,4.43,4.21,3.84,6.94,12.38,2.31,2.06,0.31
18.25,82.5,Peda Bayalu,Andhra Pradesh,0.0,0.0,0.66,3.98,4.73,4.82,3.59,7.76,12.66,1.76,1.81,0.34
18.25,82.75,Dumbriguda,Andhra Pradesh,0.0,0.01,0.42,2.34,3.85,4.22,5.04,8.47,12.69,2.81,3.3,0.21
18.25,83.0,Ananthagiri,Andhra Pradesh,0.02,0.0,0.21,0.55,3.49,2.24,4.81,9.78,17.31,4.32,4.43,0.06
18.25,83.25,Ananthagiri,Andhra Pradesh,0.02,0.0,0.0,1.44,1.71,2.72,6.51,7.13,17.93,2.82,4.08,0.33
18.25,83.5,Gurla,Andhra Pradesh,0.1,0.0,0.0,0.81,2.35,2.01,4.53,8.48,13.36,2.31,3.85,1.12
18.25,83.75,Laveru,Andhra Pradesh,0.09,0.0,0.0,0.32,2.42,2.2,7.33,6.36,11.64,4.52,7.59,2.01
18.5,72.75,Unknown,Unknown,0.28,0.13,0.0,0.0,5.94,26.28,40.06,10.76,23.63,1.01,1.64,2.44
18.5,73.0,Alibag Taluka,Maharashtra,0.16,0.59,0.0,0.0,2.46,36.72,52.95,11.9,22.49,2.44,0.71,2.43
18.5,73.25,Sudhagad Taluka,Maharashtra,0.02,1.18,0.02,0.01,1.61,30.87,53.59,11.35,18.65,4.01,0.54,1.69
18.5,73.5,Mulshi Subdistrict,Maharashtra,0.43,0.02,0.22,0.28,1.37,10.41,25.29,4.26,9.89,2.54,0.67,1.37
18.5,73.75,Mulshi Subdistrict,Maharashtra,1.06,0.01,0.07,1.09,2.87,4.82,7.3,1.18,2.84,4.14,0.68,2.55
18.5,74.0,Haveli Subdistrict,Maharashtra,1.04,0.08,0.03,0.6,2.33,5.12,4.87,1.0,3.44,3.8,1.1,2.95
18.5,74.25,Daund,Maharashtra,0.65,0.02,0.03,0.37,1.09,2.67,2.34,2.03,3.31,2.94,0.94,1.43
18.5,74.5,Daund,Maharashtra,0.35,0.0,0.07,0.19,0.7,2.59,2.24,1.04,1.98,1.89,0.75,1.14
18.5,74.75,Shrigonda,Maharashtra,0.26,0.0,0.12,0.1,0.51,2.97,3.14,2.01,5.05,4.12,1.1,1.0
18.5,75.0,Karjat,Maharashtra,0.19,0.06,0.23,0.05,0.42,2.74,3.39,2.37,8.06,4.35,1.44,1.14
18.5,75.25,Karmala,Maharashtra,0.15,0.49,0.24,0.11,0.78,4.08,4.54,3.61,9.38,3.31,1.44,0.92
18.5,75.5,Bhum,Maharashtra,0.05,0.95,0.17,0.25,1.03,6.94,7.42,9.45,11.98,4.26,0.85,0.99
18.5,75.75,Washi,Maharashtra,0.02,0.87,0.11,0.34,1.28,5.99,5.07,6.16,11.59,3.31,0.9,0.65
18.5,76.0,Kalamb,Maharashtra,0.01,0.94,0.08,0.31,1.06,5.13,5.66,3.97,13.41,3.39,0.87,0.06
18.5,76.25,Kalamb,Maharashtra,0.01,0.57,0.04,0.08,0.31,4.09,8.19,7.19,13.07,3.24,1.04,0.52
18.5,76.5,Renapur,Maharashtra,0.05,0.29,0.02,0.01,0.06,3.71,8.16,6.04,11.46,3.03,0.83,0.7
18.5,76.75,Chakur,Maharashtra,0.23,0.44,0.08,0.03,0.26,7.46,7.55,5.8,12.67,2.6,0.73,0.52
18.5,77.0,Chakur,Maharashtra,0.34,0.18,0.03,0.12,1.31,6.71,7.69,5.41,9.52,3.14,0.72,0.12
18.5,77.25,Mukhed,Maharashtra,0.32,0.14,0.0,0.18,1.47,11.02,9.55,7.52,13.68,1.56,0.84,0.0
18.5,77.5,Deglur,Maharashtra,0.04,0.11,0.0,0.34,1.58,12.82,9.59,8.49,12.95,1.0,0.49,0.0
18.5,77.75,Madnur mandal,Telangana,0.07,0.07,0.0,0.64,1.43,9.54,10.95,8.53,10.16,0.62,0.6,0.0
18.5,78.0,Varni mandal,Telangana,0.28,0.01,0.0,0.4,3.36,9.65,14.92,7.55,12.0,1.64,1.45,0.0
18.5,78.25,Indalwai mandal,Telangana,0.34,0.0,0.0,0.11,1.29,10.88,13.98,7.89,13.89,0.77,3.14,0.0
18.5,78.5,Sirikonda mandal,Telangana,0.43,0.0,0.0,0.13,0.93,9.74,14.12,8.61,17.29,1.82,2.07,0.0
18.5,78.75,Konaraopet mandal,Telangana,0.35,0.0,0.0,0.04,0.41,7.45,12.83,7.89,16.03,4.24,1.48,0.0
18.5,79.0,Gangadhara mandal,Telangana,0.16,0.0,0.0,0.22,0.31,7.42,12.15,6.03,10.33,1.97,0.41,0.0
18.5,79.25,Sultanabad mandal,Telangana,0.02,0.0,0.0,0.39,0.39,6.07,12.73,3.56,9.01,0.3,0.09,0.0
18.5,79.5,Srirampur mandal,Telangana,0.0,0.05,0.0,1.1,0.55,6.16,9.07,4.48,11.06,0.92,0.68,0.0
18.5,79.75,Malharrao mandal,Telangana,0.0,0.08,0.0,1.06,0.59,5.43,10.66,6.79,10.33,1.06,0.52,0.0
18.5,80.0,Mutharam_Mahadevpur mandal,Telangana,0.0,0.41,0.0,1.33,1.11,4.47,12.46,4.99,12.59,2.84,0.51,0.0
18.5,80.25,Kannaigudem mandal,Telangana,0.0,0.19,0.0,1.42,2.78,4.2,12.38,4.71,12.17,2.76,1.11,0.0
18.5,80.5,Wazeed mandal,Telangana,0.0,0.03,0.0,1.94,2.5,6.45,14.08,6.84,13.46,1.5,1.66,0.03
18.5,80.75,Usur Tahsil,Chhattisgarh,0.0,0.06,0.0,2.32,2.26,7.4,15.51,9.26,15.1,1.1,1.83,0.03
18.5,81.0,Usur Tahsil,Chhattisgarh,0.0,0.04,0.0,1.68,1.27,6.38,13.5,9.1,10.75,1.26,1.05,0.0
18.5,81.25,Konta Tahsil,Chhattisgarh,0.0,0.11,0.0,1.66,1.04,5.34,13.76,8.68,7.99,2.26,0.86,0.0
18.5,81.5,Gadiras Tahsil,Chhattisgarh,0.0,0.16,0.0,1.79,1.2,5.21,14.5,8.61,7.77,2.65,1.04,0.0
18.5,81.75,Chhindgarh Tahsil,Chhattisgarh,0.0,0.35,0.01,2.77,1.54,5.87,13.2,10.45,9.28,4.52,2.17,0.03
18.5,82.0,Malkangiri,Odisha,0.0,0.38,0.04,2.75,2.53,6.88,11.71,10.87,11.13,4.89,2.33,0.31
18.5,82.25,Mudulipada,Odisha,0.0,0.22,0.2,1.87,4.51,7.57,8.7,9.23,12.99,3.37,1.39,0.77
18.5,82.5,Munchingi Puttu,Andhra Pradesh,0.0,0.06,0.45,2.33,3.83,5.87,5.3,10.09,12.47,2.02,2.17,0.28
18.5,82.75,Nandapur,Odisha,0.0,0.0,0.25,1.43,3.8,4.82,6.13,12.31,13.39,2.21,2.99,0.2
18.5,83.0,Pottangi,Odisha,0.0,0.0,0.01,2.65,1.97,2.57,8.05,4.5,14.15,5.33,3.43,0.34
18.5,83.25,Ramabhadrapuram,Andhra Pradesh,0.01,0.0,0.0,2.03,2.56,3.99,6.4,8.09,15.75,4.57,3.65,0.22
18.5,83.5,Therlam,Andhra Pradesh,0.0,0.0,0.0,1.47,1.65,3.77,7.24,9.77,12.88,3.32,3.27,0.29
18.5,83.75,Regidi Amadalavalasa,Andhra Pradesh,0.07,0.0,0.0,0.64,2.17,3.24,8.03,6.98,11.93,4.92,5.95,1.73
18.5,84.0,Jalumuru,Andhra Pradesh,0.14,0.0,0.0,0.19,2.76,1.86,9.32,5.78,12.19,8.88,5.34,2.9
18.75,72.75,Unknown,Unknown,0.24,0.05,0.0,0.0,6.35,21.15,32.56,10.53,19.57,1.23,1.16,2.6
18.75,73.0,Pen Taluka,Maharashtra,0.13,0.91,0.01,0.0,2.99,26.52,44.34,9.85,24.94,2.41,0.53,1.91
18.75,73.25,Khalapur Taluka,Maharashtra,0.11,0.89,0.01,0.0,4.75,30.54,58.61,14.26,30.03,4.61,1.13,1.54
18.75,73.5,Mawal,Maharashtra,0.92,0.26,0.01,0.41,1.75,13.23,20.48,3.48,7.92,3.76,2.01,2.39
18.75,73.75,Mawal,Maharashtra,0.99,0.02,0.0,0.21,1.21,7.56,4.83,1.08,3.11,2.1,1.68,2.51
18.75,74.0,Khed,Maharashtra,1.29,0.01,0.0,0.42,1.48,6.17,3.47,2.23,4.3,2.67,1.4,1.95
18.75,74.25,Shirur,Maharashtra,1.0,0.0,0.0,0.47,1.5,3.39,2.35,3.87,5.51,3.85,1.83,1.5
18.75,74.5,Shrigonda,Maharashtra,0.54,0.01,0.03,0.1,0.85,1.86,2.41,1.85,3.08,3.4,1.18,1.4
18.75,74.75,Shrigonda,Maharashtra,0.3,0.06,0.1,0.12,0.7,2.52,3.18,3.46,5.21,4.67,0.82,0.83
18.75,75.0,Karjat,Maharashtra,0.27,0.21,0.2,0.13,0.79,3.65,3.83,7.79,10.13,4.23,1.15,0.1
18.75,75.25,Ashti,Maharashtra,0.2,0.29,0.2,0.22,0.88,3.72,4.3,5.0,9.91,2.74,0.9,0.04
18.75,75.5,Patoda,Maharashtra,0.09,0.36,0.18,0.25,0.9,4.13,5.31,6.68,10.36,3.42,0.33,0.21
18.75,75.75,Unknown,Maharashtra,0.05,0.87,0.23,0.27,0.92,6.4,5.49,3.74,12.59,2.75,0.2,0.04
18.75,76.0,Unknown,Maharashtra,0.02,1.16,0.28,0.27,0.96,7.03,5.86,3.43,13.36,2.57,0.51,0.0
18.75,76.25,Unknown,Maharashtra,0.01,1.2,0.28,0.09,0.4,5.35,9.03,11.17,17.97,4.26,0.59,0.0
18.75,76.5,Ambejogai,Maharashtra,0.01,0.69,0.24,0.05,0.33,6.99,9.05,6.65,15.96,3.79,0.61,0.11
18.75,76.75,Ahmadpur,Maharashtra,0.04,0.56,0.28,0.06,0.47,8.32,7.37,4.15,11.04,3.84,0.57,0.2
18.75,77.0,Ahmadpur,Maharashtra,0.05,0.17,0.32,0.15,1.14,7.34,10.77,4.16,15.17,2.65,0.82,0.01
18.75,77.25,Kandhar,Maharashtra,0.07,0.12,0.17,0.19,1.33,6.42,10.17,7.86,15.67,2.39,0.95,0.0
18.75,77.5,Naigaon (Khairgaon),Maharashtra,0.01,0.1,0.0,0.23,0.68,8.44,13.2,7.25,15.97,2.16,0.68,0.0
18.75,77.75,Biloli,Maharashtra,0.02,0.12,0.0,0.31,0.45,8.95,16.29,7.24,14.63,1.78,0.08,0.0
18.75,78.0,Renjal mandal,Telangana,0.0,0.03,0.0,0.34,0.88,8.1,17.08,5.59,14.83,2.15,0.31,0.0
18.75,78.25,Armoor mandal,Telangana,0.01,0.0,0.0,0.01,0.6,9.26,19.85,4.54,15.32,1.8,0.17,0.0
18.75,78.5,Kammarpally mandal,Telangana,0.01,0.0,0.0,0.05,0.99,9.61,18.94,6.34,15.24,2.5,0.59,0.0
18.75,78.75,Kathlapur mandal,Telangana,0.02,0.0,0.0,0.0,0.16,6.25,16.07,4.71,12.82,2.5,0.04,0.0
18.75,79.0,Mallial mandal,Telangana,0.11,0.0,0.0,0.0,0.17,5.35,13.41,5.7,10.28,0.51,0.28,0.0
18.75,79.25,Dharmaram mandal,Telangana,0.09,0.0,0.0,0.0,1.6,9.27,11.65,3.11,10.59,0.48,1.7,0.0
18.75,79.5,Ramagundam mandal,Telangana,0.01,0.0,0.0,0.44,0.6,7.12,6.81,3.37,8.38,1.01,0.56,0.0
18.75,79.75,Chennur mandal,Telangana,0.0,0.0,0.0,0.41,0.77,7.96,9.62,6.2,9.41,1.27,0.3,0.0
18.75,80.0,Mahadevpur mandal,Telangana,0.0,0.03,0.0,0.97,2.43,6.49,11.45,6.01,9.57,2.24,0.96,0.0
18.75,80.25,Sironcha Taluka,Maharashtra,0.0,0.04,0.0,1.17,3.04,6.49,11.38,5.95,7.85,2.5,1.19,0.0
18.75,80.5,Bhopalpattnam,Chhattisgarh,0.0,0.04,0.0,1.42,2.88,6.22,12.45,6.08,10.33,2.17,1.32,0.0
18.75,80.75,Usur Tahsil,Chhattisgarh,0.0,0.03,0.0,1.61,1.39,6.58,11.44,8.85,10.36,1.56,1.03,0.0
18.75,81.0,Bijapur Tahsil,Chhattisgarh,0.0,0.01,0.0,1.44,0.42,5.89,9.88,9.74,9.03,1.79,0.65,0.0
18.75,81.25,Dantewada Tahsil,Chhattisgarh,0.0,0.03,0.01,1.41,0.35,5.62,9.73,9.64,8.32,2.04,0.61,0.0
18.75,81.5,Katekalyan Tahsil,Chhattisgarh,0.0,0.16,0.03,1.86,1.0,5.48,11.99,9.3,8.21,2.82,1.16,0.0
18.75,81.75,Katekalyan Tahsil,Chhattisgarh,0.0,0.24,0.15,2.02,1.88,5.24,11.59,8.98,7.73,3.14,1.59,0.0
18.75,82.0,Darbha Tahsil,Chhattisgarh,0.0,0.21,0.18,1.66,3.6,6.89,9.71,8.7,11.26,3.45,1.52,0.6
18.75,82.25,Boipariguda,Odisha,0.0,0.18,0.1,1.5,4.51,7.65,9.8,9.4,13.37,3.74,1.34,0.94
18.75,82.5,Boipariguda,Odisha,0.0,0.42,0.15,2.04,4.44,8.54,8.84,10.07,12.03,3.09,1.39,0.55
18.75,82.75,Koraput,Odisha,0.04,0.15,0.16,1.79,3.61,5.58,7.2,10.81,12.62,2.95,2.71,0.28
18.75,83.0,Pottangi,Odisha,0.26,0.0,0.04,1.95,4.02,3.26,7.36,9.29,13.41,6.01,3.29,0.35
18.75,83.25,Makkuva,Andhra Pradesh,0.36,0.0,0.06,1.2,2.6,4.12,5.3,9.56,12.31,5.5,4.07,0.29
18.75,83.5,Garugubilli,Andhra Pradesh,0.07,0.0,0.0,2.74,3.1,4.75,5.09,7.96,12.29,5.79,3.55,0.58
18.75,83.75,Seethampeta,Andhra Pradesh,0.09,0.0,0.0,1.31,1.89,5.21,7.75,9.31,14.42,4.6,3.43,1.81
18.75,84.0,Pathapatnam,Andhra Pradesh,0.2,0.0,0.0,0.38,3.24,3.01,8.33,6.74,14.48,7.94,6.42,2.56
18.75,84.25,Meliaputti,Andhra Pradesh,0.56,0.0,0.0,0.37,2.94,2.61,6.5,4.3,12.72,6.71,7.62,2.64
19.0,72.75,Unknown,Unknown,0.02,0.03,0.0,0.0,7.06,26.54,31.65,10.42,20.06,1.16,0.78,2.9
19.0,73.0,Unknown,Unknown,0.06,1.02,0.01,0.0,3.23,30.37,46.33,9.98,29.28,5.23,0.76,2.76
19.0,73.25,Panvel Subdistrict,Maharashtra,0.14,1.79,0.03,0.0,4.4,31.73,54.74,13.16,31.19,4.92,1.53,2.42
19.0,73.5,Karjat Taluka,Maharashtra,0.76,0.1,0.02,0.06,1.93,8.86,11.84,2.83,6.2,2.97,1.68,2.01
19.0,73.75,Khed,Maharashtra,1.92,0.0,0.06,0.06,0.91,7.52,10.12,1.68,4.65,2.78,1.49,2.35
19.0,74.0,Ambegaon,Maharashtra,1.51,0.03,0.02,0.27,1.23,6.25,6.01,1.59,4.31,2.17,1.65,1.84
19.0,74.25,Parner,Maharashtra,1.61,0.05,0.0,0.36,1.38,1.29,2.54,1.69,5.53,3.66,1.96,1.84
19.0,74.5,Parner,Maharashtra,1.03,0.02,0.01,0.26,1.11,1.43,2.54,3.11,5.32,3.89,1.41,1.93
19.0,74.75,Ahmednagar,Maharashtra,0.76,0.08,0.09,0.15,0.82,2.75,3.29,7.41,6.96,5.22,0.41,1.07
19.0,75.0,Ashti,Maharashtra,0.72,0.27,0.16,0.17,0.89,3.39,3.68,8.67,9.75,3.87,0.91,0.43
19.0,75.25,Ashti,Maharashtra,0.38,0.35,0.18,0.22,0.9,3.65,4.34,5.55,11.5,4.44,0.56,0.01
19.0,75.5,Unknown,Maharashtra,0.07,0.32,0.19,0.26,0.85,3.5,4.48,5.95,14.03,4.32,0.06,0.0
19.0,75.75,Unknown,Maharashtra,0.05,0.38,0.32,0.27,0.86,5.7,5.6,5.75,14.98,3.44,0.04,0.0
19.0,76.0,Unknown,Maharashtra,0.03,0.95,0.47,0.22,0.78,6.79,7.13,5.09,13.94,3.18,0.24,0.0
19.0,76.25,Unknown,Maharashtra,0.01,0.89,0.58,0.1,0.53,6.63,10.0,6.96,15.29,3.52,0.49,0.15
19.0,76.5,Sonpeth,Maharashtra,0.0,0.49,0.49,0.08,0.53,9.07,11.13,4.89,15.48,3.85,0.3,0.14
19.0,76.75,Gangakhed,Maharashtra,0.0,0.35,0.47,0.08,0.6,8.42,11.96,9.08,19.85,1.64,0.26,0.06
19.0,77.0,Palam,Maharashtra,0.0,0.21,0.42,0.12,1.06,5.81,11.57,4.52,14.48,1.84,0.66,0.01
19.0,77.25,Loha,Maharashtra,0.0,0.14,0.4,0.12,1.23,3.92,11.77,5.04,11.53,1.46,0.82,0.02
19.0,77.5,Naigaon (Khairgaon),Maharashtra,0.0,0.18,0.15,0.33,1.74,8.85,14.52,6.46,13.2,3.32,0.37,0.0
19.0,77.75,Dharmabad,Maharashtra,0.0,0.25,0.0,0.52,2.5,11.57,19.77,6.49,14.72,4.69,0.06,0.0
19.0,78.0,Mudhole mandal,Telangana,0.0,0.44,0.0,0.37,0.6,7.38,17.48,5.41,13.29,3.15,0.08,0.0
19.0,78.25,Nandipet mandal,Telangana,0.0,0.16,0.0,0.53,0.68,7.31,21.33,5.43,13.09,2.74,0.17,0.0
19.0,78.5,Laxmanchanda mandal,Telangana,0.0,0.16,0.0,0.15,0.14,6.73,20.67,6.8,11.39,2.21,0.14,0.0
19.0,78.75,Mallapur mandal,Telangana,0.0,0.0,0.0,0.01,1.0,6.2,15.99,5.14,10.93,2.07,0.25,0.0
19.0,79.0,Beerpur mandal,Telangana,0.04,0.0,0.0,0.01,0.29,6.44,14.04,5.36,8.87,0.9,0.43,0.0
19.0,79.25,Kasipet mandal,Telangana,0.06,0.01,0.0,0.08,0.85,8.72,12.88,3.47,9.38,0.91,1.01,0.04
19.0,79.5,Mandamarri mandal,Telangana,0.01,0.0,0.0,0.35,1.12,9.87,9.3,4.58,7.56,0.99,0.64,0.0
19.0,79.75,Kotapalle mandal,Telangana,0.0,0.01,0.0,0.38,0.99,9.25,8.8,5.95,8.08,1.08,0.45,0.0
19.0,80.0,Sironcha Taluka,Maharashtra,0.0,0.03,0.0,0.87,2.34,7.62,10.56,6.2,7.57,1.99,0.92,0.0
19.0,80.25,Aheri Taluka,Maharashtra,0.0,0.04,0.0,1.11,2.94,6.74,11.17,6.08,7.86,2.37,1.15,0.01
19.0,80.5,Bhopalpattnam,Chhattisgarh,0.0,0.04,0.0,1.33,2.68,6.19,11.41,6.56,8.94,2.35,1.17,0.0
19.0,80.75,Bhairamgarh Tahsil,Chhattisgarh,0.0,0.09,0.0,1.59,1.55,6.07,10.26,8.91,9.17,1.89,1.02,0.0
19.0,81.0,Bhairamgarh Tahsil,Chhattisgarh,0.0,0.13,0.0,1.34,0.73,5.73,9.32,9.75,8.52,1.8,0.57,0.0
19.0,81.25,Gidam Tahsil,Chhattisgarh,0.0,0.11,0.02,1.28,0.64,5.53,9.34,9.53,8.27,1.86,0.53,0.0
19.0,81.5,Bastanar Tahsil,Chhattisgarh,0.0,0.2,0.15,1.52,1.84,5.25,9.11,9.29,7.61,2.32,1.14,0.0
19.0,81.75,Tokapal Tahsil,Chhattisgarh,0.0,0.24,0.31,1.88,2.41,5.0,9.06,8.12,7.39,2.97,1.63,0.03
19.0,82.0,Jagdalpur Tahsil,Chhattisgarh,0.0,0.16,0.18,1.48,3.3,5.65,8.9,10.68,7.93,2.65,1.67,0.16
19.0,82.25,Kotpad,Odisha,0.0,0.12,0.08,1.49,4.07,7.07,9.31,10.51,11.99,3.17,1.23,0.76
19.0,82.5,Boriguma,Odisha,0.0,0.24,0.1,1.74,4.54,7.77,9.35,9.46,12.88,3.62,1.25,0.83
19.0,82.75,Bhairabsingipur,Odisha,0.22,0.13,0.05,1.46,2.67,5.95,6.37,9.74,10.63,3.23,2.63,0.68
19.0,83.0,Kakiriguma,Odisha,0.63,0.0,0.0,1.12,3.39,2.56,5.7,11.86,9.43,4.57,3.83,0.34
19.0,83.25,Bandhugaon,Odisha,0.46,0.11,0.0,2.36,2.45,5.16,6.16,9.67,9.04,2.33,2.97,0.24
19.0,83.5,Gummalakshmipuram,Andhra Pradesh,0.06,0.0,0.23,1.96,1.73,4.99,5.05,11.29,10.46,3.44,3.02,0.64
19.0,83.75,Gunupur,Odisha,0.59,0.0,0.04,3.95,2.39,3.14,4.86,5.16,10.61,5.94,3.76,1.03
19.0,84.0,Serango,Odisha,0.66,0.0,0.0,3.05,2.57,2.68,4.96,3.84,11.11,6.71,5.04,1.37
19.0,84.25,Ramagiri,Odisha,0.66,0.0,0.0,0.48,2.25,2.48,6.46,3.54,10.67,5.73,7.55,2.79
19.0,84.5,Kanchili,Andhra Pradesh,0.38,0.0,0.0,0.43,2.24,2.79,7.45,4.85,9.49,5.32,10.44,3.05
19.25,72.75,Unknown,Unknown,0.02,0.12,0.0,0.0,5.6,32.58,37.81,11.99,26.72,1.46,0.83,2.41
19.25,73.0,Bhiwandi Subdistrict,Maharashtra,0.05,0.51,0.01,0.0,2.97,26.83,39.54,10.58,31.78,5.33,1.06,2.01
19.25,73.25,Kalyan Subdistrict,Maharashtra,0.27,0.97,0.01,0.0,3.17,10.18,19.75,7.52,18.12,4.08,1.31,1.63
19.25,73.5,Murbad Subdistrict,Maharashtra,1.19,0.32,0.02,0.07,2.67,9.56,17.83,5.93,14.3,1.72,1.67,1.56
19.25,73.75,Junnar,Maharashtra,1.66,0.14,0.0,0.1,2.69,5.27,6.16,1.26,5.64,1.52,2.48,2.16
19.25,74.0,Junnar,Maharashtra,1.87,0.08,0.01,0.24,1.83,6.24,6.13,1.37,6.45,3.78,3.73,2.35
19.25,74.25,Parner,Maharashtra,1.66,0.06,0.01,0.3,1.56,2.68,3.93,2.56,5.63,3.85,2.34,1.99
19.25,74.5,Parner,Maharashtra,1.34,0.05,0.01,0.13,1.26,1.81,4.92,4.08,5.93,3.42,1.79,2.12
19.25,74.75,Ahmednagar,Maharashtra,1.06,0.1,0.05,0.15,1.06,3.54,5.41,7.12,7.94,4.68,0.69,1.41
19.25,75.0,Pathardi,Maharashtra,0.9,0.18,0.1,0.21,1.1,3.35,4.39,8.4,10.01,3.55,1.11,0.49
19.25,75.25,Pathardi,Maharashtra,0.53,0.22,0.13,0.25,0.89,3.75,5.48,4.89,12.97,3.95,0.47,0.06
19.25,75.5,Georai,Maharashtra,0.15,0.27,0.22,0.27,0.83,3.96,4.32,4.62,15.97,4.65,0.14,0.0
19.25,75.75,Georai,Maharashtra,0.07,0.39,0.32,0.27,0.8,5.75,6.67,6.41,17.93,3.81,0.11,0.01
19.25,76.0,Unknown,Maharashtra,0.02,0.72,0.56,0.23,0.71,6.6,9.71,6.44,15.67,3.95,0.29,0.02
19.25,76.25,Pathri,Maharashtra,0.01,0.64,0.64,0.11,0.63,5.72,11.09,5.84,16.89,4.1,0.52,0.08
19.25,76.5,Manwath,Maharashtra,0.0,0.45,0.53,0.08,0.58,8.01,14.22,5.97,14.74,4.99,0.36,0.14
19.25,76.75,Parbhani,Maharashtra,0.0,0.34,0.5,0.08,0.61,9.6,12.12,4.33,15.19,2.89,0.26,0.06
19.25,77.0,Purna,Maharashtra,0.0,0.24,0.42,0.09,0.92,6.84,10.22,3.64,9.83,1.5,0.6,0.0
19.25,77.25,Nanded,Maharashtra,0.0,0.14,0.39,0.11,1.06,4.34,11.23,4.57,9.2,1.36,0.72,0.02
19.25,77.5,Mudkhed,Maharashtra,0.0,0.19,0.21,0.24,0.93,7.09,10.03,6.36,11.2,3.08,0.37,0.0
19.25,77.75,Bhokar,Maharashtra,0.0,0.26,0.02,0.4,1.6,8.63,11.99,5.93,12.86,3.19,0.43,0.0
19.25,78.0,Kubeer mandal,Telangana,0.0,0.27,0.0,0.48,1.58,7.86,21.14,8.34,15.56,2.6,1.37,0.76
19.25,78.25,Sarangapur mandal,Telangana,0.0,0.23,0.0,0.5,1.34,7.94,23.26,8.9,15.81,2.64,1.25,0.77
19.25,78.5,Neradigonda mandal,Telangana,0.0,0.11,0.0,0.19,0.91,10.38,22.07,11.12,14.96,1.84,0.63,0.0
19.25,78.75,Kaddampeddur mandal,Telangana,0.0,0.08,0.0,0.12,0.89,9.58,20.2,9.7,13.62,1.71,0.57,0.0
19.25,79.0,Lingapur mandal,Telangana,0.0,0.09,0.0,0.72,0.59,8.29,18.67,6.67,7.88,0.95,0.64,0.36
19.25,79.25,Tiryani mandal,Telangana,0.0,0.07,0.0,0.7,0.55,10.21,16.61,8.59,9.64,0.98,0.45,0.29
19.25,79.5,Rebbena mandal,Telangana,0.0,0.05,0.0,0.57,0.76,11.01,12.72,10.44,10.43,1.23,0.39,0.15
19.25,79.75,Dahegaon mandal,Telangana,0.0,0.04,0.0,0.44,0.99,8.64,10.67,10.04,9.54,1.86,0.51,0.02
19.25,80.0,Aheri Taluka,Maharashtra,0.0,0.03,0.0,0.6,1.51,7.39,10.65,8.76,8.32,2.31,0.95,0.12
19.25,80.25,Aheri Taluka,Maharashtra,0.0,0.03,0.0,0.85,2.18,7.12,10.97,7.6,7.83,2.43,1.13,0.11
19.25,80.5,Bhopalpattnam,Chhattisgarh,0.0,0.32,0.0,1.19,3.06,7.22,10.95,8.09,7.96,2.27,1.4,0.13
19.25,80.75,Bhairamgarh Tahsil,Chhattisgarh,0.0,0.55,0.0,1.64,3.35,6.57,10.18,9.04,8.24,1.91,1.24,0.01
19.25,81.0,Orchha Tahsil,Chhattisgarh,0.0,0.57,0.02,1.49,2.63,5.93,9.82,9.63,8.46,1.72,0.9,0.01
19.25,81.25,Gidam Tahsil,Chhattisgarh,0.0,0.7,0.03,1.41,3.14,5.73,10.09,9.37,8.33,1.66,0.87,0.01
19.25,81.5,Kondagaon Tahsil,Chhattisgarh,0.0,0.61,0.13,1.15,3.12,4.88,10.06,8.84,7.58,1.86,0.81,0.0
19.25,81.75,Bastar Tahsil,Chhattisgarh,0.0,0.19,0.3,1.67,2.62,5.12,9.08,9.69,7.08,2.62,1.6,0.0
19.25,82.0,Bakavand Tahsil,Chhattisgarh,0.0,0.04,0.0,0.85,4.21,5.96,8.09,15.7,6.3,1.51,1.84,0.0
19.25,82.25,Kosagumuda,Odisha,0.0,0.01,0.0,1.62,2.11,4.72,6.82,14.99,6.47,1.05,0.67,0.0
19.25,82.5,Nabarangapur P.S,Odisha,0.0,0.04,0.0,2.46,1.31,7.39,7.9,10.07,8.49,2.29,1.16,0.12
19.25,82.75,Tentulikhunti,Odisha,0.0,0.01,0.03,1.27,1.13,7.04,5.87,7.59,10.83,2.32,2.22,1.04
19.25,83.0,Andirakanch,Odisha,0.04,0.06,0.02,1.02,1.0,6.33,6.56,6.73,8.94,2.08,1.95,0.61
19.25,83.25,Rayagada,Odisha,0.12,0.19,0.02,1.67,0.64,3.83,7.05,5.96,8.32,0.93,2.08,0.21
19.25,83.5,Rayagada,Odisha,0.13,0.38,0.6,1.89,1.25,3.25,8.8,8.75,9.56,2.46,2.5,0.45
19.25,83.75,Gudari,Odisha,0.6,0.08,0.13,3.3,1.99,2.69,5.2,4.82,10.01,5.65,3.78,0.9
19.25,84.0,R.Udayagiri,Odisha,0.47,0.0,0.04,3.3,3.06,3.95,6.42,4.8,10.79,5.86,4.68,1.31
19.25,84.25,Mohana,Odisha,0.03,0.0,0.02,0.27,2.07,3.04,7.55,7.31,11.53,5.12,9.04,3.07
19.25,84.5,Chikiti,Odisha,0.02,0.0,0.05,0.13,1.93,3.3,5.58,6.48,9.96,6.99,11.41,3.55
19.25,84.75,Rangeilunda,Odisha,0.0,0.0,0.01,0.07,2.13,3.33,4.96,5.56,9.07,6.93,9.88,4.08
19.5,72.75,Unknown,Unknown,0.01,0.01,0.0,0.0,11.19,27.48,29.21,17.91,26.94,1.16,0.49,3.25
19.5,73.0,Vasai Subdistrict,Maharashtra,0.02,0.35,0.0,0.0,4.28,18.85,32.79,10.13,26.29,2.56,0.66,2.45
19.5,73.25,Shahapur Subdistrict,Maharashtra,0.63,0.64,0.01,0.0,2.59,17.41,31.76,10.24,27.59,3.63,1.4,0.86
19.5,73.5,Shahapur Subdistrict,Maharashtra,1.52,0.35,0.02,0.19,3.87,16.74,32.48,11.73,24.09,4.72,1.95,1.75
19.5,73.75,Akola,Maharashtra,2.2,0.09,0.01,0.3,2.26,10.8,11.89,3.84,11.25,5.54,2.58,2.52
19.5,74.0,Akola,Maharashtra,2.3,0.09,0.02,0.37,1.91,7.64,5.35,1.46,7.47,5.82,3.28,2.46
19.5,74.25,Sangamner,Maharashtra,2.04,0.13,0.02,0.31,2.05,5.56,4.76,2.63,6.35,4.17,2.39,2.06
19.5,74.5,Rahuri,Maharashtra,1.33,0.08,0.02,0.19,1.6,3.71,5.46,4.52,6.51,2.99,1.85,2.18
19.5,74.75,Rahuri,Maharashtra,1.1,0.07,0.04,0.16,1.2,3.86,5.9,4.22,9.2,4.25,1.11,1.23
19.5,75.0,Nevasa,Maharashtra,1.07,0.07,0.04,0.16,0.98,4.11,6.37,4.62,9.85,4.5,0.55,0.71
19.5,75.25,Shevgaon,Maharashtra,0.64,0.05,0.06,0.2,0.89,3.3,7.5,3.22,15.02,3.96,0.36,0.31
19.5,75.5,Unknown,Maharashtra,0.23,0.12,0.05,0.26,0.67,5.79,7.47,6.33,19.96,4.47,0.12,0.24
19.5,75.75,Unknown,Maharashtra,0.02,0.16,0.29,0.29,0.54,5.66,10.19,6.58,21.52,4.29,0.01,0.17
19.5,76.0,Ghansawangi,Maharashtra,0.01,0.23,0.5,0.2,0.55,9.06,10.61,5.0,15.45,3.87,0.24,0.06
19.5,76.25,Partur,Maharashtra,0.0,0.26,0.55,0.1,0.56,8.83,11.6,5.64,14.04,4.13,0.38,0.04
19.5,76.5,Selu,Maharashtra,0.0,0.25,0.42,0.05,0.48,8.55,10.45,3.89,8.79,2.08,0.48,0.04
19.5,76.75,Jintur,Maharashtra,0.0,0.15,0.6,0.03,0.41,7.43,8.57,3.5,7.88,1.88,0.27,0.01
19.5,77.0,Aundha (Nagnath),Maharashtra,0.0,0.17,0.49,0.02,0.31,6.28,7.5,3.95,9.98,2.22,0.15,0.0
19.5,77.25,Basmath,Maharashtra,0.0,0.16,0.24,0.15,0.5,5.79,6.5,5.64,8.81,2.35,0.3,0.0
19.5,77.5,Hadgaon,Maharashtra,0.0,0.16,0.13,0.26,0.31,6.25,6.91,5.76,6.17,2.44,0.15,0.0
19.5,77.75,Umarkhed,Maharashtra,0.0,0.19,0.13,0.31,0.78,6.77,8.94,5.81,11.97,2.38,0.49,0.0
19.5,78.0,Umarkhed,Maharashtra,0.0,0.18,0.01,0.42,1.41,8.63,14.96,6.24,9.99,1.91,1.17,0.29
19.5,78.25,Kinwat,Maharashtra,0.0,0.09,0.01,0.31,1.33,10.82,16.64,8.53,12.61,2.02,1.0,0.44
19.5,78.5,Gudihathnur mandal,Telangana,0.0,0.06,0.01,0.28,1.05,11.82,19.35,10.69,14.51,1.8,0.77,0.17
19.5,78.75,Utnur mandal,Telangana,0.0,0.06,0.0,0.53,0.8,10.96,19.18,9.34,12.46,1.63,0.72,0.3
19.5,79.0,Kerameri mandal,Telangana,0.0,0.08,0.0,0.9,0.76,9.2,18.2,6.63,8.18,1.11,0.68,0.45
19.5,79.25,Wankidi mandal,Telangana,0.0,0.06,0.0,0.73,0.71,11.15,15.29,9.67,10.69,1.02,0.36,0.27
19.5,79.5,Sirpur_T mandal,Telangana,0.0,0.04,0.0,0.59,0.69,12.52,12.1,12.06,12.72,1.19,0.18,0.14
19.5,79.75,Kouthala mandal,Telangana,0.0,0.03,0.0,0.51,1.2,7.65,10.32,9.73,9.08,2.22,0.76,0.06
19.5,80.0,Aheri Taluka,Maharashtra,0.0,0.01,0.0,0.31,0.61,7.12,11.13,8.84,8.82,2.44,1.1,0.38
19.5,80.25,Etapalli Taluka,Maharashtra,0.0,0.01,0.0,0.38,0.75,7.01,10.98,8.69,8.85,2.3,0.98,0.3
19.5,80.5,Bhamragad Taluka,Maharashtra,0.0,0.55,0.0,1.23,3.09,7.35,10.83,9.36,8.75,2.15,1.54,0.22
19.5,80.75,Bhamragad Taluka,Maharashtra,0.0,1.06,0.01,1.84,4.89,6.69,10.49,9.81,8.76,1.66,1.51,0.05
19.5,81.0,Orchha Tahsil,Chhattisgarh,0.0,1.17,0.01,1.99,5.42,6.79,10.38,9.86,8.81,1.59,1.64,0.02
19.5,81.25,Narayanpur Tahsil,Chhattisgarh,0.0,1.28,0.03,1.14,5.36,5.44,11.23,8.95,8.21,1.22,0.78,0.01
19.5,81.5,Kondagaon Tahsil,Chhattisgarh,0.0,1.26,0.1,0.57,5.16,4.64,11.79,8.48,7.81,1.06,0.26,0.0
19.5,81.75,Kondagaon Tahsil,Chhattisgarh,0.0,0.43,0.53,0.84,3.96,5.7,11.66,10.52,7.59,2.04,1.04,0.0
19.5,82.0,Makdi Tahsil,Chhattisgarh,0.0,0.03,0.43,0.86,2.95,6.4,10.16,10.87,6.99,1.76,0.91,0.0
19.5,82.25,Dabugan,Odisha,0.0,0.07,0.05,1.04,1.92,5.43,8.21,11.59,6.59,0.95,0.43,0.0
19.5,82.5,Paparahandi,Odisha,0.0,0.18,0.0,2.02,1.31,8.1,8.18,7.7,7.99,0.91,1.37,0.02
19.5,82.75,Jayapatna,Odisha,0.0,0.08,0.01,1.07,1.02,7.42,7.35,6.92,8.14,1.78,1.53,0.39
19.5,83.0,Thuamul Rampur,Odisha,0.0,0.0,0.0,0.19,1.51,5.77,6.68,5.94,8.04,2.25,1.24,0.6
19.5,83.25,Kalyanasingpur,Odisha,0.0,0.0,0.0,0.0,0.02,3.45,3.09,6.3,12.98,2.8,1.48,1.35
19.5,83.5,Bishamakatak,Odisha,0.04,0.46,0.66,1.16,1.14,2.85,9.63,7.95,9.88,1.93,2.1,0.47
19.5,83.75,Chandrapur,Odisha,0.09,0.31,0.43,1.71,2.61,3.49,9.46,7.02,11.19,3.22,3.69,0.98
19.5,84.0,Adava,Odisha,0.04,0.01,0.11,2.85,4.61,6.4,10.06,6.59,12.11,4.64,5.4,1.67
19.5,84.25,Mohana,Odisha,0.01,0.0,0.06,0.68,2.56,3.43,8.06,7.6,12.68,4.1,8.3,2.5
19.5,84.5,Badagada,Odisha,0.0,0.0,0.07,0.41,2.44,3.56,7.47,8.5,12.36,3.35,9.69,3.44
19.5,84.75,Hinjili,Odisha,0.0,0.0,0.02,0.31,2.6,3.68,6.86,6.99,11.04,4.35,8.27,3.96
19.5,85.0,Rambha,Odisha,0.0,0.0,0.0,0.38,4.28,4.01,9.28,5.87,13.35,2.37,5.25,2.97
19.75,72.5,Unknown,Unknown,0.02,0.0,0.0,0.0,14.68,25.73,23.58,20.87,28.59,0.46,0.39,3.55
19.75,72.75,Palghar Subdistrict,Maharashtra,0.02,0.0,0.0,0.0,14.86,26.94,25.26,20.89,27.57,0.44,0.44,3.56
19.75,73.0,Vikramgad Taluka,Maharashtra,0.01,0.0,0.0,0.0,5.34,14.2,31.67,8.49,28.18,1.7,1.03,3.05
19.75,73.25,Wada Subdistrict,Maharashtra,0.17,0.05,0.0,0.1,3.29,15.94,39.28,10.78,32.31,4.06,1.38,2.37
19.75,73.5,Mokhada Taluka,Maharashtra,1.29,0.19,0.01,0.41,3.51,21.43,39.58,14.7,28.72,5.85,1.98,2.19
19.75,73.75,Igatpuri Subdistrict,Maharashtra,1.85,0.25,0.02,0.52,2.28,9.33,11.32,5.72,10.7,5.3,2.41,2.26
19.75,74.0,Sinnar Taluka,Maharashtra,1.88,0.25,0.03,0.54,2.02,6.66,4.3,1.95,6.51,5.42,2.43,1.82
19.75,74.25,Sangamner,Maharashtra,1.55,0.21,0.05,0.52,2.03,3.8,3.28,4.42,6.52,3.34,2.09,0.45
19.75,74.5,Rahta,Maharashtra,1.21,0.11,0.05,0.32,1.18,3.29,3.22,5.3,8.28,2.93,0.84,0.43
19.75,74.75,Vaijapur,Maharashtra,0.96,0.04,0.05,0.18,1.04,3.3,4.44,5.04,11.17,3.76,0.53,0.49
19.75,75.0,Unknown,Maharashtra,0.76,0.03,0.04,0.14,1.07,4.51,4.94,5.43,13.53,3.95,0.31,0.41
19.75,75.25,Unknown,Maharashtra,0.49,0.03,0.03,0.13,1.1,5.26,5.28,4.22,14.18,3.54,0.14,0.1
19.75,75.5,Chhatrapati Sambhajinagar,Maharashtra,0.19,0.05,0.08,0.26,0.6,6.86,5.84,6.09,18.35,3.41,0.17,0.24
19.75,75.75,Badnapur,Maharashtra,0.02,0.05,0.11,0.37,0.2,5.14,5.67,5.61,16.61,3.56,0.0,0.08
19.75,76.0,Jalna,Maharashtra,0.01,0.2,0.3,0.19,0.57,8.54,8.34,5.02,11.85,3.46,0.03,0.03
19.75,76.25,Mantha,Maharashtra,0.0,0.22,0.4,0.04,0.78,8.56,8.32,4.72,10.1,3.49,0.05,0.02
19.75,76.5,Jintur,Maharashtra,0.0,0.11,0.5,0.01,0.67,8.04,8.74,3.62,7.69,2.11,0.24,0.0
19.75,76.75,Sengaon,Maharashtra,0.0,0.03,0.66,0.03,0.32,5.37,6.23,3.69,6.87,2.09,0.13,0.0
19.75,77.0,Hingoli,Maharashtra,0.0,0.12,0.24,0.0,0.02,6.31,6.35,4.4,11.79,2.97,0.0,0.0
19.75,77.25,Hingoli,Maharashtra,0.0,0.17,0.32,0.21,0.44,5.92,5.61,4.66,10.24,2.71,0.06,0.06
19.75,77.5,Pusad,Maharashtra,0.0,0.2,0.22,0.28,0.44,7.03,8.27,6.95,8.36,2.22,0.1,0.13
19.75,77.75,Mahagaon,Maharashtra,0.0,0.16,0.24,0.22,0.39,7.57,9.39,8.89,8.12,1.57,0.1,0.02
19.75,78.0,Mahoor,Maharashtra,0.0,0.04,0.13,0.19,0.67,8.09,12.69,5.94,7.13,1.39,0.37,0.03
19.75,78.25,Kinwat,Maharashtra,0.0,0.01,0.06,0.25,0.91,11.39,12.71,7.84,10.95,1.56,0.57,0.13
19.75,78.5,Unknown,Telangana,0.0,0.0,0.05,0.33,0.83,11.44,12.47,8.1,11.82,1.84,0.56,0.28
19.75,78.75,Bela mandal,Telangana,0.0,0.0,0.01,0.84,0.42,11.01,14.59,6.55,10.08,1.73,0.76,0.67
19.75,79.0,Korpana Taluka,Maharashtra,0.0,0.01,0.0,0.96,1.31,10.38,14.65,5.89,9.94,1.73,0.62,0.47
19.75,79.25,Rajura Taluka,Maharashtra,0.0,0.0,0.0,0.64,1.45,7.75,12.56,4.65,9.55,1.21,0.34,0.28
19.75,79.5,Gondpipri Taluka,Maharashtra,0.0,0.01,0.0,0.38,1.49,7.74,10.14,5.51,10.43,1.67,0.18,0.53
19.75,79.75,Gondpipri Taluka,Maharashtra,0.0,0.0,0.01,0.76,1.44,6.14,10.75,7.42,9.35,2.1,0.75,0.1
19.75,80.0,Mulchera Taluka,Maharashtra,0.0,0.0,0.01,0.39,0.66,6.7,11.11,8.08,8.79,2.09,0.89,0.31
19.75,80.25,Etapalli Taluka,Maharashtra,0.0,0.0,0.01,0.41,0.76,6.59,11.28,7.87,8.84,2.02,0.95,0.38
19.75,80.5,Etapalli Taluka,Maharashtra,0.0,0.42,0.0,0.99,2.46,7.03,11.09,8.76,9.2,1.8,1.37,0.39
19.75,80.75,Orchha Tahsil,Chhattisgarh,0.0,1.04,0.01,1.81,4.98,7.17,10.0,9.69,9.66,1.48,1.6,0.12
19.75,81.0,Orchha Tahsil,Chhattisgarh,0.0,1.31,0.0,2.42,6.26,7.46,10.41,10.26,9.09,1.71,2.12,0.03
19.75,81.25,Narayanpur Tahsil,Chhattisgarh,0.0,1.29,0.02,1.33,5.52,5.87,10.8,9.06,8.5,1.24,1.07,0.03
19.75,81.5,Farasgaon Tahsil,Chhattisgarh,0.0,1.15,0.17,0.61,4.98,4.9,11.64,8.67,7.89,1.16,0.41,0.01
19.75,81.75,Makdi Tahsil,Chhattisgarh,0.0,0.41,0.58,0.75,3.82,5.93,11.93,9.98,7.63,1.96,0.84,0.0
19.75,82.0,Makdi Tahsil,Chhattisgarh,0.0,0.01,0.72,0.83,3.2,6.8,11.57,9.94,7.56,2.19,1.14,0.0
19.75,82.25,Umarkote,Odisha,0.0,0.04,0.06,0.41,2.76,7.46,8.6,6.05,7.12,0.59,0.59,0.0
19.75,82.5,Jharigan,Odisha,0.0,0.09,0.0,0.09,2.03,5.52,9.6,5.8,8.36,0.67,0.42,0.05
19.75,82.75,Kokasara,Odisha,0.0,0.1,0.0,0.03,1.32,3.77,8.7,5.5,9.9,0.58,0.29,0.5
19.75,83.0,Junagarh,Odisha,0.0,0.07,0.0,0.58,2.87,3.25,6.93,6.17,9.76,0.56,1.02,0.68
19.75,83.25,Sadar,Odisha,0.0,0.0,0.0,0.17,1.09,2.82,8.75,7.56,10.22,1.07,0.77,1.1
19.75,83.5,Ambadala,Odisha,0.0,0.0,0.0,1.46,2.42,5.26,10.7,7.14,11.18,1.76,2.07,0.87
19.75,83.75,Kotagarh,Odisha,0.01,0.45,0.03,0.86,3.76,3.99,9.04,5.73,14.58,2.75,3.56,1.33
19.75,84.0,Brahmanigaon,Odisha,0.02,0.29,0.05,0.71,3.77,3.48,8.03,5.41,14.57,3.05,4.26,1.56
19.75,84.25,Badagada,Odisha,0.1,0.01,0.05,1.02,3.1,2.72,7.95,6.74,13.4,2.49,9.18,1.64
19.75,84.5,Surada,Odisha,0.13,0.0,0.04,0.97,2.99,2.83,8.13,7.25,13.26,2.85,8.82,1.94
19.75,84.75,Buguda,Odisha,0.0,0.0,0.03,0.17,2.96,4.22,8.83,9.32,14.56,2.21,5.02,3.65
19.75,85.0,Polasara,Odisha,0.0,0.0,0.0,0.22,3.86,4.21,9.38,7.51,14.62,1.71,4.56,3.08
19.75,85.25,Balugaon,Odisha,0.0,0.0,0.0,0.38,3.53,4.2,8.91,8.32,16.56,2.47,3.84,2.7
19.75,85.5,Krushna Prasad,Odisha,0.0,0.0,0.0,0.92,4.28,4.55,9.52,7.0,19.02,1.98,4.51,3.23
20.0,72.5,Unknown,Unknown,0.02,0.0,0.0,0.0,11.6,19.47,19.38,17.65,30.75,1.07,0.31,3.44
20.0,72.75,Dahanu Taluka,Maharashtra,0.02,0.0,0.0,0.0,10.51,17.9,19.84,16.28,31.44,1.24,0.38,3.37
20.0,73.0,Dahanu Taluka,Maharashtra,0.09,0.01,0.0,0.02,5.44,15.42,33.36,9.64,34.98,2.49,1.45,2.89
20.0,73.25,Jawhar Taluka,Maharashtra,0.15,0.03,0.0,0.06,2.75,12.28,36.21,9.33,31.96,3.81,1.84,2.19
20.0,73.5,Trimbakeshwar Subdistrict,Maharashtra,0.59,0.21,0.01,0.47,2.24,11.96,29.39,10.03,23.52,4.44,1.51,2.11
20.0,73.75,Nashik Subdistrict,Maharashtra,0.73,0.28,0.02,0.62,1.89,3.46,4.65,3.99,6.14,3.29,1.37,2.06
20.0,74.0,Niphad Taluka,Maharashtra,0.9,0.27,0.04,0.6,1.83,4.15,3.22,3.92,5.69,2.73,1.36,1.83
20.0,74.25,Niphad Taluka,Maharashtra,0.96,0.21,0.06,0.55,1.58,3.19,2.47,6.11,7.02,2.48,1.32,0.32
20.0,74.5,Yeola Taluka,Maharashtra,0.57,0.11,0.11,0.37,0.81,2.55,2.85,6.48,10.06,2.81,0.68,0.15
20.0,74.75,Vaijapur,Maharashtra,0.73,0.07,0.1,0.18,1.02,3.05,4.22,6.46,14.28,3.29,0.46,0.25
20.0,75.0,Unknown,Maharashtra,0.53,0.03,0.05,0.16,1.13,4.91,7.32,8.12,20.01,4.47,0.42,0.15
20.0,75.25,Khuldabad,Maharashtra,0.45,0.03,0.03,0.13,1.11,5.52,3.88,3.59,12.87,2.15,0.62,0.08
20.0,75.5,Chhatrapati Sambhajinagar,Maharashtra,0.22,0.07,0.09,0.22,0.7,5.4,4.48,4.61,11.19,2.35,0.54,0.08
20.0,75.75,Badnapur,Maharashtra,0.01,0.24,0.19,0.21,0.38,5.19,4.93,4.79,10.0,2.01,0.18,0.02
20.0,76.0,Deulgaon Raja,Maharashtra,0.0,0.2,0.46,0.13,0.9,7.66,6.76,5.41,8.78,2.88,0.07,0.01
20.0,76.25,Sindkhed Raja,Maharashtra,0.0,0.2,0.39,0.02,0.8,6.37,6.83,6.21,9.91,4.29,0.03,0.03
20.0,76.5,Lonar,Maharashtra,0.0,0.2,0.4,0.01,0.69,6.09,6.9,6.01,9.9,4.37,0.03,0.03
20.0,76.75,Risod,Maharashtra,0.0,0.07,0.88,0.14,0.6,6.16,8.34,4.01,10.37,2.26,0.05,0.05
20.0,77.0,Sengaon,Maharashtra,0.0,0.06,0.95,0.21,0.63,6.81,9.41,4.19,11.68,2.68,0.05,0.07
20.0,77.25,Washim,Maharashtra,0.0,0.17,0.55,0.3,0.65,8.27,8.73,5.35,9.41,3.26,0.04,0.29
20.0,77.5,Pusad,Maharashtra,0.0,0.28,0.48,0.25,0.68,9.13,9.57,6.61,9.4,2.49,0.1,0.44
20.0,77.75,Mahagaon,Maharashtra,0.0,0.04,0.3,0.07,0.32,7.86,8.66,8.93,7.68,1.56,0.02,0.32
20.0,78.0,Arni,Maharashtra,0.0,0.03,0.22,0.14,0.25,7.59,8.29,7.99,9.97,1.93,0.03,0.25
20.0,78.25,Ghatanji,Maharashtra,0.0,0.03,0.13,0.21,0.32,7.0,9.04,7.06,11.65,2.63,0.09,0.33
20.0,78.5,Kelapur,Maharashtra,0.0,0.02,0.16,0.2,0.36,6.09,9.5,6.65,11.51,2.65,0.12,0.45
20.0,78.75,Zari-Jamani,Maharashtra,0.01,0.09,0.15,0.32,0.32,6.09,10.2,6.77,11.91,2.02,0.44,0.69
20.0,79.0,Wani,Maharashtra,0.0,0.05,0.05,0.49,0.7,8.11,12.19,5.73,10.67,1.79,0.43,0.57
20.0,79.25,Chandrapur Taluka,Maharashtra,0.0,0.04,0.01,0.68,1.31,8.8,13.08,5.63,10.92,1.82,0.4,0.4
20.0,79.5,Chandrapur Taluka,Maharashtra,0.0,0.0,0.02,0.68,1.27,7.28,13.51,6.14,8.45,3.22,0.28,1.58
20.0,79.75,Mul Taluka,Maharashtra,0.0,0.0,0.03,0.41,0.4,6.15,12.57,5.69,7.6,1.01,0.31,0.84
20.0,80.0,Chamorshi Taluka,Maharashtra,0.0,0.0,0.03,0.42,0.77,5.88,12.06,5.83,8.22,0.67,0.52,0.69
20.0,80.25,Gadchiroli Taluka,Maharashtra,0.0,0.0,0.02,0.37,0.91,6.02,12.11,6.23,8.44,0.82,0.76,0.71
20.0,80.5,Etapalli Taluka,Maharashtra,0.0,0.27,0.01,0.82,2.11,6.85,10.9,8.07,10.21,1.04,0.91,0.51
20.0,80.75,Pakhanjur Tahsil,Chhattisgarh,0.0,0.51,0.01,1.13,2.85,7.24,8.73,8.82,10.76,1.2,1.21,0.31
20.0,81.0,Pakhanjur Tahsil,Chhattisgarh,0.0,0.74,0.02,1.38,3.72,7.11,8.62,8.94,10.15,1.29,1.46,0.21
20.0,81.25,Antagarh Tahsil,Chhattisgarh,0.0,0.78,0.05,0.94,3.53,6.07,6.87,7.51,9.08,1.0,1.46,0.17
20.0,81.5,Keskal Tahsil,Chhattisgarh,0.0,0.62,0.23,0.81,3.4,5.91,7.57,7.84,8.61,1.25,1.42,0.13
20.0,81.75,Bade Rajpur Tahsil,Chhattisgarh,0.0,0.48,0.4,0.6,3.87,6.12,11.24,8.56,7.54,1.49,0.68,0.0
20.0,82.0,Raighar,Odisha,0.0,0.03,0.34,0.55,2.9,7.1,10.05,7.56,7.56,1.23,0.78,0.01
20.0,82.25,Mainpur Tahsil,Chhattisgarh,0.0,0.07,0.0,0.42,2.15,6.24,9.05,7.0,8.23,0.11,0.52,0.01
20.0,82.5,Mainpur Tahsil,Chhattisgarh,0.0,0.08,0.01,0.25,1.72,5.47,10.27,7.68,8.51,0.38,0.33,0.04
20.0,82.75,Golamunda,Odisha,0.0,0.13,0.0,0.08,0.94,3.83,9.84,4.36,12.03,0.63,0.28,1.55
20.0,83.0,Kegaon,Odisha,0.0,0.18,0.0,0.08,1.32,4.16,7.63,5.06,10.26,0.39,0.75,0.5
20.0,83.25,Sadar,Odisha,0.0,0.06,0.0,0.34,1.76,4.19,10.72,5.89,11.56,0.58,1.23,1.06
20.0,83.5,Narala,Odisha,0.0,0.01,0.0,0.97,2.16,5.08,11.06,6.1,10.4,1.15,1.77,0.86
20.0,83.75,Tumudibandha,Odisha,0.0,0.63,0.0,0.79,3.87,4.89,10.0,4.87,13.29,2.0,2.68,1.03
20.0,84.0,Baliguda,Odisha,0.0,0.11,0.01,1.25,3.83,5.94,8.82,4.67,11.92,1.79,3.72,1.18
20.0,84.25,Raikia,Odisha,0.08,0.04,0.0,1.32,3.62,2.44,7.52,5.6,13.47,1.87,8.16,1.31
20.0,84.5,Bhanjanagar,Odisha,0.1,0.03,0.01,1.22,3.32,2.5,7.53,6.29,13.5,2.3,7.64,1.62
20.0,84.75,Jagannath Prasad,Odisha,0.0,0.0,0.11,0.15,2.74,4.16,9.16,10.37,15.0,3.55,3.34,3.5
20.0,85.0,Odagaon,Odisha,0.0,0.0,0.0,0.0,3.02,3.87,9.39,8.92,14.03,1.53,4.14,1.79
20.0,85.25,Ranapur,Odisha,0.0,0.0,0.0,0.0,2.64,4.35,8.9,8.66,14.07,1.75,3.37,1.67
20.0,85.5,Nirakarpur,Odisha,0.0,0.0,0.0,0.05,3.81,8.17,10.57,8.72,20.6,2.85,1.88,2.6
20.0,85.75,Delanga,Odisha,0.0,0.0,0.0,0.0,4.57,11.08,4.33,4.99,19.83,2.16,0.87,2.91
20.0,86.0,Nimapada,Odisha,0.0,0.0,0.0,0.01,10.62,9.76,6.04,3.99,27.6,1.86,0.84,6.56
20.0,86.25,Kakatpur,Odisha,0.0,0.0,0.07,0.51,13.16,7.92,7.22,7.38,26.9,4.15,3.15,7.6
20.25,72.75,Umbergaon Taluka,Gujarat,0.1,0.0,0.0,0.0,9.46,12.64,20.29,12.56,33.98,0.95,0.75,2.91
20.25,73.0,Nagar Haveli,Dadra and Nagar Haveli and Daman and Diu,0.04,0.0,0.0,0.01,4.35,12.73,22.11,12.39,36.74,3.62,2.08,2.6
20.25,73.25,Kaparada Taluka,Gujarat,0.24,0.02,0.0,0.04,3.06,12.65,26.09,12.23,38.9,4.21,2.07,2.58
20.25,73.5,Peth Taluka,Maharashtra,0.52,0.19,0.01,0.41,1.95,5.11,18.92,7.39,17.65,3.51,1.49,2.08
20.25,73.75,Dindori Taluka,Maharashtra,0.64,0.28,0.02,0.6,2.18,9.19,31.36,6.28,24.47,2.31,1.28,1.9
20.25,74.0,Chandwad Taluka,Maharashtra,0.68,0.29,0.04,0.59,1.76,3.8,4.02,3.49,7.03,2.46,1.06,1.84
20.25,74.25,Chandwad Taluka,Maharashtra,0.51,0.22,0.13,0.48,0.96,2.51,2.34,3.68,7.23,1.51,0.55,1.1
20.25,74.5,Nandgaon Taluka,Maharashtra,0.38,0.15,0.21,0.39,0.59,2.61,3.09,7.61,16.24,1.38,0.4,0.81
20.25,74.75,Nandgaon Taluka,Maharashtra,0.52,0.11,0.23,0.25,0.77,3.27,4.94,9.86,18.57,2.35,0.49,0.51
20.25,75.0,Unknown,Maharashtra,0.51,0.09,0.21,0.16,1.15,4.19,6.2,12.44,22.71,3.97,0.59,0.28
20.25,75.25,Unknown,Maharashtra,0.31,0.07,0.16,0.15,1.06,4.69,5.33,6.27,15.34,2.6,0.79,0.14
20.25,75.5,Unknown,Maharashtra,0.16,0.16,0.16,0.16,0.72,5.62,7.31,6.03,12.74,3.23,0.88,0.19
20.25,75.75,Bhokardan,Maharashtra,0.0,0.3,0.45,0.07,0.81,5.52,6.37,6.63,12.73,3.07,0.82,0.17
20.25,76.0,Jafferabad,Maharashtra,0.0,0.2,0.62,0.06,0.94,5.99,5.76,4.38,10.9,1.96,0.89,0.19
20.25,76.25,Unknown,Maharashtra,0.0,0.13,0.53,0.05,0.95,7.53,5.97,5.37,9.53,3.52,0.35,0.19
20.25,76.5,Mehkar,Maharashtra,0.0,0.1,0.43,0.02,1.01,7.0,7.05,7.11,9.36,4.12,0.06,0.1
20.25,76.75,Mehkar,Maharashtra,0.02,0.02,0.47,0.1,0.44,4.58,8.3,5.84,8.61,3.06,0.02,0.15
20.25,77.0,Malegaon,Maharashtra,0.0,0.01,0.75,0.28,0.44,6.85,9.61,4.94,10.66,3.76,0.02,0.16
20.25,77.25,Mangrulpir,Maharashtra,0.0,0.01,0.93,0.25,0.23,9.11,9.93,5.43,11.22,4.91,0.03,0.29
20.25,77.5,Manora,Maharashtra,0.01,0.23,0.57,0.19,0.59,9.28,8.8,6.14,9.63,3.6,0.13,0.34
20.25,77.75,Darwha,Maharashtra,0.01,0.22,0.49,0.14,0.52,8.51,7.85,7.22,8.75,2.27,0.1,0.31
20.25,78.0,Yavatmal,Maharashtra,0.0,0.05,0.38,0.12,0.25,7.95,6.45,7.31,10.27,1.99,0.02,0.27
20.25,78.25,Yavatmal,Maharashtra,0.0,0.08,0.26,0.24,0.33,7.03,7.83,6.76,10.75,2.05,0.02,0.32
20.25,78.5,Kelapur,Maharashtra,0.0,0.08,0.27,0.2,0.47,6.19,8.69,6.26,10.65,2.15,0.03,0.41
20.25,78.75,Unknown,Maharashtra,0.0,0.29,0.16,0.25,0.66,7.4,10.21,6.16,10.58,2.12,0.21,0.47
20.25,79.0,Warora Taluka,Maharashtra,0.0,0.19,0.12,0.26,0.46,7.09,10.45,5.65,10.11,1.79,0.33,0.59
20.25,79.25,Bhadravati Taluka,Maharashtra,0.0,0.21,0.17,0.46,0.87,8.63,14.32,5.2,7.97,1.83,0.49,1.58
20.25,79.5,Sindewahi Taluka,Maharashtra,0.0,0.29,0.21,0.83,1.8,8.11,16.43,4.2,8.19,1.31,1.06,2.59
20.25,79.75,Sindewahi Taluka,Maharashtra,0.0,0.03,0.05,0.51,0.76,6.1,13.21,5.03,7.31,0.97,0.6,1.47
20.25,80.0,Gadchiroli Taluka,Maharashtra,0.0,0.01,0.04,0.44,1.29,5.82,12.46,5.48,8.4,0.39,0.74,0.94
20.25,80.25,Unknown,Maharashtra,0.0,0.06,0.04,0.37,1.38,6.48,12.34,5.38,9.05,0.34,0.71,0.99
20.25,80.5,Manpur Tahsil,Chhattisgarh,0.0,0.07,0.02,0.33,1.07,6.99,10.51,7.16,11.6,0.72,0.36,0.79
20.25,80.75,Durgkondal Tahsil,Chhattisgarh,0.0,0.05,0.02,0.38,1.16,7.64,8.69,8.34,12.81,1.03,0.36,0.68
20.25,81.0,Bhanupratappur Tahsil,Chhattisgarh,0.0,0.12,0.02,0.46,1.62,7.17,8.17,8.11,12.32,0.98,0.59,0.66
20.25,81.25,Bhanupratappur Tahsil,Chhattisgarh,0.0,0.41,0.07,0.68,2.09,6.11,3.18,6.02,9.22,0.79,1.94,0.26
20.25,81.5,Kanker Tahsil,Chhattisgarh,0.0,0.34,0.05,0.53,2.09,7.15,4.52,5.74,11.54,0.7,1.34,0.47
20.25,81.75,Narharpur Tahsil,Chhattisgarh,0.0,0.28,0.1,0.39,2.31,8.22,6.15,5.54,13.79,0.76,0.8,0.6
20.25,82.0,Nagri Tahsil,Chhattisgarh,0.0,0.22,0.0,0.21,2.28,7.86,8.09,5.38,13.44,0.48,0.27,0.24
20.25,82.25,Mainpur Tahsil,Chhattisgarh,0.0,0.11,0.0,0.29,1.98,5.65,11.42,6.5,10.53,0.23,0.06,0.04
20.25,82.5,Boden,Odisha,0.0,0.28,0.0,0.58,2.57,4.53,10.42,6.44,10.61,0.73,0.0,0.0
20.25,82.75,Khariar,Odisha,0.0,0.14,0.0,0.23,2.06,4.44,9.81,5.81,8.84,0.58,1.12,0.14
20.25,83.0,Sindhekela,Odisha,0.0,0.04,0.0,0.0,2.24,3.98,8.66,6.92,15.68,2.62,0.18,0.14
20.25,83.25,Kesinga,Odisha,0.0,0.1,0.01,0.0,1.82,4.65,10.98,4.58,12.44,0.19,1.35,1.12
20.25,83.5,Madanpur Rampur,Odisha,0.0,0.05,0.0,0.23,2.13,4.64,11.63,4.26,10.04,0.48,1.24,0.91
20.25,83.75,Baliguda,Odisha,0.0,0.04,0.0,0.45,2.77,4.78,11.49,4.06,9.76,0.76,1.45,0.86
20.25,84.0,Baliguda,Odisha,0.0,0.01,0.0,0.55,2.86,3.96,11.71,4.1,13.7,1.87,2.97,1.12
20.25,84.25,Tikabali,Odisha,0.0,0.01,0.0,0.53,3.27,4.29,12.7,5.58,14.22,2.16,3.85,1.06
20.25,84.5,Chakapada,Odisha,0.0,0.0,0.59,0.6,3.17,4.37,7.93,8.4,19.16,3.23,3.46,1.73
20.25,84.75,Dasapalla,Odisha,0.0,0.0,0.52,1.0,3.45,6.19,11.17,6.36,17.27,1.96,4.22,2.39
20.25,85.0,Nayagarh Sadar,Odisha,0.0,0.0,0.19,0.51,3.9,5.18,10.28,7.03,14.47,0.85,2.74,1.6
20.25,85.25,Fategarh,Odisha,0.0,0.0,0.3,0.39,4.02,7.81,8.34,5.55,16.85,2.88,1.97,1.86
20.25,85.5,Khordha,Odisha,0.0,0.0,0.09,0.2,7.46,9.59,9.32,8.52,16.72,3.21,2.39,2.55
20.25,85.75,Tamando,Odisha,0.0,0.0,0.06,0.07,9.11,12.57,12.74,11.64,22.41,4.77,1.96,3.76
20.25,86.0,Gobindpur,Odisha,0.0,0.0,0.0,0.35,11.75,6.21,9.9,9.82,21.87,3.25,4.37,5.89
20.25,86.25,Tirtol,Odisha,0.0,0.0,0.25,0.86,14.63,8.88,8.85,9.02,22.19,4.77,4.32,7.81
20.25,86.5,Kujang,Odisha,0.0,0.01,0.06,1.08,14.28,9.48,8.03,5.85,21.2,7.92,2.71,8.99
20.5,72.75,Valsad,Gujarat,0.07,0.0,0.0,0.0,6.68,12.59,17.87,14.86,27.04,1.92,1.72,3.07
20.5,73.0,Pardi Taluka,Gujarat,0.22,0.0,0.0,0.0,1.58,8.52,21.89,15.15,25.8,1.38,0.39,2.04
20.5,73.25,Dharampur Taluka,Gujarat,0.52,0.01,0.0,0.03,1.89,9.78,22.61,13.04,30.3,2.72,1.97,2.28
20.5,73.5,Surgana Taluka,Maharashtra,0.66,0.09,0.01,0.2,1.62,3.6,22.33,12.94,23.75,4.4,1.89,2.08
20.5,73.75,Surgana Taluka,Maharashtra,0.72,0.22,0.02,0.37,1.39,4.07,15.85,6.95,15.08,3.36,1.65,1.46
20.5,74.0,Kalwan Taluka,Maharashtra,0.59,0.3,0.09,0.49,1.16,1.9,4.26,4.17,5.93,2.63,0.6,1.36
20.5,74.25,Deola Taluka,Maharashtra,0.44,0.22,0.18,0.41,0.65,2.78,2.03,2.81,5.9,0.83,0.12,1.44
20.5,74.5,Malegaon Taluka,Maharashtra,0.32,0.15,0.19,0.4,0.54,4.85,2.73,7.29,10.76,1.06,0.04,1.71
20.5,74.75,Nandgaon Taluka,Maharashtra,0.64,0.12,0.39,0.23,0.52,4.12,4.72,9.43,15.7,2.0,0.47,0.67
20.5,75.0,Chalisgaon,Maharashtra,0.51,0.11,0.43,0.17,0.99,4.01,5.53,9.28,17.07,2.97,0.48,0.37
20.5,75.25,Soegaon,Maharashtra,0.39,0.15,0.47,0.04,1.25,5.04,4.85,5.65,14.33,3.33,0.4,0.24
20.5,75.5,Unknown,Maharashtra,0.04,0.15,0.71,0.01,1.35,5.56,6.21,6.17,12.97,3.58,0.86,0.25
20.5,75.75,Unknown,Maharashtra,0.0,0.09,0.82,0.02,1.37,5.12,5.88,6.26,13.27,3.53,0.82,0.28
20.5,76.0,Unknown,Maharashtra,0.0,0.14,1.08,0.02,1.83,4.43,4.41,4.9,13.81,3.49,0.69,0.43
20.5,76.25,Unknown,Maharashtra,0.0,0.1,0.75,0.04,1.03,5.82,4.72,3.91,10.55,2.93,0.49,0.35
20.5,76.5,Khamgaon,Maharashtra,0.01,0.02,0.36,0.04,0.32,3.59,5.59,4.3,7.89,2.78,0.01,0.47
20.5,76.75,Patur,Maharashtra,0.03,0.0,0.26,0.0,0.03,2.14,7.93,5.94,6.69,2.68,0.0,0.2
20.5,77.0,Patur,Maharashtra,0.02,0.0,0.36,0.05,0.23,3.58,9.44,5.16,8.3,2.86,0.01,0.16
20.5,77.25,Barshitakli,Maharashtra,0.0,0.02,0.56,0.14,0.14,6.46,9.56,4.8,10.38,3.59,0.03,0.24
20.5,77.5,Karanja,Maharashtra,0.02,0.34,0.75,0.25,0.6,9.02,7.53,5.34,9.3,3.13,0.08,0.28
20.5,77.75,Ner,Maharashtra,0.02,0.55,1.05,0.33,0.6,9.21,6.66,4.93,8.89,2.01,0.01,0.29
20.5,78.0,Yavatmal,Maharashtra,0.0,0.25,0.64,0.11,0.17,10.21,5.44,5.29,10.2,1.76,0.1,0.44
20.5,78.25,Babulgaon,Maharashtra,0.0,0.19,0.58,0.4,0.69,8.05,7.03,5.89,9.15,1.15,0.02,0.36
20.5,78.5,Kalamb,Maharashtra,0.0,0.15,0.65,0.42,0.81,7.77,8.49,5.73,9.04,0.88,0.06,0.4
20.5,78.75,Hinganghat,Maharashtra,0.0,0.23,0.51,0.6,0.71,7.43,10.55,5.1,9.09,0.9,0.08,0.43
20.5,79.0,Samudrapur,Maharashtra,0.0,0.28,0.31,0.27,0.33,8.54,12.35,4.68,7.46,1.17,0.17,0.73
20.5,79.25,Chimur Taluka,Maharashtra,0.0,0.25,0.26,0.06,0.2,9.23,13.15,4.47,6.49,1.18,0.24,0.96
20.5,79.5,Chimur Taluka,Maharashtra,0.0,0.19,0.36,0.21,0.56,7.91,14.36,2.76,7.74,1.05,0.2,1.38
20.5,79.75,Nagbhir Taluka,Maharashtra,0.0,0.14,0.06,0.62,1.89,6.79,11.07,5.43,5.58,0.48,0.07,1.49
20.5,80.0,Armori Taluka,Maharashtra,0.0,0.24,0.11,0.11,1.21,7.97,12.95,5.27,9.95,0.39,0.55,1.65
20.5,80.25,Kurkheda Taluka,Maharashtra,0.0,0.22,0.1,0.19,1.45,8.22,11.8,5.04,10.47,0.37,0.47,1.35
20.5,80.5,Korchi Taluka,Maharashtra,0.0,0.26,0.08,0.13,1.19,7.9,9.54,5.3,13.17,0.75,0.12,1.35
20.5,80.75,Mohla Tahsil,Chhattisgarh,0.0,0.07,0.05,0.29,1.95,7.69,8.23,6.55,14.01,1.02,0.24,1.33
20.5,81.0,Dondi Tahsil,Chhattisgarh,0.0,0.11,0.07,0.29,3.22,7.76,7.19,5.07,14.2,0.94,0.4,1.85
20.5,81.25,Dondi Tahsil,Chhattisgarh,0.0,0.24,0.05,0.61,2.64,6.82,5.26,5.6,11.49,0.43,1.01,1.14
20.5,81.5,Charama Tahsil,Chhattisgarh,0.0,0.28,0.06,0.57,2.36,7.6,5.09,5.41,11.76,0.53,1.04,0.94
20.5,81.75,Nagri Tahsil,Chhattisgarh,0.0,0.3,0.03,0.11,2.47,9.69,6.62,4.46,16.53,0.79,0.36,0.74
20.5,82.0,Nagri Tahsil,Chhattisgarh,0.0,0.26,0.0,0.0,2.11,9.12,7.26,4.19,16.93,0.73,0.28,0.52
20.5,82.25,Bindranavagarh(Gariyaband) Tahsil,Chhattisgarh,0.0,0.05,0.0,0.09,1.58,5.75,10.21,4.04,12.2,0.63,0.35,0.52
20.5,82.5,Komna,Odisha,0.0,0.04,0.0,0.04,1.27,5.5,12.73,4.66,11.71,0.42,0.0,0.07
20.5,82.75,Turekela,Odisha,0.0,0.04,0.0,0.38,2.59,4.41,8.85,5.2,16.27,2.12,0.66,0.98
20.5,83.0,Belpara,Odisha,0.03,0.04,0.08,0.34,2.79,4.96,7.8,4.78,14.45,1.23,1.12,1.13
20.5,83.25,Saintala,Odisha,0.08,0.1,0.27,0.07,3.27,7.17,5.79,5.48,10.41,1.06,0.87,1.54
20.5,83.5,Tushura,Odisha,0.01,0.02,0.05,0.32,2.1,5.15,14.34,5.19,12.79,1.4,0.71,1.3
20.5,83.75,Kantamal,Odisha,0.0,0.14,0.0,0.87,3.97,4.21,12.78,3.7,14.83,1.63,1.99,1.31
20.5,84.0,Gochhapada,Odisha,0.0,0.22,0.0,1.32,3.48,3.28,9.53,2.67,14.86,2.12,3.35,1.53
20.5,84.25,Khajuripada,Odisha,0.0,0.02,0.0,0.67,2.9,4.14,6.48,1.81,14.88,0.35,0.96,1.73
20.5,84.5,Puruna Katak,Odisha,0.0,0.0,0.19,0.65,3.38,3.96,8.64,4.96,18.68,1.76,2.27,1.84
20.5,84.75,Gania,Odisha,0.0,0.0,0.07,0.2,2.58,6.07,11.96,5.88,16.87,1.44,3.0,1.91
20.5,85.0,Narasinghpur,Odisha,0.0,0.0,0.36,0.52,3.79,8.6,11.83,6.29,17.16,3.16,2.44,2.19
20.5,85.25,Kanpur,Odisha,0.0,0.0,0.58,0.89,4.78,6.54,6.74,6.65,17.64,3.3,1.19,1.97
20.5,85.5,Tigiria,Odisha,0.0,0.0,0.32,0.49,5.21,9.03,7.02,8.26,14.42,2.87,0.88,1.42
20.5,85.75,Choudwar,Odisha,0.0,0.0,0.15,1.14,7.4,5.68,7.21,9.03,20.75,2.93,1.41,2.07
20.5,86.0,Jagatpur,Odisha,0.0,0.0,0.29,1.37,8.26,7.41,6.19,7.93,19.41,2.27,2.96,2.52
20.5,86.25,Nischintakoili,Odisha,0.0,0.03,0.0,0.94,12.26,9.17,8.16,6.34,18.26,4.84,2.31,4.02
20.5,86.5,Kendrapara Sadar,Odisha,0.0,0.04,0.0,1.5,12.41,8.66,9.25,7.52,17.46,6.06,2.36,5.57
20.5,86.75,Mahakalapada,Odisha,0.0,0.03,0.0,1.37,13.33,8.2,8.27,6.91,15.87,5.5,2.35,4.96
20.75,70.75,Kodinar Taluka,Gujarat,0.0,0.0,0.0,0.0,2.91,1.39,5.19,2.44,12.53,0.5,0.0,1.18
20.75,71.0,Una Taluka,Gujarat,0.0,0.0,0.0,0.0,9.16,0.95,4.22,1.68,13.84,0.66,0.0,1.72
20.75,72.75,Valsad,Gujarat,0.01,0.0,0.0,0.0,4.64,11.97,16.57,10.41,26.95,1.72,1.34,2.6
20.75,73.0,Gandevi Taluka,Gujarat,0.04,0.0,0.0,0.0,3.34,11.43,16.27,8.75,26.6,1.4,0.72,2.14
20.75,73.25,Vansda Taluka,Gujarat,0.97,0.0,0.0,0.0,0.77,8.47,13.84,10.39,18.8,0.32,2.37,1.97
20.75,73.5,Vaghai Taluka,Gujarat,0.73,0.0,0.0,0.0,0.64,4.03,19.17,11.84,21.28,3.06,1.75,1.66
20.75,73.75,Ahava Taluka,Gujarat,0.9,0.23,0.0,0.0,0.26,1.22,8.99,6.13,10.01,2.62,0.96,1.1
20.75,74.0,Baglan Taluka,Maharashtra,1.08,0.41,0.07,0.23,0.38,0.46,3.92,3.15,4.52,1.59,0.2,1.03
20.75,74.25,Baglan Taluka,Maharashtra,1.01,0.43,0.23,0.31,0.51,2.58,2.85,3.27,7.07,1.45,0.06,1.25
20.75,74.5,Malegaon Taluka,Maharashtra,0.57,0.28,0.33,0.26,0.56,4.95,3.43,6.04,11.13,0.72,0.06,2.09
20.75,74.75,Dhule Taluka,Maharashtra,0.78,0.26,0.52,0.09,0.73,6.73,6.12,7.33,13.73,1.55,0.21,1.99
20.75,75.0,Parola,Maharashtra,0.56,0.1,0.49,0.06,0.93,7.13,6.66,6.42,12.05,3.55,0.44,0.29
20.75,75.25,Bhadgaon,Maharashtra,0.3,0.18,0.48,0.0,1.19,4.85,3.81,4.21,12.55,2.91,0.56,0.19
20.75,75.5,Pachora,Maharashtra,0.07,0.11,0.59,0.0,1.37,4.8,4.62,4.37,15.06,3.33,0.55,0.13
20.75,75.75,Jamner,Maharashtra,0.01,0.07,0.77,0.0,1.45,4.99,4.63,4.62,15.03,3.36,0.24,0.01
20.75,76.0,Motala,Maharashtra,0.0,0.04,0.53,0.0,0.89,3.59,3.45,3.81,10.29,2.84,0.11,0.05
20.75,76.25,Nandura,Maharashtra,0.0,0.01,0.37,0.02,0.39,3.3,3.94,4.04,8.22,2.66,0.01,0.11
20.75,76.5,Khamgaon,Maharashtra,0.0,0.02,0.23,0.05,0.32,2.21,4.06,3.25,7.94,2.48,0.01,0.74
20.75,76.75,Shegaon,Maharashtra,0.17,0.0,0.11,0.01,0.43,1.96,9.08,4.12,7.99,2.17,0.06,0.22
20.75,77.0,Akola,Maharashtra,0.03,0.02,0.08,0.02,0.48,2.59,9.89,4.04,8.43,1.9,0.01,0.05
20.75,77.25,Akola,Maharashtra,0.0,0.0,0.05,0.01,0.04,2.86,9.16,3.83,9.51,1.86,0.0,0.17
20.75,77.5,Unknown,Maharashtra,0.0,0.07,0.48,0.28,0.63,6.44,6.68,4.18,11.21,2.92,0.04,0.24
20.75,77.75,Nandgaon-Khandeshwar,Maharashtra,0.0,0.13,0.52,0.32,0.44,7.71,5.97,4.36,11.26,2.61,0.04,0.35
20.75,78.0,Chandur Railway,Maharashtra,0.0,0.15,0.4,0.2,0.41,7.29,5.15,4.61,9.16,0.95,0.07,0.2
20.75,78.25,Dhamangaon Railway,Maharashtra,0.0,0.16,1.12,0.68,1.34,9.44,6.27,6.06,10.07,0.62,0.07,0.27
20.75,78.5,Wardha,Maharashtra,0.0,0.15,1.29,0.26,0.73,7.04,6.47,5.35,9.52,0.65,0.09,0.18
20.75,78.75,Seloo,Maharashtra,0.0,0.28,0.54,0.77,0.57,6.84,11.45,4.58,8.93,0.72,0.06,0.36
20.75,79.0,Unknown,Maharashtra,0.0,0.26,0.58,0.31,0.72,7.55,9.89,4.28,8.79,0.72,0.16,0.48
20.75,79.25,Bhiwapur Taluka,Maharashtra,0.0,0.22,0.63,0.0,0.91,8.2,9.57,4.87,10.3,0.61,0.17,0.61
20.75,79.5,Bhiwapur Taluka,Maharashtra,0.0,0.17,0.5,0.01,0.55,8.76,11.47,4.71,10.48,0.46,0.1,0.85
20.75,79.75,Lakhandur Taluka,Maharashtra,0.0,0.3,0.4,0.01,0.78,8.65,12.58,3.85,8.12,0.2,0.01,1.18
20.75,80.0,Arjuni Morgaon Taluka,Maharashtra,0.0,0.28,0.16,0.03,1.29,8.39,12.92,5.2,10.43,0.38,0.41,1.67
20.75,80.25,Arjuni Morgaon Taluka,Maharashtra,0.0,0.34,0.14,0.11,1.76,10.19,11.08,4.57,11.11,0.39,0.15,1.57
20.75,80.5,Korchi Taluka,Maharashtra,0.0,0.29,0.05,0.02,0.7,3.69,8.77,5.38,15.44,0.87,0.02,1.24
20.75,80.75,Ambagarh Tahsil,Chhattisgarh,0.0,0.19,0.15,0.19,1.5,10.56,5.61,2.68,15.48,1.42,0.21,2.21
20.75,81.0,Dondi Luhara Tahsil,Chhattisgarh,0.0,0.12,0.08,0.23,5.67,6.12,7.11,3.55,15.08,0.63,0.38,2.73
20.75,81.25,Balod Tahsil,Chhattisgarh,0.0,0.16,0.05,0.61,2.62,7.79,5.88,5.05,12.5,0.24,0.55,1.62
20.75,81.5,Dhamtari Tahsil,Chhattisgarh,0.0,0.18,0.08,0.55,2.7,8.46,6.34,5.03,12.44,0.5,0.61,1.57
20.75,81.75,Dhamtari Tahsil,Chhattisgarh,0.0,0.26,0.05,0.11,2.58,9.88,6.92,4.54,15.55,0.79,0.32,1.11
20.75,82.0,Chhura Tahsil,Chhattisgarh,0.0,0.21,0.0,0.02,2.14,8.92,7.37,4.06,16.08,0.59,0.34,1.08
20.75,82.25,Chhura Tahsil,Chhattisgarh,0.0,0.0,0.0,0.03,1.75,6.89,8.93,2.91,14.1,0.37,0.87,1.51
20.75,82.5,Nuapada,Odisha,0.0,0.06,0.0,0.01,1.99,5.77,9.31,3.83,12.39,0.37,0.25,1.28
20.75,82.75,Khaprakhol,Odisha,0.0,0.13,0.0,0.03,2.15,5.0,9.4,4.9,11.79,1.6,0.14,1.16
20.75,83.0,Patnagarh,Odisha,0.0,0.2,0.01,0.09,2.26,4.89,9.59,6.04,14.04,2.49,0.26,1.13
20.75,83.25,Balangir,Odisha,0.0,0.06,0.12,0.29,2.09,6.06,11.53,5.5,13.8,1.26,0.54,1.19
20.75,83.5,Balangir,Odisha,0.0,0.02,0.01,0.31,1.89,5.27,14.75,4.93,14.96,1.54,0.66,1.4
20.75,83.75,Tarbha,Odisha,0.0,0.07,0.4,0.12,1.71,7.07,12.06,4.6,18.91,1.05,0.58,1.81
20.75,84.0,Manamunda,Odisha,0.0,0.03,0.16,0.65,3.76,4.93,12.51,3.3,18.2,1.49,1.24,1.9
20.75,84.25,Baudh Sadar,Odisha,0.0,0.0,0.0,0.3,3.07,5.79,6.55,2.42,12.5,0.09,0.23,1.1
20.75,84.5,Athmallik,Odisha,0.07,0.07,0.33,0.53,5.66,4.99,7.53,2.97,15.03,1.99,0.91,1.95
20.75,84.75,Purunakot,Odisha,0.01,0.0,0.42,0.75,6.13,6.69,8.08,5.35,14.83,1.82,2.88,2.14
20.75,85.0,Bantala,Odisha,0.01,0.0,0.37,0.4,5.15,5.32,10.08,5.98,16.94,2.25,2.97,1.56
20.75,85.25,Bhusan Steel Limited,Odisha,0.0,0.0,0.19,1.31,4.18,6.63,6.67,4.58,16.93,1.59,0.79,1.66
20.75,85.5,Dhenkanal Sadar,Odisha,0.0,0.0,0.34,1.13,7.42,7.41,10.31,7.48,18.81,3.0,0.49,1.87
20.75,85.75,Gandia,Odisha,0.0,0.0,0.02,0.39,16.32,7.97,4.13,6.76,20.09,3.57,0.3,2.15
20.75,86.0,Nihalprasad,Odisha,0.01,0.0,0.14,1.13,13.24,6.15,4.43,5.76,20.89,4.52,1.9,1.69
20.75,86.25,Jajpur Sadar,Odisha,0.0,0.0,0.0,0.84,12.64,5.74,4.92,4.13,16.01,4.24,2.03,2.58
20.75,86.5,Binjharpur,Odisha,0.0,0.0,0.0,1.22,15.84,6.14,7.49,6.26,13.95,4.56,2.43,3.74
20.75,86.75,Rajkanika,Odisha,0.0,0.02,0.0,1.36,14.54,6.92,8.07,6.81,14.55,4.66,2.36,3.69
20.75,87.0,Rajnagar,Odisha,0.0,0.02,0.0,1.4,14.39,6.96,8.16,6.77,14.75,4.72,2.3,3.61
21.0,70.0,Junagadh,Gujarat,0.0,0.0,0.0,0.0,1.3,3.27,9.34,1.63,30.12,0.37,0.06,0.02
21.0,70.25,Patan Veraval Taluka,Gujarat,0.0,0.0,0.0,0.0,0.72,2.43,11.05,1.28,25.01,0.7,0.04,0.09
21.0,70.5,Talala Taluka,Gujarat,0.0,0.0,0.0,0.0,1.24,3.31,6.06,1.36,25.76,1.84,0.06,0.13
21.0,70.75,Amreli,Gujarat,0.0,0.0,0.0,0.0,2.98,2.19,5.64,1.63,18.06,1.19,0.03,0.66
21.0,71.0,Amreli,Gujarat,0.0,0.0,0.0,0.28,7.01,1.84,4.04,1.54,13.35,0.79,0.0,1.36
21.0,71.25,Khambha Taluka,Gujarat,0.0,0.0,0.0,0.26,4.2,2.95,3.69,1.98,14.99,0.45,0.0,0.54
21.0,71.5,Rajula Taluka,Gujarat,0.0,0.0,0.0,0.04,6.56,3.77,3.22,3.79,17.29,0.16,0.0,0.42
21.0,72.75,Jalalpore Taluka,Gujarat,0.0,0.0,0.0,0.0,4.26,11.86,13.63,6.27,21.97,1.0,1.06,2.31
21.0,73.0,Navsari Taluka,Gujarat,0.0,0.0,0.0,0.0,2.46,8.62,16.22,8.81,18.09,1.41,0.83,2.53
21.0,73.25,Valod Taluka,Gujarat,0.2,0.0,0.0,0.0,1.13,5.93,12.69,7.47,11.84,1.21,0.91,1.75
21.0,73.5,Vyara Taluka,Gujarat,0.28,0.0,0.0,0.0,0.38,3.46,9.38,4.83,11.97,0.18,0.35,1.35
21.0,73.75,Subir Taluka,Gujarat,0.39,0.05,0.0,0.0,0.2,1.97,5.0,3.18,11.23,0.4,0.46,1.21
21.0,74.0,Sakri Taluka,Maharashtra,1.49,0.56,0.0,0.0,0.13,2.3,4.18,3.87,8.23,2.02,0.43,1.06
21.0,74.25,Sakri Taluka,Maharashtra,1.75,0.76,0.2,0.13,0.36,3.43,4.01,4.26,9.8,2.79,0.13,1.65
21.0,74.5,Dhule Taluka,Maharashtra,0.92,0.55,0.5,0.06,0.59,4.46,4.98,5.77,12.43,1.63,0.17,2.29
21.0,74.75,Dhule Taluka,Maharashtra,0.86,0.46,0.56,0.03,0.65,5.61,5.7,6.47,14.11,1.9,0.26,2.3
21.0,75.0,Amalner,Maharashtra,0.46,0.92,0.45,0.02,1.05,4.29,5.08,6.22,13.74,4.63,0.79,0.24
21.0,75.25,Dharangaon,Maharashtra,0.14,0.45,0.32,0.0,1.41,3.16,4.76,4.27,11.55,3.27,2.75,0.07
21.0,75.5,Erandol,Maharashtra,0.09,0.07,0.31,0.0,1.46,3.21,4.01,2.81,12.63,2.2,1.29,0.06
21.0,75.75,Bhusawal,Maharashtra,0.05,0.07,0.37,0.0,0.96,3.68,3.78,3.84,12.44,2.96,0.47,0.06
21.0,76.0,Muktainagar (Edlabad),Maharashtra,0.0,0.08,0.27,0.0,0.86,2.63,3.66,3.72,10.37,3.1,0.14,0.02
21.0,76.25,Muktainagar (Edlabad),Maharashtra,0.0,0.08,0.19,0.0,0.34,2.06,3.48,3.8,7.93,2.58,0.01,0.0
21.0,76.5,Jalgaon Jamod,Maharashtra,0.03,0.03,0.06,0.0,0.15,3.55,6.62,3.01,7.64,3.31,0.02,0.02
21.0,76.75,Sangrampur,Maharashtra,0.63,0.0,0.05,0.0,0.02,2.84,9.07,4.35,8.46,3.09,0.23,0.09
21.0,77.0,Akot,Maharashtra,0.0,0.1,0.05,0.04,0.33,3.86,7.18,3.83,8.86,2.5,0.02,0.09
21.0,77.25,Unknown,Maharashtra,0.0,0.18,0.15,0.14,0.66,7.2,7.18,3.35,9.91,2.74,0.03,0.16
21.0,77.5,Unknown,Maharashtra,0.0,0.07,0.47,0.27,0.77,6.21,6.79,4.03,10.98,3.04,0.05,0.22
21.0,77.75,Amravati,Maharashtra,0.0,0.07,0.35,0.23,0.9,5.51,4.7,4.73,10.78,2.32,0.09,0.16
21.0,78.0,Teosa,Maharashtra,0.0,0.07,0.39,0.22,0.87,5.62,4.73,4.73,10.25,1.52,0.12,0.15
21.0,78.25,Arvi,Maharashtra,0.0,0.02,1.09,0.31,0.84,6.49,6.93,5.06,12.15,1.03,0.16,0.34
21.0,78.5,Karanja,Maharashtra,0.0,0.08,1.02,0.17,0.78,6.09,7.56,5.31,11.05,0.95,0.15,0.36
21.0,78.75,Unknown,Maharashtra,0.03,0.19,0.63,0.03,0.84,6.23,11.99,6.31,10.01,0.95,0.23,0.17
21.0,79.0,Unknown,Maharashtra,0.05,0.23,1.0,0.03,1.14,7.56,10.96,5.23,11.26,0.55,0.13,0.26
21.0,79.25,Kuhi Taluka,Maharashtra,0.02,0.85,1.13,0.08,1.39,9.47,9.53,5.35,13.33,0.76,0.11,0.6
21.0,79.5,Kuhi Taluka,Maharashtra,0.0,0.3,0.27,0.29,1.71,9.02,10.32,6.9,9.88,0.83,0.23,0.39
21.0,79.75,Pauni Taluka,Maharashtra,0.0,0.17,0.48,0.0,0.26,9.21,10.12,6.39,12.47,0.15,0.07,0.99
21.0,80.0,Sakoli Taluka,Maharashtra,0.01,0.28,0.54,0.02,0.8,6.79,10.17,7.48,11.96,0.67,0.03,1.2
21.0,80.25,Sadak-Arjuni Taluka,Maharashtra,0.01,0.19,0.44,0.07,1.91,6.67,11.05,6.76,13.71,0.84,0.09,1.63
21.0,80.5,Chhuriya Tahsil,Chhattisgarh,0.0,0.27,0.09,0.3,1.59,4.26,8.21,6.04,14.23,1.77,0.05,1.45
21.0,80.75,Dongargaon Tahsil,Chhattisgarh,0.0,0.62,0.18,0.39,2.42,6.06,7.33,6.84,11.97,2.37,0.14,2.28
21.0,81.0,Dondi Luhara Tahsil,Chhattisgarh,0.0,0.48,0.2,0.24,3.04,9.02,6.89,5.42,12.56,1.31,1.36,3.42
21.0,81.25,Gunderdehi Tahsil,Chhattisgarh,0.0,0.3,0.17,0.16,2.67,10.12,7.84,3.76,11.51,1.09,2.01,3.41
21.0,81.5,Patan Tahsil,Chhattisgarh,0.0,0.19,0.24,0.33,3.71,9.9,7.83,3.5,9.74,1.62,1.22,2.9
21.0,81.75,Kurud Tahsil,Chhattisgarh,0.0,0.12,0.19,0.33,3.49,9.15,7.14,3.94,9.02,1.13,0.66,2.63
21.0,82.0,Rajim Tahsil,Chhattisgarh,0.0,0.02,0.02,0.09,2.12,6.33,9.54,3.96,10.61,0.26,0.1,2.76
21.0,82.25,Bagbahra Tahsil,Chhattisgarh,0.0,0.0,0.01,0.0,2.08,3.01,12.0,2.0,14.17,0.32,0.15,2.52
21.0,82.5,Bagbahra Tahsil,Chhattisgarh,0.0,0.12,0.14,0.0,0.68,5.23,8.63,5.1,13.84,0.76,0.58,2.12
21.0,82.75,Jharbandha,Odisha,0.0,0.0,0.0,0.0,0.0,5.06,11.86,4.86,11.17,1.32,0.0,2.19
21.0,83.0,Paikamal,Odisha,0.0,0.14,0.0,0.0,0.41,4.97,7.26,3.1,10.35,0.62,0.05,1.51
21.0,83.25,Gaisilet,Odisha,0.0,0.48,0.0,0.18,1.13,7.74,10.97,4.3,11.23,1.16,0.26,1.2
21.0,83.5,Dunguripali,Odisha,0.0,0.09,0.0,0.11,1.58,4.77,8.12,2.75,7.66,0.41,0.72,0.72
21.0,83.75,Binika,Odisha,0.0,0.07,0.3,0.09,1.7,6.48,11.25,4.96,17.04,0.82,0.81,1.41
21.0,84.0,Biramaharajpur,Odisha,0.0,0.02,0.05,0.12,3.53,3.16,10.59,3.25,14.72,0.48,0.82,1.45
21.0,84.25,Rairakhol,Odisha,0.01,0.01,0.04,0.03,4.1,3.09,9.33,2.81,13.51,0.62,0.28,1.28
21.0,84.5,Kishorenagar,Odisha,0.2,0.2,0.89,0.35,10.13,5.65,9.29,4.56,13.8,4.98,1.25,2.15
21.0,84.75,Handapa,Odisha,0.08,0.02,0.15,0.94,5.79,5.22,8.89,5.29,14.78,3.03,2.62,2.05
21.0,85.0,Kaniha,Odisha,0.0,0.0,0.11,0.33,5.17,3.64,8.2,4.97,18.43,1.44,1.37,1.21
21.0,85.25,Talcher Sadar,Odisha,0.0,0.0,0.04,0.86,5.71,5.31,9.08,3.02,17.07,1.14,1.41,1.18
21.0,85.5,Kankadahad,Odisha,0.0,0.0,0.23,0.74,8.62,5.0,8.72,8.57,17.83,3.35,1.02,1.75
21.0,85.75,Kaliapani,Odisha,0.0,0.0,0.08,0.64,10.94,5.64,3.37,4.22,19.04,2.55,0.46,1.56
21.0,86.0,Kalinganagar,Odisha,0.09,0.0,0.63,0.31,14.84,4.21,3.28,4.1,13.48,4.63,0.68,1.62
21.0,86.25,Korai,Odisha,0.01,0.0,0.05,0.35,16.31,4.87,4.39,4.33,13.23,3.66,0.17,1.64
21.0,86.5,Bhadrak Rural,Odisha,0.0,0.0,0.0,0.87,17.06,5.41,5.17,4.13,13.37,4.13,0.89,2.25
21.0,86.75,Naikanidihi,Odisha,0.0,0.0,0.01,0.66,13.76,5.18,6.75,7.91,14.67,5.17,1.15,2.82
21.25,69.75,Junagadh,Gujarat,0.0,0.0,0.0,0.0,0.87,2.32,8.44,0.94,27.22,0.28,0.04,0.0
21.25,70.0,Porbandar Taluka,Gujarat,0.0,0.0,0.0,0.0,1.09,2.91,9.04,1.79,29.49,0.62,0.07,0.0
21.25,70.25,Keshhod Taluka,Gujarat,0.0,0.0,0.0,0.0,0.42,2.06,8.99,2.26,25.42,1.47,0.08,0.0
21.25,70.5,Mendarda Taluka,Gujarat,0.0,0.0,0.0,0.0,2.11,2.5,8.18,0.99,28.81,1.92,0.5,0.1
21.25,70.75,Visavadar Taluka,Gujarat,0.0,0.0,0.0,0.0,5.21,1.13,7.7,1.09,35.87,1.41,0.95,0.19
21.25,71.0,Dhari Taluka,Gujarat,0.0,0.0,0.0,0.11,3.32,1.88,5.05,1.19,11.67,0.37,0.0,0.19
21.25,71.25,Khambha Taluka,Gujarat,0.0,0.0,0.0,0.15,5.43,6.15,3.57,1.85,11.75,0.89,0.0,0.62
21.25,71.5,Savar Kundla Taluka,Gujarat,0.0,0.0,0.0,0.01,6.41,5.06,3.02,3.74,15.22,0.27,0.0,0.46
21.25,71.75,Mahuva Taluka,Gujarat,0.0,0.0,0.0,0.0,6.42,5.39,2.01,4.05,13.2,0.37,0.0,0.48
21.25,72.0,Talaja Taluka,Gujarat,0.0,0.0,0.0,0.0,4.12,4.12,0.83,1.59,10.1,0.75,0.0,0.25
21.25,72.5,Unknown,Unknown,0.0,0.0,0.0,0.0,4.63,9.3,5.26,5.91,21.35,0.6,0.95,1.54
21.25,72.75,Chorasi Taluka,Gujarat,0.0,0.0,0.0,0.0,4.14,9.86,5.61,7.28,25.53,1.12,0.42,1.67
21.25,73.0,Kamrej Taluka,Gujarat,0.0,0.0,0.0,0.0,2.99,10.04,10.22,7.26,19.83,1.2,0.91,1.7
21.25,73.25,Mandvi Taluka,Gujarat,0.71,0.0,0.0,0.0,1.46,5.13,6.66,5.26,13.15,0.41,0.19,1.25
21.25,73.5,Songadh Taluka,Gujarat,0.0,0.0,0.0,0.0,0.45,6.24,9.19,5.72,14.35,0.08,0.14,1.93
21.25,73.75,Uchchhal Taluka,Gujarat,0.27,0.0,0.0,0.0,0.6,3.4,6.44,3.99,14.58,0.19,0.39,1.28
21.25,74.0,Navapur Taluka,Maharashtra,0.89,0.19,0.0,0.0,0.42,2.22,4.14,3.52,9.91,0.96,0.53,1.15
21.25,74.25,Nandurbar Taluka,Maharashtra,1.18,0.23,0.02,0.0,0.37,2.39,3.79,3.71,10.02,1.2,0.54,1.21
21.25,74.5,Shindkheda Taluka,Maharashtra,1.12,0.75,0.26,0.0,0.39,0.97,4.39,5.49,9.35,1.7,0.52,1.51
21.25,74.75,Shindkheda Taluka,Maharashtra,0.8,0.83,0.36,0.0,0.73,0.89,4.89,6.1,9.84,2.39,0.66,1.19
21.25,75.0,Shirpur Taluka,Maharashtra,0.33,0.37,0.31,0.0,0.7,1.78,4.14,5.84,12.03,3.75,0.68,0.41
21.25,75.25,Chopda,Maharashtra,0.16,0.05,0.28,0.0,0.47,1.94,3.9,5.3,10.59,3.28,0.38,0.08
21.25,75.5,Chopda,Maharashtra,0.08,0.08,0.31,0.0,0.89,3.51,2.96,3.44,11.04,2.31,0.86,0.07
21.25,75.75,Yawal,Maharashtra,0.04,0.08,0.19,0.0,0.59,3.68,3.25,3.94,12.11,3.59,0.54,0.07
21.25,76.0,Raver,Maharashtra,0.0,0.05,0.09,0.0,0.42,3.71,3.98,4.86,12.56,4.08,0.49,0.07
21.25,76.25,Burhanpur Tahsil,Madhya Pradesh,0.01,0.03,0.14,0.02,0.23,3.69,5.25,5.62,10.2,4.13,0.24,0.03
21.25,76.5,Khaknar Tahsil,Madhya Pradesh,0.05,0.05,0.28,0.04,0.06,3.16,6.63,4.75,8.36,4.74,0.02,0.01
21.25,76.75,Unknown,Maharashtra,0.27,0.01,0.06,0.01,0.03,2.23,7.89,4.28,8.23,3.09,0.11,0.03
21.25,77.0,Chikhaldara,Maharashtra,0.0,0.11,0.07,0.03,0.34,3.76,7.25,3.65,9.04,2.72,0.03,0.18
21.25,77.25,Chikhaldara,Maharashtra,0.0,0.17,0.13,0.08,0.69,5.87,7.43,2.87,9.42,3.32,0.04,0.44
21.25,77.5,Achalpur,Maharashtra,0.0,0.16,0.23,0.16,0.7,5.27,6.43,3.59,9.5,2.85,0.09,0.43
21.25,77.75,Chandurbazar,Maharashtra,0.0,0.13,0.25,0.22,0.84,4.79,5.6,4.69,8.8,1.99,0.13,0.38
21.25,78.0,Unknown,Maharashtra,0.0,0.14,0.27,0.26,1.14,4.79,5.25,5.19,9.44,1.56,0.13,0.33
21.25,78.25,Unknown,Maharashtra,0.0,0.09,0.43,0.13,1.29,4.9,7.52,5.45,11.38,0.97,0.15,0.84
21.25,78.5,Katol,Maharashtra,0.0,0.06,0.34,0.0,1.19,4.79,9.03,5.25,11.35,0.95,0.16,1.0
21.25,78.75,Katol,Maharashtra,0.04,0.22,0.35,0.0,1.04,5.35,11.31,4.28,8.72,0.57,0.12,0.62
21.25,79.0,Nagpur Rural Taluka,Maharashtra,0.14,0.26,1.01,0.06,1.31,8.61,10.65,5.09,11.94,0.8,0.09,0.36
21.25,79.25,Parseoni,Maharashtra,0.09,0.32,0.84,0.24,1.61,8.31,9.08,6.59,11.15,0.97,0.03,0.33
21.25,79.5,Mauda Taluka,Maharashtra,0.0,0.16,0.39,0.01,1.01,9.31,12.69,7.81,12.87,0.19,0.77,0.61
21.25,79.75,Mohadi Taluka,Maharashtra,0.14,0.19,0.54,0.0,0.72,9.09,10.71,7.01,12.12,0.11,0.27,1.22
21.25,80.0,Tiroda Taluka,Maharashtra,0.27,0.31,0.44,0.01,0.87,5.67,10.37,6.81,12.29,0.83,0.1,1.0
21.25,80.25,Goregaon Taluka,Maharashtra,0.11,0.14,0.33,0.12,1.36,4.65,11.3,6.7,15.91,1.04,0.16,1.18
21.25,80.5,Salekasa Taluka,Maharashtra,0.01,0.04,0.04,0.45,1.57,4.29,7.85,5.41,14.95,2.08,0.05,1.11
21.25,80.75,Dongargarh Tahsil,Chhattisgarh,0.02,0.43,0.12,0.41,2.4,5.55,7.54,6.45,12.75,2.16,0.43,2.08
21.25,81.0,Khairagarh Tahsil,Chhattisgarh,0.01,0.43,0.22,0.14,3.11,10.86,6.9,5.0,12.49,0.64,2.44,4.4
21.25,81.25,Durg Tahsil,Chhattisgarh,0.0,0.32,0.19,0.09,2.7,10.38,8.14,3.59,11.4,1.22,2.12,3.7
21.25,81.5,Dhamdha Tahsil,Chhattisgarh,0.0,0.29,0.16,0.09,2.47,9.68,8.7,2.84,10.63,1.64,1.87,3.14
21.25,81.75,Raipur Tahsil,Chhattisgarh,0.0,0.14,0.01,0.03,1.64,4.9,6.02,2.03,7.99,0.55,0.45,1.96
21.25,82.0,Arang Tahsil,Chhattisgarh,0.04,0.04,0.03,0.05,1.7,6.15,8.5,3.43,9.64,0.31,0.13,2.43
21.25,82.25,Mahasamund Tahsil,Chhattisgarh,0.0,0.04,0.05,0.02,1.64,4.08,10.62,3.09,13.06,0.43,0.24,2.57
21.25,82.5,Pithora Tahsil,Chhattisgarh,0.0,0.1,0.12,0.0,0.78,4.31,9.63,4.43,13.33,0.81,0.41,2.32
21.25,82.75,Pithora Tahsil,Chhattisgarh,0.05,0.09,0.21,0.0,0.26,5.55,9.31,4.88,11.26,1.08,0.44,2.26
21.25,83.0,Saraipali Tahsil,Chhattisgarh,0.0,0.04,0.03,0.04,0.38,5.89,7.83,3.01,9.42,0.83,0.68,2.32
21.25,83.25,Sohela,Odisha,0.01,0.06,0.02,0.14,1.48,6.72,9.01,3.63,9.3,1.41,0.61,2.37
21.25,83.5,Barapali,Odisha,0.06,0.18,0.14,0.24,3.58,6.84,10.7,4.86,8.66,2.31,0.5,1.93
21.25,83.75,Bheden,Odisha,0.1,0.08,0.06,0.33,4.0,8.09,10.01,6.36,10.62,3.66,0.87,3.45
21.25,84.0,Dhama,Odisha,0.05,0.04,0.02,0.21,3.95,5.74,10.5,5.8,11.48,2.44,0.91,2.61
21.25,84.25,Rairakhol,Odisha,0.12,0.01,0.0,0.28,4.08,4.2,13.21,7.39,11.71,1.06,0.96,1.82
21.25,84.5,Naktideul,Odisha,0.06,0.12,0.02,0.54,3.68,5.6,7.67,4.3,9.85,0.54,1.26,1.35
21.25,84.75,Naktideul,Odisha,0.01,0.0,0.0,0.0,3.39,5.28,9.64,5.57,13.13,1.5,0.72,2.61
21.25,85.0,Rengali Damsite,Odisha,0.02,0.02,0.01,0.9,6.3,4.79,11.2,5.32,14.32,2.28,0.69,1.91
21.25,85.25,Khamar,Odisha,0.0,0.0,0.02,0.93,6.4,4.73,10.4,4.74,15.61,2.05,1.35,1.48
21.25,85.5,Telkoi,Odisha,0.0,0.0,0.05,1.67,6.78,3.92,8.11,6.45,11.98,2.74,1.01,1.78
21.25,85.75,Harichandanpur,Odisha,0.0,0.0,0.58,2.08,11.11,2.54,5.76,11.34,16.41,2.66,0.78,1.72
21.25,86.0,Ghasipura,Odisha,0.03,0.0,0.51,1.55,11.49,2.52,5.78,8.58,14.57,2.85,0.8,1.53
21.25,86.25,Soso,Odisha,0.0,0.0,0.0,1.38,14.37,5.94,5.75,6.55,14.71,3.99,0.24,1.71
21.25,86.5,Khaira,Odisha,0.0,0.0,0.0,1.48,16.36,5.66,5.01,7.03,13.73,5.13,0.01,1.84
21.25,86.75,Soro,Odisha,0.0,0.0,0.01,1.15,10.8,5.42,7.09,9.5,15.44,5.84,0.04,2.17
21.5,69.5,Unknown,Unknown,0.0,0.0,0.0,0.0,0.09,1.37,6.61,0.45,21.77,0.47,0.0,0.0
21.5,69.75,Porbandar Taluka,Gujarat,0.0,0.0,0.0,0.0,0.12,1.08,7.28,0.41,22.16,0.5,0.0,0.0
21.5,70.0,Manavadar Taluka,Gujarat,0.0,0.0,0.0,0.0,0.37,0.99,9.72,0.41,24.39,0.68,0.03,0.0
21.5,70.25,Vanthali Taluka,Gujarat,0.0,0.0,0.0,0.0,0.92,2.85,7.08,0.98,24.66,1.89,0.06,0.0
21.5,70.5,Junagadh Taluka,Gujarat,0.0,0.0,0.0,0.04,1.32,2.43,6.0,0.73,24.0,1.74,0.06,0.02
21.5,70.75,Bhesan Taluka,Gujarat,0.0,0.0,0.0,0.0,3.75,1.32,4.89,0.93,23.44,0.68,0.29,0.1
21.5,71.0,Amreli Taluka,Gujarat,0.0,0.0,0.0,0.01,5.71,1.66,4.42,2.17,16.37,0.31,0.06,0.09
21.5,71.25,Amreli Taluka,Gujarat,0.0,0.0,0.0,0.02,1.92,4.82,3.33,7.64,11.99,0.19,0.0,0.27
21.5,71.5,Gariadhar Taluka,Gujarat,0.0,0.0,0.0,0.0,1.47,5.74,2.59,2.35,9.51,0.18,0.0,0.33
21.5,71.75,Palitana Taluka,Gujarat,0.0,0.0,0.0,0.0,7.57,6.0,2.87,0.53,10.8,1.65,0.0,0.48
21.5,72.0,Sihor Taluka,Gujarat,0.0,0.0,0.0,0.0,4.25,4.32,1.15,0.78,10.41,0.91,0.0,0.29
21.5,72.5,Bharūch,Gujarat,0.0,0.0,0.0,0.0,4.11,7.44,4.27,3.86,19.56,0.61,0.58,1.1
21.5,72.75,Hansot Taluka,Gujarat,0.0,0.0,0.0,0.0,3.98,7.62,5.5,4.56,18.56,1.41,0.3,1.15
21.5,73.0,Mangrol Taluka,Gujarat,0.0,0.0,0.0,0.0,0.49,8.43,10.12,4.44,19.12,1.21,0.28,1.78
21.5,73.25,Valia Taluka,Gujarat,0.71,0.0,0.0,0.0,2.21,9.98,9.08,5.81,21.12,3.88,0.07,3.67
21.5,73.5,Dediapada Taluka,Gujarat,0.53,0.0,0.0,0.0,1.8,8.55,8.49,5.3,23.26,2.83,0.06,2.84
21.5,73.75,Sagbara Taluka,Gujarat,0.05,0.0,0.0,0.0,2.19,8.23,13.49,8.02,23.45,1.21,1.39,2.23
21.5,74.0,Kukarmunda Taluka,Gujarat,0.57,0.0,0.0,0.0,0.23,1.99,5.27,3.26,12.23,0.54,0.5,0.98
21.5,74.25,Nizar Taluka,Gujarat,0.7,0.1,0.0,0.0,0.23,1.73,4.36,3.29,16.47,0.61,0.48,0.96
21.5,74.5,Shahada Taluka,Maharashtra,0.62,0.44,0.04,0.0,0.32,1.19,4.59,4.02,16.27,1.53,0.54,0.99
21.5,74.75,Shahada Taluka,Maharashtra,0.25,0.55,0.09,0.0,0.65,1.06,5.06,6.17,9.85,2.24,0.47,1.12
21.5,75.0,Shirpur Taluka,Maharashtra,0.12,0.11,0.04,0.0,0.78,2.69,5.99,6.27,11.24,1.72,0.25,0.94
21.5,75.25,Varla,Madhya Pradesh,0.09,0.08,0.11,0.0,0.72,2.82,4.99,5.45,11.08,2.07,0.32,0.59
21.5,75.5,Bhagwanpura Tahsil,Madhya Pradesh,0.06,0.05,0.24,0.0,0.87,2.98,3.45,3.9,11.35,2.78,0.7,0.09
21.5,75.75,Jhiranya Tahsil,Madhya Pradesh,0.0,0.07,0.15,0.0,0.51,2.74,3.39,3.89,10.71,3.3,0.4,0.11
21.5,76.0,Nepanagar Tahsil,Madhya Pradesh,0.01,0.03,0.06,0.0,0.53,3.48,5.49,4.56,10.76,3.23,0.29,0.04
21.5,76.25,Nepanagar Tahsil,Madhya Pradesh,0.03,0.03,0.04,0.01,0.31,3.86,5.98,6.43,8.97,3.75,0.06,0.0
21.5,76.5,Nepanagar Tahsil,Madhya Pradesh,0.01,0.03,0.27,0.04,0.15,3.53,6.67,5.64,8.9,4.91,0.05,0.0
21.5,76.75,Khaknar Tahsil,Madhya Pradesh,0.1,0.06,0.24,0.04,0.17,3.3,7.51,4.45,9.08,4.34,0.07,0.14
21.5,77.0,Unknown,Maharashtra,0.0,0.15,0.16,0.05,0.57,4.95,7.42,2.96,9.95,3.51,0.07,0.41
21.5,77.25,Chikhaldara,Maharashtra,0.0,0.21,0.47,0.05,0.62,6.01,9.63,3.66,10.75,4.03,0.3,0.63
21.5,77.5,Bhainsdehi Tahsil,Madhya Pradesh,0.0,0.34,0.97,0.07,0.82,8.06,13.33,5.4,10.92,4.18,0.76,0.92
21.5,77.75,Bhainsdehi Tahsil,Madhya Pradesh,0.0,0.53,0.36,0.07,2.12,5.5,6.43,3.57,6.5,2.47,0.63,0.52
21.5,78.0,Prabhatpattan Tahsil,Madhya Pradesh,0.0,0.43,0.4,0.38,1.69,5.47,6.7,5.92,9.43,1.21,0.15,0.43
21.5,78.25,Unknown,Maharashtra,0.0,0.46,0.4,0.26,1.7,5.54,7.98,5.72,10.1,1.52,0.14,0.51
21.5,78.5,Narkhed,Maharashtra,0.0,0.08,0.12,0.0,1.78,6.07,11.47,5.16,9.5,0.7,0.05,0.33
21.5,78.75,Sausar Tahsil,Madhya Pradesh,0.04,0.37,0.3,0.01,1.49,7.84,13.12,5.61,9.87,0.74,0.06,0.3
21.5,79.0,Parseoni,Maharashtra,0.23,0.31,0.7,0.14,1.63,8.61,10.29,5.91,12.14,0.43,0.03,0.4
21.5,79.25,Ramtek Taluka,Maharashtra,0.19,0.22,0.55,0.2,1.67,8.57,9.57,6.27,12.15,0.28,0.14,0.51
21.5,79.5,Tumsar Taluka,Maharashtra,0.07,0.19,0.48,0.0,1.12,9.09,10.61,6.88,10.13,0.15,0.6,1.17
21.5,79.75,Tumsar Taluka,Maharashtra,0.42,0.42,0.74,0.0,1.44,7.49,10.91,7.47,9.21,0.28,0.33,1.64
21.5,80.0,Tiroda Taluka,Maharashtra,0.48,0.49,0.59,0.0,1.1,6.54,11.22,5.15,11.31,0.97,0.18,0.79
21.5,80.25,Gondiya Taluka,Maharashtra,0.02,0.08,0.04,0.03,0.59,2.68,8.94,4.27,16.56,0.63,0.17,0.61
21.5,80.5,Lanji Tahsil,Madhya Pradesh,0.02,0.07,0.06,0.18,0.97,3.34,8.8,4.81,16.08,1.14,0.13,0.81
21.5,80.75,Chhuikhadan Tahsil,Chhattisgarh,0.29,0.52,0.04,0.21,2.39,5.63,7.56,5.22,13.69,2.1,0.49,1.19
21.5,81.0,Khairagarh Tahsil,Chhattisgarh,0.35,0.65,0.07,0.12,2.89,8.35,8.62,5.85,13.57,1.96,0.89,1.52
21.5,81.25,Dhamdha Tahsil,Chhattisgarh,0.31,0.69,0.08,0.02,3.03,12.42,11.35,7.06,11.8,1.94,0.74,1.45
21.5,81.5,Berla Tahsil,Chhattisgarh,0.14,0.43,0.05,0.02,1.88,9.53,8.68,4.88,9.64,1.21,0.56,1.82
21.5,81.75,Tilda Tahsil,Chhattisgarh,0.18,0.09,0.14,0.0,1.31,11.1,7.48,2.86,6.7,0.99,0.18,1.46
21.5,82.0,Palari Tahsil,Chhattisgarh,0.29,0.02,0.22,0.0,0.95,11.76,6.97,3.0,6.08,1.0,0.13,1.33
21.5,82.25,Palari Tahsil,Chhattisgarh,0.14,0.07,0.13,0.0,1.52,9.45,9.85,2.83,8.92,0.84,0.1,1.75
21.5,82.5,Kasdol Tahsil,Chhattisgarh,0.15,0.09,0.37,0.0,1.32,6.23,10.71,3.96,11.44,0.6,0.3,2.14
21.5,82.75,Pithora Tahsil,Chhattisgarh,0.31,0.01,0.63,0.0,1.57,8.8,10.61,4.02,9.62,0.46,0.14,2.32
21.5,83.0,Sarangarh Tahsil,Chhattisgarh,0.24,0.0,0.53,0.03,1.64,8.63,10.78,3.71,10.03,0.62,0.2,2.69
21.5,83.25,Baramkela Tahsil,Chhattisgarh,0.04,0.0,0.37,0.23,2.28,8.27,12.28,5.06,10.72,1.74,0.02,2.3
21.5,83.5,Bhatli,Odisha,0.39,0.22,0.34,0.43,3.98,8.18,9.99,4.01,9.64,1.88,0.72,2.75
21.5,83.75,Attabira,Odisha,0.34,0.17,0.29,0.38,3.72,7.85,10.06,3.82,9.52,1.43,0.72,2.8
21.5,84.0,Ainthapali,Odisha,0.24,0.13,0.33,0.24,4.96,7.07,9.63,3.53,6.51,1.81,0.96,2.54
21.5,84.25,Jamankira,Odisha,0.22,0.14,0.23,0.4,5.14,5.73,10.37,4.22,7.91,1.31,0.98,2.33
21.5,84.5,Reamal,Odisha,0.11,0.18,0.31,2.01,6.27,6.49,10.77,6.41,10.42,1.01,1.27,2.2
21.5,84.75,Debagarh,Odisha,0.08,0.09,0.88,3.73,9.02,6.52,12.09,9.16,9.87,1.82,0.63,2.12
21.5,85.0,Barkot,Odisha,0.01,0.06,0.15,1.06,7.76,6.2,10.9,6.67,11.23,2.78,0.81,1.9
21.5,85.25,Palalahada,Odisha,0.02,0.1,0.19,1.54,10.81,6.49,9.62,5.07,10.8,2.62,0.78,2.02
21.5,85.5,Kanjipani,Odisha,0.0,0.01,0.29,1.75,8.16,6.19,7.85,4.98,9.84,1.67,0.76,2.03
21.5,85.75,Ghatgaon,Odisha,0.0,0.07,0.7,0.14,12.67,6.77,10.99,2.94,16.61,4.76,0.9,1.34
21.5,86.0,Ghatgaon,Odisha,0.0,0.02,0.18,1.06,9.73,3.74,9.9,5.15,13.87,3.03,0.74,1.41
21.5,86.25,Mahuldiha,Odisha,0.0,0.0,0.0,1.43,8.92,8.27,9.77,8.49,17.27,3.41,0.29,2.14
21.5,86.5,Kaptipada,Odisha,0.0,0.0,0.0,2.6,9.77,7.01,8.93,8.33,16.18,4.82,0.01,2.37
21.5,86.75,Nilagiri,Odisha,0.0,0.0,0.01,0.86,9.34,4.84,6.74,8.08,15.78,4.78,0.18,2.12
21.5,87.0,Baleshwar Sadar,Odisha,0.0,0.0,0.0,0.64,10.06,8.66,8.89,6.24,18.05,6.76,0.1,1.82
21.75,69.25,Unknown,Unknown,0.0,0.0,0.0,0.0,0.03,2.39,7.52,0.42,22.66,2.2,0.12,0.0
21.75,69.5,Porbandar Taluka,Gujarat,0.0,0.0,0.0,0.0,0.06,1.64,6.35,0.46,21.57,0.65,0.01,0.0
21.75,69.75,Ranavav Taluka,Gujarat,0.0,0.0,0.0,0.0,0.03,1.36,6.54,0.38,21.74,0.71,0.0,0.0
21.75,70.0,Kutiyana Taluka,Gujarat,0.0,0.0,0.0,0.14,0.2,1.34,7.34,0.34,20.58,0.54,0.0,0.0
21.75,70.25,Upleta Taluka,Gujarat,0.0,0.0,0.0,0.0,0.57,1.71,4.61,0.44,16.73,1.0,0.0,0.0
21.75,70.5,Dhoraji Taluka,Gujarat,0.0,0.0,0.0,0.0,1.36,1.37,5.71,0.82,19.79,1.69,0.0,0.0
21.75,70.75,Jetpur Taluka,Gujarat,0.0,0.0,0.0,0.0,1.95,1.94,5.93,0.73,22.66,2.37,0.02,0.02
21.75,71.0,Gondal Taluka,Gujarat,0.0,0.0,0.0,0.04,5.83,2.99,5.43,2.98,14.8,0.21,0.03,0.13
21.75,71.25,Babra Taluka,Gujarat,0.0,0.0,0.0,0.25,4.54,3.33,5.12,1.08,11.15,0.01,0.0,0.06
21.75,71.5,Lathi Taluka,Gujarat,0.0,0.0,0.0,0.09,1.93,2.89,3.43,1.45,12.98,1.36,0.0,0.03
21.75,71.75,Sihor Taluka,Gujarat,0.0,0.0,0.0,0.08,4.47,4.09,2.01,0.29,11.27,0.93,0.0,0.39
21.75,72.0,Bhavnagar Taluka,Gujarat,0.0,0.0,0.0,0.01,4.45,6.57,1.44,0.7,15.83,0.27,0.0,0.39
21.75,72.25,Bhavnagar,Gujarat,0.0,0.0,0.0,0.0,2.68,6.1,1.5,0.78,18.0,0.17,0.0,0.32
21.75,72.5,Bharūch,Gujarat,0.0,0.0,0.0,0.0,2.89,6.37,2.82,2.14,16.43,0.5,0.04,0.68
21.75,72.75,Vagra Taluka,Gujarat,0.0,0.0,0.0,0.0,3.19,7.0,2.89,2.72,15.66,0.75,0.14,1.01
21.75,73.0,Bharuch Taluka,Gujarat,0.0,0.0,0.0,0.0,1.4,2.79,3.57,2.37,15.06,1.13,0.17,1.08
21.75,73.25,Jhagadiya Taluka,Gujarat,0.01,0.0,0.0,0.0,0.94,3.13,4.93,2.38,12.28,0.28,0.24,1.01
21.75,73.5,Nandod Taluka,Gujarat,0.07,0.0,0.0,0.0,1.15,6.81,9.77,3.73,18.79,0.74,0.91,1.59
21.75,73.75,Dediapada Taluka,Gujarat,0.12,0.0,0.0,0.0,1.33,7.66,5.78,4.97,18.29,0.94,0.94,1.8
21.75,74.0,Akkalkuwa Taluka,Maharashtra,0.37,0.0,0.0,0.0,0.74,6.02,4.55,4.56,15.18,1.02,0.76,1.25
21.75,74.25,Akrani Taluka,Maharashtra,0.41,0.0,0.0,0.0,0.47,2.91,5.4,4.4,15.23,0.9,0.62,0.86
21.75,74.5,Shahada Taluka,Maharashtra,0.4,0.2,0.06,0.0,0.51,2.47,5.26,3.72,16.99,1.69,0.28,0.75
21.75,74.75,Pansemal Tahsil,Madhya Pradesh,0.24,0.14,0.04,0.0,0.69,4.19,5.67,5.51,12.46,4.47,0.12,1.02
21.75,75.0,Barwani Tahsil,Madhya Pradesh,0.11,0.0,0.01,0.0,0.85,3.69,6.42,6.07,11.47,1.29,0.01,1.21
21.75,75.25,Sendhwa Tahsil,Madhya Pradesh,0.13,0.05,0.04,0.0,0.64,3.86,5.15,4.67,8.77,1.79,0.02,0.96
21.75,75.5,Khargone Tahsil,Madhya Pradesh,0.05,0.09,0.19,0.0,0.41,2.09,3.83,2.97,5.95,1.87,0.01,0.45
21.75,75.75,Bhagwanpura Tahsil,Madhya Pradesh,0.01,0.08,0.29,0.0,0.42,0.99,4.18,3.18,7.13,2.41,0.01,0.21
21.75,76.0,Jhiranya Tahsil,Madhya Pradesh,0.0,0.02,0.13,0.0,0.59,2.15,6.57,3.37,7.95,2.0,0.01,0.04
21.75,76.25,Pandhana Tahsil,Madhya Pradesh,0.01,0.02,0.12,0.01,0.49,2.87,6.98,4.26,8.25,2.76,0.01,0.01
21.75,76.5,Khandwa Tahsil,Madhya Pradesh,0.01,0.02,0.1,0.02,0.17,3.06,7.03,5.73,8.01,3.43,0.07,0.0
21.75,76.75,Khalwa Tahsil,Madhya Pradesh,0.05,0.07,0.11,0.01,0.34,2.93,8.28,5.06,8.66,3.49,0.06,0.04
21.75,77.0,Khalwa Tahsil,Madhya Pradesh,0.03,0.23,0.59,0.02,0.61,5.61,11.4,4.7,10.89,4.0,0.42,0.56
21.75,77.25,Bhimpur Tahsil,Madhya Pradesh,0.03,0.3,0.79,0.16,0.63,7.71,13.82,5.39,10.55,4.27,0.59,0.66
21.75,77.5,Bhimpur Tahsil,Madhya Pradesh,0.02,0.43,1.26,0.09,0.87,9.02,16.42,6.47,11.27,4.55,1.02,0.98
21.75,77.75,Bhainsdehi Tahsil,Madhya Pradesh,0.0,0.76,0.52,0.02,2.45,6.4,8.47,3.56,6.58,3.24,0.8,0.54
21.75,78.0,Betul Tahsil,Madhya Pradesh,0.0,1.36,0.57,0.02,2.05,6.74,11.09,4.24,8.9,4.95,0.29,0.11
21.75,78.25,Multai Tahsil,Madhya Pradesh,0.0,1.12,0.51,0.07,1.97,6.55,10.86,4.66,9.29,4.09,0.21,0.16
21.75,78.5,Pandhurna Tahsil,Madhya Pradesh,0.01,0.42,0.11,0.01,2.1,7.65,11.49,5.52,8.69,1.65,0.05,0.19
21.75,78.75,Sausar Tahsil,Madhya Pradesh,0.05,0.94,0.1,0.04,2.28,12.28,9.18,7.4,7.83,2.49,0.06,0.63
21.75,79.0,Bichhua Tahsil,Madhya Pradesh,0.09,1.01,0.2,0.08,2.28,12.84,8.5,7.69,8.27,2.54,0.06,0.7
21.75,79.25,Kurai Tahsil,Madhya Pradesh,0.07,0.52,0.38,0.09,1.82,10.13,8.43,5.28,8.2,1.25,0.16,0.72
21.75,79.5,Kurai Tahsil,Madhya Pradesh,0.03,0.17,0.57,0.0,1.37,7.91,8.83,2.71,6.62,0.25,0.26,0.86
21.75,79.75,Katangi Tahsil,Madhya Pradesh,0.11,0.36,0.57,0.0,1.49,9.16,12.05,3.06,9.49,0.11,0.15,1.1
21.75,80.0,Waraseoni Tahsil,Madhya Pradesh,0.14,0.35,0.4,0.03,1.37,8.1,11.7,4.01,11.62,0.49,0.2,1.35
21.75,80.25,Kirnapur Tahsil,Madhya Pradesh,0.01,0.15,0.01,0.08,1.12,5.2,8.26,5.32,13.38,1.15,0.36,1.82
21.75,80.5,Birsa Tahsil,Madhya Pradesh,0.06,0.78,0.08,0.04,1.17,5.72,8.17,4.78,12.51,1.23,0.32,1.25
21.75,80.75,Chhuikhadan Tahsil,Chhattisgarh,0.32,0.77,0.02,0.09,2.3,6.98,8.38,4.78,12.65,2.19,0.33,1.08
21.75,81.0,Sahaspur Lohara Tahsil,Chhattisgarh,0.38,0.67,0.0,0.1,2.56,7.34,8.67,5.07,13.09,2.32,0.35,1.01
21.75,81.25,Sahaspur Lohara Tahsil,Chhattisgarh,0.49,0.97,0.08,0.0,3.9,14.95,13.54,9.22,13.4,2.53,0.66,0.87
21.75,81.5,Bemetara Tahsil,Chhattisgarh,0.25,0.59,0.06,0.02,2.16,10.57,10.27,6.28,10.54,1.32,0.22,1.17
21.75,81.75,Simga Tahsil,Chhattisgarh,0.17,0.21,0.12,0.0,1.4,12.49,9.18,3.87,7.16,1.12,0.09,1.37
21.75,82.0,Bhatapara Tahsil,Chhattisgarh,0.13,0.13,0.13,0.0,1.54,14.6,9.96,3.32,6.65,1.26,0.13,1.43
21.75,82.25,Baloda Bazar Tahsil,Chhattisgarh,0.13,0.35,0.28,0.0,1.33,9.78,11.6,4.94,8.54,0.8,0.42,0.82
21.75,82.5,Pamgarh Tahsil,Chhattisgarh,0.15,0.45,0.41,0.0,1.39,7.33,11.93,5.84,10.04,0.84,0.54,0.67
21.75,82.75,Champa Tahsil,Chhattisgarh,0.27,0.16,0.59,0.0,1.72,8.53,11.28,4.7,10.07,0.71,0.29,1.55
21.75,83.0,Malkharoda Tahsil,Chhattisgarh,0.27,0.1,0.71,0.02,2.46,8.76,9.85,4.17,10.06,0.7,0.27,2.1
21.75,83.25,Dabhra Tahsil,Chhattisgarh,0.27,0.13,0.64,0.01,3.03,9.33,9.82,3.21,11.67,0.67,0.24,3.28
21.75,83.5,Rengali,Odisha,0.49,0.22,0.43,0.13,4.99,7.0,7.22,6.36,11.39,1.38,0.25,1.64
21.75,83.75,Lakhanpur,Odisha,0.29,0.28,0.57,0.27,4.77,6.37,7.02,5.05,7.43,0.62,1.1,2.02
21.75,84.0,Thelkoloi,Odisha,0.29,0.31,0.41,0.28,4.53,11.13,8.53,2.11,5.05,0.47,2.11,2.29
21.75,84.25,Katarbaga,Odisha,0.24,0.2,0.6,0.21,6.65,9.79,8.96,2.73,6.34,1.22,2.01,2.23
21.75,84.5,Mahulpalli,Odisha,0.12,0.14,0.87,0.53,12.21,8.65,9.25,5.06,10.71,2.7,2.22,2.03
21.75,84.75,Tikaetpali,Odisha,0.05,0.13,0.32,1.51,9.99,8.88,13.51,6.42,14.17,3.08,1.75,2.15
21.75,85.0,Lahunipara,Odisha,0.07,0.13,0.17,0.75,14.81,10.13,15.78,6.21,13.93,3.54,1.81,1.96
21.75,85.25,Nayakote,Odisha,0.09,0.12,0.3,0.92,15.96,6.81,10.03,4.46,9.38,2.85,1.31,2.1
21.75,85.5,Kendujhar Sadar,Odisha,0.02,0.03,0.4,1.12,10.8,6.62,7.21,6.09,7.65,2.11,0.61,2.05
21.75,85.75,Turumunga,Odisha,0.0,0.0,0.36,0.67,10.86,4.94,6.63,8.72,6.58,3.57,0.23,1.79
21.75,86.0,Karanjia,Odisha,0.0,0.0,0.64,1.48,17.0,4.49,10.4,3.82,13.94,5.02,1.21,1.71
21.75,86.25,Karanjia,Odisha,0.0,0.0,0.13,1.03,9.22,5.43,12.59,9.0,16.27,5.72,0.2,1.69
21.75,86.5,Baripada Sadar,Odisha,0.0,0.01,0.03,1.27,8.35,4.81,11.57,10.75,14.76,5.14,0.15,1.98
21.75,86.75,Barsahi,Odisha,0.0,0.0,0.0,0.99,9.86,6.62,6.07,4.9,17.13,5.57,0.31,1.98
21.75,87.0,Baisinga,Odisha,0.0,0.0,0.0,0.78,9.27,9.77,9.64,7.29,19.35,8.45,0.07,2.04
21.75,87.25,Jaleswar,Odisha,0.0,0.0,0.0,0.88,8.86,9.93,12.12,9.94,25.64,7.48,0.21,2.78
21.75,87.5,Egra-I,West Bengal,0.0,0.0,0.0,0.39,9.45,10.77,10.11,7.66,24.91,8.76,0.19,2.27
21.75,87.75,Contai-I,West Bengal,0.0,0.0,0.0,0.53,9.71,11.12,11.88,9.16,22.6,8.37,0.27,2.44
21.75,88.0,Unknown,Unknown,0.0,0.01,0.0,1.0,9.71,11.99,15.76,10.18,17.71,7.53,0.48,2.83
21.75,88.25,Namkhana,West Bengal,0.0,0.01,0.0,0.77,8.4,14.92,19.38,9.61,18.07,7.93,0.41,2.76
21.75,88.5,Unknown,Unknown,0.0,0.0,0.0,0.59,7.55,15.82,19.78,9.36,16.69,7.65,0.31,2.65
21.75,88.75,Unknown,West Bengal,0.0,0.0,0.0,0.42,6.73,16.75,20.8,8.85,16.21,7.2,0.27,2.61
21.75,89.0,Unknown,Unknown,0.0,0.0,0.0,0.23,5.87,18.14,22.89,8.86,17.13,7.62,0.17,2.47
22.0,69.0,Unknown,Unknown,0.0,0.0,0.0,0.0,0.0,1.7,6.22,0.25,21.84,2.43,0.25,0.06
22.0,69.25,Kalyanpur Taluka,Gujarat,0.0,0.0,0.0,0.0,0.0,2.92,8.23,0.36,23.39,3.46,0.21,0.01
22.0,69.5,Kalyanpur Taluka,Gujarat,0.0,0.0,0.0,0.0,0.01,3.89,6.83,0.44,23.09,2.61,0.11,0.02
22.0,69.75,Bhanvad Taluka,Gujarat,0.0,0.0,0.0,0.01,0.01,3.6,4.29,0.44,21.25,1.01,0.0,0.0
22.0,70.0,Jamjodhpur Taluka,Gujarat,0.0,0.0,0.0,0.19,0.13,1.79,6.05,0.34,19.39,0.54,0.0,0.0
22.0,70.25,Jamjodhpur Taluka,Gujarat,0.0,0.0,0.0,0.06,1.03,3.36,6.85,0.21,26.51,0.81,0.0,0.0
22.0,70.5,Jam Kandoma Taluka,Gujarat,0.0,0.0,0.0,0.0,2.03,2.52,8.71,0.47,30.54,1.81,0.0,0.0
22.0,70.75,Gondal Taluka,Gujarat,0.0,0.0,0.0,0.0,1.81,3.34,8.05,0.51,29.26,4.03,0.0,0.0
22.0,71.0,Gondal Taluka,Gujarat,0.0,0.0,0.0,0.14,1.78,2.83,3.98,0.29,13.84,1.47,0.0,0.01
22.0,71.25,Babra Taluka,Gujarat,0.0,0.0,0.0,0.12,3.4,3.19,4.4,0.57,11.4,0.46,0.0,0.03
22.0,71.5,Gadhada Taluka,Gujarat,0.0,0.0,0.0,0.01,4.75,3.7,4.94,1.41,8.55,0.13,0.0,0.0
22.0,71.75,Vallabhipur Taluka,Gujarat,0.0,0.0,0.0,0.17,3.77,4.62,3.5,0.42,11.01,0.83,0.0,0.24
22.0,72.0,Vallabhipur Taluka,Gujarat,0.0,0.0,0.0,0.12,3.73,6.05,2.03,0.43,13.48,0.53,0.0,0.36
22.0,72.25,Dholera Taluka,Gujarat,0.0,0.0,0.0,0.01,3.91,7.05,2.01,0.82,18.72,0.12,0.01,0.32
22.0,72.5,Bharūch,Gujarat,0.0,0.0,0.0,0.0,2.85,4.64,2.5,0.9,14.56,0.28,0.07,0.32
22.0,72.75,Jambusar Taluka,Gujarat,0.0,0.0,0.0,0.0,1.3,2.68,0.81,1.15,8.79,0.5,0.1,0.24
22.0,73.0,Amod Taluka,Gujarat,0.0,0.0,0.0,0.0,1.92,5.14,4.42,1.98,11.61,1.88,0.15,0.56
22.0,73.25,Karjan Taluka,Gujarat,0.0,0.0,0.0,0.0,0.67,4.06,5.87,2.33,10.09,0.45,0.15,0.99
22.0,73.5,Dabhoi Taluka,Gujarat,0.14,0.0,0.0,0.0,0.62,4.42,9.07,3.26,13.92,1.09,1.5,1.28
22.0,73.75,Nasvadi Taluka,Gujarat,0.28,0.0,0.0,0.0,0.41,4.01,6.33,3.35,14.48,1.63,1.04,1.09
22.0,74.0,Kavant Taluka,Gujarat,0.22,0.0,0.0,0.0,0.39,4.87,6.63,5.01,15.97,0.97,0.51,1.26
22.0,74.25,Sondwa Tehsil,Madhya Pradesh,0.17,0.0,0.05,0.01,0.35,4.07,5.86,4.42,13.56,1.05,0.84,1.24
22.0,74.5,Pati Tahsil,Madhya Pradesh,0.23,0.0,0.11,0.0,0.32,3.55,6.24,3.95,10.07,3.79,0.6,1.06
22.0,74.75,Pati Tahsil,Madhya Pradesh,0.35,0.0,0.11,0.0,0.41,5.35,4.86,4.53,12.26,6.02,0.08,0.84
22.0,75.0,Barwani Tahsil,Madhya Pradesh,0.33,0.0,0.1,0.0,0.31,5.34,4.3,4.12,11.09,5.53,0.06,0.78
22.0,75.25,Thikri Tahsil,Madhya Pradesh,0.05,0.02,0.01,0.0,0.19,3.57,3.07,2.91,5.21,1.25,0.06,0.7
22.0,75.5,Kasrawad Tahsil,Madhya Pradesh,0.1,0.13,0.07,0.0,0.51,3.53,4.19,2.82,4.93,1.44,0.02,0.64
22.0,75.75,Kasrawad Tahsil,Madhya Pradesh,0.01,0.09,0.27,0.0,0.33,1.33,4.39,3.3,7.12,2.27,0.0,0.23
22.0,76.0,Bhikangaon Tahsil,Madhya Pradesh,0.01,0.07,0.15,0.0,0.35,2.44,6.19,3.6,7.96,2.05,0.01,0.13
22.0,76.25,Khandwa Tahsil,Madhya Pradesh,0.0,0.02,0.05,0.0,0.28,2.7,7.15,4.67,7.77,2.18,0.06,0.03
22.0,76.5,Khandwa Tahsil,Madhya Pradesh,0.03,0.04,0.02,0.0,0.23,2.43,7.96,5.59,7.95,2.74,0.09,0.0
22.0,76.75,Harsud Tahsil,Madhya Pradesh,0.1,0.11,0.05,0.0,0.58,2.73,9.38,4.76,9.12,3.06,0.03,0.0
22.0,77.0,Sirali Tahsil,Madhya Pradesh,0.08,0.13,0.15,0.04,0.53,3.34,10.05,5.05,8.93,3.18,0.13,0.07
22.0,77.25,Rehatgarh Tahsil,Madhya Pradesh,0.08,0.3,0.51,0.29,0.66,7.26,14.01,5.55,9.03,3.87,0.39,0.29
22.0,77.5,Bhimpur Tahsil,Madhya Pradesh,0.1,0.3,0.25,0.46,0.65,7.59,13.78,5.46,7.41,3.61,0.21,0.0
22.0,77.75,Betul Tahsil,Madhya Pradesh,0.06,0.62,0.45,0.25,1.31,7.32,12.45,4.9,7.82,3.91,0.41,0.21
22.0,78.0,Betul Tahsil,Madhya Pradesh,0.02,1.03,0.47,0.08,1.87,7.19,11.31,4.6,8.25,4.37,0.38,0.17
22.0,78.25,Amla Tahsil,Madhya Pradesh,0.01,0.78,0.44,0.03,1.58,8.61,13.0,6.57,10.05,3.72,0.3,0.21
22.0,78.5,Jamai Tahsil,Madhya Pradesh,0.02,0.78,0.19,0.02,2.07,9.99,10.94,6.64,8.61,2.78,0.13,0.38
22.0,78.75,Mohkhed Tahsil,Madhya Pradesh,0.04,0.76,0.11,0.07,2.74,11.34,8.7,6.5,8.41,1.91,0.06,0.53
22.0,79.0,Chhindwara Tahsil,Madhya Pradesh,0.04,0.85,0.13,0.09,2.95,11.95,8.08,6.4,8.53,2.0,0.07,0.59
22.0,79.25,Chand Tahsil,Madhya Pradesh,0.06,0.73,0.27,0.08,2.96,10.7,7.71,4.92,7.96,1.4,0.13,0.65
22.0,79.5,Seoni Tahsil,Madhya Pradesh,0.11,0.55,0.49,0.0,2.06,7.76,9.67,2.98,6.85,0.34,0.18,0.74
22.0,79.75,Barghat Tahsil,Madhya Pradesh,0.1,0.71,0.57,0.0,1.8,7.82,11.89,3.09,8.42,0.21,0.15,0.91
22.0,80.0,Lalbarra Tahsil,Madhya Pradesh,0.08,1.09,0.55,0.01,1.88,6.06,12.95,4.45,10.8,0.46,0.19,1.26
22.0,80.25,Balagat Tahsil,Madhya Pradesh,0.06,1.17,0.25,0.04,1.47,7.13,9.36,4.87,10.55,1.26,0.34,1.51
22.0,80.5,Baihar Tahsil,Madhya Pradesh,0.09,1.69,0.2,0.02,1.49,8.55,7.91,5.12,8.7,1.61,0.4,1.54
22.0,80.75,Birsa Tahsil,Madhya Pradesh,0.17,1.18,0.09,0.04,2.09,9.45,9.14,4.82,10.06,2.15,0.28,1.64
22.0,81.0,Bodla Tahsil,Chhattisgarh,0.17,0.89,0.0,0.0,2.8,13.25,11.73,4.35,9.57,2.96,0.04,2.21
22.0,81.25,Kawardha Tahsil,Chhattisgarh,0.15,0.7,0.13,0.07,2.21,10.1,12.29,4.73,11.4,1.76,0.14,1.51
22.0,81.5,Bemetara Tahsil,Chhattisgarh,0.05,0.49,0.27,0.15,1.32,6.11,12.71,4.1,12.76,0.52,0.12,1.0
22.0,81.75,Mungeli Tahsil,Chhattisgarh,0.15,0.7,0.31,0.03,1.25,8.04,15.27,6.44,9.28,1.01,0.23,0.85
22.0,82.0,Takhatpur Tahsil,Chhattisgarh,0.18,0.75,0.34,0.0,1.24,8.43,15.95,7.07,8.48,1.12,0.3,0.76
22.0,82.25,Masturi Tahsil,Chhattisgarh,0.15,0.55,0.4,0.0,1.15,6.82,11.54,6.63,8.67,0.62,0.46,0.53
22.0,82.5,Akaltara Tahsil,Chhattisgarh,0.08,0.45,0.29,0.0,1.43,8.27,14.9,5.07,11.02,0.67,0.72,0.49
22.0,82.75,Champa Tahsil,Chhattisgarh,0.13,0.54,0.41,0.0,1.82,6.82,10.58,6.43,11.99,1.81,0.72,0.55
22.0,83.0,Sakti Tahsil,Chhattisgarh,0.15,0.47,0.51,0.0,2.4,7.89,9.07,5.48,8.63,0.79,0.57,1.69
22.0,83.25,Raigarh Tahsil,Chhattisgarh,0.25,0.39,0.58,0.0,3.2,8.46,8.0,4.86,9.23,0.72,0.54,1.74
22.0,83.5,Raigarh Tahsil,Chhattisgarh,0.44,0.41,0.43,0.02,4.64,9.59,6.16,4.04,10.92,0.78,0.51,1.89
22.0,83.75,Hemgir,Odisha,0.12,0.49,0.31,0.16,4.37,7.45,8.18,4.59,9.65,1.53,0.57,1.4
22.0,84.0,Bhasma,Odisha,0.15,0.55,0.87,0.16,5.55,7.45,10.0,5.18,5.79,1.77,0.61,1.58
22.0,84.25,Dharuadihi,Odisha,0.08,0.38,0.8,0.16,6.64,7.87,10.73,5.16,7.56,3.34,0.97,1.52
22.0,84.5,Govindpur,Odisha,0.08,0.18,0.52,0.42,10.89,8.37,9.55,5.17,10.05,3.42,2.12,1.92
22.0,84.75,Chandiposh,Odisha,0.04,0.16,0.13,0.73,10.62,9.4,13.11,5.56,14.01,3.61,2.04,2.08
22.0,85.0,Kamarposh Balang,Odisha,0.06,0.18,0.47,0.94,15.53,8.51,11.14,6.0,13.45,4.52,1.91,2.06
22.0,85.25,Bolani,Odisha,0.07,0.48,0.55,0.79,15.88,7.02,8.91,4.8,12.41,4.41,1.86,2.08
22.0,85.5,Champua,Odisha,0.08,0.82,0.35,0.42,14.76,5.86,9.11,3.39,12.26,3.4,1.56,2.01
22.0,85.75,Ghagarbeda,Odisha,0.0,0.0,0.03,1.14,15.55,7.65,11.28,3.63,8.33,3.84,0.24,1.56
22.0,86.0,Jashipur,Odisha,0.0,0.0,0.59,1.54,17.77,5.96,10.72,3.01,14.99,5.58,1.49,1.7
22.0,86.25,Jashipur,Odisha,0.0,0.01,0.11,1.37,8.7,6.02,11.19,8.03,15.52,5.04,0.52,2.04
22.0,86.5,Bangiriposi,Odisha,0.0,0.04,0.02,1.37,7.22,5.09,11.28,12.39,14.58,5.05,0.3,2.49
22.0,86.75,Chandua,Odisha,0.0,0.0,0.01,1.0,8.92,8.03,7.41,6.84,17.1,7.88,0.21,2.07
22.0,87.0,Suliapada,Odisha,0.0,0.0,0.01,1.28,8.03,10.03,11.31,8.84,23.82,9.1,0.22,2.95
22.0,87.25,Dantan-I,West Bengal,0.0,0.0,0.0,0.99,8.61,9.53,12.71,8.78,26.99,7.84,0.26,3.11
22.0,87.5,Potashpur-I,West Bengal,0.0,0.0,0.0,0.48,9.78,10.39,11.32,9.43,23.96,9.15,0.16,2.25
22.0,87.75,Bhagwanpur-II,West Bengal,0.0,0.0,0.0,1.11,10.54,13.02,19.0,13.2,23.66,9.67,0.24,2.6
22.0,88.0,Nandigram-I,West Bengal,0.0,0.02,0.0,0.89,9.1,11.52,12.6,7.83,10.66,4.53,0.83,3.23
22.0,88.25,Kulpi,West Bengal,0.0,0.0,0.0,0.51,7.21,17.41,22.77,9.68,19.25,8.78,0.28,2.6
22.0,88.5,Jaynagar - II,West Bengal,0.0,0.0,0.0,0.41,6.75,16.86,21.07,8.93,16.24,7.18,0.26,2.57
22.0,88.75,Twenty-four Parganas,West Bengal,0.0,0.01,0.0,0.31,6.99,16.34,20.54,8.36,15.26,6.94,0.21,2.62
22.0,89.0,Unknown,West Bengal,0.0,0.01,0.0,0.21,6.35,17.23,21.84,9.31,16.19,6.89,0.14,2.5
22.0,93.0,Tipa,Mizoram,0.07,0.0,0.22,0.7,5.42,12.87,20.82,14.06,14.02,5.25,0.13,1.6
22.25,68.75,Unknown,Unknown,0.0,0.0,0.0,0.0,0.0,0.66,4.96,0.17,20.42,1.8,0.31,0.08
22.25,69.0,Okhamandal Taluka,Gujarat,0.0,0.0,0.0,0.0,0.0,0.42,4.65,0.13,20.24,1.59,0.22,0.09
22.25,69.25,Kalyanpur Taluka,Gujarat,0.0,0.0,0.0,0.0,0.0,1.85,6.56,0.27,22.12,2.61,0.27,0.05
22.25,69.5,Khambhalia Taluka,Gujarat,0.0,0.0,0.0,0.0,0.01,4.89,5.98,0.47,23.22,2.39,0.05,0.04
22.25,69.75,Khambhalia Taluka,Gujarat,0.0,0.0,0.0,0.0,0.12,3.83,4.76,0.37,22.21,1.51,0.0,0.04
22.25,70.0,Lalpur Taluka,Gujarat,0.0,0.0,0.0,0.01,0.38,1.56,4.73,0.13,21.45,0.8,0.0,0.01
22.25,70.25,Kalavad Taluka,Gujarat,0.0,0.0,0.0,0.0,1.5,4.29,7.12,0.02,31.73,0.69,0.0,0.0
22.25,70.5,Kalavad Taluka,Gujarat,0.0,0.0,0.0,0.01,1.77,3.19,8.27,0.19,31.08,0.81,0.01,0.01
22.25,70.75,Rajkot South Taluka,Gujarat,0.0,0.0,0.0,0.02,1.48,4.64,9.05,0.4,24.05,0.44,0.05,0.05
22.25,71.0,Rajkot Taluka,Gujarat,0.0,0.0,0.0,0.03,0.95,0.98,3.28,0.33,15.32,1.49,0.0,0.0
22.25,71.25,Vinchhiya Taluka,Gujarat,0.0,0.0,0.0,0.04,1.06,1.11,2.88,0.29,13.98,1.47,0.0,0.01
22.25,71.5,Botad Taluka,Gujarat,0.0,0.0,0.0,0.19,4.37,3.78,5.12,0.79,10.18,0.82,0.0,0.0
22.25,71.75,Ranpur Taluka,Gujarat,0.0,0.0,0.0,0.13,3.23,4.41,4.9,0.41,10.21,0.72,0.0,0.01
22.25,72.0,Dhandhuka Taluka,Gujarat,0.0,0.0,0.0,0.05,2.73,4.52,4.47,0.18,10.17,0.55,0.0,0.05
22.25,72.25,Dholera Taluka,Gujarat,0.0,0.0,0.0,0.0,4.03,6.46,4.69,0.35,16.75,0.14,0.0,0.11
22.25,72.5,Unknown,Unknown,0.0,0.0,0.0,0.0,4.66,7.26,4.71,0.59,21.82,0.01,0.0,0.14
22.25,72.75,Khambhat Taluka,Gujarat,0.0,0.0,0.0,0.0,2.58,4.26,4.66,0.62,11.82,0.26,0.07,0.31
22.25,73.0,Padra Taluka,Gujarat,0.0,0.0,0.0,0.0,2.67,6.48,6.18,1.2,12.86,1.31,0.07,0.24
22.25,73.25,Vadodara Rural Taluka,Gujarat,0.0,0.0,0.0,0.0,1.5,3.83,4.98,2.14,13.07,2.05,0.12,0.67
22.25,73.5,Vagodhia Taluka,Gujarat,0.02,0.0,0.0,0.0,0.68,3.29,6.55,3.73,13.75,1.31,0.61,1.3
22.25,73.75,Bodeli Taluka,Gujarat,0.12,0.0,0.0,0.0,0.59,3.31,13.4,4.83,15.74,0.29,0.32,0.7
22.25,74.0,Chhota Udaipur Taluka,Gujarat,0.09,0.0,0.0,0.0,0.39,2.7,14.46,5.59,19.07,0.26,0.61,1.07
22.25,74.25,Kathiwada Tehsil,Madhya Pradesh,0.26,0.0,0.05,0.02,0.37,2.48,9.39,3.74,9.5,1.57,0.92,1.16
22.25,74.5,Alirajpur Tehsil,Madhya Pradesh,0.18,0.0,0.08,0.01,0.34,2.39,7.78,3.42,7.64,1.79,1.0,1.21
22.25,74.75,Kukshi Tahsil,Madhya Pradesh,0.3,0.0,0.05,0.0,0.21,4.73,4.54,3.68,8.82,3.23,0.51,1.0
22.25,75.0,Manawar Tahsil,Madhya Pradesh,0.35,0.01,0.01,0.0,0.02,5.64,3.3,3.33,7.05,1.47,0.25,0.89
22.25,75.25,Manawar Tahsil,Madhya Pradesh,0.1,0.09,0.04,0.0,0.42,3.72,4.07,2.79,5.2,1.25,0.04,0.67
22.25,75.5,Dharampuri Tahsil,Madhya Pradesh,0.07,0.11,0.04,0.0,0.53,3.7,5.16,2.75,5.82,1.14,0.03,0.63
22.25,75.75,Maheshwar Tahsil,Madhya Pradesh,0.05,0.15,0.01,0.0,0.16,4.82,7.5,4.18,8.43,1.75,0.05,0.3
22.25,76.0,Barwaha Tahsil,Madhya Pradesh,0.02,0.12,0.06,0.0,0.07,4.37,7.48,4.31,8.71,1.86,0.02,0.16
22.25,76.25,Punasa Tahsil,Madhya Pradesh,0.04,0.12,0.2,0.0,0.15,4.52,7.49,5.13,8.85,2.19,0.04,0.06
22.25,76.5,Punasa Tahsil,Madhya Pradesh,0.04,0.04,0.02,0.0,0.22,3.56,7.95,5.94,8.1,2.72,0.09,0.0
22.25,76.75,Harsud Tahsil,Madhya Pradesh,0.09,0.1,0.05,0.0,0.52,3.02,9.16,5.1,9.0,2.99,0.04,0.0
22.25,77.0,Harda Tahsil,Madhya Pradesh,0.06,0.16,0.08,0.0,0.61,5.33,8.98,5.65,9.22,3.3,0.01,0.0
22.25,77.25,Rehatgarh Tahsil,Madhya Pradesh,0.08,0.26,0.18,0.24,0.72,6.8,11.41,5.24,8.29,3.56,0.11,0.01
22.25,77.5,Chicholi Tahsil,Madhya Pradesh,0.07,0.27,0.27,0.32,0.73,8.08,12.62,5.79,8.08,3.54,0.2,0.07
22.25,77.75,Shahpur Tahsil,Madhya Pradesh,0.06,0.27,0.24,0.24,0.84,8.98,13.3,6.87,8.77,3.21,0.22,0.11
22.25,78.0,Ghodadongri Tahsil,Madhya Pradesh,0.03,0.34,0.38,0.05,0.91,11.28,15.34,9.06,10.82,3.42,0.47,0.36
22.25,78.25,Ghodadongri Tahsil,Madhya Pradesh,0.03,0.2,0.37,0.0,0.76,12.23,16.14,10.05,11.61,3.08,0.47,0.4
22.25,78.5,Jamai Tahsil,Madhya Pradesh,0.03,0.19,0.3,0.03,1.26,12.18,13.25,8.55,10.75,2.1,0.34,0.4
22.25,78.75,Parasia Tahsil,Madhya Pradesh,0.03,0.48,0.22,0.12,3.02,10.74,7.61,4.97,9.46,0.95,0.09,0.39
22.25,79.0,Amarwara Tahsil,Madhya Pradesh,0.03,0.5,0.25,0.2,4.49,10.05,6.51,4.14,10.89,0.49,0.1,0.45
22.25,79.25,Amarwara Tahsil,Madhya Pradesh,0.16,0.7,0.22,0.13,4.19,8.76,6.81,3.78,8.94,0.75,0.05,0.48
22.25,79.5,Seoni Tahsil,Madhya Pradesh,0.33,1.11,0.18,0.05,4.37,7.58,7.69,3.87,6.59,1.03,0.0,0.49
22.25,79.75,Seoni Tahsil,Madhya Pradesh,0.36,1.5,0.26,0.0,4.3,7.39,9.97,4.63,6.2,0.75,0.01,0.33
22.25,80.0,Keolari Tahsil,Madhya Pradesh,0.11,1.48,0.64,0.0,2.46,5.59,12.51,4.98,7.44,0.43,0.01,0.41
22.25,80.25,Paraswada Tahsil,Madhya Pradesh,0.14,1.34,0.42,0.01,2.99,7.88,10.49,5.41,9.04,1.07,0.25,1.19
22.25,80.5,Paraswada Tahsil,Madhya Pradesh,0.11,1.5,0.25,0.01,2.03,9.02,9.45,5.1,9.03,1.66,0.29,1.56
22.25,80.75,Baihar Tahsil,Madhya Pradesh,0.15,1.26,0.12,0.04,1.98,9.37,9.19,4.8,9.81,2.02,0.28,1.61
22.25,81.0,Baihar Tahsil,Madhya Pradesh,0.14,0.86,0.08,0.05,2.29,10.61,11.32,4.33,10.46,2.22,0.11,1.79
22.25,81.25,Bodla Tahsil,Chhattisgarh,0.19,0.8,0.19,0.15,2.14,9.63,12.6,5.74,13.63,1.71,0.1,1.45
22.25,81.5,Pandariya Tahsil,Chhattisgarh,0.11,0.59,0.3,0.19,1.38,6.39,13.16,5.25,13.77,0.71,0.11,1.0
22.25,81.75,Takhatpur Tahsil,Chhattisgarh,0.19,0.7,0.31,0.13,1.49,7.77,14.79,7.36,11.17,1.21,0.23,0.93
22.25,82.0,Takhatpur Tahsil,Chhattisgarh,0.22,0.69,0.31,0.09,1.56,9.02,15.28,7.76,10.11,1.29,0.27,0.87
22.25,82.25,Bilaspur Tahsil,Chhattisgarh,0.19,0.57,0.3,0.03,2.24,12.31,13.92,7.74,10.7,1.06,0.44,0.72
22.25,82.5,Baloda Tahsil,Chhattisgarh,0.07,0.76,0.28,0.0,3.06,11.22,13.66,10.24,10.79,1.46,0.73,0.8
22.25,82.75,Korba Tahsil,Chhattisgarh,0.09,0.6,0.33,0.0,2.17,8.66,12.52,7.28,11.16,1.39,0.73,0.75
22.25,83.0,Udaipur (Dharamjaigarh) Tahsil,Chhattisgarh,0.08,0.63,0.35,0.01,2.06,7.63,9.4,5.93,7.7,0.76,0.73,1.9
22.25,83.25,Gharghoda Tahsil,Chhattisgarh,0.08,0.58,0.4,0.06,2.24,7.47,9.16,5.51,7.34,0.78,1.34,1.88
22.25,83.5,Lailunga Tahsil,Chhattisgarh,0.18,0.4,0.44,0.12,4.24,8.44,7.2,4.32,9.23,1.77,0.7,1.16
22.25,83.75,Lailunga Tahsil,Chhattisgarh,0.14,0.33,0.56,0.18,4.46,8.45,7.0,4.26,7.92,2.38,0.67,0.79
22.25,84.0,Kinjirkela,Odisha,0.02,0.32,0.98,0.03,4.45,8.47,10.05,4.15,6.57,3.34,1.05,1.55
22.25,84.25,Baragaon,Odisha,0.06,0.37,0.65,0.28,7.98,7.73,10.13,4.95,8.65,4.02,1.05,1.46
22.25,84.5,Rajagangapur,Odisha,0.07,0.26,0.37,0.33,8.86,7.81,9.67,5.71,8.14,4.26,1.52,1.43
22.25,84.75,Biramitrapur,Odisha,0.06,0.24,0.25,0.47,9.57,7.96,10.38,5.53,9.93,4.18,1.94,1.59
22.25,85.0,Bisra,Odisha,0.06,0.46,0.42,0.69,14.58,7.95,10.72,5.25,13.66,4.32,1.97,1.99
22.25,85.25,Manoharpur,Jharkhand,0.06,0.55,0.49,0.68,14.77,6.45,8.7,4.25,13.01,4.27,1.7,1.99
22.25,85.5,Noamundi,Jharkhand,0.05,0.72,0.33,0.48,12.94,5.88,8.48,3.19,13.51,3.83,1.44,1.83
22.25,85.75,Hat Gamharia,Jharkhand,0.0,0.04,0.05,0.34,9.42,7.49,7.41,3.87,12.11,3.91,0.9,1.29
22.25,86.0,Jamda,Odisha,0.0,0.0,0.12,0.65,8.34,7.67,7.55,4.28,13.54,4.19,0.93,1.46
22.25,86.25,Rairangpur,Odisha,0.0,0.02,0.02,1.49,5.94,8.37,11.28,7.57,18.04,5.45,0.56,2.26
22.25,86.5,Jharpokharia,Odisha,0.0,0.08,0.02,0.77,5.8,9.95,11.73,8.42,22.81,7.34,0.64,2.58
22.25,86.75,Baharagora,Jharkhand,0.01,0.08,0.01,1.39,9.48,12.93,16.26,7.17,29.44,6.95,0.52,3.38
22.25,87.0,Gopiballavpur-II,West Bengal,0.01,0.03,0.01,1.44,8.18,11.81,15.38,7.81,31.63,7.24,0.38,4.11
22.25,87.25,Kharagpur-I,West Bengal,0.01,0.04,0.02,1.69,8.77,10.98,15.29,5.1,30.58,7.11,0.38,3.94
22.25,87.5,Kharagpur-II,West Bengal,0.0,0.01,0.23,0.75,10.94,11.38,15.46,9.71,16.87,7.2,0.89,1.39
22.25,87.75,Moyna,West Bengal,0.0,0.01,0.25,0.89,10.95,11.58,16.04,10.73,15.54,8.06,1.02,1.36
22.25,88.0,Shyampur - I,West Bengal,0.0,0.01,0.28,0.81,10.82,12.08,17.02,9.09,16.81,9.5,1.15,1.82
22.25,88.25,Diamond Harbour - I,West Bengal,0.0,0.0,0.01,0.15,5.69,19.47,25.05,8.84,18.95,9.03,0.16,2.43
22.25,88.5,Unknown,West Bengal,0.0,0.01,0.0,0.24,6.8,18.36,23.98,8.87,18.33,8.37,0.11,2.52
22.25,88.75,Basanti,West Bengal,0.0,0.02,0.0,0.31,7.82,16.18,21.14,9.47,16.4,6.75,0.1,2.59
22.25,89.0,Hingalganj,West Bengal,0.0,0.01,0.0,0.22,7.16,16.48,21.3,9.69,16.21,6.13,0.1,2.52
22.25,92.5,Belaichhari Upazila,Chattogram Division,0.07,0.0,0.26,0.7,5.36,12.69,20.23,13.85,13.87,5.13,0.15,1.61
22.25,92.75,Lawngtlai,Mizoram,0.07,0.0,0.25,0.71,5.35,12.72,20.41,13.73,13.82,5.18,0.15,1.61
22.25,93.0,Tipa,Mizoram,0.07,0.0,0.26,0.7,5.37,12.71,20.28,13.85,13.87,5.14,0.15,1.61
22.5,68.75,Unknown,Unknown,0.0,0.0,0.0,0.0,0.0,0.37,4.0,0.13,17.32,1.49,0.3,0.08
22.5,69.0,Unknown,Unknown,0.0,0.0,0.0,0.0,0.0,0.31,4.07,0.13,18.07,1.48,0.33,0.08
22.5,69.25,Unknown,Unknown,0.0,0.0,0.0,0.0,0.0,0.85,4.51,0.18,17.2,1.84,0.44,0.05
22.5,69.5,Jamnagar,Gujarat,0.0,0.0,0.0,0.0,0.0,2.38,4.52,0.24,17.22,1.78,0.34,0.06
22.5,69.75,Jamnagar,Gujarat,0.0,0.0,0.0,0.01,0.11,2.54,3.99,0.24,18.22,1.19,0.17,0.09
22.5,70.0,Jamnagar Taluka,Gujarat,0.0,0.0,0.0,0.0,0.26,1.15,3.49,0.34,21.63,0.74,0.0,0.06
22.5,70.25,Jamnagar Taluka,Gujarat,0.0,0.0,0.0,0.0,0.57,1.71,5.49,0.21,22.8,0.51,0.02,0.02
22.5,70.5,Dhrol Taluka,Gujarat,0.0,0.0,0.0,0.05,0.6,1.14,3.42,0.1,17.96,0.47,0.01,0.03
22.5,70.75,Tankara Taluka,Gujarat,0.0,0.0,0.0,0.01,1.1,3.0,5.8,0.14,14.08,0.78,0.03,0.01
22.5,71.0,Wankaner Taluka,Gujarat,0.0,0.0,0.0,0.0,1.35,2.84,4.05,0.23,11.29,1.26,0.0,0.02
22.5,71.25,Chotila Taluka,Gujarat,0.0,0.0,0.0,0.0,3.8,4.65,1.67,0.24,12.15,1.36,0.0,0.18
22.5,71.5,Sayla Taluka,Gujarat,0.0,0.0,0.0,0.0,2.38,4.33,2.23,0.28,10.3,0.67,0.0,0.01
22.5,71.75,Chuda Taluka,Gujarat,0.0,0.0,0.0,0.0,1.63,3.25,1.8,0.58,9.15,0.48,0.0,0.12
22.5,72.0,Dhandhuka Taluka,Gujarat,0.0,0.0,0.0,0.0,2.76,4.81,3.89,0.26,11.11,0.38,0.0,0.08
22.5,72.25,Dholka Taluka,Gujarat,0.0,0.0,0.0,0.0,3.52,6.03,3.61,0.67,15.27,0.02,0.01,0.18
22.5,72.5,Tarapur Taluka,Gujarat,0.0,0.0,0.0,0.0,4.27,5.86,5.06,0.3,14.93,0.0,0.0,0.15
22.5,72.75,Petlad Taluka,Gujarat,0.0,0.0,0.0,0.0,2.65,7.04,6.67,0.64,12.28,0.14,0.0,0.28
22.5,73.0,Anand Rural Taluka,Gujarat,0.0,0.0,0.0,0.0,1.91,5.74,3.72,0.83,9.9,0.54,0.03,0.26
22.5,73.25,Savli Taluka,Gujarat,0.0,0.0,0.0,0.0,2.48,4.16,3.99,0.8,9.09,0.49,0.02,0.25
22.5,73.5,Halol Taluka,Gujarat,0.0,0.0,0.0,0.0,1.21,4.64,5.06,1.98,11.89,0.56,0.16,0.54
22.5,73.75,Jetpur Pavi Taluka,Gujarat,0.09,0.0,0.0,0.0,0.86,3.36,11.97,4.18,14.15,0.75,0.8,1.54
22.5,74.0,Chhota Udaipur Taluka,Gujarat,0.15,0.0,0.0,0.01,0.44,1.65,7.91,3.11,11.53,0.7,0.28,0.72
22.5,74.25,Bhavra Tehsil,Madhya Pradesh,0.67,0.0,0.01,0.07,0.48,2.79,11.88,3.7,11.12,2.2,0.43,0.74
22.5,74.5,Jobat Tehsil,Madhya Pradesh,0.12,0.0,0.06,0.0,0.32,2.17,6.97,3.37,7.12,1.49,1.16,1.29
22.5,74.75,Kukshi Tahsil,Madhya Pradesh,0.44,0.64,0.03,0.0,0.2,3.07,6.89,3.58,6.53,1.58,0.75,1.0
22.5,75.0,Gangdhwani Tahsil,Madhya Pradesh,0.51,0.57,0.0,0.0,0.1,4.33,5.41,3.55,6.62,1.46,0.47,0.88
22.5,75.25,Dhar Tahsil,Madhya Pradesh,0.25,0.0,0.0,0.0,0.25,4.54,3.9,3.87,7.55,1.42,0.39,0.9
22.5,75.5,Pithampur Tahsil,Madhya Pradesh,0.17,0.05,0.0,0.0,0.52,4.2,4.8,5.19,9.03,2.14,0.25,0.8
22.5,75.75,Mhow Tahsil,Madhya Pradesh,0.09,0.12,0.0,0.0,0.59,4.26,6.18,5.73,9.87,2.49,0.1,0.6
22.5,76.0,Mhow Tahsil,Madhya Pradesh,0.09,0.21,0.39,0.0,0.3,5.42,6.82,4.97,9.93,2.02,0.02,0.21
22.5,76.25,Udaynagar Tahsil,Madhya Pradesh,0.11,0.22,0.49,0.0,0.25,6.58,6.52,5.35,10.0,2.12,0.0,0.08
22.5,76.5,Satwas Tahsil,Madhya Pradesh,0.09,0.11,0.16,0.0,0.23,8.23,6.99,7.32,9.73,2.45,0.01,0.02
22.5,76.75,Satwas Tahsil,Madhya Pradesh,0.03,0.04,0.03,0.0,0.35,8.75,9.24,9.06,9.84,2.39,0.0,0.0
22.5,77.0,Khategaon Tahsil,Madhya Pradesh,0.02,0.24,0.12,0.0,0.6,8.7,7.74,6.34,9.14,3.67,0.0,0.0
22.5,77.25,Timarni Tahsil,Madhya Pradesh,0.0,0.2,0.11,0.0,0.85,8.75,8.07,6.84,8.92,3.12,0.0,0.08
22.5,77.5,Seoni-Malwa Tahsil,Madhya Pradesh,0.03,0.14,0.11,0.11,0.96,8.76,10.08,6.81,8.66,2.67,0.05,0.09
22.5,77.75,Itarsi Tahsil,Madhya Pradesh,0.03,0.08,0.17,0.08,0.86,10.31,12.58,8.24,9.81,2.6,0.19,0.2
22.5,78.0,Sohagpur Tahsil,Madhya Pradesh,0.03,0.05,0.36,0.01,0.57,12.81,15.19,10.83,11.19,2.58,0.4,0.43
22.5,78.25,Sohagpur Tahsil,Madhya Pradesh,0.03,0.05,0.36,0.0,0.52,13.32,17.1,11.24,12.16,2.96,0.53,0.47
22.5,78.5,Pipariya Tahsil,Madhya Pradesh,0.02,0.07,0.33,0.01,0.77,12.47,13.49,8.93,9.98,1.98,0.35,0.33
22.5,78.75,Tamia Tahsil,Madhya Pradesh,0.01,0.14,0.24,0.05,1.59,9.89,7.69,4.02,8.03,0.28,0.04,0.12
22.5,79.0,Harrai Tahsil,Madhya Pradesh,0.02,0.23,0.24,0.08,2.28,9.46,7.11,3.62,8.59,0.34,0.03,0.23
22.5,79.25,Harrai Tahsil,Madhya Pradesh,0.13,0.42,0.27,0.11,3.23,7.67,5.86,2.75,8.21,1.1,0.01,0.69
22.5,79.5,Chhapara Tahsil,Madhya Pradesh,0.2,0.61,0.26,0.11,3.69,6.86,5.69,2.57,7.6,1.38,0.0,0.82
22.5,79.75,Dhanora Tahsil,Madhya Pradesh,0.29,1.09,0.18,0.04,4.4,8.05,8.23,4.19,6.72,0.73,0.0,0.36
22.5,80.0,Keolari Tahsil,Madhya Pradesh,0.29,1.01,0.35,0.01,5.43,9.9,9.79,5.49,7.65,0.3,0.0,0.39
22.5,80.25,Nainpur Tahsil,Madhya Pradesh,0.16,1.06,0.38,0.03,3.74,8.09,9.53,4.82,7.72,0.73,0.09,0.66
22.5,80.5,Bichhya Tahsil,Madhya Pradesh,0.15,1.39,0.38,0.01,3.06,8.65,10.43,5.03,8.56,1.44,0.17,1.29
22.5,80.75,Bichhya Tahsil,Madhya Pradesh,0.15,1.29,0.15,0.06,2.01,10.13,10.12,5.37,10.66,2.03,0.21,1.71
22.5,81.0,Bichhya Tahsil,Madhya Pradesh,0.24,0.98,0.2,0.19,2.13,9.76,12.23,6.67,14.85,1.86,0.06,1.52
22.5,81.25,Bajag Tahsil,Madhya Pradesh,0.37,1.03,0.27,0.27,2.39,9.12,11.81,8.67,17.55,1.61,0.07,1.24
22.5,81.5,Lormi Tahsil,Chhattisgarh,0.42,1.08,0.3,0.34,2.4,9.17,12.15,10.07,19.31,1.67,0.07,1.17
22.5,81.75,Lormi Tahsil,Chhattisgarh,0.33,0.81,0.26,0.29,2.36,9.4,12.18,9.29,15.43,1.75,0.16,1.24
22.5,82.0,Kota Tahsil,Chhattisgarh,0.24,0.5,0.22,0.28,2.21,9.92,12.7,8.43,12.64,1.75,0.22,1.28
22.5,82.25,Pali Tahsil,Chhattisgarh,0.32,0.47,0.21,0.1,2.54,17.85,16.35,6.9,12.48,1.22,0.17,0.87
22.5,82.5,Poundi-Uproda Tahsil,Chhattisgarh,0.2,0.61,0.24,0.04,2.79,14.77,15.16,8.46,11.62,1.3,0.44,0.82
22.5,82.75,Korba Tahsil,Chhattisgarh,0.16,0.64,0.27,0.03,2.66,12.78,13.71,8.21,11.17,1.37,0.52,0.96
22.5,83.0,Korba Tahsil,Chhattisgarh,0.02,0.5,0.49,0.15,2.05,6.68,9.98,5.66,7.72,1.24,2.45,1.34
22.5,83.25,Udaipur (Dharamjaigarh) Tahsil,Chhattisgarh,0.0,0.38,0.61,0.23,2.04,5.89,9.78,4.96,7.39,1.4,3.38,1.14
22.5,83.5,Lailunga Tahsil,Chhattisgarh,0.05,0.39,0.69,0.3,3.0,7.83,8.45,5.12,7.8,1.58,2.97,0.98
22.5,83.75,Pathalgaon Tahsil,Chhattisgarh,0.12,0.43,0.89,0.48,4.42,11.43,6.38,5.22,8.59,1.62,2.9,0.78
22.5,84.0,Talasara,Odisha,0.06,0.46,1.07,0.54,4.3,12.12,6.45,5.88,9.59,1.55,3.97,0.91
22.5,84.25,Bolba,Jharkhand,0.04,0.38,0.82,0.3,5.2,8.5,7.1,6.51,10.18,2.68,2.6,0.95
22.5,84.5,Thethaitangar,Jharkhand,0.06,0.61,0.86,0.6,5.46,8.68,8.29,6.13,9.09,3.08,1.89,1.03
22.5,84.75,Jaldega,Jharkhand,0.06,0.44,0.61,0.55,6.41,8.15,8.71,5.66,8.04,3.54,1.45,1.07
22.5,85.0,Bano,Jharkhand,0.06,0.06,0.44,0.7,11.36,6.89,9.53,6.52,12.47,6.02,1.74,1.63
22.5,85.25,Goilkera,Jharkhand,0.05,0.11,0.28,0.44,9.52,5.6,9.59,5.79,12.31,6.71,1.53,1.59
22.5,85.5,Tonto,Jharkhand,0.01,0.05,0.32,0.77,10.76,5.48,8.21,4.32,13.37,4.82,0.91,1.6
22.5,85.75,Tonto,Jharkhand,0.02,0.05,0.33,0.5,10.9,6.95,8.43,5.04,12.63,4.27,1.0,1.42
22.5,86.0,Tiring,Odisha,0.03,0.05,0.31,0.62,9.42,9.21,9.16,8.38,9.89,3.72,1.05,1.03
22.5,86.25,Potka,Jharkhand,0.0,0.05,0.28,0.66,7.85,10.4,11.02,10.6,8.77,4.29,0.94,0.88
22.5,86.5,Musabani,Jharkhand,0.02,0.12,0.27,0.91,8.9,13.15,15.38,7.75,19.84,6.25,0.92,2.02
22.5,86.75,Chakulia,Jharkhand,0.02,0.13,0.08,1.26,9.8,14.4,18.55,6.83,25.03,6.93,0.73,2.64
22.5,87.0,Binpur-I,West Bengal,0.02,0.05,0.02,1.83,9.17,10.11,15.26,10.03,29.49,6.96,0.4,3.77
22.5,87.25,Salbani,West Bengal,0.01,0.05,0.02,1.69,8.88,10.64,15.23,7.2,30.18,7.04,0.4,3.87
22.5,87.5,Keshpur,West Bengal,0.01,0.03,0.26,1.08,10.86,10.63,14.0,8.81,14.46,6.34,0.89,1.25
22.5,87.75,Daspur-II,West Bengal,0.0,0.02,0.28,0.8,10.97,10.08,11.81,8.88,13.54,3.9,1.15,0.92
22.5,88.0,Bagnan - I,West Bengal,0.0,0.05,0.03,1.4,12.57,13.21,16.88,7.37,20.09,4.84,0.17,3.07
22.5,88.25,Thakurpukur Maheshtala,West Bengal,0.0,0.03,0.0,0.42,10.92,10.12,9.6,9.01,5.91,5.04,0.22,3.39
22.5,88.5,Bhangar - I,West Bengal,0.0,0.02,0.0,0.27,8.84,14.68,18.92,9.61,14.67,5.12,0.09,2.5
22.5,88.75,Minakhan,West Bengal,0.0,0.02,0.0,0.27,9.19,14.86,19.75,9.55,15.61,5.21,0.09,2.55
22.5,89.0,Kaliganj Upazila (Satkhira),Khulna Division,0.0,0.02,0.0,0.21,8.48,15.26,20.01,10.24,15.45,5.45,0.1,2.54
22.5,92.5,Belaichhari Upazila,Chattogram Division,0.02,0.0,0.34,0.57,5.62,12.73,19.2,15.62,14.72,4.74,0.1,1.54
22.5,92.75,Lawngtlai,Mizoram,0.08,0.0,0.23,0.72,5.35,12.78,20.61,13.66,13.77,5.24,0.15,1.61
22.5,93.0,Saiha,Mizoram,0.07,0.0,0.29,0.7,5.28,12.49,19.5,13.49,13.58,4.99,0.19,1.61
22.75,69.75,Jamnagar,Gujarat,0.0,0.0,0.0,0.03,0.06,2.83,3.18,0.04,11.84,0.75,0.34,0.18
22.75,70.0,Jamnagar,Gujarat,0.0,0.0,0.0,0.0,0.24,1.12,4.48,0.27,18.42,0.56,0.22,0.06
22.75,70.25,Jamnagar,Gujarat,0.0,0.0,0.0,0.0,0.25,0.86,5.64,0.36,22.53,0.7,0.07,0.0
22.75,70.5,Jodiya Taluka,Gujarat,0.0,0.0,0.0,0.0,0.69,1.5,5.86,0.19,18.78,0.71,0.06,0.01
22.75,70.75,Morbi Taluka,Gujarat,0.0,0.0,0.0,0.0,1.25,1.43,6.24,0.22,9.84,1.11,0.17,0.0
22.75,71.0,Wankaner Taluka,Gujarat,0.0,0.0,0.0,0.09,1.92,2.33,5.04,0.18,10.84,1.96,0.05,0.0
22.75,71.25,Muli Taluka,Gujarat,0.0,0.0,0.0,0.13,3.12,2.65,3.26,0.23,12.41,2.52,0.02,0.05
22.75,71.5,Muli Taluka,Gujarat,0.0,0.0,0.0,0.03,1.79,2.65,1.02,0.8,9.2,0.79,0.0,0.11
22.75,71.75,Wadhwan Taluka,Gujarat,0.0,0.0,0.0,0.01,1.56,2.46,1.77,0.36,8.31,0.46,0.0,0.06
22.75,72.0,Limbdi Taluka,Gujarat,0.0,0.0,0.0,0.0,1.62,2.77,1.57,0.78,8.22,0.19,0.04,0.11
22.75,72.25,Bavla Taluka,Gujarat,0.0,0.0,0.0,0.0,2.47,3.7,2.4,1.24,10.55,0.03,0.06,0.12
22.75,72.5,Dholka Taluka,Gujarat,0.0,0.0,0.0,0.0,4.16,6.99,2.52,0.89,12.9,0.06,0.0,0.19
22.75,72.75,Matar Taluka,Gujarat,0.0,0.0,0.0,0.0,6.76,6.5,5.08,0.95,17.38,0.18,0.0,0.41
22.75,73.0,Nadiad Taluka,Gujarat,0.0,0.0,0.0,0.0,1.67,2.08,2.57,1.03,13.9,0.37,0.0,0.37
22.75,73.25,Thasra Taluka,Gujarat,0.0,0.0,0.0,0.0,3.16,2.75,2.93,0.67,7.59,0.12,0.0,0.26
22.75,73.5,Godhra Taluka,Gujarat,0.0,0.03,0.0,0.0,1.69,3.52,6.96,1.2,13.52,0.27,0.06,0.65
22.75,73.75,Ghoghamba Taluka,Gujarat,0.0,0.0,0.0,0.0,0.86,2.63,4.63,2.44,8.31,0.12,0.11,0.36
22.75,74.0,Limkheda Taluka,Gujarat,0.0,0.0,0.0,0.0,0.41,1.17,4.57,2.57,8.69,0.41,0.03,0.25
22.75,74.25,Dahod Taluka,Gujarat,0.09,0.0,0.0,0.01,0.45,1.46,5.79,4.02,8.87,1.3,0.1,0.53
22.75,74.5,Jhabua Tahsil,Madhya Pradesh,0.18,0.0,0.0,0.0,0.31,3.66,5.95,6.76,7.52,1.22,0.22,0.58
22.75,74.75,Rama Tahsil,Madhya Pradesh,0.56,0.87,0.0,0.0,0.18,3.6,7.16,5.09,6.27,1.6,0.41,0.75
22.75,75.0,Sardarpur Tahsil,Madhya Pradesh,0.57,0.84,0.0,0.0,0.17,4.05,7.51,4.59,7.07,2.17,0.41,0.72
22.75,75.25,Dhar Tahsil,Madhya Pradesh,0.32,0.06,0.0,0.0,0.19,5.19,5.89,4.58,7.75,1.84,0.44,0.81
22.75,75.5,Depalpur Tahsil,Madhya Pradesh,0.3,0.02,0.0,0.0,0.44,4.62,5.19,5.27,8.91,3.03,0.21,0.75
22.75,75.75,Hatod Tahsil,Madhya Pradesh,0.29,0.04,0.0,0.0,0.59,4.51,5.97,6.03,9.7,3.77,0.07,0.64
22.75,76.0,Kanadiya Tahsil,Madhya Pradesh,0.12,0.13,0.33,0.0,0.29,6.04,6.61,7.46,9.34,2.55,0.0,0.15
22.75,76.25,Bagli Tahsil,Madhya Pradesh,0.11,0.22,0.55,0.0,0.28,6.81,6.48,5.68,9.95,2.21,0.0,0.09
22.75,76.5,Bagli Tahsil,Madhya Pradesh,0.09,0.08,0.12,0.0,0.46,8.64,6.61,6.92,9.21,2.97,0.0,0.0
22.75,76.75,Kannod Tahsil,Madhya Pradesh,0.04,0.03,0.14,0.0,0.36,8.92,8.38,8.57,9.45,2.74,0.0,0.0
22.75,77.0,Khategaon Tahsil,Madhya Pradesh,0.0,0.26,0.2,0.0,0.74,8.35,7.2,6.56,8.6,3.63,0.0,0.08
22.75,77.25,Nasrullaganj Tahsil,Madhya Pradesh,0.0,0.22,0.16,0.0,0.88,8.43,7.7,6.38,8.71,3.37,0.0,0.09
22.75,77.5,Rehti Tahsil,Madhya Pradesh,0.0,0.0,0.03,0.0,1.16,9.61,9.9,7.7,9.28,1.81,0.0,0.13
22.75,77.75,Narmadapuram Tahsil,Madhya Pradesh,0.0,0.04,0.1,0.0,1.01,10.09,10.38,8.0,9.5,2.17,0.06,0.17
22.75,78.0,Babai Tahsil,Madhya Pradesh,0.02,0.04,0.36,0.0,0.67,12.13,12.51,10.74,9.92,1.92,0.23,0.39
22.75,78.25,Sohagpur Tahsil,Madhya Pradesh,0.02,0.05,0.42,0.0,0.5,12.96,13.16,10.72,9.49,1.91,0.31,0.4
22.75,78.5,Bankhedi Tahsil,Madhya Pradesh,0.01,0.03,0.4,0.0,0.45,12.73,8.7,8.07,5.96,0.71,0.09,0.2
22.75,78.75,Gadarwara Tahsil,Madhya Pradesh,0.0,0.07,0.24,0.01,0.72,9.71,6.5,4.36,6.09,0.22,0.0,0.11
22.75,79.0,Gadarwara Tahsil,Madhya Pradesh,0.02,0.12,0.26,0.03,1.31,9.77,7.02,3.91,6.77,0.34,0.01,0.16
22.75,79.25,Harrai Tahsil,Madhya Pradesh,0.11,0.38,0.26,0.11,2.93,7.32,5.71,2.51,7.96,1.11,0.01,0.68
22.75,79.5,Narsimhapur Tahsil,Madhya Pradesh,0.17,0.56,0.26,0.11,3.58,6.86,5.64,2.51,7.69,1.32,0.0,0.8
22.75,79.75,Lakhnadon Tahsil,Madhya Pradesh,0.12,0.7,0.19,0.08,3.25,7.09,6.66,2.98,7.34,0.77,0.0,0.43
22.75,80.0,Ghansaur Tahsil,Madhya Pradesh,0.19,0.93,0.26,0.05,3.93,7.85,8.17,3.95,7.32,0.65,0.0,0.42
22.75,80.25,Ghansaur Tahsil,Madhya Pradesh,0.21,1.03,0.33,0.03,4.17,8.11,9.2,4.4,7.24,0.65,0.02,0.45
22.75,80.5,Gughari Tahsil,Madhya Pradesh,0.16,1.19,0.33,0.03,3.47,8.52,9.09,4.91,7.86,0.85,0.14,0.79
22.75,80.75,Gughari Tahsil,Madhya Pradesh,0.28,1.23,0.22,0.18,2.56,10.32,11.32,7.44,14.52,1.89,0.1,1.46
22.75,81.0,Dindori Tahsil,Madhya Pradesh,0.39,1.09,0.25,0.27,2.56,9.77,11.65,8.96,17.53,1.82,0.07,1.33
22.75,81.25,Dindori Tahsil,Madhya Pradesh,0.38,1.13,0.26,0.29,2.63,8.78,11.67,10.02,17.7,1.55,0.06,1.13
22.75,81.5,Bajag Tahsil,Madhya Pradesh,0.47,1.21,0.33,0.4,2.31,9.15,12.76,11.04,21.78,1.71,0.02,1.13
22.75,81.75,Pushparajgarh Tehsil,Madhya Pradesh,0.44,1.06,0.23,0.21,3.14,9.95,9.64,9.11,14.89,1.77,0.17,1.28
22.75,82.0,Pendra Tahsil,Chhattisgarh,0.31,0.65,0.21,0.2,2.64,11.43,12.07,8.35,12.74,1.59,0.18,1.16
22.75,82.25,Poundi-Uproda Tahsil,Chhattisgarh,0.23,0.55,0.22,0.11,2.7,14.35,14.57,8.17,11.94,1.41,0.29,0.95
22.75,82.5,Poundi-Uproda Tahsil,Chhattisgarh,0.2,0.62,0.23,0.04,3.0,14.65,14.44,8.61,11.42,1.27,0.35,0.81
22.75,82.75,Poundi-Uproda Tahsil,Chhattisgarh,0.18,0.61,0.26,0.1,3.5,11.47,13.1,8.21,7.92,1.24,0.66,0.83
22.75,83.0,Udaypur Tahsil,Chhattisgarh,0.07,0.53,0.4,0.15,2.88,7.3,10.33,6.37,6.31,1.11,1.82,1.16
22.75,83.25,Udaipur (Dharamjaigarh) Tahsil,Chhattisgarh,0.04,0.44,0.52,0.2,2.52,6.61,10.02,5.57,6.72,1.32,2.62,1.11
22.75,83.5,Sitapur Tahsil,Chhattisgarh,0.05,0.4,0.58,0.3,3.53,8.52,8.62,5.62,7.94,1.6,3.0,0.91
22.75,83.75,Bagicha Tahsil,Chhattisgarh,0.04,0.44,0.44,0.34,5.09,11.63,7.78,6.67,8.71,1.81,2.39,0.62
22.75,84.0,Kunkuri Tahsil,Chhattisgarh,0.03,0.41,0.43,0.27,4.58,10.94,9.36,6.25,9.08,1.57,2.81,0.6
22.75,84.25,Simdega,Jharkhand,0.05,0.37,0.65,0.26,3.82,8.16,8.53,5.77,9.68,2.12,2.47,0.71
22.75,84.5,Pakar Tanr,Jharkhand,0.07,0.73,0.92,0.79,3.09,8.95,8.26,5.73,8.98,2.42,1.56,0.59
22.75,84.75,Kolebira,Jharkhand,0.07,0.46,0.74,0.57,4.58,8.33,7.35,5.56,9.78,2.35,1.76,0.63
22.75,85.0,Bano,Jharkhand,0.08,0.08,0.46,0.44,9.33,8.06,12.26,8.22,12.72,5.22,2.08,1.12
22.75,85.25,Gudri,Jharkhand,0.08,0.01,0.29,0.33,8.27,6.35,10.52,7.37,12.05,7.13,1.84,1.32
22.75,85.5,Bandgaon,Jharkhand,0.04,0.03,0.31,0.46,9.23,5.45,9.51,5.86,11.72,6.33,1.37,1.42
22.75,85.75,Kuchai,Jharkhand,0.09,0.13,0.85,0.52,13.63,7.68,11.93,7.96,9.06,3.57,1.19,1.3
22.75,86.0,Adityapur(Gamharia),Jharkhand,0.09,0.13,0.83,0.8,14.01,9.07,13.01,10.3,10.17,4.14,1.41,1.58
22.75,86.25,Golmuri-Cum-Jugsalai,Jharkhand,0.01,0.05,0.28,0.5,8.12,9.96,11.31,9.34,7.94,4.46,0.79,0.69
22.75,86.5,Bundwan,West Bengal,0.03,0.13,0.75,0.67,9.47,11.91,12.14,7.08,11.15,3.44,1.28,1.15
22.75,86.75,Ranibundh,West Bengal,0.03,0.15,0.94,0.86,11.55,14.04,13.23,8.78,12.21,3.34,1.66,1.1
22.75,87.0,Sarenga,West Bengal,0.02,0.1,0.45,1.4,10.48,11.83,13.83,8.76,21.64,5.13,0.96,2.49
22.75,87.25,Garbeta-III,West Bengal,0.01,0.05,0.02,1.69,8.92,10.66,15.09,7.05,20.72,7.0,0.49,3.86
22.75,87.5,Chandrakona-II,West Bengal,0.0,0.05,0.22,0.64,9.16,10.06,12.72,10.01,10.55,4.53,1.05,2.57
22.75,87.75,Khanakul - I,West Bengal,0.0,0.03,0.0,0.47,11.66,11.01,12.69,8.72,15.11,4.56,0.59,2.85
22.75,88.0,Jangipara,West Bengal,0.0,0.02,0.0,0.16,13.51,11.74,15.21,5.46,17.91,6.95,0.98,4.22
22.75,88.25,Chanditala - II,West Bengal,0.0,0.04,0.0,0.14,13.25,10.8,16.11,12.09,14.92,5.92,0.5,4.32
22.75,88.5,Barasat - I,West Bengal,0.0,0.03,0.0,0.22,12.36,10.78,14.1,9.65,12.21,4.45,0.1,2.5
22.75,88.75,Baduria,West Bengal,0.0,0.02,0.0,0.22,10.44,13.82,18.11,10.64,13.97,4.95,0.1,2.64
22.75,89.0,Satkhira Sadar Upazila,Khulna Division,0.0,0.02,0.0,0.21,9.85,13.99,18.03,11.22,13.79,5.18,0.1,2.64
22.75,92.5,Lungsen,Mizoram,0.06,0.0,0.49,0.74,4.74,11.08,15.44,11.13,12.17,4.21,0.32,1.72
22.75,92.75,Lunglei,Mizoram,0.06,0.0,0.37,0.7,5.16,12.12,18.1,12.98,13.13,4.72,0.27,1.62
22.75,93.0,Sangau,Mizoram,0.06,0.0,0.37,0.7,5.12,12.09,17.91,12.75,12.91,4.72,0.31,1.62
23.0,68.75,Unknown,Unknown,0.0,0.0,0.0,0.0,0.0,0.4,2.3,0.03,9.09,1.13,0.14,0.07
23.0,69.0,Abdasa Taluka,Gujarat,0.0,0.0,0.0,0.0,0.0,0.8,2.54,0.05,10.14,1.25,0.24,0.04
23.0,69.25,Mandvi Taluka,Gujarat,0.0,0.0,0.0,0.0,0.0,0.95,2.85,0.11,10.5,1.36,0.57,0.03
23.0,69.5,Mandvi Taluka,Gujarat,0.0,0.0,0.0,0.02,0.02,1.73,3.03,0.07,9.6,0.97,0.63,0.09
23.0,69.75,Mundra Taluka,Gujarat,0.0,0.0,0.0,0.07,0.09,3.03,3.01,0.0,10.05,0.66,0.56,0.15
23.0,70.0,Anjar Taluka,Gujarat,0.0,0.0,0.0,0.18,0.32,3.08,2.71,0.04,14.13,0.79,0.71,0.02
23.0,70.25,Unknown,Gujarat,0.0,0.0,0.0,0.05,0.3,1.78,3.88,0.1,13.06,0.38,0.57,0.04
23.0,70.5,Unknown,Gujarat,0.0,0.0,0.0,0.01,0.46,2.22,2.78,0.38,6.23,0.29,0.6,0.01
23.0,70.75,Maliya Taluka,Gujarat,0.0,0.0,0.0,0.06,0.94,1.91,4.45,0.3,8.71,0.69,0.36,0.0
23.0,71.0,Halvad Taluka,Gujarat,0.0,0.0,0.0,0.61,2.18,1.99,2.92,0.3,11.95,1.39,0.11,0.0
23.0,71.25,Halvad Taluka,Gujarat,0.0,0.0,0.0,0.36,2.17,1.74,2.65,0.25,11.76,1.7,0.05,0.0
23.0,71.5,Dhrangadhra Taluka,Gujarat,0.0,0.0,0.0,0.0,0.89,1.68,1.48,0.26,8.77,0.33,0.0,0.0
23.0,71.75,Dasada Taluka,Gujarat,0.0,0.0,0.0,0.0,1.1,2.36,1.92,0.13,7.24,0.3,0.0,0.01
23.0,72.0,Lakhtar Taluka,Gujarat,0.0,0.0,0.0,0.0,1.38,2.46,2.13,0.26,8.02,0.04,0.0,0.05
23.0,72.25,Sanand Taluka,Gujarat,0.0,0.0,0.0,0.0,2.81,6.13,4.22,0.73,9.19,0.01,0.01,0.02
23.0,72.5,Vejalpur Taluka,Gujarat,0.0,0.0,0.0,0.0,3.61,4.54,4.48,1.47,8.66,0.26,0.03,0.19
23.0,72.75,Daskroi Taluka,Gujarat,0.03,0.0,0.0,0.0,2.71,5.29,5.23,3.46,13.48,0.26,0.53,0.9
23.0,73.0,Kapadvanj Taluka,Gujarat,0.01,0.0,0.0,0.0,3.73,3.0,2.86,1.12,8.76,0.0,0.0,0.24
23.0,73.25,Kapadvanj Taluka,Gujarat,0.0,0.0,0.0,0.0,3.78,4.0,3.52,1.26,9.58,0.27,0.0,0.32
23.0,73.5,Lunavada Taluka,Gujarat,0.0,0.0,0.0,0.0,2.06,3.59,4.2,0.89,7.74,0.35,0.0,0.21
23.0,73.75,Shehera Taluka,Gujarat,0.0,0.0,0.0,0.0,1.7,3.79,4.19,3.6,11.1,0.28,0.09,0.32
23.0,74.0,Singvad Taluka,Gujarat,0.0,0.0,0.0,0.0,0.57,1.08,3.93,3.28,8.73,1.2,0.01,0.43
23.0,74.25,Jhalod Taluka,Gujarat,0.12,0.0,0.0,0.0,0.56,2.74,5.95,5.08,8.69,1.29,0.07,0.62
23.0,74.5,Meghnagar Tahsil,Madhya Pradesh,0.35,0.0,0.0,0.0,0.31,5.29,6.52,5.56,8.22,1.23,0.15,0.53
23.0,74.75,Petlawad Tahsil,Madhya Pradesh,0.08,0.04,0.0,0.0,0.33,3.85,6.71,11.16,5.41,1.36,0.03,0.56
23.0,75.0,Petlawad Tahsil,Madhya Pradesh,0.18,0.03,0.0,0.0,0.23,5.48,7.84,7.77,9.45,4.02,0.19,0.51
23.0,75.25,Badnawar Tahsil,Madhya Pradesh,0.32,0.0,0.0,0.0,0.43,5.84,10.32,6.19,8.7,2.26,0.33,0.52
23.0,75.5,Depalpur Tahsil,Madhya Pradesh,0.48,0.0,0.0,0.0,0.37,5.54,7.22,5.68,8.96,4.74,0.05,0.55
23.0,75.75,Sanwer Tahsil,Madhya Pradesh,0.47,0.0,0.0,0.0,0.38,5.29,6.96,6.21,8.79,4.71,0.0,0.48
23.0,76.0,Dewas Tahsil,Madhya Pradesh,0.22,0.0,0.03,0.0,0.19,4.23,6.85,10.48,8.35,2.88,0.0,0.14
23.0,76.25,Sonkatch Tahsil,Madhya Pradesh,0.02,0.0,0.02,0.0,0.25,9.06,7.15,8.02,7.73,3.12,0.0,0.12
23.0,76.5,Jawar Tahsil,Madhya Pradesh,0.0,0.0,0.34,0.0,1.67,7.27,7.93,5.09,6.85,4.68,0.0,0.0
23.0,76.75,Ashta Tahsil,Madhya Pradesh,0.0,0.01,0.81,0.0,0.8,7.28,7.84,6.96,7.2,4.41,0.0,0.06
23.0,77.0,Ichhawar Tahsil,Madhya Pradesh,0.02,0.06,0.44,0.0,1.01,6.46,6.01,10.07,7.27,1.59,0.0,0.46
23.0,77.25,Ichhawar Tahsil,Madhya Pradesh,0.08,0.06,0.48,0.03,1.33,7.52,6.3,9.35,7.51,1.22,0.0,0.41
23.0,77.5,Goharganj Tahsil,Madhya Pradesh,0.04,0.03,0.25,0.02,1.23,9.1,8.73,7.89,8.68,1.81,0.0,0.19
23.0,77.75,Goharganj Tahsil,Madhya Pradesh,0.05,0.02,0.35,0.02,1.19,9.77,8.97,8.39,8.46,1.63,0.0,0.19
23.0,78.0,Goharganj Tahsil,Madhya Pradesh,0.01,0.11,0.46,0.0,0.78,10.61,9.06,11.58,7.48,0.9,0.03,0.36
23.0,78.25,Baraily Tahsil,Madhya Pradesh,0.0,0.05,0.62,0.0,0.42,12.6,8.14,11.94,7.32,0.53,0.0,0.51
23.0,78.5,Saikheda Tahsil,Madhya Pradesh,0.0,0.06,0.37,0.0,0.48,10.99,6.52,7.19,5.69,0.34,0.0,0.26
23.0,78.75,Saikheda Tahsil,Madhya Pradesh,0.0,0.19,0.22,0.0,0.86,7.92,5.56,4.3,6.68,0.38,0.0,0.36
23.0,79.0,Gadarwara Tahsil,Madhya Pradesh,0.01,0.38,0.3,0.0,1.62,8.58,6.66,5.19,6.82,0.46,0.0,0.54
23.0,79.25,Narsimhapur Tahsil,Madhya Pradesh,0.06,0.32,0.38,0.13,2.61,6.3,7.12,3.72,8.64,1.18,0.0,0.95
23.0,79.5,Gotegaon Tahsil,Madhya Pradesh,0.04,0.3,0.3,0.15,2.4,5.01,6.79,2.72,9.11,1.23,0.0,0.87
23.0,79.75,Shahpura Tahsil,Madhya Pradesh,0.06,0.37,0.3,0.14,2.72,5.46,7.0,2.95,8.95,1.07,0.0,0.8
23.0,80.0,Narayanganj Tahsil,Madhya Pradesh,0.14,0.63,0.29,0.09,3.61,6.91,8.01,3.8,8.33,0.78,0.0,0.61
23.0,80.25,Niwas Tahsil,Madhya Pradesh,0.18,0.74,0.28,0.07,4.06,7.73,8.27,4.1,7.99,0.67,0.0,0.52
23.0,80.5,Niwas Tahsil,Madhya Pradesh,0.16,0.95,0.31,0.04,3.82,8.38,8.58,4.38,7.61,0.67,0.05,0.55
23.0,80.75,Shahpura Tahsil,Madhya Pradesh,0.43,1.13,0.29,0.26,3.2,10.06,11.47,9.28,17.15,1.59,0.05,1.15
23.0,81.0,Dindori Tahsil,Madhya Pradesh,0.36,1.09,0.23,0.26,2.78,8.84,11.27,10.22,16.47,1.52,0.05,1.08
23.0,81.25,Pushparajgarh Tehsil,Madhya Pradesh,0.36,1.1,0.23,0.26,2.8,8.65,11.12,10.21,16.29,1.53,0.05,1.1
23.0,81.5,Pushparajgarh Tehsil,Madhya Pradesh,0.37,1.1,0.23,0.26,2.8,8.71,11.07,10.19,16.35,1.55,0.06,1.1
23.0,81.75,Jaithari Tehsil,Madhya Pradesh,0.15,0.88,0.09,0.11,3.14,7.19,9.81,9.75,9.64,1.16,0.05,0.93
23.0,82.0,Marwahi Tahsil,Chhattisgarh,0.11,0.69,0.08,0.07,3.12,6.85,8.97,9.98,8.75,1.06,0.05,0.8
23.0,82.25,Khadganva Tahsil,Chhattisgarh,0.09,0.53,0.11,0.03,3.06,9.24,9.83,9.36,8.73,0.98,0.08,0.64
23.0,82.5,Khadganva Tahsil,Chhattisgarh,0.11,0.67,0.2,0.03,3.84,9.59,10.04,8.91,8.37,0.89,0.14,0.67
23.0,82.75,Premnagar Tahsil,Chhattisgarh,0.16,0.65,0.22,0.07,4.27,9.26,10.87,8.61,6.43,0.89,0.18,0.69
23.0,83.0,Lakhanpur Tahsil,Chhattisgarh,0.18,0.61,0.23,0.12,4.25,8.81,11.35,8.04,4.8,1.02,0.45,0.75
23.0,83.25,Ambikapur Tahsil,Chhattisgarh,0.11,0.53,0.29,0.16,3.99,8.54,10.56,7.28,6.01,1.29,1.29,0.8
23.0,83.5,Batouli Tahsil,Chhattisgarh,0.06,0.48,0.3,0.24,4.5,9.9,9.41,7.09,7.27,1.59,1.88,0.74
23.0,83.75,Bagicha Tahsil,Chhattisgarh,0.02,0.42,0.22,0.23,5.24,11.09,8.87,7.01,8.9,1.89,2.1,0.56
23.0,84.0,Manora Tahsil,Chhattisgarh,0.04,0.35,0.19,0.13,4.47,9.7,10.33,5.87,8.8,1.66,2.09,0.47
23.0,84.25,Albert Ekka(Jari),Jharkhand,0.07,0.31,0.36,0.13,2.69,7.48,10.76,4.53,8.91,1.54,2.19,0.46
23.0,84.5,Raidih,Jharkhand,0.07,0.35,0.51,0.34,3.22,7.85,7.78,4.2,8.98,1.86,1.32,0.41
23.0,84.75,Basia,Jharkhand,0.04,0.42,0.66,0.55,5.0,8.22,10.13,5.58,8.95,2.34,1.49,0.56
23.0,85.0,Karra,Jharkhand,0.07,0.08,0.45,0.4,7.54,8.16,11.47,7.1,9.85,2.86,1.6,0.65
23.0,85.25,Murhu,Jharkhand,0.17,0.05,0.58,0.58,9.1,10.17,10.73,9.5,14.71,2.99,2.18,0.75
23.0,85.5,Erki(Tamar II),Jharkhand,0.09,0.08,0.63,0.44,9.96,7.23,9.54,6.96,9.97,2.96,1.38,0.75
23.0,85.75,Tamar I,Jharkhand,0.05,0.11,0.75,0.38,11.35,6.14,9.41,6.0,7.5,2.45,0.9,0.81
23.0,86.0,Chandil,Jharkhand,0.01,0.12,0.45,0.31,11.37,7.89,10.41,6.64,13.37,3.88,1.17,1.12
23.0,86.25,Barabazar,West Bengal,0.01,0.22,0.47,0.17,8.44,5.93,9.87,6.28,12.41,3.28,0.74,1.23
23.0,86.5,Barabazar,West Bengal,0.04,0.15,0.5,0.41,6.54,7.67,10.6,5.13,12.49,3.57,0.53,1.7
23.0,86.75,Ranibundh,West Bengal,0.02,0.11,0.78,1.58,7.4,16.65,13.06,6.36,17.53,5.05,1.01,1.34
23.0,87.0,Taldangra,West Bengal,0.01,0.1,0.8,1.49,7.98,17.07,12.99,5.0,14.9,4.44,1.52,0.99
23.0,87.25,Taldangra,West Bengal,0.0,0.05,0.35,1.02,5.54,12.34,13.04,5.22,9.72,4.22,1.12,2.49
23.0,87.5,Jaypur,West Bengal,0.0,0.06,0.17,0.68,6.13,10.75,13.08,8.56,9.84,4.21,0.83,3.32
23.0,87.75,Raina - II,West Bengal,0.0,0.04,0.09,0.48,8.38,10.61,11.67,11.39,9.89,4.88,0.75,4.49
23.0,88.0,Jamalpur,West Bengal,0.0,0.01,0.0,0.21,8.9,10.66,8.87,9.91,10.25,5.25,0.62,4.49
23.0,88.25,Polba - Dadpur,West Bengal,0.0,0.02,0.0,0.4,10.64,11.17,10.68,8.69,10.63,5.36,0.51,4.46
23.0,88.5,Kalyani,West Bengal,0.0,0.02,0.07,0.3,9.07,9.27,10.47,13.13,11.95,4.56,0.29,3.12
23.0,88.75,Bongaon,West Bengal,0.0,0.02,0.07,0.3,9.37,9.28,11.46,11.77,11.2,4.49,0.24,2.81
23.0,91.5,Chhagalnaiya Upazila,Chattogram Division,0.0,0.0,0.03,0.94,3.25,17.4,18.1,20.73,7.72,5.79,0.69,2.66
23.0,92.5,Lungsen,Mizoram,0.07,0.0,0.76,0.76,4.15,10.08,10.11,8.28,9.19,3.45,0.84,1.66
23.0,92.75,Lunglei,Mizoram,0.07,0.0,0.67,0.72,4.47,10.97,11.89,9.61,9.59,3.85,0.9,1.55
23.0,93.0,Hnahthial,Mizoram,0.07,0.0,0.58,0.72,4.67,11.34,13.84,10.57,10.55,4.15,0.77,1.56
23.25,68.5,Unknown,Unknown,0.0,0.0,0.0,0.0,0.0,0.42,1.94,0.02,7.68,1.29,0.06,0.06
23.25,68.75,Abdasa Taluka,Gujarat,0.0,0.0,0.0,0.0,0.0,0.17,2.05,0.02,7.65,1.08,0.06,0.08
23.25,69.0,Abdasa Taluka,Gujarat,0.0,0.0,0.0,0.0,0.0,0.77,2.32,0.03,8.86,1.2,0.11,0.05
23.25,69.25,Nakhatrana Taluka,Gujarat,0.0,0.0,0.0,0.0,0.0,2.26,2.81,0.01,11.09,1.35,0.1,0.01
23.25,69.5,Bhuj Taluka,Gujarat,0.0,0.0,0.0,0.07,0.09,2.23,2.92,0.02,8.52,0.74,0.77,0.03
23.25,69.75,Bhuj Taluka,Gujarat,0.0,0.0,0.0,0.14,0.18,2.11,2.89,0.02,5.95,0.22,1.36,0.02
23.25,70.0,Bhuj Taluka,Gujarat,0.0,0.0,0.0,0.24,0.3,3.4,2.21,0.0,12.85,0.88,0.86,0.01
23.25,70.25,Bhachau Taluka,Gujarat,0.0,0.0,0.0,0.23,0.32,0.85,3.31,0.0,9.39,0.52,0.19,0.12
23.25,70.5,Bhachau Taluka,Gujarat,0.0,0.0,0.0,0.04,0.5,1.98,2.23,0.29,7.08,0.24,0.54,0.04
23.25,70.75,Unknown,Gujarat,0.0,0.0,0.0,0.15,0.99,2.02,2.07,0.29,8.53,0.34,0.46,0.03
23.25,71.0,Unknown,Gujarat,0.0,0.0,0.0,0.68,1.94,2.19,1.73,0.33,11.73,0.91,0.13,0.0
23.25,71.25,Unknown,Gujarat,0.0,0.0,0.0,0.61,1.94,2.11,1.85,0.31,11.56,1.09,0.08,0.0
23.25,71.5,Unknown,Gujarat,0.0,0.0,0.0,0.07,0.58,1.98,1.3,0.29,7.43,0.32,0.0,0.0
23.25,71.75,Dasada Taluka,Gujarat,0.0,0.0,0.0,0.0,0.72,2.1,1.28,0.28,8.2,0.07,0.01,0.02
23.25,72.0,Mandal Taluka,Gujarat,0.0,0.0,0.0,0.0,0.78,2.49,2.57,0.25,7.29,0.15,0.03,0.04
23.25,72.25,Kadi Taluka,Gujarat,0.0,0.0,0.0,0.0,1.2,6.08,4.24,0.58,11.31,0.08,0.45,0.12
23.25,72.5,Kalol Taluka,Gujarat,0.0,0.0,0.0,0.0,2.42,2.43,3.56,0.95,10.38,0.22,0.08,0.18
23.25,72.75,Gandhinagar Taluka,Gujarat,0.0,0.0,0.0,0.0,3.41,1.5,3.7,1.49,10.71,0.36,0.37,0.27
23.25,73.0,Bayad Taluka,Gujarat,0.01,0.0,0.0,0.0,3.37,1.84,4.77,1.4,11.3,0.05,0.02,0.13
23.25,73.25,Bayad Taluka,Gujarat,0.05,0.0,0.0,0.0,3.38,2.43,4.6,1.22,10.62,0.0,0.02,0.18
23.25,73.5,Virpur Taluka,Gujarat,0.02,0.0,0.0,0.0,2.87,4.3,4.9,1.03,11.19,0.24,0.0,0.22
23.25,73.75,Kadana Taluka,Gujarat,0.0,0.0,0.0,0.0,1.64,2.54,6.47,2.53,14.07,0.31,0.05,0.2
23.25,74.0,Fatehpura Taluka,Gujarat,0.0,0.0,0.0,0.0,1.59,4.41,5.06,2.0,11.26,0.67,0.0,0.16
23.25,74.25,Sajjangarh Tehsil,Rajasthan,0.04,0.0,0.0,0.0,0.73,2.12,5.24,3.58,12.06,0.67,0.01,0.5
23.25,74.5,Kushalgarh Tehsil,Rajasthan,0.11,0.0,0.0,0.0,0.66,3.6,7.52,5.3,10.09,1.02,0.04,0.45
23.25,74.75,Rawti Tahsil,Madhya Pradesh,0.03,0.0,0.0,0.0,1.06,4.22,11.75,7.76,9.4,1.37,0.03,0.41
23.25,75.0,Ratlam Nagar Tahsil,Madhya Pradesh,0.13,0.0,0.0,0.0,1.36,4.7,11.2,7.45,11.57,2.72,0.43,0.48
23.25,75.25,Ratlam Tahsil,Madhya Pradesh,0.23,0.0,0.0,0.0,1.12,5.24,10.41,7.43,10.16,2.86,0.55,0.5
23.25,75.5,Badnagar Tahsil,Madhya Pradesh,0.23,0.0,0.0,0.0,1.31,4.52,12.55,8.02,6.81,3.69,0.3,0.41
23.25,75.75,Ghatiya Tahsil,Madhya Pradesh,0.25,0.0,0.02,0.0,0.65,3.77,7.79,8.27,7.3,2.6,0.02,0.23
23.25,76.0,Tarana Tahsil,Madhya Pradesh,0.19,0.0,0.04,0.0,0.55,3.87,7.45,8.84,7.39,2.14,0.0,0.15
23.25,76.25,Shajapur Tahsil,Madhya Pradesh,0.12,0.0,0.09,0.0,0.52,6.21,9.24,9.51,8.95,2.94,0.0,0.09
23.25,76.5,Polayakala Tahsil,Madhya Pradesh,0.23,0.0,0.14,0.0,1.37,6.84,11.11,6.78,10.94,3.0,0.0,0.0
23.25,76.75,Kalapipal Tahsil,Madhya Pradesh,0.18,0.0,0.36,0.0,1.15,7.12,9.51,6.66,9.85,3.34,0.0,0.04
23.25,77.0,Sehore Tahsil,Madhya Pradesh,0.08,0.03,0.75,0.03,1.07,7.43,6.68,9.21,7.27,2.08,0.0,0.33
23.25,77.25,Huzur Tahsil,Madhya Pradesh,0.21,0.0,1.15,0.09,1.63,9.47,6.67,7.6,7.14,1.87,0.0,0.21
23.25,77.5,Huzur Tahsil,Madhya Pradesh,0.13,0.02,0.7,0.05,1.47,8.64,7.01,8.57,7.43,1.54,0.0,0.29
23.25,77.75,Raisen Tahsil,Madhya Pradesh,0.08,0.04,0.61,0.03,1.57,8.8,8.76,8.74,7.7,1.6,0.0,0.18
23.25,78.0,Sultanpur Tahsil,Madhya Pradesh,0.02,0.12,0.63,0.0,1.24,9.55,8.96,12.05,6.61,0.82,0.0,0.35
23.25,78.25,Silwani Tahsil,Madhya Pradesh,0.03,0.25,0.45,0.0,1.18,7.44,8.06,12.04,5.82,0.56,0.0,0.21
23.25,78.5,Silwani Tahsil,Madhya Pradesh,0.01,0.18,0.3,0.0,0.74,6.58,6.13,7.33,8.19,0.54,0.0,0.47
23.25,78.75,Silwani Tahsil,Madhya Pradesh,0.01,0.36,0.17,0.0,1.36,4.61,5.1,3.23,9.22,0.57,0.0,0.69
23.25,79.0,Deori Tahsil,Madhya Pradesh,0.02,0.57,0.4,0.01,2.43,8.03,7.4,5.18,7.76,0.62,0.0,0.73
23.25,79.25,Tendukheda Tahsil,Madhya Pradesh,0.0,0.23,0.38,0.12,1.9,5.69,8.18,3.65,9.19,1.25,0.01,0.87
23.25,79.5,Shahpura Tahsil,Madhya Pradesh,0.0,0.1,0.41,0.2,2.02,3.47,7.94,3.15,10.46,1.29,0.0,1.09
23.25,79.75,Patan Tahsil,Madhya Pradesh,0.0,0.13,0.48,0.16,2.25,4.69,7.93,2.99,9.03,1.15,0.01,0.78
23.25,80.0,Panagar Tahsil,Madhya Pradesh,0.01,0.21,0.58,0.16,2.9,5.18,7.63,2.85,8.13,0.86,0.0,0.6
23.25,80.25,Kundam Tahsil,Madhya Pradesh,0.04,0.28,0.66,0.15,3.62,5.8,7.96,3.17,7.83,0.65,0.0,0.53
23.25,80.5,Kundam Tahsil,Madhya Pradesh,0.11,0.5,0.29,0.09,3.58,6.53,7.82,3.91,8.12,0.79,0.0,0.57
23.25,80.75,Karkeli Tahsil,Madhya Pradesh,0.17,0.77,0.16,0.17,2.81,7.42,10.69,9.78,11.9,1.11,0.0,0.72
23.25,81.0,Nowrozabad Tahsil,Madhya Pradesh,0.17,0.76,0.15,0.13,3.08,8.19,10.39,10.01,10.84,1.04,0.02,0.77
23.25,81.25,Pali Tahsil,Madhya Pradesh,0.12,0.71,0.12,0.1,3.06,8.0,10.21,9.91,9.57,0.96,0.02,0.72
23.25,81.5,Sohagpur Tahsil,Madhya Pradesh,0.04,0.71,0.05,0.05,3.19,6.94,9.83,9.78,7.19,0.87,0.01,0.72
23.25,81.75,Jaitpur Tahsil,Madhya Pradesh,0.0,0.97,0.0,0.06,3.33,6.26,10.74,9.48,6.64,0.95,0.0,0.88
23.25,82.0,Kotma Tehsil,Madhya Pradesh,0.01,0.35,0.05,0.04,3.04,5.18,8.18,10.95,7.26,0.73,0.0,0.52
23.25,82.25,Manendragarh Tahsil,Chhattisgarh,0.06,0.66,0.1,0.0,3.12,8.84,8.78,9.18,8.25,1.14,0.12,0.67
23.25,82.5,Baikunthpur Tahsil,Chhattisgarh,0.07,0.69,0.23,0.01,4.0,8.84,9.24,9.36,9.05,0.73,0.11,0.62
23.25,82.75,Ramanujnagar Tahsil,Chhattisgarh,0.09,0.71,0.3,0.02,4.54,8.81,9.69,9.4,9.15,0.5,0.11,0.6
23.25,83.0,Bhaiyathan Tahsil,Chhattisgarh,0.18,0.63,0.21,0.1,4.35,9.01,11.21,8.31,5.06,0.99,0.21,0.71
23.25,83.25,Rajpur Tahsil,Chhattisgarh,0.15,0.48,0.2,0.08,4.0,8.58,10.36,7.09,5.74,1.41,0.33,0.65
23.25,83.5,Shankargarh Tahsil,Chhattisgarh,0.1,0.36,0.08,0.1,4.26,9.49,9.72,6.33,6.31,2.01,0.68,0.54
23.25,83.75,Shankargarh Tahsil,Chhattisgarh,0.04,0.34,0.14,0.09,4.42,9.27,9.58,5.7,7.66,1.81,1.63,0.39
23.25,84.0,Samri(Kusmi) Tahsil,Chhattisgarh,0.06,0.34,0.2,0.07,5.36,9.53,10.16,5.67,7.48,1.51,1.65,0.31
23.25,84.25,Chainpur,Jharkhand,0.11,0.26,0.32,0.0,6.67,9.86,12.41,5.45,7.2,1.1,1.39,0.16
23.25,84.5,Ghaghra,Jharkhand,0.11,0.24,0.31,0.01,8.75,10.64,14.21,6.91,8.22,1.35,0.86,0.1
23.25,84.75,Sisai,Jharkhand,0.03,0.15,0.38,0.19,7.87,8.29,13.68,6.47,7.58,2.03,1.15,0.41
23.25,85.0,Bero,Jharkhand,0.0,0.16,0.51,0.34,8.05,8.29,14.3,6.87,8.32,2.51,1.68,0.63
23.25,85.25,Namkum,Jharkhand,0.02,0.13,0.34,0.27,7.52,7.27,12.94,6.04,8.65,2.26,1.14,0.51
23.25,85.5,Namkum,Jharkhand,0.04,0.26,0.34,0.22,8.45,7.65,11.94,6.81,9.74,1.97,0.92,0.54
23.25,85.75,Sonahatu,Jharkhand,0.01,0.26,0.36,0.08,10.62,8.49,10.64,5.98,9.23,4.04,1.08,0.61
23.25,86.0,Bagmundi,West Bengal,0.0,0.05,0.24,0.26,8.67,10.48,9.59,5.07,13.66,8.95,1.81,0.76
23.25,86.25,Arsha,West Bengal,0.0,0.07,0.21,0.28,8.18,10.4,10.22,5.3,15.23,8.06,1.66,0.93
23.25,86.5,Purulia - I,West Bengal,0.02,0.08,0.72,1.1,5.94,14.95,12.56,5.22,17.44,5.24,1.08,1.35
23.25,86.75,Hura,West Bengal,0.0,0.1,0.85,2.19,6.43,20.15,13.34,5.99,21.08,5.93,0.97,1.21
23.25,87.0,Bankura - I,West Bengal,0.0,0.02,0.49,1.48,5.16,17.79,12.71,6.85,14.88,5.01,1.57,0.86
23.25,87.25,Sonamukhi,West Bengal,0.0,0.03,0.28,0.85,4.91,12.62,12.4,5.72,9.84,4.26,1.72,1.74
23.25,87.5,Patrasayer,West Bengal,0.0,0.07,0.21,0.76,6.31,10.15,14.18,6.31,9.59,4.05,0.89,4.4
23.25,87.75,Galsi - II,West Bengal,0.0,0.06,0.17,0.64,6.07,12.91,12.33,7.65,9.25,4.54,0.78,2.99
23.25,88.0,Burdwan - II,West Bengal,0.0,0.01,0.12,0.41,6.99,10.96,9.25,7.82,9.45,4.56,0.61,2.97
23.25,88.25,Kalna - I,West Bengal,0.0,0.0,0.19,0.25,6.83,7.46,6.87,6.99,10.22,4.05,0.73,2.83
23.25,88.5,Santipur,West Bengal,0.0,0.01,0.13,0.28,7.78,8.26,7.75,10.08,10.99,4.46,0.59,3.1
23.25,88.75,Maheshpur Upazila,Khulna Division,0.0,0.01,0.12,0.29,8.12,8.29,8.98,10.27,11.29,4.3,0.46,2.86
23.25,91.25,Chauddagram Upazila,Chattogram Division,0.0,0.0,0.03,0.54,2.83,15.71,18.34,14.89,7.77,4.0,1.12,3.64
23.25,91.5,Belonia,Tripura,0.01,0.0,0.05,0.78,3.28,16.13,18.05,17.39,7.82,4.91,0.82,3.24
23.25,91.75,Karbook,Tripura,0.02,0.0,0.25,0.72,3.64,15.16,16.99,14.66,7.27,4.22,0.91,3.34
23.25,92.25,Bagaichhari Upazila,Chattogram Division,0.09,0.0,0.95,0.82,4.14,9.97,8.81,8.69,8.04,3.47,1.42,1.63
23.25,92.5,West Bunghmun,Mizoram,0.09,0.0,0.99,0.71,4.25,10.87,8.77,8.45,7.08,3.59,1.7,1.38
23.25,92.75,Serchhip,Mizoram,0.11,0.0,0.71,0.67,3.93,9.27,8.88,9.68,8.14,3.35,1.62,1.78
23.25,93.0,East Lungdar,Mizoram,0.11,0.0,0.64,0.66,3.95,9.24,9.17,9.9,8.44,3.36,1.53,1.82
23.25,93.25,Khawbung,Mizoram,0.11,0.0,0.63,0.69,4.03,9.67,9.94,9.64,8.38,3.57,1.49,1.75
23.5,68.25,Unknown,Unknown,0.0,0.0,0.0,0.0,0.0,0.5,1.55,0.01,6.89,1.63,0.02,0.03
23.5,68.5,Lakhpat Taluka,Gujarat,0.0,0.0,0.0,0.0,0.0,0.5,1.69,0.01,7.18,1.52,0.03,0.04
23.5,68.75,Abdasa Taluka,Gujarat,0.0,0.0,0.0,0.0,0.0,0.48,1.78,0.01,7.36,1.44,0.04,0.05
23.5,69.0,Nakhatrana Taluka,Gujarat,0.0,0.0,0.0,0.0,0.0,1.34,2.21,0.01,9.06,1.44,0.04,0.03
23.5,69.25,Nakhatrana Taluka,Gujarat,0.0,0.0,0.0,0.01,0.01,2.29,2.76,0.0,10.62,1.28,0.15,0.01
23.5,69.5,Nakhatrana Taluka,Gujarat,0.0,0.0,0.0,0.07,0.08,2.65,2.79,0.0,10.78,1.09,0.45,0.02
23.5,69.75,Bhuj Taluka,Gujarat,0.0,0.0,0.0,0.16,0.21,2.86,2.53,0.01,9.72,0.63,0.98,0.01
23.5,70.0,Bhuj Taluka,Gujarat,0.0,0.0,0.0,0.21,0.28,2.22,2.73,0.0,10.21,0.62,0.7,0.05
23.5,70.25,Unknown,Gujarat,0.0,0.0,0.0,0.15,0.7,1.27,2.62,0.0,10.73,0.55,0.28,0.1
23.5,70.5,Bhachau Taluka,Gujarat,0.0,0.0,0.0,0.01,1.37,1.11,1.81,0.0,11.47,0.42,0.3,0.09
23.5,70.75,Rapar Taluka,Gujarat,0.0,0.0,0.0,0.08,1.23,1.26,1.91,0.06,10.82,0.4,0.32,0.09
23.5,71.0,Rapar Taluka,Gujarat,0.0,0.0,0.0,0.43,1.66,1.93,1.74,0.24,11.16,0.67,0.27,0.04
23.5,71.25,Unknown,Gujarat,0.0,0.0,0.0,0.4,1.07,3.52,2.1,0.38,7.76,0.56,1.11,0.0
23.5,71.5,Unknown,Gujarat,0.0,0.0,0.0,0.0,0.55,3.59,2.71,0.29,5.12,0.46,1.49,0.0
23.5,71.75,Shankheswar Taluka,Gujarat,0.0,0.0,0.0,0.0,0.77,2.61,3.72,0.31,8.28,0.05,0.94,0.02
23.5,72.0,Becharaji Taluka,Gujarat,0.0,0.0,0.0,0.0,0.67,3.29,6.39,0.45,9.01,0.08,1.2,0.05
23.5,72.25,Jotana Taluka,Gujarat,0.0,0.0,0.0,0.0,1.31,4.39,4.66,0.25,9.55,0.07,0.75,0.02
23.5,72.5,Mahesana Taluka,Gujarat,0.0,0.0,0.0,0.0,1.71,2.54,5.55,0.79,9.89,0.0,0.2,0.04
23.5,72.75,Mansa Taluka,Gujarat,0.0,0.0,0.0,0.0,2.98,1.86,6.97,1.32,9.2,0.14,0.15,0.1
23.5,73.0,Prantij Taluka,Gujarat,0.0,0.0,0.0,0.0,3.34,2.73,4.2,1.01,11.09,0.04,0.14,0.16
23.5,73.25,Modasa Taluka,Gujarat,0.12,0.0,0.0,0.0,3.26,3.5,4.26,1.18,12.74,0.0,0.11,0.22
23.5,73.5,Meghraj Taluka,Gujarat,0.36,0.0,0.0,0.0,3.16,2.27,3.92,0.86,13.58,0.03,0.1,0.17
23.5,73.75,Simalwara Tehsil,Rajasthan,0.0,0.0,0.0,0.0,2.88,1.64,5.43,1.66,13.3,0.06,0.06,0.05
23.5,74.0,Galiakot Tehsil,Rajasthan,0.0,0.0,0.0,0.0,1.32,2.49,9.49,1.76,10.29,0.43,0.09,0.07
23.5,74.25,Garhi Tehsil,Rajasthan,0.12,0.0,0.0,0.0,1.32,5.42,8.15,3.74,10.26,0.48,0.03,0.24
23.5,74.5,Abapura Tehsil,Rajasthan,0.04,0.0,0.0,0.0,1.05,5.58,13.07,5.43,9.45,1.14,0.01,0.15
23.5,74.75,Sailana Tahsil,Madhya Pradesh,0.0,0.0,0.0,0.0,1.43,4.37,14.23,6.57,11.52,1.52,0.03,0.37
23.5,75.0,Ratlam Tahsil,Madhya Pradesh,0.09,0.0,0.0,0.0,1.53,6.64,12.64,8.51,9.97,2.46,0.4,0.37
23.5,75.25,Khacharod Tahsil,Madhya Pradesh,0.15,0.0,0.0,0.0,2.02,5.05,12.39,8.62,10.51,2.66,0.77,0.44
23.5,75.5,Nagda Tahsil,Madhya Pradesh,0.03,0.0,0.0,0.0,1.94,3.57,16.19,9.95,4.41,3.58,0.34,0.29
23.5,75.75,Mahidpur Tahsil,Madhya Pradesh,0.1,0.0,0.01,0.0,1.38,3.41,10.99,9.42,7.16,2.26,0.12,0.19
23.5,76.0,Maakdon Tahsil,Madhya Pradesh,0.14,0.0,0.08,0.0,1.19,3.35,9.35,9.47,9.19,1.77,0.0,0.09
23.5,76.25,Shajapur Tahsil,Madhya Pradesh,0.05,0.0,0.4,0.0,1.51,4.17,16.78,10.9,10.64,3.04,0.0,0.0
23.5,76.5,Gulana Tahsil,Madhya Pradesh,0.28,0.0,0.13,0.0,1.31,6.23,12.98,8.1,12.11,2.47,0.0,0.01
23.5,76.75,Pachore Tahsil,Madhya Pradesh,0.26,0.0,0.26,0.0,1.06,6.48,11.77,9.81,10.86,2.34,0.0,0.1
23.5,77.0,Narsinghgarh Tahsil,Madhya Pradesh,0.21,0.0,0.75,0.03,0.76,7.45,9.9,10.86,8.6,2.36,0.0,0.2
23.5,77.25,Shayampur Tahsil,Madhya Pradesh,0.17,0.01,0.9,0.05,1.25,8.23,7.45,9.73,7.41,1.85,0.0,0.27
23.5,77.5,Berasia Tahsil,Madhya Pradesh,0.16,0.02,0.91,0.07,1.65,8.6,8.02,9.66,6.61,2.18,0.0,0.17
23.5,77.75,Raisen Tahsil,Madhya Pradesh,0.1,0.04,0.71,0.04,2.08,7.77,9.09,10.26,5.68,1.96,0.0,0.21
23.5,78.0,Vidisha Tahsil,Madhya Pradesh,0.03,0.07,0.76,0.01,2.34,7.33,10.49,11.18,6.3,1.47,0.0,0.24
23.5,78.25,Gairatganj Tahsil,Madhya Pradesh,0.01,0.07,0.83,0.0,2.38,7.48,10.78,11.37,6.86,1.19,0.0,0.26
23.5,78.5,Begamganj Tahsil,Madhya Pradesh,0.02,0.26,0.61,0.0,2.17,6.99,9.18,9.84,6.79,0.93,0.0,0.38
23.5,78.75,Kesli Tahsil,Madhya Pradesh,0.01,0.67,0.72,0.03,3.48,10.65,9.48,5.87,7.15,0.34,0.0,0.57
23.5,79.0,Deori Tahsil,Madhya Pradesh,0.01,0.6,0.64,0.03,3.08,10.39,9.39,5.25,7.17,0.56,0.01,0.53
23.5,79.25,Rehli Tahsil,Madhya Pradesh,0.0,0.2,0.15,0.03,0.84,7.15,7.91,2.9,7.88,1.57,0.03,0.49
23.5,79.5,Tendukheda Tahsil,Madhya Pradesh,0.0,0.13,0.4,0.15,1.89,4.86,7.98,3.1,9.01,1.28,0.01,0.77
23.5,79.75,Jabera Tahsil,Madhya Pradesh,0.0,0.09,0.76,0.19,3.18,5.02,8.3,3.21,7.76,0.8,0.01,0.56
23.5,80.0,Majholi Tahsil,Madhya Pradesh,0.0,0.1,0.77,0.19,3.26,5.06,8.32,3.3,7.58,0.76,0.01,0.53
23.5,80.25,Dhimarkheda Tahsil,Madhya Pradesh,0.0,0.06,0.65,0.14,3.28,4.18,7.61,3.27,6.94,0.86,0.0,0.44
23.5,80.5,Dhimarkheda Tahsil,Madhya Pradesh,0.0,0.07,0.34,0.09,3.1,3.15,6.86,3.83,5.63,1.01,0.0,0.24
23.5,80.75,Bandhogarh Umaria Tahsil,Madhya Pradesh,0.0,0.22,0.06,0.03,2.85,4.6,7.42,6.52,5.2,0.96,0.0,0.24
23.5,81.0,Manpur Tahsil,Madhya Pradesh,0.02,0.41,0.08,0.04,2.99,6.64,8.95,8.75,6.48,0.79,0.0,0.42
23.5,81.25,Pali Tahsil,Madhya Pradesh,0.02,0.41,0.09,0.02,3.07,7.76,9.34,9.98,6.58,0.65,0.01,0.47
23.5,81.5,Shahdol,Madhya Pradesh,0.01,0.32,0.1,0.01,3.04,7.91,9.22,10.05,6.3,0.57,0.0,0.39
23.5,81.75,Jaitpur Tahsil,Madhya Pradesh,0.0,0.43,0.08,0.02,3.09,7.47,9.39,10.01,6.36,0.64,0.0,0.48
23.5,82.0,Manendragarh Tahsil,Chhattisgarh,0.02,0.58,0.06,0.03,3.12,6.89,9.04,9.95,7.32,0.91,0.04,0.64
23.5,82.25,Manendragarh Tahsil,Chhattisgarh,0.05,0.62,0.14,0.01,3.45,7.9,8.86,9.7,8.44,0.86,0.08,0.62
23.5,82.5,Sonhat Tahsil,Chhattisgarh,0.06,0.66,0.21,0.01,3.89,8.42,9.09,9.58,8.97,0.71,0.09,0.6
23.5,82.75,Oudgi Tahsil,Chhattisgarh,0.09,0.68,0.25,0.02,4.23,8.85,9.63,9.15,8.6,0.66,0.12,0.61
23.5,83.0,Oudgi Tahsil,Chhattisgarh,0.12,0.57,0.22,0.04,4.21,8.71,9.99,8.08,7.22,0.95,0.12,0.59
23.5,83.25,Pratappur Tahsil,Chhattisgarh,0.12,0.24,0.09,0.03,3.59,8.31,9.17,5.23,5.95,2.13,0.06,0.47
23.5,83.5,Balrampur Tahsil,Chhattisgarh,0.1,0.04,0.13,0.03,4.15,9.92,8.85,4.89,8.43,3.43,0.28,0.66
23.5,83.75,Samri(Kusmi) Tahsil,Chhattisgarh,0.06,0.05,0.22,0.03,4.35,9.2,9.61,4.5,9.13,3.42,0.56,0.56
23.5,84.0,Samri(Kusmi) Tahsil,Chhattisgarh,0.04,0.12,0.42,0.04,6.18,10.59,11.37,5.84,11.08,3.01,1.07,0.58
23.5,84.25,Mahuadanr,Jharkhand,0.05,0.3,0.33,0.0,7.37,6.27,8.63,3.87,4.9,1.27,1.25,0.09
23.5,84.5,Peshrar,Jharkhand,0.01,0.3,0.19,0.0,10.77,6.87,17.9,9.33,10.3,2.25,0.73,0.1
23.5,84.75,Lohardaga,Jharkhand,0.0,0.21,0.25,0.07,9.34,7.38,14.23,7.78,10.7,3.91,0.58,0.37
23.5,85.0,Chanho,Jharkhand,0.0,0.05,0.3,0.13,7.55,9.85,9.07,4.98,7.64,5.59,0.56,0.69
23.5,85.25,Kanke,Jharkhand,0.0,0.15,0.14,0.15,6.2,6.31,12.61,4.7,8.15,2.33,0.39,0.41
23.5,85.5,Ormanjhi,Jharkhand,0.0,0.17,0.23,0.02,8.62,7.51,11.45,6.27,7.38,3.58,0.8,0.71
23.5,85.75,Gola,Jharkhand,0.0,0.36,0.27,0.0,9.72,8.32,12.43,6.6,8.9,1.56,0.69,0.59
23.5,86.0,Jaridih,Jharkhand,0.0,0.12,0.31,0.14,8.72,10.42,10.73,4.89,12.07,7.64,1.83,0.98
23.5,86.25,Chas,Jharkhand,0.0,0.0,0.41,0.18,7.27,12.11,7.62,4.03,10.76,8.37,1.84,0.56
23.5,86.5,Para,West Bengal,0.0,0.0,0.76,0.43,5.64,15.03,11.25,5.63,13.03,5.13,2.03,0.65
23.5,86.75,Raghunathpur - I,West Bengal,0.0,0.02,0.43,1.47,5.71,15.59,13.72,9.93,19.42,5.49,2.37,0.75
23.5,87.0,Saltora,West Bengal,0.0,0.0,0.51,1.34,5.12,15.87,13.25,8.99,14.07,4.34,1.64,0.74
23.5,87.25,Barjora,West Bengal,0.0,0.0,0.22,0.74,4.58,11.95,11.4,7.18,9.76,4.54,2.71,0.59
23.5,87.5,Ausgram - II,West Bengal,0.0,0.01,0.15,0.6,5.74,10.28,9.79,5.88,10.93,5.3,2.3,0.82
23.5,87.75,Mangolkote,West Bengal,0.0,0.02,0.17,0.68,6.12,14.45,11.56,7.37,8.23,4.43,1.98,2.19
23.5,88.0,Mangolkote,West Bengal,0.0,0.01,0.18,0.41,7.09,8.64,7.11,7.01,8.03,2.67,0.71,2.52
23.5,88.25,Purbasthali - II,West Bengal,0.0,0.0,0.2,0.28,6.17,7.23,6.33,5.46,9.58,3.25,0.74,2.33
23.5,88.5,Krishnagar-II,West Bengal,0.0,0.01,0.14,0.31,7.36,7.6,6.57,8.13,9.34,3.17,0.67,2.79
23.5,88.75,Damurhuda Upazila,Khulna Division,0.0,0.01,0.16,0.3,7.46,7.68,6.58,8.43,9.49,3.19,0.6,2.61
23.5,91.25,Sonamura,Tripura,0.03,0.0,0.27,0.47,4.45,11.85,16.98,6.44,7.39,2.41,0.8,5.01
23.5,91.5,Udaipur,Tripura,0.02,0.0,0.14,0.59,3.74,13.81,17.66,11.73,7.67,3.53,0.88,4.19
23.5,91.75,Amarpur,Tripura,0.09,0.0,0.58,1.61,4.58,11.93,13.88,15.92,9.05,4.48,1.13,3.17
23.5,92.25,Bagaichhari Upazila,Chattogram Division,0.16,0.0,0.84,1.45,4.28,7.89,8.34,12.17,9.21,3.76,2.01,2.25
23.5,92.5,West Phaileng,Mizoram,0.13,0.0,0.88,1.07,4.17,8.93,8.42,10.7,8.23,3.62,1.97,1.92
23.5,92.75,Aibawk,Mizoram,0.14,0.0,0.89,1.24,4.23,8.59,8.43,11.23,8.7,3.68,1.92,2.04
23.5,93.0,Serchhip,Mizoram,0.14,0.0,0.84,1.14,4.14,8.54,8.39,11.04,8.57,3.6,1.92,2.03
23.5,93.25,Khawzawl,Mizoram,0.13,0.0,0.8,0.97,4.04,8.74,8.35,10.6,8.18,3.51,1.96,1.95
23.75,68.0,Sujawal District,Sindh,0.0,0.0,0.0,0.0,0.0,0.51,1.31,0.0,6.38,1.84,0.01,0.02
23.75,68.25,Unknown,Gujarat,0.0,0.0,0.0,0.0,0.0,0.55,1.35,0.0,6.5,1.82,0.01,0.02
23.75,68.5,Unknown,Gujarat,0.0,0.0,0.0,0.0,0.0,0.61,1.28,0.0,6.41,1.9,0.01,0.01
23.75,68.75,Lakhpat Taluka,Gujarat,0.0,0.0,0.0,0.0,0.0,0.61,1.14,0.0,6.11,2.02,0.0,0.0
23.75,69.0,Lakhpat Taluka,Gujarat,0.0,0.0,0.0,0.0,0.0,0.82,1.5,0.0,7.01,1.8,0.02,0.01
23.75,69.25,Bhuj Taluka,Gujarat,0.0,0.0,0.0,0.01,0.01,1.5,2.17,0.0,8.74,1.47,0.11,0.02
23.75,69.5,Bhuj Taluka,Gujarat,0.0,0.0,0.0,0.07,0.09,2.16,2.48,0.01,9.07,1.12,0.55,0.01
23.75,69.75,Bhuj Taluka,Gujarat,0.0,0.0,0.0,0.16,0.19,2.49,2.73,0.01,10.32,0.83,0.76,0.02
23.75,70.0,Unknown,Gujarat,0.0,0.0,0.0,0.17,0.59,1.79,2.53,0.01,10.3,0.54,0.71,0.07
23.75,70.25,Unknown,Gujarat,0.0,0.0,0.0,0.1,0.97,1.46,2.19,0.0,11.55,0.55,0.33,0.09
23.75,70.5,Rapar Taluka,Gujarat,0.0,0.0,0.0,0.03,1.22,1.19,1.95,0.03,10.96,0.41,0.31,0.09
23.75,70.75,Rapar Taluka,Gujarat,0.0,0.0,0.0,0.08,1.24,1.27,1.9,0.07,10.84,0.4,0.32,0.09
23.75,71.0,Unknown,Gujarat,0.0,0.0,0.0,0.09,0.98,2.44,2.14,0.27,9.31,0.45,0.96,0.08
23.75,71.25,Santalpur Taluka,Gujarat,0.0,0.0,0.0,0.0,0.31,3.87,2.97,0.46,4.93,0.49,2.03,0.11
23.75,71.5,Radhanpur Taluka,Gujarat,0.0,0.0,0.0,0.0,0.47,5.44,3.52,0.45,4.42,0.84,2.22,0.01
23.75,71.75,Sami Taluka,Gujarat,0.0,0.0,0.0,0.0,0.34,3.43,2.88,0.45,3.79,0.15,1.74,0.0
23.75,72.0,Patan Taluka,Gujarat,0.0,0.0,0.0,0.0,0.57,3.16,5.0,0.66,4.13,0.0,1.38,0.0
23.75,72.25,Patan Taluka,Gujarat,0.0,0.0,0.0,0.0,1.41,4.89,5.96,1.29,10.07,0.0,1.33,0.0
23.75,72.5,Visnagar Taluka,Gujarat,0.0,0.0,0.0,0.0,0.82,2.31,3.59,0.48,6.47,0.0,1.19,0.04
23.75,72.75,Vijapur Taluka,Gujarat,0.0,0.0,0.0,0.0,2.54,2.64,4.49,0.73,9.44,0.14,1.17,0.09
23.75,73.0,Idar Taluka,Gujarat,0.0,0.0,0.0,0.0,2.65,3.19,3.3,1.12,9.74,0.3,1.59,0.09
23.75,73.25,Bhiloda Taluka,Gujarat,0.03,0.0,0.0,0.0,2.54,1.98,3.1,1.46,10.88,0.1,0.61,0.15
23.75,73.5,Bichiwara Tehsil,Rajasthan,0.2,0.0,0.0,0.0,4.85,2.14,3.02,1.16,10.0,0.2,1.01,0.06
23.75,73.75,Jhonthtri Tehsil,Rajasthan,0.15,0.0,0.0,0.0,5.04,2.26,3.11,1.35,9.69,0.13,0.99,0.06
23.75,74.0,Sagwara Tehsil,Rajasthan,0.07,0.0,0.0,0.0,2.94,3.03,6.0,3.21,9.59,0.06,0.41,0.17
23.75,74.25,Garhi Tehsil,Rajasthan,0.0,0.0,0.0,0.0,1.94,4.31,8.64,3.41,14.61,0.11,0.67,0.14
23.75,74.5,Ghatol Tehsil,Rajasthan,0.32,0.0,0.0,0.0,0.83,5.45,14.51,5.06,12.76,2.61,0.24,0.06
23.75,74.75,Peepal Khoont Tehsil,Rajasthan,0.3,0.0,0.0,0.0,1.46,6.01,14.86,8.42,11.97,1.45,0.15,0.19
23.75,75.0,Piploda Tahsil,Madhya Pradesh,0.07,0.0,0.0,0.0,1.21,7.6,13.31,8.84,8.95,2.48,0.14,0.3
23.75,75.25,Jaora Tahsil,Madhya Pradesh,0.05,0.0,0.0,0.0,0.99,5.79,12.1,7.91,7.2,2.08,0.22,0.3
23.75,75.5,Alot Tahsil,Madhya Pradesh,0.01,0.0,0.0,0.0,1.11,4.22,12.59,8.84,7.27,1.79,0.13,0.33
23.75,75.75,Badod Tahsil,Madhya Pradesh,0.05,0.0,0.0,0.0,1.57,2.71,10.06,11.42,12.96,1.51,0.0,0.11
23.75,76.0,Agar Tahsil,Madhya Pradesh,0.14,0.0,0.0,0.0,1.72,3.88,12.1,11.38,13.92,2.02,0.0,0.03
23.75,76.25,Nalkheda Tahsil,Madhya Pradesh,0.1,0.0,0.22,0.0,1.73,4.26,14.84,11.82,11.92,2.97,0.0,0.01
23.75,76.5,Sarangpur Tahsil,Madhya Pradesh,0.01,0.0,0.38,0.0,1.76,3.48,13.79,13.85,8.62,2.78,0.0,0.12
23.75,76.75,Khujner Tahsil,Madhya Pradesh,0.09,0.0,0.45,0.0,1.24,5.08,11.54,14.42,7.97,2.09,0.0,0.25
23.75,77.0,Narsinghgarh Tahsil,Madhya Pradesh,0.17,0.0,0.71,0.0,0.29,6.54,11.08,13.42,8.5,2.69,0.0,0.22
23.75,77.25,Berasia Tahsil,Madhya Pradesh,0.09,0.02,0.73,0.01,0.96,6.64,11.47,15.01,7.77,2.89,0.0,0.1
23.75,77.5,Berasia Tahsil,Madhya Pradesh,0.07,0.05,0.52,0.02,1.69,6.82,10.32,14.3,5.99,2.72,0.0,0.12
23.75,77.75,Nateran Tahsil,Madhya Pradesh,0.11,0.05,0.4,0.04,1.92,7.35,9.09,11.8,4.85,2.46,0.0,0.18
23.75,78.0,Basoda Tahsil,Madhya Pradesh,0.06,0.03,0.73,0.01,2.77,6.81,10.31,11.72,6.41,1.67,0.0,0.22
23.75,78.25,Tyonda Tahsil,Madhya Pradesh,0.04,0.04,0.73,0.0,2.89,6.5,10.5,11.77,6.81,1.27,0.0,0.2
23.75,78.5,Jaisinagar Tahsil,Madhya Pradesh,0.03,0.27,0.76,0.02,3.39,8.12,10.28,9.19,7.3,0.68,0.0,0.19
23.75,78.75,Jaisinagar Tahsil,Madhya Pradesh,0.01,0.59,0.8,0.05,3.49,10.54,9.97,4.41,7.78,0.29,0.0,0.37
23.75,79.0,Rehli Tahsil,Madhya Pradesh,0.01,0.58,0.74,0.04,3.34,10.51,9.88,4.61,7.39,0.41,0.01,0.38
23.75,79.25,Garhakota Tahsil,Madhya Pradesh,0.0,0.24,0.38,0.07,1.77,7.53,8.35,3.21,7.18,1.17,0.02,0.33
23.75,79.5,Damoh Tahsil,Madhya Pradesh,0.0,0.09,1.09,0.21,4.36,5.8,8.62,3.45,5.77,0.32,0.0,0.2
23.75,79.75,Jabera Tahsil,Madhya Pradesh,0.0,0.05,1.15,0.21,4.47,5.61,8.65,3.21,6.08,0.31,0.0,0.25
23.75,80.0,Bahoriband Tahsil,Madhya Pradesh,0.0,0.14,0.88,0.25,3.88,5.15,8.45,3.92,6.55,0.49,0.0,0.38
23.75,80.25,Rithi Tahsil,Madhya Pradesh,0.0,0.07,0.49,0.09,3.34,3.68,8.24,4.21,5.79,0.78,0.0,0.2
23.75,80.5,Katni,Madhya Pradesh,0.0,0.08,0.3,0.06,3.1,2.82,7.4,4.44,5.32,0.94,0.0,0.14
23.75,80.75,Barhi Tahsil,Madhya Pradesh,0.0,0.11,0.07,0.02,2.8,3.76,7.2,5.75,5.34,0.98,0.0,0.16
23.75,81.0,Manpur Tahsil,Madhya Pradesh,0.0,0.16,0.07,0.01,3.06,5.99,7.89,8.09,6.03,0.69,0.0,0.24
23.75,81.25,Jaisinghnagar Tahsil,Madhya Pradesh,0.0,0.31,0.08,0.01,3.06,7.66,9.21,9.78,6.27,0.55,0.0,0.38
23.75,81.5,Jaisinghnagar Tahsil,Madhya Pradesh,0.0,0.22,0.11,0.0,2.97,8.2,9.1,10.1,6.03,0.48,0.0,0.31
23.75,81.75,Bharatpur Tahsil,Chhattisgarh,0.0,0.25,0.1,0.0,3.01,8.12,9.12,10.09,6.08,0.51,0.0,0.33
23.75,82.0,Bharatpur Tahsil,Chhattisgarh,0.01,0.43,0.08,0.02,3.06,7.45,9.19,10.02,6.61,0.69,0.02,0.49
23.75,82.25,Bharatpur Tahsil,Chhattisgarh,0.04,0.57,0.17,0.01,3.54,7.98,8.83,9.84,8.55,0.72,0.07,0.56
23.75,82.5,Sonhat Tahsil,Chhattisgarh,0.04,0.51,0.15,0.0,3.52,8.28,8.81,8.24,8.1,0.65,0.07,0.48
23.75,82.75,Oudgi Tahsil,Chhattisgarh,0.05,0.4,0.15,0.01,3.62,8.19,9.02,7.23,7.3,0.48,0.06,0.39
23.75,83.0,Pratappur Tahsil,Chhattisgarh,0.06,0.13,0.05,0.01,3.22,7.82,8.68,4.86,5.78,1.32,0.03,0.3
23.75,83.25,Wadrafnagar Tahsil,Chhattisgarh,0.1,0.0,0.0,0.01,3.17,7.98,8.11,3.78,5.71,2.53,0.0,0.36
23.75,83.5,Ramanujganj Tahsil,Chhattisgarh,0.11,0.0,0.0,0.0,3.14,8.0,8.16,3.36,5.72,2.97,0.0,0.38
23.75,83.75,Bhandaria,Jharkhand,0.11,0.0,0.11,0.03,4.52,10.12,8.39,5.74,8.27,2.95,0.22,0.74
23.75,84.0,Bhandaria,Jharkhand,0.02,0.01,0.5,0.07,5.92,13.35,11.3,6.57,16.48,5.39,1.13,1.07
23.75,84.25,Barwadih,Jharkhand,0.0,0.0,0.27,0.08,5.12,8.03,11.92,7.94,9.83,1.26,0.45,0.69
23.75,84.5,Latehar,Jharkhand,0.0,0.01,0.26,0.0,4.98,10.03,16.59,6.53,6.52,0.96,0.17,1.04
23.75,84.75,Chandwa,Jharkhand,0.0,0.02,0.3,0.07,5.53,9.72,13.55,5.9,6.23,2.9,0.22,0.97
23.75,85.0,Tandwa,Jharkhand,0.0,0.05,0.3,0.13,7.55,9.88,9.07,4.98,7.64,5.59,0.56,0.69
23.75,85.25,Barkagaon,Jharkhand,0.0,0.1,0.28,0.17,6.78,8.01,9.85,4.95,6.88,4.81,0.37,0.64
23.75,85.5,Mandu,Jharkhand,0.0,0.01,0.21,0.03,7.46,6.67,9.72,5.44,5.66,5.4,0.89,0.82
23.75,85.75,Gumia,Jharkhand,0.0,0.05,0.24,0.02,6.92,6.84,10.13,5.36,6.9,4.09,0.86,0.76
23.75,86.0,Peterwar,Jharkhand,0.0,0.07,0.52,0.14,4.37,11.47,13.27,5.21,13.06,4.04,1.78,1.78
23.75,86.25,Baghmara-Cum-Katras,Jharkhand,0.0,0.0,0.3,0.04,3.95,11.05,7.28,3.99,9.78,3.78,1.11,0.74
23.75,86.5,Baliapur,Jharkhand,0.0,0.0,0.61,0.77,8.02,20.2,14.38,8.61,11.36,5.32,2.1,0.66
23.75,86.75,Nirsa-Cum-Chirkunda,Jharkhand,0.0,0.0,0.39,1.26,5.76,15.08,14.21,10.35,17.99,5.56,2.53,0.65
23.75,87.0,Barabani,West Bengal,0.0,0.0,0.55,1.19,8.17,8.7,13.59,6.27,9.58,3.99,1.65,0.4
23.75,87.25,Khoyrasol,West Bengal,0.0,0.0,0.5,1.0,9.15,11.14,13.77,7.72,9.64,5.07,1.81,0.28
23.75,87.5,Dubrajpur,West Bengal,0.0,0.0,0.24,0.73,7.64,11.74,11.02,7.75,7.17,6.66,2.53,0.32
23.75,87.75,Bolpur Sriniketan,West Bengal,0.0,0.0,0.28,0.8,7.76,11.03,9.12,5.96,5.41,2.51,2.06,0.92
23.75,88.0,Ketugram - I,West Bengal,0.0,0.0,0.15,0.48,9.85,8.16,6.42,6.54,6.1,1.29,0.91,2.31
23.75,88.25,Kaliganj,West Bengal,0.0,0.0,0.16,0.36,7.91,7.71,6.65,5.46,7.28,2.16,0.64,1.89
23.75,88.5,Tehatta-I,West Bengal,0.0,0.0,0.16,0.35,7.31,7.67,6.93,5.73,7.59,2.5,0.65,1.9
23.75,91.0,Muradnagar Upazila,Chattogram Division,0.0,0.0,0.0,0.0,0.0,0.0,0.0,0.0,0.0,0.0,0.0,0.0
23.75,91.25,Sadar,Tripura,0.1,0.0,0.57,0.64,6.36,9.96,13.82,6.79,8.01,3.54,0.41,4.64
23.75,91.5,Jampuijala,Tripura,0.29,0.0,1.5,1.13,7.17,9.22,11.5,7.65,7.52,3.37,0.37,4.1
23.75,91.75,Teliamura,Tripura,0.37,0.0,2.25,2.57,7.52,7.91,8.23,12.2,10.28,4.61,0.82,2.92
23.75,92.0,Longtharai Valley,Tripura,0.2,0.0,1.13,2.06,5.51,7.5,8.88,13.38,10.12,4.44,1.67,2.53
23.75,92.25,Kanchanpur,Tripura,0.18,0.0,1.11,2.74,5.31,7.54,8.83,14.67,11.56,4.64,1.83,2.58
23.75,92.5,West Phaileng,Mizoram,0.18,0.0,0.62,1.44,3.95,6.66,7.93,13.44,9.17,3.52,2.23,2.51
23.75,92.75,Tlangnuam,Mizoram,0.16,0.0,0.95,1.36,4.5,8.49,8.56,11.98,8.9,3.78,1.95,2.19
23.75,93.0,Thingsulthliah,Mizoram,0.17,0.0,0.97,1.42,4.71,8.68,8.7,12.04,8.91,3.79,1.9,2.26
23.75,93.25,Ngopa,Mizoram,0.15,0.0,0.92,1.3,4.17,7.83,8.03,11.17,8.25,3.22,1.62,2.06
24.0,68.0,Sujawal District,Sindh,0.0,0.0,0.0,0.0,0.0,0.57,1.18,0.0,6.17,1.97,0.0,0.01
24.0,68.25,Sujawal District,Sindh,0.0,0.0,0.0,0.0,0.0,0.58,1.22,0.0,6.26,1.94,0.01,0.01
24.0,68.5,Sujawal District,Sindh,0.0,0.0,0.0,0.0,0.0,0.61,1.22,0.0,6.31,1.95,0.0,0.01
24.0,68.75,Sujawal District,Sindh,0.0,0.0,0.0,0.0,0.0,0.63,1.19,0.0,6.25,1.98,0.0,0.0
24.0,69.0,Unknown,Gujarat,0.0,0.0,0.0,0.0,0.0,0.77,1.38,0.0,6.73,1.88,0.02,0.01
24.0,69.25,Unknown,Gujarat,0.0,0.0,0.0,0.01,0.01,1.13,1.76,0.0,7.62,1.67,0.08,0.01
24.0,69.5,Unknown,Gujarat,0.0,0.0,0.0,0.04,0.05,1.78,2.13,0.0,8.69,1.44,0.3,0.0
24.0,69.75,Unknown,Gujarat,0.0,0.0,0.0,0.15,0.18,2.34,2.8,0.01,9.98,0.81,0.7,0.03
24.0,70.0,Unknown,Gujarat,0.0,0.0,0.0,0.15,0.75,1.59,2.41,0.0,10.71,0.53,0.57,0.08
24.0,70.25,Unknown,Gujarat,0.0,0.0,0.0,0.1,1.01,1.27,2.21,0.0,11.17,0.5,0.39,0.09
24.0,70.5,Unknown,Gujarat,0.0,0.0,0.0,0.04,1.12,1.19,2.06,0.04,10.7,0.42,0.31,0.09
24.0,70.75,Unknown,Gujarat,0.0,0.0,0.0,0.0,1.17,1.51,1.77,0.11,10.51,0.4,0.5,0.09
24.0,71.0,Unknown,Gujarat,0.0,0.0,0.0,0.0,0.34,2.8,1.82,0.42,6.78,0.34,1.05,0.08
24.0,71.25,Unknown,Gujarat,0.0,0.0,0.0,0.0,0.23,3.24,2.32,0.5,5.96,0.37,1.54,0.14
24.0,71.5,Bhabhar Taluka,Gujarat,0.0,0.0,0.0,0.0,0.11,2.37,2.14,0.58,6.9,0.15,1.53,0.14
24.0,71.75,Kankrej Taluka,Gujarat,0.0,0.0,0.0,0.0,0.0,1.86,1.49,0.36,6.25,0.09,1.87,0.02
24.0,72.0,Kankrej Taluka,Gujarat,0.0,0.0,0.0,0.0,0.44,3.13,4.85,0.91,8.35,0.02,2.01,0.02
24.0,72.25,Sidhpur Taluka,Gujarat,0.0,0.0,0.0,0.08,2.05,6.65,4.16,1.73,8.5,0.02,2.4,0.03
24.0,72.5,Vadgam Taluka,Gujarat,0.0,0.0,0.0,0.1,0.87,4.62,3.57,0.75,8.19,0.04,2.9,0.08
24.0,72.75,Satlasana Taluka,Gujarat,0.0,0.0,0.0,0.0,1.53,2.28,2.87,0.92,7.81,0.1,3.08,0.06
24.0,73.0,Vadali Taluka,Gujarat,0.0,0.0,0.0,0.0,1.27,3.51,3.68,0.97,8.36,0.42,2.74,0.18
24.0,73.25,Vijayanagar Taluka,Gujarat,0.05,0.0,0.0,0.0,1.85,3.54,4.7,3.27,9.02,0.13,1.01,0.08
24.0,73.5,Kherwara Tehsil,Rajasthan,0.0,0.0,0.0,0.0,1.39,1.68,2.0,0.69,6.62,0.25,0.95,0.16
24.0,73.75,Rishabhdeo Tehsil,Rajasthan,0.06,0.0,0.0,0.0,4.02,3.75,2.7,0.98,6.46,0.03,2.36,0.12
24.0,74.0,Salumbar Tehsil,Rajasthan,0.05,0.0,0.0,0.0,4.0,2.94,4.56,1.85,6.81,0.33,2.14,0.45
24.0,74.25,Salumbar Tehsil,Rajasthan,0.05,0.0,0.0,0.0,2.49,5.27,6.29,4.24,10.94,0.52,1.18,0.12
24.0,74.5,Dhariawad Tehsil,Rajasthan,0.54,0.0,0.0,0.0,2.03,5.28,13.6,7.45,15.48,1.22,0.72,0.08
24.0,74.75,Pratapgarh Tehsil,Rajasthan,0.72,0.0,0.0,0.0,2.03,5.12,16.08,9.53,16.68,0.92,0.47,0.09
24.0,75.0,Daloda Tahsil,Madhya Pradesh,0.62,0.0,0.0,0.0,1.51,6.01,13.43,9.16,12.29,1.51,0.67,0.41
24.0,75.25,Mandsaur Tahsil,Madhya Pradesh,0.0,0.0,0.0,0.0,0.77,4.17,12.57,8.1,6.07,1.51,0.22,0.53
24.0,75.5,Gangdhar Tehsil,Rajasthan,0.0,0.0,0.0,0.0,0.52,4.12,10.71,6.96,5.85,1.03,0.07,0.39
24.0,75.75,Suwasra Tahsil,Madhya Pradesh,0.01,0.0,0.0,0.0,1.3,4.89,13.0,11.77,14.55,1.28,0.01,0.35
24.0,76.0,Susner Tahsil,Madhya Pradesh,0.07,0.0,0.0,0.0,1.11,2.3,16.65,11.23,13.84,3.49,0.0,0.17
24.0,76.25,Susner Tahsil,Madhya Pradesh,0.1,0.0,0.12,0.0,1.98,3.03,10.95,14.11,9.88,3.96,0.0,0.08
24.0,76.5,Khilchipur Tahsil,Madhya Pradesh,0.03,0.0,0.33,0.0,1.72,2.47,8.91,16.01,7.25,3.0,0.0,0.18
24.0,76.75,Rajgarh Tahsil,Madhya Pradesh,0.0,0.0,0.31,0.0,1.96,3.64,11.76,17.16,7.03,1.86,0.0,0.25
24.0,77.0,Biaora Tahsil,Madhya Pradesh,0.02,0.01,0.78,0.0,1.22,4.59,10.73,20.57,7.12,3.51,0.0,0.07
24.0,77.25,Maksoodangarh Tahsil,Madhya Pradesh,0.0,0.04,0.82,0.0,1.12,6.31,10.66,18.16,6.33,3.4,0.0,0.0
24.0,77.5,Lateri Tahsil,Madhya Pradesh,0.03,0.04,0.49,0.0,1.72,6.14,13.81,15.52,8.32,2.7,0.0,0.05
24.0,77.75,Nateran Tahsil,Madhya Pradesh,0.12,0.07,0.45,0.03,2.08,6.81,9.26,13.56,6.07,2.24,0.0,0.2
24.0,78.0,Kurwai Tahsil,Madhya Pradesh,0.15,0.07,0.36,0.01,3.04,5.62,7.34,14.63,6.67,1.14,0.0,0.16
24.0,78.25,Pathardi Tahsil,Madhya Pradesh,0.13,0.05,0.32,0.0,3.39,5.24,7.84,14.24,6.92,0.91,0.0,0.1
24.0,78.5,Malthon Tahsil,Madhya Pradesh,0.06,0.18,0.59,0.02,3.33,6.78,9.53,10.55,7.09,0.7,0.0,0.15
24.0,78.75,Banda Tahsil,Madhya Pradesh,0.02,0.49,0.5,0.03,3.16,7.5,8.47,6.41,5.96,0.34,0.0,0.24
24.0,79.0,Banda Tahsil,Madhya Pradesh,0.01,0.58,0.27,0.12,3.04,6.21,7.37,6.13,4.87,0.52,0.0,0.32
24.0,79.25,Patharia Tahsil,Madhya Pradesh,0.02,0.57,0.16,0.34,3.26,4.2,7.17,7.51,4.35,0.47,0.0,0.37
24.0,79.5,Patera Tahsil,Madhya Pradesh,0.02,0.5,0.45,0.48,4.0,4.15,8.19,7.4,4.93,0.23,0.0,0.34
24.0,79.75,Patera Tahsil,Madhya Pradesh,0.01,0.22,0.9,0.28,4.3,5.3,8.42,4.69,5.34,0.27,0.0,0.22
24.0,80.0,Raipura Tahsil,Madhya Pradesh,0.01,0.22,0.79,0.3,4.33,4.17,8.08,5.07,5.18,0.24,0.0,0.19
24.0,80.25,Shahnagar Tahsil,Madhya Pradesh,0.0,0.12,0.2,0.06,2.8,2.44,8.11,4.88,5.99,0.75,0.0,0.16
24.0,80.5,Vijayraghavgarh Tahsil,Madhya Pradesh,0.0,0.09,0.14,0.03,2.78,2.34,7.17,4.62,5.37,0.98,0.0,0.13
24.0,80.75,Vijayraghavgarh Tahsil,Madhya Pradesh,0.0,0.1,0.06,0.02,2.77,2.97,7.33,5.36,5.82,0.95,0.0,0.16
24.0,81.0,Manpur Tahsil,Madhya Pradesh,0.0,0.11,0.06,0.01,3.08,5.19,7.64,7.46,6.25,0.72,0.0,0.21
24.0,81.25,Beohari Tahsil,Madhya Pradesh,0.0,0.15,0.06,0.0,3.23,6.64,8.3,9.01,6.76,0.53,0.0,0.27
24.0,81.5,Beohari Tahsil,Madhya Pradesh,0.0,0.22,0.08,0.0,3.12,7.86,9.01,10.05,6.62,0.46,0.0,0.34
24.0,81.75,Kusmi Tahsil,Madhya Pradesh,0.0,0.19,0.08,0.0,3.08,8.71,9.07,10.79,6.59,0.44,0.0,0.42
24.0,82.0,Kusmi Tahsil,Madhya Pradesh,0.01,0.2,0.07,0.01,2.98,9.35,8.99,11.75,6.73,0.51,0.01,0.55
24.0,82.25,Sarai Tahsil,Madhya Pradesh,0.02,0.32,0.08,0.0,2.82,8.45,8.67,8.98,6.64,0.73,0.05,0.38
24.0,82.5,Mada Tahsil,Madhya Pradesh,0.02,0.3,0.12,0.0,3.69,7.73,9.23,7.74,6.98,0.53,0.03,0.27
24.0,82.75,Singrauli Tahsil,Madhya Pradesh,0.01,0.12,0.03,0.0,3.54,7.04,9.11,7.06,5.25,0.78,0.0,0.13
24.0,83.0,Dudhi,Uttar Pradesh,0.03,0.01,0.0,0.02,2.75,7.26,8.45,4.55,5.18,0.86,0.0,0.15
24.0,83.25,Ramanujganj Tahsil,Chhattisgarh,0.07,0.0,0.0,0.02,3.12,7.28,7.89,4.02,5.4,1.75,0.0,0.25
24.0,83.5,Ramanujganj Tahsil,Chhattisgarh,0.12,0.0,0.0,0.06,3.56,7.37,7.3,4.62,5.85,2.24,0.0,0.37
24.0,83.75,Ranka Kalan,Jharkhand,0.16,0.0,0.03,0.06,5.7,11.04,6.41,8.54,6.93,1.51,0.0,1.02
24.0,84.0,Chainpur,Jharkhand,0.09,0.0,0.19,0.05,5.7,11.65,8.4,7.57,10.18,2.76,0.39,0.93
24.0,84.25,Nilambar-Pitambarpur(Lesliganj),Jharkhand,0.03,0.0,0.26,0.03,5.31,10.24,10.57,6.76,10.5,2.57,0.5,0.73
24.0,84.5,Panki,Jharkhand,0.01,0.0,0.23,0.02,4.78,9.27,14.39,6.65,7.57,1.01,0.17,0.95
24.0,84.75,Bariyatu,Jharkhand,0.0,0.02,0.35,0.1,7.98,11.79,13.73,6.06,8.23,3.05,0.23,1.01
24.0,85.0,Tandwa,Jharkhand,0.0,0.0,0.39,0.15,12.89,14.89,12.2,6.14,11.77,4.64,0.2,1.0
24.0,85.25,Katamdag,Jharkhand,0.0,0.0,0.3,0.1,10.1,13.02,10.93,5.79,9.42,4.62,0.14,0.91
24.0,85.5,Daru,Jharkhand,0.0,0.0,0.03,0.01,3.13,7.71,6.16,4.53,3.66,5.51,0.08,0.65
24.0,85.75,Bishungarh,Jharkhand,0.0,0.0,0.17,0.01,3.87,7.39,6.74,5.04,4.9,4.88,0.26,1.25
24.0,86.0,Dumri,Jharkhand,0.0,0.04,0.39,0.08,4.35,13.26,11.97,5.31,10.72,3.8,1.0,1.16
24.0,86.25,Pirtanr,Jharkhand,0.0,0.0,0.18,0.07,4.23,14.4,11.11,4.58,8.14,4.02,0.43,0.43
24.0,86.5,Narayanpur,Jharkhand,0.0,0.0,0.03,0.15,3.66,14.97,11.76,8.97,6.82,4.55,0.19,0.2
24.0,86.75,Jamtara,Jharkhand,0.0,0.0,0.07,0.35,4.55,13.5,12.27,8.63,9.99,4.76,0.88,0.35
24.0,87.0,Fatehpur,Jharkhand,0.0,0.01,0.38,0.68,7.14,9.03,12.28,7.25,9.32,4.7,0.72,0.44
24.0,87.25,Rajnagar,West Bengal,0.0,0.01,0.64,1.15,10.23,11.9,12.93,10.47,8.8,5.0,0.98,0.31
24.0,87.5,Mohammad Bazar,West Bengal,0.0,0.0,0.5,1.34,7.91,12.33,9.47,10.87,5.56,4.89,0.76,0.18
24.0,87.75,Mayureswar - II,West Bengal,0.0,0.0,0.17,0.61,7.87,14.79,10.73,5.81,2.47,1.6,0.51,0.06
24.0,88.0,Khargram,West Bengal,0.0,0.0,0.13,0.41,8.33,8.26,7.38,3.54,3.7,1.71,0.52,0.44
24.0,88.25,Beldanga - I,West Bengal,0.0,0.0,0.17,0.42,7.91,8.36,7.4,4.69,4.22,1.74,0.55,0.89
24.0,88.5,Domkal,West Bengal,0.0,0.0,0.17,0.36,7.65,7.52,6.99,4.95,5.6,1.99,0.6,1.29
24.0,91.25,Brahmanbaria Sadar Upazila,Chattogram Division,0.33,0.0,1.45,1.25,8.86,7.48,7.3,9.72,8.95,5.11,0.13,3.3
24.0,91.5,Khowai,Tripura,0.56,0.0,2.79,1.71,8.63,7.12,7.17,9.5,7.95,4.35,0.12,3.43
24.0,91.75,Khowai,Tripura,0.38,0.0,3.47,1.65,7.97,7.5,8.67,10.12,7.29,3.77,0.08,3.03
24.0,92.0,Longtharai Valley,Tripura,0.16,0.0,1.74,2.18,6.55,7.62,9.68,12.43,9.08,4.6,0.87,2.58
24.0,92.25,Kanchanpur,Tripura,0.19,0.0,1.19,2.52,5.5,7.38,8.92,14.33,10.98,4.59,1.68,2.61
24.0,92.5,Zawlnuam,Mizoram,0.21,0.0,0.89,1.92,5.24,7.29,8.76,13.97,9.72,4.06,1.8,2.68
24.0,92.75,'N' Thingdawl,Mizoram,0.25,0.0,1.15,2.02,6.25,9.18,9.4,14.33,9.77,4.16,1.6,2.59
24.0,93.0,Phullen,Mizoram,0.34,0.0,1.27,1.85,8.71,12.74,10.68,14.68,8.19,4.24,0.93,2.34
24.0,93.25,Ngopa,Mizoram,0.3,0.0,1.61,1.75,7.48,10.09,8.45,11.55,5.28,2.88,0.0,2.09
24.0,93.5,Singngat subdivision,Manipur,0.23,0.0,1.64,1.57,5.16,5.96,5.77,9.01,3.38,2.03,0.0,2.08
24.0,93.75,Tedim District,Chin,0.19,0.0,1.62,1.51,3.99,3.96,4.55,7.84,2.62,1.7,0.0,2.08
24.0,94.0,Chakpikarong subdivision,Manipur,0.19,0.0,1.61,1.49,3.81,3.68,4.38,7.67,2.55,1.66,0.0,2.09
24.25,68.75,Sujawal District,Sindh,0.0,0.0,0.0,0.0,0.0,0.65,1.22,0.0,6.33,1.97,0.0,0.0
24.25,69.0,Badin District,Unknown,0.0,0.0,0.0,0.0,0.0,0.75,1.31,0.0,6.6,1.93,0.01,0.0
24.25,69.25,Unknown,Gujarat,0.0,0.0,0.0,0.0,0.0,0.95,1.49,0.0,7.06,1.84,0.04,0.0
24.25,69.5,Unknown,Gujarat,0.0,0.0,0.0,0.02,0.03,1.39,1.91,0.0,7.62,1.55,0.23,0.0
24.25,69.75,Tharparkar District,Sindh,0.0,0.0,0.0,0.08,0.33,1.93,2.76,0.01,9.28,0.7,0.56,0.04
24.25,70.0,Tharparkar District,Sindh,0.0,0.0,0.0,0.11,0.91,1.36,2.31,0.0,10.63,0.48,0.49,0.09
24.25,70.25,Unknown,Gujarat,0.0,0.0,0.0,0.06,1.14,1.13,2.11,0.0,11.18,0.46,0.34,0.1
24.25,70.5,Unknown,Gujarat,0.0,0.0,0.0,0.04,1.02,1.13,1.79,0.08,10.43,0.36,0.3,0.1
24.25,70.75,Tharparkar District,Sindh,0.0,0.0,0.0,0.0,0.67,1.23,1.3,0.29,9.07,0.2,0.54,0.1
24.25,71.0,Unknown,Gujarat,0.0,0.0,0.0,0.0,0.13,1.84,1.43,0.53,6.79,0.15,1.08,0.08
24.25,71.25,Unknown,Gujarat,0.0,0.0,0.0,0.0,0.08,1.25,1.08,0.52,6.87,0.03,0.87,0.14
24.25,71.5,Vav Taluka,Gujarat,0.0,0.0,0.0,0.0,0.08,0.97,1.08,0.56,7.07,0.03,0.99,0.11
24.25,71.75,Deodar Taluka,Gujarat,0.0,0.0,0.0,0.0,0.06,1.11,1.75,0.57,6.51,0.02,1.72,0.27
24.25,72.0,Deesa Taluka,Gujarat,0.0,0.0,0.0,0.01,0.33,2.27,5.18,0.56,10.4,0.0,1.47,0.05
24.25,72.25,Deesa Taluka,Gujarat,0.0,0.0,0.0,0.03,0.35,3.05,4.35,0.57,10.45,0.0,1.39,0.07
24.25,72.5,Palanpur Taluka,Gujarat,0.0,0.0,0.0,0.07,1.08,6.0,4.2,1.01,8.75,0.11,2.34,0.07
24.25,72.75,Amirgadh Taluka,Gujarat,0.0,0.0,0.0,0.03,1.76,6.08,3.9,0.78,9.26,0.17,3.38,0.11
24.25,73.0,Danta Taluka,Gujarat,0.02,0.0,0.0,0.0,2.05,3.23,4.44,1.94,10.81,0.54,3.66,0.32
24.25,73.25,Kotra Tehsil,Rajasthan,0.06,0.0,0.0,0.0,2.47,2.9,3.89,3.95,7.54,0.44,3.87,0.1
24.25,73.5,Jhadol Tehsil,Rajasthan,0.06,0.0,0.0,0.0,2.81,2.71,2.54,2.81,7.15,0.33,4.74,0.06
24.25,73.75,Sarada Tehsil,Rajasthan,0.17,0.0,0.0,0.0,4.45,3.29,2.27,1.22,7.34,0.09,2.7,0.08
24.25,74.0,Salumbar Tehsil,Rajasthan,0.11,0.0,0.0,0.0,3.51,2.31,3.87,2.07,9.23,0.42,3.19,0.37
24.25,74.25,Lasadiya Tehsil,Rajasthan,0.11,0.0,0.0,0.0,3.44,5.01,6.08,4.16,11.8,1.01,2.4,0.55
24.25,74.5,Pratapgarh Tehsil,Rajasthan,0.26,0.0,0.0,0.0,3.32,5.58,9.44,6.1,13.75,1.17,1.62,0.45
24.25,74.75,Jiran Tehsil,Madhya Pradesh,0.82,0.0,0.0,0.0,2.26,4.44,13.44,9.41,16.63,1.06,1.22,0.53
24.25,75.0,Malhargarh Tahsil,Madhya Pradesh,1.12,0.0,0.0,0.0,2.21,3.86,10.41,8.75,15.01,1.21,2.1,1.04
24.25,75.25,Malhargarh Tahsil,Madhya Pradesh,0.66,0.0,0.0,0.0,1.41,3.63,12.33,8.95,9.64,1.62,1.38,0.97
24.25,75.5,Shamgarh Tahsil,Madhya Pradesh,0.0,0.0,0.0,0.0,0.99,3.1,16.23,11.13,6.73,2.02,0.55,0.87
24.25,75.75,Garoth Tahsil,Madhya Pradesh,0.0,0.0,0.0,0.0,0.45,4.14,14.02,13.35,8.61,0.6,0.08,0.67
24.25,76.0,Sunel Tehsil,Rajasthan,0.0,0.0,0.0,0.0,0.44,2.52,12.52,16.42,8.41,0.1,0.0,0.42
24.25,76.25,Bakani Tehsil,Rajasthan,0.0,0.0,0.02,0.0,0.49,1.87,8.08,21.28,7.33,0.47,0.0,0.58
24.25,76.5,Aklera Tehsil,Rajasthan,0.01,0.0,0.05,0.0,0.59,1.14,7.57,20.16,5.23,0.8,0.0,0.24
24.25,76.75,Manoharthana Tehsil,Rajasthan,0.0,0.0,0.33,0.0,0.75,1.61,9.14,21.05,5.8,1.59,0.0,0.12
24.25,77.0,Chachaura Tahsil,Madhya Pradesh,0.0,0.01,0.78,0.0,1.09,3.49,10.13,22.84,6.91,3.6,0.0,0.04
24.25,77.25,Maksoodangarh Tahsil,Madhya Pradesh,0.01,0.03,0.69,0.0,1.39,5.84,12.18,17.81,7.37,3.18,0.0,0.02
24.25,77.5,Sironj Tahsil,Madhya Pradesh,0.04,0.04,0.53,0.01,1.71,6.09,13.26,15.96,8.26,2.59,0.0,0.05
24.25,77.75,Sironj Tahsil,Madhya Pradesh,0.16,0.07,0.49,0.06,2.15,6.31,8.24,15.19,7.05,1.09,0.0,0.22
24.25,78.0,Bahadurpur Tahsil,Madhya Pradesh,0.17,0.05,0.4,0.09,2.26,6.26,7.29,14.34,6.38,0.58,0.0,0.17
24.25,78.25,Bina Tahsil,Madhya Pradesh,0.15,0.06,0.33,0.03,2.8,5.21,7.24,14.7,6.75,0.73,0.0,0.15
24.25,78.5,Malthon Tahsil,Madhya Pradesh,0.08,0.01,0.08,0.01,1.39,2.36,7.39,12.17,5.28,0.78,0.0,0.1
24.25,78.75,Mahroni Tehsil,Uttar Pradesh,0.03,0.33,0.12,0.01,2.0,4.0,6.88,8.64,4.47,0.54,0.0,0.24
24.25,79.0,Shahgarh Tahsil,Madhya Pradesh,0.0,0.56,0.03,0.05,2.64,4.46,5.86,6.93,3.42,0.65,0.0,0.33
24.25,79.25,Buxwaha Tahsil,Madhya Pradesh,0.01,0.58,0.05,0.12,2.87,4.43,6.05,6.94,3.51,0.61,0.0,0.34
24.25,79.5,Batiyagarh Tahsil,Madhya Pradesh,0.02,0.6,0.28,0.51,3.96,3.63,7.84,8.41,4.49,0.18,0.0,0.36
24.25,79.75,Hatta Tahsil,Madhya Pradesh,0.03,0.34,0.56,0.35,4.25,3.74,8.29,6.66,5.26,0.09,0.0,0.25
24.25,80.0,Simariya Tahsil,Madhya Pradesh,0.0,0.17,0.26,0.11,2.9,2.36,8.86,5.19,6.51,0.6,0.0,0.19
24.25,80.25,Pawai Tahsil,Madhya Pradesh,0.0,0.11,0.11,0.02,2.52,2.32,8.51,5.22,6.03,0.93,0.0,0.17
24.25,80.5,Pawai Tahsil,Madhya Pradesh,0.0,0.07,0.05,0.03,2.81,2.31,5.68,4.05,4.44,1.22,0.0,0.08
24.25,80.75,Maihar Tahsil,Madhya Pradesh,0.0,0.09,0.06,0.03,2.78,2.83,6.99,5.07,5.51,1.01,0.0,0.14
24.25,81.0,Amarpatan Tahsil,Madhya Pradesh,0.0,0.09,0.04,0.01,3.27,4.6,8.3,7.52,7.43,0.63,0.0,0.25
24.25,81.25,Ramnagar Tahsil,Madhya Pradesh,0.0,0.08,0.02,0.0,3.63,6.03,8.04,9.1,8.06,0.42,0.0,0.29
24.25,81.5,Rampur Naikin Tahsil,Madhya Pradesh,0.0,0.1,0.03,0.0,3.52,7.19,8.49,10.07,7.83,0.35,0.0,0.35
24.25,81.75,Gopadbanas Tahsil,Madhya Pradesh,0.0,0.09,0.04,0.0,3.3,9.56,8.88,11.93,7.12,0.36,0.0,0.55
24.25,82.0,Gopadbanas Tahsil,Madhya Pradesh,0.0,0.08,0.04,0.0,3.22,10.83,8.85,13.01,6.44,0.41,0.0,0.62
24.25,82.25,Deosar Tahsil,Madhya Pradesh,0.0,0.09,0.01,0.0,3.87,10.29,9.03,13.59,6.43,0.85,0.0,0.54
24.25,82.5,Chitrangi Tahsil,Madhya Pradesh,0.0,0.11,0.01,0.0,3.52,7.24,9.12,9.32,5.34,0.99,0.0,0.13
24.25,82.75,Chitrangi Tahsil,Madhya Pradesh,0.0,0.07,0.01,0.0,3.25,7.07,9.05,6.7,5.03,0.69,0.0,0.11
24.25,83.0,Dudhi,Uttar Pradesh,0.0,0.0,0.0,0.0,2.81,7.23,8.41,4.48,4.93,0.28,0.0,0.1
24.25,83.25,Dudhi,Uttar Pradesh,0.05,0.0,0.0,0.03,3.12,6.73,7.61,4.62,5.13,0.76,0.0,0.16
24.25,83.5,Nagaruntari,Jharkhand,0.12,0.0,0.0,0.13,3.68,6.45,6.68,5.41,5.94,1.82,0.0,0.27
24.25,83.75,Majhiaon,Jharkhand,0.15,0.0,0.0,0.04,4.26,4.84,4.8,5.73,4.81,0.93,0.0,0.34
24.25,84.0,Nawa Bazar,Jharkhand,0.1,0.0,0.0,0.01,5.43,9.43,6.97,6.85,5.92,1.37,0.0,0.61
24.25,84.25,Chhatarpur,Jharkhand,0.08,0.0,0.0,0.0,4.85,8.7,7.45,6.43,5.83,1.26,0.0,0.47
24.25,84.5,Pratappur,Jharkhand,0.05,0.0,0.05,0.0,4.7,7.43,9.12,7.42,6.37,1.84,0.01,0.78
24.25,84.75,Kunda,Jharkhand,0.04,0.0,0.11,0.02,6.41,9.13,9.79,7.68,7.14,2.63,0.02,0.97
24.25,85.0,Kanha Chatti,Jharkhand,0.01,0.0,0.27,0.06,9.8,13.03,13.39,7.04,8.24,3.94,0.05,0.98
24.25,85.25,Mayur Hand,Jharkhand,0.01,0.0,0.16,0.05,8.55,10.88,14.31,7.61,6.38,3.68,0.0,0.89
24.25,85.5,Barhi,Jharkhand,0.0,0.0,0.05,0.03,4.69,8.75,6.75,3.73,7.35,6.6,0.07,0.85
24.25,85.75,Chalkusa,Jharkhand,0.0,0.0,0.18,0.0,5.42,8.95,8.66,5.76,10.1,4.14,0.91,1.28
24.25,86.0,Birni,Jharkhand,0.0,0.0,0.15,0.03,4.67,13.81,9.03,6.0,8.81,3.43,0.26,0.61
24.25,86.25,Giridih,Jharkhand,0.0,0.0,0.03,0.21,3.44,11.15,7.92,5.19,8.13,5.2,0.05,0.31
24.25,86.5,Gande,Jharkhand,0.0,0.0,0.09,0.11,3.18,9.96,7.2,6.98,6.77,5.66,0.01,0.15
24.25,86.75,Sarath,Jharkhand,0.0,0.0,0.01,0.24,3.99,10.43,9.89,8.98,7.11,5.23,0.06,0.2
24.25,87.0,Palojori,Jharkhand,0.0,0.0,0.01,0.37,3.71,9.72,7.9,7.31,6.25,4.5,0.2,0.38
24.25,87.25,Dumka,Jharkhand,0.0,0.03,0.18,0.14,10.44,8.07,13.94,6.75,6.55,3.57,0.7,0.44
24.25,87.5,Unknown,Jharkhand,0.0,0.0,0.17,0.83,5.67,9.11,10.58,10.99,4.75,1.99,0.26,0.06
24.25,87.75,Rampurhat - I,West Bengal,0.0,0.0,0.25,0.42,7.22,9.79,9.01,7.11,5.46,2.57,0.37,0.09
24.25,88.0,Nalhati - II,West Bengal,0.0,0.0,0.14,0.35,7.66,8.25,7.77,4.91,3.89,2.04,0.46,0.05
24.25,88.25,Murshidabad Jiaganj,West Bengal,0.0,0.0,0.2,0.37,7.87,9.62,8.52,4.69,4.92,2.18,0.41,0.27
24.25,88.5,Raninagar - II,West Bengal,0.0,0.0,0.11,0.37,7.91,9.32,8.2,4.78,4.99,2.09,0.49,0.56
24.25,91.25,Lakhai Upazila,Sylhet Division,0.0,0.0,0.0,0.0,0.0,0.0,0.0,0.0,0.0,0.0,0.0,0.0
24.25,91.5,Chunarughat Upazila,Sylhet Division,0.0,0.0,0.0,0.0,0.0,0.0,0.0,0.0,0.0,0.0,0.0,0.0
24.25,91.75,Kamalganj Upazila,Sylhet Division,0.26,0.0,3.6,1.46,7.8,7.83,9.07,10.39,7.1,3.57,0.06,2.77
24.25,92.0,Kailashahar,Tripura,0.24,0.0,3.21,1.87,8.65,8.37,10.49,10.02,6.44,4.71,0.02,2.46
24.25,92.25,Panisagar,Tripura,0.27,0.0,1.8,2.08,9.63,9.28,12.28,11.15,6.57,5.27,0.07,2.42
24.25,92.5,Katlichara,Assam,0.28,0.0,1.83,2.83,10.67,12.75,13.57,12.94,7.09,4.67,0.0,2.66
24.25,92.75,'N' Thingdawl,Mizoram,0.34,0.0,1.94,2.57,12.36,16.57,14.2,15.87,7.28,4.72,0.0,2.4
24.25,93.0,Darlawn,Mizoram,0.36,0.0,1.89,2.15,12.6,17.01,13.9,16.13,7.09,4.8,0.0,2.23
24.25,93.25,Thanlon subdivision,Manipur,0.29,0.0,1.75,1.78,7.56,9.63,7.97,11.21,4.4,2.66,0.0,2.07
24.25,93.5,Henglep subdivision,Manipur,0.22,0.0,1.66,1.58,5.12,5.75,5.61,8.91,3.16,1.98,0.0,2.08
24.25,93.75,Churachandpur Subdivision,Manipur,0.19,0.0,1.62,1.52,4.07,4.09,4.62,7.91,2.66,1.72,0.0,2.08
24.25,94.0,Chandel subdivision,Manipur,0.19,0.0,1.61,1.49,3.82,3.69,4.39,7.68,2.55,1.66,0.0,2.09
24.25,94.25,Tengnoupal subdivision,Manipur,0.19,0.0,1.61,1.49,3.81,3.67,4.38,7.67,2.55,1.66,0.0,2.09
24.5,68.75,Badin District,Unknown,0.0,0.0,0.0,0.0,0.0,0.62,1.15,0.0,6.13,2.02,0.0,0.0
24.5,69.25,Tharparkar District,Sindh,0.0,0.0,0.0,0.0,0.0,0.74,1.26,0.0,6.47,1.98,0.01,0.0
24.5,69.5,Tharparkar District,Sindh,0.0,0.0,0.0,0.01,0.0,0.94,1.44,0.0,6.85,1.87,0.05,0.0
24.5,70.0,Tharparkar District,Sindh,0.0,0.0,0.0,0.06,1.05,1.17,2.22,0.04,10.34,0.4,0.42,0.09
24.5,70.25,Tharparkar District,Sindh,0.0,0.0,0.0,0.03,1.15,1.08,1.91,0.09,10.73,0.39,0.26,0.1
24.5,70.5,Tharparkar District,Sindh,0.0,0.0,0.0,0.0,0.78,1.03,1.27,0.26,9.25,0.23,0.45,0.09
24.5,70.75,Tharparkar District,Sindh,0.0,0.0,0.0,0.0,0.07,1.18,1.06,0.53,7.04,0.03,0.79,0.09
24.5,71.0,Tharparkar District,Sindh,0.0,0.0,0.0,0.01,0.13,1.14,1.28,0.57,7.01,0.03,0.82,0.15
24.5,71.25,Unknown,Gujarat,0.0,0.0,0.0,0.02,0.16,1.06,1.25,0.56,6.86,0.03,0.68,0.18
24.5,71.5,Vav Taluka,Gujarat,0.0,0.0,0.0,0.01,0.14,0.86,1.2,0.58,6.98,0.03,0.82,0.15
24.5,71.75,Tharad Taluka,Gujarat,0.0,0.0,0.0,0.02,0.3,0.47,3.38,0.69,7.43,0.0,1.05,0.17
24.5,72.0,Dhanera Taluka,Gujarat,0.0,0.0,0.0,0.0,0.31,0.44,4.7,0.72,8.1,0.0,1.32,0.01
24.5,72.25,Dhanera Taluka,Gujarat,0.0,0.0,0.0,0.0,0.58,1.97,3.19,0.89,8.94,0.04,1.12,0.11
24.5,72.5,Reodar Tehsil,Rajasthan,0.0,0.0,0.0,0.0,0.7,1.89,4.38,1.43,8.13,0.21,1.28,0.09
24.5,72.75,Abu Road Tehsil,Rajasthan,0.0,0.0,0.0,0.0,0.97,2.04,4.28,2.86,8.06,0.65,1.45,0.26
24.5,73.0,Abu Road Tehsil,Rajasthan,0.0,0.0,0.0,0.0,1.94,2.91,4.8,1.77,11.13,0.61,3.47,0.37
24.5,73.25,Kotra Tehsil,Rajasthan,0.0,0.0,0.01,0.0,2.58,3.02,3.65,2.95,10.12,0.58,5.8,0.28
24.5,73.5,Jhadol Tehsil,Rajasthan,0.0,0.0,0.09,0.0,3.64,3.01,2.89,3.51,8.43,0.64,5.31,0.37
24.5,73.75,Girwa Tehsil,Rajasthan,0.0,0.0,0.12,0.0,4.52,2.69,3.32,2.64,7.85,0.71,5.28,0.52
24.5,74.0,Girwa Tehsil,Rajasthan,0.46,0.0,0.06,0.0,3.55,2.88,5.26,3.43,11.54,0.42,4.04,0.82
24.5,74.25,Dungla Tehsil,Rajasthan,0.73,0.0,0.0,0.0,3.43,2.84,6.37,4.04,14.1,0.37,3.29,0.77
24.5,74.5,Bari Sadri Tehsil,Rajasthan,0.14,0.0,0.0,0.0,3.03,4.55,5.27,6.42,14.31,2.33,2.7,0.75
24.5,74.75,Neemuch Tehsil,Madhya Pradesh,0.23,0.0,0.0,0.0,2.89,2.99,6.7,7.67,16.36,1.95,2.51,0.93
24.5,75.0,Neemuch Tehsil,Madhya Pradesh,1.59,0.0,0.0,0.0,2.04,4.04,8.31,8.26,14.45,1.24,2.7,1.35
24.5,75.25,Manasa Tehsil,Madhya Pradesh,1.04,0.0,0.0,0.0,1.59,3.48,10.07,10.4,11.78,1.29,2.02,1.24
24.5,75.5,Rampura Tehsil,Madhya Pradesh,0.01,0.0,0.0,0.0,0.73,2.09,11.23,15.57,6.98,1.19,0.98,1.07
24.5,75.75,Bhanpura Tahsil,Madhya Pradesh,0.1,0.0,0.0,0.0,0.56,2.85,7.29,17.23,7.77,1.06,1.06,1.05
24.5,76.0,Pachpahar Tehsil,Rajasthan,0.01,0.0,0.0,0.0,0.34,1.47,5.0,17.59,6.79,0.4,0.03,0.96
24.5,76.25,Asnawar Tehsil,Rajasthan,0.0,0.0,0.0,0.0,0.35,2.57,5.83,24.01,8.12,0.13,0.0,0.74
24.5,76.5,Khanpur Tehsil,Rajasthan,0.02,0.0,0.0,0.0,0.54,1.12,7.58,21.84,3.84,0.69,0.06,0.48
24.5,76.75,Chhipabarod Tehsil,Rajasthan,0.04,0.0,0.07,0.0,1.35,2.4,10.42,24.06,3.37,1.24,0.06,0.47
24.5,77.0,Chhabra Tehsil,Rajasthan,0.03,0.0,0.31,0.0,1.23,2.38,10.29,24.52,4.71,1.99,0.03,0.3
24.5,77.25,Raghogarh Tahsil,Madhya Pradesh,0.01,0.02,0.7,0.03,1.37,4.66,11.43,20.47,7.96,3.53,0.0,0.05
24.5,77.5,Ashoknagar Tahsil,Madhya Pradesh,0.05,0.02,0.24,0.14,1.85,5.21,11.16,16.3,8.95,1.86,0.0,0.15
24.5,77.75,Ashoknagar Tahsil,Madhya Pradesh,0.11,0.01,0.2,0.21,1.9,5.18,7.77,16.25,8.0,0.97,0.0,0.2
24.5,78.0,Piprai Tahsil,Madhya Pradesh,0.12,0.0,0.22,0.15,1.65,5.27,7.67,13.56,6.36,0.65,0.0,0.08
24.5,78.25,Lalitpur Tehsil,Uttar Pradesh,0.05,0.0,0.04,0.04,0.78,1.44,7.27,11.23,5.06,1.49,0.0,0.07
24.5,78.5,Lalitpur Tehsil,Uttar Pradesh,0.06,0.0,0.0,0.0,0.47,0.98,7.28,11.75,4.67,0.54,0.0,0.15
24.5,78.75,Mahroni Tehsil,Uttar Pradesh,0.04,0.14,0.0,0.0,0.99,1.75,6.84,10.13,4.28,0.74,0.0,0.19
24.5,79.0,Badgaon Dhasan Tahsil,Madhya Pradesh,0.02,0.44,0.03,0.1,2.26,3.51,6.62,8.17,3.94,0.7,0.0,0.3
24.5,79.25,Bada Malhera Tahsil,Madhya Pradesh,0.02,0.56,0.05,0.21,3.0,3.94,7.0,7.55,4.15,0.72,0.0,0.33
24.5,79.5,Bijawar Tahsil,Madhya Pradesh,0.04,0.45,0.07,0.25,3.39,3.47,7.17,8.04,4.85,0.39,0.0,0.29
24.5,79.75,Bijawar Tahsil,Madhya Pradesh,0.06,0.1,0.04,0.07,3.16,2.28,8.64,6.98,6.88,0.68,0.0,0.1
24.5,80.0,Amanganj Tahsil,Madhya Pradesh,0.03,0.1,0.07,0.0,2.47,1.82,10.39,6.4,7.33,0.61,0.0,0.18
24.5,80.25,Gunnor Tahsil,Madhya Pradesh,0.0,0.16,0.11,0.01,2.15,1.94,10.05,5.92,7.34,0.5,0.0,0.23
24.5,80.5,Nagod Tahsil,Madhya Pradesh,0.0,0.14,0.1,0.01,2.27,2.9,10.59,5.9,6.94,0.86,0.0,0.27
24.5,80.75,Unchahara Tahsil,Madhya Pradesh,0.0,0.11,0.07,0.02,2.72,3.29,8.58,6.08,6.65,0.81,0.0,0.22
24.5,81.0,Rampur Baghelan Tahsil,Madhya Pradesh,0.0,0.08,0.02,0.0,3.57,5.5,8.55,8.55,8.3,0.45,0.0,0.27
24.5,81.25,Huzur Tahsil,Madhya Pradesh,0.0,0.07,0.0,0.0,3.86,5.91,8.15,9.39,8.84,0.31,0.0,0.3
24.5,81.5,Gurh Tahsil,Madhya Pradesh,0.0,0.06,0.0,0.0,3.87,6.64,8.12,10.03,8.51,0.3,0.0,0.35
24.5,81.75,Mauganj Tahsil,Madhya Pradesh,0.0,0.02,0.0,0.0,3.7,10.81,8.42,13.59,7.39,0.27,0.0,0.73
24.5,82.0,Sihawal Tahsil,Madhya Pradesh,0.0,0.01,0.0,0.0,3.67,11.43,8.12,14.11,6.28,0.33,0.0,0.7
24.5,82.25,Bahari Tahsil,Madhya Pradesh,0.0,0.05,0.0,0.0,3.58,9.56,8.22,12.85,5.97,0.79,0.0,0.42
24.5,82.5,Chitrangi Tahsil,Madhya Pradesh,0.01,0.13,0.01,0.0,3.89,7.45,8.66,11.1,5.62,1.13,0.0,0.14
24.5,82.75,Robertsganj,Uttar Pradesh,0.01,0.19,0.02,0.01,4.06,6.76,9.99,11.02,5.23,1.48,0.0,0.13
24.5,83.0,Robertsganj,Uttar Pradesh,0.01,0.17,0.02,0.01,3.95,6.6,10.42,9.24,5.03,1.31,0.0,0.12
24.5,83.25,Robertsganj,Uttar Pradesh,0.05,0.06,0.01,0.07,3.22,6.76,8.76,6.55,5.51,1.34,0.0,0.17
24.5,83.5,Ketar,Jharkhand,0.1,0.02,0.0,0.06,3.82,6.8,5.43,5.86,5.29,2.33,0.0,0.19
24.5,83.75,Unknown,Jharkhand,0.12,0.02,0.0,0.05,5.29,7.55,5.48,6.62,4.98,4.48,0.0,0.14
24.5,84.0,Hussainabad,Jharkhand,0.05,0.01,0.0,0.0,7.69,12.18,6.09,7.85,5.39,3.27,0.0,1.28
24.5,84.25,Hariharganj,Jharkhand,0.05,0.01,0.0,0.0,5.8,10.71,6.71,8.48,5.13,3.38,0.0,0.78
24.5,84.5,Dumaria,Bihar,0.06,0.0,0.03,0.0,5.43,7.98,9.17,8.6,6.37,2.37,0.0,0.8
24.5,84.75,Banke Bazar,Bihar,0.03,0.0,0.03,0.0,6.19,9.12,9.14,9.57,5.7,2.92,0.0,0.97
24.5,85.0,Barachati,Bihar,0.05,0.0,0.15,0.0,8.18,12.04,12.99,5.83,6.57,3.83,0.0,0.83
24.5,85.25,Fatehpur,Bihar,0.07,0.0,0.02,0.04,8.82,11.14,14.21,6.17,5.29,3.65,0.0,0.64
24.5,85.5,Koderma,Jharkhand,0.02,0.0,0.07,0.09,6.82,8.16,11.97,7.15,6.97,4.71,0.29,0.78
24.5,85.75,Domchanch,Jharkhand,0.01,0.0,0.1,0.01,5.53,9.46,7.03,5.44,7.54,6.12,0.5,0.79
24.5,86.0,Deori,Jharkhand,0.01,0.0,0.0,0.04,6.96,9.01,4.31,4.3,5.22,6.06,0.02,0.14
24.5,86.25,Deori,Jharkhand,0.0,0.0,0.0,0.74,3.16,8.75,5.15,7.07,5.92,5.8,0.0,0.22
24.5,86.5,Chakai,Bihar,0.0,0.0,0.01,0.96,3.06,8.83,4.97,8.15,5.48,5.81,0.0,0.22
24.5,86.75,Mohanpur,Jharkhand,0.0,0.0,0.01,0.23,4.35,9.84,9.72,9.28,6.67,5.64,0.02,0.2
24.5,87.0,Saraiyahat,Jharkhand,0.0,0.0,0.01,0.46,5.1,10.95,9.91,8.66,4.81,4.24,0.05,0.12
24.5,87.25,Ramgarh,Jharkhand,0.0,0.0,0.0,0.24,7.07,13.62,11.53,9.37,2.64,3.09,0.0,0.0
24.5,87.5,Gopikandar,Jharkhand,0.0,0.0,0.03,0.34,3.72,5.99,5.42,5.48,2.08,2.86,0.0,0.01
24.5,87.75,Maheshpur,Jharkhand,0.0,0.0,0.43,0.28,5.49,12.97,10.6,6.1,8.38,3.31,0.03,0.14
24.5,88.0,Suti - I,West Bengal,0.0,0.0,0.29,0.23,6.83,10.53,8.84,5.86,6.24,2.68,0.27,0.09
24.5,88.25,Nawabganj Upazila,Rajshahi Division,0.0,0.0,0.08,0.33,8.34,8.76,8.07,5.25,4.81,2.42,0.29,0.08
24.5,88.5,Godagari Upazila,Rajshahi Division,0.0,0.0,0.07,0.37,8.08,7.47,6.43,4.74,3.65,2.16,0.26,0.06
24.5,91.75,Moulvibazar Sadar Upazila,Sylhet Division,0.18,0.0,3.56,1.41,7.58,7.77,9.56,10.91,6.58,3.74,0.04,2.75
24.5,92.0,Kulaura Upazila,Sylhet Division,0.22,0.0,3.37,1.93,9.3,9.02,11.32,11.7,5.92,5.28,0.0,2.39
24.5,92.25,Patharkandi,Assam,0.37,0.0,2.63,2.64,10.94,10.58,13.05,13.23,6.49,6.2,0.0,2.15
24.5,92.5,Ramkrishna Nagar,Assam,0.24,0.0,2.36,3.33,11.62,14.89,15.48,15.19,7.78,4.39,0.0,2.94
24.5,92.75,Katlichara,Assam,0.39,0.0,2.2,2.73,12.44,17.24,13.25,15.85,6.99,4.79,0.0,2.09
24.5,93.0,Sonai,Assam,0.4,0.0,2.05,2.4,12.54,17.23,12.61,16.01,6.66,4.89,0.0,2.04
24.5,93.25,Thanlon subdivision,Manipur,0.25,0.0,1.73,1.77,6.22,7.45,6.64,9.96,3.68,2.26,0.0,2.07
24.5,93.5,Henglep subdivision,Manipur,0.2,0.0,1.64,1.54,4.37,4.56,4.91,8.21,2.79,1.78,0.0,2.09
24.5,93.75,Bishnupur block,Manipur,0.19,0.0,1.61,1.51,4.01,4.05,4.61,7.87,2.71,1.73,0.0,2.07
24.5,94.0,Kakching subdivision,Manipur,0.18,0.0,1.59,1.48,3.77,3.68,4.4,7.66,2.59,1.68,0.01,2.07
24.5,94.25,Machi subdivision,Manipur,0.18,0.0,1.58,1.47,3.76,3.66,4.39,7.65,2.58,1.68,0.0,2.05
24.75,71.0,Tharparkar District,Sindh,0.0,0.0,0.0,0.01,0.13,0.79,1.19,0.52,6.63,0.02,0.39,0.13
24.75,71.25,Sedwa Tehsil,Rajasthan,0.0,0.0,0.0,0.02,0.18,0.84,1.36,0.53,6.53,0.02,0.32,0.19
24.75,71.5,Chitalwana Tehsil,Rajasthan,0.0,0.0,0.0,0.06,0.38,0.74,2.14,0.65,6.35,0.01,0.43,0.42
24.75,71.75,Sanchore Tehsil,Rajasthan,0.0,0.0,0.0,0.09,0.58,0.64,2.96,0.81,6.11,0.0,0.33,0.61
24.75,72.0,Sanchore Tehsil,Rajasthan,0.0,0.0,0.0,0.01,0.9,1.21,2.5,1.61,6.02,0.0,0.88,0.27
24.75,72.25,Raniwara Tehsil,Rajasthan,0.0,0.0,0.0,0.0,1.1,2.2,2.81,1.72,8.16,0.03,0.99,0.27
24.75,72.5,Reodar Tehsil,Rajasthan,0.0,0.0,0.0,0.0,1.06,2.95,4.55,1.28,11.39,0.1,1.29,0.14
24.75,72.75,Sirohi Tehsil,Rajasthan,0.0,0.0,0.0,0.0,0.86,1.48,3.79,0.93,8.7,0.21,1.4,0.27
24.75,73.0,Pindwara Tehsil,Rajasthan,0.0,0.0,0.0,0.0,1.94,1.77,5.74,0.58,8.43,0.23,1.15,0.46
24.75,73.25,Kotra Tehsil,Rajasthan,0.0,0.0,0.02,0.0,3.63,1.86,4.32,2.38,9.78,0.46,1.79,0.88
24.75,73.5,Gogunda Tehsil,Rajasthan,0.0,0.0,0.03,0.0,4.42,1.78,3.65,2.96,10.37,0.54,1.7,1.09
24.75,73.75,Nathdwara Tehsil,Rajasthan,0.0,0.0,0.12,0.0,3.14,3.64,3.28,2.92,8.67,0.4,4.14,0.94
24.75,74.0,Mavli Tehsil,Rajasthan,0.03,0.0,0.09,0.0,2.96,3.38,3.64,3.7,8.02,1.0,3.49,1.18
24.75,74.25,Kapasan Tehsil,Rajasthan,0.27,0.0,0.0,0.0,3.08,3.18,5.03,4.97,11.51,0.94,3.32,0.85
24.75,74.5,Bhadesar Tehsil,Rajasthan,0.25,0.0,0.0,0.0,2.56,3.31,5.64,5.58,12.0,2.41,2.99,0.73
24.75,74.75,Chittaurgarh Tehsil,Rajasthan,0.16,0.0,0.0,0.0,2.87,2.93,6.46,7.33,15.77,2.23,2.53,0.95
24.75,75.0,Nimbahera Tehsil,Rajasthan,1.28,0.0,0.0,0.0,1.25,3.5,4.27,11.76,14.07,2.73,4.03,1.05
24.75,75.25,Rawatbhata Tehsil,Rajasthan,0.83,0.0,0.06,0.0,0.75,3.09,4.58,11.86,10.49,2.12,2.95,0.95
24.75,75.5,Rawatbhata Tehsil,Rajasthan,0.22,0.0,0.05,0.0,0.54,1.83,5.87,15.64,7.25,1.38,1.76,0.92
24.75,75.75,Bhanpura Tahsil,Madhya Pradesh,0.8,0.0,0.24,0.0,0.7,1.79,5.28,18.58,7.14,2.08,1.71,0.63
24.75,76.0,Ramganj Mandi Tehsil,Rajasthan,0.44,0.0,0.11,0.0,0.89,0.99,7.03,20.68,6.31,1.42,0.85,0.83
24.75,76.25,Khanpur Tehsil,Rajasthan,0.0,0.0,0.01,0.0,0.17,1.38,4.98,26.48,4.53,0.3,0.04,0.71
24.75,76.5,Atru Tehsil,Rajasthan,0.11,0.0,0.32,0.0,0.89,1.62,9.24,22.82,2.74,1.87,0.88,0.52
24.75,76.75,Atru Tehsil,Rajasthan,0.07,0.0,0.07,0.0,1.61,2.86,11.19,26.01,3.0,1.39,0.19,0.52
24.75,77.0,Bamori Tahsil,Madhya Pradesh,0.1,0.0,0.23,0.0,1.33,2.53,11.33,25.72,3.53,1.42,0.45,0.64
24.75,77.25,Guna Tahsil,Madhya Pradesh,0.03,0.0,0.28,0.22,2.22,2.82,11.09,22.57,8.49,2.25,0.25,0.58
24.75,77.5,Guna Tahsil,Madhya Pradesh,0.02,0.0,0.19,0.3,2.23,3.29,9.2,19.17,10.08,2.2,0.1,0.42
24.75,77.75,Isagarh Tahsil,Madhya Pradesh,0.01,0.0,0.02,0.31,1.85,3.66,8.07,18.96,9.94,2.04,0.0,0.38
24.75,78.0,Chanderi Tahsil,Madhya Pradesh,0.09,0.0,0.14,0.19,2.11,3.27,7.65,19.18,10.24,1.51,0.0,0.13
24.75,78.25,Lalitpur Tehsil,Uttar Pradesh,0.01,0.0,0.01,0.01,0.68,0.44,7.1,9.98,4.74,2.35,0.0,0.02
24.75,78.5,Lalitpur Tehsil,Uttar Pradesh,0.05,0.01,0.01,0.01,0.61,0.94,7.34,11.96,5.09,0.98,0.0,0.13
24.75,78.75,Mahroni Tehsil,Uttar Pradesh,0.04,0.03,0.0,0.0,0.76,1.11,7.48,9.91,4.78,1.13,0.0,0.14
24.75,79.0,Baldeogarh Tahsil,Madhya Pradesh,0.04,0.17,0.02,0.0,1.55,2.65,8.78,6.94,5.63,1.78,0.0,0.22
24.75,79.25,Baldeogarh Tahsil,Madhya Pradesh,0.05,0.24,0.04,0.0,2.21,3.56,9.24,6.56,6.35,1.99,0.0,0.21
24.75,79.5,Bijawar Tahsil,Madhya Pradesh,0.07,0.06,0.04,0.0,2.72,2.98,8.06,7.41,6.72,1.0,0.0,0.12
24.75,79.75,Rajnagar Tahsil,Madhya Pradesh,0.07,0.02,0.02,0.0,3.21,2.78,8.13,7.49,6.8,0.58,0.0,0.1
24.75,80.0,Rajnagar Tahsil,Madhya Pradesh,0.04,0.02,0.02,0.0,2.83,2.01,11.49,7.07,6.94,1.29,0.0,0.06
24.75,80.25,Panna Tahsil,Madhya Pradesh,0.01,0.14,0.08,0.0,1.99,1.53,9.84,5.99,7.23,0.5,0.0,0.18
24.75,80.5,Nagod Tahsil,Madhya Pradesh,0.0,0.12,0.09,0.01,2.35,2.42,10.6,6.05,7.14,0.76,0.0,0.24
24.75,80.75,Kothi Tahsil,Madhya Pradesh,0.0,0.08,0.05,0.01,3.02,8.15,14.06,8.61,9.05,0.44,0.0,0.15
24.75,81.0,Kotar Tahsil,Madhya Pradesh,0.0,0.06,0.01,0.0,3.65,7.78,11.02,9.54,9.21,0.34,0.0,0.22
24.75,81.25,Semaria Tahsil,Madhya Pradesh,0.0,0.06,0.0,0.0,3.8,6.77,8.05,10.11,8.6,0.3,0.0,0.33
24.75,81.5,Mangawan Tahsil,Madhya Pradesh,0.0,0.05,0.0,0.0,3.67,8.28,8.06,11.34,8.04,0.28,0.0,0.43
24.75,81.75,Naigarhi Tahsil,Madhya Pradesh,0.0,0.0,0.0,0.0,3.47,13.6,8.82,15.93,7.25,0.26,0.0,0.99
24.75,82.0,Hanumana Tahsil,Madhya Pradesh,0.0,0.0,0.0,0.01,3.62,13.11,8.55,15.2,6.85,0.27,0.0,0.92
24.75,82.25,Hanumana Tahsil,Madhya Pradesh,0.0,0.04,0.0,0.04,3.66,10.76,7.65,11.51,6.4,0.64,0.0,0.33
24.75,82.5,Lalganj,Uttar Pradesh,0.0,0.07,0.0,0.0,3.41,8.21,7.33,11.62,6.08,0.81,0.0,0.16
24.75,82.75,Ghorawal,Uttar Pradesh,0.01,0.17,0.01,0.01,4.01,6.51,10.22,11.37,4.92,1.66,0.0,0.11
24.75,83.0,Robertsganj,Uttar Pradesh,0.01,0.23,0.02,0.01,4.16,7.42,10.22,11.31,4.97,2.06,0.0,0.13
24.75,83.25,Chakia,Uttar Pradesh,0.0,0.2,0.01,0.0,3.48,12.38,5.66,9.39,5.29,3.35,0.0,0.12
24.75,83.5,Adhaura,Bihar,0.0,0.21,0.0,0.0,3.06,12.35,4.34,8.65,5.24,3.58,0.0,0.13
24.75,83.75,Adhaura,Bihar,0.01,0.11,0.0,0.01,4.0,10.99,4.81,10.04,4.33,4.3,0.0,0.24
24.75,84.0,Rohtas,Bihar,0.03,0.11,0.0,0.01,4.49,9.27,4.56,11.13,3.45,4.48,0.0,0.74
24.75,84.25,Nabinagar,Bihar,0.01,0.02,0.0,0.0,4.53,10.56,7.35,11.75,4.35,3.68,0.0,0.52
24.75,84.5,Madanpur,Bihar,0.03,0.02,0.01,0.02,6.21,11.22,7.42,11.13,5.14,3.13,0.0,0.58
24.75,84.75,Guraru,Bihar,0.0,0.0,0.02,0.0,7.45,10.96,9.14,11.15,4.93,3.67,0.0,1.13
24.75,85.0,Gaya Town C.D.Block,Bihar,0.04,0.0,0.1,0.0,8.04,12.49,10.71,6.02,5.26,5.01,0.0,0.73
24.75,85.25,Wazirganj,Bihar,0.03,0.0,0.06,0.0,7.69,11.82,8.64,5.07,4.69,5.29,0.0,0.5
24.75,85.5,Akbarpur,Bihar,0.06,0.0,0.01,0.0,7.12,12.34,7.39,5.15,3.71,5.5,0.0,0.17
24.75,85.75,Satgawan,Jharkhand,0.04,0.0,0.0,0.04,7.65,13.78,5.59,6.2,2.59,6.91,0.0,0.16
24.75,86.0,Tisri,Jharkhand,0.0,0.0,0.0,0.01,6.95,10.0,3.45,2.97,5.13,4.37,0.0,0.12
24.75,86.25,Sono,Bihar,0.0,0.0,0.0,0.12,6.07,6.7,4.22,5.81,5.41,5.37,0.0,0.17
24.75,86.5,Jhajha,Bihar,0.0,0.0,0.0,0.06,4.94,6.01,6.04,9.36,4.29,4.57,0.0,0.25
24.75,86.75,Katoria,Bihar,0.0,0.0,0.0,0.46,5.24,6.61,7.72,7.22,3.02,3.34,0.0,0.36
24.75,87.0,Bausi,Bihar,0.0,0.0,0.01,0.67,5.54,7.36,7.5,7.19,3.65,3.99,0.0,0.34
24.75,87.25,Godda,Jharkhand,0.0,0.0,0.02,0.27,4.98,9.46,7.73,7.35,3.36,3.23,0.0,0.02
24.75,87.5,Litipara,Jharkhand,0.0,0.0,0.08,0.21,7.62,8.56,6.89,7.74,3.6,2.83,0.0,0.01
24.75,87.75,Hiranpur,Jharkhand,0.0,0.0,0.08,0.21,11.25,8.17,7.25,9.15,3.64,2.65,0.0,0.15
24.75,88.0,Kaliachak - III,West Bengal,0.0,0.0,0.04,0.25,11.72,8.63,7.79,8.45,3.86,2.74,0.0,0.25
24.75,92.25,Barlekha Upazila,Sylhet Division,0.38,0.0,2.57,3.8,12.86,13.05,14.57,16.34,6.61,6.61,0.01,1.86
24.75,92.5,Nilambazar,Assam,0.28,0.0,2.43,3.62,14.3,18.08,14.93,16.88,7.21,5.2,0.01,2.06
24.75,92.75,Silchar,Assam,0.41,0.0,2.19,2.58,13.25,18.05,12.86,16.94,6.16,4.94,0.0,1.53
24.75,93.0,Lakhipur,Assam,0.4,0.0,2.14,2.59,12.48,17.16,12.56,15.94,6.66,4.85,0.0,2.04
24.75,93.25,Tamenglong West,Manipur,0.22,0.0,1.73,1.71,5.08,5.63,5.54,8.89,3.1,2.02,0.0,2.04
24.75,93.5,Nungba subdivision,Manipur,0.19,0.0,1.61,1.49,3.81,3.68,4.38,7.67,2.55,1.6,0.01,2.14
24.75,93.75,Bungte Chiru Subdivision,Manipur,0.18,0.0,1.58,1.48,3.78,3.75,4.46,7.68,2.68,1.7,0.01,2.07
24.75,94.0,Keirao Bitra,Manipur,0.17,0.0,1.54,1.44,3.62,3.66,4.47,7.58,2.77,1.77,0.01,1.98
24.75,94.25,Kasom Khullen,Manipur,0.16,0.0,1.47,1.36,3.5,3.62,4.47,7.58,2.78,1.91,0.0,1.83
24.75,94.5,Kamjong subdivision,Manipur,0.13,0.0,1.3,1.14,3.27,3.52,4.39,7.65,2.29,2.09,0.0,1.48
25.0,70.75,Outside India,Outside India,0.0,0.0,0.0,0.0,0.13,0.57,1.55,0.6,5.53,0.0,0.0,0.0
25.0,71.0,Sedwa Tehsil,Rajasthan,0.0,0.0,0.0,0.0,0.12,0.44,1.11,0.39,5.81,0.0,0.0,0.0
25.0,71.25,Sedwa Tehsil,Rajasthan,0.0,0.0,0.0,0.02,0.16,0.53,1.46,0.45,6.07,0.0,0.06,0.14
25.0,71.5,Chitalwana Tehsil,Rajasthan,0.0,0.0,0.0,0.02,0.16,0.48,1.5,0.38,5.93,0.0,0.05,0.13
25.0,71.75,Chitalwana Tehsil,Rajasthan,0.0,0.0,0.0,0.04,0.4,0.47,2.06,0.35,5.54,0.0,0.1,0.25
25.0,72.0,Bhinmal Tehsil,Rajasthan,0.0,0.0,0.0,0.11,0.91,1.38,2.04,0.41,6.07,0.0,0.16,0.08
25.0,72.25,Bhinmal Tehsil,Rajasthan,0.0,0.0,0.0,0.04,1.05,2.18,2.37,0.41,6.48,0.0,0.27,0.07
25.0,72.5,Jaswantpura Tehsil,Rajasthan,0.0,0.0,0.0,0.01,0.94,2.67,2.9,0.45,9.42,0.0,0.79,0.12
25.0,72.75,Sirohi Tehsil,Rajasthan,0.0,0.0,0.0,0.0,0.56,1.72,1.77,0.24,7.76,0.0,1.24,0.19
25.0,73.0,Sheoganj Tehsil,Rajasthan,0.0,0.0,0.0,0.0,1.07,2.64,1.34,0.29,5.91,0.01,0.52,0.21
25.0,73.25,Bali Tehsil,Rajasthan,0.02,0.0,0.0,0.0,1.73,3.55,1.37,0.66,5.72,0.12,0.77,0.37
25.0,73.5,Gogunda Tehsil,Rajasthan,0.06,0.0,0.0,0.0,3.07,2.53,2.0,1.77,7.78,0.34,1.19,0.62
25.0,73.75,Nathdwara Tehsil,Rajasthan,0.0,0.0,0.0,0.0,2.64,3.99,2.54,2.79,12.7,0.45,1.71,0.62
25.0,74.0,Rajsamand Tehsil,Rajasthan,0.01,0.0,0.0,0.0,3.48,2.55,2.53,2.44,6.54,2.32,1.86,0.59
25.0,74.25,Railmagra Tehsil,Rajasthan,0.17,0.0,0.0,0.0,2.51,2.67,2.73,4.43,6.53,1.28,2.45,0.54
25.0,74.5,Gangrar Tehsil,Rajasthan,0.1,0.0,0.0,0.0,2.95,3.6,3.26,6.5,6.42,3.14,2.83,0.57
25.0,74.75,Chittaurgarh Tehsil,Rajasthan,0.69,0.0,0.0,0.0,1.79,2.93,3.96,9.37,10.17,3.07,3.31,0.78
25.0,75.0,Begun Tehsil,Rajasthan,1.4,0.0,0.0,0.0,0.61,3.41,2.43,13.67,13.13,3.2,4.54,0.9
25.0,75.25,Singoli Tehsil,Madhya Pradesh,0.62,0.0,0.09,0.0,0.39,2.82,3.18,11.41,9.15,2.12,2.23,0.68
25.0,75.5,Rawatbhata Tehsil,Rajasthan,0.49,0.0,0.2,0.0,0.44,2.44,3.92,12.3,7.28,2.05,2.14,0.7
25.0,75.75,Ladpura Tehsil,Rajasthan,1.52,0.0,0.75,0.0,0.65,0.49,4.57,18.81,5.42,2.74,1.8,0.38
25.0,76.0,Ladpura Tehsil,Rajasthan,1.27,0.0,0.43,0.0,1.3,0.53,6.9,20.35,5.28,2.65,1.5,0.68
25.0,76.25,Sangod Tehsil,Rajasthan,1.45,0.0,0.18,0.0,1.55,1.79,11.53,20.61,3.76,2.69,1.86,0.68
25.0,76.5,Baran Tehsil,Rajasthan,0.26,0.0,0.29,0.04,0.87,1.67,6.65,25.35,4.16,4.64,1.24,0.71
25.0,76.75,Kishanganj Tehsil,Rajasthan,0.16,0.0,0.43,0.02,1.03,2.14,9.54,27.05,4.33,3.27,1.08,0.76
25.0,77.0,Bamori Tahsil,Madhya Pradesh,0.13,0.0,0.57,0.06,1.69,2.62,13.36,27.62,6.26,1.97,0.79,0.85
25.0,77.25,Guna Tahsil,Madhya Pradesh,0.06,0.0,0.5,0.2,2.3,2.39,12.36,23.64,8.96,2.49,0.51,0.72
25.0,77.5,Badarwas Tahsil,Madhya Pradesh,0.02,0.0,0.38,0.29,2.68,2.35,10.9,20.38,10.54,2.68,0.26,0.53
25.0,77.75,Rannod Tahsil,Madhya Pradesh,0.02,0.0,0.12,0.29,2.1,3.31,8.59,19.38,10.14,2.13,0.06,0.39
25.0,78.0,Khaniyadhana Tahsil,Madhya Pradesh,0.04,0.0,0.11,0.17,1.68,2.44,7.74,16.25,8.24,2.01,0.03,0.21
25.0,78.25,Khaniyadhana Tahsil,Madhya Pradesh,0.04,0.04,0.06,0.07,1.41,1.52,7.56,13.81,7.05,2.43,0.0,0.09
25.0,78.5,Talbehat,Uttar Pradesh,0.03,0.12,0.01,0.0,1.22,0.86,8.21,12.65,5.99,2.44,0.0,0.13
25.0,78.75,Mohangarh Tahsil,Madhya Pradesh,0.02,0.14,0.0,0.0,1.71,1.69,8.22,8.69,5.7,1.74,0.0,0.19
25.0,79.0,Jatara Tahsil,Madhya Pradesh,0.02,0.14,0.01,0.0,1.66,2.43,8.45,5.65,5.37,1.76,0.0,0.2
25.0,79.25,Palera Tahsil,Madhya Pradesh,0.06,0.2,0.05,0.0,1.47,3.29,11.46,6.21,7.29,3.18,0.0,0.2
25.0,79.5,Nowgong Tahsil,Madhya Pradesh,0.07,0.08,0.04,0.0,2.59,3.05,8.23,7.35,6.73,1.22,0.0,0.13
25.0,79.75,Maharajpur Tahsil,Madhya Pradesh,0.08,0.06,0.08,0.0,2.95,3.58,6.95,6.99,7.19,0.98,0.0,0.13
25.0,80.0,Chandla Tahsil,Madhya Pradesh,0.04,0.02,0.01,0.0,2.73,2.85,13.0,7.91,6.74,1.79,0.0,0.04
25.0,80.25,Ajaigarh Tahsil,Madhya Pradesh,0.04,0.13,0.0,0.0,1.17,2.19,7.9,5.54,4.1,0.88,0.0,0.01
25.0,80.5,Majhgawan Tahsil,Madhya Pradesh,0.05,0.08,0.01,0.0,1.72,6.79,10.73,7.29,6.51,0.2,0.0,0.03
25.0,80.75,Majhgawan Tahsil,Madhya Pradesh,0.01,0.04,0.01,0.0,2.97,12.14,16.11,10.36,9.83,0.1,0.0,0.02
25.0,81.0,Karwi,Uttar Pradesh,0.0,0.02,0.0,0.0,3.39,9.96,12.45,9.96,8.86,0.16,0.0,0.07
25.0,81.25,Jawa Tahsil,Madhya Pradesh,0.0,0.04,0.0,0.08,3.17,6.56,6.21,9.77,8.53,0.42,0.0,0.17
25.0,81.5,Jawa Tahsil,Madhya Pradesh,0.0,0.02,0.0,0.07,4.05,9.43,4.94,14.02,8.2,0.25,0.0,0.1
25.0,81.75,Teonthar Tahsil,Madhya Pradesh,0.0,0.02,0.0,0.0,4.23,8.85,5.65,12.29,5.83,0.14,0.0,0.15
25.0,82.0,Koraon,Uttar Pradesh,0.0,0.0,0.0,0.0,4.26,8.81,6.28,11.79,4.75,0.2,0.0,0.33
25.0,82.25,Koraon,Uttar Pradesh,0.0,0.0,0.0,0.11,3.6,12.42,6.76,7.0,6.25,0.76,0.0,0.16
25.0,82.5,Marihan,Uttar Pradesh,0.0,0.02,0.0,0.11,3.07,9.56,6.48,8.2,5.97,0.95,0.0,0.11
25.0,82.75,Chunar,Uttar Pradesh,0.0,0.01,0.0,0.18,2.73,6.72,6.38,8.29,5.69,1.91,0.0,0.14
25.0,83.0,Chunar,Uttar Pradesh,0.0,0.07,0.0,0.29,3.9,8.28,6.55,10.04,6.31,4.13,0.0,0.18
25.0,83.25,Chakia,Uttar Pradesh,0.0,0.29,0.0,0.01,4.59,14.73,4.05,10.04,4.86,4.24,0.0,0.26
25.0,83.5,Chainpur,Bihar,0.0,0.29,0.0,0.0,3.13,11.87,4.12,8.44,5.27,3.37,0.0,0.29
25.0,83.75,Bhabua,Bihar,0.0,0.25,0.0,0.01,3.34,10.5,4.33,9.87,4.12,3.98,0.0,0.32
25.0,84.0,Sasaram,Bihar,0.02,0.1,0.0,0.01,4.28,8.83,4.18,10.92,2.77,4.47,0.0,0.6
25.0,84.25,Dehri,Bihar,0.02,0.05,0.0,0.0,4.97,9.47,5.7,10.9,3.56,3.55,0.0,0.71
25.0,84.5,Daudnagar,Bihar,0.03,0.06,0.0,0.04,5.22,10.94,3.09,7.95,3.67,2.48,0.0,0.46
25.0,84.75,Konch,Bihar,0.02,0.06,0.01,0.06,6.8,10.62,3.33,6.84,3.75,3.1,0.0,0.47
25.0,85.0,Belaganj,Bihar,0.0,0.0,0.0,0.43,9.52,13.09,9.48,12.22,2.38,7.42,0.0,0.04
25.0,85.25,Neem Chak Bathani,Bihar,0.0,0.02,0.02,0.0,8.45,11.74,6.3,5.96,4.33,4.8,0.0,0.31
25.0,85.5,Nardiganj,Bihar,0.0,0.0,0.0,0.04,8.87,9.54,5.29,5.83,3.62,8.62,0.0,0.3
25.0,85.75,Pakribarawan,Bihar,0.02,0.0,0.0,0.01,9.85,10.43,4.79,5.33,2.75,6.4,0.0,0.28
25.0,86.0,Halsi,Bihar,0.0,0.0,0.0,0.02,9.79,8.6,5.58,4.2,3.9,5.72,0.0,0.32
25.0,86.25,Barhat,Bihar,0.0,0.0,0.0,0.04,7.64,7.23,5.5,6.06,4.86,5.81,0.0,0.18
25.0,86.5,Kharagpur,Bihar,0.0,0.0,0.0,0.0,4.9,6.96,6.84,7.25,3.34,4.07,0.0,0.25
25.0,86.75,Phulidumar,Bihar,0.0,0.0,0.0,0.33,5.26,6.93,7.79,6.6,3.07,3.57,0.0,0.37
25.0,87.0,Rajaun,Bihar,0.0,0.0,0.07,0.1,4.49,7.41,4.98,5.39,5.87,6.87,0.0,0.23
25.0,87.25,Mahagama,Jharkhand,0.0,0.0,0.03,0.28,9.01,9.18,8.34,7.71,4.66,5.9,0.0,0.3
25.0,87.5,Borio,Jharkhand,0.0,0.0,0.0,0.57,15.57,11.72,12.71,11.57,4.63,5.23,0.0,0.07
25.0,87.75,Rajmahal,Jharkhand,0.0,0.0,0.01,0.2,15.88,6.53,7.94,8.49,2.0,2.78,0.0,0.43
25.0,88.0,English Bazar,West Bengal,0.0,0.0,0.02,0.27,14.33,6.84,7.47,9.21,2.26,2.77,0.0,0.32
25.0,88.25,Habibpur,West Bengal,0.0,0.0,0.03,0.47,10.7,6.0,4.04,6.8,1.44,1.93,0.0,0.06
25.0,92.25,Kanaighat Upazila,Sylhet Division,0.3,0.0,2.76,4.25,14.24,14.73,13.47,16.8,5.05,6.54,0.01,1.88
25.0,92.5,Katigora,Assam,0.12,0.0,2.99,4.96,9.29,13.54,9.8,11.37,4.31,5.38,0.01,1.16
25.0,92.75,Silchar,Assam,0.15,0.0,2.99,5.07,8.89,13.56,8.93,11.24,3.83,5.39,0.0,0.96
25.0,93.0,Udarbond,Assam,0.26,0.0,2.46,3.75,10.74,15.06,10.14,13.59,4.66,5.05,0.0,1.33
25.0,93.25,Mahur,Assam,0.21,0.0,1.92,2.37,5.53,6.59,5.85,9.13,3.07,2.24,0.0,1.92
25.0,93.5,Tamenglong Subdivision,Manipur,0.17,0.0,1.56,1.51,3.71,3.86,4.76,7.54,2.95,1.8,0.0,2.02
25.0,93.75,Tamenglong North,Manipur,0.16,0.0,1.51,1.45,3.53,3.67,4.61,7.47,2.96,1.84,0.0,1.92
25.0,94.0,Saikul subdivision,Manipur,0.14,0.0,1.4,1.35,3.27,3.63,4.7,7.38,3.14,1.98,0.0,1.68
25.0,94.25,Ukhrul subdivision,Manipur,0.11,0.0,1.23,1.13,3.02,3.54,4.58,7.49,2.9,2.27,0.0,1.03
25.0,94.5,Kamjong subdivision,Manipur,0.1,0.0,1.16,1.02,2.93,3.44,4.64,7.54,2.39,2.74,0.0,0.46
25.25,70.75,Tharparkar District,Sindh,0.0,0.0,0.0,0.0,0.13,0.67,2.23,0.83,4.95,0.0,0.0,0.0
25.25,71.0,Dhanaoo Tehsil,Rajasthan,0.0,0.0,0.0,0.0,0.22,0.49,1.06,0.46,5.59,0.0,0.0,0.0
25.25,71.25,Dhanaoo Tehsil,Rajasthan,0.0,0.0,0.0,0.0,0.08,0.59,0.98,0.41,6.12,0.0,0.0,0.0
25.25,71.5,Dhorimanna Tehsil,Rajasthan,0.0,0.0,0.0,0.0,0.06,0.55,1.11,0.33,5.97,0.0,0.0,0.0
25.25,71.75,Gudha Malani Tehsil,Rajasthan,0.0,0.0,0.0,0.02,0.19,0.42,1.49,0.15,5.13,0.0,0.0,0.02
25.25,72.0,Bagora Tehsil,Rajasthan,0.0,0.0,0.0,0.1,0.84,0.79,1.95,0.16,5.72,0.0,0.01,0.08
25.25,72.25,Sayla Tehsil,Rajasthan,0.0,0.0,0.0,0.26,0.74,1.41,2.04,0.42,7.23,0.0,0.06,0.04
25.25,72.5,Jalor Tehsil,Rajasthan,0.0,0.0,0.0,0.04,1.93,1.06,1.51,0.17,3.81,0.05,0.05,0.03
25.25,72.75,Jalor Tehsil,Rajasthan,0.0,0.0,0.0,0.0,2.08,1.12,1.25,0.12,3.25,0.05,0.11,0.06
25.25,73.0,Sumerpur Tehsil,Rajasthan,0.0,0.0,0.0,0.0,1.02,3.19,1.25,0.27,5.97,0.0,0.62,0.22
25.25,73.25,Bali Tehsil,Rajasthan,0.12,0.0,0.0,0.0,1.3,4.48,1.23,0.45,4.89,0.19,0.56,0.22
25.25,73.5,Desuri Tehsil,Rajasthan,0.59,0.0,0.0,0.0,2.0,4.28,2.27,0.98,5.99,0.85,0.47,0.23
25.25,73.75,Gadbor Tehsil,Rajasthan,0.67,0.0,0.0,0.0,3.04,2.53,3.63,1.14,9.03,0.16,0.79,0.29
25.25,74.0,Amet Tehsil,Rajasthan,0.24,0.0,0.0,0.0,2.28,2.17,3.04,1.89,10.33,0.75,0.85,0.23
25.25,74.25,Sahara Tehsil,Rajasthan,0.12,0.0,0.01,0.0,2.34,2.35,2.87,3.89,7.34,1.13,1.63,0.35
25.25,74.5,Bhilwara Tehsil,Rajasthan,0.02,0.0,0.02,0.0,3.34,2.73,3.23,5.96,5.35,2.41,1.55,0.47
25.25,74.75,Hameergarh Tehsil,Rajasthan,0.14,0.0,0.01,0.0,2.19,2.64,4.26,9.24,9.17,0.92,0.57,0.24
25.25,75.0,Mandalgarh Tehsil,Rajasthan,0.47,0.0,0.0,0.0,1.39,2.86,4.18,11.63,7.96,0.71,0.75,0.27
25.25,75.25,Mandalgarh Tehsil,Rajasthan,1.31,0.0,0.02,0.0,0.56,2.41,2.62,11.43,11.82,1.88,1.24,0.47
25.25,75.5,Bundi Tehsil,Rajasthan,1.39,0.0,0.12,0.01,1.33,0.93,7.23,14.4,6.73,0.99,1.23,0.58
25.25,75.75,Talera Tehsil,Rajasthan,1.68,0.0,0.11,0.0,1.21,0.79,9.13,21.35,7.53,0.86,1.48,0.62
25.25,76.0,Ladpura Tehsil,Rajasthan,1.55,0.0,0.01,0.0,0.48,0.85,5.28,17.22,5.56,0.89,0.36,0.35
25.25,76.25,Digod Tehsil,Rajasthan,1.13,0.0,0.09,0.0,0.96,0.81,7.53,17.39,3.23,2.94,1.31,0.59
25.25,76.5,Mangrol Tehsil,Rajasthan,0.63,0.0,0.13,0.03,1.12,1.28,6.33,23.09,4.24,4.71,1.32,0.77
25.25,76.75,Kishanganj Tehsil,Rajasthan,0.27,0.0,0.53,0.01,1.12,2.46,11.64,28.57,5.47,2.72,1.12,0.98
25.25,77.0,Shahbad Tehsil,Rajasthan,0.19,0.0,0.71,0.0,1.17,2.95,14.31,30.7,5.92,1.69,1.06,1.06
25.25,77.25,Shahbad Tehsil,Rajasthan,0.07,0.0,0.63,0.19,2.45,2.08,13.16,24.13,9.01,2.62,0.63,0.79
25.25,77.5,Kolaras Tahsil,Madhya Pradesh,0.0,0.0,0.6,0.29,3.22,1.52,12.58,20.38,10.71,3.17,0.4,0.64
25.25,77.75,Kolaras Tahsil,Madhya Pradesh,0.04,0.02,0.63,0.14,2.83,2.17,10.14,17.54,7.68,2.29,0.37,0.49
25.25,78.0,Pichhore Tahsil,Madhya Pradesh,0.05,0.08,0.55,0.02,2.51,2.1,8.93,15.1,5.8,2.37,0.31,0.39
25.25,78.25,Pichhore Tahsil,Madhya Pradesh,0.03,0.17,0.2,0.0,2.08,1.62,8.67,14.29,6.65,3.32,0.1,0.27
25.25,78.5,Jhansi,Uttar Pradesh,0.01,0.24,0.03,0.0,2.07,1.29,9.02,14.0,7.44,3.69,0.0,0.19
25.25,78.75,Niwari Tahsil,Madhya Pradesh,0.0,0.13,0.01,0.0,2.01,1.94,7.48,6.94,5.32,1.71,0.0,0.22
25.25,79.0,Lidhaura Tahsil,Madhya Pradesh,0.0,0.11,0.0,0.0,1.84,2.09,7.32,5.09,4.8,1.21,0.0,0.21
25.25,79.25,Mauranipur,Uttar Pradesh,0.03,0.17,0.02,0.0,1.0,2.54,8.95,7.64,4.94,2.12,0.0,0.14
25.25,79.5,Kulpahar,Uttar Pradesh,0.0,0.13,0.0,0.0,0.71,1.44,5.61,8.88,2.41,1.33,0.0,0.09
25.25,79.75,Mahoba,Uttar Pradesh,0.01,0.11,0.02,0.0,1.06,1.81,3.32,7.82,2.94,1.73,0.0,0.11
25.25,80.0,Gaurihar Tahsil,Madhya Pradesh,0.01,0.13,0.07,0.0,0.87,2.4,8.99,7.13,3.44,1.15,0.0,0.03
25.25,80.25,Gaurihar Tahsil,Madhya Pradesh,0.02,0.24,0.0,0.0,0.32,1.77,4.84,4.67,2.46,0.41,0.0,0.0
25.25,80.5,Naraini,Uttar Pradesh,0.06,0.06,0.0,0.0,1.53,6.01,9.69,6.63,5.91,0.24,0.0,0.0
25.25,80.75,Karwi,Uttar Pradesh,0.01,0.0,0.0,0.0,3.64,14.98,18.73,12.2,11.48,0.04,0.0,0.0
25.25,81.0,Karwi,Uttar Pradesh,0.0,0.0,0.0,0.0,2.83,9.65,12.13,9.73,8.07,0.24,0.0,0.0
25.25,81.25,Mau,Uttar Pradesh,0.0,0.01,0.0,0.12,2.43,5.18,4.27,8.25,7.11,0.65,0.0,0.06
25.25,81.5,Mau,Uttar Pradesh,0.0,0.02,0.0,0.21,3.09,8.77,5.46,12.53,11.24,0.77,0.0,0.11
25.25,81.75,Bara,Uttar Pradesh,0.0,0.07,0.0,0.02,3.54,12.57,4.34,16.16,11.57,0.17,0.0,0.01
25.25,82.0,Karchhana,Uttar Pradesh,0.0,0.0,0.0,0.02,3.87,9.75,2.75,10.44,5.89,0.3,0.0,0.18
25.25,82.25,Gyanpur,Uttar Pradesh,0.0,0.0,0.0,0.05,3.07,11.73,5.08,6.12,6.23,0.85,0.0,0.18
25.25,82.5,Aurai,Uttar Pradesh,0.0,0.01,0.0,0.11,3.66,11.51,6.12,6.51,6.33,1.18,0.0,0.17
25.25,82.75,Sadar,Uttar Pradesh,0.0,0.01,0.0,0.48,4.44,10.64,7.72,10.91,9.05,3.85,0.0,0.33
25.25,83.0,Sadar,Uttar Pradesh,0.0,0.0,0.0,0.05,4.82,5.74,2.57,4.3,3.84,4.52,0.0,0.29
25.25,83.25,Chandauli,Uttar Pradesh,0.0,0.12,0.0,0.07,4.47,9.71,3.02,6.82,4.75,3.39,0.0,0.3
25.25,83.5,Durgawati,Bihar,0.0,0.38,0.0,0.05,4.31,10.85,3.48,8.78,4.87,3.65,0.0,0.49
25.25,83.75,Mohania,Bihar,0.0,0.31,0.0,0.0,4.11,9.69,3.09,8.13,3.94,4.52,0.0,0.51
25.25,84.0,Kochas,Bihar,0.0,0.07,0.0,0.0,4.29,7.09,2.29,7.37,2.87,3.77,0.0,0.41
25.25,84.25,Suryapura,Bihar,0.0,0.07,0.0,0.0,4.84,7.33,2.61,6.91,2.81,3.16,0.0,0.42
25.25,84.5,Tarari,Bihar,0.0,0.09,0.0,0.0,6.44,9.24,5.02,8.13,2.04,1.82,0.0,0.46
25.25,84.75,Karpi,Bihar,0.0,0.07,0.0,0.04,7.95,10.4,3.83,6.61,2.69,3.66,0.0,0.41
25.25,85.0,Jehanabad,Bihar,0.0,0.07,0.0,0.05,9.7,10.8,6.15,8.24,2.92,5.15,0.0,0.31
25.25,85.25,Ekangarsarai,Bihar,0.0,0.05,0.0,0.0,10.08,13.45,5.97,8.74,4.33,5.24,0.0,0.31
25.25,85.5,Noorsarai,Bihar,0.0,0.0,0.0,0.02,7.85,11.67,6.07,5.9,3.84,9.51,0.0,0.28
25.25,85.75,Barbigha,Bihar,0.0,0.0,0.0,0.01,10.23,7.33,3.37,4.95,2.26,6.4,0.0,0.47
25.25,86.0,Barahiya,Bihar,0.0,0.0,0.0,0.0,7.87,8.38,4.01,3.49,1.76,4.76,0.0,0.68
25.25,86.25,Surajgarha,Bihar,0.01,0.0,0.0,0.0,7.22,15.86,7.2,7.1,3.21,7.44,0.0,0.55
25.25,86.5,Dharhara,Bihar,0.0,0.0,0.01,0.0,8.14,13.52,8.73,6.38,3.57,6.44,0.0,0.4
25.25,86.75,Sultanganj,Bihar,0.0,0.0,0.01,0.0,8.07,10.52,10.47,3.35,3.39,6.8,0.0,0.5
25.25,87.0,Jagdishpur,Bihar,0.0,0.01,0.05,0.01,8.81,10.98,7.89,5.97,4.51,6.46,0.0,0.38
25.25,87.25,Kahalgaon,Bihar,0.0,0.0,0.01,0.0,13.38,11.69,6.93,7.65,1.41,7.15,0.0,0.09
25.25,87.5,Mandro,Jharkhand,0.0,0.0,0.0,0.26,14.85,12.16,9.88,10.77,2.68,6.27,0.0,0.09
25.25,87.75,Sahibganj (block),Jharkhand,0.0,0.0,0.0,0.26,15.69,8.45,8.95,9.27,2.16,3.84,0.0,0.31
25.25,88.0,Ratua - I,West Bengal,0.0,0.0,0.01,0.33,14.13,6.95,6.28,7.91,1.46,2.69,0.0,0.24
25.25,88.25,Gazole,West Bengal,0.0,0.0,0.03,0.5,11.13,5.86,3.16,7.32,1.0,1.71,0.0,0.02
25.25,88.5,Tapan,West Bengal,0.0,0.0,0.03,0.51,10.63,5.44,2.86,6.04,1.29,1.6,0.0,0.0
25.25,88.75,Balurghat,West Bengal,0.0,0.0,0.04,0.52,10.3,5.48,3.21,6.66,1.38,1.72,0.0,0.02
25.25,90.25,Gasuapara,Meghalaya,0.0,0.0,1.16,5.89,32.64,34.35,15.63,27.52,6.3,7.99,0.0,0.0
25.25,90.5,Baghmara,Meghalaya,0.04,0.03,1.77,7.49,35.0,48.02,21.3,45.06,7.06,8.33,0.0,0.03
25.25,90.75,Rongara,Meghalaya,0.2,0.12,3.8,10.49,25.37,82.39,40.41,90.24,8.51,9.76,0.0,0.17
25.25,91.0,Ranikor,Meghalaya,0.15,0.11,3.63,10.2,23.58,80.81,41.2,94.74,8.98,9.67,0.0,0.24
25.25,91.25,Ranikor,Meghalaya,0.12,0.1,3.73,10.71,24.98,85.5,43.73,104.05,9.51,10.29,0.0,0.16
25.25,91.5,Unknown,Meghalaya,0.24,0.14,3.77,10.07,22.81,79.56,39.22,83.95,8.07,9.12,0.0,0.25
25.25,91.75,Shella Bholaganj,Meghalaya,0.19,0.11,2.68,7.04,12.4,28.83,20.39,32.13,4.99,7.86,0.0,0.78
25.25,92.0,Amlarem,Meghalaya,0.17,0.01,1.82,2.93,10.87,16.99,15.76,21.26,4.05,7.38,0.0,1.32
25.25,92.25,Khliehriat,Meghalaya,0.15,0.0,2.47,4.49,9.36,14.67,11.62,15.39,3.54,6.59,0.0,1.08
25.25,92.5,Saipung,Meghalaya,0.07,0.0,2.98,5.88,7.4,11.88,6.97,9.34,3.21,5.65,0.0,0.81
25.25,92.75,Saipung,Meghalaya,0.05,0.0,2.88,5.51,6.29,10.43,5.59,7.8,2.77,5.11,0.0,0.65
25.25,93.0,Maibong,Assam,0.04,0.01,1.89,3.66,5.17,7.16,6.84,8.4,3.95,3.98,0.0,0.52
25.25,93.25,Maibong,Assam,0.11,0.01,1.4,1.92,3.03,3.45,6.19,7.2,4.4,2.54,0.0,1.61
25.25,93.5,Tamenglong West,Manipur,0.11,0.01,1.38,1.5,2.82,3.73,5.59,6.65,4.28,2.58,0.0,1.38
25.25,93.75,Tamenglong North,Manipur,0.09,0.01,1.25,1.32,2.68,3.65,5.2,6.93,4.23,2.55,0.0,0.68
25.25,94.0,Kangpoki subdivision,Manipur,0.08,0.0,1.18,1.17,2.64,3.58,4.84,7.26,3.85,2.61,0.0,0.52
25.25,94.25,Senapati tehsil,Manipur,0.08,0.0,1.12,1.05,2.71,3.46,4.76,7.43,2.82,2.89,0.0,0.42
25.25,94.5,Chingai,Manipur,0.09,0.0,1.08,0.94,2.74,3.67,4.94,7.56,2.48,2.84,0.0,0.35
25.5,70.5,Tharparkar District,Sindh,0.0,0.0,0.0,0.0,0.04,1.07,3.57,1.39,4.04,0.0,0.0,0.0
25.5,70.75,Chohtan Tehsil,Rajasthan,0.0,0.0,0.0,0.0,0.13,0.65,2.22,0.74,4.92,0.0,0.0,0.0
25.5,71.0,Chohtan Tehsil,Rajasthan,0.0,0.0,0.0,0.0,0.32,0.33,0.94,0.55,5.39,0.0,0.0,0.0
25.5,71.25,Chohtan Tehsil,Rajasthan,0.0,0.0,0.0,0.0,0.53,1.25,0.81,0.44,4.19,0.0,0.0,0.01
25.5,71.5,Barmer Tehsil,Rajasthan,0.0,0.0,0.0,0.0,0.48,1.36,0.84,0.36,4.08,0.0,0.0,0.01
25.5,71.75,Sindhari Tehsil,Rajasthan,0.0,0.0,0.0,0.13,0.22,2.39,1.98,0.58,3.09,0.0,0.0,0.01
25.5,72.0,Sindhari Tehsil,Rajasthan,0.0,0.0,0.0,0.14,0.44,1.96,2.04,0.5,4.33,0.0,0.01,0.03
25.5,72.25,Siwana Tehsil,Rajasthan,0.0,0.0,0.0,0.1,0.71,1.65,2.34,0.57,7.72,0.0,0.01,0.01
25.5,72.5,Siwana Tehsil,Rajasthan,0.0,0.0,0.0,0.04,1.63,1.16,1.72,0.29,4.91,0.04,0.02,0.02
25.5,72.75,Ahore Tehsil,Rajasthan,0.0,0.0,0.0,0.0,1.92,1.19,1.57,0.18,4.21,0.06,0.12,0.05
25.5,73.0,Ahore Tehsil,Rajasthan,0.0,0.0,0.0,0.0,1.67,2.19,3.05,0.39,5.49,0.03,0.22,0.09
25.5,73.25,Pali Tehsil,Rajasthan,0.17,0.0,0.0,0.0,1.68,3.21,3.66,0.79,5.96,0.31,0.26,0.13
25.5,73.5,Rani Tehsil,Rajasthan,0.32,0.0,0.0,0.0,2.23,3.14,4.56,2.01,6.98,0.76,0.34,0.19
25.5,73.75,Marwar Junction Tehsil,Rajasthan,0.17,0.0,0.0,0.0,2.27,3.33,3.8,2.42,9.57,0.11,0.44,0.04
25.5,74.0,Deogarh Tehsil,Rajasthan,0.11,0.0,0.0,0.0,1.85,2.05,3.13,2.41,10.57,0.63,0.64,0.12
25.5,74.25,Kareda Tehsil,Rajasthan,0.07,0.0,0.06,0.0,2.58,1.63,3.57,4.75,8.78,0.72,0.61,0.17
25.5,74.5,Mandal Tehsil,Rajasthan,0.0,0.0,0.12,0.0,3.33,1.9,4.6,8.17,5.89,1.67,0.64,0.3
25.5,74.75,Banera Tehsil,Rajasthan,0.0,0.0,0.01,0.0,2.66,1.9,4.08,7.69,8.96,1.29,0.39,0.12
25.5,75.0,Kotri Tehsil,Rajasthan,0.28,0.0,0.0,0.0,2.39,1.21,3.69,7.56,9.13,1.3,0.55,0.2
25.5,75.25,Jahazpur Tehsil,Rajasthan,0.64,0.0,0.03,0.01,1.44,0.6,3.8,11.29,8.74,1.39,0.81,0.35
25.5,75.5,Hindoli Tehsil,Rajasthan,0.79,0.0,0.19,0.03,0.85,1.16,7.72,15.91,7.73,1.56,1.02,0.81
25.5,75.75,Hindoli Tehsil,Rajasthan,1.42,0.0,0.08,0.0,0.99,1.0,9.29,17.69,7.46,0.75,1.29,0.52
25.5,76.0,Keshoraipatan Tehsil,Rajasthan,1.57,0.0,0.04,0.0,0.54,0.83,7.15,19.47,6.24,1.08,0.83,0.47
25.5,76.25,Digod Tehsil,Rajasthan,1.06,0.0,0.08,0.0,1.04,0.55,6.43,17.69,3.83,2.87,1.15,0.59
25.5,76.5,Pipalda Tehsil,Rajasthan,0.92,0.0,0.11,0.01,1.25,0.95,7.31,20.52,3.67,3.89,1.48,0.73
25.5,76.75,Karahal Tahsil,Madhya Pradesh,0.36,0.0,0.46,0.01,1.14,2.15,10.74,26.94,5.15,2.93,1.18,0.93
25.5,77.0,Karahal Tahsil,Madhya Pradesh,0.2,0.0,0.58,0.05,1.77,2.36,12.83,26.75,6.6,2.32,0.82,0.86
25.5,77.25,Pohri Tahsil,Madhya Pradesh,0.15,0.0,0.59,0.12,2.3,2.05,12.77,24.11,7.73,2.47,0.65,0.76
25.5,77.5,Pohri Tahsil,Madhya Pradesh,0.07,0.01,0.65,0.16,2.87,1.83,11.76,20.05,8.31,2.63,0.49,0.62
25.5,77.75,Shivpuri Tahsil,Madhya Pradesh,0.04,0.03,0.74,0.08,2.88,1.94,10.12,16.52,6.53,2.22,0.43,0.5
25.5,78.0,Karera Tahsil,Madhya Pradesh,0.06,0.04,0.79,0.0,2.78,2.18,9.13,15.16,4.95,1.85,0.45,0.45
25.5,78.25,Karera Tahsil,Madhya Pradesh,0.04,0.13,0.25,0.0,2.0,2.0,7.88,13.61,6.27,3.34,0.11,0.32
25.5,78.5,Jhansi,Uttar Pradesh,0.02,0.18,0.05,0.0,1.84,1.7,7.81,13.18,6.92,3.8,0.0,0.25
25.5,78.75,Tahrauli,Uttar Pradesh,0.01,0.07,0.03,0.0,1.82,1.48,5.68,7.42,5.94,3.0,0.0,0.17
25.5,79.0,Tahrauli,Uttar Pradesh,0.0,0.1,0.01,0.0,0.66,2.72,5.17,3.96,3.67,0.86,0.0,0.07
25.5,79.25,Garautha,Uttar Pradesh,0.0,0.13,0.02,0.0,0.43,2.65,5.3,4.76,3.6,1.19,0.0,0.19
25.5,79.5,Hamirpur,Uttar Pradesh,0.0,0.11,0.03,0.0,0.56,1.5,4.29,5.13,2.88,1.45,0.0,0.31
25.5,79.75,Charkhari,Uttar Pradesh,0.0,0.06,0.01,0.0,0.52,1.59,5.87,6.2,2.32,2.22,0.0,0.09
25.5,80.0,Mahoba,Uttar Pradesh,0.02,0.02,0.11,0.0,0.84,2.83,12.95,8.25,4.17,2.01,0.0,0.03
25.5,80.25,Banda,Uttar Pradesh,0.04,0.02,0.15,0.0,1.04,3.05,13.37,8.77,4.65,1.45,0.0,0.0
25.5,80.5,Banda,Uttar Pradesh,0.0,0.08,0.0,0.0,2.11,5.72,10.62,13.12,6.54,1.3,0.0,0.0
25.5,80.75,Baberu,Uttar Pradesh,0.0,0.04,0.01,0.0,2.41,8.41,12.41,11.83,8.19,0.79,0.0,0.0
25.5,81.0,Baberu,Uttar Pradesh,0.0,0.0,0.01,0.0,1.77,3.05,3.81,7.22,4.36,0.84,0.0,0.0
25.5,81.25,Khaga,Uttar Pradesh,0.0,0.0,0.0,0.02,2.3,4.93,4.69,8.39,6.02,1.18,0.0,0.02
25.5,81.5,Chail,Uttar Pradesh,0.0,0.01,0.0,0.35,2.93,8.77,7.0,11.72,12.08,1.04,0.0,0.18
25.5,81.75,Soraon,Uttar Pradesh,0.0,0.04,0.0,0.01,3.56,8.94,7.25,12.35,9.28,0.45,0.0,0.03
25.5,82.0,Phulpur,Uttar Pradesh,0.0,0.01,0.0,0.04,3.11,7.91,1.49,8.44,4.2,0.19,0.0,0.25
25.5,82.25,Handia,Uttar Pradesh,0.0,0.02,0.0,0.0,2.22,5.8,1.2,3.45,2.09,0.53,0.0,0.37
25.5,82.5,Mariahu,Uttar Pradesh,0.0,0.01,0.0,0.0,3.13,7.2,2.75,4.71,4.67,1.53,0.0,0.15
25.5,82.75,Pindra,Uttar Pradesh,0.0,0.01,0.0,0.08,3.04,6.29,3.22,5.14,4.49,1.91,0.0,0.16
25.5,83.0,Pindra,Uttar Pradesh,0.0,0.01,0.0,0.28,4.1,8.36,5.1,7.67,6.38,4.05,0.0,0.34
25.5,83.25,Sakaldiha,Uttar Pradesh,0.0,0.0,0.0,0.09,2.18,5.08,1.8,5.24,4.02,3.63,0.0,0.26
25.5,83.5,Zamania,Uttar Pradesh,0.0,0.0,0.0,0.04,3.5,7.69,2.55,11.38,4.06,7.43,0.0,0.34
25.5,83.75,Zamania,Uttar Pradesh,0.0,0.01,0.0,0.03,4.99,10.3,4.43,8.61,3.51,7.8,0.0,0.35
25.5,84.0,Itarhi,Bihar,0.0,0.06,0.0,0.07,4.57,8.63,4.39,7.55,3.79,5.79,0.0,0.38
25.5,84.25,Chaugain,Bihar,0.0,0.09,0.0,0.0,5.49,8.45,3.53,6.33,3.28,2.95,0.0,0.45
25.5,84.5,Jagdishpur,Bihar,0.0,0.0,0.0,0.0,5.03,9.55,5.18,6.09,3.99,3.8,0.0,0.32
25.5,84.75,Koilwar,Bihar,0.0,0.01,0.0,0.32,5.79,11.9,6.64,9.96,3.43,3.13,0.0,0.42
25.5,85.0,Naubatpur,Bihar,0.0,0.03,0.0,0.21,8.83,12.72,7.71,13.98,4.29,4.89,0.0,0.33
25.5,85.25,Fatwah,Bihar,0.0,0.0,0.03,0.0,9.01,12.48,11.62,9.36,3.99,9.7,0.0,0.16
25.5,85.5,Raghopur,Bihar,0.0,0.0,0.04,0.0,9.32,12.41,12.67,10.11,4.24,9.5,0.0,0.16
25.5,85.75,Pandarak,Bihar,0.0,0.0,0.0,0.0,10.61,12.16,6.22,11.71,1.8,6.84,0.0,0.42
25.5,86.0,Teghra,Bihar,0.0,0.0,0.0,0.0,6.76,12.8,3.97,6.02,2.7,7.5,0.0,0.46
25.5,86.25,Dandari,Bihar,0.0,0.0,0.0,0.0,7.35,12.97,4.63,6.76,3.14,9.04,0.0,0.27
25.5,86.5,Khagaria,Bihar,0.0,0.0,0.01,0.0,8.69,13.11,9.5,6.56,3.41,8.62,0.0,0.55
25.5,86.75,Gogri,Bihar,0.01,0.01,0.03,0.0,8.36,12.24,7.97,4.99,4.33,7.72,0.0,0.48
25.5,87.0,Chausa,Bihar,0.03,0.04,0.01,0.03,7.82,10.13,4.82,6.74,2.49,7.08,0.0,0.38
25.5,87.25,Sameli,Bihar,0.0,0.0,0.0,0.01,13.74,16.48,8.94,14.64,1.63,7.26,0.0,0.14
25.5,87.5,Barari,Bihar,0.0,0.0,0.0,0.25,14.08,12.79,8.39,10.5,1.6,6.97,0.0,0.1
25.5,87.75,Pranpur,Bihar,0.0,0.0,0.0,0.14,14.94,11.24,8.57,10.24,1.85,5.51,0.0,0.2
25.5,88.0,Barsoi,Bihar,0.0,0.0,0.02,0.39,12.63,7.44,6.62,9.31,2.33,2.96,0.0,0.16
25.5,88.25,Itahar,West Bengal,0.0,0.0,0.03,0.45,10.92,5.74,3.9,7.62,1.53,2.04,0.0,0.07
25.5,88.5,Kushmundi,West Bengal,0.0,0.0,0.09,0.53,9.84,5.58,3.53,7.03,1.53,1.88,0.0,0.03
25.5,88.75,Dinajpur Sadar Upazila,Rangpur Division,0.01,0.0,0.13,0.72,2.91,6.7,3.77,7.54,1.63,2.42,0.0,0.0
25.5,89.75,Char Rajibpur Upazila,Rangpur Division,0.0,0.0,1.01,4.82,26.37,26.22,14.83,22.07,5.39,8.62,0.0,0.01
25.5,90.0,Betasing,Meghalaya,0.0,0.0,1.18,6.35,36.36,35.99,15.11,28.64,6.35,7.93,0.0,0.0
25.5,90.25,Gambegre,Meghalaya,0.0,0.0,1.13,5.96,33.84,34.18,15.01,26.67,6.23,7.99,0.0,0.0
25.5,90.5,Samanda,Meghalaya,0.01,0.01,1.6,6.53,28.93,43.78,21.15,41.99,6.97,8.61,0.0,0.03
25.5,90.75,Baghmara,Meghalaya,0.19,0.12,3.66,10.32,25.73,80.8,39.67,88.81,8.49,9.69,0.0,0.16
25.5,91.0,Mawshynrut,Meghalaya,0.15,0.11,3.48,9.69,22.36,75.9,39.05,88.32,8.72,9.19,0.0,0.32
25.5,91.25,Nongstoin,Meghalaya,0.12,0.09,3.03,8.61,20.01,66.24,35.37,78.62,8.45,8.32,0.0,0.43
25.5,91.5,Mawthadraishan,Meghalaya,0.01,0.04,1.35,2.91,8.27,10.65,12.25,16.91,6.68,3.93,0.0,1.07
25.5,91.75,Mawphlang,Meghalaya,0.05,0.04,1.41,3.31,10.55,19.02,16.64,22.54,4.6,7.78,0.0,0.84
25.5,92.0,Mawkynrew,Meghalaya,0.02,0.01,1.02,1.98,8.72,15.86,15.17,19.87,4.89,7.04,0.0,0.84
25.5,92.25,Thadlaskein,Meghalaya,0.0,0.02,1.51,3.14,5.67,8.23,9.81,10.79,4.32,6.23,0.0,0.45
25.5,92.5,Laskein,Meghalaya,0.0,0.0,1.73,3.52,4.25,5.64,4.69,5.26,3.0,5.69,0.0,0.28
25.5,92.75,Umrangso,Assam,0.0,0.01,1.4,2.77,3.62,5.02,4.82,5.62,3.06,4.23,0.0,0.29
25.5,93.0,Umrangso,Assam,0.01,0.01,1.38,2.6,3.47,4.16,6.14,6.75,4.11,3.29,0.0,0.32
25.5,93.25,Maibong,Assam,0.04,0.03,1.24,1.57,2.44,3.54,8.49,6.6,5.77,2.66,0.0,0.32
25.5,93.5,Kebai Khelma,Nagaland,0.04,0.03,1.22,1.52,1.97,3.99,7.09,5.54,6.03,3.42,0.0,0.4
25.5,93.75,Peren,Nagaland,0.02,0.01,1.12,1.39,1.97,3.8,5.74,6.38,6.24,3.31,0.0,0.4
25.5,94.0,Senapati tehsil,Manipur,0.08,0.0,1.08,0.95,2.74,3.48,4.79,7.31,3.04,2.57,0.0,0.29
25.5,94.25,Zuketsa,Nagaland,0.09,0.0,1.08,0.94,2.74,3.6,4.84,7.58,2.46,2.59,0.0,0.3
25.5,94.5,Chingai,Manipur,0.1,0.0,1.08,0.9,2.78,4.16,5.06,7.72,2.3,2.89,0.0,0.36
25.75,70.25,Umerkot District,Unknown,0.0,0.0,0.0,0.0,0.03,1.03,3.54,1.35,4.12,0.0,0.0,0.0
25.75,70.5,Gadraroad Tehsil,Rajasthan,0.0,0.0,0.0,0.0,0.0,1.22,4.09,1.67,3.68,0.0,0.0,0.0
25.75,70.75,Ramsar Tehsil,Rajasthan,0.0,0.0,0.0,0.0,0.02,0.61,2.49,0.52,5.14,0.0,0.0,0.0
25.75,71.0,Ramsar Tehsil,Rajasthan,0.0,0.0,0.0,0.0,0.17,0.6,1.64,0.28,5.21,0.0,0.0,0.0
25.75,71.25,Barmer Tehsil,Rajasthan,0.0,0.0,0.0,0.0,0.68,1.73,0.73,0.38,3.34,0.0,0.0,0.01
25.75,71.5,Barmer Tehsil,Rajasthan,0.0,0.0,0.0,0.01,0.67,1.66,0.83,0.36,3.37,0.0,0.0,0.01
25.75,71.75,Baytoo Tehsil,Rajasthan,0.0,0.0,0.0,0.07,0.46,1.85,1.55,0.41,3.28,0.0,0.0,0.0
25.75,72.0,Sindhari Tehsil,Rajasthan,0.0,0.0,0.0,0.05,0.39,1.97,1.38,0.31,3.75,0.0,0.0,0.0
25.75,72.25,Unknown,Rajasthan,0.0,0.0,0.0,0.0,0.62,1.64,1.72,0.33,5.95,0.0,0.0,0.0
25.75,72.5,Samdhari Tehsil,Rajasthan,0.0,0.0,0.0,0.0,0.83,1.62,1.87,0.38,6.02,0.0,0.0,0.0
25.75,72.75,Ahore Tehsil,Rajasthan,0.0,0.0,0.0,0.0,2.09,1.36,2.37,0.14,4.51,0.13,0.0,0.04
25.75,73.0,Rohat Tehsil,Rajasthan,0.0,0.0,0.0,0.0,2.21,1.53,3.33,0.27,5.0,0.14,0.0,0.04
25.75,73.25,Pali Tehsil,Rajasthan,0.0,0.0,0.0,0.0,2.04,1.38,5.57,0.68,6.83,0.04,0.0,0.04
25.75,73.5,Pali Tehsil,Rajasthan,0.04,0.0,0.0,0.0,2.51,1.15,6.8,2.49,6.43,0.65,0.15,0.28
25.75,73.75,Marwar Junction Tehsil,Rajasthan,0.28,0.0,0.0,0.0,2.77,1.42,5.41,3.27,6.24,0.45,0.39,0.2
25.75,74.0,Beawar Tehsil,Rajasthan,0.48,0.0,0.0,0.0,2.41,1.29,5.89,4.07,5.8,0.4,0.44,0.19
25.75,74.25,Badnor Tehsil,Rajasthan,0.21,0.0,0.0,0.0,2.63,1.0,2.14,4.43,8.76,0.15,0.26,0.07
25.75,74.5,Hurda Tehsil,Rajasthan,0.05,0.0,0.04,0.0,1.48,1.45,5.5,8.63,5.42,0.7,0.37,0.14
25.75,74.75,Hurda Tehsil,Rajasthan,0.01,0.0,0.02,0.0,2.63,1.0,4.25,7.74,4.74,1.72,0.35,0.05
25.75,75.0,Phooliya Kalan Tehsil,Rajasthan,0.13,0.0,0.0,0.0,2.35,0.86,3.78,5.24,5.0,0.85,0.31,0.05
25.75,75.25,Sawar Tehsil,Rajasthan,0.35,0.0,0.03,0.0,0.97,0.3,2.0,7.32,4.18,0.68,0.0,0.13
25.75,75.5,Deoli Tehsil,Rajasthan,0.61,0.0,0.05,0.0,0.75,0.51,6.74,12.98,5.28,0.63,0.63,0.21
25.75,75.75,Nainwa Tehsil,Rajasthan,1.1,0.0,0.12,0.0,1.13,0.86,10.15,15.16,6.46,0.34,1.1,0.51
25.75,76.0,Nainwa Tehsil,Rajasthan,1.14,0.0,0.1,0.0,1.43,0.43,10.51,18.24,4.52,1.5,0.27,0.34
25.75,76.25,Indargarh Tehsil,Rajasthan,1.37,0.0,0.07,0.04,1.4,0.53,11.27,19.39,4.09,2.36,0.37,0.52
25.75,76.5,Pipalda Tehsil,Rajasthan,1.32,0.0,0.06,0.06,1.35,0.76,9.77,17.81,4.1,2.76,0.63,0.51
25.75,76.75,Sheopur Tahsil,Madhya Pradesh,0.93,0.0,0.22,0.06,1.39,1.62,10.22,19.95,4.81,2.76,0.5,0.56
25.75,77.0,Karahal Tahsil,Madhya Pradesh,0.34,0.0,0.38,0.0,1.87,2.2,11.35,21.32,5.82,2.01,0.5,0.52
25.75,77.25,Vijaypur Tahsil,Madhya Pradesh,0.36,0.0,0.28,0.03,2.34,1.6,9.37,16.81,6.72,2.29,0.25,0.3
25.75,77.5,Bairrad Tahsil,Madhya Pradesh,0.22,0.01,0.46,0.07,2.79,1.58,9.8,16.74,6.74,2.45,0.31,0.38
25.75,77.75,Shivpuri Tahsil,Madhya Pradesh,0.07,0.03,0.66,0.0,2.4,1.7,9.19,14.05,4.95,2.03,0.34,0.43
25.75,78.0,Bhitarwar Tahsil,Madhya Pradesh,0.06,0.03,0.66,0.0,2.37,1.66,9.19,14.19,5.01,2.05,0.33,0.44
25.75,78.25,Narwar Tahsil,Madhya Pradesh,0.02,0.02,0.42,0.0,1.86,1.2,8.48,12.54,5.5,2.79,0.17,0.41
25.75,78.5,Datia Tahsil,Madhya Pradesh,0.03,0.0,0.02,0.0,1.51,1.79,3.99,6.45,6.85,5.09,0.0,0.26
25.75,78.75,Bhander Tahsil,Madhya Pradesh,0.0,0.0,0.06,0.0,1.71,1.59,4.51,5.27,4.69,1.86,0.0,0.14
25.75,79.0,Moth,Uttar Pradesh,0.0,0.05,0.04,0.05,0.92,2.44,4.84,4.41,3.91,1.08,0.01,0.09
25.75,79.25,Garautha,Uttar Pradesh,0.0,0.1,0.07,0.16,0.77,3.07,6.23,5.43,4.46,1.48,0.05,0.34
25.75,79.5,Hamirpur,Uttar Pradesh,0.0,0.1,0.06,0.11,0.87,2.31,6.06,5.43,4.22,2.09,0.06,0.44
25.75,79.75,Hamirpur,Uttar Pradesh,0.0,0.05,0.02,0.03,0.6,4.27,9.76,7.06,3.93,3.73,0.0,0.12
25.75,80.0,Hamirpur,Uttar Pradesh,0.0,0.02,0.04,0.02,0.62,4.23,11.23,7.51,4.1,3.77,0.0,0.07
25.75,80.25,Hamirpur,Uttar Pradesh,0.01,0.05,0.06,0.01,1.37,2.74,9.59,6.33,8.85,1.86,0.0,0.03
25.75,80.5,Banda,Uttar Pradesh,0.0,0.04,0.05,0.25,4.09,6.8,10.84,9.51,7.81,3.06,0.0,0.09
25.75,80.75,Fatehpur,Uttar Pradesh,0.0,0.02,0.06,0.09,1.64,3.81,6.65,8.0,6.67,2.08,0.0,0.04
25.75,81.0,Fatehpur,Uttar Pradesh,0.0,0.0,0.05,0.0,0.73,1.54,4.59,7.42,6.14,1.25,0.0,0.0
25.75,81.25,Sirathu,Uttar Pradesh,0.0,0.0,0.0,0.0,3.83,13.79,11.38,18.51,17.56,4.89,0.0,0.06
25.75,81.5,Pratapgarh,Uttar Pradesh,0.0,0.0,0.0,0.04,3.54,12.76,10.22,14.04,13.19,2.38,0.0,0.05
25.75,81.75,Pratapgarh,Uttar Pradesh,0.0,0.0,0.0,0.0,3.46,7.8,7.14,12.23,11.28,1.74,0.0,0.1
25.75,82.0,Pratapgarh,Uttar Pradesh,0.0,0.03,0.0,0.0,3.6,7.69,2.7,10.4,7.75,2.2,0.0,0.29
25.75,82.25,Machhlishahr,Uttar Pradesh,0.0,0.04,0.0,0.0,2.82,4.48,1.54,3.56,1.9,0.81,0.0,0.38
25.75,82.5,Jaunpur,Uttar Pradesh,0.0,0.0,0.0,0.0,3.08,6.04,2.86,6.58,6.37,1.03,0.0,0.05
25.75,82.75,Jaunpur,Uttar Pradesh,0.0,0.0,0.0,0.0,2.03,7.33,1.15,7.01,4.33,2.09,0.0,0.46
25.75,83.0,Lalganj,Uttar Pradesh,0.0,0.0,0.0,0.0,1.67,6.78,2.75,6.7,6.32,3.51,0.0,0.24
25.75,83.25,Jakhania,Uttar Pradesh,0.0,0.0,0.0,0.0,2.61,6.4,2.55,7.65,4.3,3.95,0.0,0.21
25.75,83.5,Ghazipur,Uttar Pradesh,0.01,0.02,0.0,0.02,3.62,8.12,3.48,10.49,3.39,7.15,0.0,0.34
25.75,83.75,Mohammadabad,Uttar Pradesh,0.0,0.0,0.0,0.14,4.65,8.45,6.78,7.71,4.23,7.46,0.0,0.19
25.75,84.0,Ballia,Uttar Pradesh,0.0,0.02,0.0,0.24,5.97,8.8,10.04,9.39,5.6,7.64,0.0,0.23
25.75,84.25,Ballia,Uttar Pradesh,0.0,0.15,0.0,0.0,8.18,11.28,5.2,6.63,3.02,2.74,0.0,0.66
25.75,84.5,Bairia,Uttar Pradesh,0.0,0.0,0.0,0.0,9.83,12.25,5.4,5.96,2.67,4.2,0.0,0.44
25.75,84.75,Chapra,Bihar,0.0,0.0,0.0,0.15,8.79,14.66,8.84,13.91,4.58,5.2,0.0,0.19
25.75,85.0,Dighwara,Bihar,0.0,0.0,0.0,0.03,10.05,12.92,9.59,19.17,4.42,8.3,0.0,0.39
25.75,85.25,Hajipur,Bihar,0.0,0.0,0.0,0.0,9.36,12.48,4.71,8.58,4.5,7.34,0.0,0.28
25.75,85.5,Jandaha,Bihar,0.0,0.0,0.0,0.0,7.76,16.58,7.7,10.2,3.64,8.48,0.0,0.13
25.75,85.75,Sarairanjan,Bihar,0.0,0.0,0.0,0.0,10.57,15.61,4.05,8.01,2.47,8.83,0.0,0.02
25.75,86.0,Bibhutpur,Bihar,0.0,0.0,0.0,0.0,10.16,12.66,6.3,12.76,1.86,7.18,0.0,0.38
25.75,86.25,Hasanpur,Bihar,0.0,0.0,0.0,0.2,8.86,12.04,8.46,8.44,3.34,8.75,0.0,0.31
25.75,86.5,Simri Bakhtiarpur,Bihar,0.0,0.0,0.0,0.48,10.82,11.29,10.35,10.59,3.6,7.39,0.0,0.42
25.75,86.75,Sonbarsa,Bihar,0.0,0.0,0.0,0.07,5.59,11.91,6.31,7.72,4.38,3.19,0.0,0.46
25.75,87.0,Bihariganj,Bihar,0.01,0.0,0.0,0.63,10.87,10.38,7.72,11.24,2.99,5.35,0.0,0.28
25.75,87.25,Dhamdaha,Bihar,0.01,0.0,0.0,0.87,13.87,10.16,8.97,13.75,2.22,6.53,0.0,0.14
25.75,87.5,Purnia East,Bihar,0.0,0.0,0.04,0.4,12.74,11.35,9.45,11.98,2.83,7.02,0.0,0.14
25.75,87.75,Kadwa,Bihar,0.0,0.0,0.14,0.08,10.4,7.24,10.09,12.45,2.2,7.56,0.0,0.11
25.75,88.0,Unknown,West Bengal,0.0,0.0,0.13,0.21,10.32,8.87,11.0,13.05,2.96,8.8,0.0,0.09
25.75,88.25,Hemtabad,West Bengal,0.02,0.01,0.25,0.64,6.14,5.9,6.03,9.65,1.8,4.09,0.0,0.03
25.75,89.75,Ulipur Upazila,Rangpur Division,0.02,0.0,0.94,3.26,16.04,15.91,14.82,15.53,4.52,9.31,0.0,0.03
25.75,90.0,Selsella,Meghalaya,0.0,0.0,1.04,5.09,28.37,28.34,14.88,22.82,5.73,8.27,0.0,0.0
25.75,90.25,Dadenggiri,Meghalaya,0.0,0.0,1.1,5.19,28.32,29.99,14.32,22.81,6.09,7.74,0.0,0.0
25.75,90.5,Songsak,Meghalaya,0.08,0.04,0.85,4.49,20.6,29.03,14.79,16.92,6.01,7.54,0.05,0.0
25.75,90.75,Dambo Rongjeng,Meghalaya,0.09,0.13,1.45,4.32,9.27,27.07,15.28,17.56,6.44,6.08,0.06,0.02
25.75,91.0,Mawshynrut,Meghalaya,0.03,0.17,2.51,5.96,11.42,31.84,18.56,37.26,6.96,4.56,0.0,0.28
25.75,91.25,Boko,Assam,0.0,0.11,1.72,3.59,7.62,9.87,10.03,12.59,6.4,3.8,0.0,0.65
25.75,91.5,Mairang,Meghalaya,0.0,0.02,0.91,1.87,8.82,8.76,10.42,13.57,7.16,5.22,0.0,0.72
25.75,91.75,Mairang,Meghalaya,0.0,0.02,0.86,1.71,9.01,10.96,11.87,15.44,6.51,5.97,0.0,0.74
25.75,92.0,Umsning,Meghalaya,0.01,0.08,0.83,1.38,7.32,8.13,10.61,11.29,5.43,5.05,0.0,0.48
25.75,92.25,Donka,Assam,0.01,0.04,0.96,1.66,3.89,3.35,6.47,5.19,4.45,5.23,0.0,0.18
25.75,92.5,Donka,Assam,0.02,0.02,0.96,1.77,3.94,3.55,6.0,4.76,4.04,6.71,0.0,0.11
25.75,92.75,Donka,Assam,0.0,0.03,0.59,0.64,2.55,3.1,3.83,3.48,2.41,3.44,0.0,0.17
25.75,93.0,Umrangso,Assam,0.0,0.01,0.97,1.58,3.12,2.01,8.36,8.75,5.82,2.22,0.0,0.28
25.75,93.25,Diphu,Assam,0.04,0.02,1.23,1.38,2.42,3.81,8.43,6.03,5.36,2.45,0.0,0.27
25.75,93.5,Diphu,Assam,0.13,0.08,1.41,1.87,2.15,3.91,8.58,4.24,3.99,4.09,0.0,0.41
25.75,93.75,Chumukedima,Nagaland,0.03,0.01,1.15,1.49,1.97,3.83,6.06,6.13,6.12,3.42,0.0,0.41
25.75,94.0,Sechu-Zubza,Nagaland,0.09,0.0,1.08,0.91,2.83,3.41,4.56,7.56,2.17,2.29,0.0,0.24
25.75,94.25,Kezocha,Nagaland,0.1,0.0,1.07,0.85,2.89,3.79,4.87,7.71,1.91,2.95,0.0,0.37
25.75,94.5,Phek Sadar,Nagaland,0.11,0.0,1.08,0.87,2.77,4.23,5.09,7.72,2.19,3.26,0.0,0.43
25.75,94.75,Phor,Nagaland,0.12,0.0,1.08,0.88,2.79,5.19,5.43,7.9,2.6,3.03,0.0,0.38
25.75,95.0,Khongsa,Nagaland,0.12,0.0,1.08,0.86,2.79,5.39,5.5,7.94,2.63,3.06,0.0,0.38
26.0,70.0,Sanghar District,Unknown,0.0,0.0,0.0,0.01,0.04,1.08,3.26,1.19,3.79,0.0,0.0,0.0
26.0,70.25,Gadraroad Tehsil,Rajasthan,0.0,0.0,0.0,0.0,0.04,1.01,3.16,1.11,4.0,0.0,0.0,0.0
26.0,70.5,Gadraroad Tehsil,Rajasthan,0.0,0.0,0.0,0.0,0.08,0.93,3.26,1.15,4.3,0.0,0.0,0.0
26.0,70.75,Gadraroad Tehsil,Rajasthan,0.0,0.0,0.0,0.0,0.16,0.7,2.63,0.75,4.74,0.0,0.0,0.0
26.0,71.0,Sheo Tehsil,Rajasthan,0.0,0.0,0.0,0.0,0.52,0.59,1.29,0.11,4.9,0.0,0.0,0.0
26.0,71.25,Sheo Tehsil,Rajasthan,0.0,0.0,0.0,0.0,0.71,0.8,0.99,0.13,4.46,0.0,0.0,0.01
26.0,71.5,Baytoo Tehsil,Rajasthan,0.0,0.0,0.0,0.0,0.72,0.95,1.06,0.19,3.93,0.0,0.0,0.0
26.0,71.75,Baytoo Tehsil,Rajasthan,0.0,0.0,0.0,0.0,0.74,0.55,1.29,0.1,4.15,0.0,0.0,0.0
26.0,72.0,Gira Tehsil,Rajasthan,0.0,0.0,0.0,0.0,0.7,1.45,1.06,0.13,4.06,0.0,0.0,0.0
26.0,72.25,Unknown,Rajasthan,0.0,0.0,0.0,0.0,0.87,1.88,1.14,0.21,4.32,0.0,0.0,0.0
26.0,72.5,Unknown,Rajasthan,0.0,0.0,0.0,0.0,0.78,1.52,1.71,0.28,5.41,0.0,0.0,0.01
26.0,72.75,Unknown,Rajasthan,0.0,0.0,0.0,0.0,1.88,0.95,2.29,0.19,4.25,0.07,0.0,0.09
26.0,73.0,Unknown,Rajasthan,0.0,0.0,0.0,0.0,2.17,1.43,2.43,0.13,4.32,0.15,0.0,0.05
26.0,73.25,Rohat Tehsil,Rajasthan,0.01,0.0,0.0,0.0,2.05,1.72,3.58,0.63,5.77,0.08,0.01,0.16
26.0,73.5,Sojat Tehsil,Rajasthan,0.12,0.0,0.0,0.0,1.9,1.93,2.61,1.92,6.62,0.69,0.04,0.39
26.0,73.75,Sojat Tehsil,Rajasthan,0.39,0.0,0.0,0.06,1.96,2.12,2.31,3.88,6.47,1.15,0.06,0.28
26.0,74.0,Raipur Tehsil,Rajasthan,0.51,0.0,0.01,0.08,1.73,2.58,3.41,4.24,6.05,1.2,0.3,0.01
26.0,74.25,Beawar Tehsil,Rajasthan,0.38,0.0,0.01,0.0,1.77,2.68,3.74,4.59,4.96,0.45,0.23,0.0
26.0,74.5,Masuda Tehsil,Rajasthan,0.06,0.0,0.02,0.0,1.08,1.39,6.18,8.53,4.67,0.38,0.16,0.04
26.0,74.75,Bhinay Tehsil,Rajasthan,0.04,0.0,0.04,0.0,3.18,0.72,5.25,5.37,5.58,1.13,0.1,0.04
26.0,75.0,Sarwar Tehsil,Rajasthan,0.06,0.0,0.01,0.0,3.55,1.42,3.65,5.45,5.21,1.33,0.2,0.09
26.0,75.25,Kekri Tehsil,Rajasthan,0.23,0.0,0.01,0.0,2.21,0.77,4.26,6.95,3.79,0.46,0.02,0.03
26.0,75.5,Todaraisingh Tehsil,Rajasthan,0.23,0.01,0.02,0.0,1.91,0.86,5.84,8.58,3.53,0.41,0.0,0.0
26.0,75.75,Tonk Tehsil,Rajasthan,0.51,0.03,0.06,0.0,1.32,0.84,8.2,13.64,3.64,0.9,0.06,0.13
26.0,76.0,Uniara Tehsil,Rajasthan,1.09,0.0,0.08,0.0,1.61,0.3,10.2,18.91,3.77,1.84,0.02,0.29
26.0,76.25,Sawai Madhopur Tehsil,Rajasthan,1.54,0.0,0.09,0.0,1.27,0.45,14.47,20.38,3.61,2.08,0.17,0.3
26.0,76.5,Khandar Tehsil,Rajasthan,1.36,0.0,0.01,0.13,1.3,1.06,9.06,16.98,4.82,2.7,0.36,0.53
26.0,76.75,Khandar Tehsil,Rajasthan,1.15,0.0,0.05,0.05,1.33,1.68,9.47,14.39,4.26,2.83,0.2,0.22
26.0,77.0,Beerpur Tahsil,Madhya Pradesh,0.49,0.0,0.18,0.0,2.03,1.9,9.34,14.52,5.91,2.12,0.13,0.15
26.0,77.25,Vijaypur Tahsil,Madhya Pradesh,0.42,0.0,0.17,0.0,2.71,1.37,9.09,16.49,5.4,2.63,0.19,0.24
26.0,77.5,Vijaypur Tahsil,Madhya Pradesh,0.33,0.0,0.22,0.0,2.37,1.51,8.1,12.17,6.0,1.76,0.11,0.15
26.0,77.75,Ghatigaon Tahsil,Madhya Pradesh,0.11,0.01,0.34,0.0,2.3,0.87,7.62,8.33,5.02,1.7,0.08,0.21
26.0,78.0,Ghatigaon Tahsil,Madhya Pradesh,0.06,0.01,0.48,0.0,1.95,1.02,9.37,12.35,5.04,2.43,0.18,0.39
26.0,78.25,Chinour Tahsil,Madhya Pradesh,0.03,0.01,0.46,0.0,1.87,0.88,9.55,12.51,5.2,2.49,0.23,0.4
26.0,78.5,Dabra Tahsil,Madhya Pradesh,0.01,0.0,0.11,0.0,1.42,1.06,8.2,7.96,4.49,3.57,0.04,0.26
26.0,78.75,Bhander Tahsil,Madhya Pradesh,0.0,0.11,0.11,0.04,1.21,0.68,9.62,8.59,4.15,2.94,0.01,0.13
26.0,79.0,Konch,Uttar Pradesh,0.0,0.04,0.1,0.19,0.85,1.68,5.7,5.67,3.74,1.08,0.06,0.18
26.0,79.25,Konch,Uttar Pradesh,0.0,0.0,0.16,0.55,1.17,4.33,8.01,6.51,5.32,1.3,0.16,0.38
26.0,79.5,Orai,Uttar Pradesh,0.03,0.03,0.04,0.08,1.26,2.02,9.45,4.3,4.47,4.16,0.22,0.25
26.0,79.75,Kalpi,Uttar Pradesh,0.02,0.07,0.03,0.05,0.93,4.03,7.27,5.01,4.28,3.34,0.09,0.15
26.0,80.0,Hamirpur,Uttar Pradesh,0.0,0.09,0.03,0.08,0.79,6.75,7.31,6.71,5.07,3.52,0.01,0.11
26.0,80.25,Bindki,Uttar Pradesh,0.0,0.05,0.04,0.1,1.36,3.46,8.1,5.62,8.05,2.89,0.01,0.08
26.0,80.5,Bindki,Uttar Pradesh,0.0,0.01,0.08,0.35,4.79,8.63,11.16,8.76,7.89,4.54,0.0,0.13
26.0,80.75,Fatehpur,Uttar Pradesh,0.0,0.08,0.02,0.08,2.29,6.89,6.99,8.07,6.96,2.41,0.0,0.09
26.0,81.0,Fatehpur,Uttar Pradesh,0.0,0.1,0.02,0.0,1.52,4.18,5.38,7.07,7.83,1.61,0.0,0.05
26.0,81.25,Unchahar,Uttar Pradesh,0.0,0.04,0.0,0.0,0.59,2.29,1.12,1.77,4.22,0.27,0.0,0.06
26.0,81.5,Salon,Uttar Pradesh,0.0,0.38,0.0,0.0,1.39,2.21,2.1,2.8,6.26,1.25,0.0,0.05
26.0,81.75,Pratapgarh,Uttar Pradesh,0.0,0.01,0.0,0.0,3.32,4.98,5.85,11.45,11.79,2.15,0.0,0.14
26.0,82.0,Pratapgarh,Uttar Pradesh,0.0,0.0,0.0,0.0,3.37,8.09,3.34,13.4,11.08,2.81,0.0,0.11
26.0,82.25,Pratapgarh,Uttar Pradesh,0.0,0.0,0.0,0.02,1.76,3.43,2.25,5.26,4.23,1.04,0.0,0.09
26.0,82.5,Kadipur,Uttar Pradesh,0.0,0.0,0.0,0.06,2.56,5.3,4.73,9.5,6.59,1.71,0.0,0.15
26.0,82.75,Phulpur,Uttar Pradesh,0.0,0.0,0.0,0.0,1.41,6.42,3.01,7.37,9.21,6.1,0.0,0.17
26.0,83.0,Nizamabad,Uttar Pradesh,0.0,0.0,0.0,0.0,2.39,10.27,6.11,10.31,15.54,9.27,0.0,0.1
26.0,83.25,Azamgarh,Uttar Pradesh,0.0,0.0,0.0,0.0,2.79,6.44,4.96,7.96,5.52,1.36,0.0,0.06
26.0,83.5,Maunath Bhanjan,Uttar Pradesh,0.03,0.08,0.0,0.09,6.22,11.17,7.98,8.14,3.61,5.88,0.0,0.71
26.0,83.75,Maunath Bhanjan,Uttar Pradesh,0.01,0.01,0.0,0.01,4.82,7.09,4.42,8.89,4.44,8.24,0.0,0.49
26.0,84.0,Sikanderpur,Uttar Pradesh,0.0,0.0,0.0,0.0,6.3,10.23,6.92,10.4,4.28,6.39,0.0,0.5
26.0,84.25,Raghunathpur,Bihar,0.0,0.01,0.0,0.0,9.82,14.93,7.8,13.83,5.57,7.26,0.0,0.81
26.0,84.5,Ekma,Bihar,0.0,0.0,0.0,0.0,6.59,10.64,5.51,8.13,3.04,4.49,0.0,0.19
26.0,84.75,Baniapur,Bihar,0.0,0.0,0.0,0.0,9.28,4.74,4.93,12.74,6.22,7.54,0.0,0.19
26.0,85.0,Maker,Bihar,0.0,0.0,0.0,0.08,10.08,10.66,11.33,18.62,3.1,7.95,0.0,0.42
26.0,85.25,Paterhi Belsar,Bihar,0.0,0.0,0.0,0.03,10.6,10.24,8.44,24.37,2.43,9.34,0.0,0.17
26.0,85.5,Sakra,Bihar,0.0,0.0,0.0,0.38,9.78,13.99,9.92,13.79,3.32,9.8,0.0,0.24
26.0,85.75,Kalyanpur,Bihar,0.0,0.0,0.0,0.3,10.53,13.34,9.7,11.82,2.59,8.15,0.0,0.25
26.0,86.0,Baheri,Bihar,0.0,0.0,0.0,0.08,11.66,10.01,13.47,11.1,2.81,7.85,0.0,0.2
26.0,86.25,Gora Bauram,Bihar,0.0,0.0,0.0,0.35,9.8,9.83,11.71,12.28,3.15,7.43,0.0,0.31
26.0,86.5,Nauhatta,Bihar,0.0,0.0,0.0,0.64,11.28,10.88,11.23,13.3,3.36,7.71,0.0,0.36
26.0,86.75,Singheshwar,Bihar,0.0,0.0,0.0,0.45,9.43,9.16,8.25,13.31,3.11,6.44,0.0,0.29
26.0,87.0,Kumarkhand,Bihar,0.0,0.0,0.0,0.6,10.29,8.0,10.65,11.78,3.08,5.98,0.0,0.14
26.0,87.25,Raniganj,Bihar,0.01,0.0,0.16,0.57,11.1,7.66,9.21,10.9,2.35,6.17,0.0,0.11
26.0,87.5,Araria,Bihar,0.0,0.0,0.29,0.1,10.61,6.08,11.48,13.95,2.33,8.0,0.0,0.1
26.0,87.75,Amour,Bihar,0.0,0.0,0.18,0.12,10.2,7.01,11.5,13.84,2.61,8.27,0.0,0.1
26.0,88.0,Goalpokhar - II,West Bengal,0.0,0.0,0.17,0.34,10.72,9.0,12.18,15.81,3.24,8.92,0.0,0.08
26.0,88.25,Ranishankail Upazila,Rangpur Division,0.1,0.07,0.79,1.73,8.04,13.54,15.9,17.19,6.08,10.33,0.0,0.05
26.0,89.5,Fulbari Upazila,Rangpur Division,0.0,0.0,0.0,0.0,0.0,0.0,0.0,0.0,0.0,0.0,0.0,0.0
26.0,89.75,Nageshwari Upazila,Rangpur Division,0.02,0.0,0.82,2.44,10.04,10.14,14.63,12.36,3.84,10.02,0.0,0.04
26.0,90.0,Dhubri,Assam,0.0,0.0,0.81,2.23,9.7,11.61,13.36,8.79,5.01,7.8,0.0,0.01
26.0,90.25,Lakhipur,Assam,0.0,0.0,0.88,2.67,9.74,19.43,12.37,9.94,5.52,7.6,0.0,0.0
26.0,90.5,Balijana,Assam,0.12,0.07,0.82,3.06,7.78,21.97,12.91,9.19,5.76,6.63,0.07,0.0
26.0,90.75,Dudhnai,Assam,0.18,0.18,1.16,3.81,7.0,20.97,11.99,6.63,6.06,4.77,0.11,0.0
26.0,91.0,Rangjuli,Assam,0.16,0.18,1.71,3.64,5.67,14.14,7.37,6.58,5.25,1.48,0.0,0.0
26.0,91.25,Boko,Assam,0.02,0.2,2.07,3.87,5.45,11.38,6.89,5.61,5.79,1.91,0.0,0.02
26.0,91.5,Palasbari,Assam,0.02,0.08,1.29,2.64,6.73,14.21,8.87,11.11,5.09,2.94,0.0,0.1
26.0,91.75,Jirang,Meghalaya,0.01,0.14,0.89,1.31,6.08,8.89,8.37,8.91,6.3,4.5,0.0,0.17
26.0,92.0,Umling,Meghalaya,0.02,0.19,0.91,1.23,4.01,4.76,6.63,5.16,5.31,3.21,0.0,0.11
26.0,92.25,Donka,Assam,0.05,0.1,0.77,1.25,3.45,2.86,7.68,6.22,5.09,2.98,0.0,0.37
26.0,92.5,Donka,Assam,0.21,0.17,0.83,1.97,4.44,8.08,7.66,6.01,5.46,4.84,0.0,0.34
26.0,92.75,Donka,Assam,0.25,0.22,0.62,1.58,3.96,8.35,7.71,6.2,5.42,2.6,0.0,0.52
26.0,93.0,Lanka,Assam,0.04,0.02,1.05,1.5,3.05,3.24,8.56,8.36,6.06,1.96,0.0,0.25
26.0,93.25,Diphu,Assam,0.02,0.01,1.28,0.76,2.0,5.33,7.61,4.17,5.37,1.78,0.01,0.16
26.0,93.5,Diphu,Assam,0.07,0.02,1.37,0.72,1.94,5.77,7.18,2.74,4.68,2.2,0.03,0.16
26.0,93.75,Diphu,Assam,0.07,0.02,1.31,1.23,2.11,4.52,7.02,4.42,5.41,3.15,0.03,0.32
26.0,94.0,Ralan,Nagaland,0.09,0.01,1.11,1.07,2.55,4.2,5.54,7.4,3.73,2.92,0.0,0.35
26.0,94.25,Chunlika,Nagaland,0.12,0.0,1.09,0.9,2.68,5.64,5.59,7.95,2.86,3.06,0.0,0.38
26.0,94.5,Zunheboto Sadar,Nagaland,0.13,0.0,1.09,0.9,2.8,5.59,5.46,7.95,2.78,3.13,0.0,0.39
26.0,94.75,Amahator,Nagaland,0.15,0.0,1.09,0.93,3.18,5.94,5.96,7.97,2.85,2.84,0.0,0.34
26.0,95.0,Thonoknyu,Nagaland,0.14,0.01,1.15,0.91,3.06,6.21,6.11,7.99,3.0,2.87,0.0,0.34
26.25,70.0,Khairpur District,Unknown,0.0,0.0,0.0,0.02,0.17,1.11,2.06,0.58,3.13,0.0,0.0,0.0
26.25,70.25,Jaisalmer Tehsil,Rajasthan,0.0,0.0,0.0,0.02,0.17,1.07,2.24,0.59,3.38,0.0,0.0,0.0
26.25,70.5,Fatehgarh Tehsil,Rajasthan,0.0,0.0,0.0,0.01,0.16,1.27,2.47,0.67,3.64,0.0,0.0,0.0
26.25,70.75,Fatehgarh Tehsil,Rajasthan,0.0,0.0,0.0,0.0,0.58,1.95,2.49,0.19,4.38,0.0,0.0,0.0
26.25,71.0,Sheo Tehsil,Rajasthan,0.0,0.0,0.0,0.0,0.7,1.69,1.98,0.02,4.52,0.0,0.0,0.0
26.25,71.25,Sheo Tehsil,Rajasthan,0.0,0.0,0.0,0.0,0.72,0.84,1.43,0.01,4.84,0.0,0.0,0.0
26.25,71.5,Sheo Tehsil,Rajasthan,0.0,0.0,0.0,0.0,0.74,1.18,1.58,0.06,4.34,0.0,0.0,0.0
26.25,71.75,Gira Tehsil,Rajasthan,0.0,0.0,0.0,0.0,1.12,1.32,1.28,0.15,4.65,0.0,0.0,0.0
26.25,72.0,Gira Tehsil,Rajasthan,0.0,0.0,0.0,0.0,1.89,2.52,1.29,0.19,5.59,0.0,0.0,0.0
26.25,72.25,Shergarh Tehsil,Rajasthan,0.0,0.0,0.0,0.0,2.53,3.23,1.37,0.22,6.44,0.0,0.0,0.0
26.25,72.5,Unknown,Rajasthan,0.0,0.0,0.0,0.0,2.03,2.11,1.32,0.46,4.62,0.02,0.0,0.11
26.25,72.75,Unknown,Rajasthan,0.0,0.0,0.0,0.0,1.64,0.82,1.46,0.66,2.86,0.05,0.0,0.23
26.25,73.0,Jodhpur Tehsil,Rajasthan,0.0,0.0,0.0,0.0,1.59,0.78,1.33,0.75,2.58,0.04,0.0,0.27
26.25,73.25,Jodhpur Tehsil,Rajasthan,0.14,0.0,0.0,0.0,1.86,1.18,1.36,1.79,4.3,0.97,0.0,0.23
26.25,73.5,Bilara Tehsil,Rajasthan,0.42,0.0,0.0,0.0,2.23,1.68,1.41,4.27,7.48,2.34,0.0,0.32
26.25,73.75,Bilara Tehsil,Rajasthan,0.52,0.0,0.0,0.01,2.3,1.47,1.41,6.12,6.78,1.35,0.01,0.51
26.25,74.0,Jaitaran Tehsil,Rajasthan,0.57,0.0,0.0,0.04,2.31,1.88,2.18,5.74,6.16,1.03,0.04,0.32
26.25,74.25,Raipur Tehsil,Rajasthan,0.47,0.0,0.0,0.0,3.14,1.76,2.49,5.91,5.45,0.64,0.03,0.0
26.25,74.5,Peesangan Tehsil,Rajasthan,0.38,0.0,0.1,0.0,2.55,1.11,4.02,5.33,6.26,0.27,0.03,0.0
26.25,74.75,Nasirabad Tehsil,Rajasthan,0.3,0.0,0.1,0.0,3.16,0.58,3.59,3.93,5.81,0.52,0.02,0.0
26.25,75.0,Sarwar Tehsil,Rajasthan,0.05,0.0,0.07,0.0,3.33,0.52,3.5,3.58,5.66,0.94,0.05,0.03
26.25,75.25,Malpura Tehsil,Rajasthan,0.16,0.0,0.16,0.0,2.74,1.25,6.57,5.71,6.35,0.65,0.0,0.0
26.25,75.5,Malpura Tehsil,Rajasthan,0.28,0.02,0.11,0.0,3.02,1.31,5.02,8.81,7.56,1.16,0.0,0.0
26.25,75.75,Peeplu Tehsil,Rajasthan,0.3,0.24,0.06,0.0,2.24,1.69,7.02,10.56,4.5,1.23,0.0,0.0
26.25,76.0,Niwai Tehsil,Rajasthan,0.8,0.06,0.02,0.0,2.25,1.33,10.29,13.97,3.53,0.79,0.1,0.05
26.25,76.25,Bonli Tehsil,Rajasthan,1.34,0.0,0.13,0.0,1.86,1.62,9.77,13.19,4.11,1.91,0.07,0.01
26.25,76.5,Malarna Doongar Tehsil,Rajasthan,1.3,0.0,0.06,0.02,1.38,1.43,8.18,12.83,3.42,3.6,0.16,0.08
26.25,76.75,Sapotra Tehsil,Rajasthan,1.11,0.0,0.03,0.01,1.36,1.51,8.21,11.44,2.94,3.63,0.12,0.04
26.25,77.0,Sapotra Tehsil,Rajasthan,0.61,0.0,0.11,0.0,1.47,2.75,11.71,12.68,5.12,1.57,0.03,0.03
26.25,77.25,Sabalgarh Tahsil,Madhya Pradesh,0.39,0.0,0.32,0.0,1.3,2.23,7.51,11.8,8.53,1.11,0.1,0.1
26.25,77.5,Kailaras Tahsil,Madhya Pradesh,0.2,0.0,0.25,0.0,2.59,1.04,6.54,7.74,5.75,1.21,0.04,0.09
26.25,77.75,Joura Tahsil,Madhya Pradesh,0.14,0.0,0.25,0.01,2.73,0.85,6.74,5.96,5.01,1.3,0.03,0.1
26.25,78.0,Ghatigaon Tahsil,Madhya Pradesh,0.21,0.02,0.29,0.02,1.64,0.63,9.48,8.0,4.36,2.57,0.13,0.23
26.25,78.25,Gird Tahsil,Madhya Pradesh,0.08,0.01,0.54,0.0,2.72,0.99,10.25,9.13,4.73,3.27,0.1,0.22
26.25,78.5,Tansen Tahsil,Madhya Pradesh,0.0,0.07,0.17,0.03,1.38,0.78,11.06,7.59,4.04,3.12,0.02,0.14
26.25,78.75,Seondha Tahsil,Madhya Pradesh,0.0,0.25,0.24,0.09,1.06,0.21,11.74,11.38,4.48,2.51,0.03,0.05
26.25,79.0,Mihona Tahsil,Madhya Pradesh,0.0,0.07,0.09,0.11,0.75,0.91,7.95,6.38,3.89,1.28,0.03,0.13
26.25,79.25,Madhogarh,Uttar Pradesh,0.0,0.0,0.03,0.11,0.7,1.98,8.79,3.95,4.41,1.56,0.06,0.17
26.25,79.5,Kalpi,Uttar Pradesh,0.03,0.03,0.03,0.03,0.99,3.17,11.11,4.68,5.1,5.45,0.15,0.17
26.25,79.75,Bhognipur,Uttar Pradesh,0.02,0.03,0.04,0.03,0.66,0.8,5.37,2.11,2.43,1.46,0.08,0.1
26.25,80.0,Bhognipur,Uttar Pradesh,0.0,0.06,0.04,0.09,0.51,2.15,6.32,2.85,3.53,1.41,0.03,0.1
26.25,80.25,Ghatampur,Uttar Pradesh,0.0,0.06,0.05,0.1,1.06,2.64,8.16,4.83,8.19,4.2,0.02,0.08
26.25,80.5,Unknown,Uttar Pradesh,0.0,0.01,0.04,0.04,1.49,1.82,6.31,4.52,8.73,3.9,0.0,0.04
26.25,80.75,Bighapur,Uttar Pradesh,0.0,0.13,0.0,0.01,2.22,5.15,5.87,7.33,8.6,2.05,0.0,0.09
26.25,81.0,Raebareli,Uttar Pradesh,0.0,0.21,0.0,0.0,3.49,5.37,6.82,8.47,11.87,2.13,0.0,0.14
26.25,81.25,Raebareli,Uttar Pradesh,0.0,0.56,0.0,0.05,3.3,5.33,2.93,5.35,10.48,1.91,0.0,0.11
26.25,81.5,Tiloi,Uttar Pradesh,0.0,0.94,0.0,0.01,2.17,2.78,2.51,3.15,6.36,2.0,0.0,0.02
26.25,81.75,Gauriganj,Uttar Pradesh,0.0,0.13,0.0,0.0,6.06,7.76,3.31,12.13,9.04,2.24,0.0,0.22
26.25,82.0,Sultanpur,Uttar Pradesh,0.01,0.08,0.01,0.01,4.88,6.88,5.19,10.8,7.83,1.73,0.01,0.19
26.25,82.25,Jaisinghpur,Uttar Pradesh,0.01,0.03,0.02,0.03,3.42,4.93,7.56,7.74,5.16,0.77,0.01,0.17
26.25,82.5,Kadipur,Uttar Pradesh,0.0,0.01,0.01,0.01,2.12,3.87,3.06,6.04,5.16,2.86,0.0,0.18
26.25,82.75,Jalalpur,Uttar Pradesh,0.0,0.0,0.0,0.01,1.77,6.87,4.0,8.12,10.28,6.37,0.0,0.13
26.25,83.0,Burhanpur,Uttar Pradesh,0.0,0.0,0.0,0.0,3.39,8.33,6.7,9.92,9.83,6.02,0.0,0.17
26.25,83.25,Sagri,Uttar Pradesh,0.0,0.0,0.0,0.01,3.05,5.91,4.97,7.6,6.23,1.49,0.0,0.08
26.25,83.5,Ghosi,Uttar Pradesh,0.0,0.08,0.0,0.05,6.2,9.75,7.81,11.16,6.59,6.06,0.0,0.59
26.25,83.75,Madhuban,Uttar Pradesh,0.0,0.11,0.0,0.0,6.55,11.73,8.95,11.77,6.66,5.96,0.0,0.5
26.25,84.0,Bhatpar Rani,Uttar Pradesh,0.0,0.0,0.0,0.01,7.79,13.12,7.96,8.05,3.69,5.73,0.0,0.75
26.25,84.25,Ziradei,Bihar,0.0,0.0,0.0,0.03,8.25,11.79,7.61,11.01,4.8,6.79,0.0,0.92
26.25,84.5,Unknown,Bihar,0.0,0.0,0.0,0.0,6.71,13.53,9.31,11.24,4.04,6.43,0.0,0.3
26.25,84.75,Baikunthpur,Bihar,0.0,0.0,0.0,0.0,9.76,12.49,6.59,18.23,3.55,9.15,0.0,0.26
26.25,85.0,Unknown,Bihar,0.0,0.0,0.01,1.85,7.83,9.59,8.49,19.92,1.14,8.08,0.0,0.33
26.25,85.25,Minapur,Bihar,0.0,0.0,0.02,0.04,10.06,10.54,9.95,13.98,2.42,9.4,0.0,0.46
26.25,85.5,Bochaha,Bihar,0.0,0.0,0.0,0.3,9.29,15.68,9.11,12.56,2.39,6.92,0.0,0.09
26.25,85.75,Singhwara,Bihar,0.0,0.0,0.0,0.3,12.64,13.04,13.75,12.29,2.9,7.56,0.0,0.14
26.25,86.0,Keotiranway,Bihar,0.0,0.0,0.0,0.0,15.08,9.54,18.35,8.83,2.88,9.42,0.0,0.12
26.25,86.25,Jhanjharpur,Bihar,0.0,0.0,0.0,0.05,10.43,10.8,10.47,12.34,1.35,12.08,0.0,0.58
26.25,86.5,Ghoghardiha,Bihar,0.0,0.0,0.0,0.23,8.72,9.98,10.67,16.42,2.1,9.1,0.0,0.31
26.25,86.75,Kishanpur,Bihar,0.0,0.0,0.0,0.81,10.05,10.99,16.28,20.99,2.72,9.31,0.0,0.18
26.25,87.0,Chhatapur,Bihar,0.0,0.0,0.05,1.37,12.63,9.8,20.45,23.52,4.21,9.43,0.0,0.16
26.25,87.25,Forbesganj,Bihar,0.0,0.0,0.85,0.32,11.38,7.53,11.85,12.67,1.76,7.62,0.0,0.05
26.25,87.5,Araria,Bihar,0.0,0.0,0.79,0.04,13.64,8.98,18.38,18.38,2.98,12.03,0.0,0.11
26.25,87.75,Bahadurganj,Bihar,0.0,0.0,0.15,0.25,11.31,13.31,13.61,20.61,6.55,11.65,0.0,0.08
26.25,88.0,Thakurganj,Bihar,0.07,0.08,0.38,0.78,10.23,14.54,16.75,21.44,6.32,11.2,0.15,0.04
26.25,88.25,Islampur,West Bengal,0.15,0.28,1.25,2.35,7.24,15.6,18.13,21.45,9.91,11.38,0.08,0.06
26.25,88.75,Debiganj Upazila,Rangpur Division,0.0,0.03,0.73,1.93,6.44,15.81,21.42,26.88,8.84,10.64,0.01,0.05
26.25,89.0,Outside India,Outside India,0.04,0.01,0.86,2.74,7.93,19.47,24.42,22.57,10.18,12.14,0.01,0.04
26.25,89.25,Outside India,Outside India,0.34,0.0,0.91,5.27,7.36,19.6,17.23,23.42,10.64,8.56,0.09,0.04
26.25,89.5,Outside India,Outside India,0.4,0.0,0.89,5.1,5.62,23.2,15.28,23.85,9.48,9.85,0.24,0.04
26.25,89.75,Outside India,Outside India,0.44,0.0,2.04,3.77,6.95,23.55,19.1,18.22,9.19,10.48,0.05,0.04
26.25,90.0,Bagribari (Pt),Assam,0.23,0.0,2.51,3.01,6.17,14.23,12.69,15.34,7.29,5.78,0.02,0.0
26.25,90.25,Bilasipara Pt,Assam,0.04,0.0,0.96,2.54,8.32,20.69,12.89,9.26,5.7,7.8,0.0,0.0
26.25,90.5,Boitamari,Assam,0.22,0.11,0.61,3.41,7.98,26.08,14.89,8.71,5.97,6.7,0.13,0.0
26.25,90.75,Kalgachia,Assam,0.36,0.16,0.62,3.69,7.51,26.84,14.72,8.59,6.11,5.35,0.17,0.0
26.25,91.0,Baghbor,Assam,0.35,0.11,1.12,2.8,6.49,16.94,7.67,4.62,5.71,1.56,0.01,0.0
26.25,91.25,Barkhetri,Assam,0.11,0.08,1.16,2.65,5.42,14.21,6.35,6.62,5.01,1.17,0.0,0.0
26.25,91.5,Hajo,Assam,0.1,0.1,1.33,2.66,5.34,14.39,8.26,9.86,5.34,2.69,0.0,0.0
26.25,91.75,North Guwahati (Pt),Assam,0.06,0.17,0.91,1.42,4.2,7.19,6.52,5.83,4.97,2.98,0.0,0.0
26.25,92.0,Mayong,Assam,0.02,0.21,0.92,1.22,4.11,5.36,6.25,4.67,5.33,3.42,0.0,0.01
26.25,92.25,Mayong,Assam,0.1,0.16,0.68,1.09,3.37,6.69,5.07,5.15,4.42,0.92,0.0,0.03
26.25,92.5,Raha,Assam,0.41,0.37,0.55,2.05,4.84,13.56,9.52,6.95,7.04,2.19,0.0,0.78
26.25,92.75,Nagaon,Assam,0.42,0.33,0.69,2.16,4.82,12.29,9.8,8.03,7.07,2.01,0.0,0.63
26.25,93.0,Phuloni,Assam,0.16,0.11,1.07,1.36,3.12,7.71,8.77,6.64,6.39,1.67,0.0,0.31
26.25,93.25,Phuloni,Assam,0.2,0.04,1.35,0.61,3.23,6.27,7.73,3.32,4.75,2.01,0.17,0.12
26.25,93.5,Silonijan,Assam,0.23,0.01,1.6,0.84,3.92,4.72,7.21,3.11,3.95,2.23,0.21,0.08
26.25,93.75,Silonijan,Assam,0.33,0.15,1.36,0.77,4.28,6.64,8.92,4.51,5.21,2.36,0.32,0.23
26.25,94.0,Golaghat,Assam,0.26,0.08,1.23,1.0,3.85,8.52,7.71,7.62,4.71,2.55,0.23,0.2
26.25,94.25,Sanis,Nagaland,0.15,0.0,1.1,0.93,2.99,8.76,7.49,8.29,4.19,2.33,0.02,0.23
26.25,94.5,Akuluto,Nagaland,0.14,0.0,1.11,0.92,2.94,8.81,7.35,8.36,4.22,2.34,0.01,0.22
26.25,94.75,Longkhim,Nagaland,0.19,0.0,1.19,0.99,3.85,7.8,8.11,7.75,3.76,2.54,0.04,0.32
26.25,95.0,Noklak,Nagaland,0.2,0.08,1.16,1.04,4.13,7.67,7.43,7.88,3.48,2.73,0.04,0.35
26.5,70.0,Khairpur District,Unknown,0.0,0.0,0.0,0.02,0.46,1.24,1.78,0.1,2.93,0.0,0.0,0.0
26.5,70.25,Jaisalmer Tehsil,Rajasthan,0.0,0.0,0.0,0.02,0.59,1.32,2.28,0.08,3.15,0.0,0.0,0.0
26.5,70.5,Jaisalmer Tehsil,Rajasthan,0.0,0.0,0.0,0.02,0.65,1.56,2.43,0.0,3.22,0.0,0.0,0.0
26.5,70.75,Fatehgarh Tehsil,Rajasthan,0.0,0.0,0.0,0.0,0.93,2.46,3.68,0.0,3.8,0.0,0.0,0.0
26.5,71.0,Fatehgarh Tehsil,Rajasthan,0.0,0.0,0.0,0.0,0.79,3.12,3.01,0.0,3.92,0.0,0.0,0.0
26.5,71.25,Fatehgarh Tehsil,Rajasthan,0.0,0.0,0.0,0.0,0.78,2.76,2.8,0.0,4.07,0.0,0.0,0.0
26.5,71.5,Pokaran Tehsil,Rajasthan,0.0,0.0,0.0,0.0,1.36,1.85,2.42,0.03,4.41,0.0,0.0,0.16
26.5,71.75,Bhaniyana Tehsil,Rajasthan,0.0,0.0,0.0,0.0,2.39,2.03,2.35,0.13,5.02,0.0,0.0,0.28
26.5,72.0,Bhaniyana Tehsil,Rajasthan,0.0,0.0,0.0,0.0,2.6,2.56,1.97,0.18,5.69,0.0,0.0,0.19
26.5,72.25,Shergarh Tehsil,Rajasthan,0.0,0.0,0.0,0.0,2.49,3.01,1.56,0.25,6.1,0.01,0.0,0.05
26.5,72.5,Shekhata Tehsil,Rajasthan,0.0,0.0,0.0,0.0,2.12,2.4,1.63,0.61,5.02,0.12,0.0,0.08
26.5,72.75,Tinwari Tehsil,Rajasthan,0.0,0.0,0.0,0.0,1.41,1.22,2.13,1.12,3.13,0.32,0.0,0.17
26.5,73.0,Tinwari Tehsil,Rajasthan,0.0,0.0,0.0,0.0,1.58,0.93,1.53,1.06,2.71,0.14,0.0,0.24
26.5,73.25,Baori Tehsil,Rajasthan,0.02,0.0,0.0,0.0,2.61,0.84,0.98,3.34,3.19,0.27,0.0,0.34
26.5,73.5,Bhopalgarh Tehsil,Rajasthan,0.16,0.0,0.0,0.0,3.07,1.02,0.92,4.94,4.7,0.62,0.0,0.39
26.5,73.75,Bhopalgarh Tehsil,Rajasthan,0.69,0.0,0.02,0.0,3.8,1.55,0.96,7.98,9.8,0.76,0.0,0.51
26.5,74.0,Riyan Badi Tehsil,Rajasthan,0.81,0.0,0.02,0.0,4.42,1.68,0.97,8.84,10.51,0.35,0.0,0.48
26.5,74.25,Riyan Badi Tehsil,Rajasthan,0.73,0.0,0.01,0.0,4.31,1.85,1.81,6.53,6.49,0.76,0.02,0.02
26.5,74.5,Pushkar Tehsil,Rajasthan,1.11,0.0,0.08,0.0,3.76,1.84,3.17,6.3,6.61,0.39,0.06,0.06
26.5,74.75,Ajmer Tehsil,Rajasthan,0.56,0.0,0.09,0.0,3.42,0.86,1.5,2.19,3.06,0.13,0.0,0.0
26.5,75.0,Arain Tehsil,Rajasthan,0.17,0.0,0.11,0.0,2.66,0.34,2.78,3.65,5.41,0.28,0.02,0.02
26.5,75.25,Malpura Tehsil,Rajasthan,0.18,0.0,0.18,0.0,3.08,0.83,7.48,7.36,6.38,0.84,0.0,0.08
26.5,75.5,Phagi Tehsil,Rajasthan,0.18,0.02,0.18,0.0,2.96,0.55,6.69,8.11,7.41,1.35,0.0,0.12
26.5,75.75,Phagi Tehsil,Rajasthan,0.12,0.12,0.07,0.0,3.09,1.39,8.13,7.2,3.0,1.57,0.0,0.06
26.5,76.0,Niwai Tehsil,Rajasthan,0.66,0.03,0.13,0.0,2.4,1.22,7.98,9.33,3.8,0.58,0.04,0.08
26.5,76.25,Lalsot Tehsil,Rajasthan,0.96,0.0,0.24,0.0,1.89,1.0,5.94,7.67,4.85,0.22,0.01,0.09
26.5,76.5,Bamanwas Tehsil,Rajasthan,1.32,0.0,0.05,0.01,1.66,1.15,5.64,7.31,4.87,1.28,0.04,0.1
26.5,76.75,Gangapur Tehsil,Rajasthan,1.27,0.0,0.02,0.01,1.69,1.32,9.01,9.15,3.04,3.0,0.06,0.07
26.5,77.0,Karauli Tehsil,Rajasthan,0.91,0.0,0.04,0.01,1.64,1.59,10.51,10.51,4.1,2.5,0.03,0.04
26.5,77.25,Sarmathura Tehsil,Rajasthan,0.65,0.0,0.08,0.04,1.87,0.63,7.93,9.92,5.93,1.18,0.0,0.03
26.5,77.5,Sarmathura Tehsil,Rajasthan,0.29,0.0,0.24,0.05,3.88,1.01,8.31,7.82,4.7,1.11,0.01,0.03
26.5,77.75,Joura Tahsil,Madhya Pradesh,0.18,0.0,0.23,0.04,3.56,1.34,6.34,5.59,4.98,1.0,0.0,0.07
26.5,78.0,Morena Nagar Tahsil,Madhya Pradesh,0.13,0.0,0.32,0.01,2.4,0.85,7.15,7.3,5.18,2.42,0.05,0.15
26.5,78.25,Gohad Tahsil,Madhya Pradesh,0.04,0.0,0.56,0.02,2.89,1.29,11.49,6.87,5.29,3.51,0.06,0.14
26.5,78.5,Gormi Tahsil,Madhya Pradesh,0.0,0.0,0.42,0.06,1.82,1.93,15.41,2.71,6.17,3.37,0.03,0.09
26.5,78.75,Mehgaon Tahsil,Madhya Pradesh,0.0,0.07,0.16,0.04,1.1,0.79,10.2,5.34,5.54,2.57,0.02,0.04
26.5,79.0,Bhind Tahsil,Madhya Pradesh,0.01,0.04,0.03,0.01,0.43,1.57,10.18,4.2,5.46,1.35,0.0,0.01
26.5,79.25,Chakarnagar,Uttar Pradesh,0.04,0.03,0.0,0.04,0.41,2.36,13.61,4.02,5.7,1.29,0.0,0.02
26.5,79.5,Auraiya,Uttar Pradesh,0.04,0.02,0.02,0.03,0.51,1.02,5.51,2.32,2.52,1.02,0.02,0.06
26.5,79.75,Derapur,Uttar Pradesh,0.02,0.01,0.02,0.02,0.37,0.7,3.52,1.58,1.72,0.77,0.01,0.05
26.5,80.0,Akbarpur,Uttar Pradesh,0.02,0.14,0.04,0.3,1.06,4.33,7.95,5.37,6.45,3.05,0.03,0.14
26.5,80.25,Unknown,Uttar Pradesh,0.0,0.12,0.06,0.21,1.0,4.74,8.78,6.05,7.2,3.62,0.03,0.15
26.5,80.5,Unnao,Uttar Pradesh,0.0,0.04,0.01,0.08,1.32,1.5,2.84,4.56,6.9,1.63,0.0,0.09
26.5,80.75,Purwa,Uttar Pradesh,0.01,0.04,0.02,0.15,0.84,2.08,1.97,2.97,5.2,0.91,0.0,0.1
26.5,81.0,Maharajganj,Uttar Pradesh,0.0,0.05,0.01,0.02,1.5,5.4,4.55,6.87,9.6,2.04,0.0,0.31
26.5,81.25,Maharajganj,Uttar Pradesh,0.0,0.16,0.0,0.01,1.91,6.45,5.05,8.25,11.03,2.61,0.0,0.38
26.5,81.5,Tiloi,Uttar Pradesh,0.0,0.23,0.01,0.03,2.89,4.35,3.99,3.41,6.67,1.9,0.0,0.03
26.5,81.75,Musafirkhana,Uttar Pradesh,0.0,0.01,0.01,0.05,1.53,4.41,3.35,3.57,4.73,1.15,0.0,0.11
26.5,82.0,Bikapur,Uttar Pradesh,0.0,0.01,0.01,0.01,3.0,6.61,4.6,6.09,8.65,1.66,0.0,0.31
26.5,82.25,Bikapur,Uttar Pradesh,0.01,0.03,0.02,0.03,3.7,5.14,8.07,8.05,5.37,0.78,0.01,0.17
26.5,82.5,Akbarpur,Uttar Pradesh,0.01,0.03,0.02,0.08,3.52,5.24,7.43,8.59,5.74,1.3,0.01,0.17
26.5,82.75,Tanda,Uttar Pradesh,0.0,0.11,0.0,0.4,4.58,6.38,7.31,12.37,6.18,4.15,0.0,0.27
26.5,83.0,Ghanghata,Uttar Pradesh,0.0,0.02,0.0,0.5,6.56,6.02,9.78,11.12,7.37,4.97,0.0,0.48
26.5,83.25,Khajni,Uttar Pradesh,0.0,0.01,0.0,0.24,7.49,6.1,8.9,10.61,7.03,5.29,0.0,0.52
26.5,83.5,Chauri Chaura,Uttar Pradesh,0.0,0.0,0.0,0.16,6.2,6.42,3.45,9.13,6.21,5.36,0.0,0.54
26.5,83.75,Deoria,Uttar Pradesh,0.0,0.03,0.0,0.01,7.14,12.48,8.21,9.49,5.99,6.83,0.0,0.74
26.5,84.0,Bijaipur,Bihar,0.0,0.0,0.0,0.05,7.76,12.69,7.64,9.89,5.1,7.95,0.0,0.78
26.5,84.25,Kuchaikote,Bihar,0.0,0.0,0.0,0.04,7.78,15.84,8.05,12.08,2.13,8.76,0.0,1.01
26.5,84.5,Gopalganj,Bihar,0.0,0.0,0.0,0.32,8.72,14.61,8.61,13.11,2.26,7.88,0.0,0.77
26.5,84.75,Sangrampur,Bihar,0.0,0.0,0.0,0.31,8.16,10.83,8.19,14.33,2.15,8.53,0.0,0.55
26.5,85.0,Chakia(Pipra),Bihar,0.0,0.0,0.0,0.29,5.94,5.99,5.62,8.82,0.48,4.38,0.0,0.29
26.5,85.25,Dumri Katsari,Bihar,0.0,0.0,0.01,0.13,9.04,11.61,6.59,13.56,2.04,6.22,0.0,0.71
26.5,85.5,Runisaidpur,Bihar,0.0,0.0,0.02,0.4,8.74,12.41,11.3,12.67,1.46,5.74,0.0,0.26
26.5,85.75,Pupri,Bihar,0.0,0.0,0.0,0.24,11.03,19.17,23.2,22.33,4.86,7.43,0.0,0.09
26.5,86.0,Basopatti,Bihar,0.0,0.0,0.0,0.08,11.27,12.53,17.51,15.02,3.2,9.61,0.0,0.14
26.5,86.25,Babubarhi,Bihar,0.0,0.0,0.0,0.03,10.21,8.16,10.82,10.8,1.45,9.53,0.0,0.32
26.5,86.5,Laukaha,Bihar,0.0,0.0,0.0,0.77,9.55,12.97,15.79,15.18,1.46,9.37,0.0,0.16
26.5,86.75,Saptari,Madhesh Province,0.0,0.0,0.0,1.04,9.67,14.16,18.08,16.7,1.74,9.13,0.0,0.09
26.5,87.0,Basantpur,Bihar,0.0,0.0,0.11,1.17,11.88,11.19,18.84,20.01,3.02,9.21,0.0,0.12
26.5,87.25,Morang,Koshi Province,0.0,0.0,0.86,0.41,12.46,8.12,14.19,15.24,2.04,8.87,0.0,0.06
26.5,87.5,Morang,Koshi Province,0.0,0.0,0.85,0.22,12.61,9.64,14.71,17.14,3.07,10.03,0.0,0.05
26.5,87.75,Jhapa,Koshi Province,0.01,0.0,0.3,0.6,11.26,13.01,15.01,23.84,5.89,9.14,0.02,0.01
26.5,88.0,Jhapa,Koshi Province,0.14,0.14,0.51,1.68,9.11,15.47,18.59,28.39,10.5,11.36,0.28,0.03
26.5,88.25,Phansidewa,West Bengal,0.14,0.29,1.32,2.71,7.1,15.75,17.67,23.38,10.64,11.52,0.04,0.06
26.5,88.5,Tentulia Upazila,Rangpur Division,0.09,0.11,1.08,2.66,6.72,14.61,18.45,22.16,9.64,9.83,0.01,0.04
26.5,88.75,Jalpaiguri Sadar Block,West Bengal,0.09,0.26,0.79,1.79,5.92,15.46,20.06,37.67,8.73,9.86,0.03,0.05
26.5,89.0,Mekliganj,West Bengal,0.26,0.57,0.83,2.68,6.66,19.4,19.25,29.33,9.38,9.59,0.04,0.05
26.5,89.25,Falakata,West Bengal,0.29,0.0,0.48,5.78,8.81,29.96,23.78,39.58,13.29,9.8,0.06,0.04
26.5,89.5,Alipurduar - I,West Bengal,0.43,0.0,0.93,4.98,3.8,29.92,16.88,29.47,9.73,10.95,0.59,0.04
26.5,89.75,Kumargram,West Bengal,0.48,0.0,1.71,4.46,5.98,27.16,19.66,21.55,10.72,10.59,0.16,0.04
26.5,90.0,Gossaigaon (Pt),Assam,0.44,0.01,3.17,3.17,6.45,19.67,17.69,16.97,8.61,7.59,0.06,0.01
26.5,90.25,Kokrajhar,Assam,0.18,0.08,1.58,4.08,5.85,16.77,12.38,14.82,7.7,8.72,0.15,0.01
26.5,90.5,Sidli (Pt),Assam,0.36,0.15,0.78,3.52,7.51,25.84,15.88,11.95,6.6,6.72,0.13,0.01
26.5,90.75,Bijni (Pt),Assam,0.34,0.17,0.66,3.36,7.68,26.12,14.64,9.57,5.86,5.71,0.15,0.01
26.5,91.0,Sarupeta (Pt),Assam,0.77,0.08,0.75,2.08,7.49,22.03,9.06,5.77,5.68,1.32,0.0,0.0
26.5,91.25,Bajali (Pt),Assam,0.8,0.1,0.89,2.39,6.15,19.32,8.09,6.55,6.47,1.08,0.0,0.0
26.5,91.5,Ghograpar (Pt),Assam,0.42,0.04,1.37,2.77,5.85,17.32,6.8,4.39,5.81,1.37,0.0,0.0
26.5,91.75,Goreswar (Pt),Assam,0.39,0.08,1.22,1.43,5.52,10.71,7.53,5.2,6.41,2.19,0.02,0.0
26.5,92.0,Mangaldoi (Pt),Assam,0.43,0.13,0.88,1.27,4.94,11.25,8.13,7.06,7.0,2.6,0.05,0.0
26.5,92.25,Dalgaon (Pt),Assam,0.75,0.09,1.15,1.61,4.94,12.65,6.37,6.04,7.47,2.32,0.13,0.0
26.5,92.5,Dhing,Assam,0.95,0.15,1.44,2.3,5.98,13.96,8.31,5.97,8.92,2.44,0.15,0.12
26.5,92.75,Rupahi,Assam,0.67,0.29,0.96,2.23,5.39,13.5,9.28,7.07,7.72,2.13,0.06,0.42
26.5,93.0,Kaliabor,Assam,0.52,0.08,0.95,1.64,5.39,9.14,9.09,6.37,4.57,2.88,0.3,0.17
26.5,93.25,Phuloni,Assam,0.58,0.08,0.89,1.42,5.76,7.94,10.2,6.66,4.58,3.19,0.43,0.15
26.5,93.5,Silonijan,Assam,0.63,0.35,1.1,1.03,6.19,7.84,12.44,6.85,6.35,2.97,0.51,0.46
26.5,93.75,Silonijan,Assam,0.48,0.24,1.3,1.05,5.96,7.8,9.54,6.73,5.58,2.97,0.57,0.29
26.5,94.0,Golaghat,Assam,0.41,0.18,1.21,0.99,7.02,9.06,9.06,7.68,5.64,2.85,0.62,0.23
26.5,94.25,Changpang,Nagaland,0.23,0.0,1.18,1.08,4.81,9.94,9.1,8.11,4.69,1.91,0.18,0.2
26.5,94.5,Alongkima,Nagaland,0.21,0.01,1.17,1.08,4.5,9.86,8.88,8.12,4.66,1.96,0.15,0.2
26.5,94.75,Longleng,Nagaland,0.26,0.01,1.22,1.2,5.15,9.8,10.38,8.05,4.43,1.97,0.19,0.31
26.5,95.0,Mon,Nagaland,0.28,0.28,1.09,1.23,6.32,11.1,10.21,8.23,4.43,1.87,0.14,0.27
26.75,69.5,Khairpur District,Unknown,0.0,0.0,0.0,0.03,0.31,1.24,0.73,0.0,2.24,0.0,0.0,0.0
26.75,69.75,Jaisalmer Tehsil,Rajasthan,0.0,0.0,0.0,0.03,0.39,1.3,1.03,0.0,2.31,0.0,0.0,0.0
26.75,70.0,Jaisalmer Tehsil,Rajasthan,0.0,0.0,0.0,0.03,0.47,1.34,1.41,0.0,2.48,0.0,0.0,0.0
26.75,70.25,Jaisalmer Tehsil,Rajasthan,0.0,0.0,0.0,0.03,0.47,1.27,1.52,0.0,2.73,0.0,0.0,0.0
26.75,70.5,Jaisalmer Tehsil,Rajasthan,0.0,0.0,0.0,0.03,0.35,1.16,1.06,0.0,2.65,0.0,0.0,0.0
26.75,70.75,Jaisalmer Tehsil,Rajasthan,0.0,0.0,0.0,0.01,1.09,1.69,4.22,0.0,3.95,0.0,0.0,0.0
26.75,71.0,Fatehgarh Tehsil,Rajasthan,0.0,0.0,0.0,0.0,1.13,2.26,4.5,0.0,4.12,0.0,0.0,0.0
26.75,71.25,Fatehgarh Tehsil,Rajasthan,0.0,0.0,0.0,0.0,1.02,2.53,3.94,0.0,4.12,0.0,0.0,0.0
26.75,71.5,Pokaran Tehsil,Rajasthan,0.0,0.0,0.0,0.0,2.48,1.87,3.26,0.06,4.44,0.0,0.0,0.44
26.75,71.75,Pokaran Tehsil,Rajasthan,0.0,0.0,0.0,0.0,2.99,1.82,3.23,0.15,5.0,0.01,0.0,0.56
26.75,72.0,Bhaniyana Tehsil,Rajasthan,0.0,0.0,0.0,0.0,2.69,1.74,3.05,0.21,5.39,0.03,0.0,0.48
26.75,72.25,Dechoo Tehsil,Rajasthan,0.0,0.0,0.0,0.0,2.05,1.95,2.53,0.39,6.0,0.09,0.0,0.26
26.75,72.5,Shekhata Tehsil,Rajasthan,0.0,0.0,0.0,0.0,1.3,1.66,2.31,0.93,5.01,0.29,0.0,0.11
26.75,72.75,Osian Tehsil,Rajasthan,0.0,0.0,0.0,0.0,1.31,1.45,2.51,1.34,3.36,0.45,0.0,0.14
26.75,73.0,Osian Tehsil,Rajasthan,0.03,0.0,0.0,0.0,1.42,1.34,2.25,1.62,4.0,0.36,0.0,0.15
26.75,73.25,Baori Tehsil,Rajasthan,0.07,0.0,0.0,0.0,2.15,0.93,1.36,2.97,4.85,0.12,0.0,0.26
26.75,73.5,Bhopalgarh Tehsil,Rajasthan,0.1,0.0,0.0,0.0,2.75,0.9,1.16,4.12,4.61,0.14,0.0,0.34
26.75,73.75,Merta Tehsil,Rajasthan,0.6,0.0,0.02,0.0,3.97,1.39,1.34,7.62,9.09,0.17,0.0,0.44
26.75,74.0,Merta Tehsil,Rajasthan,0.79,0.0,0.03,0.0,4.56,1.69,1.14,8.74,10.48,0.21,0.0,0.42
26.75,74.25,Degana Tehsil,Rajasthan,0.67,0.0,0.05,0.0,3.6,1.59,2.54,6.71,5.15,0.12,0.0,0.11
26.75,74.5,Degana Tehsil,Rajasthan,0.84,0.0,0.14,0.06,4.2,1.89,1.77,5.17,3.56,0.8,0.01,0.05
26.75,74.75,Roopangarh Tehsil,Rajasthan,0.58,0.0,0.14,0.04,3.96,1.44,1.85,3.76,3.17,0.55,0.0,0.03
26.75,75.0,Roopangarh Tehsil,Rajasthan,0.53,0.0,0.19,0.02,2.45,0.73,7.49,8.61,5.56,1.54,0.0,0.02
26.75,75.25,Phulera Tehsil,Rajasthan,0.25,0.0,0.19,0.0,3.39,1.04,8.94,8.44,5.37,0.67,0.0,0.06
26.75,75.5,Phagi Tehsil,Rajasthan,0.24,0.0,0.19,0.02,2.87,0.57,6.65,6.76,4.84,1.04,0.04,0.14
26.75,75.75,Sanganer Tehsil,Rajasthan,0.22,0.0,0.16,0.03,3.02,0.75,6.71,6.11,3.92,1.05,0.04,0.13
26.75,76.0,Bassi Tehsil,Rajasthan,0.18,0.0,0.06,0.11,3.9,1.67,6.03,6.26,5.31,0.37,0.0,0.1
26.75,76.25,Lawan Tehsil,Rajasthan,0.55,0.0,0.22,0.0,3.57,2.06,6.13,9.17,5.86,0.17,0.0,0.09
26.75,76.5,Nadoti Tehsil,Rajasthan,1.64,0.0,0.11,0.0,1.9,0.78,6.16,5.9,5.23,1.44,0.01,0.03
26.75,76.75,Nadoti Tehsil,Rajasthan,1.19,0.0,0.34,0.0,1.27,1.1,6.49,5.61,5.49,2.49,0.01,0.03
26.75,77.0,Hindaun Tehsil,Rajasthan,0.76,0.03,0.33,0.0,1.75,1.31,8.18,4.66,5.86,2.6,0.0,0.02
26.75,77.25,Karauli Tehsil,Rajasthan,0.44,0.02,0.28,0.03,3.75,1.14,9.11,7.15,4.92,1.38,0.04,0.0
26.75,77.5,Baseri Tehsil,Rajasthan,0.25,0.0,0.25,0.05,4.41,1.11,9.01,6.41,4.3,1.35,0.02,0.0
26.75,77.75,Bari Tehsil,Rajasthan,0.3,0.0,0.17,0.09,4.52,2.5,5.84,5.26,4.56,1.11,0.0,0.11
26.75,78.0,Rajakhera Tehsil,Rajasthan,0.15,0.0,0.12,0.0,2.05,0.62,3.82,6.0,5.54,1.58,0.0,0.12
26.75,78.25,Porsa Tahsil,Madhya Pradesh,0.15,0.0,0.13,0.03,1.92,0.84,4.97,4.25,5.38,1.85,0.0,0.1
26.75,78.5,Porsa Tahsil,Madhya Pradesh,0.04,0.0,0.18,0.06,1.63,1.22,7.74,2.26,6.03,2.26,0.01,0.02
26.75,78.75,Ater Tahsil,Madhya Pradesh,0.01,0.0,0.0,0.0,1.05,0.62,6.35,2.52,5.73,1.23,0.0,0.0
26.75,79.0,Etawah,Uttar Pradesh,0.0,0.0,0.0,0.0,0.31,1.32,6.52,3.52,4.03,1.14,0.0,0.0
26.75,79.25,Bharthana,Uttar Pradesh,0.08,0.09,0.0,0.09,0.5,0.67,2.98,1.35,1.6,0.43,0.0,0.0
26.75,79.5,Bidhuna,Uttar Pradesh,0.07,0.08,0.0,0.09,0.49,0.59,2.03,1.34,1.67,0.54,0.0,0.01
26.75,79.75,Rasulabad,Uttar Pradesh,0.0,0.03,0.0,0.1,0.31,1.57,5.53,3.39,5.96,2.23,0.0,0.01
26.75,80.0,Bilhaur,Uttar Pradesh,0.03,0.09,0.0,0.29,0.82,1.87,5.49,3.07,6.45,2.24,0.0,0.02
26.75,80.25,Safipur,Uttar Pradesh,0.05,0.15,0.0,0.44,1.7,2.43,3.8,3.36,6.67,2.32,0.0,0.0
26.75,80.5,Hasanganj,Uttar Pradesh,0.0,0.07,0.0,0.12,2.21,3.08,4.28,6.43,8.26,3.62,0.0,0.03
26.75,80.75,Sarojani Nagar,Uttar Pradesh,0.02,0.08,0.04,0.3,1.18,3.03,3.42,4.25,5.44,1.17,0.0,0.17
26.75,81.0,Mohanlalganj,Uttar Pradesh,0.01,0.06,0.01,0.38,1.41,6.82,4.44,7.41,9.86,2.39,0.0,0.4
26.75,81.25,Haidergarh,Uttar Pradesh,0.0,0.06,0.0,0.19,1.59,7.42,6.41,8.93,11.04,2.67,0.0,0.49
26.75,81.5,Ramsanehighat,Uttar Pradesh,0.0,0.0,0.0,0.02,3.19,7.21,6.96,7.37,9.88,2.32,0.0,0.22
26.75,81.75,Rudauli,Uttar Pradesh,0.0,0.0,0.01,0.0,4.13,7.77,6.65,7.76,12.21,2.53,0.0,0.37
26.75,82.0,Sohawal,Uttar Pradesh,0.0,0.0,0.05,0.0,6.29,8.75,6.61,9.57,19.18,3.98,0.0,0.63
26.75,82.25,Faizabad,Uttar Pradesh,0.0,0.0,0.0,0.18,4.38,5.76,6.44,11.62,10.59,3.57,0.0,0.22
26.75,82.5,Harraiya,Uttar Pradesh,0.0,0.05,0.0,0.28,3.41,6.68,6.01,12.92,7.48,3.47,0.0,0.16
26.75,82.75,Basti,Uttar Pradesh,0.0,0.11,0.0,0.5,3.45,8.1,8.5,16.82,7.17,2.84,0.0,0.27
26.75,83.0,Khalilabad,Uttar Pradesh,0.0,0.11,0.0,0.52,8.45,8.38,11.04,13.11,6.45,6.66,0.0,0.62
26.75,83.25,Sahjanwa,Uttar Pradesh,0.0,0.03,0.0,0.41,9.18,8.91,11.28,12.48,6.47,6.44,0.0,0.65
26.75,83.5,Gorakhpur,Uttar Pradesh,0.0,0.0,0.0,0.1,7.34,10.32,6.52,11.48,4.77,3.52,0.0,0.23
26.75,83.75,Hata,Uttar Pradesh,0.0,0.0,0.0,0.06,3.42,6.09,4.29,14.53,5.04,5.72,0.0,0.36
26.75,84.0,Kasya,Uttar Pradesh,0.0,0.0,0.0,0.06,5.38,6.59,4.27,12.3,3.36,6.34,0.0,0.35
26.75,84.25,Thakrahan,Bihar,0.0,0.0,0.31,0.3,9.12,23.3,15.27,15.57,2.0,7.61,0.0,0.97
26.75,84.5,Nautan,Bihar,0.0,0.0,0.12,0.87,10.77,14.17,14.75,16.92,3.24,7.21,0.0,0.82
26.75,84.75,Sugauli,Bihar,0.0,0.0,0.06,0.95,10.46,11.87,14.53,16.69,2.9,6.31,0.0,0.64
26.75,85.0,Motihari,Bihar,0.0,0.0,0.0,0.27,8.22,14.78,13.03,12.58,0.59,2.69,0.0,0.08
26.75,85.25,Dhaka,Bihar,0.0,0.0,0.04,0.9,8.96,7.41,10.74,10.61,1.46,4.09,0.0,0.3
26.75,85.5,Bathnaha,Bihar,0.0,0.0,0.03,0.61,9.08,9.48,11.61,12.28,1.52,4.39,0.0,0.28
26.75,85.75,Mahottari,Madhesh Province,0.0,0.0,0.01,0.33,9.4,16.19,19.84,19.45,3.82,5.98,0.0,0.14
26.75,86.0,Dhanusha,Madhesh Province,0.0,0.0,0.0,0.19,10.52,13.43,17.96,16.35,3.2,8.14,0.0,0.11
26.75,86.25,Siraha,Madhesh Province,0.0,0.0,0.0,0.41,10.39,12.05,14.37,14.45,1.72,9.67,0.0,0.26
26.75,86.5,Siraha,Madhesh Province,0.0,0.0,0.0,0.65,9.48,12.34,14.88,14.86,1.42,9.61,0.0,0.21
26.75,87.0,Udayapur,Koshi Province,0.0,0.0,0.22,0.99,11.13,11.42,17.06,17.33,2.28,8.8,0.0,0.09
26.75,88.0,Jhapa,Koshi Province,0.33,0.22,0.61,2.07,7.8,15.46,17.1,34.73,12.62,12.34,0.44,0.05
26.75,88.25,Naxalbari block,West Bengal,0.18,0.74,1.56,2.48,7.56,21.4,17.2,37.83,14.35,14.72,0.2,0.12
26.75,88.5,Rajganj,West Bengal,0.1,0.1,0.91,2.82,6.27,22.02,20.48,36.29,10.94,8.46,0.19,0.06
26.75,88.75,Mal,West Bengal,0.19,0.22,1.82,2.21,7.83,20.43,18.69,37.91,9.67,7.79,0.22,0.03
26.75,89.0,Dhupguri,West Bengal,0.44,0.97,1.02,2.68,7.56,25.23,17.65,33.94,10.2,7.66,0.08,0.05
26.75,89.25,Madarihat,West Bengal,0.37,0.47,0.84,4.01,7.12,28.09,19.2,34.12,11.94,8.67,0.2,0.04
26.75,89.5,Alipurduar - I,West Bengal,0.41,0.0,0.84,5.23,5.91,28.23,19.07,29.62,11.92,9.95,0.33,0.04
26.75,89.75,Lhamoyzingkha Gewog,Dagana District,0.46,0.02,1.64,4.46,5.44,28.05,18.77,26.39,11.12,10.29,0.29,0.04
26.75,90.0,Nichula Gewog,Dagana District,0.26,0.08,1.93,4.03,6.04,18.8,14.57,15.09,8.24,9.49,0.16,0.01
26.75,90.25,Kokrajhar,Assam,0.36,0.14,1.43,4.3,6.25,20.07,14.18,15.03,8.17,10.32,0.2,0.01
26.75,90.5,Bengtol,Assam,2.5,0.52,1.08,3.11,9.77,29.72,16.76,23.33,7.9,7.72,0.13,0.0
26.75,90.75,Bijni (Pt),Assam,3.91,0.83,0.96,2.62,11.22,31.76,14.13,25.55,7.36,6.22,0.19,0.0
26.75,91.0,Barnagar,Assam,1.5,0.26,1.05,2.34,7.27,22.92,9.69,10.59,7.04,2.05,0.04,0.0
26.75,91.25,Jalah (Pt),Assam,1.1,0.14,1.37,1.96,5.85,19.98,8.35,7.7,7.34,1.16,0.0,0.01
26.75,91.5,Tamulpur,Assam,0.44,0.11,1.37,1.67,5.76,13.9,6.73,3.88,5.42,1.56,0.05,0.04
26.75,91.75,Harisinga tehsil,Assam,0.47,0.15,1.16,1.49,5.81,10.93,8.65,5.33,6.52,2.55,0.13,0.07
26.75,92.0,Harisinga tehsil,Assam,0.57,0.2,1.18,1.91,6.74,12.03,12.48,7.66,9.37,2.86,0.05,0.0
26.75,92.25,Mazbat tehsil,Assam,0.74,0.1,1.04,1.45,5.46,13.73,8.24,8.21,8.27,2.89,0.11,0.0
26.75,92.5,Dhekiajuli (Pt),Assam,1.03,0.1,1.37,1.99,6.93,14.54,10.66,9.14,10.35,3.0,0.15,0.0
26.75,92.75,Chariduar,Assam,1.01,0.24,1.5,3.02,9.93,18.78,13.99,14.83,11.57,3.24,0.09,0.0
26.75,93.0,Na-Duar,Assam,0.69,0.22,1.74,3.49,9.83,16.39,11.33,12.56,6.89,3.1,0.23,0.03
26.75,93.25,Biswanath,Assam,0.68,0.07,1.0,2.28,7.29,11.1,10.45,9.16,4.9,3.39,0.38,0.03
26.75,93.5,Bokakhat,Assam,0.66,0.11,1.22,1.51,5.76,9.9,9.43,8.69,5.99,2.75,0.33,0.12
26.75,93.75,Bokakhat,Assam,0.33,0.08,1.44,1.19,6.21,8.95,5.46,7.84,4.7,3.14,0.7,0.03
26.75,94.0,Dergaon,Assam,0.22,0.05,1.22,0.93,7.4,9.18,5.25,8.39,4.79,2.75,0.67,0.03
26.75,94.25,Jorhat East,Assam,0.4,0.0,1.26,1.31,8.56,11.52,14.8,6.63,5.42,1.33,0.33,0.29
26.75,94.5,Teok,Assam,0.45,0.03,1.29,1.59,8.58,11.42,13.96,7.32,5.01,1.43,0.33,0.37
26.75,94.75,Namsang,Nagaland,0.44,0.21,1.22,1.63,8.58,11.76,13.53,8.48,4.41,1.67,0.43,0.52
26.75,95.0,Mon,Nagaland,0.41,0.41,0.95,1.66,10.51,12.34,9.15,10.64,3.96,1.64,0.3,0.38
26.75,95.25,Pangchao SDO,Arunachal Pradesh,0.4,0.42,0.93,1.77,11.07,12.65,8.91,10.84,4.07,1.61,0.22,0.29
27.0,69.5,Khairpur District,Unknown,0.0,0.0,0.0,0.03,0.37,1.42,0.81,0.0,1.92,0.0,0.0,0.0
27.0,69.75,Jaisalmer Tehsil,Rajasthan,0.0,0.0,0.0,0.03,0.43,1.44,1.06,0.0,2.02,0.0,0.0,0.0
27.0,70.0,Jaisalmer Tehsil,Rajasthan,0.0,0.0,0.0,0.03,0.49,1.46,1.35,0.0,2.18,0.0,0.0,0.0
27.0,70.25,Jaisalmer Tehsil,Rajasthan,0.0,0.0,0.0,0.03,0.46,1.38,1.32,0.0,2.34,0.0,0.0,0.0
27.0,70.5,Jaisalmer Tehsil,Rajasthan,0.0,0.0,0.0,0.02,0.57,1.34,1.96,0.0,2.92,0.0,0.0,0.0
27.0,70.75,Jaisalmer Tehsil,Rajasthan,0.0,0.0,0.0,0.0,1.26,1.74,4.88,0.0,4.23,0.0,0.0,0.0
27.0,71.0,Jaisalmer Tehsil,Rajasthan,0.0,0.0,0.0,0.0,1.23,1.88,4.9,0.0,4.19,0.0,0.0,0.0
27.0,71.25,Jaisalmer Tehsil,Rajasthan,0.0,0.0,0.0,0.0,1.35,2.2,4.56,0.01,4.19,0.0,0.0,0.06
27.0,71.5,Pokaran Tehsil,Rajasthan,0.0,0.0,0.0,0.0,2.88,1.88,3.67,0.08,4.47,0.0,0.0,0.53
27.0,71.75,Pokaran Tehsil,Rajasthan,0.0,0.0,0.0,0.0,3.19,1.69,3.44,0.15,4.75,0.02,0.0,0.63
27.0,72.0,Pokaran Tehsil,Rajasthan,0.0,0.0,0.0,0.0,2.71,1.63,3.27,0.26,5.24,0.07,0.0,0.52
27.0,72.25,Phalodi Tehsil,Rajasthan,0.0,0.0,0.0,0.0,0.85,1.25,2.7,0.59,7.02,0.17,0.0,0.17
27.0,72.5,Lohawat Tehsil,Rajasthan,0.0,0.0,0.0,0.0,0.91,1.32,2.66,0.86,5.9,0.28,0.0,0.14
27.0,72.75,Lohawat Tehsil,Rajasthan,0.03,0.0,0.0,0.0,0.99,1.33,2.48,1.03,5.15,0.31,0.0,0.12
27.0,73.0,Bapini Tehsil,Rajasthan,0.1,0.0,0.0,0.0,1.17,1.22,2.3,1.46,5.56,0.23,0.0,0.13
27.0,73.25,Kheenvsar Tehsil,Rajasthan,0.22,0.0,0.0,0.0,0.6,1.08,2.22,0.76,8.22,0.01,0.0,0.07
27.0,73.5,Mundwa Tehsil,Rajasthan,0.19,0.0,0.0,0.0,1.08,0.94,2.97,1.9,6.54,0.16,0.0,0.1
27.0,73.75,Mundwa Tehsil,Rajasthan,0.38,0.0,0.01,0.0,1.95,1.22,3.12,3.5,6.93,0.28,0.0,0.13
27.0,74.0,Mundwa Tehsil,Rajasthan,0.59,0.0,0.03,0.0,3.17,1.74,1.91,4.93,6.91,0.15,0.0,0.13
27.0,74.25,Sanju Tehsil,Rajasthan,0.56,0.0,0.06,0.0,3.39,1.52,2.54,5.91,4.8,0.14,0.0,0.09
27.0,74.5,Makrana Tehsil,Rajasthan,0.62,0.0,0.07,0.03,3.49,0.98,2.49,7.89,5.38,1.73,0.0,0.18
27.0,74.75,Parbatsar Tehsil,Rajasthan,0.39,0.0,0.06,0.04,3.45,1.01,3.54,5.38,5.83,1.0,0.0,0.1
27.0,75.0,Nawa Tehsil,Rajasthan,0.79,0.0,0.2,0.04,2.63,0.62,5.87,5.47,6.06,1.35,0.0,0.03
27.0,75.25,Phulera Tehsil,Rajasthan,0.68,0.0,0.24,0.02,2.7,0.69,7.23,7.94,5.37,1.31,0.0,0.04
27.0,75.5,Phulera Tehsil,Rajasthan,0.24,0.0,0.08,0.1,2.15,1.64,6.53,6.21,2.65,0.6,0.01,0.08
27.0,75.75,Jaipur Tehsil,Rajasthan,0.09,0.0,0.12,0.0,3.36,1.88,5.61,4.21,3.33,1.12,0.0,0.13
27.0,76.0,Jamwa Ramgarh Tehsil,Rajasthan,0.23,0.0,0.06,0.03,4.47,1.96,6.44,5.94,5.8,0.18,0.0,0.08
27.0,76.25,Dausa Tehsil,Rajasthan,0.24,0.0,0.28,0.0,4.24,2.51,6.31,10.26,5.93,0.12,0.0,0.08
27.0,76.5,Baswa Tehsil,Rajasthan,0.74,0.0,0.22,0.0,1.79,1.12,6.51,7.91,4.94,0.91,0.0,0.01
27.0,76.75,Baswa Tehsil,Rajasthan,0.56,0.0,0.4,0.0,1.75,1.06,5.92,4.93,5.18,2.19,0.0,0.05
27.0,77.0,Mahwa Tehsil,Rajasthan,0.62,0.04,0.34,0.0,2.11,1.37,7.8,4.14,5.15,1.11,0.0,0.01
27.0,77.25,Bayana Tehsil,Rajasthan,0.49,0.04,0.23,0.01,2.27,1.44,8.6,4.37,5.53,1.28,0.0,0.0
27.0,77.5,Rupbas Tehsil,Rajasthan,0.24,0.0,0.02,0.0,1.95,0.85,6.78,4.99,3.62,1.85,0.0,0.0
27.0,77.75,Rupbas Tehsil,Rajasthan,0.18,0.01,0.12,0.03,3.15,0.76,6.82,3.45,4.15,2.48,0.01,0.01
27.0,78.0,Kheragarh,Uttar Pradesh,0.33,0.0,0.07,0.01,2.43,0.67,5.68,3.86,3.64,1.99,0.0,0.18
27.0,78.25,Fatehabad,Uttar Pradesh,0.16,0.0,0.06,0.06,2.14,0.97,6.34,3.8,4.82,1.79,0.0,0.08
27.0,78.5,Shikohabad,Uttar Pradesh,0.06,0.0,0.06,0.09,2.02,1.1,6.22,3.31,5.47,1.91,0.0,0.02
27.0,78.75,Shikohabad,Uttar Pradesh,0.0,0.0,0.0,0.0,2.28,0.97,4.07,3.22,3.07,0.81,0.0,0.0
27.0,79.0,Karhal,Uttar Pradesh,0.04,0.0,0.0,0.0,1.69,1.63,6.03,3.53,4.9,1.19,0.0,0.0
27.0,79.25,Bhogaon,Uttar Pradesh,0.08,0.03,0.0,0.03,0.8,0.97,5.14,2.47,4.96,1.31,0.0,0.0
27.0,79.5,Chhibramau,Uttar Pradesh,0.05,0.07,0.0,0.11,0.72,1.54,4.1,3.58,5.6,1.85,0.0,0.0
27.0,79.75,Kannauj,Uttar Pradesh,0.01,0.07,0.0,0.17,0.68,2.42,5.08,5.46,8.12,3.05,0.0,0.0
27.0,80.0,Kannauj,Uttar Pradesh,0.01,0.02,0.0,0.1,0.31,1.69,6.05,3.7,6.2,2.3,0.0,0.0
27.0,80.25,Safipur,Uttar Pradesh,0.0,0.13,0.0,0.31,1.52,1.53,2.49,3.03,5.32,2.94,0.0,0.0
27.0,80.5,Sandila,Uttar Pradesh,0.0,0.03,0.0,0.07,2.47,5.08,4.97,5.22,6.09,4.25,0.0,0.02
27.0,80.75,Sarojani Nagar,Uttar Pradesh,0.02,0.0,0.06,0.04,2.83,5.46,5.36,9.06,4.62,1.55,0.0,0.24
27.0,81.0,Bakshi Ka Talab,Uttar Pradesh,0.02,0.15,0.01,0.72,2.46,8.08,7.32,8.41,11.65,2.7,0.0,0.43
27.0,81.25,Nawabganj,Uttar Pradesh,0.0,0.26,0.0,0.7,4.44,11.85,10.05,8.76,9.72,2.39,0.0,0.67
27.0,81.5,Sirauli Gauspur,Uttar Pradesh,0.0,0.13,0.0,0.51,5.09,11.78,8.74,9.73,9.16,2.43,0.0,0.56
27.0,81.75,Colonelganj,Uttar Pradesh,0.0,0.01,0.0,0.05,5.28,9.99,9.37,9.8,11.9,2.66,0.0,0.38
27.0,82.0,Tarabganj,Uttar Pradesh,0.0,0.0,0.0,0.01,4.82,3.74,5.74,7.66,9.49,2.91,0.0,0.56
27.0,82.25,Mankapur,Uttar Pradesh,0.0,0.04,0.01,0.19,9.89,11.11,13.97,13.86,9.38,3.11,0.0,1.07
27.0,82.5,Mankapur,Uttar Pradesh,0.01,0.03,0.06,0.11,10.07,9.47,8.39,15.15,6.23,3.13,0.0,0.35
27.0,82.75,Rudhauli,Uttar Pradesh,0.0,0.04,0.0,0.34,9.48,9.45,8.39,16.77,5.34,2.98,0.0,0.42
27.0,83.0,Mehdawal,Uttar Pradesh,0.0,0.04,0.04,0.67,11.74,7.01,6.93,8.79,3.96,3.09,0.0,0.33
27.0,83.25,Campierganj,Uttar Pradesh,0.0,0.02,0.22,0.37,12.61,10.86,11.76,10.26,5.6,2.99,0.0,0.63
27.0,83.5,Maharajganj,Uttar Pradesh,0.0,0.0,0.12,0.15,7.17,8.12,7.65,14.01,5.94,4.23,0.0,0.47
27.0,83.75,Maharajganj,Uttar Pradesh,0.0,0.0,0.07,0.08,2.51,5.98,3.13,16.52,4.74,5.96,0.0,0.27
27.0,84.0,Padrauna,Uttar Pradesh,0.0,0.0,0.03,0.06,7.7,7.06,3.44,10.35,1.57,5.26,0.0,0.04
27.0,84.25,Bagaha,Bihar,0.0,0.0,0.5,0.42,9.55,27.64,18.74,17.25,1.86,6.58,0.0,0.92
27.0,84.5,Lauriya,Bihar,0.0,0.0,0.4,0.39,13.3,20.16,20.26,15.39,5.62,4.95,0.0,0.87
27.0,84.75,Sikta,Bihar,0.0,0.0,0.26,0.49,11.8,17.79,17.74,15.19,4.09,4.82,0.0,0.68
27.0,85.0,Bara,Madhesh Province,0.0,0.0,0.09,0.57,9.41,12.21,13.35,11.9,1.91,3.86,0.0,0.31
27.0,85.25,Rautahat,Madhesh Province,0.0,0.0,0.03,0.86,9.06,8.39,11.61,10.84,1.39,4.16,0.0,0.26
27.0,85.5,Sarlahi,Madhesh Province,0.0,0.0,0.03,0.79,9.16,8.94,12.36,12.17,1.85,4.52,0.0,0.28
27.0,88.0,Ilam District,Koshi Province,0.02,0.11,0.85,2.53,11.33,14.87,20.7,19.27,6.3,14.27,0.14,0.89
27.0,88.25,Jorebunglow Sukiapokhri,West Bengal,0.07,0.23,0.95,2.2,10.22,20.5,23.22,27.64,12.76,10.81,0.45,0.35
27.0,88.5,Kalimpong -I,West Bengal,0.15,0.31,1.25,2.84,7.87,22.68,21.99,33.37,19.04,11.25,0.25,0.06
27.0,88.75,Outside India,Outside India,0.26,0.83,2.33,2.44,7.95,21.78,17.61,38.27,11.56,7.51,0.21,0.02
27.0,89.0,Outside India,Outside India,0.33,0.85,1.56,2.38,7.91,22.89,17.45,35.55,9.95,7.49,0.17,0.04
27.0,89.25,Outside India,Outside India,0.39,0.39,1.02,4.07,6.87,28.1,18.77,32.68,10.74,8.79,0.22,0.04
27.0,89.5,Outside India,Outside India,0.41,0.21,0.82,4.74,5.87,28.8,19.23,29.79,11.39,10.28,0.26,0.04
27.0,90.0,Outside India,Outside India,0.33,0.09,1.68,3.99,6.51,21.64,16.33,15.69,8.36,9.81,0.15,0.01
27.0,90.25,Outside India,Outside India,1.21,0.3,1.3,3.86,7.48,23.19,14.76,18.18,8.12,9.36,0.18,0.01
27.0,90.5,Outside India,Outside India,3.23,0.69,1.14,3.09,10.09,29.02,14.61,24.81,7.96,7.74,0.19,0.0
27.0,90.75,Outside India,Outside India,3.45,0.74,0.97,2.83,10.42,29.81,14.2,24.5,7.6,6.77,0.18,0.0
27.0,91.0,Outside India,Outside India,2.87,0.45,1.06,2.52,8.49,25.7,11.22,16.11,7.42,3.38,0.07,0.0
27.0,91.25,Outside India,Outside India,0.79,0.16,1.28,2.16,6.28,16.01,8.19,5.93,5.49,2.36,0.22,0.08
27.0,91.5,Orong Gewog,Samdrup Jongkhar District,0.63,0.18,1.16,1.65,5.77,8.49,8.02,5.26,4.44,3.44,0.41,0.23
27.0,91.75,Martshala Gewog,Samdrup Jongkhar District,0.55,0.17,0.93,1.23,5.14,4.27,7.56,4.55,3.2,4.48,0.59,0.36
27.0,92.0,Serthig Gewog,Samdrup Jongkhar District,0.65,0.12,1.01,1.27,5.36,7.0,8.94,5.2,5.31,3.54,0.27,0.24
27.0,92.25,Shergaon Circle,Arunachal Pradesh,1.09,0.08,0.52,0.99,10.96,17.26,23.49,24.71,15.6,4.69,0.04,0.02
27.0,92.5,Bhalukpong EAC,Arunachal Pradesh,0.79,0.06,0.47,0.91,10.89,16.63,18.51,23.47,12.71,4.25,0.24,0.05
27.0,92.75,Chariduar,Assam,0.59,0.18,0.93,2.19,12.3,18.52,14.63,22.26,10.6,3.8,0.35,0.06
27.0,93.0,Seijosa,Arunachal Pradesh,0.67,0.34,2.12,4.48,12.56,20.79,12.45,16.19,8.17,3.17,0.33,0.03
27.0,93.25,Pakke Kessang,Arunachal Pradesh,0.72,0.43,2.62,5.29,13.7,23.58,12.98,17.4,9.14,2.97,0.13,0.02
27.0,93.5,Balijan ADC,Arunachal Pradesh,0.69,0.16,2.01,2.05,6.52,14.19,8.65,12.06,8.24,1.82,0.05,0.06
27.0,93.75,Narayanpur,Assam,0.45,0.11,1.14,1.46,9.37,14.79,8.52,13.51,6.66,2.54,0.37,0.1
27.0,94.0,Bihpuria,Assam,0.13,0.03,0.97,0.88,8.82,9.79,6.12,9.29,4.8,1.79,0.6,0.07
27.0,94.25,Majuli,Assam,0.09,0.0,1.0,1.04,8.72,9.72,8.27,8.82,4.34,1.4,0.63,0.14
27.0,94.5,Sibsagar,Assam,0.53,0.06,1.27,2.04,8.84,11.26,10.61,10.58,3.26,2.11,0.5,0.77
27.0,94.75,Outside India,Outside India,0.46,0.45,1.17,1.75,8.71,11.75,10.2,10.1,3.71,1.83,0.39,0.66
27.0,95.0,Outside India,Outside India,0.39,0.55,0.92,1.73,10.16,12.43,9.2,10.25,3.97,1.67,0.26,0.35
27.0,95.25,Outside India,Outside India,0.38,0.37,0.91,1.76,11.34,12.9,8.66,11.08,4.04,1.61,0.18,0.24
27.0,95.5,Outside India,Outside India,0.27,0.35,0.86,1.7,10.68,12.65,8.16,10.58,3.08,1.65,0.22,0.4
27.0,95.75,Outside India,Outside India,0.18,0.28,0.93,1.89,8.84,11.72,7.39,10.57,1.8,1.72,0.27,0.64
27.25,69.5,Outside India,Outside India,0.0,0.0,0.0,0.03,0.46,1.65,0.91,0.0,1.48,0.0,0.0,0.0
27.25,69.75,Outside India,Outside India,0.0,0.0,0.0,0.03,0.48,1.64,1.06,0.0,1.58,0.0,0.0,0.0
27.25,70.0,Outside India,Outside India,0.0,0.0,0.0,0.03,0.54,1.66,1.31,0.0,1.7,0.0,0.0,0.0
27.25,70.25,Outside India,Outside India,0.0,0.0,0.0,0.03,0.57,1.78,1.3,0.0,1.43,0.0,0.0,0.0
27.25,70.5,Outside India,Outside India,0.0,0.0,0.0,0.03,0.57,1.86,1.19,0.0,1.19,0.0,0.0,0.0
27.25,70.75,Jaisalmer Tehsil,Rajasthan,0.0,0.0,0.0,0.02,0.86,1.77,2.88,0.0,2.6,0.0,0.0,0.0
27.25,71.0,Jaisalmer Tehsil,Rajasthan,0.0,0.0,0.0,0.01,1.12,1.73,4.28,0.0,3.66,0.0,0.0,0.0
27.25,71.25,Jaisalmer Tehsil,Rajasthan,0.0,0.0,0.0,0.0,1.68,1.88,4.72,0.02,4.32,0.0,0.0,0.13
27.25,71.5,Jaisalmer Tehsil,Rajasthan,0.0,0.0,0.0,0.0,2.44,1.72,4.09,0.14,4.63,0.04,0.0,0.38
27.25,71.75,Pokaran Tehsil,Rajasthan,0.0,0.0,0.0,0.01,2.12,1.53,3.18,0.43,5.69,0.14,0.0,0.39
27.25,72.0,Bap Tehsil,Rajasthan,0.0,0.0,0.0,0.03,1.2,1.47,2.95,0.74,6.45,0.29,0.0,0.17
27.25,72.25,Bap Tehsil,Rajasthan,0.0,0.0,0.0,0.01,0.71,1.25,2.69,0.65,7.14,0.2,0.0,0.13
27.25,72.5,Phalodi Tehsil,Rajasthan,0.0,0.0,0.0,0.02,0.81,1.35,2.75,0.83,6.55,0.3,0.0,0.11
27.25,72.75,Phalodi Tehsil,Rajasthan,0.07,0.0,0.0,0.01,0.78,1.28,2.52,0.87,6.47,0.23,0.0,0.1
27.25,73.0,Bapini Tehsil,Rajasthan,0.09,0.0,0.0,0.0,0.82,1.06,2.76,1.29,5.68,0.31,0.0,0.09
27.25,73.25,Kheenvsar Tehsil,Rajasthan,0.14,0.0,0.0,0.0,0.78,0.91,2.86,1.43,6.35,0.23,0.0,0.08
27.25,73.5,Nagaur Tehsil,Rajasthan,0.16,0.0,0.0,0.0,0.87,0.82,4.01,1.89,5.33,0.32,0.0,0.05
27.25,73.75,Nagaur Tehsil,Rajasthan,0.21,0.0,0.0,0.0,1.14,0.94,4.12,2.16,5.17,0.34,0.0,0.04
27.25,74.0,Deh Tehsil,Rajasthan,0.54,0.0,0.0,0.0,2.46,1.99,1.47,2.43,7.37,0.24,0.0,0.04
27.25,74.25,Jayal Tehsil,Rajasthan,0.56,0.0,0.01,0.0,2.59,1.75,2.53,3.68,6.56,0.15,0.0,0.06
27.25,74.5,Didwana Tehsil,Rajasthan,0.6,0.0,0.02,0.01,2.61,1.04,4.92,6.06,4.81,0.61,0.0,0.12
27.25,74.75,Maulasar Tehsil,Rajasthan,0.39,0.0,0.04,0.02,2.6,0.84,3.45,6.59,6.99,1.31,0.0,0.15
27.25,75.0,Nawa Tehsil,Rajasthan,0.33,0.0,0.04,0.05,1.32,1.82,2.75,3.43,7.22,0.69,0.0,0.08
27.25,75.25,Danta Ramgarh Tehsil,Rajasthan,0.55,0.0,0.14,0.04,1.61,1.29,3.29,5.47,6.73,0.58,0.0,0.09
27.25,75.5,Chomu Tehsil,Rajasthan,0.61,0.0,0.16,0.12,1.87,1.81,6.23,6.9,3.74,0.42,0.0,0.04
27.25,75.75,Chomu Tehsil,Rajasthan,0.32,0.0,0.23,0.25,2.87,1.19,6.73,5.11,4.23,1.03,0.0,0.02
27.25,76.0,Amber Tehsil,Rajasthan,0.38,0.0,0.15,0.11,3.61,1.24,6.22,5.52,5.1,0.47,0.0,0.06
27.25,76.25,Thanagazi Tehsil,Rajasthan,0.42,0.0,0.36,0.07,2.08,1.16,5.28,7.17,3.75,0.23,0.0,0.03
27.25,76.5,Rajgarh Tehsil,Rajasthan,0.46,0.0,0.75,0.0,2.5,1.01,4.52,6.87,3.03,0.87,0.0,0.0
27.25,76.75,Reni Tehsil,Rajasthan,0.41,0.0,0.15,0.0,0.76,0.48,6.04,2.19,4.05,0.52,0.0,0.0
27.25,77.0,Kathumar Tehsil,Rajasthan,0.65,0.0,0.1,0.0,1.41,1.02,5.75,4.97,3.26,1.15,0.0,0.0
27.25,77.25,Nadbai Tehsil,Rajasthan,0.6,0.02,0.03,0.07,1.7,1.8,10.17,3.48,4.95,1.0,0.0,0.0
27.25,77.5,Bharatpur Tehsil,Rajasthan,0.5,0.01,0.0,0.03,1.74,1.04,7.97,3.98,3.83,1.33,0.0,0.0
27.25,77.75,Mathura,Uttar Pradesh,0.42,0.02,0.02,0.13,2.75,0.7,7.02,2.29,4.63,2.95,0.05,0.03
27.25,78.0,Unknown,Uttar Pradesh,0.54,0.01,0.02,0.2,3.14,0.8,6.81,2.11,4.6,3.16,0.05,0.02
27.25,78.25,Tundla,Uttar Pradesh,0.08,0.0,0.0,0.2,2.74,1.63,9.58,4.53,4.79,1.88,0.0,0.03
27.25,78.5,Jasrana,Uttar Pradesh,0.01,0.0,0.0,0.19,2.12,1.45,7.07,3.38,6.07,2.41,0.0,0.01
27.25,78.75,Mainpuri,Uttar Pradesh,0.17,0.0,0.0,0.03,2.52,3.32,6.71,3.81,6.7,1.5,0.0,0.02
27.25,79.0,Mainpuri,Uttar Pradesh,0.06,0.0,0.0,0.0,2.95,1.54,6.87,3.44,7.16,1.56,0.0,0.0
27.25,79.25,Bhogaon,Uttar Pradesh,0.07,0.0,0.0,0.0,1.04,1.07,6.39,2.8,6.86,1.79,0.0,0.0
27.25,79.5,Farrukhabad,Uttar Pradesh,0.02,0.0,0.12,0.02,0.62,1.19,6.16,3.61,5.19,1.52,0.0,0.0
27.25,79.75,Sawayajpur,Uttar Pradesh,0.05,0.02,0.06,0.07,0.93,1.84,3.89,4.29,4.28,1.52,0.0,0.02
27.25,80.0,Bilgram,Uttar Pradesh,0.06,0.01,0.0,0.1,4.1,3.11,4.79,6.01,3.97,2.33,0.0,0.14
27.25,80.25,Hardoi,Uttar Pradesh,0.0,0.05,0.0,0.23,1.65,2.38,5.63,3.07,6.4,5.34,0.0,0.05
27.25,80.5,Sandila,Uttar Pradesh,0.0,0.09,0.0,0.16,1.78,6.76,8.58,3.04,11.19,4.03,0.0,0.05
27.25,80.75,Sidhauli,Uttar Pradesh,0.0,0.11,0.03,0.14,1.68,6.25,6.57,3.04,9.17,2.6,0.0,0.04
27.25,81.0,Mahmudabad,Uttar Pradesh,0.0,0.1,0.07,0.09,1.83,4.25,7.97,4.64,8.2,1.88,0.0,0.04
27.25,81.25,Fatehpur,Uttar Pradesh,0.0,0.16,0.0,0.5,7.18,11.14,13.38,10.38,9.29,2.81,0.0,0.79
27.25,81.5,Kaiserganj,Uttar Pradesh,0.0,0.15,0.0,0.52,7.04,11.44,11.13,11.0,8.44,2.72,0.0,0.67
27.25,81.75,Colonelganj,Uttar Pradesh,0.0,0.1,0.0,0.43,5.85,11.03,7.65,11.01,7.78,2.49,0.0,0.41
27.25,82.0,Gonda,Uttar Pradesh,0.0,0.08,0.0,0.22,8.06,9.46,10.21,13.08,7.38,2.67,0.0,0.86
27.25,82.25,Gonda,Uttar Pradesh,0.0,0.04,0.07,0.14,10.8,10.76,13.62,13.68,7.18,2.42,0.0,1.04
27.25,82.5,Utraula,Uttar Pradesh,0.0,0.01,0.13,0.04,9.96,6.81,8.36,12.02,4.72,1.91,0.0,0.42
27.25,82.75,Itwa,Uttar Pradesh,0.01,0.04,0.02,0.2,10.78,8.73,8.29,16.48,4.59,2.74,0.0,0.34
27.25,83.0,Naugarh,Uttar Pradesh,0.0,0.01,0.06,0.52,12.4,7.68,7.69,10.54,4.16,2.26,0.0,0.34
27.25,83.25,Pharenda,Uttar Pradesh,0.0,0.01,0.28,0.3,12.92,11.99,12.53,10.75,5.88,2.42,0.0,0.74
27.25,83.5,Maharajganj,Uttar Pradesh,0.0,0.0,0.21,0.32,10.86,12.68,10.67,14.09,6.23,3.71,0.0,0.72
27.25,83.75,Nichlaul,Uttar Pradesh,0.0,0.0,0.19,0.51,10.52,21.55,10.31,18.72,5.62,6.39,0.0,0.8
27.25,84.0,Sidhaw,Bihar,0.0,0.0,0.67,0.45,11.23,26.08,15.32,15.83,4.42,5.96,0.0,0.92
27.25,84.25,Ramnagar,Bihar,0.0,0.0,0.9,0.39,11.77,26.68,21.21,17.78,5.46,3.67,0.0,1.27
27.25,84.5,Gaunaha,Bihar,0.0,0.0,0.57,0.36,12.35,23.33,20.25,16.03,5.04,4.84,0.0,0.98
27.25,84.75,Parsa,Madhesh Province,0.0,0.0,0.39,0.35,11.79,20.59,18.76,15.23,4.18,4.3,0.0,0.75
27.25,88.0,Panchthar,Koshi Province,0.13,0.76,1.57,3.4,12.01,15.46,19.54,19.34,7.63,10.47,0.05,1.09
27.25,88.25,Gyalshing,Sikkim,0.68,1.2,3.71,6.01,12.04,20.47,15.71,18.47,9.45,9.25,0.31,0.7
27.25,88.5,Gangtok subdivision,Sikkim,0.68,1.24,4.02,6.16,12.49,21.46,17.12,24.8,15.27,11.43,0.31,0.69
27.25,88.75,Rongli subdivision,Sikkim,0.41,0.95,3.01,3.61,10.2,23.35,18.18,34.47,13.03,8.72,0.33,0.22
27.25,92.0,Merag Gewog,Trashigang District,0.9,0.01,1.06,0.84,4.75,3.15,7.94,2.7,3.42,3.39,0.2,0.49
27.25,92.25,Dirang ADC,Arunachal Pradesh,0.84,0.04,0.69,0.82,8.36,10.34,14.44,14.88,8.63,3.99,0.23,0.22
27.25,92.5,Singchung ADC,Arunachal Pradesh,0.24,0.01,0.21,0.45,11.53,14.24,11.86,23.58,7.53,3.84,0.59,0.16
27.25,92.75,Thrizino ADC,Arunachal Pradesh,0.15,0.03,0.22,0.6,12.23,15.3,11.54,24.94,7.37,3.79,0.62,0.15
27.25,93.0,Seppa HQ,Arunachal Pradesh,0.5,0.29,1.85,3.69,13.19,20.7,12.1,19.69,8.2,3.18,0.39,0.07
27.25,93.25,Leporiang Circle,Arunachal Pradesh,0.72,0.41,2.61,5.16,13.59,23.59,13.06,17.57,8.98,2.92,0.13,0.04
27.25,93.5,Sagalee ADC,Arunachal Pradesh,0.82,0.29,1.7,3.6,12.4,23.06,14.09,18.98,7.55,2.92,0.18,0.18
27.25,93.75,Toru Circle,Arunachal Pradesh,0.87,0.3,1.02,3.22,13.52,25.64,16.78,22.24,6.99,3.51,0.31,0.28
27.25,94.0,Naobaicha,Assam,0.51,0.27,1.14,2.11,11.52,23.43,20.89,18.5,5.45,4.73,0.36,0.2
27.25,94.25,Kadam,Assam,0.42,0.06,1.34,2.07,8.82,12.58,8.41,10.47,3.78,1.99,0.44,1.09
27.25,94.5,Dhakuakhana (Pt-I),Assam,0.67,0.1,1.48,2.69,8.98,11.91,8.74,12.22,2.55,2.54,0.48,1.13
27.25,94.75,Dibrugarh West,Assam,0.49,0.15,1.21,2.01,9.02,10.13,10.69,11.49,5.01,1.63,0.37,0.5
27.25,95.0,Tingkhong,Assam,0.34,0.66,0.87,1.51,9.34,12.37,9.33,9.69,3.83,1.74,0.32,0.34
27.25,95.25,Naharkatiya,Assam,0.38,0.01,0.84,1.68,13.38,13.34,8.08,12.39,4.47,1.32,0.13,0.13
27.25,95.5,Margherita,Assam,0.29,0.23,0.86,1.78,11.4,12.61,7.53,11.35,3.07,1.64,0.17,0.38
27.25,95.75,Namtok EAC,Arunachal Pradesh,0.14,0.23,0.96,2.02,7.88,10.99,7.24,10.4,1.11,1.72,0.3,0.78
27.25,96.0,Manmao EAC,Arunachal Pradesh,0.14,0.25,1.23,2.38,7.72,10.17,7.22,9.88,0.91,1.71,0.33,0.78
27.25,96.75,Naga Self-Administered Zone,Sagaing Region,0.31,0.5,2.89,4.51,9.83,5.78,6.3,8.0,1.57,1.8,0.36,0.45
27.25,97.0,Vijoynagar EAC,Arunachal Pradesh,0.36,0.55,3.25,4.97,10.37,4.83,6.08,7.64,1.76,1.82,0.36,0.36
27.5,69.5,Ghotki District,Unknown,0.0,0.0,0.0,0.03,0.51,1.8,0.98,0.0,1.18,0.0,0.0,0.0
27.5,69.75,Ghotki District,Unknown,0.0,0.0,0.0,0.03,0.51,1.77,1.03,0.0,1.28,0.0,0.0,0.0
27.5,70.0,Jaisalmer Tehsil,Rajasthan,0.0,0.0,0.0,0.03,0.54,1.77,1.2,0.0,1.4,0.0,0.0,0.0
27.5,70.25,Jaisalmer Tehsil,Rajasthan,0.0,0.0,0.0,0.03,0.57,1.82,1.27,0.0,1.34,0.0,0.0,0.0
27.5,70.5,Jaisalmer Tehsil,Rajasthan,0.0,0.0,0.0,0.03,0.58,1.86,1.26,0.0,1.24,0.0,0.0,0.0
27.5,70.75,Jaisalmer Tehsil,Rajasthan,0.0,0.0,0.0,0.02,0.74,1.8,2.2,0.0,2.02,0.0,0.0,0.0
27.5,71.0,Jaisalmer Tehsil,Rajasthan,0.0,0.0,0.0,0.02,0.93,1.76,3.24,0.0,2.81,0.0,0.0,0.0
27.5,71.25,Jaisalmer Tehsil,Rajasthan,0.0,0.0,0.0,0.0,1.85,1.75,4.24,0.03,4.02,0.0,0.0,0.2
27.5,71.5,Pokaran Tehsil,Rajasthan,0.0,0.0,0.0,0.03,1.72,1.57,3.29,0.6,5.68,0.25,0.0,0.26
27.5,71.75,Pokaran Tehsil,Rajasthan,0.0,0.0,0.0,0.03,1.33,1.52,3.05,0.77,6.21,0.32,0.0,0.18
27.5,72.0,Bap Tehsil,Rajasthan,0.0,0.0,0.0,0.06,0.99,1.59,3.07,1.04,6.27,0.48,0.0,0.05
27.5,72.25,Bajju Tehsil,Rajasthan,0.0,0.0,0.0,0.06,0.88,1.62,3.08,1.13,6.28,0.53,0.0,0.01
27.5,72.5,Bap Tehsil,Rajasthan,0.0,0.0,0.0,0.04,0.76,1.46,2.85,0.95,6.49,0.4,0.0,0.05
27.5,72.75,Bap Tehsil,Rajasthan,0.0,0.0,0.01,0.03,0.67,1.31,2.72,0.95,6.22,0.37,0.0,0.07
27.5,73.0,Nokha Tehsil,Rajasthan,0.02,0.0,0.03,0.04,0.49,1.5,2.31,1.28,4.68,0.32,0.0,0.06
27.5,73.25,Nokha Tehsil,Rajasthan,0.02,0.0,0.01,0.01,0.7,0.84,2.99,1.6,4.54,0.47,0.0,0.09
27.5,73.5,Nokha Tehsil,Rajasthan,0.04,0.0,0.0,0.0,0.75,0.77,3.22,1.71,4.79,0.46,0.0,0.08
27.5,73.75,Nagaur Tehsil,Rajasthan,0.17,0.0,0.0,0.0,1.12,0.97,3.42,2.21,5.42,0.38,0.0,0.06
27.5,74.0,Deh Tehsil,Rajasthan,0.42,0.0,0.02,0.03,1.84,1.74,3.1,3.9,7.33,0.11,0.0,0.01
27.5,74.25,Ladnu Tehsil,Rajasthan,0.43,0.0,0.02,0.08,1.59,1.33,4.17,4.83,7.47,0.01,0.0,0.02
27.5,74.5,Ladnu Tehsil,Rajasthan,0.6,0.0,0.01,0.08,2.07,1.14,6.06,5.01,4.76,0.03,0.0,0.08
27.5,74.75,Didwana Tehsil,Rajasthan,0.75,0.0,0.05,0.01,2.62,1.72,4.93,4.95,6.81,0.64,0.0,0.06
27.5,75.0,Dhod Tehsil,Rajasthan,0.88,0.0,0.09,0.0,2.87,1.98,4.42,5.15,7.98,0.84,0.0,0.05
27.5,75.25,Danta Ramgarh Tehsil,Rajasthan,1.35,0.0,0.3,0.05,2.38,1.4,4.57,6.01,9.01,1.43,0.0,0.04
27.5,75.5,Khandela Tehsil,Rajasthan,1.68,0.0,0.55,0.01,2.61,1.28,4.54,7.56,9.14,0.74,0.0,0.07
27.5,75.75,Sri Madhopur Tehsil,Rajasthan,0.85,0.0,0.39,0.22,3.24,0.77,6.76,5.09,6.06,1.06,0.0,0.05
27.5,76.0,Shahpura Tehsil,Rajasthan,0.56,0.0,0.12,0.05,3.28,1.24,5.58,7.26,4.77,0.17,0.0,0.08
27.5,76.25,Thanagazi Tehsil,Rajasthan,0.3,0.01,0.17,0.09,2.37,1.1,7.21,6.76,4.55,0.14,0.0,0.06
27.5,76.5,Alwar Tehsil,Rajasthan,1.06,0.08,0.06,0.0,3.32,2.0,10.45,8.49,5.44,0.37,0.0,0.05
27.5,76.75,Ramgarh Tehsil,Rajasthan,0.53,0.02,0.07,0.03,1.9,0.68,4.57,3.85,8.48,0.34,0.0,0.0
27.5,77.0,Govindgarh Tehsil,Rajasthan,1.36,0.02,0.27,0.02,2.63,1.02,7.61,4.33,8.02,1.36,0.0,0.0
27.5,77.25,Deeg Tehsil,Rajasthan,0.62,0.04,0.32,0.1,2.41,2.39,11.6,1.58,5.16,1.14,0.0,0.0
27.5,77.5,Mathura,Uttar Pradesh,1.12,0.13,0.13,0.07,1.61,1.57,9.48,1.97,4.7,1.11,0.0,0.0
27.5,77.75,Mathura,Uttar Pradesh,1.15,0.08,0.07,0.2,3.47,1.34,7.1,3.08,5.06,3.03,0.05,0.0
27.5,78.0,Hathras,Uttar Pradesh,0.75,0.0,0.05,0.29,3.73,1.76,7.69,3.29,4.93,2.73,0.04,0.0
27.5,78.25,Jalesar,Uttar Pradesh,0.22,0.03,0.02,0.24,3.67,2.0,14.56,4.19,4.68,2.22,0.0,0.02
27.5,78.5,Etah,Uttar Pradesh,0.16,0.0,0.0,0.04,1.88,2.14,15.17,6.18,3.95,1.66,0.0,0.15
27.5,78.75,Etah,Uttar Pradesh,0.08,0.0,0.0,0.01,1.32,2.0,8.52,4.6,3.16,2.02,0.0,0.05
27.5,79.0,Aliganj,Uttar Pradesh,0.0,0.0,0.0,0.0,1.29,1.77,6.77,2.61,4.33,1.9,0.0,0.03
27.5,79.25,Aliganj,Uttar Pradesh,0.0,0.0,0.0,0.0,0.81,1.23,3.79,2.82,4.18,2.64,0.0,0.01
27.5,79.5,Kaimganj,Uttar Pradesh,0.0,0.0,0.19,0.0,0.82,1.36,5.58,2.56,2.77,2.03,0.0,0.0
27.5,79.75,Sawayajpur,Uttar Pradesh,0.01,0.0,0.15,0.02,1.78,1.57,4.87,3.19,2.78,1.1,0.0,0.04
27.5,80.0,Hardoi,Uttar Pradesh,0.04,0.01,0.0,0.11,6.01,4.12,6.11,7.74,4.07,2.52,0.0,0.2
27.5,80.25,Hardoi,Uttar Pradesh,0.0,0.01,0.0,0.28,1.12,1.94,7.36,3.4,6.77,3.39,0.0,0.07
27.5,80.5,Unknown,Uttar Pradesh,0.0,0.01,0.0,0.73,0.62,3.07,7.14,2.91,9.26,3.21,0.0,0.04
27.5,80.75,Sitapur,Uttar Pradesh,0.0,0.07,0.0,0.1,1.55,5.83,4.7,3.41,6.31,2.21,0.0,0.03
27.5,81.0,Biswan,Uttar Pradesh,0.0,0.07,0.05,0.08,1.41,5.26,6.13,4.65,7.58,2.75,0.0,0.01
27.5,81.25,Biswan,Uttar Pradesh,0.0,0.1,0.0,0.35,5.79,9.34,13.45,9.04,5.01,3.28,0.0,0.59
27.5,81.5,Mahasi,Uttar Pradesh,0.0,0.11,0.0,0.35,6.49,10.75,13.91,9.48,4.76,3.51,0.0,0.61
27.5,81.75,Bahraich,Uttar Pradesh,0.0,0.15,0.0,0.32,8.33,14.22,10.54,14.59,3.9,2.44,0.0,0.59
27.5,82.0,Ikauna,Uttar Pradesh,0.0,0.16,0.0,0.33,8.53,10.33,8.45,15.91,4.53,2.24,0.0,0.67
27.5,82.25,Tulsipur,Uttar Pradesh,0.0,0.09,0.04,0.21,9.04,9.3,9.86,13.96,5.65,2.23,0.0,0.74
27.5,82.5,Tulsipur,Uttar Pradesh,0.0,0.05,0.06,0.12,10.55,9.01,10.01,15.03,5.31,2.37,0.0,0.59
27.5,82.75,Shohratgarh,Uttar Pradesh,0.0,0.02,0.06,0.23,9.94,7.51,7.78,13.54,4.41,2.31,0.0,0.35
27.5,83.0,Kapilvastu,Lumbini Province,0.0,0.02,0.11,0.4,11.48,9.16,9.08,12.45,4.74,2.46,0.0,0.45
27.5,83.25,Rupandehi,Lumbini Province,0.0,0.0,0.17,0.47,13.18,12.76,10.31,11.89,5.45,3.09,0.0,0.65
27.5,83.5,Rupandehi,Lumbini Province,0.0,0.0,0.16,0.5,11.96,16.52,11.22,15.42,5.88,4.35,0.0,0.78
27.5,83.75,Nawalparasi W,Lumbini Province,0.0,0.0,0.25,0.6,12.69,25.57,12.88,19.67,6.05,6.19,0.0,0.97
27.5,84.0,Chitwan,Bagamati Province,0.0,0.0,0.3,0.61,12.57,27.06,13.52,19.73,6.1,6.09,0.0,1.0
27.5,84.25,Chitwan,Bagamati Province,0.0,0.0,0.65,0.47,11.78,27.15,17.48,18.21,5.32,5.19,0.0,1.12
27.5,84.5,Chitwan,Bagamati Province,0.0,0.0,0.72,0.42,11.72,25.06,20.11,16.3,4.82,4.79,0.0,1.06
27.5,88.0,Taplejung,Koshi Province,0.72,1.66,5.46,7.91,14.25,17.04,15.93,19.17,8.73,9.28,0.57,1.32
27.5,88.25,Gyalshing,Sikkim,1.06,2.18,8.39,10.5,16.13,17.61,13.66,18.63,9.0,9.16,0.96,1.4
27.5,88.5,Mangan,Sikkim,0.78,1.43,5.99,9.16,13.96,20.05,15.91,17.14,10.88,8.61,0.45,1.17
27.5,88.75,Mangan,Sikkim,0.73,1.44,4.94,7.99,13.01,20.34,16.35,17.66,10.55,8.56,0.46,1.08
27.5,91.75,Bongkhar Circle,Arunachal Pradesh,0.89,0.31,2.27,2.6,7.18,6.27,10.11,6.59,5.64,3.85,1.16,0.12
27.5,92.0,Jang ADC,Arunachal Pradesh,0.88,0.13,1.42,1.46,5.95,5.02,9.52,5.5,4.8,3.73,0.55,0.31
27.5,92.25,Dirang ADC,Arunachal Pradesh,0.69,0.03,0.66,0.74,8.21,9.36,11.94,13.94,6.85,3.84,0.33,0.26
27.5,92.5,Nafra EAC,Arunachal Pradesh,0.33,0.02,0.33,0.57,10.77,13.01,11.54,21.11,7.11,3.79,0.58,0.19
27.5,92.75,Lada Circle,Arunachal Pradesh,0.22,0.06,0.38,0.95,12.36,16.02,12.04,24.53,7.81,3.78,0.58,0.13
27.5,93.0,Bameng ADC,Arunachal Pradesh,0.34,0.18,1.15,2.45,12.99,18.81,11.69,22.04,7.46,3.42,0.5,0.12
27.5,93.25,Gyawe Purang Circle,Arunachal Pradesh,0.7,0.37,2.22,4.76,13.56,23.75,13.38,18.21,8.1,3.02,0.22,0.09
27.5,93.5,Mengio EAC,Arunachal Pradesh,0.51,0.23,1.29,2.84,11.46,21.68,15.8,18.27,4.88,3.75,0.29,0.21
27.5,93.75,Yachuli ADC,Arunachal Pradesh,0.54,0.28,1.17,2.38,11.38,23.75,21.16,19.13,5.15,4.88,0.3,0.21
27.5,94.0,Dollungmukh Circle,Arunachal Pradesh,0.57,0.33,1.29,2.31,11.2,24.47,23.59,18.61,5.15,5.47,0.32,0.24
27.5,94.25,Kadam,Assam,0.67,0.27,2.02,3.4,8.0,11.22,7.9,8.82,4.19,2.52,0.53,0.61
27.5,94.5,Dhemaji,Assam,0.54,0.2,2.12,3.82,8.98,10.94,6.64,9.73,4.43,3.17,0.47,0.39
27.5,94.75,Sissibargaon,Assam,0.54,0.07,1.83,3.36,9.46,11.53,8.6,12.71,4.9,2.76,0.21,0.33
27.5,95.0,Dibrugarh East,Assam,0.82,0.04,1.84,3.41,8.48,10.86,9.13,15.35,4.25,1.85,0.04,0.36
27.5,95.25,Tinsukia,Assam,0.37,0.05,1.02,2.24,10.76,10.88,6.05,13.25,3.04,1.77,0.13,0.48
27.5,95.5,Tinsukia,Assam,0.26,0.15,0.95,1.86,9.33,10.38,5.71,12.42,2.12,1.85,0.21,0.61
27.5,95.75,Margherita,Assam,0.11,0.22,0.98,2.08,7.3,10.71,7.24,10.19,0.74,1.71,0.33,0.85
27.5,96.0,Bordumsa ADC,Arunachal Pradesh,0.11,0.25,1.15,2.3,7.32,10.33,7.31,9.79,0.69,1.7,0.34,0.83
27.5,96.25,Miao ADC,Arunachal Pradesh,0.24,0.4,2.19,3.61,8.86,7.59,6.66,8.78,1.25,1.77,0.35,0.59
27.5,96.5,Miao ADC,Arunachal Pradesh,0.33,0.52,3.01,4.65,10.01,5.47,6.21,7.91,1.64,1.81,0.36,0.42
27.5,96.75,Miao ADC,Arunachal Pradesh,0.35,0.54,3.18,4.88,10.26,5.01,6.12,7.71,1.72,1.82,0.36,0.38
27.5,97.0,Putao District,Kachin State,0.37,0.57,3.38,5.13,10.55,4.49,6.0,7.52,1.83,1.83,0.37,0.34
27.75,70.0,Ghotki District,Unknown,0.0,0.0,0.0,0.03,0.54,1.84,1.09,0.0,1.17,0.0,0.0,0.0
27.75,70.25,Jaisalmer Tehsil,Rajasthan,0.0,0.0,0.0,0.03,0.57,1.83,1.26,0.0,1.3,0.0,0.0,0.0
27.75,70.5,Jaisalmer Tehsil,Rajasthan,0.0,0.0,0.0,0.03,0.62,1.84,1.52,0.0,1.47,0.0,0.0,0.0
27.75,70.75,Rahim Yar Khan District,Punjab,0.0,0.0,0.0,0.03,0.7,1.83,1.98,0.0,1.81,0.0,0.0,0.0
27.75,71.0,Rahim Yar Khan District,Punjab,0.0,0.0,0.0,0.02,0.82,1.81,2.64,0.0,2.3,0.0,0.0,0.0
27.75,71.25,Jaisalmer Tehsil,Rajasthan,0.0,0.0,0.0,0.02,1.03,1.79,3.67,0.15,3.57,0.07,0.0,0.0
27.75,71.5,Pokaran Tehsil,Rajasthan,0.0,0.0,0.0,0.04,1.33,1.58,3.19,0.83,5.98,0.37,0.0,0.15
27.75,71.75,Pokaran Tehsil,Rajasthan,0.0,0.0,0.0,0.04,1.43,1.59,3.12,0.83,5.99,0.37,0.0,0.18
27.75,72.0,Pokaran Tehsil,Rajasthan,0.0,0.0,0.0,0.06,1.06,1.58,3.06,0.99,6.23,0.46,0.0,0.07
27.75,72.25,Bajju Tehsil,Rajasthan,0.0,0.0,0.0,0.06,0.91,1.57,3.03,1.05,6.32,0.49,0.0,0.04
27.75,72.5,Kolayat Tehsil,Rajasthan,0.0,0.0,0.0,0.05,0.74,1.57,2.84,1.01,6.28,0.43,0.0,0.03
27.75,72.75,Kolayat Tehsil,Rajasthan,0.0,0.0,0.03,0.06,0.52,1.84,2.3,1.14,4.74,0.36,0.0,0.02
27.75,73.0,Kolayat Tehsil,Rajasthan,0.0,0.0,0.03,0.08,0.44,1.75,2.13,1.28,4.23,0.36,0.0,0.05
27.75,73.25,Nokha Tehsil,Rajasthan,0.0,0.0,0.02,0.04,0.6,1.21,2.62,1.53,4.41,0.45,0.0,0.08
27.75,73.5,Nokha Tehsil,Rajasthan,0.01,0.0,0.01,0.02,0.6,1.14,2.57,1.59,4.54,0.43,0.0,0.07
27.75,73.75,Nokha Tehsil,Rajasthan,0.16,0.0,0.0,0.02,0.75,0.98,1.8,2.63,6.62,0.37,0.0,0.03
27.75,74.0,Bidasar Tehsil,Rajasthan,0.35,0.0,0.01,0.11,1.07,1.29,2.5,3.64,7.55,0.17,0.0,0.0
27.75,74.25,Bidasar Tehsil,Rajasthan,0.47,0.0,0.03,0.17,1.51,1.53,4.41,4.5,7.17,0.0,0.0,0.0
27.75,74.5,Sujangarh Tehsil,Rajasthan,0.98,0.0,0.06,0.8,1.19,1.34,6.55,1.89,5.76,0.0,0.0,0.0
27.75,74.75,Lachhmangarh Tehsil,Rajasthan,0.76,0.0,0.07,0.39,2.01,1.78,8.11,2.88,7.65,0.38,0.0,0.02
27.75,75.0,Lachhmangarh Tehsil,Rajasthan,0.92,0.0,0.12,0.09,2.61,1.7,4.24,4.28,8.15,0.7,0.0,0.04
27.75,75.25,Sikar Tehsil,Rajasthan,1.12,0.0,0.16,0.26,1.54,0.77,3.23,2.8,8.8,1.48,0.0,0.0
27.75,75.5,Udaipurwati Tehsil,Rajasthan,1.47,0.0,0.28,0.12,2.98,0.71,7.22,3.79,7.82,1.27,0.0,0.08
27.75,75.75,Neem Ka Thana Tehsil,Rajasthan,1.52,0.0,0.34,0.15,3.65,0.39,9.12,2.44,5.92,0.29,0.0,0.14
27.75,76.0,Patan Tehsil,Rajasthan,1.15,0.02,0.23,0.07,2.01,1.1,6.44,2.41,4.35,0.26,0.0,0.15
27.75,76.25,Bansur Tehsil,Rajasthan,0.47,0.01,0.12,0.06,1.86,0.77,13.05,4.8,7.09,0.4,0.0,0.07
27.75,76.5,Bansur Tehsil,Rajasthan,0.75,0.17,0.04,0.06,2.79,0.64,11.66,5.79,6.49,1.0,0.0,0.1
27.75,76.75,Kishangarh Bas Tehsil,Rajasthan,0.18,0.28,0.01,0.09,2.12,2.35,7.61,3.44,6.99,1.73,0.0,0.06
27.75,77.0,Ferozepur Jhirka,Haryana,0.9,0.17,0.04,0.04,2.67,1.57,9.49,2.1,5.54,1.64,0.0,0.08
27.75,77.25,Kaman Tehsil,Rajasthan,0.54,0.12,0.04,0.03,1.66,0.64,5.52,0.92,4.05,0.94,0.0,0.02
27.75,77.5,Mathura,Uttar Pradesh,0.82,0.25,0.0,0.01,1.57,0.82,6.74,2.07,3.92,1.16,0.0,0.01
27.75,77.75,Mathura,Uttar Pradesh,1.24,0.81,0.01,0.01,1.93,1.63,12.15,5.64,2.9,2.08,0.0,0.0
27.75,78.0,Iglas,Uttar Pradesh,1.15,0.12,0.09,0.05,3.15,1.26,15.46,3.12,4.87,3.29,0.0,0.02
27.75,78.25,Koil,Uttar Pradesh,0.59,0.11,0.08,0.01,4.0,1.1,21.03,2.68,6.06,3.15,0.0,0.01
27.75,78.5,Kasganj,Uttar Pradesh,0.32,0.1,0.0,0.0,2.52,1.37,9.89,5.65,3.83,2.53,0.0,0.07
27.75,78.75,Sahawar,Uttar Pradesh,0.07,0.01,0.0,0.0,0.98,1.54,6.1,5.05,1.39,2.54,0.0,0.02
27.75,79.0,Patiyali,Uttar Pradesh,0.06,0.01,0.0,0.0,1.05,1.41,5.12,3.86,2.86,2.2,0.0,0.01
27.75,79.25,Dataganj,Uttar Pradesh,0.08,0.03,0.0,0.01,2.06,3.0,3.68,2.7,3.7,4.77,0.0,0.0
27.75,79.5,Jalalabad,Uttar Pradesh,0.0,0.0,0.0,0.02,2.73,3.15,4.21,0.93,3.02,8.45,0.0,0.0
27.75,79.75,Shahjahanpur,Uttar Pradesh,0.02,0.01,0.0,0.11,1.95,2.38,4.65,1.97,3.52,2.66,0.0,0.03
27.75,80.0,Shahjahanpur,Uttar Pradesh,0.01,0.0,0.0,0.05,5.12,7.22,8.08,4.78,4.98,4.86,0.0,0.08
27.75,80.25,Shahabad,Uttar Pradesh,0.0,0.0,0.0,0.27,2.28,5.55,7.83,3.07,6.77,4.15,0.0,0.03
27.75,80.5,Unknown,Uttar Pradesh,0.0,0.0,0.0,0.21,0.53,7.14,7.73,8.86,10.93,7.17,0.0,0.05
27.75,80.75,Sitapur,Uttar Pradesh,0.0,0.01,0.0,0.03,1.36,13.96,13.28,17.34,19.68,13.48,0.0,0.04
27.75,81.0,Laharpur,Uttar Pradesh,0.0,0.01,0.0,0.15,4.96,15.45,18.43,18.63,10.18,7.12,0.0,0.18
27.75,81.25,Dhaurahara,Uttar Pradesh,0.0,0.01,0.0,0.31,5.09,9.24,12.12,12.63,3.76,2.2,0.0,0.39
27.75,81.5,Nanpara,Uttar Pradesh,0.0,0.09,0.0,0.31,7.25,12.84,12.09,12.61,3.22,2.3,0.0,0.53
27.75,81.75,Bhinga,Uttar Pradesh,0.0,0.14,0.0,0.28,9.38,17.11,12.64,14.56,2.77,2.55,0.0,0.59
27.75,82.0,Bhinga,Uttar Pradesh,0.0,0.14,0.0,0.3,9.29,14.36,11.96,15.1,4.07,2.55,0.0,0.72
27.75,82.25,Balrampur,Uttar Pradesh,0.0,0.12,0.03,0.25,9.34,12.6,11.04,14.8,4.42,2.33,0.0,0.71
27.75,82.5,Dang,Lumbini Province,0.0,0.07,0.05,0.17,10.28,9.31,9.76,15.15,5.19,2.32,0.0,0.63
27.75,82.75,Kapilvastu,Lumbini Province,0.0,0.02,0.07,0.2,10.91,7.56,7.95,13.09,4.45,2.19,0.0,0.34
27.75,88.0,Taplejung,Koshi Province,0.87,1.63,6.81,9.63,14.7,19.19,15.13,17.66,10.31,8.79,0.62,1.25
27.75,88.25,Chungthang,Sikkim,0.76,1.61,6.56,10.04,13.95,17.58,14.44,15.76,9.8,7.74,0.49,1.33
27.75,88.5,Chungthang,Sikkim,0.76,1.47,6.34,9.72,13.94,18.44,14.96,16.26,10.2,8.04,0.47,1.27
27.75,88.75,Chungthang,Sikkim,0.81,1.46,6.23,9.27,14.19,19.78,15.67,17.33,10.73,8.68,0.5,1.19
27.75,91.5,Boomdeling Gewog,Trashiyangtse District,0.93,0.39,2.75,3.17,7.82,6.91,10.54,7.05,6.2,3.76,1.43,0.03
27.75,91.75,Zemithang Circle,Arunachal Pradesh,0.91,0.33,2.43,2.78,7.39,6.5,10.3,6.76,5.86,3.8,1.24,0.09
27.75,92.0,Thingbu Circle,Arunachal Pradesh,0.89,0.2,1.74,1.91,6.6,5.88,10.18,6.54,5.46,3.81,0.78,0.22
27.75,92.25,Thingbu Circle,Arunachal Pradesh,0.64,0.05,0.72,0.87,9.14,10.74,12.53,16.28,7.49,3.83,0.45,0.21
27.75,92.5,Nafra EAC,Arunachal Pradesh,0.45,0.03,0.41,0.68,10.46,12.92,12.5,20.29,7.74,3.85,0.5,0.19
27.75,92.75,Sawa Circle,Arunachal Pradesh,0.31,0.1,0.59,1.36,12.48,16.88,12.84,23.97,8.41,3.76,0.51,0.11
27.75,93.0,Sawa Circle,Arunachal Pradesh,0.22,0.12,0.96,2.09,11.84,15.93,10.1,20.62,6.02,3.27,0.5,0.14
27.75,93.25,Phassang,Arunachal Pradesh,0.33,0.35,2.17,3.73,11.18,16.49,9.48,15.14,5.62,2.85,0.35,0.12
27.75,93.5,Sangram SDO,Arunachal Pradesh,0.2,0.35,1.86,2.91,9.36,13.31,10.1,13.92,3.37,3.22,0.41,0.2
27.75,93.75,Palin Circle,Arunachal Pradesh,0.19,0.23,1.49,2.62,9.27,14.77,10.67,14.3,2.98,3.17,0.38,0.2
27.75,94.0,Kamporijo Circle,Arunachal Pradesh,0.55,0.27,1.71,2.81,9.18,15.57,13.84,15.22,3.5,3.89,0.42,0.31
27.75,94.25,Raga ADC,Arunachal Pradesh,1.28,0.48,3.31,4.54,7.67,14.38,11.82,13.07,3.94,3.23,0.64,0.73
27.75,94.5,Gensi EAC,Arunachal Pradesh,1.11,0.44,2.95,4.31,7.46,12.15,9.64,10.79,3.95,2.85,0.66,0.58
27.75,94.75,Likabali SDO,Arunachal Pradesh,0.75,0.16,2.27,3.87,8.76,12.06,7.52,14.49,4.19,3.24,0.32,0.33
27.75,95.0,Jonai,Assam,0.55,0.01,1.74,3.64,9.25,12.23,5.76,18.93,2.3,3.41,0.08,0.75
27.75,95.25,Jonai,Assam,0.29,0.03,1.15,3.38,8.63,8.13,3.29,13.49,1.16,2.25,0.14,1.02
27.75,95.5,Doom Dooma,Assam,0.33,0.2,1.18,2.07,8.45,10.28,4.61,15.51,1.81,2.43,0.26,0.74
27.75,95.75,Sadiya,Assam,0.25,0.22,1.28,2.4,7.77,11.84,6.81,14.27,1.22,2.28,0.36,0.85
27.75,96.0,Chongkham EAC,Arunachal Pradesh,0.25,0.38,2.13,3.5,8.75,8.32,6.72,9.94,1.29,1.89,0.36,0.62
27.75,96.25,Chongkham EAC,Arunachal Pradesh,0.37,0.57,3.35,5.09,10.51,4.63,6.01,7.67,1.82,1.84,0.36,0.34
27.75,96.5,Wakro Circle,Arunachal Pradesh,0.37,0.57,3.38,5.13,10.55,4.51,5.99,7.55,1.83,1.83,0.36,0.34
27.75,96.75,Hawai HQ,Arunachal Pradesh,0.37,0.57,3.34,5.08,10.5,4.59,6.02,7.55,1.81,1.83,0.36,0.34
27.75,97.0,Hawai HQ,Arunachal Pradesh,0.38,0.58,3.45,5.23,10.66,4.3,5.95,7.45,1.87,1.83,0.37,0.32
28.0,70.0,Rahim Yar Khan District,Punjab,0.0,0.0,0.0,0.03,0.54,1.89,1.03,0.0,1.02,0.0,0.0,0.0
28.0,70.25,Rahim Yar Khan District,Punjab,0.0,0.0,0.0,0.03,0.55,1.88,1.09,0.0,1.08,0.0,0.0,0.0
28.0,70.5,Jaisalmer Tehsil,Rajasthan,0.0,0.0,0.0,0.03,0.58,1.87,1.25,0.0,1.2,0.0,0.0,0.0
28.0,71.0,Rahim Yar Khan District,Punjab,0.0,0.0,0.0,0.02,0.73,1.87,2.07,0.01,1.87,0.0,0.0,0.0
28.0,71.25,Bahawalpur District,Punjab,0.0,0.0,0.0,0.05,0.83,1.72,2.8,0.66,4.45,0.31,0.0,0.0
28.0,71.5,Bahawalpur District,Punjab,0.0,0.0,0.0,0.06,1.08,1.6,3.07,1.01,6.11,0.48,0.0,0.07
28.0,71.75,Bahawalpur District,Punjab,0.0,0.0,0.02,0.1,0.87,1.49,2.87,0.99,5.89,0.58,0.0,0.03
28.0,72.0,Bajju Tehsil,Rajasthan,0.0,0.0,0.03,0.13,0.81,1.44,2.77,0.96,5.65,0.65,0.0,0.01
28.0,72.25,Bajju Tehsil,Rajasthan,0.0,0.0,0.03,0.14,0.75,1.41,2.67,0.92,5.56,0.66,0.0,0.01
28.0,72.5,Bajju Tehsil,Rajasthan,0.0,0.0,0.05,0.15,0.66,1.52,2.45,0.94,4.95,0.64,0.0,0.01
28.0,72.75,Kolayat Tehsil,Rajasthan,0.0,0.0,0.04,0.07,0.42,1.98,1.97,1.05,4.35,0.28,0.0,0.02
28.0,73.0,Kolayat Tehsil,Rajasthan,0.0,0.0,0.04,0.13,0.34,2.16,1.82,1.21,4.25,0.35,0.0,0.03
28.0,73.25,Bikaner Tehsil,Rajasthan,0.0,0.0,0.05,0.08,0.31,2.16,1.82,1.13,4.14,0.24,0.0,0.02
28.0,73.5,Bikaner Tehsil,Rajasthan,0.02,0.0,0.03,0.23,0.36,2.33,1.61,1.55,4.91,0.47,0.0,0.03
28.0,73.75,Sri Dungargarh Tehsil,Rajasthan,0.17,0.0,0.0,0.08,0.57,1.32,0.48,2.38,6.8,0.45,0.0,0.0
28.0,74.0,Sri Dungargarh Tehsil,Rajasthan,0.21,0.0,0.0,0.04,0.61,1.14,0.62,2.62,7.23,0.39,0.0,0.0
28.0,74.25,Ratangarh Tehsil,Rajasthan,0.5,0.0,0.04,0.27,0.98,1.45,3.74,2.47,9.88,0.02,0.0,0.01
28.0,74.5,Ratangarh Tehsil,Rajasthan,0.4,0.0,0.03,0.2,0.63,1.36,2.72,1.5,12.6,0.03,0.0,0.01
28.0,74.75,Ratangarh Tehsil,Rajasthan,0.39,0.0,0.09,0.29,1.65,2.14,11.13,1.97,9.76,0.01,0.0,0.0
28.0,75.0,Fatehpur Tehsil,Rajasthan,0.71,0.0,0.15,0.35,1.42,1.56,7.99,1.62,8.46,0.03,0.0,0.0
28.0,75.25,Nawalgarh Tehsil,Rajasthan,1.23,0.0,0.21,0.36,0.87,0.79,3.39,1.23,6.44,0.32,0.0,0.0
28.0,75.5,Gudhagorji Tehsil,Rajasthan,1.18,0.0,0.43,0.58,1.52,0.56,6.71,2.09,5.47,0.1,0.0,0.01
28.0,75.75,Khetri Tehsil,Rajasthan,1.21,0.0,0.72,0.58,1.48,0.48,7.86,3.09,5.48,0.17,0.0,0.02
28.0,76.0,Narnaul,Haryana,1.34,0.0,1.07,0.12,2.74,1.11,9.35,1.57,7.3,0.42,0.0,0.05
28.0,76.25,Unknown,Rajasthan,0.28,0.0,0.07,0.0,2.58,0.42,12.17,0.81,4.47,0.01,0.0,0.32
28.0,76.5,Mandawar Tehsil,Rajasthan,0.82,0.0,0.35,0.2,2.54,0.57,12.21,6.34,8.02,1.72,0.0,0.07
28.0,76.75,Kotkasim Tehsil,Rajasthan,0.78,0.05,0.06,0.02,1.37,0.44,9.76,3.26,4.3,0.78,0.0,0.05
28.0,77.0,Nuh,Haryana,0.55,0.06,0.33,0.09,2.27,0.75,8.89,1.77,6.14,1.38,0.0,0.11
28.0,77.25,Hathin,Haryana,0.68,0.14,0.0,0.07,1.88,1.12,7.85,2.01,5.26,1.67,0.0,0.08
28.0,77.5,Hassanpur,Haryana,0.59,0.08,0.0,0.02,1.38,0.68,3.71,0.93,2.8,2.06,0.0,0.02
28.0,77.75,Khair,Uttar Pradesh,1.22,0.21,0.07,0.06,1.99,1.36,7.67,2.26,2.78,3.25,0.0,0.03
28.0,78.0,Gabhana,Uttar Pradesh,1.46,0.1,0.1,0.06,2.15,1.77,8.6,2.84,4.44,4.06,0.0,0.06
28.0,78.25,Atrauli,Uttar Pradesh,1.02,0.17,0.03,0.02,1.72,1.74,6.92,5.11,4.98,4.64,0.0,0.04
28.0,78.5,Atrauli,Uttar Pradesh,0.47,0.28,0.0,0.0,2.2,5.71,7.48,7.26,3.54,2.68,0.0,0.01
28.0,78.75,Sahaswan,Uttar Pradesh,0.45,0.17,0.0,0.0,2.84,3.33,4.67,5.86,1.78,2.55,0.0,0.01
28.0,79.0,Budaun,Uttar Pradesh,0.57,0.13,0.0,0.01,3.6,2.0,4.51,5.76,1.85,3.12,0.0,0.02
28.0,79.25,Budaun,Uttar Pradesh,0.32,0.11,0.0,0.0,2.98,5.31,2.97,4.82,3.9,2.71,0.0,0.0
28.0,79.5,Tilhar,Uttar Pradesh,0.11,0.07,0.0,0.14,2.34,3.63,5.41,2.64,3.72,5.05,0.0,0.03
28.0,79.75,Tilhar,Uttar Pradesh,0.05,0.03,0.0,0.22,3.55,5.65,9.32,3.43,5.02,4.45,0.0,0.05
28.0,80.0,Powayan,Uttar Pradesh,0.01,0.01,0.0,0.0,4.4,9.19,9.47,2.93,5.71,6.94,0.0,0.0
28.0,80.25,Mohammdi,Uttar Pradesh,0.01,0.01,0.0,0.03,3.87,8.77,8.4,3.7,4.17,5.52,0.0,0.02
28.0,80.5,Lakhimpur,Uttar Pradesh,0.04,0.0,0.0,0.09,2.5,13.48,7.24,6.22,4.38,4.61,0.0,0.11
28.0,80.75,Lakhimpur,Uttar Pradesh,0.02,0.0,0.0,0.03,6.56,23.2,24.29,20.83,9.96,8.72,0.0,0.07
28.0,81.0,Dhaurahara,Uttar Pradesh,0.01,0.0,0.0,0.12,8.02,23.14,26.94,25.35,10.7,9.02,0.0,0.15
28.0,81.25,Nanpara,Uttar Pradesh,0.0,0.0,0.0,0.33,5.38,9.84,12.0,14.12,3.93,2.55,0.0,0.37
28.0,81.5,Nanpara,Uttar Pradesh,0.0,0.06,0.0,0.3,6.42,11.97,12.66,13.09,3.57,2.49,0.0,0.46
28.0,81.75,Banke,Lumbini Province,0.0,0.11,0.0,0.3,8.02,13.54,11.56,13.62,3.13,2.28,0.0,0.55
28.0,82.0,Banke,Lumbini Province,0.0,0.13,0.0,0.3,8.49,13.33,10.98,14.4,3.45,2.38,0.0,0.59
28.0,82.25,Dang,Lumbini Province,0.0,0.13,0.02,0.26,9.42,13.3,11.07,14.82,4.06,2.35,0.0,0.67
28.0,88.0,Dinggyê County,Tibet,0.85,1.63,6.71,9.67,14.52,18.96,15.06,17.26,10.28,8.59,0.59,1.26
28.0,88.25,Unknown,Tibet,0.82,1.58,6.57,9.68,14.31,18.79,15.03,16.91,10.27,8.4,0.54,1.26
28.0,88.5,Chungthang,Sikkim,0.8,1.54,6.46,9.62,14.2,18.87,15.12,16.83,10.29,8.36,0.52,1.25
28.0,88.75,Chungthang,Sikkim,0.79,1.5,6.35,9.56,14.11,18.98,15.22,16.78,10.39,8.34,0.5,1.24
28.0,91.5,Unknown,Tibet,0.92,0.37,2.64,3.05,7.64,6.68,10.36,6.81,6.01,3.77,1.37,0.05
28.0,91.75,Unknown,Tibet,0.92,0.33,2.45,2.79,7.36,6.42,10.22,6.6,5.81,3.77,1.24,0.09
28.0,92.0,Unknown,Tibet,0.81,0.24,1.95,2.19,7.39,6.6,9.64,7.73,5.32,3.69,1.01,0.15
28.0,92.25,Unknown,Tibet,0.6,0.1,1.05,1.21,8.87,9.56,10.72,14.25,6.24,3.7,0.68,0.2
28.0,92.5,Unknown,Tibet,0.37,0.02,0.4,0.59,10.52,12.54,11.65,20.41,7.11,3.8,0.55,0.18
28.0,92.75,Sarli Circle,Arunachal Pradesh,0.12,0.22,1.06,1.43,10.9,12.29,9.09,20.04,5.59,3.51,0.65,0.18
28.0,93.0,Sarli Circle,Arunachal Pradesh,0.14,0.62,2.75,3.37,9.61,10.04,7.84,13.44,4.71,3.15,0.59,0.17
28.0,93.25,Sarli Circle,Arunachal Pradesh,0.18,0.73,3.21,3.83,8.96,9.37,8.05,11.12,4.04,3.14,0.56,0.18
28.0,93.5,Parsi-Parlo,Arunachal Pradesh,0.14,0.57,2.71,3.42,8.84,8.97,7.22,11.63,3.51,2.98,0.51,0.19
28.0,93.75,Tali ADC,Arunachal Pradesh,0.13,0.35,2.02,2.96,8.77,8.65,6.63,12.65,2.88,2.82,0.44,0.21
28.0,94.0,Chetam Peer Yapu Circle,Arunachal Pradesh,0.6,0.67,3.41,4.09,8.27,10.95,9.48,11.77,3.82,3.12,0.6,0.38
28.0,94.25,Dumporijo ADC,Arunachal Pradesh,1.38,0.53,3.56,4.79,7.45,14.64,12.6,13.92,3.94,3.43,0.62,0.74
28.0,94.5,Maro Circle,Arunachal Pradesh,1.31,0.53,3.43,4.83,7.25,13.54,11.18,13.63,4.04,3.58,0.57,0.66
28.0,94.75,Basar ADC,Arunachal Pradesh,0.95,0.36,3.01,4.77,8.73,16.12,7.64,22.34,3.78,6.06,0.24,0.54
28.0,95.0,Koyu EAC,Arunachal Pradesh,0.78,0.09,3.05,4.31,11.71,24.41,7.33,35.93,2.63,8.66,0.13,0.6
28.0,95.25,Bilat Circle,Arunachal Pradesh,0.78,0.16,2.77,4.22,10.28,21.45,8.39,32.27,2.61,5.72,0.47,0.84
28.0,95.5,Namsing Circle,Arunachal Pradesh,0.85,0.25,2.85,4.17,9.65,21.36,9.51,32.18,2.97,4.81,0.66,0.86
28.0,95.75,Roing HQ,Arunachal Pradesh,0.63,0.29,2.37,3.48,9.06,16.89,8.37,24.52,2.45,3.66,0.55,0.77
28.0,96.0,Koronu Circle,Arunachal Pradesh,0.39,0.47,2.84,4.37,9.75,8.03,6.71,11.55,1.8,2.21,0.4,0.52
28.0,96.25,Tezu HQ,Arunachal Pradesh,0.38,0.58,3.41,5.17,10.6,4.55,6.0,7.73,1.86,1.86,0.37,0.34
28.0,96.5,Hayuliang Circle,Arunachal Pradesh,0.38,0.58,3.42,5.19,10.61,4.43,5.98,7.56,1.85,1.84,0.37,0.33
28.0,96.75,Manchal Circle,Arunachal Pradesh,0.38,0.58,3.42,5.18,10.6,4.39,5.97,7.48,1.85,1.83,0.37,0.33
28.0,97.0,Walong Circle,Arunachal Pradesh,0.38,0.59,3.49,5.27,10.72,4.19,5.92,7.41,1.89,1.84,0.37,0.31
28.0,97.25,Hawai HQ,Arunachal Pradesh,0.39,0.59,3.51,5.3,10.75,4.15,5.92,7.39,1.9,1.84,0.37,0.31
28.25,71.75,Bahawalpur District,Punjab,0.0,0.0,0.07,0.24,0.69,1.22,2.32,0.77,4.6,0.86,0.0,0.0
28.25,72.0,Bahawalpur District,Punjab,0.0,0.0,0.1,0.31,0.61,1.06,1.99,0.62,3.92,0.96,0.0,0.0
28.25,72.25,Bajju Tehsil,Rajasthan,0.0,0.0,0.1,0.32,0.58,1.04,1.87,0.59,3.66,0.96,0.0,0.0
28.25,72.5,Bajju Tehsil,Rajasthan,0.0,0.0,0.11,0.33,0.45,1.01,1.36,0.47,2.79,0.89,0.0,0.0
28.25,72.75,Kolayat Tehsil,Rajasthan,0.0,0.0,0.06,0.13,0.4,1.61,1.48,0.74,3.4,0.39,0.0,0.02
28.25,73.0,Poogal Tehsil,Rajasthan,0.0,0.0,0.04,0.19,0.36,2.18,1.63,1.2,4.23,0.42,0.0,0.03
28.25,73.25,Bikaner Tehsil,Rajasthan,0.0,0.0,0.03,0.4,0.39,2.7,1.64,1.72,5.11,0.7,0.0,0.05
28.25,73.5,Bikaner Tehsil,Rajasthan,0.0,0.0,0.0,0.54,0.57,3.17,1.49,2.17,5.74,0.84,0.0,0.04
28.25,73.75,Sri Dungargarh Tehsil,Rajasthan,0.12,0.0,0.0,0.16,0.66,1.87,0.73,2.24,6.26,0.47,0.0,0.01
28.25,74.0,Sri Dungargarh Tehsil,Rajasthan,0.18,0.0,0.03,0.09,0.62,1.51,1.1,2.06,6.78,0.35,0.0,0.0
28.25,74.25,Sardarshahar Tehsil,Rajasthan,0.32,0.0,0.14,0.14,0.47,1.37,3.18,1.33,8.24,0.16,0.0,0.0
28.25,74.5,Sardarshahar Tehsil,Rajasthan,0.35,0.0,0.09,0.19,0.64,1.49,3.36,1.17,10.53,0.08,0.0,0.01
28.25,74.75,Churu Tehsil,Rajasthan,0.48,0.0,0.03,0.68,1.68,2.31,6.86,0.86,8.26,0.09,0.0,0.0
28.25,75.0,Churu Tehsil,Rajasthan,0.62,0.0,0.07,0.39,1.55,2.03,6.71,0.97,7.76,0.07,0.0,0.01
28.25,75.25,Malesar Tehsil,Rajasthan,1.29,0.0,0.24,0.33,1.24,1.1,6.02,1.17,5.78,0.31,0.0,0.01
28.25,75.5,Chirawa Tehsil,Rajasthan,0.95,0.0,0.14,0.64,2.15,0.73,6.48,0.72,5.65,0.09,0.0,0.0
28.25,75.75,Surajgarh Tehsil,Rajasthan,1.11,0.01,0.34,0.33,1.43,1.37,8.15,2.35,5.46,0.63,0.0,0.05
28.25,76.0,Buhana Tehsil,Rajasthan,1.03,0.03,0.28,0.2,1.8,1.08,12.44,2.95,6.21,0.83,0.0,0.0
28.25,76.25,Outside India,Outside India,0.31,0.0,0.29,0.1,1.75,0.55,10.93,3.4,6.65,0.91,0.0,0.14
28.25,76.5,Rewari,Haryana,1.04,0.02,0.26,0.27,4.01,0.83,13.57,3.55,7.87,1.36,0.0,0.1
28.25,76.75,Pataudi,Haryana,0.74,0.01,0.03,0.05,4.12,0.38,9.28,5.59,5.64,1.97,0.0,0.09
28.25,77.0,Taoru,Haryana,0.52,0.02,0.28,0.04,3.84,0.92,11.72,3.03,5.84,0.86,0.0,0.09
28.25,77.25,Palwal,Haryana,0.71,0.09,0.16,0.06,2.59,1.06,6.53,4.1,7.32,2.18,0.0,0.08
28.25,77.5,Palwal,Haryana,0.78,0.06,0.01,0.01,1.57,0.84,1.95,1.88,4.32,3.0,0.0,0.0
28.25,77.75,Khurja,Uttar Pradesh,0.68,0.04,0.0,0.0,1.27,0.69,1.1,0.97,2.02,3.04,0.0,0.0
28.25,78.0,Shikarpur,Uttar Pradesh,1.08,0.11,0.01,0.01,2.28,1.55,5.35,4.07,4.95,3.87,0.0,0.01
28.25,78.25,Debai,Uttar Pradesh,0.72,0.18,0.0,0.1,3.49,1.73,5.95,7.86,3.68,4.58,0.0,0.0
28.25,78.5,Gunnaur,Uttar Pradesh,0.5,0.21,0.0,0.03,2.71,4.22,5.26,6.16,3.1,3.09,0.0,0.0
28.25,78.75,Bisauli,Uttar Pradesh,0.13,0.05,0.0,0.0,2.58,2.46,1.14,2.56,0.5,1.3,0.0,0.0
28.25,79.0,Bisauli,Uttar Pradesh,0.43,0.1,0.0,0.05,3.09,3.08,6.84,5.47,3.16,3.89,0.0,0.0
28.25,79.25,Aonla,Uttar Pradesh,0.23,0.13,0.0,0.04,2.41,6.3,7.0,6.52,4.21,8.09,0.0,0.03
28.25,79.5,Faridpur,Uttar Pradesh,0.12,0.09,0.0,0.03,0.58,1.45,3.23,1.92,1.31,2.68,0.0,0.0
28.25,79.75,Bisalpur,Uttar Pradesh,0.06,0.03,0.0,0.02,1.28,2.54,5.54,1.95,1.71,2.74,0.0,0.0
28.25,80.0,Powayan,Uttar Pradesh,0.04,0.02,0.0,0.0,3.17,6.24,10.05,2.68,3.17,5.64,0.0,0.0
28.25,80.25,Powayan,Uttar Pradesh,0.06,0.1,0.0,0.11,3.49,10.98,8.88,7.45,3.14,6.73,0.0,0.06
28.25,80.5,Gola Gokaran Nath,Uttar Pradesh,0.13,0.04,0.0,0.14,2.7,11.6,7.92,7.89,4.88,5.75,0.0,0.16
28.25,80.75,Nighasan,Uttar Pradesh,0.13,0.0,0.0,0.22,3.81,11.77,8.36,11.02,6.17,5.47,0.0,0.29
28.25,81.0,Nighasan,Uttar Pradesh,0.02,0.0,0.0,0.43,6.83,15.13,11.45,17.92,4.8,5.81,0.0,0.37
28.25,81.25,Nanpara,Uttar Pradesh,0.02,0.0,0.0,0.32,5.97,13.73,13.38,16.83,5.4,4.73,0.0,0.34
28.25,81.5,Bardiya,Lumbini Province,0.0,0.05,0.0,0.31,7.18,13.99,13.16,15.61,3.97,3.26,0.0,0.44
28.25,88.5,Unknown,Tibet,0.79,1.6,6.56,9.86,14.11,18.15,14.72,16.3,9.96,8.05,0.51,1.3
28.25,88.75,Unknown,Tibet,0.76,1.56,6.46,9.88,13.95,17.99,14.69,16.01,9.96,7.89,0.48,1.3
28.25,92.5,Unknown,Tibet,0.33,0.07,0.7,0.79,10.07,11.13,9.66,18.16,5.71,3.64,0.67,0.2
28.25,92.75,Lhuntse County,Tibet,0.07,0.39,1.81,2.15,10.12,10.52,8.08,16.77,4.85,3.29,0.61,0.18
28.25,93.0,Damin Circle,Arunachal Pradesh,0.08,0.76,3.31,3.72,8.92,7.95,6.9,11.08,4.19,3.06,0.6,0.17
28.25,93.25,Damin Circle,Arunachal Pradesh,0.09,0.87,3.72,4.03,8.71,7.77,7.19,9.96,4.2,3.13,0.61,0.17
28.25,93.5,Pipsorang Circle,Arunachal Pradesh,0.16,1.2,4.84,4.78,8.57,7.47,7.72,8.13,4.94,3.26,0.72,0.17
28.25,93.75,Pipsorang Circle,Arunachal Pradesh,0.24,1.41,5.55,5.26,8.51,7.09,7.9,6.9,5.45,3.35,0.8,0.15
28.25,94.0,Taliha ADC,Arunachal Pradesh,0.55,0.87,3.95,4.75,8.47,8.72,7.95,11.01,4.34,3.15,0.63,0.31
28.25,94.25,Taliha ADC,Arunachal Pradesh,1.21,0.65,3.84,8.26,7.39,10.34,9.52,14.97,5.18,3.08,0.54,0.69
28.25,94.5,Darak Circle,Arunachal Pradesh,1.06,0.5,3.41,8.39,7.03,9.05,7.63,14.78,5.34,3.38,0.41,0.61
28.25,94.75,Kamba ADC,Arunachal Pradesh,0.94,0.63,2.61,5.43,5.26,5.09,5.63,7.37,5.11,3.3,0.26,0.4
28.25,95.0,Rebo Perging Circle,Arunachal Pradesh,0.86,0.24,3.06,4.62,10.13,20.51,7.39,30.07,3.4,7.48,0.2,0.54
28.25,95.25,Katan Circle,Arunachal Pradesh,0.99,0.26,3.32,4.76,10.02,24.24,10.57,36.36,3.33,5.78,0.71,0.85
28.25,95.5,Mebo ADC,Arunachal Pradesh,0.99,0.27,3.29,4.62,9.95,24.43,10.87,36.68,3.32,5.47,0.77,0.87
28.25,95.75,Roing HQ,Arunachal Pradesh,1.0,0.44,3.68,5.83,10.33,17.76,8.4,25.9,3.42,4.57,0.63,0.78
28.25,96.0,Hunli SDO,Arunachal Pradesh,0.72,0.58,3.82,6.05,10.68,10.41,7.16,15.31,2.67,3.19,0.49,0.63
28.25,96.25,Desali Circle,Arunachal Pradesh,0.42,0.58,3.35,5.12,10.42,6.0,6.35,9.4,1.93,2.09,0.39,0.51
28.25,96.5,Metengliang Circle,Arunachal Pradesh,0.38,0.59,3.42,5.19,10.6,4.63,6.02,7.81,1.86,1.87,0.37,0.4
28.25,96.75,Goiliang Circle,Arunachal Pradesh,0.38,0.59,3.47,5.25,10.69,4.25,5.94,7.43,1.88,1.84,0.37,0.32
28.25,97.0,Kibithu Circle,Arunachal Pradesh,0.39,0.59,3.51,5.3,10.75,4.15,5.91,7.39,1.9,1.84,0.37,0.31
28.25,97.25,Kibithu Circle,Arunachal Pradesh,0.39,0.59,3.51,5.3,10.75,4.15,5.92,7.39,1.9,1.84,0.37,0.14
28.5,72.0,Bahawalpur District,Punjab,0.0,0.0,0.14,0.41,0.5,0.83,1.54,0.4,2.89,1.14,0.0,0.0
28.5,72.25,Khajuwala Tehsil,Rajasthan,0.02,0.0,0.15,0.41,0.48,0.81,1.31,0.31,2.44,1.11,0.0,0.0
28.5,72.5,Khajuwala Tehsil,Rajasthan,0.02,0.0,0.15,0.42,0.46,0.79,1.29,0.31,2.41,1.14,0.0,0.0
28.5,72.75,Poogal Tehsil,Rajasthan,0.05,0.0,0.12,0.31,0.5,1.02,1.15,0.39,2.46,0.81,0.0,0.0
28.5,73.0,Poogal Tehsil,Rajasthan,0.04,0.0,0.03,0.19,0.55,1.49,1.04,0.8,3.24,0.35,0.0,0.01
28.5,73.25,Chhatargarh Tehsil,Rajasthan,0.0,0.0,0.0,0.42,0.56,2.56,1.34,1.75,5.01,0.65,0.0,0.03
28.5,73.5,Lunkaransar Tehsil,Rajasthan,0.0,0.0,0.0,0.34,0.88,2.98,1.23,1.8,4.87,0.52,0.0,0.02
28.5,73.75,Lunkaransar Tehsil,Rajasthan,0.01,0.0,0.0,0.26,0.98,2.88,1.14,1.72,4.7,0.42,0.0,0.01
28.5,74.0,Lunkaransar Tehsil,Rajasthan,0.15,0.0,0.09,0.17,0.67,2.06,2.14,1.61,5.84,0.33,0.0,0.0
28.5,74.25,Bhanipura Tehsil,Rajasthan,0.29,0.0,0.19,0.12,0.44,1.45,3.67,1.2,7.07,0.17,0.0,0.0
28.5,74.5,Sardarshahar Tehsil,Rajasthan,0.32,0.0,0.18,0.15,0.61,1.59,4.34,1.07,7.15,0.14,0.0,0.0
28.5,74.75,Sardarshahar Tehsil,Rajasthan,0.42,0.0,0.11,0.22,1.38,2.28,5.44,0.91,6.75,0.06,0.0,0.0
28.5,75.0,Churu Tehsil,Rajasthan,0.66,0.0,0.11,0.13,0.98,2.49,6.68,1.01,6.34,0.03,0.0,0.0
28.5,75.25,Taranagar Tehsil,Rajasthan,1.33,0.0,0.13,0.22,0.93,2.48,11.55,1.51,6.97,0.36,0.0,0.01
28.5,75.5,Rajgarh Tehsil,Rajasthan,1.26,0.0,0.32,0.17,2.09,1.74,9.72,2.3,6.43,1.0,0.0,0.05
28.5,75.75,Loharu,Haryana,1.24,0.0,0.45,0.09,0.96,2.16,7.18,2.79,5.16,0.95,0.0,0.11
28.5,76.0,Badhra,Haryana,1.0,0.01,0.25,0.16,1.67,1.15,9.27,1.95,7.33,0.88,0.0,0.02
28.5,76.25,Dadri,Haryana,0.8,0.0,0.3,0.1,1.91,0.76,8.95,2.59,7.66,1.01,0.0,0.05
28.5,76.5,Matenhail,Haryana,1.01,0.01,0.59,0.08,3.01,0.56,10.64,4.38,7.17,1.18,0.0,0.09
28.5,76.75,Jhajjar,Haryana,0.98,0.05,0.08,0.07,3.74,0.5,12.13,3.66,8.34,0.81,0.0,0.11
28.5,77.0,Gurgaon,Haryana,1.74,0.13,0.12,0.12,4.26,1.26,15.32,5.8,12.5,3.01,0.0,0.3
28.5,77.25,South East Delhi,Unknown,0.63,0.02,0.2,0.04,2.42,0.62,3.77,5.33,6.88,1.64,0.0,0.05
28.5,77.5,Gautam Buddha Nagar,Uttar Pradesh,1.02,0.08,0.01,0.0,1.62,0.87,3.15,2.79,7.45,2.59,0.0,0.01
28.5,77.75,Sikandrabad,Uttar Pradesh,0.8,0.07,0.02,0.02,2.14,1.1,2.46,2.85,5.74,3.48,0.0,0.0
28.5,78.0,Syana,Uttar Pradesh,0.96,0.06,0.01,0.01,2.48,1.92,4.09,4.24,4.96,3.6,0.0,0.0
28.5,78.25,Anupshahr,Uttar Pradesh,1.1,0.19,0.0,0.02,3.16,3.99,6.18,4.42,7.21,5.91,0.0,0.0
28.5,78.5,Sambhal,Uttar Pradesh,1.0,0.18,0.0,0.0,3.25,5.14,5.68,3.28,7.52,5.77,0.0,0.0
28.5,78.75,Unknown,Uttar Pradesh,0.35,0.14,0.0,0.0,1.67,2.9,2.22,1.78,1.74,1.8,0.0,0.0
28.5,79.0,Shahabad,Uttar Pradesh,0.28,0.16,0.0,0.03,1.76,3.49,4.65,3.53,2.37,3.49,0.0,0.02
28.5,79.25,Meerganj,Uttar Pradesh,0.3,0.12,0.01,0.14,3.63,7.43,10.24,8.22,4.92,10.67,0.0,0.08
28.5,79.5,Nawabganj,Uttar Pradesh,0.38,0.2,0.0,0.55,2.97,4.39,10.95,5.1,1.87,9.43,0.0,0.03
28.5,79.75,Nawabganj,Uttar Pradesh,0.13,0.06,0.0,0.15,2.19,4.74,9.32,3.62,1.8,6.14,0.0,0.01
28.5,80.0,Puranpur,Uttar Pradesh,0.05,0.01,0.0,0.01,2.08,6.24,11.29,2.58,2.2,6.92,0.0,0.0
28.5,80.25,Puranpur,Uttar Pradesh,0.14,0.19,0.0,0.05,4.69,10.63,9.84,10.52,2.73,7.77,0.0,0.05
28.5,80.5,Palia,Uttar Pradesh,0.14,0.22,0.0,0.03,4.32,10.94,8.23,10.95,2.98,7.26,0.0,0.08
28.5,80.75,Palia,Uttar Pradesh,0.1,0.05,0.0,0.25,4.54,11.56,7.61,11.74,4.4,5.62,0.0,0.27
28.5,81.0,Kailali,Sudurpashchim Province,0.05,0.0,0.0,0.33,5.9,14.91,11.93,16.01,5.72,6.07,0.0,0.31
28.5,81.25,Bardiya,Lumbini Province,0.03,0.0,0.0,0.32,5.98,14.43,13.28,17.01,5.79,5.26,0.0,0.33
28.5,93.0,Lhuntse County,Tibet,0.06,0.98,4.08,4.26,8.66,7.29,6.98,9.33,4.44,3.12,0.66,0.17
28.5,93.25,Taksing Circle,Arunachal Pradesh,0.09,1.0,4.18,4.47,8.63,7.37,7.03,9.2,4.45,3.14,0.65,0.17
28.5,93.5,Limeking Circle,Arunachal Pradesh,0.22,1.07,4.55,5.08,8.74,7.76,7.38,9.25,4.75,3.3,0.68,0.19
28.5,93.75,Nacho SDO,Arunachal Pradesh,0.47,1.14,5.02,6.13,8.95,8.39,7.81,9.56,5.14,3.55,0.7,0.24
28.5,94.0,Siyum ADC,Arunachal Pradesh,1.0,1.01,5.86,10.43,9.69,11.19,8.93,14.19,6.26,4.14,0.69,0.53
28.5,94.25,Mechuka ADC,Arunachal Pradesh,1.25,0.6,5.91,15.6,10.82,15.57,9.5,22.79,7.39,5.07,0.47,0.97
28.5,94.5,Tato EAC,Arunachal Pradesh,0.99,0.44,4.74,15.64,9.02,9.36,6.77,21.61,7.21,3.3,0.47,0.89
28.5,94.75,Boleng ADC,Arunachal Pradesh,0.87,0.39,4.04,13.31,8.54,9.36,6.17,21.68,6.51,3.52,0.41,0.73
28.5,95.0,Riga EAC,Arunachal Pradesh,0.82,0.32,3.63,9.9,8.97,13.59,6.81,24.9,5.41,4.83,0.37,0.71
28.5,95.25,Mariyang ADC,Arunachal Pradesh,1.27,0.58,4.74,8.04,11.28,17.12,7.59,23.83,4.15,5.67,0.54,0.73
28.5,95.5,Dambuk ADC,Arunachal Pradesh,1.37,0.7,5.35,9.46,12.08,14.31,6.34,18.88,4.31,5.4,0.5,0.75
28.5,95.75,Anelih,Arunachal Pradesh,1.32,0.7,5.11,8.98,11.66,14.04,6.69,18.82,4.19,4.91,0.55,0.78
28.5,96.0,Kronli (Arzoo circle),Arunachal Pradesh,1.13,0.69,4.79,8.18,11.47,12.39,6.74,17.11,3.72,4.31,0.53,0.77
28.5,96.25,Desali Circle,Arunachal Pradesh,0.63,0.7,3.94,6.28,10.97,6.91,6.2,10.53,2.5,2.67,0.42,0.72
28.5,96.5,Lohit District,Arunachal Pradesh,0.44,0.71,3.6,5.52,10.79,4.69,5.95,7.95,2.02,2.0,0.37,0.7
28.5,96.75,Chaglagam Circle,Arunachal Pradesh,0.39,0.71,3.51,5.3,10.75,4.15,5.91,7.39,1.9,1.84,0.37,0.66
28.5,97.0,Unknown,Tibet,0.39,0.59,3.51,5.3,10.75,4.15,5.92,7.39,1.9,1.84,0.37,0.14
28.75,72.25,Bahawalpur District,Punjab,0.02,0.0,0.16,0.43,0.46,0.77,1.28,0.29,2.36,1.19,0.0,0.0
28.75,72.5,Khajuwala Tehsil,Rajasthan,0.0,0.0,0.16,0.46,0.45,0.7,1.34,0.29,2.42,1.25,0.0,0.0
28.75,72.75,Khajuwala Tehsil,Rajasthan,0.04,0.0,0.13,0.34,0.49,0.91,1.13,0.34,2.36,0.98,0.0,0.0
28.75,73.0,Rawla Mandi Tehsil,Rajasthan,0.01,0.0,0.02,0.11,0.56,1.14,0.94,0.58,2.9,0.25,0.0,0.0
28.75,73.25,Chhatargarh Tehsil,Rajasthan,0.07,0.0,0.07,0.29,0.51,1.77,1.0,0.94,3.29,0.72,0.0,0.02
28.75,73.5,Lunkaransar Tehsil,Rajasthan,0.01,0.0,0.02,0.34,0.83,2.8,1.14,1.58,4.74,0.66,0.0,0.02
28.75,73.75,Lunkaransar Tehsil,Rajasthan,0.01,0.0,0.03,0.33,0.87,2.96,1.17,1.59,4.68,0.73,0.0,0.02
28.75,74.0,Lunkaransar Tehsil,Rajasthan,0.12,0.0,0.11,0.24,0.71,2.06,2.35,1.1,4.78,0.49,0.0,0.0
28.75,74.25,Bhanipura Tehsil,Rajasthan,0.21,0.0,0.16,0.31,0.45,1.45,3.8,0.8,4.75,0.57,0.0,0.07
28.75,74.5,Bhanipura Tehsil,Rajasthan,0.28,0.0,0.17,0.23,0.56,1.66,4.47,0.84,4.98,0.45,0.0,0.09
28.75,74.75,Taranagar Tehsil,Rajasthan,0.38,0.0,0.16,0.1,1.02,2.21,4.6,0.82,5.09,0.23,0.0,0.04
28.75,75.0,Taranagar Tehsil,Rajasthan,0.57,0.0,0.17,0.07,0.87,2.44,5.58,0.89,5.52,0.12,0.0,0.0
28.75,75.25,Rajgarh Tehsil,Rajasthan,1.17,0.0,0.12,0.2,0.35,2.34,9.79,1.04,6.38,0.09,0.0,0.0
28.75,75.5,Rajgarh Tehsil,Rajasthan,0.91,0.0,0.26,0.13,0.38,0.96,5.79,0.46,4.78,0.13,0.0,0.02
28.75,75.75,Tosham,Haryana,0.6,0.0,0.14,0.06,0.79,0.55,2.28,0.27,3.0,0.21,0.0,0.04
28.75,76.0,Bhiwani,Haryana,0.84,0.0,0.05,0.13,1.73,1.43,5.03,0.33,7.86,0.95,0.0,0.0
28.75,76.25,Bhiwani,Haryana,0.96,0.11,0.12,0.15,1.88,1.13,8.02,1.91,8.92,0.73,0.0,0.1
28.75,76.5,Kalanaur,Haryana,1.18,0.01,0.65,0.14,2.67,1.03,9.09,3.92,6.9,0.74,0.0,0.11
28.75,76.75,Bahadurgarh,Haryana,1.27,0.1,0.02,0.16,4.75,2.03,13.02,3.56,9.74,1.12,0.0,0.12
28.75,77.0,North West Delhi,Unknown,1.64,0.08,0.03,0.09,4.95,1.0,12.72,7.27,8.49,3.16,0.0,0.17
28.75,77.25,North East Delhi,Unknown,0.86,0.04,0.02,0.04,2.31,0.53,7.32,6.98,6.71,1.9,0.0,0.08
28.75,77.5,Modinagar,Uttar Pradesh,0.61,0.06,0.01,0.01,2.33,1.86,4.63,3.35,5.9,2.0,0.0,0.04
28.75,77.75,Meerut,Uttar Pradesh,0.89,0.07,0.01,0.07,2.62,2.48,6.58,5.06,6.86,3.97,0.0,0.06
28.75,78.0,Garhmukteshwar,Uttar Pradesh,0.9,0.06,0.0,0.0,1.89,3.0,4.26,5.16,5.09,4.13,0.0,0.0
28.75,78.25,Hasanpur,Uttar Pradesh,1.0,0.14,0.0,0.01,1.78,3.2,4.89,4.73,5.92,4.98,0.0,0.0
28.75,78.5,Sambhal,Uttar Pradesh,1.16,0.14,0.0,0.13,2.86,5.58,7.65,5.09,5.4,4.74,0.0,0.0
28.75,78.75,Bilari,Uttar Pradesh,1.34,0.09,0.0,0.03,2.23,6.49,6.34,1.94,2.13,5.03,0.0,0.0
28.75,79.0,Unknown,Uttar Pradesh,0.89,0.15,0.02,0.0,2.38,5.03,6.14,1.49,1.27,5.16,0.0,0.02
28.75,79.25,Milak,Uttar Pradesh,0.87,0.18,0.21,0.09,7.78,6.89,19.36,6.82,2.98,19.08,0.0,0.2
28.75,79.5,Baheri,Uttar Pradesh,0.63,0.19,0.09,0.35,5.37,5.56,14.61,6.25,2.37,14.86,0.0,0.11
28.75,79.75,Pilibhit,Uttar Pradesh,0.25,0.09,0.01,0.36,8.35,11.74,17.17,12.27,2.04,10.76,0.0,0.03
28.75,80.0,Khatīma,Uttarakhand,0.24,0.1,0.0,0.45,10.96,14.83,18.95,16.76,1.94,11.24,0.0,0.03
28.75,80.25,Puranpur,Uttar Pradesh,0.16,0.14,0.0,0.16,6.17,11.3,12.73,11.31,2.54,8.65,0.0,0.04
28.75,80.5,Kanchanpur District,Sudurpashchim Province,0.18,0.15,0.0,0.13,5.42,11.87,10.61,11.72,3.56,7.89,0.0,0.09
28.75,80.75,Kailali,Sudurpashchim Province,0.11,0.1,0.0,0.18,4.49,11.43,7.86,11.21,3.88,6.13,0.0,0.2
28.75,93.25,Nang County,Tibet,0.0,0.0,0.0,0.0,0.0,0.0,0.0,0.0,0.0,0.0,0.0,0.0
28.75,93.5,Nang County,Tibet,0.48,1.1,4.98,6.66,9.05,8.76,7.79,10.08,5.16,3.58,0.69,0.26
28.75,93.75,Unknown,Tibet,0.98,1.02,5.82,10.33,10.26,11.67,8.65,14.72,6.08,4.53,0.65,0.5
28.75,94.0,Mechuka ADC,Arunachal Pradesh,1.28,0.74,6.91,15.27,12.02,17.59,10.38,22.84,7.51,5.87,0.57,0.93
28.75,94.25,Monigong EAC,Arunachal Pradesh,1.44,0.59,7.37,18.13,13.23,21.19,11.1,27.68,8.23,6.85,0.47,1.15
28.75,94.5,Payum Circle,Arunachal Pradesh,1.26,0.47,6.42,18.01,11.75,16.48,9.33,27.37,7.87,5.32,0.49,1.16
28.75,94.75,Migging Circle,Arunachal Pradesh,1.05,0.42,5.32,16.69,10.07,11.95,7.61,24.63,7.5,4.0,0.48,1.02
28.75,95.0,Yingkiong Circle,Arunachal Pradesh,1.19,0.63,5.22,13.5,10.15,8.18,5.54,15.17,6.24,3.82,0.44,0.84
28.75,95.25,Singa Circle,Arunachal Pradesh,1.48,0.85,6.02,11.58,12.5,10.32,4.91,12.82,4.9,5.02,0.45,0.74
28.75,95.5,Etalin Circle,Arunachal Pradesh,1.58,0.93,6.38,11.97,12.91,8.8,4.23,9.42,4.86,4.99,0.42,0.73
28.75,95.75,Etalin Circle,Arunachal Pradesh,1.52,0.87,6.09,11.25,12.67,10.44,4.92,12.22,4.7,5.09,0.45,0.76
28.75,96.0,Anini Circle,Arunachal Pradesh,1.43,0.84,5.81,10.59,12.37,10.59,5.31,12.92,4.48,4.82,0.47,0.77
28.75,96.25,Etalin Circle,Arunachal Pradesh,1.18,0.84,5.33,9.49,12.07,8.38,5.22,10.52,3.87,4.05,0.43,0.77
28.75,96.5,Etalin Circle,Arunachal Pradesh,0.0,0.0,0.0,0.0,0.0,0.0,0.0,0.0,0.0,0.0,0.0,0.0
29.0,72.25,Bahawalpur District,Punjab,0.04,0.0,0.16,0.4,0.46,0.84,1.19,0.27,2.22,1.19,0.0,0.0
29.0,72.5,Bahawalnagar District,Punjab,0.05,0.0,0.16,0.38,0.46,0.89,1.14,0.28,2.17,1.18,0.0,0.0
29.0,72.75,Bahawalnagar District,Punjab,0.17,0.0,0.18,0.28,0.5,1.18,0.83,0.19,1.58,1.01,0.0,0.0
29.0,73.0,Gharsana Tehsil,Rajasthan,0.32,0.0,0.21,0.26,0.56,1.4,0.64,0.0,0.82,0.85,0.0,0.0
29.0,73.25,Anupgarh Tehsil,Rajasthan,0.14,0.0,0.24,0.2,0.46,1.56,0.59,0.06,1.63,1.47,0.0,0.0
29.0,73.5,Chhatargarh Tehsil,Rajasthan,0.05,0.0,0.22,0.2,0.55,2.17,0.76,0.05,2.95,1.86,0.0,0.01
29.0,73.75,Lunkaransar Tehsil,Rajasthan,0.03,0.0,0.16,0.27,0.53,2.26,1.58,0.16,3.46,2.38,0.0,0.01
29.0,74.0,Suratgarh Tehsil,Rajasthan,0.03,0.0,0.12,0.45,0.45,1.6,2.21,0.04,2.7,1.97,0.0,0.01
29.0,74.25,Pallu Tehsil,Rajasthan,0.1,0.0,0.08,0.54,0.49,1.4,3.43,0.17,2.43,1.41,0.0,0.09
29.0,74.5,Nohar Tehsil,Rajasthan,0.15,0.0,0.08,0.59,0.34,1.38,4.15,0.34,2.21,1.14,0.0,0.2
29.0,74.75,Nohar Tehsil,Rajasthan,0.32,0.0,0.14,0.39,0.57,1.81,5.34,0.51,3.62,0.87,0.0,0.17
29.0,75.0,Bhadra Tehsil,Rajasthan,0.6,0.0,0.22,0.24,1.05,2.25,7.59,0.38,6.6,0.95,0.0,0.02
29.0,75.25,Bhadra Tehsil,Rajasthan,0.61,0.0,0.31,0.2,0.59,2.21,7.21,0.18,8.97,1.29,0.0,0.0
29.0,75.5,Bhadra Tehsil,Rajasthan,0.72,0.05,0.32,0.12,0.49,0.59,4.97,0.19,4.77,0.19,0.01,0.01
29.0,75.75,Hisar,Haryana,0.4,0.07,0.12,0.03,0.39,1.24,5.36,0.4,5.24,0.02,0.01,0.04
29.0,76.0,Bawani Khera,Haryana,0.57,0.1,0.03,0.12,0.99,0.73,4.0,0.63,5.03,0.32,0.0,0.02
29.0,76.25,Maham,Haryana,0.89,0.31,0.04,0.11,1.69,1.12,7.54,1.44,7.69,0.35,0.0,0.08
29.0,76.5,Lakhan Majra,Haryana,1.35,0.12,0.0,0.15,1.93,1.88,10.44,4.61,11.39,0.5,0.0,0.16
29.0,76.75,Gohana,Haryana,1.23,0.17,0.03,0.19,3.0,1.8,9.28,5.5,9.66,0.97,0.0,0.07
29.0,77.0,Sonipat,Haryana,0.88,0.07,0.0,0.1,2.79,1.29,8.49,5.42,9.45,1.45,0.0,0.1
29.0,77.25,Baghpat,Uttar Pradesh,0.73,0.08,0.0,0.07,3.19,1.48,8.64,4.81,8.89,2.06,0.0,0.08
29.0,77.5,Meerut,Uttar Pradesh,0.97,0.14,0.02,0.04,3.65,3.99,9.22,5.03,8.67,3.1,0.0,0.07
29.0,77.75,Meerut,Uttar Pradesh,0.9,0.04,0.0,0.13,2.13,1.94,7.73,5.57,6.09,4.32,0.0,0.11
29.0,78.0,Mawana,Uttar Pradesh,0.92,0.09,0.0,0.07,1.74,2.24,6.03,6.18,5.6,4.72,0.0,0.05
29.0,78.25,Dhanaura,Uttar Pradesh,1.04,0.21,0.0,0.01,1.46,2.87,5.95,4.76,5.92,5.38,0.0,0.01
29.0,78.5,Amroha,Uttar Pradesh,1.19,0.17,0.0,0.26,2.55,4.48,8.14,5.73,4.45,4.59,0.0,0.01
29.0,78.75,Thakurdwara,Uttar Pradesh,0.89,0.19,0.0,0.2,3.54,4.89,7.59,3.31,1.53,4.84,0.0,0.01
29.0,79.0,Tanda,Uttar Pradesh,0.81,0.19,0.0,0.02,3.27,4.82,6.31,2.07,0.61,7.13,0.0,0.02
29.0,79.25,Gadarpur,Uttarakhand,0.65,0.17,0.01,0.1,5.37,4.55,7.38,8.6,2.45,15.94,0.0,0.13
29.0,79.5,Kichha,Uttarakhand,0.83,0.32,0.07,0.08,7.4,8.29,13.61,15.42,4.63,17.43,0.0,0.13
29.0,79.75,Sitarganj,Uttarakhand,0.4,0.17,0.01,0.47,9.74,13.17,15.33,12.13,2.41,13.92,0.0,0.1
29.0,80.0,Khatīma,Uttarakhand,0.31,0.15,0.02,0.53,9.81,13.86,16.93,12.92,2.35,12.07,0.0,0.08
29.0,94.0,Unknown,Tibet,1.4,0.66,7.32,17.48,12.98,20.2,10.91,26.49,8.06,6.58,0.52,1.09
29.0,94.25,Unknown,Tibet,1.5,0.61,7.85,18.75,14.06,23.48,11.88,29.02,8.5,7.51,0.47,1.2
29.0,94.5,Tuting ADC,Arunachal Pradesh,1.51,0.61,7.89,18.79,14.15,23.74,11.95,29.15,8.53,7.6,0.47,1.21
29.0,94.75,Tuting ADC,Arunachal Pradesh,1.3,0.53,6.48,17.29,11.91,16.04,9.0,25.12,7.67,5.42,0.47,1.11
29.0,95.0,Tuting ADC,Arunachal Pradesh,1.4,0.75,6.23,14.23,12.07,11.13,6.13,15.59,6.24,4.92,0.44,0.88
29.0,95.25,Etalin Circle,Arunachal Pradesh,1.53,0.89,6.25,12.18,12.65,9.37,4.65,11.11,5.06,4.91,0.44,0.75
29.0,95.5,Etalin Circle,Arunachal Pradesh,1.57,0.93,6.35,11.97,12.88,8.84,4.27,9.58,4.87,4.98,0.43,0.73
29.0,95.75,Mipi Circle,Arunachal Pradesh,1.56,0.92,6.29,11.75,12.81,9.35,4.49,10.37,4.82,5.01,0.44,0.75
29.0,96.0,Anini Circle,Arunachal Pradesh,1.55,0.92,6.25,11.64,12.78,9.28,4.52,10.31,4.77,4.95,0.44,0.76
29.0,96.25,Etalin Circle,Arunachal Pradesh,1.5,0.92,6.19,11.52,12.77,8.49,4.36,9.26,4.66,4.77,0.42,0.76
29.0,96.5,Unknown,Tibet,0.0,0.0,0.0,0.0,0.0,0.0,0.0,0.0,0.0,0.0,0.0,0.0
29.25,72.75,Bahawalnagar District,Punjab,0.13,0.0,0.24,0.22,0.35,1.27,0.69,0.08,1.29,1.42,0.0,0.0
29.25,73.0,Bahawalnagar District,Punjab,0.12,0.0,0.28,0.2,0.35,1.44,0.42,0.1,1.22,1.93,0.0,0.0
29.25,73.25,Anupgarh Tehsil,Rajasthan,0.0,0.0,0.16,0.15,0.26,1.13,1.16,0.0,1.98,0.62,0.0,0.0
29.25,73.5,Vijayanagar Tehsil,Rajasthan,0.07,0.0,0.21,0.21,0.74,2.55,0.74,0.04,3.51,1.96,0.0,0.01
29.25,73.75,Suratgarh Tehsil,Rajasthan,0.01,0.0,0.17,0.27,0.21,1.88,1.75,0.0,2.81,2.36,0.0,0.02
29.25,74.0,Suratgarh Tehsil,Rajasthan,0.02,0.0,0.11,0.44,0.44,1.62,2.49,0.03,2.91,2.45,0.0,0.01
29.25,74.25,Rawatsar Tehsil,Rajasthan,0.07,0.0,0.06,0.65,0.76,1.14,2.32,0.08,2.35,1.14,0.0,0.0
29.25,74.5,Rawatsar Tehsil,Rajasthan,0.15,0.0,0.08,0.59,0.34,1.38,4.15,0.35,2.21,1.13,0.0,0.21
29.25,74.75,Nohar Tehsil,Rajasthan,0.23,0.0,0.09,0.52,0.27,1.71,4.8,0.5,2.39,1.0,0.0,0.22
29.25,75.0,Nohar Tehsil,Rajasthan,0.61,0.0,0.19,0.26,0.99,2.67,6.97,0.51,5.98,0.82,0.0,0.01
29.25,75.25,Bhadra Tehsil,Rajasthan,0.23,0.0,0.37,0.24,0.4,3.91,8.12,0.1,14.33,2.68,0.0,0.01
29.25,75.5,Adampur,Haryana,0.38,0.21,0.31,0.17,0.61,2.52,8.5,0.78,8.17,0.92,0.03,0.05
29.25,75.75,Hisar,Haryana,0.43,0.15,0.14,0.04,0.51,1.6,8.2,0.67,6.16,0.06,0.02,0.04
29.25,76.0,Hansi,Haryana,0.46,0.07,0.0,0.03,0.72,1.34,8.77,0.55,6.18,0.08,0.0,0.03
29.25,76.25,Jind,Haryana,0.68,0.24,0.0,0.12,1.19,2.03,8.42,0.57,5.89,0.04,0.0,0.01
29.25,76.5,Phillukhera,Haryana,1.33,0.23,0.0,0.1,1.48,1.93,11.01,3.97,9.81,0.17,0.0,0.04
29.25,76.75,Gohana,Haryana,1.7,0.53,0.0,0.03,0.93,1.77,9.18,5.23,8.91,0.56,0.0,0.01
29.25,77.0,Samalkha,Haryana,1.12,0.16,0.0,0.07,1.21,2.28,5.85,3.71,6.43,1.17,0.0,0.01
29.25,77.25,Baraut,Uttar Pradesh,0.91,0.22,0.0,0.02,2.78,2.08,10.89,4.21,7.62,2.8,0.0,0.0
29.25,77.5,Budhana,Uttar Pradesh,0.86,0.19,0.0,0.07,2.54,2.09,9.05,3.59,5.88,2.66,0.0,0.04
29.25,77.75,Khatauli,Uttar Pradesh,0.88,0.08,0.0,0.11,2.42,2.41,8.97,6.8,5.46,4.29,0.0,0.11
29.25,78.0,Mawana,Uttar Pradesh,0.8,0.15,0.0,0.05,3.05,3.42,10.17,8.66,5.51,4.2,0.0,0.07
29.25,78.25,Bijnor,Uttar Pradesh,0.83,0.22,0.0,0.0,2.27,6.62,15.75,6.99,6.07,5.14,0.0,0.07
29.25,78.5,Dhampur,Uttar Pradesh,0.85,0.2,0.0,0.39,3.48,5.6,11.63,7.03,5.16,5.19,0.0,0.07
29.25,78.75,Thakurdwara,Uttar Pradesh,0.61,0.29,0.0,0.83,5.19,3.9,7.37,8.25,4.67,6.69,0.0,0.03
29.25,79.0,Kashipur,Uttarakhand,0.49,0.19,0.0,0.44,3.69,3.84,6.52,5.67,3.36,5.65,0.0,0.1
29.25,79.25,Kaladhungi,Uttarakhand,1.18,0.65,0.09,0.61,10.54,14.79,21.91,27.03,8.77,17.61,0.0,0.18
29.25,79.5,Nainital,Uttarakhand,1.19,0.58,0.13,1.2,9.49,13.29,17.08,18.97,6.11,17.03,0.0,0.26
29.25,79.75,Dhari,Uttarakhand,0.69,0.35,0.1,1.06,7.87,12.55,10.59,3.51,3.48,15.93,0.0,0.29
29.25,80.0,Purnagiri,Uttarakhand,0.63,0.35,0.12,1.06,8.06,12.67,10.87,3.94,3.93,14.86,0.0,0.32
29.25,80.25,Champawat,Uttarakhand,0.7,0.4,0.18,1.32,9.23,13.3,12.61,7.26,4.0,13.32,0.0,0.39
29.25,94.0,Unknown,Tibet,1.46,0.62,7.65,18.44,13.66,22.17,11.47,28.31,8.35,7.12,0.49,1.16
29.25,94.25,Unknown,Tibet,1.45,0.58,7.57,18.69,13.61,22.04,11.37,28.81,8.39,7.05,0.48,1.2
29.25,94.5,Unknown,Tibet,1.43,0.57,7.42,18.53,13.38,21.18,11.0,28.4,8.28,6.82,0.48,1.19
29.25,94.75,Mêdog County,Tibet,1.38,0.57,6.89,17.59,12.62,17.73,9.54,25.7,7.77,5.97,0.48,1.13
29.25,95.0,Mêdog County,Tibet,1.46,0.77,6.47,14.39,12.52,11.82,6.26,15.79,6.21,5.18,0.44,0.89
29.25,95.25,Mêdog County,Tibet,1.53,0.89,6.42,12.81,12.8,9.69,4.86,11.35,5.35,5.03,0.43,0.77
29.25,95.5,Mêdog County,Tibet,1.57,0.92,6.37,12.06,12.86,8.84,4.3,9.64,4.9,4.96,0.42,0.74
29.25,95.75,Mipi Circle,Arunachal Pradesh,1.58,0.94,6.39,11.98,12.91,8.75,4.23,9.33,4.86,4.98,0.43,0.75
29.25,96.0,Mipi Circle,Arunachal Pradesh,1.59,0.94,6.41,12.03,12.94,8.61,4.17,9.07,4.86,4.98,0.42,0.75
29.25,96.25,Unknown,Tibet,0.0,0.0,0.0,0.0,0.0,0.0,0.0,0.0,0.0,0.0,0.0,0.0
29.25,96.5,Unknown,Tibet,0.0,0.0,0.0,0.0,0.0,0.0,0.0,0.0,0.0,0.0,0.0,0.0
29.5,73.0,Bahawalnagar District,Punjab,0.03,0.0,0.23,0.18,0.27,1.42,1.25,0.08,1.56,2.27,0.0,0.0
29.5,73.25,Raisinghnagar Tehsil,Rajasthan,0.02,0.0,0.16,0.19,0.23,1.21,2.49,0.02,1.27,2.45,0.0,0.0
29.5,73.5,Raisinghnagar Tehsil,Rajasthan,0.07,0.0,0.23,0.17,0.79,1.37,2.4,0.1,1.39,2.04,0.0,0.0
29.5,73.75,Padampur Tehsil,Rajasthan,0.02,0.0,0.15,0.3,0.37,1.69,2.52,0.02,2.83,2.9,0.0,0.01
29.5,74.0,Pilibanga Tehsil,Rajasthan,0.0,0.0,0.1,0.39,0.34,1.78,3.15,0.0,3.46,3.65,0.0,0.0
29.5,74.25,Hanumangarh Tehsil,Rajasthan,0.07,0.0,0.15,0.27,0.44,2.41,2.31,0.08,2.73,1.11,0.0,0.02
29.5,74.5,Tibi Tehsil,Rajasthan,0.2,0.0,0.01,0.55,0.38,1.72,1.6,0.67,2.94,0.41,0.0,0.0
29.5,74.75,Ellenabad,Haryana,0.26,0.0,0.01,0.28,0.09,2.72,2.31,0.9,2.04,0.09,0.0,0.0
29.5,75.0,Sirsa,Haryana,0.47,0.0,0.07,0.48,0.65,5.45,2.53,1.37,3.21,0.34,0.0,0.08
29.5,75.25,Nathusari Chopta,Haryana,0.19,0.0,0.09,0.31,0.37,3.12,9.28,0.54,7.89,0.35,0.0,0.06
29.5,75.5,Fatehabad,Haryana,0.18,0.0,0.14,0.21,0.34,3.0,7.45,0.53,8.87,0.84,0.0,0.05
29.5,75.75,Bhuna,Haryana,0.56,0.1,0.06,0.06,0.35,1.51,10.96,1.95,3.87,0.22,0.0,0.08
29.5,76.0,Narwana,Haryana,0.76,0.05,0.02,0.0,0.4,0.76,11.07,0.86,3.75,0.16,0.0,0.07
29.5,76.25,Uchana,Haryana,0.64,0.28,0.01,0.02,0.96,1.2,13.41,2.68,4.8,0.08,0.0,0.0
29.5,76.5,Alewa,Haryana,0.81,0.41,0.02,0.0,1.45,1.17,15.59,3.7,3.33,0.08,0.0,0.0
29.5,76.75,Assandh,Haryana,1.13,0.52,0.03,0.03,0.92,1.6,12.25,4.31,7.53,0.98,0.0,0.03
29.5,77.0,Gharaunda,Haryana,0.76,0.26,0.02,0.06,0.97,1.96,6.73,2.64,5.26,1.3,0.0,0.01
29.5,77.25,Shamli,Uttar Pradesh,0.71,0.17,0.0,0.03,1.96,2.08,8.44,3.98,5.74,2.02,0.0,0.02
29.5,77.5,Muzaffarnagar,Uttar Pradesh,0.86,0.21,0.0,0.1,2.62,2.58,12.81,5.26,4.03,2.75,0.0,0.14
29.5,77.75,Muzaffarnagar,Uttar Pradesh,0.75,0.17,0.0,0.05,2.68,3.38,10.61,6.66,4.95,2.73,0.0,0.08
29.5,78.0,Bijnor,Uttar Pradesh,0.73,0.24,0.0,0.07,3.38,3.51,10.85,8.0,5.39,4.11,0.0,0.04
29.5,78.25,Najibabad,Uttar Pradesh,0.32,0.27,0.0,0.04,2.29,4.89,14.68,4.29,5.04,3.92,0.0,0.01
29.5,78.5,Nagina,Uttar Pradesh,0.64,0.24,0.0,0.13,2.46,6.67,14.64,8.17,5.52,4.94,0.0,0.05
29.5,78.75,Kotdwara,Uttarakhand,0.57,0.11,0.0,0.51,3.45,3.57,6.52,5.66,3.63,4.03,0.0,0.1
29.5,79.0,Ramnagar,Uttarakhand,0.45,0.14,0.02,0.51,3.25,4.18,6.56,5.29,3.91,5.11,0.0,0.18
29.5,79.25,Nainital,Uttarakhand,1.01,0.65,0.16,1.79,8.25,10.94,12.81,10.9,7.14,14.35,0.0,0.3
29.5,79.5,Ranikhet,Uttarakhand,1.28,0.61,0.21,2.33,7.58,11.19,8.95,5.62,2.31,14.8,0.0,0.4
29.5,79.75,Lamgara Tehsil,Uttarakhand,0.74,0.43,0.24,1.87,7.63,11.57,9.27,3.91,4.32,11.99,0.0,0.49
29.5,80.0,Bhanoli,Uttarakhand,1.05,0.65,0.35,2.01,8.63,12.37,9.85,3.92,5.52,12.96,0.0,0.71
29.5,80.25,Pithoragarh Tehsil,Uttarakhand,0.86,0.55,0.3,2.04,7.7,12.3,13.62,13.59,8.49,12.07,0.0,0.99
29.5,94.5,Bayi District,Tibet,1.46,0.58,7.6,18.73,13.67,22.0,11.29,28.83,8.37,7.05,0.48,1.2
29.5,95.5,Mêdog County,Tibet,1.59,0.94,6.43,12.15,12.95,8.54,4.15,8.99,4.91,4.97,0.42,0.69
29.5,95.75,Mêdog County,Tibet,1.59,0.95,6.44,12.1,12.97,8.46,4.11,8.8,4.88,4.97,0.42,0.75
29.5,96.0,Mêdog County,Tibet,1.59,0.95,6.44,12.1,12.97,8.45,4.1,8.8,4.88,4.97,0.42,0.75
29.5,96.25,Bomê County,Tibet,0.0,0.0,0.0,0.0,0.0,0.0,0.0,0.0,0.0,0.0,0.0,0.0
29.75,73.0,Bahawalnagar District,Punjab,0.14,0.0,0.18,0.2,0.57,1.56,1.83,0.11,1.37,1.17,0.0,0.0
29.75,73.25,Bahawalnagar District,Punjab,0.2,0.0,0.16,0.23,0.55,1.87,1.45,0.14,1.48,0.71,0.0,0.0
29.75,73.5,Karanpur Tehsil,Rajasthan,0.16,0.0,0.28,0.14,1.39,1.5,2.17,0.2,1.34,1.2,0.0,0.0
29.75,73.75,Padampur Tehsil,Rajasthan,0.22,0.0,0.23,0.3,1.13,1.93,1.29,0.08,2.62,1.54,0.0,0.0
29.75,74.0,Sadulshahar Tehsil,Rajasthan,0.08,0.0,0.16,0.33,0.34,1.24,0.87,0.01,2.31,1.09,0.0,0.01
29.75,74.25,Hanumangarh Tehsil,Rajasthan,0.02,0.0,0.14,0.18,0.18,2.58,3.11,0.01,2.56,0.75,0.0,0.05
29.75,74.5,Dabwali,Haryana,0.06,0.0,0.11,0.31,0.12,2.52,3.42,0.45,3.31,0.39,0.0,0.03
29.75,74.75,Dabwali,Haryana,0.19,0.0,0.06,0.42,0.07,1.98,2.53,1.16,3.39,0.27,0.0,0.0
29.75,75.0,Goriwala,Haryana,0.35,0.0,0.06,0.42,0.36,3.51,2.15,1.3,2.71,0.43,0.0,0.03
29.75,75.25,Sardulgarh Tehsil,Punjab,0.16,0.0,0.09,0.23,0.44,2.22,4.61,0.68,3.99,0.35,0.0,0.04
29.75,75.5,Ratia,Haryana,0.21,0.01,0.04,0.08,0.37,2.55,5.16,0.84,5.73,0.15,0.0,0.06
29.75,75.75,Jakhal,Haryana,0.37,0.08,0.07,0.11,0.3,1.51,10.99,2.96,3.48,0.42,0.0,0.07
29.75,76.0,Moonak Tahsil,Punjab,0.73,0.31,0.1,0.1,0.52,1.37,13.79,2.43,3.62,0.46,0.0,0.09
29.75,76.25,Kalayat,Haryana,0.77,0.75,0.12,0.05,1.22,0.6,14.08,2.02,4.06,0.43,0.0,0.06
29.75,76.5,Kaithal,Haryana,0.79,0.5,0.12,0.07,1.38,2.68,11.86,2.77,4.28,0.7,0.0,0.06
29.75,76.75,Nissang,Haryana,1.12,0.51,0.12,0.05,0.94,3.02,15.02,2.9,6.33,1.88,0.0,0.02
29.75,77.0,Karnal,Haryana,0.98,0.6,0.07,0.04,0.74,2.47,14.03,3.48,5.6,1.51,0.0,0.0
29.75,77.25,Nakur,Uttar Pradesh,0.48,0.38,0.0,0.01,1.26,1.88,11.25,7.14,6.86,0.99,0.0,0.01
29.75,77.5,Rampur Maniharan,Uttar Pradesh,0.18,0.16,0.0,0.0,1.93,1.66,12.86,10.65,7.86,1.2,0.0,0.0
29.75,77.75,Deoband,Uttar Pradesh,0.64,0.29,0.0,0.07,2.54,3.2,6.91,3.56,4.38,1.47,0.0,0.02
29.75,78.0,Laksar,Uttarakhand,0.76,0.21,0.02,0.45,3.75,6.61,9.76,6.43,4.6,2.72,0.0,0.17
29.75,78.25,Hardwar,Uttarakhand,0.82,0.36,0.0,0.43,3.93,5.79,14.83,14.0,5.35,5.57,0.0,0.04
29.75,78.5,Kotdwara,Uttarakhand,0.35,0.19,0.0,0.46,2.63,6.42,8.3,8.58,4.01,5.02,0.0,0.02
29.75,78.75,Lansdowne,Uttarakhand,0.4,0.23,0.02,0.5,2.93,5.62,8.95,8.51,3.99,4.47,0.0,0.08
29.75,79.0,Dhoomakot,Uttarakhand,0.84,0.23,0.18,1.78,4.47,8.59,7.93,5.19,5.04,7.58,0.0,0.12
29.75,79.25,Bhikiasain,Uttarakhand,1.26,0.06,0.03,1.25,2.82,7.75,5.85,3.41,2.81,9.82,0.0,0.07
29.75,79.5,Dwarahat,Uttarakhand,0.99,0.34,0.11,1.64,5.13,9.89,6.42,4.5,4.13,7.96,0.0,0.2
29.75,79.75,Bageshwar,Uttarakhand,0.54,0.22,0.18,1.94,6.15,10.52,9.63,7.51,5.48,6.81,0.0,0.42
29.75,80.0,Gangolihat,Uttarakhand,0.49,0.43,0.29,1.97,5.8,9.21,11.05,15.25,7.07,7.74,0.0,1.28
29.75,80.25,Didihat,Uttarakhand,0.86,0.48,0.27,2.47,7.5,13.67,18.97,23.87,12.66,12.31,0.03,1.14
30.0,73.25,Bahawalnagar District,Punjab,0.21,0.0,0.17,0.24,0.6,1.9,1.48,0.13,1.59,0.87,0.0,0.0
30.0,73.5,Bahawalnagar District,Punjab,0.24,0.0,0.19,0.27,0.81,2.11,1.23,0.12,2.08,0.95,0.0,0.0
30.0,73.75,Ganganagar Tehsil,Rajasthan,0.27,0.0,0.21,0.34,0.98,2.11,0.77,0.03,2.99,1.46,0.0,0.0
30.0,74.0,Abohar Tahsil,Punjab,0.1,0.0,0.13,0.25,0.21,0.61,0.51,0.01,1.81,0.65,0.0,0.0
30.0,74.25,Abohar Tahsil,Punjab,0.04,0.0,0.11,0.24,0.15,1.39,2.08,0.09,1.87,0.66,0.0,0.03
30.0,74.5,Malout Tahsil,Punjab,0.04,0.0,0.12,0.43,0.15,2.12,3.33,0.91,3.37,0.47,0.0,0.01
30.0,74.75,Bathinda Tahsil,Punjab,0.16,0.0,0.05,0.44,0.21,1.41,3.08,2.09,4.24,0.7,0.0,0.0
30.0,75.0,Talwandi Sabo Tahsil,Punjab,0.18,0.0,0.05,0.4,0.29,1.0,2.93,1.91,3.49,0.82,0.0,0.0
30.0,75.25,Maur Tahsil,Punjab,0.07,0.0,0.15,0.27,0.46,0.84,2.98,0.74,0.7,0.7,0.0,0.0
30.0,75.5,Mansa Tehsil,Punjab,0.15,0.06,0.16,0.34,0.65,1.26,2.84,1.02,3.05,0.52,0.0,0.02
30.0,75.75,Sunam Tahsil,Punjab,0.19,0.09,0.19,0.4,0.86,1.01,4.44,1.95,3.08,0.8,0.0,0.01
30.0,76.0,Dirba Tahsil,Punjab,0.24,0.27,0.1,0.28,1.17,1.64,7.21,4.57,4.37,1.22,0.0,0.05
30.0,76.25,Guhla,Haryana,0.52,0.58,0.14,0.23,1.55,2.04,9.63,5.31,4.96,0.93,0.0,0.08
30.0,76.5,Pehowa,Haryana,0.71,0.65,0.2,0.11,1.87,2.86,11.43,2.88,3.64,1.09,0.0,0.08
30.0,76.75,Thanesar,Haryana,0.68,0.81,0.16,0.13,2.31,0.75,7.58,0.91,1.73,1.32,0.0,0.0
30.0,77.0,Ladwa,Haryana,0.22,0.4,0.07,0.15,1.78,1.7,7.48,5.03,5.75,1.18,0.0,0.0
30.0,77.25,Radaur,Haryana,0.76,0.26,0.02,0.09,1.26,1.53,9.99,3.75,6.05,0.63,0.0,0.05
30.0,77.5,Saharanpur,Uttar Pradesh,0.48,0.18,0.01,0.03,2.03,2.12,9.99,4.82,4.67,0.92,0.0,0.02
30.0,77.75,Saharanpur,Uttar Pradesh,0.76,0.42,0.02,0.48,4.05,6.22,7.72,4.94,3.57,2.44,0.0,0.15
30.0,78.0,Hardwar,Uttarakhand,0.73,0.31,0.03,0.59,4.7,9.27,13.44,10.85,4.33,2.71,0.0,0.21
30.0,78.25,Yamkeshwar,Uttarakhand,0.92,0.58,0.23,1.29,6.04,9.37,13.5,10.38,5.83,3.66,0.0,0.3
30.0,78.5,Yamkeshwar,Uttarakhand,0.46,0.39,0.08,0.88,4.03,6.39,7.52,6.27,3.62,4.46,0.0,0.1
30.0,78.75,Pauri,Uttarakhand,0.5,0.64,0.22,1.45,4.76,6.84,8.95,4.03,5.37,3.81,0.0,0.17
30.0,79.0,Thailisain,Uttarakhand,0.96,0.22,0.36,1.91,4.59,10.63,8.95,6.17,6.03,7.15,0.0,0.37
30.0,79.25,Gairsain,Uttarakhand,0.95,0.2,0.32,1.95,4.52,10.4,8.62,6.11,5.5,7.43,0.0,0.29
30.0,79.5,Garud,Uttarakhand,0.67,0.12,0.05,1.4,5.67,11.3,12.83,11.06,6.64,6.96,0.0,0.26
30.0,79.75,Kapkot,Uttarakhand,0.56,0.18,0.05,1.31,6.48,12.81,18.81,18.02,8.6,7.34,0.05,0.43
30.0,80.0,Kapkot,Uttarakhand,1.16,0.43,0.59,2.39,5.58,11.74,15.2,22.94,7.92,9.42,0.68,1.26
30.0,80.25,Munsiari tehsil,Uttarakhand,0.98,0.47,0.38,2.5,6.93,13.45,18.69,25.35,11.93,11.83,0.26,1.21
30.0,80.5,Dharchula Tehsil,Uttarakhand,0.92,0.47,0.33,2.49,7.18,13.6,19.0,25.03,12.39,12.07,0.15,1.18
30.25,73.5,Pakpattan District,Punjab,0.32,0.0,0.2,0.29,0.67,1.66,1.41,0.08,3.2,0.75,0.0,0.0
30.25,73.75,Bahawalnagar District,Punjab,0.34,0.0,0.19,0.27,0.41,0.92,1.43,0.01,3.85,0.71,0.0,0.0
30.25,74.0,Fazilka Tahsil,Punjab,0.25,0.0,0.13,0.18,0.19,0.36,1.15,0.03,2.7,0.45,0.0,0.0
30.25,74.25,Abohar Tahsil,Punjab,0.07,0.0,0.09,0.46,0.47,0.59,2.17,0.58,1.08,1.26,0.0,0.0
30.25,74.5,Malout Tahsil,Punjab,0.11,0.0,0.1,0.6,0.6,1.29,3.33,1.67,2.1,1.39,0.0,0.0
30.25,74.75,Bathinda Tahsil,Punjab,0.17,0.0,0.07,0.44,0.72,1.85,4.36,6.35,5.54,2.15,0.0,0.0
30.25,75.0,Bathinda Tahsil,Punjab,0.16,0.0,0.06,0.41,0.56,1.36,3.93,3.52,2.8,1.27,0.0,0.0
30.25,75.25,Rampura Phul Tahsil,Punjab,0.15,0.02,0.16,0.41,0.68,0.63,3.14,1.36,1.8,0.98,0.0,0.0
30.25,75.5,Tapa Tahsil,Punjab,0.17,0.05,0.16,0.5,0.93,0.49,3.09,1.2,2.58,0.61,0.0,0.0
30.25,75.75,Sangrur Tahsil,Punjab,0.13,0.09,0.21,0.42,1.24,0.99,3.91,1.69,3.17,0.92,0.0,0.0
30.25,76.0,Bhawanigarh Tahsil,Punjab,0.13,0.08,0.34,0.4,1.31,1.43,6.73,3.75,3.82,2.51,0.0,0.05
30.25,76.25,Patiala Tahsil,Punjab,0.24,0.27,0.15,0.55,1.69,1.3,9.47,3.56,5.82,0.41,0.0,0.06
30.25,76.5,Patiala Tahsil,Punjab,0.42,0.64,0.24,0.61,1.7,2.84,9.48,2.95,4.95,1.08,0.0,0.02
30.25,76.75,Ambala,Haryana,0.69,0.75,0.18,0.4,1.42,1.24,7.88,2.07,3.88,1.13,0.0,0.02
30.25,77.0,Barara,Haryana,0.48,0.38,0.06,0.24,1.26,1.45,6.21,1.66,4.5,0.91,0.0,0.16
30.25,77.25,Saraswati Nagar,Haryana,0.77,0.46,0.0,0.37,1.87,4.87,11.15,8.0,12.97,2.23,0.0,0.97
30.25,77.5,Chhachhrauli,Haryana,0.63,0.62,0.15,0.44,1.82,6.62,17.52,7.95,9.43,1.81,0.0,0.55
30.25,77.75,Behat,Uttar Pradesh,1.05,0.84,0.31,1.19,5.41,6.03,24.21,15.23,10.7,1.97,0.0,0.22
30.25,78.0,Dehradun,Uttarakhand,0.8,0.63,0.17,0.83,5.09,7.2,22.76,17.59,6.92,2.05,0.0,0.18
30.25,78.25,Unknown,Uttarakhand,1.08,0.81,0.46,2.77,7.09,11.13,14.63,9.28,7.86,3.46,0.0,0.48
30.25,78.5,Narendra Nagar,Uttarakhand,0.55,0.55,0.16,1.37,4.57,6.17,7.91,3.76,4.06,3.28,0.0,0.16
30.25,78.75,Devprayag,Uttarakhand,0.79,0.48,0.25,1.98,5.35,7.02,10.17,3.5,8.65,4.71,0.0,0.38
30.25,79.0,Rudraprayag,Uttarakhand,1.01,0.58,0.86,1.76,6.15,15.16,12.1,8.99,10.91,6.32,0.0,1.01
30.25,79.25,Karnaprayag,Uttarakhand,1.1,0.62,0.79,2.27,6.34,14.74,11.69,11.72,11.12,5.87,0.02,0.86
30.25,79.5,Chamoli Tehsil,Uttarakhand,1.04,0.55,0.73,2.5,5.82,12.82,12.94,14.03,9.56,6.66,0.03,0.78
30.25,79.75,Tharali,Uttarakhand,0.99,0.33,0.43,2.1,5.71,11.94,14.42,17.46,7.61,8.19,0.38,0.79
30.25,80.0,Kapkot,Uttarakhand,1.18,0.43,0.58,2.41,5.69,12.07,15.75,23.31,8.17,9.63,0.69,1.22
30.25,80.25,Munsiari tehsil,Uttarakhand,1.09,0.44,0.51,2.42,6.04,12.35,16.53,24.08,9.44,10.27,0.53,1.25
30.25,80.5,Dharchula Tehsil,Uttarakhand,1.0,0.47,0.42,2.46,6.66,12.86,17.36,24.0,10.81,11.25,0.32,1.23
30.25,80.75,Dharchula Tehsil,Uttarakhand,0.97,0.47,0.38,2.49,6.85,13.21,18.22,24.81,11.59,11.61,0.26,1.22
30.25,81.0,Dharchula Tehsil,Uttarakhand,0.94,0.46,0.34,2.51,7.11,13.77,19.54,26.16,12.7,12.14,0.19,1.19
30.5,73.75,Okara District,Punjab,0.37,0.0,0.2,0.27,0.32,0.73,1.64,0.0,4.19,0.57,0.0,0.0
30.5,74.0,Fazilka Tahsil,Punjab,0.39,0.0,0.2,0.28,0.29,0.69,1.95,0.09,4.46,0.53,0.0,0.0
30.5,74.25,Jalalabad Tahsil,Punjab,0.33,0.0,0.16,0.41,0.5,1.64,3.37,1.43,3.91,0.62,0.0,0.0
30.5,74.5,Muktsar Tahsil,Punjab,0.41,0.0,0.22,0.46,0.54,2.72,4.81,2.79,5.75,0.27,0.0,0.0
30.5,74.75,Kotkapura Tahsil,Punjab,0.28,0.0,0.21,0.38,0.47,2.46,4.76,3.95,5.93,0.67,0.0,0.0
30.5,75.0,Bagha Purana Tahsil,Punjab,0.2,0.0,0.15,0.24,0.5,1.81,4.14,3.56,2.74,0.95,0.0,0.0
30.5,75.25,Rampura Phul Tahsil,Punjab,0.23,0.11,0.19,0.47,0.94,0.86,5.35,1.77,3.15,1.12,0.0,0.0
30.5,75.5,Barnala Tahsil,Punjab,0.23,0.07,0.24,0.4,0.96,1.0,4.21,1.12,5.09,0.96,0.0,0.0
30.5,75.75,Dhuri Tahsil,Punjab,0.18,0.11,0.33,0.21,0.57,1.0,3.4,1.13,1.71,0.33,0.0,0.0
30.5,76.0,Malerkotla Tahsil,Punjab,0.16,0.06,0.46,0.4,1.05,2.22,8.28,3.11,4.67,3.06,0.0,0.04
30.5,76.25,Nabha Tahsil,Punjab,0.22,0.54,0.18,0.46,1.24,1.63,8.46,2.45,6.9,1.02,0.0,0.08
30.5,76.5,Rajpura Tahsil,Punjab,0.26,0.35,0.26,0.38,2.13,5.79,9.33,2.84,4.25,1.66,0.0,0.0
30.5,76.75,Rajpura Tahsil,Punjab,0.85,0.57,0.09,0.28,0.94,0.88,6.24,3.58,4.36,0.83,0.0,0.01
30.5,77.0,Raipur Rani,Haryana,0.64,0.66,0.08,0.35,2.04,3.64,8.72,5.59,6.41,0.55,0.0,0.23
30.5,77.25,Nahan,Himachal Pradesh,0.83,0.64,0.36,1.15,2.5,5.36,18.19,5.95,11.57,1.26,0.03,0.25
30.5,77.5,Paonta Sahib,Himachal Pradesh,0.53,0.75,0.37,0.61,2.58,8.87,18.18,10.76,10.47,1.61,0.0,0.56
30.5,77.75,Paonta Sahib,Himachal Pradesh,1.25,1.01,0.51,2.7,5.42,4.61,18.71,8.79,8.85,2.37,0.0,0.5
30.5,78.0,Dhanaulti,Uttarakhand,1.26,1.17,0.45,2.18,6.01,5.52,21.44,11.89,8.47,2.54,0.0,0.64
30.5,78.25,Dhanaulti,Uttarakhand,0.85,0.96,0.37,3.58,5.55,5.76,12.47,5.59,5.62,2.95,0.01,0.34
30.5,78.5,Pratapnagar,Uttarakhand,0.65,0.27,0.43,2.47,4.48,4.25,11.63,3.52,5.43,2.68,0.0,0.34
30.5,78.75,Ghansali,Uttarakhand,0.81,0.7,0.83,2.41,6.89,11.01,11.21,7.12,8.49,4.37,0.0,0.47
30.5,79.0,Jakholi,Uttarakhand,0.98,0.74,0.91,2.79,7.57,14.74,12.89,10.88,10.16,4.73,0.02,0.61
30.5,79.25,Chamoli Tehsil,Uttarakhand,1.25,0.66,0.89,3.05,5.85,13.06,10.28,12.26,10.34,6.03,0.05,0.83
30.5,79.5,Joshimath Tehsil,Uttarakhand,1.48,0.77,1.3,4.03,4.55,11.37,8.03,10.01,8.55,7.44,0.09,1.11
30.5,79.75,Joshimath Tehsil,Uttarakhand,1.33,0.64,1.0,3.25,5.1,11.75,11.07,14.92,8.49,7.81,0.28,1.05
30.5,80.0,Joshimath Tehsil,Uttarakhand,1.23,0.51,0.78,2.82,5.22,11.51,13.46,19.3,7.82,8.88,0.51,1.19
30.5,80.25,Munsiari tehsil,Uttarakhand,1.04,0.43,0.48,2.39,6.08,12.34,16.7,23.84,9.49,10.14,0.48,1.22
30.5,80.5,Unknown,Tibet,1.04,0.45,0.46,2.43,6.29,12.66,17.28,24.63,10.27,10.7,0.43,1.24
30.5,80.75,Purang County,Tibet,1.03,0.46,0.43,2.51,6.64,13.15,18.08,25.31,11.25,11.45,0.36,1.24
30.75,74.0,Okara District,Punjab,0.37,0.0,0.22,0.41,0.28,0.81,2.34,0.92,4.32,0.55,0.0,0.0
30.75,74.25,Kasur District,Punjab,0.32,0.0,0.28,0.6,0.32,1.75,3.98,2.88,5.28,0.54,0.0,0.0
30.75,74.5,Faridkot Tahsil,Punjab,0.27,0.0,0.29,0.65,0.26,1.55,4.12,3.3,4.96,0.61,0.0,0.0
30.75,74.75,Faridkot Tahsil,Punjab,0.17,0.0,0.21,0.24,0.1,1.24,5.0,3.71,4.22,0.26,0.0,0.0
30.75,75.0,Bagha Purana Tahsil,Punjab,0.21,0.0,0.14,0.11,0.4,1.34,3.92,2.6,2.37,0.39,0.0,0.0
30.75,75.25,Moga Tahsil,Punjab,0.31,0.04,0.17,0.46,1.05,1.71,7.9,2.72,7.04,1.42,0.0,0.0
30.75,75.5,Jagraon Tahsil,Punjab,0.23,0.34,0.43,0.89,1.79,1.69,8.29,2.02,8.53,1.53,0.0,0.0
30.75,75.75,Ludhiana (East) Tahsil,Punjab,0.25,0.18,0.28,0.67,0.92,2.79,7.48,2.31,4.48,1.04,0.0,0.0
30.75,76.0,Payal Tahsil,Punjab,0.25,0.09,0.2,0.48,1.02,3.44,8.94,2.04,5.76,2.63,0.0,0.0
30.75,76.25,Khanna Tahsil,Punjab,0.39,0.83,0.35,0.44,1.31,2.29,4.4,1.76,6.09,0.93,0.0,0.01
30.75,76.5,Morinda Tahsil,Punjab,0.18,0.11,0.33,0.51,1.11,1.88,5.39,0.31,2.74,0.75,0.0,0.0
30.75,76.75,Chandigarh,Chandigarh,0.34,0.6,0.24,0.6,1.96,3.45,6.41,6.32,6.12,1.64,0.0,0.04
30.75,77.0,Kalka,Haryana,1.01,1.24,0.19,1.3,2.58,4.83,6.33,6.93,9.01,2.02,0.0,0.23
30.75,77.25,Pachhad,Himachal Pradesh,1.02,1.14,0.36,2.05,3.53,4.98,8.49,2.63,8.33,2.2,0.01,0.29
30.75,77.5,Renuka,Himachal Pradesh,1.07,1.23,0.31,2.62,3.83,4.3,9.27,2.91,7.66,2.07,0.01,0.35
30.75,77.75,Tyuni,Uttarakhand,1.19,1.38,0.59,4.23,4.94,3.06,11.45,4.04,7.96,2.2,0.0,0.56
30.75,78.0,Chakrata,Uttarakhand,1.11,1.39,0.67,4.03,6.14,4.25,14.13,5.87,8.78,2.59,0.02,0.61
30.75,78.25,Dunda,Uttarakhand,1.05,1.57,0.61,3.44,9.05,7.26,18.65,8.58,9.62,3.09,0.09,0.57
30.75,78.5,Bhatwari,Uttarakhand,1.03,1.14,0.53,2.83,5.55,4.26,12.18,4.72,7.65,2.73,0.01,0.54
30.75,78.75,Bhatwari,Uttarakhand,0.92,1.12,0.71,3.5,6.18,6.93,8.72,6.9,8.78,3.38,0.0,0.62
30.75,79.0,Ghansali,Uttarakhand,1.03,0.82,0.72,3.22,7.02,12.46,11.37,10.13,10.38,4.6,0.03,0.62
30.75,79.25,Bhatwari,Uttarakhand,1.33,0.71,1.04,3.59,5.59,12.68,9.89,10.96,9.67,6.51,0.07,0.9
30.75,79.5,Joshimath Tehsil,Uttarakhand,1.4,0.75,1.18,3.83,5.07,11.94,8.9,10.51,9.03,6.94,0.08,1.0
30.75,79.75,Joshimath Tehsil,Uttarakhand,1.39,0.67,1.01,3.61,5.31,12.4,10.03,12.29,9.48,7.11,0.16,0.98
30.75,80.0,Joshimath Tehsil,Uttarakhand,1.35,0.59,0.92,3.08,5.18,11.82,12.25,17.5,8.19,8.47,0.46,1.13
30.75,80.25,Unknown,Tibet,1.3,0.55,0.81,2.99,5.38,11.79,13.71,20.78,8.59,9.79,0.54,1.29
31.0,74.25,Kasur District,Punjab,0.28,0.0,0.28,0.65,0.22,1.28,4.21,3.42,4.56,0.64,0.0,0.0
31.0,74.5,Kasur District,Punjab,0.29,0.0,0.3,0.85,0.22,0.82,3.75,3.29,4.18,0.88,0.0,0.0
31.0,74.75,Firozpur Tahsil,Punjab,0.24,0.0,0.2,0.39,0.31,0.86,4.59,3.03,3.88,0.29,0.0,0.0
31.0,75.0,Zira Tahsil,Punjab,0.53,0.07,0.21,0.6,0.72,1.43,9.03,3.66,4.19,0.65,0.0,0.0
31.0,75.25,Dharamkot Tahsil,Punjab,0.9,0.11,0.27,1.12,1.11,2.62,17.36,5.85,10.34,2.78,0.0,0.0
31.0,75.5,Nakodar Tahsil,Punjab,0.36,0.08,0.24,0.5,0.6,2.96,9.83,3.45,8.35,2.0,0.0,0.0
31.0,75.75,Ludhiana (West) Tahsil,Punjab,0.29,0.14,0.2,0.55,0.64,3.35,8.18,2.51,4.64,0.98,0.0,0.0
31.0,76.0,Ludhiana (East) Tahsil,Punjab,0.34,0.22,0.23,0.76,1.16,3.08,8.66,1.89,5.0,1.19,0.0,0.0
31.0,76.25,Samrala Tahsil,Punjab,0.36,0.09,0.22,0.84,0.91,2.59,6.18,2.82,5.31,1.65,0.0,0.0
31.0,76.5,Balachaur Tahsil,Punjab,0.33,0.08,0.17,0.78,0.81,2.18,6.69,4.83,8.43,2.16,0.0,0.0
31.0,76.75,Baddi,Himachal Pradesh,0.47,0.97,0.56,1.94,2.54,5.31,11.32,7.51,6.6,1.82,0.01,0.02
31.0,77.0,Solan,Himachal Pradesh,1.1,2.1,1.17,3.91,3.67,6.15,9.34,6.74,6.92,1.84,0.1,0.58
31.0,77.25,Junga,Himachal Pradesh,0.84,1.61,1.46,3.51,3.44,2.97,6.3,3.74,7.31,0.98,0.01,0.39
31.0,77.5,Chaupal,Himachal Pradesh,1.22,1.52,0.98,3.72,3.84,2.65,7.17,2.89,6.57,1.79,0.02,0.53
31.0,77.75,Nerua,Himachal Pradesh,1.25,1.65,0.64,3.73,4.49,2.91,9.67,3.61,7.56,1.91,0.01,0.54
31.0,78.0,Mori,Uttarakhand,1.11,1.59,0.66,3.75,5.86,4.16,12.32,5.2,8.38,2.18,0.03,0.59
31.0,78.25,Puraula,Uttarakhand,1.02,1.35,0.59,3.31,6.75,5.34,13.68,6.26,8.11,2.96,0.04,0.56
31.0,78.5,Rajgarhi,Uttarakhand,0.97,1.19,0.59,3.37,6.41,5.5,11.37,6.23,8.41,3.08,0.02,0.59
31.0,78.75,Bhatwari,Uttarakhand,0.95,1.17,0.69,3.4,6.4,6.94,9.73,6.93,8.69,3.29,0.01,0.61
31.0,79.0,Bhatwari,Uttarakhand,1.05,0.96,0.8,3.59,6.41,10.09,9.47,8.72,9.48,4.53,0.03,0.69
31.0,79.25,Bhatwari,Uttarakhand,1.26,0.72,0.98,3.4,5.99,13.13,10.54,11.13,9.91,6.15,0.06,0.84
31.0,79.5,Joshimath Tehsil,Uttarakhand,1.33,0.72,1.05,3.58,5.57,12.62,9.81,10.95,9.6,6.51,0.07,0.91
31.0,79.75,Joshimath Tehsil,Uttarakhand,1.4,0.68,1.04,3.7,5.25,12.34,9.72,11.67,9.47,7.07,0.13,0.98
31.0,80.0,Unknown,Tibet,1.45,0.68,1.11,3.63,4.88,11.62,10.15,14.36,8.36,8.12,0.34,1.15
31.25,74.5,Kasur District,Punjab,0.49,0.07,0.41,0.86,0.51,1.15,5.1,2.78,6.03,0.93,0.01,0.0
31.25,74.75,Patti Tahsil,Punjab,0.55,0.13,0.51,0.72,0.75,1.36,6.33,2.49,6.73,0.75,0.01,0.0
31.25,75.0,Tarn Taran Tahsil,Punjab,0.86,0.21,0.4,1.22,1.09,2.52,13.12,5.12,8.42,1.69,0.02,0.0
31.25,75.25,Sultanpur Lodhi Tahsil,Punjab,0.91,0.18,0.36,1.27,1.11,3.01,15.6,5.74,12.24,2.44,0.05,0.0
31.25,75.5,Jalandhar II Tahsil,Punjab,0.58,0.2,0.28,0.52,0.87,2.45,9.28,2.63,10.04,1.82,0.02,0.01
31.25,75.75,Phagwara Tahsil,Punjab,0.58,0.19,0.24,0.34,0.68,1.83,6.23,0.99,5.77,0.63,0.01,0.01
31.25,76.0,Garhshankar Tahsil,Punjab,0.26,0.08,0.11,0.47,0.29,1.64,5.96,0.81,2.79,0.67,0.0,0.0
31.25,76.25,Garhshankar Tahsil,Punjab,0.53,0.06,0.39,1.88,0.75,3.17,11.36,6.44,10.84,2.19,0.0,0.04
31.25,76.5,Anandpur Sahib Tahsil,Punjab,0.48,0.05,0.37,2.14,0.8,3.51,9.84,5.78,10.54,2.28,0.01,0.11
31.25,76.75,Naina Devi,Himachal Pradesh,0.34,0.77,0.49,2.64,1.06,5.72,7.96,3.17,5.38,1.05,0.01,0.12
31.25,77.0,Darlaghat,Himachal Pradesh,0.98,1.06,1.38,4.3,3.09,3.54,9.73,5.87,6.41,1.4,0.0,0.5
31.25,77.25,Seoni,Himachal Pradesh,0.68,0.68,1.95,3.52,3.79,2.41,6.11,3.7,6.8,1.35,0.01,0.25
31.25,77.5,Nankhari,Himachal Pradesh,1.36,1.96,0.98,3.75,3.68,2.57,7.1,3.95,7.02,1.89,0.02,0.61
31.25,77.75,Rohru,Himachal Pradesh,1.5,2.24,1.21,3.17,3.4,2.36,7.42,3.15,6.77,1.97,0.02,0.53
31.25,78.0,Chirgaon,Himachal Pradesh,2.24,1.17,1.5,3.6,2.55,1.48,4.07,2.02,3.28,2.9,0.0,0.77
31.25,78.25,Dodra Kwar,Himachal Pradesh,1.96,0.75,1.53,4.04,3.96,2.55,5.31,2.8,3.91,3.14,0.02,0.69
31.25,78.5,Sangla,Himachal Pradesh,1.37,0.83,1.21,4.09,3.67,2.65,4.33,3.57,5.3,3.07,0.0,0.61
31.25,78.75,Sangla,Himachal Pradesh,0.97,0.94,0.9,3.68,4.45,3.73,6.16,4.58,6.26,2.84,0.0,0.51
31.25,79.0,Bhatwari,Uttarakhand,1.03,0.88,0.73,3.53,6.31,9.95,9.45,8.16,9.46,4.2,0.02,0.55
31.25,79.25,Unknown,Tibet,1.22,0.87,0.97,3.81,5.81,10.89,9.25,9.22,9.27,5.66,0.06,0.83
31.25,79.5,Unknown,Tibet,1.34,0.73,1.07,3.64,5.52,12.56,9.74,10.81,9.53,6.58,0.07,0.92
31.5,74.5,Lahore District,Punjab,0.68,0.13,0.48,0.82,0.71,1.54,6.47,2.45,7.9,0.99,0.01,0.0
31.5,74.75,Tarn Taran Tahsil,Punjab,0.68,0.18,0.61,0.89,0.89,1.59,7.11,2.4,7.8,0.99,0.01,0.0
31.5,75.0,Khadur Sahib Tahsil,Punjab,0.63,0.17,0.52,0.89,0.84,1.97,7.58,3.12,8.88,1.23,0.02,0.0
31.5,75.25,Khadur Sahib Tahsil,Punjab,0.56,0.18,0.4,1.05,1.03,3.33,11.99,4.4,15.98,2.5,0.09,0.0
31.5,75.5,Bhulath Tahsil,Punjab,0.44,0.45,0.38,0.87,1.3,3.6,7.99,2.48,9.56,1.48,0.07,0.0
31.5,75.75,Hoshiarpur Tahsil,Punjab,0.45,0.33,0.23,1.1,0.37,2.58,8.17,2.04,5.24,0.73,0.0,0.0
31.5,76.0,Hoshiarpur Tahsil,Punjab,0.69,0.19,0.33,1.73,0.57,2.96,10.6,3.2,6.63,2.01,0.0,0.06
31.5,76.25,Una,Himachal Pradesh,0.86,0.08,0.49,1.88,0.85,2.78,9.66,4.57,7.52,2.02,0.01,0.14
31.5,76.5,Barsar,Himachal Pradesh,0.9,0.01,0.53,2.64,1.39,3.57,16.78,6.66,7.49,0.89,0.0,0.18
31.5,76.75,Ghumarwin,Himachal Pradesh,0.55,0.18,0.77,2.54,1.58,3.61,9.79,11.22,8.54,1.56,0.09,0.25
31.5,77.0,Chachyot,Himachal Pradesh,0.66,0.71,1.8,4.19,3.1,3.22,8.05,5.36,4.84,0.76,0.02,0.54
31.5,77.25,Thunag,Himachal Pradesh,0.72,0.86,1.57,4.62,2.63,2.45,11.05,3.71,7.24,1.57,0.01,1.08
31.5,77.5,Ani,Himachal Pradesh,0.93,0.93,3.22,4.14,3.84,2.33,7.29,3.29,9.1,1.77,0.06,0.49
31.5,77.75,Rampur,Himachal Pradesh,0.42,0.66,0.96,1.35,1.18,0.95,3.53,2.14,4.03,1.0,0.01,0.88
31.5,78.0,Nichar,Himachal Pradesh,2.38,0.67,1.83,4.26,2.62,1.28,2.42,1.62,3.27,2.93,0.0,0.87
31.5,78.25,Kalpa,Himachal Pradesh,1.77,0.41,1.81,4.23,2.49,1.05,1.8,1.47,2.81,2.91,0.0,0.67
31.5,78.5,Moorang,Himachal Pradesh,1.53,0.49,1.47,4.19,2.13,0.95,1.72,1.77,2.25,2.66,0.0,0.38
31.5,78.75,Unknown,Tibet,1.48,0.57,1.41,4.27,2.36,1.12,2.28,2.38,3.17,2.64,0.0,0.42
31.5,79.0,Unknown,Tibet,1.17,0.67,1.25,4.04,3.02,2.31,3.14,3.76,4.07,2.7,0.0,0.38
31.75,74.5,Sheikhupura District,Punjab,0.72,0.13,0.48,0.76,0.69,1.66,7.15,2.51,7.95,1.04,0.03,0.0
31.75,74.75,Ajnala Tahsil,Punjab,0.76,0.12,0.42,0.73,0.64,1.71,7.0,2.46,8.54,1.07,0.03,0.0
31.75,75.0,Majitha Tahsil,Punjab,0.6,0.12,0.54,0.62,0.73,1.33,8.59,2.37,4.78,0.96,0.09,0.0
31.75,75.25,Batala Tahsil,Punjab,0.64,0.12,0.37,0.92,0.61,1.99,8.81,2.41,6.18,1.21,0.06,0.0
31.75,75.5,Batala Tahsil,Punjab,0.46,0.13,0.09,1.34,0.44,2.88,9.63,2.86,10.73,1.49,0.0,0.0
31.75,75.75,Dasua Tahsil,Punjab,0.58,0.36,0.33,1.84,0.78,3.04,13.12,3.53,8.37,1.63,0.0,0.06
31.75,76.0,Amb,Himachal Pradesh,0.29,0.12,0.1,0.68,0.3,1.07,3.28,2.56,2.7,2.02,0.0,0.02
31.75,76.25,Rakkar,Himachal Pradesh,1.51,0.17,0.35,2.64,0.89,2.81,14.68,11.49,6.65,1.21,0.05,0.07
31.75,76.5,Tira Sujanpur,Himachal Pradesh,0.58,0.29,0.7,1.49,1.27,3.69,15.21,8.15,7.05,0.99,0.04,0.27
31.75,76.75,Sarkaghat,Himachal Pradesh,0.33,0.43,0.88,3.24,3.18,4.07,15.24,9.86,6.93,0.5,0.01,0.75
31.75,77.0,Mandi,Himachal Pradesh,0.82,0.79,1.99,5.28,2.26,3.29,9.72,4.05,5.42,1.18,0.02,0.79
31.75,77.25,Sainj,Himachal Pradesh,0.76,0.93,1.43,4.97,2.17,2.62,11.78,3.44,6.99,1.56,0.01,1.23
31.75,77.5,Sainj,Himachal Pradesh,0.91,0.9,2.15,4.16,3.08,2.19,8.58,3.0,8.23,1.67,0.02,0.92
31.75,77.75,Nichar,Himachal Pradesh,0.92,0.71,1.9,2.8,2.59,1.58,5.01,2.4,6.1,1.41,0.02,0.74
31.75,78.0,Nichar,Himachal Pradesh,1.34,0.53,1.38,3.3,1.8,0.86,2.18,1.54,2.97,2.15,0.0,0.8
31.75,78.25,Moorang,Himachal Pradesh,1.17,0.37,1.41,4.16,1.62,0.26,1.12,1.09,1.51,2.28,0.0,0.28
31.75,78.5,Poo district,Himachal Pradesh,1.16,0.41,1.37,4.29,1.47,0.09,0.92,1.13,1.19,2.19,0.0,0.22
31.75,78.75,Unknown,Tibet,1.39,0.47,1.42,4.27,1.85,0.57,1.39,1.58,1.89,2.46,0.0,0.33
32.0,74.5,Sheikhupura District,Punjab,0.98,0.16,0.54,0.82,0.89,1.71,8.42,2.87,7.39,1.23,0.03,0.0
32.0,74.75,Narowal District,Punjab,0.7,0.12,0.49,0.82,0.8,1.69,7.49,2.27,6.58,1.09,0.04,0.0
32.0,75.0,Dera Baba Nanak Tahsil,Punjab,0.71,0.1,0.42,0.93,0.66,1.88,8.47,2.13,5.69,1.29,0.06,0.0
32.0,75.25,Kalanaur Tahsil,Punjab,0.81,0.09,0.28,1.65,0.66,2.51,8.84,1.64,5.86,1.9,0.01,0.0
32.0,75.5,Gurdaspur Tahsil,Punjab,0.59,0.19,0.23,1.75,0.63,2.94,10.14,2.51,6.35,1.92,0.01,0.0
32.0,75.75,Mukerian Tahsil,Punjab,0.95,0.62,0.47,2.13,1.36,1.47,20.96,4.49,11.11,1.76,0.0,0.0
32.0,76.0,Dehra,Himachal Pradesh,1.05,0.33,0.43,2.59,1.08,1.74,18.86,7.6,5.77,2.27,0.01,0.02
32.0,76.25,Kangra,Himachal Pradesh,1.15,0.48,0.76,3.55,1.85,2.77,21.43,8.61,6.67,2.25,0.03,0.29
32.0,76.5,Palampur,Himachal Pradesh,1.45,0.5,0.85,4.37,3.07,4.02,21.5,10.79,8.98,1.93,0.01,0.5
32.0,76.75,Jogindarnagar,Himachal Pradesh,1.12,0.52,1.03,4.9,3.17,3.86,17.94,9.81,8.65,1.16,0.02,0.83
32.0,77.0,Kullu,Himachal Pradesh,1.37,1.05,2.19,6.69,2.21,2.97,9.23,3.49,5.7,1.9,0.02,1.19
32.0,77.25,Bhuntar,Himachal Pradesh,1.44,1.14,2.13,6.82,2.18,2.78,9.58,3.39,7.06,2.13,0.02,1.34
32.0,77.5,Bhuntar,Himachal Pradesh,0.92,0.78,1.89,4.52,2.53,2.37,8.84,2.45,6.59,1.5,0.02,0.94
32.0,77.75,Bhuntar,Himachal Pradesh,1.17,0.74,2.11,3.24,2.89,1.7,5.44,2.44,6.35,1.6,0.03,0.73
32.0,78.0,Spiti,Himachal Pradesh,1.25,0.53,1.48,3.51,1.93,0.83,2.0,1.7,2.56,2.14,0.0,0.58
32.0,78.25,Spiti,Himachal Pradesh,1.32,0.47,1.44,4.08,1.68,0.39,1.31,1.27,1.83,2.29,0.0,0.4
32.0,78.5,Hangrang,Himachal Pradesh,1.27,0.44,1.41,4.22,1.59,0.24,1.11,1.12,1.51,2.28,0.0,0.32
32.0,78.75,Hangrang,Himachal Pradesh,1.27,0.42,1.41,4.24,1.62,0.27,1.08,1.14,1.48,2.32,0.0,0.3
32.25,74.75,Sialkot District,Punjab,2.7,0.14,0.63,1.27,1.45,2.26,14.62,6.59,5.95,3.55,0.01,0.01
32.25,75.0,Narowal District,Punjab,0.98,0.1,0.41,1.25,1.28,2.41,12.45,2.35,5.95,1.67,0.03,0.0
32.25,75.25,Narowal District,Punjab,1.03,0.09,0.41,1.37,1.49,2.54,15.0,3.03,6.73,1.85,0.01,0.0
32.25,75.5,Pathankot Tahsil,Punjab,1.4,0.05,0.45,1.54,0.99,2.55,13.16,3.64,5.46,1.91,0.01,0.0
32.25,75.75,Nurpur,Himachal Pradesh,0.54,0.39,0.6,1.86,0.86,4.5,28.33,8.07,6.02,1.52,0.0,0.0
32.25,76.0,Jawali,Himachal Pradesh,1.16,0.62,1.17,4.21,3.07,3.05,20.86,7.76,5.81,2.17,0.02,0.43
32.25,76.25,Dharamshala,Himachal Pradesh,1.65,0.66,0.58,4.01,6.24,6.74,30.7,15.24,10.32,2.54,0.05,0.27
32.25,76.5,Holi,Himachal Pradesh,1.65,0.6,0.95,4.63,3.87,4.99,26.25,9.68,8.51,2.25,0.09,0.59
32.25,76.75,Holi,Himachal Pradesh,2.1,1.12,1.89,6.68,2.72,2.68,10.72,5.12,7.31,2.33,0.03,1.31
32.25,77.0,Multhan,Himachal Pradesh,2.42,1.61,2.78,9.33,2.19,2.43,8.36,4.27,9.25,3.25,0.03,1.9
32.25,77.25,Manali,Himachal Pradesh,2.01,1.25,2.3,7.21,2.26,2.23,7.05,2.74,6.37,2.42,0.03,1.42
32.25,77.5,Lahaul,Himachal Pradesh,1.63,1.19,2.07,6.78,2.12,2.36,8.98,2.9,6.85,2.25,0.02,1.43
32.25,77.75,Spiti,Himachal Pradesh,1.18,0.97,1.82,4.45,2.4,1.87,7.13,2.79,7.03,1.86,0.02,1.11
32.25,78.0,Spiti,Himachal Pradesh,1.24,0.52,1.46,3.55,1.87,0.76,1.92,1.69,2.91,1.94,0.0,0.55
32.25,78.25,Spiti,Himachal Pradesh,1.31,0.48,1.44,3.96,1.71,0.45,1.39,1.32,1.93,2.25,0.0,0.41
32.25,78.5,Spiti,Himachal Pradesh,1.27,0.43,1.42,4.17,1.61,0.27,1.11,1.07,1.53,2.28,0.0,0.33
32.5,74.75,Ranbir Singh Pora,Jammu and Kashmir,3.59,0.22,0.82,1.42,1.93,2.76,17.67,7.99,6.41,4.22,0.0,0.05
32.5,75.0,Samba,Jammu and Kashmir,2.96,0.14,0.65,1.31,1.75,2.42,16.88,7.32,6.15,3.69,0.0,0.01
32.5,75.25,Samba,Jammu and Kashmir,1.32,0.1,0.41,1.2,1.99,2.5,16.46,4.53,6.65,1.74,0.0,0.0
32.5,75.5,Kathua,Jammu and Kashmir,1.4,0.18,0.39,1.66,2.6,3.68,20.15,5.9,8.24,2.09,0.0,0.0
32.5,75.75,Bashohli,Jammu and Kashmir,1.2,0.33,0.43,2.37,2.49,4.58,23.2,6.08,10.55,2.51,0.0,0.0
32.5,76.0,Bhattiyat,Himachal Pradesh,1.12,0.89,0.87,3.3,3.08,3.94,15.55,5.98,3.29,1.91,0.1,0.61
32.5,76.25,Chamba,Himachal Pradesh,0.8,0.6,0.8,3.97,2.36,4.71,6.12,2.31,2.17,0.95,0.21,0.54
32.5,76.5,Brahmaur,Himachal Pradesh,1.67,0.47,1.77,5.73,3.57,4.02,7.69,4.57,3.83,1.37,0.21,0.6
32.5,76.75,Brahmaur,Himachal Pradesh,1.95,0.84,1.84,5.11,2.67,1.61,3.25,1.23,2.58,1.67,0.06,0.8
32.5,77.0,Lahaul,Himachal Pradesh,2.07,0.92,1.9,5.37,2.64,1.54,3.35,1.14,2.99,1.77,0.04,1.01
32.5,77.25,Lahaul,Himachal Pradesh,2.05,1.12,2.19,6.66,2.4,1.99,5.51,2.33,5.09,2.2,0.03,1.24
32.5,77.5,Lahaul,Himachal Pradesh,2.03,1.14,2.11,6.38,2.4,1.96,5.71,2.21,5.24,2.18,0.03,1.26
32.5,77.75,Spiti,Himachal Pradesh,1.93,1.12,2.07,5.9,2.46,1.82,5.08,2.36,5.64,2.14,0.03,1.23
32.5,78.0,Spiti,Himachal Pradesh,1.19,0.66,1.34,3.99,1.55,0.63,1.94,1.74,3.19,2.3,0.0,0.62
32.5,78.25,Spiti,Himachal Pradesh,1.24,0.47,1.4,4.0,1.61,0.33,1.25,1.23,1.71,2.21,0.0,0.35
32.5,78.5,Unknown,Tibet,1.2,0.39,1.39,4.22,1.54,0.17,0.96,0.98,1.28,2.22,0.0,0.26
32.5,78.75,Unknown,Tibet,1.15,0.34,1.37,4.37,1.48,0.09,0.88,0.87,1.08,2.19,0.0,0.2
32.5,79.0,Unknown,Ladakh,1.1,0.28,1.35,4.4,1.44,0.05,0.84,0.83,1.01,2.16,0.0,0.17
32.75,74.5,Sialkot District,Punjab,3.72,0.25,0.97,1.49,2.1,2.93,18.09,8.14,6.69,4.6,0.0,0.09
32.75,74.75,Jammu,Jammu and Kashmir,2.92,0.06,0.72,1.35,1.5,2.21,14.49,7.9,5.67,4.64,0.0,0.01
32.75,75.0,Jammu,Jammu and Kashmir,3.48,0.29,1.22,1.8,2.13,2.64,15.58,7.61,6.13,4.58,0.01,0.15
32.75,75.25,Ramnagar,Jammu and Kashmir,4.76,1.27,2.52,4.05,3.91,1.6,10.12,2.08,2.93,2.98,0.22,0.64
32.75,75.5,Billawar,Jammu and Kashmir,3.92,1.38,1.91,3.54,3.45,2.5,11.79,3.54,3.66,2.59,0.37,0.43
32.75,75.75,Bani,Jammu and Kashmir,2.72,1.44,1.85,3.72,3.63,3.02,12.35,3.61,4.55,2.41,0.2,0.72
32.75,76.0,Saluni,Himachal Pradesh,1.38,1.79,2.03,4.3,4.13,2.76,8.69,2.59,1.5,1.81,0.01,1.65
32.75,76.25,Chaurah,Himachal Pradesh,1.13,1.14,1.56,4.98,3.09,2.87,8.18,5.23,3.03,1.73,0.07,1.12
32.75,76.5,Udaipur,Himachal Pradesh,1.06,0.59,1.92,7.92,1.7,2.2,6.11,7.77,5.0,2.16,0.13,0.41
32.75,76.75,Udaipur,Himachal Pradesh,1.69,0.75,1.59,4.93,2.53,1.45,5.58,3.3,3.57,1.64,0.09,0.59
32.75,77.0,Lahaul,Himachal Pradesh,1.95,0.88,1.84,5.35,2.52,1.52,4.2,2.08,3.55,1.8,0.06,0.87
32.75,77.25,Lahaul,Himachal Pradesh,2.05,1.03,2.03,6.19,2.45,1.75,5.35,2.84,4.87,2.14,0.05,1.1
32.75,77.5,Lahaul,Himachal Pradesh,2.04,1.09,2.12,6.34,2.41,1.84,4.77,2.25,4.76,2.17,0.04,1.14
32.75,77.75,Spiti,Himachal Pradesh,2.1,1.1,2.02,5.91,2.51,1.73,4.38,1.92,4.65,2.08,0.03,1.14
32.75,78.0,Unknown,Ladakh,1.59,0.91,1.68,5.2,1.84,0.82,2.84,1.7,3.34,2.36,0.01,0.72
32.75,78.25,Unknown,Ladakh,1.14,0.42,1.35,4.16,1.47,0.14,0.97,1.12,1.33,2.22,0.0,0.23
32.75,78.5,Unknown,Ladakh,1.12,0.31,1.36,4.35,1.45,0.06,0.85,0.86,1.03,2.17,0.0,0.18
32.75,78.75,Unknown,Ladakh,1.1,0.27,1.35,4.41,1.43,0.05,0.83,0.83,1.01,2.16,0.0,0.17
32.75,79.0,Unknown,Ladakh,1.12,0.26,1.35,4.43,1.43,0.05,0.82,0.83,1.0,2.15,0.0,0.18
32.75,79.25,Unknown,Ladakh,1.13,0.26,1.35,4.44,1.43,0.05,0.82,0.83,1.0,2.15,0.0,0.18
32.75,79.5,Gar County,Tibet,1.13,0.26,1.35,4.42,1.43,0.05,0.87,1.24,1.15,2.15,0.0,0.19
33.0,73.75,Jhelum District,Punjab,3.91,0.66,2.44,1.61,2.43,2.04,9.99,2.81,3.12,3.3,0.0,0.37
33.0,74.0,Bhimber District,Azad Kashmir,4.05,0.63,2.31,1.64,2.53,2.32,11.78,3.66,3.87,3.7,0.0,0.35
33.0,74.25,Bhimber District,Azad Kashmir,4.24,0.6,2.17,1.68,2.66,2.66,13.99,4.68,4.78,4.21,0.01,0.34
33.0,74.5,Akhnoor,Jammu and Kashmir,4.74,0.42,1.53,1.8,3.01,3.8,21.55,8.64,8.07,6.19,0.01,0.26
33.0,74.75,Akhnoor,Jammu and Kashmir,3.9,0.49,2.16,1.98,3.02,4.39,20.07,9.45,8.84,5.96,0.0,0.37
33.0,75.0,Reasi,Jammu and Kashmir,5.66,0.95,2.64,3.69,4.13,2.54,14.81,4.83,5.35,5.27,0.05,0.65
33.0,75.25,Chenani,Jammu and Kashmir,6.07,1.5,3.32,5.07,4.71,1.41,8.38,1.65,2.45,3.86,0.17,0.89
33.0,75.5,Doda,Jammu and Kashmir,5.17,1.92,2.66,4.4,3.85,1.66,7.16,2.12,1.03,2.83,0.52,0.65
33.0,75.75,Bhaderwah,Jammu and Kashmir,4.23,1.82,2.28,4.22,3.68,1.59,6.85,2.06,1.31,2.65,0.41,0.67
33.0,76.0,Gandoh,Jammu and Kashmir,2.18,1.68,1.89,4.22,3.73,2.15,10.26,3.8,2.97,2.07,0.12,1.31
33.0,76.25,Pangi,Himachal Pradesh,1.18,0.93,1.05,4.73,2.46,1.76,16.16,10.0,8.39,2.14,0.07,0.79
33.0,76.5,Pangi,Himachal Pradesh,1.16,0.55,0.57,4.36,1.98,1.25,21.19,12.95,11.76,2.21,0.11,0.49
33.0,76.75,Pangi,Himachal Pradesh,1.38,0.76,1.21,5.11,2.23,1.41,12.35,8.37,7.41,1.96,0.1,0.52
33.0,77.0,Zanskar,Ladakh,1.59,0.82,1.54,5.49,2.26,1.46,8.24,5.39,5.6,1.95,0.08,0.65
33.0,77.25,Zanskar,Ladakh,1.87,0.96,1.81,5.74,2.41,1.59,6.07,3.9,4.88,1.99,0.06,0.89
33.0,77.5,Unknown,Ladakh,1.98,1.01,1.89,5.83,2.44,1.63,5.11,2.77,4.8,2.05,0.04,1.01
33.0,77.75,Unknown,Ladakh,1.99,1.03,1.92,5.69,2.34,1.64,4.15,1.92,4.52,2.01,0.03,1.11
33.0,78.0,Unknown,Ladakh,1.63,0.92,1.56,4.68,1.95,1.25,3.28,1.55,3.61,1.7,0.02,0.89
33.0,78.25,Unknown,Ladakh,1.11,0.16,1.34,3.64,1.42,0.05,0.61,0.25,0.69,1.99,0.0,0.2
33.0,78.5,Unknown,Ladakh,1.13,0.2,1.35,3.89,1.43,0.05,0.67,0.43,0.76,2.04,0.0,0.19
33.0,78.75,Unknown,Ladakh,1.13,0.23,1.35,4.16,1.43,0.05,0.74,0.63,0.88,2.1,0.0,0.19
33.0,79.0,Unknown,Ladakh,1.13,0.25,1.35,4.3,1.43,0.05,0.78,0.72,0.94,2.12,0.0,0.19
33.0,79.25,Rutog County,Tibet,1.13,0.25,1.35,4.37,1.43,0.05,0.8,0.78,0.97,2.14,0.0,0.19
33.0,79.5,Rutog County,Tibet,1.13,0.25,1.35,4.4,1.43,0.05,0.84,1.01,1.06,2.14,0.0,0.19
33.25,73.5,Rawalpindi District,Punjab,3.85,0.85,2.86,1.85,2.45,1.78,8.07,1.99,2.39,3.03,0.03,0.45
33.25,73.75,Mirpur District,Azad Kashmir,3.93,0.92,2.96,1.98,2.55,1.89,8.62,2.31,2.66,3.22,0.04,0.48
33.25,74.0,Kotli District,Azad Kashmir,3.95,0.74,2.64,1.75,2.51,2.05,9.69,2.71,3.07,3.39,0.01,0.41
33.25,74.25,Rajauri,Jammu and Kashmir,3.85,0.69,2.55,1.6,2.4,1.89,8.9,2.25,2.67,3.11,0.0,0.38
33.25,74.5,Kalakote,Jammu and Kashmir,4.79,0.68,2.37,1.91,2.97,3.12,16.4,5.54,5.82,5.25,0.01,0.39
33.25,74.75,Gool-Gulabgarh,Jammu and Kashmir,5.76,0.74,2.2,2.2,3.48,4.05,22.47,7.99,8.16,6.97,0.02,0.41
33.25,75.0,Gool-Gulabgarh,Jammu and Kashmir,6.65,1.69,3.83,4.19,3.84,2.26,11.68,2.9,3.84,5.33,0.04,0.8
33.25,75.25,Ramban,Jammu and Kashmir,6.27,1.81,3.86,5.02,4.29,1.31,6.41,0.89,2.09,4.04,0.08,0.93
33.25,75.5,Doda,Jammu and Kashmir,5.59,1.97,2.07,4.12,3.28,0.67,4.21,1.1,1.12,2.95,0.27,0.47
33.25,75.75,Kishtwar,Jammu and Kashmir,4.42,2.06,1.9,3.85,2.97,0.61,3.6,1.02,1.03,2.87,0.25,0.43
33.25,76.0,Kishtwar,Jammu and Kashmir,2.55,1.8,1.94,4.16,3.06,1.2,7.19,3.09,2.13,2.52,0.21,0.72
33.25,76.25,Atholi (Paddar),Jammu and Kashmir,1.37,1.25,1.21,5.05,2.41,1.46,14.49,9.32,7.67,2.22,0.13,0.71
33.25,76.5,Atholi (Paddar),Jammu and Kashmir,1.21,0.81,1.01,4.89,2.28,1.5,16.43,10.39,8.98,2.16,0.08,0.66
33.25,76.75,Zanskar,Ladakh,1.31,0.75,1.13,4.98,2.2,1.41,13.59,9.22,7.86,2.04,0.09,0.57
33.25,77.0,Zanskar,Ladakh,1.41,0.69,1.32,5.17,2.1,1.31,11.46,6.83,6.92,2.01,0.07,0.57
33.25,77.25,Zanskar,Ladakh,1.3,0.56,1.17,4.54,1.81,0.95,7.18,4.08,4.23,1.49,0.04,0.49
33.25,77.5,Unknown,Ladakh,0.71,0.39,0.58,1.81,1.04,0.5,2.5,1.22,1.71,0.65,0.01,0.35
33.25,77.75,Unknown,Ladakh,0.32,0.2,0.31,0.92,0.51,0.19,0.65,0.16,0.53,0.26,0.0,0.2
33.25,78.0,Unknown,Ladakh,0.08,0.09,0.12,0.42,0.23,0.03,0.3,0.02,0.21,0.07,0.0,0.11
33.25,78.25,Unknown,Ladakh,0.05,0.1,0.1,0.36,0.19,0.02,0.29,0.02,0.19,0.05,0.0,0.1
33.25,78.5,Unknown,Ladakh,0.05,0.1,0.1,0.36,0.19,0.01,0.29,0.02,0.19,0.05,0.0,0.1
33.25,78.75,Unknown,Ladakh,0.59,0.16,0.73,2.26,0.81,0.03,0.52,0.32,0.54,1.07,0.0,0.15
33.25,79.0,Unknown,Ladakh,0.86,0.2,1.04,3.28,1.12,0.04,0.65,0.52,0.74,1.6,0.0,0.17
33.25,79.25,Rutog County,Tibet,0.99,0.23,1.19,3.83,1.27,0.04,0.72,0.65,0.85,1.87,0.0,0.18
33.5,73.5,Rawalpindi District,Punjab,3.85,1.15,3.41,2.27,2.55,1.72,7.51,1.96,2.29,3.05,0.07,0.54
33.5,73.75,Kotli District,Azad Kashmir,3.86,1.27,3.63,2.43,2.58,1.71,7.49,2.02,2.31,3.09,0.08,0.57
33.5,74.0,Kotli District,Azad Kashmir,3.95,0.97,3.08,2.09,2.57,1.81,8.2,2.13,2.5,3.19,0.05,0.5
33.5,74.25,Rajauri,Jammu and Kashmir,3.91,0.85,2.87,1.86,2.47,1.82,8.3,2.06,2.48,3.12,0.02,0.45
33.5,74.5,Darhal,Jammu and Kashmir,4.85,1.13,3.33,2.3,2.53,2.18,10.05,2.64,3.27,4.24,0.01,0.49
33.5,74.75,Damhal Hanjipora,Jammu and Kashmir,6.25,2.05,5.23,3.66,1.85,1.72,5.58,1.33,2.25,5.57,0.0,0.73
33.5,75.0,Gool-Gulabgarh,Jammu and Kashmir,7.12,3.02,5.9,4.58,2.31,2.04,3.67,0.65,1.23,4.8,0.0,0.98
33.5,75.25,Dooru tehsil,Jammu and Kashmir,5.46,2.35,4.88,3.49,2.21,2.34,2.83,0.91,1.78,4.87,0.0,0.72
33.5,75.5,Chhatroo,Jammu and Kashmir,5.33,2.31,3.76,3.39,2.34,1.83,2.85,0.93,1.57,4.25,0.07,0.59
33.5,75.75,Chhatroo,Jammu and Kashmir,5.43,2.19,2.44,3.57,2.6,0.94,3.43,0.99,1.22,3.3,0.2,0.46
33.5,76.0,Marwah,Jammu and Kashmir,3.81,1.92,2.38,3.73,2.6,1.15,5.53,2.34,2.26,3.22,0.2,0.49
33.5,76.25,Atholi (Paddar),Jammu and Kashmir,1.53,1.63,1.3,4.79,2.43,1.23,12.81,7.83,6.56,2.39,0.19,0.62
33.5,76.5,Atholi (Paddar),Jammu and Kashmir,1.2,0.9,1.06,4.9,2.28,1.27,15.53,9.4,8.22,2.13,0.12,0.63
33.5,76.75,Zanskar,Ladakh,1.14,0.45,0.85,4.54,1.8,1.08,14.14,9.03,7.98,1.87,0.06,0.48
33.5,77.0,Zanskar,Ladakh,0.7,0.27,0.53,2.42,1.27,0.76,8.83,5.62,5.17,1.18,0.03,0.3
33.5,77.25,Zanskar,Ladakh,0.26,0.17,0.29,0.9,0.57,0.28,1.93,1.26,1.28,0.36,0.01,0.16
33.5,77.5,Unknown,Ladakh,0.14,0.12,0.15,0.54,0.32,0.08,0.76,0.29,0.46,0.13,0.0,0.13
33.5,77.75,Unknown,Ladakh,0.06,0.1,0.1,0.39,0.21,0.02,0.29,0.02,0.2,0.06,0.0,0.11
33.5,78.0,Unknown,Ladakh,0.05,0.1,0.1,0.36,0.19,0.02,0.29,0.02,0.19,0.05,0.0,0.1
33.5,78.25,Unknown,Ladakh,0.05,0.1,0.1,0.36,0.19,0.02,0.29,0.02,0.19,0.05,0.0,0.1
33.5,78.5,Unknown,Ladakh,0.05,0.1,0.1,0.36,0.19,0.02,0.29,0.02,0.19,0.05,0.0,0.1
33.5,78.75,Unknown,Ladakh,0.23,0.12,0.31,1.0,0.4,0.02,0.37,0.12,0.31,0.39,0.0,0.12
33.5,79.0,Rutog County,Tibet,0.55,0.16,0.67,2.14,0.76,0.03,0.51,0.32,0.52,0.99,0.0,0.14
33.5,79.25,Rutog County,Tibet,0.77,0.2,0.93,2.98,1.02,0.04,0.62,0.49,0.69,1.43,0.0,0.16
33.75,73.5,Murree District,Punjab,3.76,1.93,4.88,3.3,2.66,1.56,6.21,1.91,2.05,3.07,0.16,0.73
33.75,73.75,Sudhanoti District,Azad Kashmir,3.79,1.88,4.81,3.29,2.67,1.55,6.18,1.9,2.05,3.11,0.16,0.73
33.75,74.0,Poonch District,Azad Kashmir,3.93,1.97,4.98,3.58,2.86,1.56,5.98,1.97,2.05,3.25,0.19,0.81
33.75,74.25,Surankote tehsil,Jammu and Kashmir,4.22,2.04,5.21,4.06,3.14,1.56,5.54,2.01,2.04,3.56,0.23,0.96
33.75,74.5,Khansahib Tehsil,Jammu and Kashmir,4.4,1.98,5.62,4.66,2.61,1.13,3.12,1.34,1.51,4.16,0.21,0.97
33.75,74.75,Shopian,Jammu and Kashmir,4.94,1.39,4.72,3.51,1.43,1.08,2.91,0.56,1.53,4.61,0.0,0.7
33.75,75.0,Kulgam,Jammu and Kashmir,5.67,1.31,4.0,2.77,0.88,0.73,3.15,0.45,1.35,4.42,0.0,0.71
33.75,75.25,Anantnag,Jammu and Kashmir,5.31,2.0,4.65,3.71,2.07,1.87,4.09,1.2,2.14,4.75,0.01,0.72
33.75,75.5,Marwah,Jammu and Kashmir,5.23,2.18,4.14,3.61,2.21,1.87,3.69,1.21,1.97,4.53,0.05,0.66
33.75,75.75,Marwah,Jammu and Kashmir,5.29,2.15,3.19,3.34,2.05,1.24,3.44,1.05,1.6,3.87,0.11,0.54
33.75,76.0,Marwah,Jammu and Kashmir,3.78,1.65,2.6,2.5,1.72,1.01,2.8,0.85,1.36,3.26,0.11,0.42
33.75,76.25,Marwah,Jammu and Kashmir,1.75,1.08,1.17,2.58,1.53,0.77,10.49,5.79,5.57,2.24,0.09,0.35
33.75,76.5,Zanskar,Ladakh,0.9,0.43,0.59,2.85,1.43,0.79,13.96,8.11,7.6,1.92,0.08,0.36
33.75,76.75,Zanskar,Ladakh,0.48,0.16,0.21,1.76,0.95,0.59,8.7,6.18,5.25,1.11,0.02,0.24
33.75,77.0,Unknown,Ladakh,0.11,0.09,0.11,0.56,0.27,0.09,1.45,0.79,0.85,0.2,0.0,0.11
33.75,77.25,Unknown,Ladakh,0.05,0.08,0.09,0.36,0.19,0.02,0.49,0.14,0.29,0.07,0.0,0.09
33.75,77.5,Unknown,Ladakh,0.05,0.09,0.09,0.34,0.18,0.02,0.28,0.02,0.19,0.05,0.0,0.09
33.75,77.75,Unknown,Ladakh,0.05,0.09,0.1,0.34,0.18,0.01,0.28,0.02,0.19,0.05,0.0,0.1
33.75,78.0,Unknown,Ladakh,0.05,0.1,0.1,0.36,0.19,0.01,0.29,0.02,0.19,0.05,0.0,0.1
33.75,78.25,Unknown,Ladakh,0.05,0.1,0.1,0.36,0.19,0.01,0.29,0.02,0.19,0.05,0.0,0.1
33.75,78.5,Unknown,Ladakh,0.05,0.1,0.1,0.36,0.19,0.02,0.29,0.02,0.19,0.05,0.0,0.1
33.75,78.75,Unknown,Ladakh,0.05,0.1,0.1,0.36,0.19,0.02,0.29,0.02,0.19,0.05,0.0,0.1
33.75,79.0,Rutog County,Tibet,0.3,0.13,0.39,1.25,0.48,0.02,0.4,0.17,0.36,0.52,0.0,0.12
34.0,73.5,Murree District,Punjab,3.31,2.95,6.83,4.36,2.34,1.23,4.41,1.65,1.61,2.81,0.24,0.83
34.0,73.75,Bagh District,Azad Kashmir,3.38,3.0,6.95,4.5,2.41,1.21,4.23,1.65,1.59,2.89,0.25,0.86
34.0,74.0,Haveli District,Azad Kashmir,3.65,3.04,7.0,4.84,2.78,1.28,4.15,1.79,1.66,3.14,0.3,1.0
34.0,74.25,Haveli District,Azad Kashmir,4.43,3.31,7.36,5.93,3.97,1.53,4.12,2.31,1.92,3.78,0.44,1.44
34.0,74.5,Khag tehsil,Jammu and Kashmir,4.63,2.08,6.21,5.3,2.84,1.13,3.54,1.69,1.83,4.02,0.26,1.02
34.0,74.75,Badgam tehsil,Jammu and Kashmir,4.94,0.82,4.95,4.3,1.45,0.77,3.26,0.83,1.72,4.2,0.04,0.68
34.0,75.0,Pampore,Jammu and Kashmir,4.6,1.2,4.44,3.89,1.7,1.07,3.66,0.89,1.67,4.47,0.02,0.77
34.0,75.25,Pahalgam,Jammu and Kashmir,4.78,1.86,5.15,5.13,2.68,1.67,7.38,2.28,3.21,4.85,0.05,0.88
34.0,75.5,Marwah,Jammu and Kashmir,4.83,1.87,5.08,4.39,2.32,1.72,5.39,1.65,2.55,4.57,0.03,0.8
34.0,75.75,Marwah,Jammu and Kashmir,3.67,1.52,3.16,2.7,1.62,1.27,3.38,1.0,1.7,3.19,0.04,0.46
34.0,76.0,Sankoo tehsil,Ladakh,2.27,0.92,1.65,1.19,0.79,0.49,1.92,0.41,0.91,1.74,0.04,0.2
34.0,76.25,Sankoo tehsil,Ladakh,1.44,0.77,1.09,0.87,0.49,0.27,1.75,0.51,1.04,1.02,0.03,0.09
34.0,76.5,Sankoo tehsil,Ladakh,0.37,0.37,0.53,0.49,0.17,0.11,1.59,0.7,0.98,0.37,0.01,0.05
34.0,76.75,Unknown,Ladakh,0.11,0.13,0.16,0.35,0.15,0.06,0.84,0.35,0.51,0.17,0.0,0.07
34.0,77.0,Unknown,Ladakh,0.04,0.07,0.07,0.3,0.14,0.02,0.46,0.14,0.27,0.09,0.0,0.07
34.0,77.25,Unknown,Ladakh,0.05,0.08,0.09,0.32,0.17,0.02,0.27,0.02,0.18,0.06,0.0,0.09
34.0,77.5,Unknown,Ladakh,0.05,0.09,0.09,0.34,0.18,0.02,0.28,0.02,0.19,0.05,0.0,0.09
34.0,77.75,Unknown,Ladakh,0.05,0.09,0.1,0.34,0.18,0.01,0.28,0.02,0.19,0.05,0.0,0.1
34.0,78.0,Unknown,Ladakh,0.05,0.09,0.1,0.35,0.18,0.01,0.28,0.02,0.19,0.05,0.0,0.1
34.0,78.25,Unknown,Ladakh,0.05,0.09,0.1,0.36,0.19,0.01,0.29,0.02,0.19,0.05,0.0,0.1
34.0,78.5,Unknown,Ladakh,0.05,0.1,0.1,0.36,0.19,0.01,0.29,0.02,0.19,0.05,0.0,0.1
34.0,78.75,Rutog County,Tibet,0.05,0.1,0.1,0.36,0.19,0.02,0.29,0.02,0.19,0.05,0.0,0.1
34.0,79.0,Rutog County,Tibet,0.18,0.11,0.24,0.81,0.34,0.01,0.34,0.09,0.28,0.29,0.0,0.11
34.25,73.5,Muzaffarabad District,Azad Kashmir,2.96,3.37,7.65,4.79,2.02,1.01,3.53,1.44,1.33,2.61,0.26,0.82
34.25,73.75,Hattian Bala District,Azad Kashmir,3.01,3.3,7.56,4.92,2.06,0.98,3.36,1.42,1.31,2.71,0.26,0.83
34.25,74.0,Boniyar,Jammu and Kashmir,2.85,3.31,7.62,4.79,1.83,0.92,3.28,1.32,1.24,2.58,0.24,0.76
34.25,74.25,Rafiabad,Jammu and Kashmir,2.98,3.34,7.64,4.88,2.01,0.98,3.36,1.41,1.3,2.66,0.26,0.82
34.25,74.5,Sopore,Jammu and Kashmir,4.09,1.36,5.61,5.74,1.73,0.65,3.53,1.38,1.7,3.54,0.15,0.71
34.25,74.75,Lar,Jammu and Kashmir,5.47,0.93,6.33,6.02,1.7,0.68,4.33,1.66,2.86,3.8,0.1,0.82
34.25,75.0,Kangan,Jammu and Kashmir,3.67,1.2,6.71,5.44,2.1,0.62,3.86,1.26,2.44,3.35,0.12,0.97
34.25,75.25,Kangan,Jammu and Kashmir,4.39,1.54,5.62,5.13,2.38,1.23,5.74,1.77,2.79,4.27,0.07,0.9
34.25,75.5,Drass,Ladakh,4.08,1.4,5.21,4.7,2.15,1.02,4.81,1.53,2.47,3.81,0.08,0.8
34.25,75.75,Sankoo tehsil,Ladakh,1.98,0.86,1.88,1.39,0.83,0.46,1.95,0.43,1.07,1.69,0.02,0.21
34.25,76.0,Sankoo tehsil,Ladakh,1.48,0.62,1.0,0.6,0.44,0.15,1.17,0.11,0.66,0.93,0.01,0.05
34.25,76.25,Sankoo tehsil,Ladakh,0.9,0.54,0.82,0.42,0.16,0.07,0.75,0.04,0.46,0.58,0.01,0.03
34.25,76.5,Kargil Tehsil,Ladakh,0.32,0.42,0.62,0.33,0.07,0.05,0.5,0.03,0.35,0.31,0.01,0.02
34.25,76.75,Unknown,Ladakh,0.09,0.1,0.16,0.25,0.1,0.03,0.29,0.02,0.2,0.12,0.0,0.05
34.25,77.0,Unknown,Ladakh,0.03,0.05,0.05,0.22,0.09,0.02,0.24,0.03,0.17,0.09,0.0,0.05
34.25,77.25,Unknown,Ladakh,0.05,0.08,0.09,0.33,0.16,0.02,0.28,0.02,0.18,0.06,0.0,0.09
34.25,77.5,Unknown,Ladakh,0.05,0.09,0.1,0.35,0.19,0.01,0.28,0.02,0.19,0.05,0.0,0.1
34.25,77.75,Unknown,Ladakh,0.05,0.08,0.09,0.32,0.17,0.02,0.28,0.02,0.18,0.06,0.0,0.09
34.25,78.0,Unknown,Ladakh,0.05,0.08,0.09,0.32,0.17,0.02,0.28,0.02,0.18,0.06,0.0,0.09
34.25,78.25,Unknown,Ladakh,0.05,0.09,0.1,0.34,0.18,0.01,0.28,0.02,0.19,0.05,0.0,0.1
34.25,78.5,Unknown,Ladakh,0.05,0.1,0.1,0.36,0.19,0.01,0.29,0.02,0.19,0.05,0.0,0.1
34.25,78.75,Unknown,Ladakh,0.05,0.1,0.1,0.36,0.19,0.02,0.29,0.02,0.19,0.05,0.0,0.1
34.25,79.0,Rutog County,Tibet,0.11,0.1,0.17,0.58,0.26,0.01,0.31,0.05,0.23,0.17,0.0,0.11
34.25,79.25,Rutog County,Tibet,0.23,0.12,0.31,1.02,0.4,0.02,0.37,0.13,0.32,0.4,0.0,0.12
34.25,79.5,Rutog County,Tibet,0.39,0.14,0.49,1.59,0.58,0.02,0.44,0.24,0.43,0.69,0.0,0.13
34.5,73.25,Mansehra District,Khyber Pakhtunkhwa,2.55,3.57,8.09,4.5,1.43,0.85,3.22,1.18,1.17,2.22,0.22,0.65
34.5,73.5,Muzaffarabad District,Azad Kashmir,2.68,3.45,7.85,4.68,1.63,0.88,3.25,1.26,1.2,2.38,0.23,0.71
34.5,73.75,Neelam Valley District,Azad Kashmir,2.7,3.29,7.58,4.77,1.68,0.87,3.22,1.26,1.18,2.48,0.23,0.72
34.5,74.0,Kupwara,Jammu and Kashmir,2.5,3.32,7.68,4.59,1.39,0.79,3.12,1.12,1.1,2.3,0.21,0.62
34.5,74.25,Handwara tehsil,Jammu and Kashmir,2.25,3.4,7.85,4.39,1.05,0.71,3.03,0.98,1.0,2.07,0.18,0.52
34.5,74.5,Bandipora,Jammu and Kashmir,1.78,1.59,4.65,5.63,1.07,0.25,2.59,0.76,0.5,2.66,0.13,0.46
34.5,74.75,Bandipora,Jammu and Kashmir,2.51,1.38,5.06,5.71,1.31,0.35,3.07,0.94,1.07,2.9,0.13,0.59
34.5,75.0,Bāramūla,Jammu and Kashmir,4.0,1.16,6.3,5.54,1.89,0.59,3.75,1.27,2.21,3.35,0.12,0.89
34.5,75.25,Bāramūla,Jammu and Kashmir,4.33,1.33,6.18,5.45,2.18,0.9,4.81,1.6,2.71,3.8,0.1,0.92
34.5,75.5,Drass,Ladakh,2.44,0.96,3.04,2.5,1.16,0.5,2.73,0.75,1.49,2.21,0.05,0.41
34.5,75.75,Drass,Ladakh,1.33,0.6,1.09,0.65,0.39,0.13,1.05,0.11,0.68,0.99,0.02,0.07
34.5,76.0,Drass,Ladakh,1.19,0.55,0.8,0.37,0.33,0.06,0.8,0.02,0.57,0.79,0.01,0.02
34.5,76.25,Kargil Tehsil,Ladakh,0.51,0.54,0.79,0.37,0.09,0.06,0.6,0.02,0.41,0.46,0.01,0.02
34.5,76.5,Kargil Tehsil,Ladakh,0.32,0.45,0.65,0.33,0.05,0.06,0.49,0.02,0.33,0.33,0.01,0.02
34.5,76.75,Unknown,Ladakh,0.05,0.07,0.09,0.17,0.05,0.03,0.24,0.03,0.18,0.12,0.0,0.03
34.5,77.0,Unknown,Ladakh,0.02,0.03,0.02,0.14,0.04,0.03,0.21,0.03,0.16,0.1,0.0,0.02
34.5,77.25,Unknown,Ladakh,0.01,0.02,0.01,0.12,0.03,0.03,0.2,0.03,0.15,0.1,0.0,0.01
34.5,77.5,Unknown,Ladakh,0.02,0.04,0.03,0.17,0.07,0.03,0.22,0.03,0.16,0.09,0.0,0.03
34.5,77.75,Unknown,Ladakh,0.04,0.07,0.07,0.28,0.14,0.02,0.26,0.02,0.18,0.07,0.0,0.07
34.5,78.0,Unknown,Ladakh,0.04,0.07,0.08,0.29,0.15,0.02,0.26,0.02,0.18,0.07,0.0,0.08
34.5,78.25,Unknown,Ladakh,0.04,0.08,0.08,0.31,0.16,0.02,0.27,0.02,0.18,0.06,0.0,0.08
34.5,78.5,Unknown,Ladakh,0.05,0.09,0.1,0.35,0.19,0.01,0.28,0.02,0.19,0.05,0.0,0.1
34.5,78.75,Hotan County,Xinjiang,0.05,0.1,0.1,0.36,0.19,0.02,0.29,0.02,0.19,0.05,0.0,0.1
34.5,79.0,Hotan County,Xinjiang,0.08,0.1,0.13,0.47,0.23,0.01,0.3,0.04,0.21,0.11,0.0,0.11
34.5,79.25,Hotan County,Xinjiang,0.16,0.11,0.22,0.75,0.32,0.01,0.33,0.09,0.27,0.26,0.0,0.11
34.5,79.5,Hotan County,Xinjiang,0.27,0.13,0.36,1.17,0.45,0.02,0.39,0.16,0.35,0.47,0.0,0.12
34.5,79.75,Hotan County,Xinjiang,0.41,0.15,0.52,1.67,0.6,0.02,0.46,0.27,0.45,0.74,0.0,0.13
34.75,73.25,Mansehra District,Khyber Pakhtunkhwa,2.31,3.6,8.18,4.31,1.09,0.76,3.11,1.03,1.07,2.02,0.19,0.55
34.75,73.5,Mansehra District,Khyber Pakhtunkhwa,2.43,3.45,7.9,4.51,1.31,0.79,3.13,1.11,1.1,2.19,0.2,0.61
34.75,73.75,Neelam Valley District,Azad Kashmir,2.42,3.23,7.5,4.67,1.36,0.75,3.07,1.1,1.05,2.3,0.2,0.61
34.75,74.0,Neelam Valley District,Azad Kashmir,2.44,3.03,7.23,4.84,1.34,0.7,3.08,1.1,1.06,2.36,0.19,0.61
34.75,74.25,Neelam Valley District,Azad Kashmir,2.42,2.76,6.83,5.0,1.28,0.63,3.05,1.07,1.03,2.42,0.18,0.59
34.75,74.5,Kupwara,Jammu and Kashmir,2.19,2.0,5.82,5.45,1.14,0.4,3.02,0.94,0.96,2.58,0.14,0.54
34.75,74.75,Neelam Valley District,Azad Kashmir,2.78,1.35,5.28,5.72,1.4,0.39,3.24,1.02,1.31,2.98,0.13,0.64
34.75,75.0,Astore District,Gilgit-Baltistan,3.4,1.25,5.95,5.69,1.68,0.5,3.58,1.19,1.89,3.17,0.12,0.79
34.75,75.25,Astore District,Gilgit-Baltistan,3.74,1.38,5.86,5.31,2.08,0.82,4.31,1.4,2.27,3.64,0.11,0.85
34.75,75.5,Skardu District,Gilgit-Baltistan,2.06,0.82,2.54,1.98,0.88,0.34,2.03,0.5,1.19,1.79,0.04,0.31
34.75,75.75,Skardu District,Gilgit-Baltistan,1.27,0.59,1.08,0.63,0.36,0.12,0.98,0.1,0.66,0.95,0.02,0.07
34.75,76.0,Kharmang District,Gilgit-Baltistan,1.09,0.55,0.82,0.39,0.26,0.06,0.75,0.02,0.55,0.77,0.01,0.02
34.75,76.25,Kharmang District,Gilgit-Baltistan,0.41,0.53,0.77,0.36,0.04,0.06,0.55,0.02,0.38,0.4,0.01,0.02
34.75,76.5,Unknown,Ladakh,0.33,0.46,0.66,0.32,0.03,0.06,0.49,0.02,0.33,0.34,0.01,0.02
34.75,76.75,Unknown,Ladakh,0.08,0.11,0.15,0.14,0.03,0.04,0.26,0.03,0.18,0.16,0.0,0.0
34.75,77.0,Unknown,Ladakh,0.01,0.02,0.01,0.1,0.02,0.03,0.19,0.03,0.15,0.11,0.0,0.01
34.75,77.25,Unknown,Ladakh,0.01,0.01,0.0,0.09,0.02,0.03,0.19,0.03,0.15,0.11,0.0,0.0
34.75,77.5,Unknown,Ladakh,0.01,0.02,0.02,0.12,0.04,0.03,0.2,0.03,0.15,0.1,0.0,0.02
34.75,77.75,Unknown,Ladakh,0.02,0.04,0.03,0.17,0.07,0.03,0.22,0.03,0.16,0.09,0.0,0.03
34.75,78.0,Unknown,Ladakh,0.03,0.05,0.04,0.2,0.09,0.02,0.23,0.03,0.17,0.08,0.0,0.04
34.75,78.25,Hotan County,Xinjiang,0.03,0.07,0.06,0.26,0.13,0.02,0.25,0.02,0.17,0.07,0.0,0.06
34.75,78.5,Hotan County,Xinjiang,0.04,0.08,0.09,0.31,0.16,0.02,0.27,0.02,0.18,0.06,0.0,0.09
34.75,78.75,Hotan County,Xinjiang,0.05,0.1,0.1,0.36,0.19,0.02,0.29,0.02,0.19,0.05,0.0,0.1
34.75,79.0,Hotan County,Xinjiang,0.06,0.1,0.11,0.42,0.21,0.01,0.29,0.02,0.2,0.08,0.0,0.1
34.75,79.25,Hotan County,Xinjiang,0.11,0.1,0.17,0.58,0.26,0.01,0.31,0.05,0.23,0.17,0.0,0.11
34.75,79.5,Hotan County,Xinjiang,0.19,0.11,0.26,0.88,0.36,0.02,0.35,0.11,0.29,0.32,0.0,0.11
34.75,79.75,Hotan County,Xinjiang,0.3,0.13,0.39,1.27,0.48,0.02,0.4,0.19,0.37,0.53,0.0,0.12
34.75,80.0,Rutog County,Tibet,0.42,0.15,0.53,1.73,0.62,0.03,0.47,0.3,0.47,0.77,0.0,0.13
35.0,73.75,Mansehra District,Khyber Pakhtunkhwa,2.24,3.2,7.47,4.6,1.14,0.68,2.98,1.0,0.97,2.18,0.18,0.55
35.0,74.0,Mansehra District,Khyber Pakhtunkhwa,2.25,2.91,7.0,4.83,1.18,0.63,2.94,1.0,0.94,2.3,0.18,0.55
35.0,74.25,Neelam Valley District,Azad Kashmir,2.25,2.51,6.37,5.12,1.2,0.54,2.9,0.98,0.9,2.45,0.17,0.55
35.0,74.5,Neelam Valley District,Azad Kashmir,2.14,2.16,5.97,5.15,1.15,0.44,2.88,0.87,0.88,2.52,0.15,0.53
35.0,74.75,Astore District,Gilgit-Baltistan,2.55,1.6,5.53,5.35,1.41,0.43,3.02,0.91,1.16,2.86,0.13,0.63
35.0,75.0,Astore District,Gilgit-Baltistan,3.16,1.28,5.67,5.65,1.58,0.46,3.39,1.1,1.63,3.1,0.13,0.73
35.0,75.25,Skardu District,Gilgit-Baltistan,2.78,1.23,5.02,4.8,1.5,0.41,2.82,0.88,1.42,2.79,0.11,0.65
35.0,75.5,Skardu District,Gilgit-Baltistan,1.73,0.74,2.13,1.57,0.67,0.25,1.59,0.36,0.99,1.55,0.04,0.24
35.0,75.75,Kharmang District,Gilgit-Baltistan,1.21,0.58,1.04,0.59,0.31,0.09,0.89,0.08,0.63,0.92,0.02,0.06
35.0,76.0,Kharmang District,Gilgit-Baltistan,0.71,0.54,0.8,0.37,0.14,0.06,0.64,0.02,0.46,0.58,0.01,0.02
35.0,76.25,Kharmang District,Gilgit-Baltistan,0.38,0.52,0.75,0.35,0.02,0.06,0.53,0.02,0.37,0.38,0.01,0.02
35.0,76.5,Ghanche District,Gilgit-Baltistan,0.31,0.43,0.62,0.31,0.02,0.06,0.48,0.02,0.33,0.33,0.01,0.02
35.0,76.75,Ghanche District,Gilgit-Baltistan,0.07,0.1,0.13,0.13,0.02,0.04,0.25,0.03,0.18,0.15,0.0,0.0
35.0,77.0,Unknown,Ladakh,0.01,0.02,0.01,0.1,0.02,0.03,0.2,0.03,0.15,0.11,0.0,0.01
35.0,77.25,Unknown,Ladakh,0.01,0.02,0.01,0.11,0.03,0.03,0.2,0.03,0.15,0.1,0.0,0.01
35.0,77.5,Unknown,Ladakh,0.01,0.02,0.01,0.11,0.03,0.03,0.2,0.03,0.15,0.1,0.0,0.01
35.0,77.75,Unknown,Ladakh,0.01,0.02,0.02,0.13,0.04,0.03,0.2,0.03,0.15,0.1,0.0,0.02
35.0,78.0,Unknown,Ladakh,0.02,0.03,0.02,0.14,0.06,0.03,0.21,0.03,0.16,0.1,0.0,0.02
35.0,78.25,Hotan County,Xinjiang,0.02,0.04,0.03,0.16,0.07,0.03,0.22,0.03,0.16,0.09,0.0,0.03
35.0,78.5,Hotan County,Xinjiang,0.02,0.04,0.03,0.18,0.08,0.03,0.22,0.03,0.16,0.09,0.0,0.03
35.0,78.75,Hotan County,Xinjiang,0.04,0.07,0.07,0.27,0.14,0.02,0.26,0.02,0.18,0.07,0.0,0.07
35.0,79.0,Hotan County,Xinjiang,0.05,0.08,0.09,0.34,0.17,0.02,0.27,0.02,0.18,0.07,0.0,0.09
35.0,79.25,Hotan County,Xinjiang,0.08,0.09,0.13,0.46,0.22,0.01,0.29,0.04,0.2,0.12,0.0,0.1
35.0,79.5,Hotan County,Xinjiang,0.14,0.1,0.2,0.66,0.29,0.01,0.32,0.07,0.25,0.22,0.0,0.1
35.0,79.75,Hotan County,Xinjiang,0.22,0.11,0.29,0.97,0.38,0.02,0.36,0.13,0.31,0.37,0.0,0.11
35.0,80.0,Hotan County,Xinjiang,0.32,0.13,0.41,1.35,0.5,0.02,0.42,0.22,0.39,0.57,0.0,0.12
35.25,73.75,Diamer District,Gilgit-Baltistan,2.11,3.21,7.49,4.52,0.97,0.63,2.91,0.92,0.92,2.08,0.17,0.49
35.25,74.0,Diamer District,Gilgit-Baltistan,2.05,2.85,6.86,4.78,1.02,0.56,2.81,0.9,0.83,2.23,0.16,0.49
35.25,74.25,Diamer District,Gilgit-Baltistan,2.02,2.44,6.17,5.09,1.06,0.47,2.74,0.88,0.76,2.38,0.16,0.49
35.25,74.5,Diamer District,Gilgit-Baltistan,2.02,2.11,5.75,5.22,1.11,0.41,2.76,0.85,0.78,2.51,0.14,0.51
35.25,74.75,Astore District,Gilgit-Baltistan,2.21,1.73,5.48,5.42,1.28,0.39,2.95,0.88,0.96,2.72,0.14,0.57
35.25,75.0,Astore District,Gilgit-Baltistan,2.77,1.34,5.4,5.63,1.48,0.41,3.19,1.0,1.35,3.0,0.13,0.67
35.25,75.25,Skardu District,Gilgit-Baltistan,2.19,1.09,4.06,3.88,1.13,0.32,2.35,0.68,1.12,2.38,0.09,0.49
35.25,75.5,Skardu District,Gilgit-Baltistan,1.28,0.64,1.53,1.06,0.37,0.12,1.02,0.17,0.68,1.21,0.03,0.13
35.25,75.75,Skardu District,Gilgit-Baltistan,1.07,0.55,0.85,0.42,0.18,0.06,0.69,0.03,0.52,0.82,0.01,0.03
35.25,76.0,Ghanche District,Gilgit-Baltistan,0.4,0.55,0.8,0.37,0.03,0.06,0.55,0.02,0.38,0.44,0.01,0.02
35.25,76.25,Ghanche District,Gilgit-Baltistan,0.38,0.53,0.77,0.36,0.03,0.06,0.54,0.02,0.37,0.4,0.01,0.02
35.25,76.5,Ghanche District,Gilgit-Baltistan,0.29,0.4,0.57,0.29,0.02,0.05,0.45,0.02,0.31,0.31,0.01,0.01
35.25,76.75,Ghanche District,Gilgit-Baltistan,0.05,0.08,0.09,0.11,0.02,0.03,0.23,0.03,0.17,0.14,0.0,0.0
35.25,77.0,Unknown,Ladakh,0.01,0.01,0.0,0.08,0.02,0.03,0.19,0.03,0.15,0.11,0.0,0.0
35.25,77.25,Unknown,Ladakh,0.01,0.02,0.01,0.09,0.02,0.03,0.19,0.03,0.15,0.11,0.0,0.0
35.25,77.5,Unknown,Ladakh,0.01,0.02,0.0,0.09,0.02,0.03,0.19,0.03,0.15,0.11,0.0,0.0
35.25,77.75,Unknown,Ladakh,0.01,0.02,0.01,0.1,0.03,0.03,0.19,0.03,0.15,0.11,0.0,0.0
35.25,78.0,Unknown,Ladakh,0.01,0.02,0.01,0.1,0.03,0.03,0.19,0.03,0.15,0.11,0.0,0.0
35.25,78.25,Hotan County,Xinjiang,0.01,0.01,0.0,0.08,0.02,0.03,0.19,0.03,0.15,0.11,0.0,0.0
35.25,78.5,Hotan County,Xinjiang,0.01,0.01,0.0,0.08,0.02,0.03,0.19,0.03,0.15,0.11,0.0,0.0
35.25,78.75,Hotan County,Xinjiang,0.02,0.04,0.03,0.17,0.08,0.03,0.22,0.03,0.16,0.09,0.0,0.03
35.25,79.0,Hotan County,Xinjiang,0.03,0.06,0.06,0.25,0.12,0.02,0.25,0.02,0.17,0.08,0.0,0.06
35.25,79.25,Hotan County,Xinjiang,0.05,0.07,0.09,0.36,0.17,0.02,0.27,0.03,0.19,0.1,0.0,0.08
35.25,79.5,Hotan County,Xinjiang,0.1,0.09,0.14,0.51,0.22,0.02,0.29,0.05,0.22,0.16,0.0,0.09
35.25,79.75,Hotan County,Xinjiang,0.16,0.1,0.22,0.74,0.31,0.01,0.33,0.09,0.26,0.27,0.0,0.1
35.25,80.0,Hotan County,Xinjiang,0.24,0.12,0.32,1.05,0.4,0.02,0.37,0.15,0.33,0.42,0.0,0.11
35.5,73.5,Upper Kohistan District,Khyber Pakhtunkhwa,2.19,3.63,8.26,4.2,0.92,0.72,3.05,0.96,1.03,1.91,0.17,0.49
35.5,73.75,Upper Kohistan District,Khyber Pakhtunkhwa,2.12,3.34,7.74,4.41,0.94,0.66,2.95,0.93,0.95,2.01,0.17,0.49
35.5,74.0,Diamer District,Gilgit-Baltistan,1.99,2.8,6.77,4.79,0.97,0.53,2.76,0.87,0.8,2.21,0.16,0.48
35.5,74.25,Diamer District,Gilgit-Baltistan,1.89,2.37,6.0,5.09,1.0,0.43,2.61,0.83,0.68,2.36,0.15,0.47
35.5,74.5,Diamer District,Gilgit-Baltistan,1.83,1.99,5.35,5.35,1.05,0.35,2.52,0.8,0.6,2.51,0.14,0.47
35.5,74.75,Astore District,Gilgit-Baltistan,1.89,1.66,4.95,5.54,1.14,0.3,2.64,0.79,0.64,2.67,0.14,0.5
35.5,75.0,Skardu District,Gilgit-Baltistan,2.14,1.45,4.92,5.6,1.28,0.32,2.83,0.84,0.84,2.82,0.13,0.56
35.5,75.25,Skardu District,Gilgit-Baltistan,1.7,1.07,3.42,3.52,0.86,0.24,1.94,0.55,0.8,2.16,0.08,0.38
35.5,75.5,Shigar District,Gilgit-Baltistan,0.93,0.56,0.91,0.48,0.12,0.06,0.67,0.03,0.48,0.97,0.01,0.03
35.5,75.75,Shigar District,Gilgit-Baltistan,1.01,0.55,0.8,0.37,0.13,0.06,0.64,0.02,0.55,0.7,0.01,0.02
35.5,76.0,Shigar District,Gilgit-Baltistan,0.4,0.55,0.8,0.37,0.03,0.06,0.55,0.02,0.38,0.44,0.01,0.02
35.5,76.25,Ghanche District,Gilgit-Baltistan,0.39,0.53,0.78,0.36,0.03,0.06,0.54,0.02,0.37,0.42,0.01,0.02
35.5,76.5,Ghanche District,Gilgit-Baltistan,0.26,0.36,0.51,0.27,0.02,0.05,0.43,0.02,0.3,0.31,0.01,0.01
35.5,76.75,Shigar District,Gilgit-Baltistan,0.02,0.03,0.03,0.09,0.02,0.03,0.2,0.03,0.15,0.12,0.0,0.0
35.5,77.0,Unknown,Ladakh,0.01,0.01,0.0,0.08,0.02,0.03,0.19,0.03,0.15,0.11,0.0,0.0
35.5,77.25,Unknown,Ladakh,0.01,0.01,0.0,0.08,0.02,0.03,0.19,0.03,0.15,0.11,0.0,0.0
35.5,77.5,Unknown,Xinjiang,0.01,0.01,0.0,0.08,0.02,0.03,0.19,0.03,0.15,0.11,0.0,0.0
35.5,77.75,Unknown,Xinjiang,0.01,0.01,0.0,0.08,0.02,0.03,0.19,0.03,0.15,0.11,0.0,0.0
35.5,78.0,Unknown,Xinjiang,0.01,0.01,0.0,0.08,0.02,0.03,0.19,0.03,0.15,0.11,0.0,0.0
35.5,78.25,Hotan County,Xinjiang,0.01,0.01,0.0,0.08,0.02,0.03,0.19,0.03,0.15,0.11,0.0,0.0
35.5,78.5,Hotan County,Xinjiang,0.01,0.01,0.0,0.08,0.02,0.03,0.19,0.03,0.15,0.11,0.0,0.0
35.5,78.75,Hotan County,Xinjiang,0.01,0.03,0.02,0.13,0.05,0.03,0.21,0.03,0.15,0.1,0.0,0.02
35.5,79.0,Hotan County,Xinjiang,0.02,0.05,0.04,0.19,0.08,0.03,0.23,0.03,0.16,0.09,0.0,0.04
35.5,79.25,Hotan County,Xinjiang,0.04,0.06,0.07,0.28,0.13,0.02,0.25,0.02,0.17,0.1,0.0,0.06
35.5,79.5,Hotan County,Xinjiang,0.07,0.07,0.1,0.39,0.18,0.02,0.27,0.04,0.19,0.13,0.0,0.08
35.5,79.75,Hotan County,Xinjiang,0.11,0.09,0.16,0.56,0.24,0.02,0.29,0.06,0.23,0.2,0.0,0.09
35.5,80.0,Hotan County,Xinjiang,0.18,0.1,0.24,0.81,0.32,0.01,0.34,0.11,0.28,0.31,0.0,0.1
35.5,80.25,Hotan County,Xinjiang,0.26,0.12,0.34,1.11,0.42,0.02,0.38,0.18,0.34,0.46,0.0,0.11
35.75,73.0,Upper Kohistan District,Khyber Pakhtunkhwa,0.08,0.11,0.25,0.13,0.04,0.6,1.21,0.03,5.87,1.95,0.01,0.02
35.75,73.25,Tangir District,Gilgit-Baltistan,0.66,1.06,2.42,1.26,0.3,0.64,1.72,0.29,4.53,1.95,0.05,0.15
35.75,73.5,Darel District,Gilgit-Baltistan,1.68,2.77,6.31,3.22,0.71,0.69,2.6,0.73,2.19,1.92,0.13,0.38
35.75,73.75,Darel District,Gilgit-Baltistan,2.19,3.63,8.26,4.2,0.92,0.72,3.05,0.96,1.03,1.91,0.17,0.49
35.75,74.0,Darel District,Gilgit-Baltistan,1.99,2.82,6.8,4.78,0.97,0.54,2.76,0.88,0.8,2.2,0.16,0.48
35.75,74.25,Gilgit District,Gilgit-Baltistan,1.78,1.95,5.25,5.38,1.03,0.33,2.46,0.78,0.56,2.51,0.14,0.46
35.75,74.5,Gilgit District,Gilgit-Baltistan,1.7,1.61,4.63,5.63,1.05,0.25,2.33,0.74,0.46,2.63,0.14,0.45
35.75,74.75,Astore District,Gilgit-Baltistan,1.68,1.51,4.45,5.7,1.06,0.23,2.3,0.74,0.43,2.68,0.13,0.45
35.75,75.0,Skardu District,Gilgit-Baltistan,1.68,1.51,4.45,5.7,1.06,0.23,2.86,0.74,0.43,2.68,0.13,0.45
35.75,75.25,Skardu District,Gilgit-Baltistan,0.92,0.88,2.06,2.22,0.38,0.12,1.17,0.27,0.4,1.77,0.05,0.17
35.75,75.5,Shigar District,Gilgit-Baltistan,0.71,0.55,0.8,0.37,0.06,0.06,0.6,0.02,0.42,1.11,0.01,0.02
35.75,75.75,Shigar District,Gilgit-Baltistan,0.86,0.55,0.8,0.37,0.1,0.06,0.62,0.02,0.48,0.9,0.01,0.02
35.75,76.0,Shigar District,Gilgit-Baltistan,0.55,0.55,0.8,0.37,0.05,0.06,0.58,0.02,0.41,0.59,0.01,0.02
35.75,76.25,Shigar District,Gilgit-Baltistan,0.4,0.55,0.8,0.37,0.03,0.06,0.55,0.02,0.38,0.42,0.01,0.02
35.75,76.5,Shigar District,Gilgit-Baltistan,0.14,0.2,0.28,0.18,0.02,0.04,0.32,0.03,0.23,0.23,0.0,0.01
35.75,76.75,Unknown,Xinjiang,0.01,0.01,0.0,0.08,0.02,0.03,0.19,0.03,0.15,0.12,0.0,0.0
35.75,77.0,Unknown,Xinjiang,0.01,0.01,0.0,0.08,0.02,0.03,0.19,0.03,0.15,0.12,0.0,0.0
35.75,77.25,Unknown,Xinjiang,0.01,0.01,0.0,0.08,0.02,0.03,0.19,0.03,0.15,0.11,0.0,0.0
35.75,77.75,Unknown,Xinjiang,0.01,0.01,0.0,0.08,0.02,0.03,0.19,0.03,0.15,0.11,0.0,0.0
35.75,78.0,Unknown,Xinjiang,0.01,0.01,0.0,0.08,0.02,0.03,0.19,0.03,0.15,0.11,0.0,0.0
35.75,78.25,Unknown,Xinjiang,0.01,0.01,0.0,0.08,0.02,0.03,0.19,0.03,0.15,0.11,0.0,0.0
35.75,78.5,Unknown,Xinjiang,0.01,0.01,0.0,0.08,0.02,0.03,0.19,0.03,0.15,0.11,0.0,0.0
35.75,78.75,Hotan County,Xinjiang,0.01,0.02,0.01,0.1,0.03,0.03,0.19,0.03,0.15,0.1,0.0,0.01
35.75,79.0,Hotan County,Xinjiang,0.02,0.03,0.02,0.15,0.06,0.03,0.21,0.03,0.16,0.1,0.0,0.02
35.75,79.25,Hotan County,Xinjiang,0.03,0.05,0.04,0.2,0.09,0.03,0.23,0.03,0.17,0.1,0.0,0.04
35.75,79.5,Hotan County,Xinjiang,0.04,0.06,0.07,0.3,0.14,0.02,0.25,0.03,0.18,0.11,0.0,0.06
35.75,79.75,Hotan County,Xinjiang,0.08,0.07,0.11,0.43,0.19,0.02,0.27,0.05,0.21,0.16,0.0,0.07
35.75,80.0,Hotan County,Xinjiang,0.13,0.09,0.18,0.62,0.25,0.02,0.3,0.08,0.24,0.23,0.0,0.09
35.75,80.25,Chira County,Xinjiang,0.19,0.1,0.26,0.86,0.34,0.02,0.34,0.12,0.29,0.34,0.0,0.1
36.0,72.5,Unknown,Khyber Pakhtunkhwa,0.0,0.0,0.0,0.0,0.0,0.58,1.15,0.0,6.09,1.99,0.0,0.0
36.0,72.75,Gupis-Yasin District,Gilgit-Baltistan,0.0,0.0,0.0,0.0,0.01,0.59,1.15,0.0,6.07,1.98,0.0,0.0
36.0,73.0,Gupis-Yasin District,Gilgit-Baltistan,0.04,0.05,0.12,0.07,0.01,0.6,1.18,0.01,5.97,1.96,0.0,0.01
36.0,73.25,Gupis-Yasin District,Gilgit-Baltistan,0.35,0.56,1.27,0.66,0.15,0.62,1.46,0.15,5.25,1.96,0.03,0.08
36.0,73.5,Gupis-Yasin District,Gilgit-Baltistan,1.02,1.67,3.8,1.94,0.44,0.66,2.03,0.44,3.72,1.94,0.08,0.23
36.0,73.75,Ghizer District,Gilgit-Baltistan,1.6,2.65,6.03,3.07,0.67,0.69,2.54,0.7,2.37,1.93,0.13,0.36
36.0,74.0,Ghizer District,Gilgit-Baltistan,1.8,2.73,6.41,3.93,0.82,0.61,2.65,0.79,1.58,2.07,0.14,0.42
36.0,74.25,Gilgit District,Gilgit-Baltistan,1.75,2.07,5.37,5.0,0.97,0.39,2.48,0.77,0.86,2.42,0.14,0.44
36.0,74.5,Gilgit District,Gilgit-Baltistan,1.68,1.51,4.45,5.7,1.06,0.23,2.32,0.74,0.43,2.68,0.13,0.45
36.0,74.75,Gilgit District,Gilgit-Baltistan,1.68,1.51,4.45,5.7,1.06,0.23,2.31,0.74,0.43,2.68,0.13,0.45
36.0,75.0,Shigar District,Gilgit-Baltistan,1.68,1.51,4.45,5.7,1.06,0.23,2.58,0.74,0.43,2.68,0.13,0.45
36.0,75.25,Shigar District,Gilgit-Baltistan,1.3,1.2,3.26,3.96,0.72,0.17,1.88,0.5,0.41,2.22,0.09,0.31
36.0,75.5,Shigar District,Gilgit-Baltistan,0.88,0.76,1.62,1.57,0.27,0.1,1.02,0.18,0.41,1.51,0.04,0.12
36.0,75.75,Shigar District,Gilgit-Baltistan,0.74,0.55,0.8,0.37,0.07,0.06,0.61,0.02,0.44,1.05,0.01,0.02
36.0,76.0,Shigar District,Gilgit-Baltistan,0.64,0.55,0.8,0.37,0.06,0.06,0.59,0.02,0.43,0.82,0.01,0.02
36.0,76.25,Unknown,Xinjiang,0.52,0.55,0.8,0.37,0.04,0.06,0.57,0.02,0.4,0.62,0.01,0.02
36.0,76.5,Unknown,Xinjiang,0.22,0.25,0.36,0.21,0.03,0.05,0.36,0.02,0.26,0.33,0.01,0.01
36.0,76.75,Unknown,Xinjiang,0.01,0.01,0.0,0.08,0.02,0.03,0.19,0.03,0.15,0.13,0.0,0.0
36.0,77.0,Unknown,Xinjiang,0.01,0.01,0.0,0.08,0.02,0.03,0.19,0.03,0.15,0.12,0.0,0.0
36.0,78.5,Unknown,Xinjiang,0.01,0.01,0.0,0.08,0.02,0.03,0.19,0.03,0.15,0.11,0.0,0.0
36.0,78.75,Hotan County,Xinjiang,0.01,0.01,0.0,0.09,0.02,0.03,0.19,0.03,0.15,0.11,0.0,0.0
36.0,79.0,Hotan County,Xinjiang,0.01,0.02,0.01,0.12,0.04,0.03,0.2,0.03,0.15,0.1,0.0,0.01
36.0,79.25,Hotan County,Xinjiang,0.02,0.04,0.03,0.16,0.07,0.03,0.22,0.03,0.16,0.1,0.0,0.03
36.0,79.5,Hotan County,Xinjiang,0.03,0.05,0.05,0.23,0.1,0.03,0.23,0.03,0.17,0.11,0.0,0.04
36.0,79.75,Hotan County,Xinjiang,0.06,0.06,0.08,0.33,0.15,0.02,0.25,0.04,0.18,0.13,0.0,0.06
36.0,80.0,Hotan County,Xinjiang,0.09,0.08,0.13,0.48,0.2,0.02,0.27,0.06,0.22,0.18,0.0,0.07
36.25,72.5,Unknown,Khyber Pakhtunkhwa,0.0,0.0,0.0,0.0,0.0,0.58,1.16,0.0,6.1,1.99,0.0,0.0
36.25,72.75,Gupis-Yasin District,Gilgit-Baltistan,0.0,0.0,0.0,0.0,0.0,0.58,1.15,0.0,6.09,1.98,0.0,0.0
36.25,73.0,Gupis-Yasin District,Gilgit-Baltistan,0.01,0.02,0.05,0.02,0.01,0.59,1.16,0.0,6.03,1.97,0.0,0.0
36.25,73.25,Gupis-Yasin District,Gilgit-Baltistan,0.18,0.29,0.67,0.35,0.08,0.6,1.31,0.08,5.64,1.97,0.01,0.04
36.25,73.5,Gupis-Yasin District,Gilgit-Baltistan,0.6,0.98,2.23,1.14,0.26,0.63,1.67,0.26,4.68,1.95,0.05,0.13
36.25,73.75,Ghizer District,Gilgit-Baltistan,1.1,1.81,4.13,2.11,0.47,0.67,2.11,0.48,3.53,1.94,0.09,0.25
36.25,74.0,Ghizer District,Gilgit-Baltistan,1.45,2.27,5.27,3.02,0.64,0.63,2.38,0.63,2.55,2.0,0.11,0.33
36.25,74.25,Nagar District,Gilgit-Baltistan,1.6,2.17,5.32,4.01,0.81,0.51,2.43,0.7,1.7,2.21,0.13,0.39
36.25,74.5,Hunza District,Gilgit-Baltistan,1.64,1.84,4.88,4.85,0.94,0.37,2.37,0.72,1.07,2.44,0.13,0.42
36.25,74.75,Nagar District,Gilgit-Baltistan,1.66,1.68,4.67,5.28,1.0,0.3,2.34,0.73,0.75,2.56,0.13,0.43
36.25,75.0,Nagar District,Gilgit-Baltistan,1.67,1.59,4.56,5.49,1.03,0.26,2.46,0.73,0.59,2.61,0.13,0.44
36.25,75.25,Nagar District,Gilgit-Baltistan,1.48,1.39,3.91,4.72,0.88,0.22,2.16,0.61,0.49,2.42,0.11,0.38
36.25,75.5,Hunza District,Gilgit-Baltistan,1.18,1.08,2.76,3.14,0.57,0.16,1.59,0.4,0.44,1.96,0.08,0.25
36.25,75.75,Hunza District,Gilgit-Baltistan,0.96,0.81,1.78,1.76,0.32,0.11,1.1,0.2,0.44,1.51,0.05,0.13
36.25,76.0,Hunza District,Gilgit-Baltistan,0.8,0.68,1.29,1.06,0.19,0.09,0.84,0.11,0.43,1.16,0.03,0.08
36.25,76.25,Unknown,Xinjiang,0.66,0.61,1.04,0.72,0.12,0.07,0.71,0.06,0.42,0.89,0.02,0.05
36.25,76.5,Unknown,Xinjiang,0.44,0.43,0.7,0.46,0.06,0.05,0.52,0.04,0.33,0.6,0.01,0.03
36.25,76.75,Unknown,Xinjiang,0.22,0.22,0.35,0.26,0.04,0.04,0.35,0.03,0.24,0.37,0.0,0.01
36.5,72.5,Unknown,Khyber Pakhtunkhwa,0.0,0.0,0.0,0.0,0.0,0.58,1.15,0.0,6.1,1.99,0.0,0.0
36.5,72.75,Unknown,Khyber Pakhtunkhwa,0.0,0.0,0.0,0.0,0.0,0.58,1.15,0.0,6.1,1.99,0.0,0.0
36.5,73.0,Gupis-Yasin District,Gilgit-Baltistan,0.0,0.01,0.02,0.0,0.0,0.59,1.15,0.0,6.06,1.97,0.0,0.0
36.5,73.25,Gupis-Yasin District,Gilgit-Baltistan,0.1,0.15,0.35,0.18,0.04,0.6,1.23,0.03,5.85,1.97,0.01,0.02
36.5,73.5,Gupis-Yasin District,Gilgit-Baltistan,0.35,0.57,1.29,0.66,0.15,0.62,1.46,0.14,5.26,1.96,0.03,0.08
36.5,73.75,Ghizer District,Gilgit-Baltistan,0.72,1.19,2.71,1.39,0.31,0.64,1.78,0.32,4.4,1.95,0.06,0.17
36.5,74.0,Ghizer District,Gilgit-Baltistan,1.08,1.73,3.99,2.2,0.48,0.64,2.08,0.47,3.47,1.98,0.09,0.25
36.5,74.25,Nagar District,Gilgit-Baltistan,1.34,1.95,4.66,3.11,0.64,0.57,2.26,0.59,2.59,2.09,0.11,0.32
36.5,74.5,Hunza District,Gilgit-Baltistan,1.49,1.9,4.77,3.98,0.79,0.47,2.31,0.66,1.82,2.27,0.12,0.37
36.5,74.75,Hunza District,Gilgit-Baltistan,1.58,1.79,4.72,4.63,0.89,0.39,2.33,0.69,1.28,2.41,0.13,0.4
36.5,75.0,Hunza District,Gilgit-Baltistan,1.62,1.69,4.64,5.06,0.96,0.32,2.4,0.71,0.94,2.51,0.13,0.42
36.5,75.25,Hunza District,Gilgit-Baltistan,1.55,1.54,4.27,4.89,0.92,0.27,2.28,0.66,0.72,2.47,0.12,0.4
36.5,75.5,Hunza District,Gilgit-Baltistan,1.37,1.31,3.52,4.02,0.74,0.21,1.94,0.53,0.59,2.21,0.1,0.32
36.5,75.75,Hunza District,Gilgit-Baltistan,1.16,1.06,2.65,2.89,0.53,0.16,1.51,0.37,0.51,1.86,0.07,0.23
36.5,76.0,Taxkorgan Tajik Autonomous County,Xinjiang,0.98,0.87,1.96,1.98,0.36,0.12,1.18,0.24,0.47,1.51,0.05,0.15
36.5,76.25,Taxkorgan Tajik Autonomous County,Xinjiang,0.82,0.74,1.5,1.35,0.24,0.1,0.94,0.15,0.44,1.2,0.04,0.1
36.75,73.0,Chitrāl District,Khyber Pakhtunkhwa,0.0,0.0,0.0,0.0,0.0,0.58,1.15,0.0,6.08,1.98,0.0,0.0
36.75,73.25,Chitrāl District,Khyber Pakhtunkhwa,0.05,0.07,0.18,0.09,0.01,0.59,1.19,0.01,5.96,1.97,0.0,0.01
36.75,73.5,Chitrāl District,Khyber Pakhtunkhwa,0.2,0.32,0.74,0.38,0.09,0.6,1.32,0.08,5.61,1.97,0.02,0.04
36.75,73.75,Unknown,Khyber Pakhtunkhwa,0.46,0.76,1.72,0.88,0.2,0.62,1.56,0.2,5.0,1.96,0.04,0.1
36.75,74.0,Ghizer District,Gilgit-Baltistan,0.77,1.24,2.85,1.54,0.34,0.63,1.82,0.34,4.24,1.97,0.06,0.18
36.75,74.25,Hunza District,Gilgit-Baltistan,1.06,1.6,3.76,2.33,0.49,0.6,2.04,0.46,3.41,2.03,0.08,0.25
36.75,74.5,Hunza District,Gilgit-Baltistan,1.28,1.75,4.26,3.15,0.64,0.53,2.18,0.56,2.62,2.15,0.1,0.31
36.75,74.75,Hunza District,Gilgit-Baltistan,1.43,1.77,4.49,3.89,0.77,0.46,2.25,0.63,1.95,2.28,0.11,0.35
36.75,75.0,Hunza District,Gilgit-Baltistan,1.52,1.73,4.56,4.47,0.87,0.39,2.32,0.67,1.44,2.4,0.12,0.39
36.75,75.25,Hunza District,Gilgit-Baltistan,1.54,1.63,4.42,4.68,0.89,0.33,2.3,0.66,1.08,2.43,0.12,0.39
36.75,75.5,Taxkorgan Tajik Autonomous County,Xinjiang,1.45,1.47,3.97,4.35,0.82,0.27,2.12,0.59,0.83,2.32,0.11,0.36
36.75,75.75,Taxkorgan Tajik Autonomous County,Xinjiang,1.31,1.27,3.31,3.62,0.68,0.22,1.82,0.48,0.67,2.09,0.09,0.29
37.0,73.5,Unknown,Badakhshan Province,0.11,0.18,0.41,0.21,0.04,0.59,1.25,0.04,5.82,1.97,0.01,0.03
37.0,73.75,Unknown,Badakhshan Province,0.29,0.47,1.07,0.55,0.12,0.61,1.4,0.12,5.42,1.97,0.02,0.07
37.0,74.0,Unknown,Badakhshan Province,0.53,0.86,1.96,1.04,0.23,0.62,1.61,0.23,4.82,1.97,0.04,0.12
37.0,74.25,Unknown,Badakhshan Province,0.8,1.23,2.86,1.68,0.36,0.61,1.82,0.35,4.12,2.0,0.06,0.18
37.0,74.5,Unknown,Badakhshan Province,1.04,1.49,3.56,2.42,0.5,0.57,2.0,0.45,3.37,2.07,0.08,0.25
37.0,74.75,Hunza District,Gilgit-Baltistan,1.23,1.63,4.02,3.15,0.63,0.52,2.12,0.54,2.66,2.18,0.1,0.3
37.0,75.0,Taxkorgan Tajik Autonomous County,Xinjiang,1.38,1.68,4.29,3.81,0.75,0.46,2.22,0.61,2.05,2.29,0.11,0.34
37.0,75.25,Taxkorgan Tajik Autonomous County,Xinjiang,1.46,1.66,4.35,4.25,0.82,0.39,2.26,0.64,1.56,2.36,0.11,0.37
37.0,75.5,Taxkorgan Tajik Autonomous County,Xinjiang,1.46,1.56,4.16,4.3,0.82,0.33,2.19,0.61,1.2,2.34,0.11,0.36
37.25,74.5,Unknown,Badakhshan Province,0.81,1.19,2.82,1.8,0.38,0.59,1.82,0.35,4.03,2.03,0.06,0.19
37.25,74.75,Taxkorgan Tajik Autonomous County,Xinjiang,1.02,1.41,3.42,2.48,0.51,0.55,1.97,0.45,3.34,2.1,0.08,0.24
37.25,75.0,Taxkorgan Tajik Autonomous County,Xinjiang,1.2,1.54,3.86,3.14,0.63,0.5,2.1,0.53,2.7,2.2,0.1,0.29
37.25,75.25,Taxkorgan Tajik Autonomous County,Xinjiang,1.33,1.6,4.11,3.7,0.72,0.45,2.18,0.58,2.13,2.28,0.1,0.33
