Latitude,Longitude,District,State,Jan,Feb,Mar,Apr,May,Jun,Jul,Aug,Sep,Oct,Nov,Dec
8.25,77.0,Kanyakumari,Tamil Nadu,0.0,0.07,0.58,2.38,13.26,11.21,2.63,0.34,0.12,0.48,1.73,0.93
8.25,77.25,Kalkulam,Tamil Nadu,0.0,0.01,0.57,0.37,4.59,5.96,1.97,0.16,0.0,0.94,4.69,0.05
8.25,77.5,Thovalai,Tamil Nadu,0.0,1.21,0.17,0.01,1.34,1.4,0.27,0.0,0.0,0.18,2.91,0.01
8.25,77.75,Radhapuram,Tamil Nadu,0.0,0.57,0.51,0.0,1.03,0.54,0.2,0.0,0.0,0.77,5.99,0.24
8.5,76.75,Kanyakumari,Tamil Nadu,0.05,0.09,0.35,1.97,13.76,11.93,4.99,1.41,0.47,0.82,2.08,1.1
8.5,77.0,Thiruvananthapuram,Kerala,0.0,1.2,0.95,1.4,11.4,10.45,3.8,0.97,0.34,1.82,3.6,0.92
8.5,77.25,Vilavancode,Tamil Nadu,0.08,1.21,0.69,0.56,4.71,5.93,2.31,0.53,0.16,1.9,4.94,1.06
8.5,77.5,Nanguneri,Tamil Nadu,0.0,0.15,0.18,0.0,1.77,0.4,1.31,0.0,0.0,2.29,4.26,2.22
8.5,77.75,Nanguneri,Tamil Nadu,0.0,0.28,0.79,0.0,0.96,0.01,0.02,0.0,0.0,1.18,7.69,0.1
8.5,78.0,Tiruchendur,Tamil Nadu,0.0,0.19,0.69,0.0,0.39,0.19,0.04,0.0,0.0,0.28,7.38,0.26
8.75,76.5,Unknown,Unknown,0.01,0.09,0.44,1.2,11.29,13.91,4.98,2.07,0.24,1.75,1.85,0.36
8.75,76.75,Varkala,Kerala,0.22,1.5,1.54,2.67,13.09,15.23,4.67,2.25,0.91,2.88,5.38,0.47
8.75,77.0,Nedumangad,Kerala,0.28,0.38,0.74,1.84,10.47,12.38,4.15,1.72,0.99,2.72,4.09,0.68
8.75,77.25,Ambasamudram,Tamil Nadu,0.45,0.03,0.56,0.15,1.69,1.3,1.13,0.0,0.0,1.52,3.16,0.68
8.75,77.5,Cheranmahadevi,Tamil Nadu,0.09,0.0,0.42,0.18,2.81,0.68,0.42,0.0,0.0,2.53,3.37,0.86
8.75,77.75,Palayamkottai,Tamil Nadu,0.01,0.1,0.24,0.04,1.27,0.13,0.06,0.0,0.0,1.48,2.94,0.36
8.75,78.0,Thoothukkudi,Tamil Nadu,0.0,0.01,2.31,0.0,1.37,0.56,0.02,0.0,0.0,0.49,5.29,1.55
9.0,76.5,Unknown,Unknown,0.02,1.3,1.3,1.8,12.88,17.84,8.81,3.6,0.66,3.3,3.25,0.27
9.0,76.75,Kottarakkara,Kerala,0.1,4.74,4.09,4.23,12.55,17.26,7.2,4.35,1.56,5.76,14.27,0.38
9.0,77.0,Punalur,Kerala,0.0,0.18,0.87,0.9,9.13,15.4,10.93,5.11,2.3,7.11,7.34,1.48
9.0,77.25,Shenkottai,Tamil Nadu,0.01,0.09,0.61,1.13,3.68,2.99,1.01,0.08,0.04,1.0,3.7,0.35
9.0,77.5,Veerakeralamputhur,Tamil Nadu,0.0,0.0,0.02,0.24,1.98,0.18,0.84,0.0,0.0,1.83,1.46,0.33
9.0,77.75,Kovilpatti,Tamil Nadu,0.0,0.0,0.02,0.0,2.22,0.0,1.17,0.0,1.09,1.07,2.27,0.6
9.0,78.0,Ottapidaram,Tamil Nadu,0.0,0.0,0.02,0.0,1.67,0.2,0.66,0.01,0.76,1.07,2.75,0.45
9.25,76.25,Unknown,Unknown,0.03,1.19,0.63,0.52,6.15,12.64,11.6,4.6,1.9,3.31,1.03,0.62
9.25,76.5,Karthikappally,Kerala,0.0,0.56,1.24,1.65,11.26,16.31,9.65,5.69,1.64,4.01,2.82,0.42
9.25,76.75,Unknown,Kerala,0.03,0.47,1.72,4.77,13.08,14.53,11.13,6.03,1.72,6.77,9.08,0.09
9.25,77.0,Konni,Kerala,0.08,0.07,0.76,1.31,4.93,6.35,4.08,1.76,0.77,3.41,4.62,1.54
9.25,77.25,Konni,Kerala,0.3,0.0,0.33,1.37,1.96,0.16,0.26,0.0,0.0,1.86,2.29,2.21
9.25,77.5,Sankarankoil,Tamil Nadu,0.23,0.0,0.0,0.53,2.61,0.12,0.74,0.02,0.04,1.68,1.45,1.21
9.25,77.75,Sankarankoil,Tamil Nadu,0.0,0.0,0.17,0.08,1.98,0.36,2.45,0.08,0.2,2.97,1.34,0.58
9.25,78.0,Ettayapuram,Tamil Nadu,0.0,0.0,0.02,0.0,1.12,0.58,0.45,0.09,0.75,1.59,3.62,0.31
9.25,78.25,Vilathikulam,Tamil Nadu,0.0,0.0,0.01,0.0,1.0,0.11,0.35,0.06,0.76,0.99,1.99,0.87
9.25,78.5,Kadaladi,Tamil Nadu,0.04,0.1,0.0,0.0,1.56,0.19,1.68,0.45,1.56,0.76,1.65,1.28
9.25,78.75,Ramanathapuram,Tamil Nadu,0.18,0.42,0.0,0.01,2.97,0.3,2.43,0.72,1.38,0.94,3.61,1.66
9.25,79.25,Unknown,Unknown,0.02,0.02,0.0,0.06,5.17,0.37,0.1,0.05,0.33,1.57,8.01,2.45
9.5,76.25,Unknown,Unknown,0.03,2.68,3.46,0.56,9.95,19.38,13.52,6.45,1.56,6.02,2.83,0.87
9.5,76.5,Kuttanad,Kerala,0.47,0.47,3.38,3.05,10.55,17.57,11.8,6.51,2.27,5.17,4.45,0.48
9.5,76.75,Changanassery,Kerala,0.16,0.19,1.95,2.47,12.8,21.59,13.3,7.37,2.75,5.38,1.99,0.28
9.5,77.0,Peerumade,Kerala,0.06,0.0,1.1,1.3,8.01,15.27,11.47,5.72,2.02,3.89,1.32,0.95
9.5,77.25,Peerumade,Kerala,0.48,0.0,0.17,0.7,1.3,0.03,0.36,0.02,0.01,1.95,2.14,2.28
9.5,77.5,Rajapalayam,Tamil Nadu,0.01,0.0,0.0,0.36,1.78,0.07,0.95,0.12,0.15,3.02,1.63,2.73
9.5,77.75,Sivakasi,Tamil Nadu,0.0,0.0,0.1,0.09,3.0,0.86,3.49,1.8,1.35,2.41,1.39,2.34
9.5,78.0,Virudhunagar,Tamil Nadu,0.0,0.0,0.04,0.07,3.44,0.84,3.76,0.94,2.4,2.85,1.5,2.0
9.5,78.25,Tiruchuli,Tamil Nadu,0.0,0.0,0.07,0.28,2.24,0.85,1.01,0.5,2.65,0.93,1.89,1.71
9.5,78.5,Mudukulathur,Tamil Nadu,0.04,0.09,0.14,0.86,4.15,1.33,2.11,1.28,3.23,1.05,2.11,2.38
9.5,78.75,Paramakudi,Tamil Nadu,0.15,0.35,0.02,0.3,2.11,0.29,2.21,0.61,1.62,1.49,2.24,1.32
9.5,79.0,Ramnathapuram,Tamil Nadu,0.01,0.0,0.04,0.14,4.66,0.36,0.2,0.11,0.47,1.5,6.95,2.23
9.5,79.25,Outside India,Outside India,0.01,0.0,0.02,0.07,4.87,0.37,0.1,0.16,0.47,1.51,7.4,2.35
9.75,76.25,Unknown,Unknown,0.58,3.5,0.48,0.23,10.29,37.9,20.71,8.55,3.13,5.42,1.44,0.0
9.75,76.5,Vaikom,Kerala,0.26,1.13,1.32,1.69,11.64,21.87,16.41,7.52,3.22,3.6,4.59,0.3
9.75,76.75,Meenachil,Kerala,0.15,0.1,1.43,1.41,10.61,20.43,21.23,13.09,5.21,4.98,1.23,0.29
9.75,77.0,Peerumade,Kerala,0.0,0.0,1.17,0.98,6.04,12.2,12.73,6.19,2.18,3.05,1.77,1.22
9.75,77.25,Uthamapalayam,Tamil Nadu,0.0,0.0,0.42,0.4,2.87,3.77,4.67,1.79,0.65,2.76,1.68,1.01
9.75,77.5,Andipatti,Tamil Nadu,0.0,0.0,0.05,0.15,0.67,0.01,2.09,0.48,0.16,5.86,0.85,1.01
9.75,77.75,Peraiyur,Tamil Nadu,0.0,0.0,0.03,0.18,0.91,0.52,3.29,1.65,2.84,3.61,0.73,2.27
9.75,78.0,Thirumangalam,Tamil Nadu,0.0,0.0,0.07,1.04,3.07,0.08,5.17,3.3,1.92,2.6,0.69,2.54
9.75,78.25,Tiruchuli,Tamil Nadu,0.0,0.0,0.01,0.22,5.65,1.69,2.45,2.8,6.43,0.87,0.55,3.15
9.75,78.5,Sivaganga,Tamil Nadu,0.0,0.0,0.13,0.41,4.47,1.44,2.75,2.22,2.6,1.42,2.09,2.1
9.75,78.75,Tiruvadanai,Tamil Nadu,0.0,0.0,0.04,0.07,1.92,0.25,0.31,0.28,2.01,3.95,1.66,1.03
10.0,76.0,Outside India,Outside India,0.0,2.69,1.72,1.85,7.1,18.74,21.19,4.93,2.14,3.97,3.33,0.66
10.0,76.25,Kanayannur,Kerala,0.0,2.55,1.32,1.49,7.77,20.5,20.8,6.33,3.06,3.8,3.93,0.62
10.0,76.5,Kunnathunad,Kerala,0.5,0.46,0.53,1.25,14.27,21.34,18.06,7.97,4.09,3.89,5.17,0.68
10.0,76.75,Kothamangalam,Kerala,0.23,0.09,0.86,1.38,8.83,19.98,21.78,12.93,4.94,3.8,1.85,0.52
10.0,77.0,Devikulam,Kerala,0.0,0.12,0.43,1.36,3.27,14.67,16.32,9.63,2.99,2.61,0.69,0.51
10.0,77.25,Udumbanchola,Kerala,0.01,0.0,0.1,0.19,2.29,0.12,1.81,0.17,0.14,2.33,1.43,0.46
10.0,77.5,Theni,Tamil Nadu,0.0,0.0,0.01,0.53,1.22,0.09,3.77,0.02,0.0,4.45,1.33,0.74
10.0,77.75,Usilampatti,Tamil Nadu,0.0,0.0,0.0,0.12,1.85,0.34,2.75,0.6,1.2,6.9,2.38,1.56
10.0,78.0,Madurai North,Tamil Nadu,0.0,0.0,0.0,1.31,2.46,0.31,3.14,0.99,3.5,3.07,0.8,1.67
10.0,78.25,Melur,Tamil Nadu,0.0,0.0,0.01,0.35,3.39,0.98,2.64,2.44,4.12,2.03,1.41,1.78
10.0,78.5,Sivaganga,Tamil Nadu,0.0,0.0,0.0,0.15,4.78,1.22,1.47,3.93,4.26,1.55,2.57,1.61
10.0,78.75,Karaikkudi,Tamil Nadu,0.0,0.0,0.0,0.0,3.22,0.95,1.41,3.09,4.7,1.92,2.57,1.96
10.0,79.0,Avudayarkoil taluk,Tamil Nadu,0.0,0.0,0.0,0.0,2.62,0.46,0.62,1.82,3.0,2.26,1.71,1.94
10.25,76.0,Unknown,Unknown,0.0,0.09,0.02,0.51,7.3,16.41,18.21,4.06,1.43,2.84,0.96,1.37
10.25,76.25,Chalakkudy,Kerala,0.0,0.5,0.1,0.63,6.37,17.29,16.95,5.59,2.19,3.15,1.8,1.31
10.25,76.5,Aluva,Kerala,0.06,0.22,1.27,0.86,7.86,13.83,13.97,6.23,2.87,2.66,2.31,1.06
10.25,76.75,Kothamangalam,Kerala,0.17,0.07,2.65,1.66,7.78,10.78,12.08,6.96,3.04,2.62,1.92,1.32
10.25,77.0,Valparai,Tamil Nadu,0.11,0.13,1.7,2.05,5.53,13.0,14.82,8.74,3.33,2.67,1.33,1.17
10.25,77.25,Devikulam,Kerala,0.05,0.06,0.41,1.47,4.14,2.27,4.85,2.4,2.11,2.95,1.89,1.96
10.25,77.5,Kodaikanal,Tamil Nadu,0.06,0.02,0.5,0.63,2.96,1.76,3.45,1.15,1.06,4.25,1.66,1.47
10.25,77.75,Athoor,Tamil Nadu,0.0,0.0,0.0,0.16,2.64,1.16,2.82,0.34,1.18,3.92,2.07,1.83
10.25,78.0,Dindigul,Tamil Nadu,0.1,0.0,0.0,0.01,2.29,2.39,4.04,2.56,1.55,5.4,3.18,2.1
10.25,78.25,Natham,Tamil Nadu,0.0,0.0,0.0,0.12,3.39,1.46,1.81,1.33,3.03,1.62,1.61,1.26
10.25,78.5,Ponnamaravathi taluk,Tamil Nadu,0.0,0.0,0.0,0.08,3.23,2.26,0.98,3.98,4.13,2.14,2.86,1.43
10.25,78.75,Thirumayam taluk,Tamil Nadu,0.0,0.0,0.0,0.0,1.53,0.51,2.13,2.3,4.76,0.92,2.98,2.18
10.25,79.0,Aranthangi taluk,Tamil Nadu,0.0,0.0,0.0,0.06,3.88,0.8,1.27,1.3,2.14,1.14,2.99,1.98
10.25,79.25,Peravurani,Tamil Nadu,0.0,0.0,0.03,0.09,4.58,1.37,1.81,2.38,1.12,2.18,2.07,3.47
10.5,76.0,Pālghāt,Kerala,0.59,0.26,0.32,1.27,9.06,20.17,12.15,4.97,2.77,2.21,0.82,1.53
10.5,76.25,Thrissur,Kerala,1.03,0.47,0.77,2.16,10.3,21.89,12.26,5.04,2.93,3.14,0.72,1.34
10.5,76.5,Alathur,Kerala,0.0,0.0,0.43,0.02,4.8,10.82,9.66,5.48,2.47,1.51,1.82,0.8
10.5,76.75,Chittur,Kerala,0.08,0.03,1.58,1.15,5.74,8.06,9.24,4.7,1.84,2.15,2.87,1.13
10.5,77.0,Valparai,Tamil Nadu,0.04,0.01,0.52,0.72,4.26,2.5,3.25,1.42,0.51,2.65,4.26,1.17
10.5,77.25,Udumalaipettai,Tamil Nadu,0.0,0.0,0.0,0.03,2.06,0.32,0.5,0.01,0.02,3.35,3.32,1.05
10.5,77.5,Palani,Tamil Nadu,0.0,0.0,0.0,0.01,2.21,0.43,0.98,0.0,0.01,3.58,2.77,1.25
10.5,77.75,Oddanchatram,Tamil Nadu,0.0,0.0,0.0,0.02,5.5,1.33,1.43,0.02,0.27,1.86,2.04,1.68
10.5,78.0,Vedasandur,Tamil Nadu,0.0,0.0,0.08,0.07,2.11,0.64,1.67,0.31,0.71,1.55,0.58,1.28
10.5,78.25,Manapparai,Tamil Nadu,0.0,0.0,0.08,0.0,2.24,1.23,1.61,0.6,1.5,1.5,0.94,1.0
10.5,78.5,Iluppur taluk,Tamil Nadu,0.0,0.0,0.0,0.0,3.39,0.33,2.19,0.79,2.75,1.46,0.7,1.51
10.5,78.75,Kulathur taluk,Tamil Nadu,0.0,0.0,0.0,0.0,3.15,1.74,2.11,3.41,2.92,2.25,1.03,1.85
10.5,79.0,Pudukkottai taluk,Tamil Nadu,0.0,0.0,0.01,0.04,2.05,1.23,0.56,0.97,0.59,1.14,1.8,2.46
10.5,79.25,Pattukkottai,Tamil Nadu,0.0,0.0,0.0,0.02,4.9,0.91,1.25,2.82,1.37,1.49,2.05,3.04
10.5,79.5,Mannargudi,Tamil Nadu,0.0,0.0,0.0,0.0,5.91,2.48,2.94,0.78,0.34,1.19,4.63,4.47
10.5,79.75,Vedaranyam,Tamil Nadu,0.0,0.0,0.0,0.0,7.88,2.0,1.3,1.44,0.49,3.31,6.74,4.19
10.75,75.75,Unknown,Unknown,0.0,0.37,0.34,0.75,6.97,20.47,12.27,5.42,2.68,1.75,0.71,1.03
10.75,76.0,Ponnani,Kerala,0.06,0.0,0.0,0.17,6.37,17.74,11.1,4.03,2.94,1.85,0.29,1.26
10.75,76.25,Ottappalam,Kerala,0.01,0.0,0.0,0.08,6.07,20.49,16.24,7.35,4.74,3.71,2.63,0.9
10.75,76.5,Alathur,Kerala,0.0,0.0,0.0,0.13,3.07,13.67,14.09,6.11,3.29,0.72,3.46,1.15
10.75,76.75,Palakkad,Kerala,0.0,0.0,0.01,0.97,2.72,5.1,6.85,3.08,1.19,1.49,3.64,1.06
10.75,77.0,Pollachi,Tamil Nadu,0.0,0.0,0.01,0.74,3.06,1.53,2.37,0.72,0.02,2.19,4.21,1.15
10.75,77.25,Madathukulam,Tamil Nadu,0.0,0.0,0.03,0.23,5.47,0.3,0.43,0.02,0.0,3.08,2.18,1.58
10.75,77.5,Dharapuram,Tamil Nadu,0.0,0.0,0.03,0.84,4.95,0.04,0.76,0.01,0.0,4.65,0.88,0.74
10.75,77.75,Dharapuram,Tamil Nadu,0.0,0.0,0.0,0.0,7.21,1.51,1.18,0.04,0.07,1.03,1.12,0.85
10.75,78.0,Vedasandur,Tamil Nadu,0.0,0.0,0.0,0.06,5.33,0.2,3.4,0.28,0.79,0.72,0.08,1.43
10.75,78.25,Kadavur,Tamil Nadu,0.0,0.0,0.01,0.0,5.24,0.0,2.94,0.05,0.35,0.42,0.01,0.82
10.75,78.5,Kulithalai,Tamil Nadu,0.0,0.0,0.12,0.02,4.14,1.2,5.05,1.01,0.5,2.61,0.23,1.46
10.75,78.75,Thiruverumbur,Tamil Nadu,0.0,0.0,0.0,0.0,3.66,1.67,2.67,1.89,1.91,4.48,1.09,1.88
10.75,79.0,Thanjavur,Tamil Nadu,0.0,0.0,0.0,0.0,3.72,4.07,2.71,4.94,5.77,6.63,1.67,1.96
10.75,79.25,Papanasam,Tamil Nadu,0.0,0.0,0.0,0.0,5.32,1.14,0.42,0.61,2.48,2.19,2.24,1.77
10.75,79.5,Kudavasal,Tamil Nadu,0.0,0.0,0.0,0.0,6.37,0.48,1.77,0.56,1.93,1.86,4.41,2.94
10.75,79.75,Kilvelur,Tamil Nadu,0.01,0.0,0.01,0.0,6.51,0.82,0.95,2.45,1.51,1.49,6.62,2.34
11.0,75.75,Unknown,Unknown,0.03,1.28,0.97,1.54,6.86,18.99,16.7,6.31,2.28,4.5,4.45,0.58
11.0,76.0,Ernad,Kerala,0.0,0.0,0.0,0.03,4.67,18.09,14.01,5.04,2.49,2.82,0.71,0.45
11.0,76.25,Perinthalmanna,Kerala,0.0,0.0,0.0,0.8,5.46,21.77,14.59,3.2,1.7,3.59,1.79,0.71
11.0,76.5,Mannarkad,Kerala,0.0,0.0,0.0,0.51,4.18,15.73,12.22,3.98,2.17,2.18,2.5,1.01
11.0,76.75,Coimbatore South,Tamil Nadu,0.0,0.0,0.04,0.45,2.09,0.4,0.33,0.05,0.34,1.18,1.99,1.83
11.0,77.0,Coimbatore North,Tamil Nadu,0.0,0.0,0.01,0.67,2.34,0.07,0.14,0.0,0.12,0.51,1.95,1.46
11.0,77.25,Palladam,Tamil Nadu,0.0,0.0,0.02,0.36,1.85,1.11,0.69,0.37,1.22,2.99,2.9,0.72
11.0,77.5,Kangeyam,Tamil Nadu,0.0,0.0,0.17,0.78,1.99,1.59,0.99,0.24,0.33,2.75,2.03,0.59
11.0,77.75,Kangeyam,Tamil Nadu,0.0,0.0,0.0,0.0,3.45,0.33,1.81,1.29,0.77,1.14,0.69,0.91
11.0,78.0,Aravakurichi,Tamil Nadu,0.0,0.0,0.0,0.18,3.07,0.72,2.13,0.52,0.93,0.35,0.7,0.74
11.0,78.25,Thottiyam,Tamil Nadu,0.0,0.0,0.04,0.04,4.44,0.08,4.83,0.7,0.27,2.3,0.28,0.69
11.0,78.5,Musiri,Tamil Nadu,0.0,0.0,0.0,0.0,5.5,1.75,3.07,1.4,1.02,4.0,0.71,0.98
11.0,78.75,Manachanallur,Tamil Nadu,0.0,0.0,0.0,0.0,5.49,1.61,5.46,2.28,1.29,6.11,1.62,1.26
11.0,79.0,Ariyalur,Tamil Nadu,0.0,0.0,0.0,0.0,4.63,2.28,3.68,1.88,1.8,4.39,2.22,2.21
11.0,79.25,Ariyalur,Tamil Nadu,0.0,0.0,0.0,0.0,3.15,1.87,0.21,2.85,1.75,1.02,2.84,2.01
11.0,79.5,Thiruvidaimarudur,Tamil Nadu,0.05,0.0,0.01,0.0,5.07,1.23,0.97,4.06,1.85,1.43,4.66,1.74
11.0,79.75,Thirunallar Taluk,Puducherry,0.03,0.0,0.03,0.0,5.06,1.13,0.67,2.67,1.57,1.0,4.66,1.7
11.25,75.75,Unknown,Unknown,0.01,0.54,0.89,0.94,5.56,21.27,18.01,6.46,2.09,2.4,2.37,0.77
11.25,76.0,Ernad,Kerala,0.0,0.1,0.1,0.13,2.85,18.0,12.79,6.6,3.82,1.54,0.94,0.37
11.25,76.25,Nilambur,Kerala,0.02,0.0,0.01,0.04,2.68,12.82,9.4,5.2,3.45,1.35,0.59,0.62
11.25,76.5,Kundah,Tamil Nadu,0.65,0.0,0.28,0.65,2.7,5.47,5.43,2.28,1.64,1.53,3.9,4.74
11.25,76.75,Mettupalayam,Tamil Nadu,4.15,0.0,0.01,0.33,2.1,0.83,1.25,0.31,0.51,1.74,1.87,2.23
11.25,77.0,Mettupalayam,Tamil Nadu,0.35,0.0,0.95,0.28,1.28,19.07,2.29,0.41,0.55,1.16,0.89,1.14
11.25,77.25,Avanashi,Tamil Nadu,0.0,0.0,0.0,0.41,2.36,1.06,0.81,1.32,1.68,2.1,2.26,0.67
11.25,77.5,Perundurai,Tamil Nadu,0.0,0.0,0.0,1.14,0.39,1.84,1.48,1.82,0.85,1.63,0.55,0.54
11.25,77.75,Modakkurichi,Tamil Nadu,0.0,0.0,0.0,0.0,2.34,0.56,2.76,1.46,1.05,0.82,0.25,0.85
11.25,78.0,Paramathi-Velur,Tamil Nadu,0.0,0.0,0.0,0.0,3.05,1.12,3.6,2.12,0.63,1.26,0.01,0.65
11.25,78.25,Sendamangalam,Tamil Nadu,0.0,0.0,0.0,0.47,3.75,0.91,4.59,1.99,0.45,1.43,0.2,0.62
11.25,78.5,Thuraiyur,Tamil Nadu,0.0,0.0,0.0,0.46,4.09,2.38,3.03,1.29,1.31,1.58,0.48,0.82
11.25,78.75,Perambalur,Tamil Nadu,0.0,0.0,0.0,0.0,4.41,1.59,3.13,2.14,1.11,2.93,1.58,1.15
11.25,79.0,Kunnam,Tamil Nadu,0.0,0.0,0.0,0.0,2.13,0.87,3.45,3.23,0.63,1.45,2.37,0.84
11.25,79.25,Sendurai,Tamil Nadu,0.0,0.0,0.0,0.0,3.56,1.66,1.91,7.32,2.87,1.19,1.85,0.81
11.25,79.5,Kattumannarkoil,Tamil Nadu,0.0,0.0,0.0,0.0,5.24,2.24,0.35,6.49,1.69,3.15,3.24,0.83
11.25,79.75,Sirkali,Tamil Nadu,0.02,0.0,0.02,0.0,3.43,2.0,0.49,3.61,1.47,1.79,1.88,0.96
11.5,75.5,Unknown,Unknown,0.0,0.0,0.69,0.03,6.13,32.82,19.71,8.21,4.25,0.94,0.73,0.75
11.5,75.75,Koyilandi,Kerala,0.07,0.0,0.51,0.28,2.54,16.89,13.61,6.87,3.1,2.59,0.69,1.54
11.5,76.0,Thamarassery,Kerala,0.09,0.0,0.46,0.61,2.41,10.7,10.47,5.91,3.1,2.52,0.82,1.53
11.5,76.25,Nilambur,Kerala,0.08,0.0,0.01,0.04,2.74,3.51,4.69,1.33,1.13,0.87,0.31,0.68
11.5,76.5,Gudalur,Tamil Nadu,0.01,0.0,0.12,0.31,2.73,7.78,6.93,3.53,2.73,1.81,0.68,2.08
11.5,76.75,Udhagamandalam,Tamil Nadu,0.24,0.0,0.37,0.53,3.5,5.4,3.75,0.95,1.32,1.34,3.65,4.14
11.5,77.0,Sathyamangalam,Tamil Nadu,0.29,0.0,0.1,0.51,1.89,3.34,1.73,0.99,0.23,0.54,0.43,1.27
11.5,77.25,Sathyamangalam,Tamil Nadu,0.0,0.0,0.0,0.78,0.94,1.25,2.1,1.2,0.35,0.46,1.09,1.23
11.5,77.5,Gobichettipalayam,Tamil Nadu,0.0,0.0,0.0,0.01,0.39,1.4,3.52,0.74,0.34,1.48,0.65,1.01
11.5,77.75,Sankari,Tamil Nadu,0.0,0.0,0.0,0.0,0.8,0.84,3.6,1.01,0.93,0.93,0.26,0.95
11.5,78.0,Tiruchengode,Tamil Nadu,0.0,0.0,0.0,0.01,3.95,2.63,5.06,2.18,1.64,1.43,0.0,0.78
11.5,78.25,Rasipuram,Tamil Nadu,0.0,0.0,0.0,0.1,2.22,2.5,2.65,1.62,0.54,0.8,0.22,1.37
11.5,78.5,Attur,Tamil Nadu,0.0,0.0,0.0,0.09,2.47,2.36,3.57,1.83,0.63,1.75,0.31,2.17
11.5,78.75,Gangavalli,Tamil Nadu,0.0,0.0,0.0,0.0,2.55,2.47,3.32,2.59,0.44,4.29,1.0,1.21
11.5,79.0,Veppur,Tamil Nadu,0.0,0.0,0.0,0.0,2.61,3.1,2.8,1.97,1.02,2.97,0.66,0.77
11.5,79.25,Virudhachalam,Tamil Nadu,0.0,0.0,0.0,0.0,3.2,3.68,1.88,2.05,1.32,1.78,0.68,0.81
11.5,79.5,Bhuvanagiri,Tamil Nadu,0.09,0.0,0.07,0.0,2.75,3.22,1.12,3.61,1.72,2.46,1.68,1.37
11.5,79.75,Bhuvanagiri,Tamil Nadu,0.11,0.0,0.08,0.0,2.84,3.15,0.94,3.33,2.0,2.39,1.67,1.54
11.75,75.25,Unknown,Unknown,0.0,0.0,0.28,0.12,3.62,31.37,20.48,9.49,4.84,0.64,0.93,0.52
11.75,75.5,Thalassery,Kerala,0.0,0.0,0.87,0.0,5.24,33.97,21.24,10.97,5.74,1.4,1.14,0.63
11.75,75.75,Vadakara,Kerala,0.03,0.03,0.24,0.22,2.95,14.66,12.29,8.72,4.36,1.36,0.82,1.27
11.75,76.0,Mananthavady,Kerala,0.12,0.06,0.21,0.81,4.01,9.33,8.89,5.6,2.97,0.75,0.6,0.64
11.75,76.25,Sulthanbathery,Kerala,0.21,0.04,0.28,0.88,4.08,8.26,7.88,4.16,2.14,0.51,0.52,0.55
11.75,76.5,Gundlupet taluk,Karnataka,0.06,0.0,0.09,0.19,2.58,6.42,5.78,2.99,2.39,1.51,0.52,0.65
11.75,76.75,Gundlupet taluk,Karnataka,0.08,0.0,0.05,0.5,3.55,3.53,2.01,0.28,0.98,0.38,0.73,0.9
11.75,77.0,Thalavadi,Tamil Nadu,0.02,0.0,0.04,0.54,3.37,3.01,1.99,0.62,0.63,0.32,0.59,0.91
11.75,77.25,Thalavadi,Tamil Nadu,0.0,0.0,0.01,0.61,1.9,1.82,2.14,1.04,0.52,0.54,0.63,1.21
11.75,77.5,Anthiyur,Tamil Nadu,0.0,0.0,0.0,0.0,1.01,1.92,3.56,1.19,1.44,0.89,0.26,0.86
11.75,77.75,Mettur,Tamil Nadu,0.0,0.0,0.0,0.01,2.03,3.08,4.23,2.05,1.61,0.85,0.16,1.07
11.75,78.0,Omalur,Tamil Nadu,0.0,0.0,0.0,0.02,5.34,6.8,7.63,6.36,1.94,1.65,1.05,5.25
11.75,78.25,Yercaud,Tamil Nadu,0.0,0.0,0.0,0.35,5.49,3.41,3.11,3.84,0.65,1.15,0.24,1.8
11.75,78.5,Attur,Tamil Nadu,0.0,0.0,0.0,0.0,3.71,1.41,3.37,2.03,0.86,3.08,0.14,2.3
11.75,78.75,Sankarapuram,Tamil Nadu,0.0,0.0,0.0,0.0,5.1,0.38,1.99,1.42,1.37,5.8,0.82,1.93
11.75,79.0,Kallakkurichi,Tamil Nadu,0.0,0.0,0.0,0.0,2.41,1.52,3.81,2.25,1.71,4.3,0.39,1.16
11.75,79.25,Ulundurpettai,Tamil Nadu,0.0,0.0,0.0,0.0,2.44,1.66,2.38,2.98,1.55,2.33,0.51,1.43
11.75,79.5,Panruti,Tamil Nadu,0.01,0.01,0.0,0.0,4.17,3.72,1.77,3.74,2.56,1.93,0.91,2.3
11.75,79.75,Cuddalore,Tamil Nadu,0.06,0.0,0.03,0.0,3.36,2.97,1.31,4.02,3.37,1.67,0.99,2.78
12.0,75.0,Unknown,Unknown,0.0,0.0,0.04,0.06,2.98,28.44,23.1,12.39,4.92,0.74,0.49,0.38
12.0,75.25,Kodagu,Karnataka,0.0,0.0,0.0,0.01,3.15,27.73,23.78,15.3,5.34,1.28,0.46,0.39
12.0,75.5,Taliparamba,Kerala,0.0,0.0,0.01,0.07,5.1,18.34,20.81,15.43,6.84,2.24,0.96,0.78
12.0,75.75,Iritty,Kerala,0.0,0.21,0.06,0.31,3.24,7.91,8.76,4.4,3.21,0.61,0.7,1.53
12.0,76.0,Ponnampete taluk,Karnataka,0.0,0.24,0.09,0.41,2.07,4.16,4.24,1.61,1.87,0.41,0.86,0.91
12.0,76.25,Heggadadevanakote taluk,Karnataka,0.64,0.0,0.61,0.14,3.81,5.29,4.9,0.52,1.34,0.05,0.45,0.91
12.0,76.5,Nanjanagudu taluk,Karnataka,0.31,0.0,0.15,1.11,2.8,3.11,3.19,0.63,1.07,0.04,0.5,0.84
12.0,76.75,Chamarajanagara taluk,Karnataka,0.15,0.0,0.01,0.38,2.44,2.37,1.6,0.62,1.17,0.25,0.23,0.97
12.0,77.0,Chamarajanagara taluk,Karnataka,0.01,0.0,0.01,0.03,2.26,3.0,4.03,1.12,0.48,1.04,0.06,1.11
12.0,77.25,Hanur taluk,Karnataka,0.01,0.0,0.01,0.32,2.58,3.15,3.21,0.69,0.55,0.98,0.41,1.21
12.0,77.5,Hanur taluk,Karnataka,0.0,0.0,0.0,0.4,3.28,2.43,3.14,0.64,0.67,1.05,0.45,1.22
12.0,77.75,Pennagaram,Tamil Nadu,0.0,0.0,0.02,0.0,1.86,2.36,4.3,0.92,0.75,0.74,0.04,1.32
12.0,78.0,Nallampalli,Tamil Nadu,0.0,0.0,0.12,0.0,4.58,3.55,5.3,1.69,1.08,2.19,0.17,1.9
12.0,78.25,Dharmapuri,Tamil Nadu,0.0,0.0,0.0,0.0,5.2,2.25,4.44,1.33,0.51,2.84,0.77,1.51
12.0,78.5,Harur,Tamil Nadu,0.24,0.0,0.0,0.0,4.41,2.24,4.58,1.01,0.72,3.76,0.6,1.53
12.0,78.75,Sankarapuram,Tamil Nadu,0.23,0.0,0.0,0.0,2.69,1.3,5.06,1.16,1.38,3.14,0.12,1.13
12.0,79.0,Sankarapuram,Tamil Nadu,0.0,0.0,0.0,0.0,1.92,1.78,6.35,1.77,1.98,5.32,0.02,1.54
12.0,79.25,Kandachipuram,Tamil Nadu,0.0,0.0,0.0,0.0,1.93,1.42,2.69,2.52,1.99,3.6,0.6,2.34
12.0,79.5,Vikravandi,Tamil Nadu,0.0,0.0,0.0,0.0,3.57,2.09,3.59,3.86,3.63,1.61,0.68,3.53
12.0,79.75,Villianur Taluk,Puducherry,0.01,0.0,0.0,0.0,3.41,1.54,1.41,3.53,4.64,1.14,0.78,3.39
12.25,75.0,Unknown,Unknown,0.01,0.03,0.0,0.0,3.59,28.49,25.1,14.44,4.8,0.44,0.64,0.77
12.25,75.25,Hosdurg,Kerala,0.02,0.0,0.28,1.12,5.03,28.43,30.68,18.29,7.66,1.87,1.51,0.49
12.25,75.5,Taliparamba,Kerala,0.01,0.05,0.7,2.22,6.67,21.09,21.55,12.3,5.14,2.75,2.12,1.49
12.25,75.75,Virajpet taluk,Karnataka,0.0,0.02,0.07,0.57,4.14,12.6,14.24,7.1,3.12,0.78,0.49,2.2
12.25,76.0,Ponnampete taluk,Karnataka,0.0,0.18,1.08,0.16,3.93,5.14,4.71,0.85,0.91,0.33,0.78,1.23
12.25,76.25,Hunasuru taluk,Karnataka,0.16,0.05,0.52,0.39,2.52,6.07,4.76,0.7,0.91,0.11,0.86,0.91
12.25,76.5,Heggadadevanakote taluk,Karnataka,0.09,0.0,0.06,0.94,2.69,2.73,4.08,1.12,0.78,0.05,0.32,1.08
12.25,76.75,Mysuru taluk,Karnataka,0.05,0.0,0.03,1.04,1.83,2.41,2.29,1.5,0.82,0.51,0.2,1.31
12.25,77.0,Malavalli taluk,Karnataka,0.03,0.0,0.0,0.6,2.63,2.46,4.14,0.86,1.0,1.95,0.02,1.33
12.25,77.25,Hanur taluk,Karnataka,0.0,0.0,0.0,0.42,2.48,1.72,3.91,1.11,1.02,0.91,0.47,1.53
12.25,77.5,Anchetty,Tamil Nadu,0.0,0.0,0.0,0.42,3.44,2.61,3.9,0.77,0.38,1.1,0.33,1.8
12.25,77.75,Anchetty,Tamil Nadu,0.0,0.0,0.01,0.0,2.31,2.09,5.3,0.75,0.56,1.25,0.14,1.84
12.25,78.0,Pennagaram,Tamil Nadu,0.0,0.0,0.12,0.0,3.17,2.74,6.32,0.61,1.44,2.13,0.07,1.7
12.25,78.25,Karimangalam,Tamil Nadu,0.0,0.0,0.0,0.0,3.88,3.32,5.01,0.73,0.69,2.7,0.44,2.15
12.25,78.5,Uthangarai,Tamil Nadu,0.21,0.0,0.0,0.0,3.29,3.53,3.43,0.96,1.22,2.87,0.21,1.87
12.25,78.75,Chengam,Tamil Nadu,0.36,0.0,0.0,0.0,3.02,3.16,2.91,0.87,1.84,3.44,0.41,1.86
12.25,79.0,Chengam,Tamil Nadu,0.02,0.0,0.0,0.0,2.61,2.84,3.9,0.75,3.11,2.07,0.68,2.16
12.25,79.25,Gingee,Tamil Nadu,0.0,0.0,0.0,0.0,2.53,2.72,3.94,2.18,3.09,1.24,0.0,2.62
12.25,79.5,Gingee,Tamil Nadu,0.0,0.0,0.0,0.0,3.58,1.64,5.79,1.76,2.33,0.35,0.18,4.26
12.25,79.75,Tindivanam,Tamil Nadu,0.0,0.0,0.0,0.0,3.27,0.84,0.64,1.02,4.78,1.2,0.75,3.22
12.5,75.0,Kasaragod,Kerala,0.09,0.01,0.0,0.52,4.95,29.66,26.21,18.68,5.32,0.83,0.83,0.86
12.5,75.25,Kasaragod,Kerala,0.02,0.02,0.31,1.41,4.71,25.98,30.72,18.51,8.95,2.05,1.83,0.9
12.5,75.5,Sulya taluk,Karnataka,0.02,0.01,0.31,1.35,4.46,23.92,26.4,20.0,8.85,2.63,1.54,1.37
12.5,75.75,Madikeri taluku,Karnataka,0.01,0.08,0.0,0.49,3.39,10.47,11.65,4.67,2.61,0.66,0.62,1.5
12.5,76.0,Piriyapattana taluk,Karnataka,0.02,0.16,0.2,1.11,3.06,4.38,3.92,1.16,1.04,0.54,1.01,1.13
12.5,76.25,Saligrama taluku,Karnataka,0.07,0.01,0.0,0.74,2.9,3.58,3.97,0.47,1.66,1.39,1.19,1.22
12.5,76.5,Krishnarajapete taluk,Karnataka,0.03,0.0,0.0,0.21,2.33,2.05,3.05,0.37,0.75,0.24,0.24,1.22
12.5,76.75,Pandavapura taluk,Karnataka,0.04,0.0,0.01,0.42,1.11,1.95,3.11,1.35,3.21,1.44,0.21,1.79
12.5,77.0,Madduru taluk,Karnataka,0.05,0.0,0.02,1.09,2.48,1.84,5.37,1.1,2.28,2.42,0.0,1.63
12.5,77.25,Kanakapura taluk,Karnataka,0.0,0.0,0.0,0.21,2.79,1.3,5.0,2.06,1.89,0.67,0.64,1.88
12.5,77.5,Harohalli taluk,Karnataka,0.0,0.0,0.0,0.69,7.54,3.67,5.11,1.34,1.22,0.84,0.1,2.73
12.5,77.75,Denkanikottai,Tamil Nadu,0.0,0.0,0.0,0.16,3.11,1.4,4.74,0.59,0.48,0.51,0.21,1.85
12.5,78.0,Palakkodu,Tamil Nadu,0.0,0.0,0.0,0.05,6.95,3.26,7.24,2.0,1.98,0.42,0.29,2.36
12.5,78.25,Krishnagiri,Tamil Nadu,0.02,0.0,0.0,0.02,4.14,3.46,5.02,1.02,1.64,1.99,0.17,2.47
12.5,78.5,Tirupathur,Tamil Nadu,0.04,0.0,0.0,0.0,2.82,3.42,4.06,0.96,3.34,1.2,0.03,4.37
12.5,78.75,Vaniyambadi,Tamil Nadu,0.07,0.0,0.0,0.0,2.53,3.56,4.86,1.01,3.93,1.75,0.06,3.94
12.5,79.0,Kalasapakkam,Tamil Nadu,0.2,0.0,0.0,0.0,2.05,3.3,5.34,0.42,5.34,2.03,0.24,3.17
12.5,79.25,Chetpet,Tamil Nadu,0.24,0.0,0.0,0.0,2.78,3.51,4.09,2.49,7.35,1.54,0.03,4.66
12.5,79.5,Vandavasi,Tamil Nadu,0.0,0.0,0.0,0.0,3.5,2.5,3.14,3.41,8.53,1.83,0.1,4.75
12.5,79.75,Unknown,Tamil Nadu,0.0,0.0,0.0,0.0,3.2,0.72,0.83,2.49,6.67,2.22,0.42,5.04
12.5,80.0,Cheyyur,Tamil Nadu,0.0,0.0,0.0,0.0,5.9,1.11,1.36,5.3,8.18,2.45,0.43,7.5
12.75,74.75,Dakshina Kannada,Karnataka,0.02,0.0,0.0,0.76,5.66,35.58,33.38,17.97,7.28,1.38,0.48,0.21
12.75,75.0,Bantwal taluk,Karnataka,0.0,0.0,0.0,0.21,5.38,27.68,29.07,18.4,8.01,0.67,1.21,0.76
12.75,75.25,Putturu taluk,Karnataka,0.01,0.0,0.0,0.31,4.4,23.24,26.85,14.48,7.8,1.51,0.95,0.95
12.75,75.5,Kadaba taluk,Karnataka,0.01,0.0,0.0,0.77,3.9,12.09,16.8,11.76,5.26,1.5,0.89,1.69
12.75,75.75,Sakaleshapura taluk,Karnataka,0.02,0.0,0.0,1.33,3.68,7.69,11.65,6.49,2.08,0.29,0.36,1.46
12.75,76.0,Arakalagudu taluk,Karnataka,0.02,0.0,0.0,0.54,2.14,3.19,3.89,1.19,1.01,0.33,0.47,1.05
12.75,76.25,Hole Narasipura taluk,Karnataka,0.11,0.09,0.0,0.29,2.88,3.11,3.4,1.28,1.07,1.69,0.91,1.12
12.75,76.5,Krishnarajapete taluk,Karnataka,0.2,0.0,0.0,0.3,1.59,7.33,8.7,3.39,5.42,0.99,0.1,1.17
12.75,76.75,Nagamangala taluk,Karnataka,0.03,0.0,0.25,0.17,3.08,6.32,12.26,6.62,5.55,0.59,0.07,0.88
12.75,77.0,Madduru taluk,Karnataka,0.0,0.0,0.15,0.06,3.82,2.44,6.25,1.95,2.22,1.38,0.0,1.77
12.75,77.25,Ramanagara taluk,Karnataka,0.01,0.0,0.04,0.09,3.82,2.63,5.91,2.33,1.87,1.11,0.18,1.94
12.75,77.5,Bangalore South,Karnataka,0.03,0.0,0.16,0.5,7.75,4.12,5.62,1.01,1.45,1.77,0.13,3.41
12.75,77.75,Anekal,Karnataka,0.0,0.0,0.28,0.03,4.51,2.86,8.14,0.45,1.06,0.53,0.09,2.69
12.75,78.0,Shoolagiri,Tamil Nadu,0.25,0.0,0.3,0.02,4.77,2.95,6.12,0.78,1.81,0.61,0.16,2.78
12.75,78.25,Gudupalle,Andhra Pradesh,0.58,0.0,0.09,0.01,3.35,3.16,4.84,0.19,2.87,1.0,0.01,2.87
12.75,78.5,Kuppam,Andhra Pradesh,0.04,0.0,0.01,0.0,1.78,2.28,5.97,1.65,3.37,0.75,0.1,3.79
12.75,78.75,Ambur,Tamil Nadu,0.0,0.0,0.0,0.0,1.85,4.6,7.04,1.19,2.15,1.13,0.39,4.44
12.75,79.0,Vellore,Tamil Nadu,0.4,0.0,0.0,0.0,3.81,4.75,4.22,0.46,6.7,1.29,0.99,5.46
12.75,79.25,Arani,Tamil Nadu,0.04,0.0,0.0,0.0,4.19,3.93,3.13,1.32,4.99,0.95,0.93,5.95
12.75,79.5,Vembakkam,Tamil Nadu,0.06,0.0,0.0,0.0,4.97,4.01,4.73,2.62,8.76,4.8,0.03,10.35
12.75,79.75,Kanchipuram,Tamil Nadu,0.0,0.0,0.0,0.0,3.32,2.09,2.23,2.12,7.21,3.2,0.5,7.51
12.75,80.0,Chengalpattu,Tamil Nadu,0.0,0.0,0.0,0.0,9.47,1.63,2.46,2.31,9.14,1.0,1.3,6.91
13.0,74.75,Dakshina Kannada,Karnataka,0.03,0.0,0.0,0.09,3.01,38.8,32.31,15.58,7.35,1.47,0.49,0.07
13.0,75.0,Moodabidri taluk,Karnataka,0.02,0.0,0.0,0.24,4.89,31.69,32.23,17.21,7.91,0.79,1.57,0.32
13.0,75.25,Beltangadi taluk,Karnataka,0.02,0.0,0.01,0.57,5.06,25.17,32.17,22.23,8.36,2.5,1.24,0.22
13.0,75.5,Beltangadi taluk,Karnataka,0.01,0.0,0.0,0.48,3.47,15.64,23.49,12.15,5.27,1.56,0.81,0.99
13.0,75.75,Beluru taluk,Karnataka,0.05,0.03,0.0,2.39,3.22,7.07,9.29,3.78,2.59,0.52,0.62,0.91
13.0,76.0,Aluru taluk,Karnataka,0.06,0.0,0.0,3.0,3.52,4.86,3.89,0.91,2.24,0.26,0.67,1.2
13.0,76.25,Hasana taluk,Karnataka,0.12,0.26,0.0,0.18,2.83,5.57,3.64,1.19,1.06,0.21,0.71,0.74
13.0,76.5,Channarayapattana taluk,Karnataka,0.17,0.22,0.45,0.13,1.43,2.69,6.83,2.59,2.27,0.37,0.63,1.27
13.0,76.75,Nagamangala taluk,Karnataka,0.04,0.0,0.27,0.04,1.73,3.7,8.43,1.33,2.63,0.54,0.12,1.44
13.0,77.0,Kunigal taluk,Karnataka,0.21,0.0,0.11,0.24,4.08,3.74,5.58,1.84,2.15,1.99,0.24,1.76
13.0,77.25,Magadi taluku,Karnataka,0.09,0.0,0.17,0.08,3.52,5.27,5.69,1.27,1.83,0.54,0.28,1.64
13.0,77.5,Bangalore North,Karnataka,0.16,0.0,1.55,0.22,4.41,7.52,5.54,1.55,2.71,0.55,0.03,2.49
13.0,77.75,Bangalore East,Karnataka,0.1,0.0,0.73,0.13,4.99,5.76,8.03,0.84,1.93,0.85,0.05,2.55
13.0,78.0,Maluru taluk,Karnataka,0.33,0.0,0.23,0.04,4.37,3.08,4.79,0.35,1.68,0.78,0.1,2.94
13.0,78.25,Bangarapet taluk,Karnataka,0.1,0.0,0.11,0.16,4.35,2.99,5.56,0.12,2.39,1.46,0.19,3.93
13.0,78.5,Venkatagirikota,Andhra Pradesh,0.03,0.0,0.04,0.07,2.95,3.65,6.51,0.82,2.16,1.34,0.27,4.03
13.0,78.75,Gudiyatham,Tamil Nadu,0.01,0.0,0.0,0.0,2.11,5.94,7.37,0.77,1.95,1.37,0.55,4.38
13.0,79.0,Katpadi,Tamil Nadu,0.01,0.0,0.0,0.0,1.99,6.22,7.5,1.05,2.3,1.69,0.61,5.46
13.0,79.25,Katpadi,Tamil Nadu,0.02,0.0,0.0,0.0,2.77,5.45,3.93,0.47,2.51,1.24,0.12,3.59
13.0,79.5,Arakonam,Tamil Nadu,0.02,0.0,0.0,0.0,3.31,5.48,3.05,0.81,8.51,2.37,0.41,7.96
13.0,79.75,Kanchipuram,Tamil Nadu,0.01,0.0,0.0,0.0,6.52,5.68,2.66,1.14,8.59,0.99,0.97,9.14
13.0,80.0,Kanchipuram,Tamil Nadu,0.04,0.0,0.0,0.0,6.86,3.15,2.36,1.58,8.7,0.2,1.93,10.18
13.25,74.5,Dakshina Kannada,Karnataka,0.0,0.0,0.0,0.01,3.05,40.47,32.28,16.71,9.83,1.83,0.38,0.18
13.25,74.75,Kapu taluku,Karnataka,0.0,0.0,0.0,0.01,2.87,39.79,34.48,19.35,11.92,2.05,0.78,0.24
13.25,75.0,Karkala taluk,Karnataka,0.01,0.0,0.21,0.83,4.25,25.86,32.0,22.22,9.91,1.34,0.48,0.14
13.25,75.25,Kalasa taluk,Karnataka,0.0,0.0,0.46,1.44,6.17,13.85,22.59,13.37,3.76,0.95,0.52,0.16
13.25,75.5,Mudigere taluk,Karnataka,0.0,0.32,0.05,0.65,2.85,7.89,11.58,4.01,2.56,1.38,0.35,0.79
13.25,75.75,Chikkamagaluru taluku,Karnataka,0.01,0.25,0.0,0.82,2.55,3.19,5.05,0.92,1.72,0.97,0.54,1.03
13.25,76.0,Beluru taluk,Karnataka,0.03,0.0,0.0,1.36,2.94,4.04,4.25,0.88,2.81,0.57,0.89,1.19
13.25,76.25,Arasikere taluku,Karnataka,0.0,0.08,0.0,0.33,2.16,4.79,4.65,2.16,1.8,0.8,0.44,1.43
13.25,76.5,Tipaturu taluk,Karnataka,0.0,0.06,0.09,0.11,1.9,4.14,4.87,1.83,1.35,0.49,0.52,1.16
13.25,76.75,Turuvekere taluk,Karnataka,0.07,0.0,0.16,0.02,2.1,4.8,6.06,1.07,1.15,1.32,0.28,1.54
13.25,77.0,Tumkur taluk,Karnataka,0.13,0.0,0.12,0.02,2.78,5.55,5.32,1.23,1.04,1.48,0.38,1.54
13.25,77.25,Nelamangala taluk,Karnataka,0.08,0.0,0.12,0.07,3.94,5.73,5.64,1.38,1.62,0.51,0.34,1.54
13.25,77.5,Doddaballapura taluk,Karnataka,0.08,0.0,0.6,0.0,5.53,5.25,9.01,1.12,1.71,1.97,0.25,2.2
13.25,77.75,Devanahalli taluku,Karnataka,0.1,0.0,0.36,0.0,5.0,3.09,5.57,1.02,1.07,0.77,0.28,2.11
13.25,78.0,Kolar taluk,Karnataka,0.16,0.0,0.09,0.02,4.96,3.41,5.4,0.54,1.48,0.5,0.3,2.47
13.25,78.25,Srinivasapura taluku,Karnataka,0.08,0.0,0.21,0.05,4.82,3.71,5.71,0.43,2.14,1.29,0.08,3.62
13.25,78.5,Mulubagilu taluk,Karnataka,0.25,0.0,0.08,0.01,4.63,4.35,7.1,0.57,1.26,2.12,0.01,3.32
13.25,78.75,Gangavaram,Andhra Pradesh,0.11,0.0,0.03,0.0,2.96,6.49,7.44,0.56,1.4,1.92,0.4,4.44
13.25,79.0,Thavanampalle,Andhra Pradesh,0.0,0.0,0.0,0.0,2.16,8.67,7.76,0.62,2.13,1.94,0.72,5.5
13.25,79.25,Gangadhara Nellore,Andhra Pradesh,0.04,0.0,0.0,0.0,3.84,9.35,6.48,0.13,2.25,1.34,0.24,3.81
13.25,79.5,Pallipattu,Tamil Nadu,0.0,0.0,0.0,0.0,2.82,6.99,3.27,0.43,6.07,0.43,0.36,7.27
13.25,79.75,Vijayapuram,Andhra Pradesh,0.02,0.0,0.0,0.0,5.39,3.63,1.49,0.74,7.52,0.26,1.19,6.59
13.25,80.0,Thiruvallur,Tamil Nadu,0.0,0.0,0.0,0.0,7.24,4.2,1.38,0.5,8.1,0.6,2.74,6.82
13.25,80.25,Ponneri,Tamil Nadu,0.01,0.0,0.0,0.0,6.99,4.38,1.38,0.68,8.76,0.65,2.52,7.09
13.5,74.5,Unknown,Unknown,0.03,0.0,0.0,0.0,3.27,47.33,29.97,13.05,10.95,2.24,0.23,0.4
13.5,74.75,Brahmavara taluku,Karnataka,0.0,0.0,0.0,0.03,3.9,47.15,41.28,27.52,14.88,2.42,0.05,0.36
13.5,75.0,Hebri taluku,Karnataka,0.0,0.0,0.0,0.12,4.7,39.98,50.68,41.73,19.47,2.8,0.61,0.25
13.5,75.25,Koppa taluk,Karnataka,0.04,0.0,0.26,1.09,2.99,14.3,21.39,15.53,6.33,1.18,0.24,0.16
13.5,75.5,Narasimharajapura taluk,Karnataka,0.02,0.01,0.16,0.41,1.78,6.66,8.13,5.44,2.39,0.97,0.26,0.51
13.5,75.75,Chikkamagaluru taluku,Karnataka,0.01,0.0,0.0,0.28,2.61,3.97,2.7,1.29,1.3,0.97,0.59,0.99
13.5,76.0,Kaduru taluk,Karnataka,0.03,0.0,0.0,0.31,2.73,2.15,1.94,0.31,0.68,0.58,0.55,1.17
13.5,76.25,Arasikere taluku,Karnataka,0.0,0.0,0.0,0.03,2.65,1.86,4.3,0.56,0.39,0.49,0.08,1.97
13.5,76.5,Chikkanayakanahalli taluk,Karnataka,0.0,0.0,0.0,0.01,1.79,4.08,4.54,0.81,0.68,0.69,0.01,1.25
13.5,76.75,Gubbi taluk,Karnataka,0.06,0.0,0.0,0.0,1.68,5.52,3.69,0.51,1.01,1.06,0.15,1.17
13.5,77.0,Tumkur taluk,Karnataka,0.22,0.0,0.0,0.0,3.67,5.35,5.37,0.31,1.03,1.08,0.25,1.16
13.5,77.25,Koratagere taluku,Karnataka,0.09,0.0,0.0,0.18,6.49,4.56,7.98,0.55,1.43,0.18,0.34,1.79
13.5,77.5,Gauribidanuru taluk,Karnataka,0.16,0.0,0.02,0.12,4.96,4.04,8.77,0.62,1.74,0.62,0.2,1.88
13.5,77.75,Chikkaballapura taluk,Karnataka,0.15,0.0,0.12,0.0,4.81,2.6,5.52,0.68,0.95,0.6,0.31,1.91
13.5,78.0,Sidlaghatta taluk,Karnataka,0.16,0.0,0.11,0.0,5.09,3.58,5.81,0.48,0.95,0.41,0.27,2.64
13.5,78.25,Srinivasapura taluku,Karnataka,0.22,0.0,0.48,0.0,5.17,3.66,5.62,0.45,1.14,0.69,0.06,3.31
13.5,78.5,Madanapalle,Andhra Pradesh,0.04,0.0,0.25,0.0,4.45,3.21,4.15,0.52,1.83,1.05,0.11,2.86
13.5,78.75,Somala,Andhra Pradesh,0.04,0.0,0.08,0.0,2.37,4.73,5.25,0.23,0.85,1.21,0.38,3.3
13.5,79.0,Pakala,Andhra Pradesh,0.0,0.0,0.0,0.0,2.56,5.42,5.72,0.07,0.64,1.23,0.18,3.89
13.5,79.25,Ramachandrapuram,Andhra Pradesh,0.07,0.0,0.0,0.0,2.64,6.35,4.32,0.27,2.02,0.1,0.26,7.06
13.5,79.5,Vadamalapeta,Andhra Pradesh,0.07,0.0,0.0,0.0,3.79,7.13,2.7,0.37,5.74,0.35,0.46,6.3
13.5,79.75,Kumara Venkata Bhupalapuram,Andhra Pradesh,0.0,0.0,0.0,0.0,6.4,4.41,3.67,0.74,5.56,0.91,1.79,6.15
13.5,80.0,Satyavedu,Andhra Pradesh,0.0,0.0,0.0,0.0,6.98,4.53,2.85,0.55,6.42,1.09,2.81,5.95
13.5,80.25,Tada,Andhra Pradesh,0.0,0.0,0.0,0.0,7.06,4.25,2.03,0.47,7.25,0.88,2.59,6.28
13.75,74.5,Unknown,Unknown,0.07,0.0,0.0,0.0,3.21,46.08,29.09,13.49,11.14,2.87,0.22,0.55
13.75,74.75,Kundapura,Karnataka,0.1,0.0,0.0,0.02,3.2,36.24,37.65,28.62,14.26,3.18,0.28,0.72
13.75,75.0,Hosanagara taluk,Karnataka,0.01,0.0,0.0,0.15,2.95,16.53,31.17,23.08,11.78,1.76,0.86,0.33
13.75,75.25,Tirthahalli taluk,Karnataka,0.05,0.0,0.21,0.44,2.0,13.62,21.91,13.88,6.58,0.86,0.26,0.21
13.75,75.5,Narasimharajapura taluk,Karnataka,0.05,0.0,0.05,0.12,0.58,6.14,9.4,4.77,3.03,0.76,0.48,0.5
13.75,75.75,Tarikere taluku,Karnataka,0.04,0.0,0.0,0.1,1.82,6.12,5.27,2.57,3.05,0.77,0.22,1.02
13.75,76.0,Ajjampura taluku,Karnataka,0.02,0.0,0.0,0.25,1.82,4.29,4.23,1.06,1.95,0.81,0.0,0.81
13.75,76.25,Hosadurga taluku,Karnataka,0.05,0.0,0.0,0.08,2.27,1.83,3.11,0.44,0.78,0.76,0.01,1.31
13.75,76.5,Hosadurga taluku,Karnataka,0.04,0.0,0.0,0.01,1.09,4.57,2.33,0.4,0.71,0.69,0.01,0.89
13.75,76.75,Sira taluk,Karnataka,0.08,0.0,0.0,0.0,1.14,5.65,4.31,0.33,0.84,0.61,0.06,1.19
13.75,77.0,Agali,Andhra Pradesh,0.16,0.0,0.0,0.0,3.66,4.72,3.93,0.2,1.58,0.29,0.05,0.89
13.75,77.25,Madhugiri taluk,Karnataka,0.3,0.0,0.0,0.17,5.65,2.59,5.82,0.12,1.06,0.08,0.03,0.97
13.75,77.5,Hindupur,Andhra Pradesh,0.42,0.0,0.0,0.01,4.01,3.28,5.64,0.34,1.13,0.01,0.15,1.02
13.75,77.75,Gudibande taluk,Karnataka,0.37,0.0,0.0,0.0,4.13,3.09,4.6,0.35,0.99,0.02,0.14,1.39
13.75,78.0,Bagepalli taluk,Karnataka,0.4,0.0,0.0,0.0,4.5,3.51,4.9,0.33,1.09,0.17,0.12,2.03
13.75,78.25,Pedda Thippasamudram,Andhra Pradesh,0.18,0.0,0.24,0.0,4.19,3.37,5.01,0.43,1.11,0.45,0.13,3.03
13.75,78.5,Thamballapalle,Andhra Pradesh,0.08,0.0,0.18,0.0,2.18,2.11,2.85,0.3,0.99,0.37,0.49,1.99
13.75,78.75,Kalikiri,Andhra Pradesh,0.08,0.0,0.13,0.0,2.42,2.78,3.29,0.25,0.93,0.43,0.38,2.28
13.75,79.0,Pileru,Andhra Pradesh,0.0,0.0,0.0,0.0,2.66,4.06,4.42,0.14,1.3,0.58,0.29,5.67
13.75,79.25,Tirupati (Urban),Andhra Pradesh,0.02,0.0,0.0,0.0,2.62,3.94,4.28,0.19,1.81,0.34,0.57,8.06
13.75,79.5,Renigunta,Andhra Pradesh,0.17,0.0,0.0,0.0,2.39,2.79,1.37,0.14,2.37,1.85,1.32,7.04
13.75,79.75,Thottambedu,Andhra Pradesh,0.05,0.0,0.0,0.0,6.5,3.22,2.66,1.0,4.08,1.48,1.26,5.81
13.75,80.0,Doravarisatram,Andhra Pradesh,0.04,0.0,0.0,0.0,6.67,3.47,2.87,0.92,4.23,1.47,1.37,5.73
13.75,80.25,Unknown,Unknown,0.03,0.0,0.0,0.0,7.01,3.69,2.84,0.83,4.61,1.44,1.91,5.59
14.0,74.5,Unknown,Unknown,0.03,0.0,0.0,0.0,2.05,44.04,32.79,14.98,10.88,3.61,0.22,0.22
14.0,74.75,Sagara taluk,Karnataka,0.09,0.0,0.0,0.0,2.83,31.92,29.66,16.75,9.67,3.1,0.72,0.43
14.0,75.0,Sagara taluk,Karnataka,0.02,0.0,0.0,0.0,2.2,11.13,20.32,9.32,5.71,1.71,0.5,0.14
14.0,75.25,Hosanagara taluk,Karnataka,0.01,0.0,0.0,0.2,2.0,7.73,11.97,5.81,2.9,1.11,1.34,0.18
14.0,75.5,Shivamogga taluk,Karnataka,0.0,0.0,0.0,0.22,2.05,4.63,3.91,1.83,2.33,0.76,0.44,0.14
14.0,75.75,Bhadravati taluk,Karnataka,0.0,0.0,0.0,0.01,0.89,5.33,3.75,2.59,2.62,3.02,0.02,0.17
14.0,76.0,Channagiri taluku,Karnataka,0.02,0.0,0.04,0.39,1.57,3.83,4.1,0.24,2.5,0.93,0.0,0.28
14.0,76.25,Holalkere taluk,Karnataka,0.08,0.0,0.02,0.22,1.38,2.79,2.75,0.33,1.59,1.04,0.02,0.61
14.0,76.5,Hiriyuru taluk,Karnataka,0.13,0.0,0.0,0.04,1.08,2.28,1.98,0.63,0.58,0.82,0.04,0.89
14.0,76.75,Hiriyuru taluk,Karnataka,0.2,0.0,0.0,0.0,1.45,2.77,2.19,0.39,0.94,0.18,0.01,0.84
14.0,77.0,Amarapuram,Andhra Pradesh,0.28,0.0,0.0,0.0,4.32,2.91,5.84,0.54,1.5,0.39,0.0,0.87
14.0,77.25,Madakasira,Andhra Pradesh,0.17,0.0,0.0,0.02,4.14,2.14,3.53,0.4,1.95,0.2,0.0,0.31
14.0,77.5,Somandepalle,Andhra Pradesh,0.44,0.0,0.0,0.14,4.61,3.68,5.1,0.45,1.28,0.27,0.06,1.01
14.0,77.75,Gorantla,Andhra Pradesh,0.24,0.0,0.0,0.0,4.14,3.17,3.51,0.48,0.52,0.03,0.24,1.16
14.0,78.0,Obuladevaracheruvu,Andhra Pradesh,0.48,0.0,0.0,0.0,2.4,3.51,2.77,0.52,1.82,0.12,0.11,1.19
14.0,78.25,Tanakal,Andhra Pradesh,0.2,0.0,0.0,0.0,3.02,3.68,3.62,0.38,1.34,0.29,0.05,2.43
14.0,78.5,Galiveedu,Andhra Pradesh,0.08,0.0,0.01,0.0,3.01,4.92,4.36,0.03,0.63,0.16,0.1,2.98
14.0,78.75,Sambepalle,Andhra Pradesh,0.04,0.0,0.0,0.0,2.53,4.86,4.43,0.06,0.81,0.12,0.14,3.28
14.0,79.0,T Sundupalle,Andhra Pradesh,0.0,0.0,0.0,0.0,2.55,3.77,2.3,0.32,1.66,0.24,0.21,5.25
14.0,79.25,Obulavaripalle,Andhra Pradesh,0.01,0.0,0.0,0.0,3.8,3.32,3.14,0.35,1.35,0.23,1.07,5.93
14.0,79.5,Venkatagiri,Andhra Pradesh,0.19,0.0,0.0,0.0,3.67,3.24,2.91,0.34,1.28,0.49,1.38,6.54
14.0,79.75,Ojili,Andhra Pradesh,0.58,0.0,0.0,0.0,3.8,2.66,2.63,0.59,1.26,0.53,2.01,6.38
14.0,80.0,Chittamur,Andhra Pradesh,0.28,0.0,0.0,0.0,5.46,3.04,2.7,0.79,2.88,1.1,1.63,6.01
14.25,74.25,Unknown,Unknown,0.0,0.0,0.0,0.0,1.42,51.18,28.02,13.3,11.18,4.38,0.2,0.0
14.25,74.5,Honnavar taluku,Karnataka,0.0,0.0,0.0,0.0,0.82,41.29,35.45,25.34,12.64,4.14,0.49,0.0
14.25,74.75,Sagara taluk,Karnataka,0.06,0.0,0.0,0.02,1.65,19.62,20.54,15.71,6.87,1.89,3.39,0.04
14.25,75.0,Sagara taluk,Karnataka,0.01,0.0,0.0,0.06,1.9,9.97,10.24,6.87,3.17,0.87,1.25,0.2
14.25,75.25,Sagara taluk,Karnataka,0.02,0.05,0.0,0.34,2.18,8.65,6.26,2.32,2.31,0.02,0.14,0.14
14.25,75.5,Shikaripura taluk,Karnataka,0.01,0.0,0.0,0.0,0.73,5.69,4.58,2.09,1.77,0.29,0.5,0.13
14.25,75.75,Honnali taluku,Karnataka,0.0,0.0,0.0,0.03,2.97,5.57,3.65,1.22,2.38,0.89,0.0,0.1
14.25,76.0,Channagiri taluku,Karnataka,0.0,0.0,0.04,0.12,3.6,3.79,3.16,0.43,2.98,0.09,0.0,0.13
14.25,76.25,Chitradurga taluku,Karnataka,0.06,0.0,0.0,0.22,1.97,2.29,3.03,0.53,1.73,1.89,0.03,0.85
14.25,76.5,Chitradurga taluku,Karnataka,0.06,0.0,0.0,0.06,1.75,1.99,2.07,0.35,1.12,0.77,0.01,0.46
14.25,76.75,Challakere taluku,Karnataka,0.01,0.0,0.06,0.0,1.78,0.31,1.81,0.18,0.2,0.01,0.0,0.01
14.25,77.0,Kundurpi,Andhra Pradesh,0.44,0.0,0.33,0.15,3.88,2.95,5.54,0.17,2.37,1.91,0.02,2.26
14.25,77.25,Pavagada taluk,Karnataka,0.84,0.0,0.0,0.0,2.58,3.36,3.29,1.55,2.54,0.06,0.0,0.25
14.25,77.5,Pavagada taluk,Karnataka,0.35,0.0,0.0,0.01,2.15,2.5,2.73,0.23,0.84,0.29,0.0,0.5
14.25,77.75,Kothacheruvu,Andhra Pradesh,0.29,0.0,0.0,0.0,3.24,3.71,3.74,0.56,0.93,0.15,0.08,0.89
14.25,78.0,Bukkapatnam,Andhra Pradesh,0.42,0.0,0.0,0.0,2.17,4.22,2.69,0.98,2.12,0.42,0.05,1.13
14.25,78.25,Talupula,Andhra Pradesh,1.0,0.0,0.01,0.0,1.98,5.43,3.9,1.91,1.91,0.55,0.16,1.86
14.25,78.5,Chakrayapet,Andhra Pradesh,0.07,0.0,0.05,0.0,1.93,5.02,4.54,0.18,0.88,0.06,0.38,3.21
14.25,78.75,Ramapuram,Andhra Pradesh,0.06,0.0,0.01,0.0,1.76,4.64,4.48,0.33,1.77,0.13,0.2,3.55
14.25,79.0,Rajampet,Andhra Pradesh,0.0,0.0,0.0,0.0,1.6,3.75,2.85,0.42,1.99,0.18,0.08,4.56
14.25,79.25,Penagalur,Andhra Pradesh,0.0,0.0,0.0,0.0,4.1,3.09,2.74,0.36,1.32,0.04,1.38,4.53
14.25,79.5,Rapur,Andhra Pradesh,0.45,0.0,0.0,0.14,3.29,3.77,2.08,0.34,1.79,0.03,1.65,5.4
14.25,79.75,Sydapuram,Andhra Pradesh,0.74,0.0,0.0,0.03,2.9,2.78,2.28,0.73,0.42,0.26,1.86,5.93
14.25,80.0,Venkatachalam,Andhra Pradesh,0.62,0.0,0.0,0.05,3.53,3.23,1.68,1.07,1.11,0.74,1.35,5.47
14.5,74.25,Uttara Kannada,Karnataka,0.0,0.0,0.0,0.0,1.48,45.37,25.76,14.34,8.24,6.74,0.18,0.05
14.5,74.5,Kumata taluk,Karnataka,0.01,0.0,0.0,0.02,1.31,44.39,27.93,16.61,9.92,4.8,1.09,0.01
14.5,74.75,Siddapura taluk,Karnataka,0.02,0.0,0.0,0.02,1.95,11.62,14.75,9.46,4.34,0.93,1.8,0.02
14.5,75.0,Shirasi Taluk,Karnataka,0.01,0.0,0.0,0.04,1.67,7.53,8.62,5.71,1.58,0.9,1.23,0.06
14.5,75.25,Shikaripura taluk,Karnataka,0.0,0.09,0.0,0.37,2.13,6.53,4.21,2.62,1.23,0.06,0.81,0.1
14.5,75.5,Rattihalli taluk,Karnataka,0.0,0.02,0.0,0.06,1.6,5.97,2.74,1.69,2.41,0.12,0.2,0.07
14.5,75.75,Harihara taluku,Karnataka,0.0,0.0,0.0,0.0,2.82,6.88,3.45,0.8,2.16,0.7,0.0,0.13
14.5,76.0,Davanagere Taluku,Karnataka,0.03,0.0,0.0,0.02,4.0,3.97,4.07,0.51,2.51,0.25,0.01,0.58
14.5,76.25,Jagaluru taluku,Karnataka,0.04,0.0,0.0,0.07,3.07,2.86,2.51,0.19,1.96,0.83,0.01,0.58
14.5,76.5,Challakere taluku,Karnataka,0.07,0.0,0.0,0.06,1.55,3.81,1.96,0.06,1.54,0.49,0.0,0.51
14.5,76.75,Challakere taluku,Karnataka,0.2,0.0,0.0,0.0,1.91,2.36,1.73,0.19,1.42,0.01,0.0,0.13
14.5,77.0,Brahmasamudram,Andhra Pradesh,0.58,0.0,0.02,0.01,3.31,3.74,4.89,0.06,2.52,0.09,0.0,0.58
14.5,77.25,Kambadur,Andhra Pradesh,0.56,0.0,0.0,0.0,2.19,1.85,2.78,0.68,1.75,0.05,0.0,0.21
14.5,77.5,Raptadu,Andhra Pradesh,0.43,0.0,0.0,0.0,3.08,4.07,2.87,0.58,1.15,0.41,0.02,0.33
14.5,77.75,Bathalapalle,Andhra Pradesh,0.52,0.0,0.0,0.0,2.03,2.99,2.72,1.29,2.59,0.16,0.11,0.38
14.5,78.0,Lingala,Andhra Pradesh,0.62,0.0,0.0,0.0,2.25,4.36,2.47,2.86,2.08,0.88,0.04,0.82
14.5,78.25,Thonduru,Andhra Pradesh,0.97,0.0,0.0,0.0,1.84,5.78,3.85,2.24,2.99,0.66,0.12,1.39
14.5,78.5,Veerapunayunipalle,Andhra Pradesh,0.53,0.0,0.0,0.0,0.24,4.6,5.2,0.83,6.68,0.08,0.03,1.37
14.5,78.75,Vallur,Andhra Pradesh,0.22,0.0,0.0,0.0,0.53,3.41,5.27,0.81,4.52,0.35,0.09,2.6
14.5,79.0,Sidhout,Andhra Pradesh,0.1,0.0,0.0,0.0,0.69,2.77,4.49,1.27,2.64,0.67,0.2,3.27
14.5,79.25,Gopavaram,Andhra Pradesh,0.2,0.0,0.0,0.08,3.62,3.43,1.63,0.83,1.33,0.18,0.76,4.71
14.5,79.5,Chejerla,Andhra Pradesh,0.32,0.0,0.0,0.11,3.56,3.63,1.06,1.03,1.3,0.23,0.53,5.14
14.5,79.75,Podalakur,Andhra Pradesh,0.62,0.0,0.0,0.01,3.35,2.98,1.45,1.54,0.44,1.0,1.02,4.88
14.5,80.0,Kovur,Andhra Pradesh,0.57,0.0,0.0,0.03,3.3,2.76,1.61,1.32,1.25,1.06,1.26,5.28
14.75,74.25,Karwar taluk,Karnataka,0.0,0.0,0.0,0.0,1.37,33.87,29.12,17.15,9.35,8.35,0.19,0.08
14.75,74.5,Ankola taluk,Karnataka,0.0,0.0,0.0,0.04,4.59,13.17,19.2,14.91,4.55,1.78,0.3,0.03
14.75,74.75,Shirasi Taluk,Karnataka,0.0,0.0,0.0,0.07,4.3,8.51,11.46,9.04,2.51,0.52,0.28,0.01
14.75,75.0,Mundagoda taluk,Karnataka,0.0,0.0,0.04,0.0,1.78,6.15,5.81,4.07,1.35,0.0,0.28,0.0
14.75,75.25,Hanagal taluk,Karnataka,0.0,0.0,0.32,0.24,2.21,4.79,4.68,2.46,1.56,0.51,0.49,0.13
14.75,75.5,Byadagi taluk,Karnataka,0.0,0.0,0.09,0.16,3.47,4.19,3.45,1.93,2.1,0.27,0.3,0.08
14.75,75.75,Huvina Hadagali taluk,Karnataka,0.02,0.0,0.12,0.03,2.53,2.91,4.39,1.45,1.8,0.78,0.2,0.54
14.75,76.0,Harapanahalli taluku,Karnataka,0.02,0.0,0.0,0.13,1.74,2.64,3.76,0.5,2.11,0.36,0.02,0.9
14.75,76.25,Kotturu taluku,Karnataka,0.02,0.0,0.0,0.13,2.28,3.27,3.2,0.57,2.34,0.23,0.01,0.74
14.75,76.5,Kudligi taluku,Karnataka,0.06,0.0,0.0,0.0,1.65,2.72,2.25,0.23,1.49,0.05,0.0,0.64
14.75,76.75,Molakalmuru taluku,Karnataka,0.04,0.0,0.0,0.0,1.48,2.74,2.51,0.19,1.13,0.04,0.0,0.63
14.75,77.0,Kanekal,Andhra Pradesh,0.12,0.0,0.0,0.0,2.28,3.72,3.28,0.27,1.14,0.29,0.18,0.85
14.75,77.25,Uravakonda,Andhra Pradesh,0.29,0.0,0.0,0.0,2.21,2.38,2.29,0.48,1.73,0.24,0.43,0.15
14.75,77.5,Kudair,Andhra Pradesh,0.58,0.0,0.0,0.0,2.31,3.01,3.56,0.69,1.83,0.31,0.02,0.2
14.75,77.75,Narpala,Andhra Pradesh,0.63,0.0,0.0,0.0,2.06,3.33,3.5,1.75,2.34,0.4,0.05,0.17
14.75,78.0,Putlur,Andhra Pradesh,0.93,0.0,0.0,0.0,2.36,3.51,3.11,3.88,2.25,0.64,0.07,0.26
14.75,78.25,Muddanur,Andhra Pradesh,1.06,0.0,0.0,0.0,1.86,6.83,4.5,2.99,6.23,0.35,0.31,0.49
14.75,78.5,Yerraguntla,Andhra Pradesh,0.86,0.0,0.0,0.0,0.86,6.49,4.98,2.99,8.07,0.54,0.43,0.71
14.75,78.75,S.Mydukur,Andhra Pradesh,0.22,0.0,0.0,0.0,0.69,2.8,4.65,2.32,2.65,0.84,0.35,2.42
14.75,79.0,Brahmamgarimattam,Andhra Pradesh,0.17,0.0,0.0,0.0,1.13,2.81,3.73,2.1,1.97,1.06,0.41,3.37
14.75,79.25,Marripadu,Andhra Pradesh,0.08,0.0,0.0,0.0,2.63,2.86,1.78,1.38,1.08,0.85,0.42,4.62
14.75,79.5,Vinjamur,Andhra Pradesh,0.09,0.0,0.0,0.01,3.91,2.52,1.21,1.22,0.83,0.48,0.45,5.28
14.75,79.75,Kaligiri,Andhra Pradesh,0.29,0.0,0.0,0.0,3.57,1.88,1.72,1.34,2.62,1.55,1.28,5.57
14.75,80.0,Bogole,Andhra Pradesh,0.35,0.0,0.0,0.0,3.36,2.08,1.7,1.44,2.46,1.38,1.3,5.73
15.0,74.0,Uttara Kannada,Karnataka,0.0,0.0,0.0,0.0,0.5,37.73,28.13,14.89,9.06,3.14,0.01,0.16
15.0,74.25,Canacona,Goa,0.02,0.0,0.0,0.0,0.92,24.22,33.16,24.85,11.16,3.75,0.26,0.05
15.0,74.5,Supa taluk,Karnataka,0.01,0.0,0.0,0.03,2.98,10.21,21.13,15.91,5.03,1.14,0.05,0.02
15.0,74.75,Yallapura taluk,Karnataka,0.0,0.0,0.0,0.14,2.52,7.14,6.9,4.31,1.59,0.53,0.39,0.01
15.0,75.0,Mundagoda taluk,Karnataka,0.03,0.0,0.05,0.62,2.46,4.37,5.5,3.07,1.37,0.37,0.28,0.0
15.0,75.25,Shiggaon taluk,Karnataka,0.01,0.0,0.29,0.3,1.87,4.73,4.34,1.48,1.97,0.09,0.78,0.06
15.0,75.5,Savanura taluk,Karnataka,0.01,0.0,0.17,0.16,3.42,3.36,4.31,1.75,2.82,0.71,0.27,0.05
15.0,75.75,Shirahatti taluku,Karnataka,0.01,0.0,0.29,0.08,2.55,1.55,4.29,2.8,2.04,1.06,0.39,0.05
15.0,76.0,Huvina Hadagali taluk,Karnataka,0.0,0.0,0.01,0.16,3.88,6.01,3.08,1.24,2.82,0.03,0.01,0.5
15.0,76.25,Hagari Bommanahalli taluk,Karnataka,0.03,0.0,0.0,0.21,2.9,4.56,3.49,1.1,2.37,0.1,0.0,0.38
15.0,76.5,Sanduru taluk,Karnataka,0.17,0.0,0.0,0.19,1.34,2.87,2.99,0.44,1.42,0.03,0.08,0.39
15.0,76.75,Sanduru taluk,Karnataka,0.38,0.0,0.0,0.28,1.24,3.28,2.69,0.61,0.91,0.11,0.17,0.35
15.0,77.0,Bommanahal,Andhra Pradesh,0.08,0.0,0.0,0.0,2.31,3.47,3.2,0.3,1.33,0.28,0.45,0.48
15.0,77.25,Uravakonda,Andhra Pradesh,0.1,0.0,0.0,0.0,3.14,3.08,3.83,0.39,1.5,0.19,0.67,0.26
15.0,77.5,Pamidi,Andhra Pradesh,0.22,0.0,0.0,0.0,2.97,3.54,5.72,0.52,1.05,0.14,0.18,1.89
15.0,77.75,Peddavadugur,Andhra Pradesh,0.53,0.0,0.0,0.0,2.25,3.82,4.2,1.65,2.15,0.45,0.03,0.42
15.0,78.0,Tadpatri,Andhra Pradesh,0.63,0.0,0.0,0.0,2.18,4.08,3.95,2.11,3.26,0.36,0.04,0.14
15.0,78.25,Mylavaram,Andhra Pradesh,0.77,0.0,0.0,0.0,1.86,6.17,4.06,2.61,7.02,0.55,0.36,0.31
15.0,78.5,Peddamudium,Andhra Pradesh,0.73,0.0,0.0,0.0,1.3,6.34,4.3,3.01,8.77,0.86,0.52,0.35
15.0,78.75,S.Mydukur,Andhra Pradesh,0.22,0.0,0.0,0.0,0.51,4.0,3.75,1.37,3.5,0.37,0.45,1.13
15.0,79.0,Porumamilla,Andhra Pradesh,0.14,0.0,0.0,0.0,1.21,3.33,2.82,1.51,2.05,0.89,0.47,3.21
15.0,79.25,Udayagiri,Andhra Pradesh,0.03,0.0,0.0,0.0,1.72,3.27,1.52,0.9,1.14,0.83,0.41,4.92
15.0,79.5,Varikuntapadu,Andhra Pradesh,0.01,0.0,0.0,0.0,1.73,2.14,1.67,1.25,1.26,0.28,0.35,5.69
15.0,79.75,Kondapuram,Andhra Pradesh,0.19,0.0,0.0,0.0,3.35,1.64,1.82,1.37,3.81,1.48,1.5,6.46
15.0,80.0,Gudluru,Andhra Pradesh,0.15,0.0,0.0,0.0,3.13,1.68,1.77,1.62,3.92,1.27,1.38,6.24
15.25,73.75,Unknown,Unknown,0.0,0.0,0.0,0.0,0.11,42.0,31.63,14.58,7.89,1.2,0.92,0.0
15.25,74.0,Salcete,Goa,0.0,0.0,0.0,0.0,0.1,39.09,27.45,13.75,9.7,1.19,0.4,0.0
15.25,74.25,Sanguem,Goa,0.08,0.0,0.0,0.0,1.67,14.84,22.66,18.67,6.08,0.45,0.25,0.01
15.25,74.5,Supa taluk,Karnataka,0.07,0.0,0.08,0.41,2.29,10.22,17.82,15.06,5.46,0.29,0.28,0.01
15.25,74.75,Haliyala taluku,Karnataka,0.0,0.0,0.0,0.5,1.88,6.6,6.65,4.22,2.31,0.64,0.3,0.0
15.25,75.0,Kalaghatagi taluku,Karnataka,0.02,0.0,0.13,0.77,1.24,3.53,3.81,2.09,1.36,0.95,0.12,0.0
15.25,75.25,Kundagola taluku,Karnataka,0.01,0.0,0.18,0.39,1.48,3.06,2.83,1.05,2.43,0.5,0.05,0.05
15.25,75.5,Gadag taluk,Karnataka,0.02,0.0,0.02,0.46,1.91,3.98,3.01,0.79,3.4,0.43,0.0,0.07
15.25,75.75,Mundargi taluku,Karnataka,0.01,0.0,0.1,0.15,1.64,1.97,1.48,0.87,2.16,0.28,0.01,0.22
15.25,76.0,Koppala taluku,Karnataka,0.0,0.0,0.08,0.18,2.03,4.37,2.21,1.21,2.29,0.11,0.0,0.34
15.25,76.25,Koppala taluku,Karnataka,0.06,0.0,0.0,0.04,2.58,5.32,2.99,0.85,2.17,0.16,0.0,0.18
15.25,76.5,Hosapete taluk,Karnataka,0.27,0.0,0.0,0.1,2.37,4.04,2.27,0.76,1.52,0.1,0.09,0.02
15.25,76.75,Bellary taluk,Karnataka,0.54,0.0,0.0,0.52,0.89,3.08,2.41,0.81,1.1,0.01,0.26,0.01
15.25,77.0,Bellary taluk,Karnataka,0.29,0.0,0.0,0.33,2.31,3.87,3.45,0.44,3.23,0.07,0.26,0.16
15.25,77.25,Chippagiri,Andhra Pradesh,0.05,0.0,0.0,0.02,4.19,3.88,4.98,0.49,2.17,0.18,0.5,0.06
15.25,77.5,Maddikera (East),Andhra Pradesh,0.26,0.0,0.0,0.01,2.37,4.87,3.63,1.06,3.67,0.16,0.01,0.14
15.25,77.75,Peapally,Andhra Pradesh,0.32,0.0,0.0,0.0,1.12,4.27,3.31,1.19,4.25,0.22,0.0,0.01
15.25,78.0,Owk,Andhra Pradesh,0.42,0.0,0.0,0.0,1.49,2.5,4.26,1.29,3.45,0.07,0.02,0.03
15.25,78.25,Banaganapalle,Andhra Pradesh,0.09,0.0,0.0,0.0,2.15,3.16,3.68,3.11,5.76,0.2,0.42,0.04
15.25,78.5,Allagadda,Andhra Pradesh,0.1,0.0,0.0,0.0,2.19,4.97,3.35,3.64,6.01,0.52,0.46,0.12
15.25,78.75,Giddalur,Andhra Pradesh,0.13,0.0,0.08,0.0,0.72,4.0,2.9,1.13,3.5,0.65,0.45,1.36
15.25,79.0,Komarolu,Andhra Pradesh,0.07,0.0,0.02,0.0,0.7,4.6,2.52,0.96,1.89,0.47,0.44,3.41
15.25,79.25,Chandra Sekhara Puram,Andhra Pradesh,0.03,0.0,0.0,0.0,0.89,4.46,2.15,0.99,1.11,0.53,0.32,4.67
15.25,79.5,Kanigiri,Andhra Pradesh,0.0,0.0,0.0,0.0,1.79,2.32,1.92,1.6,3.57,0.42,1.01,6.86
15.25,79.75,Ponnaluru,Andhra Pradesh,0.0,0.0,0.0,0.0,2.48,1.74,1.78,1.87,6.39,0.39,1.96,9.36
15.25,80.0,Singarayakonda,Andhra Pradesh,0.07,0.0,0.0,0.0,3.07,1.7,1.52,2.86,5.76,0.84,1.37,5.24
15.5,73.75,Unknown,Unknown,0.0,0.0,0.0,0.0,0.18,37.33,31.94,16.19,8.57,4.23,0.04,0.0
15.5,74.0,Ponda,Goa,0.0,0.0,0.0,0.0,0.39,24.33,33.69,23.37,14.81,4.47,0.07,0.07
15.5,74.25,Satari,Goa,0.01,0.0,0.31,0.52,1.57,12.27,24.69,20.34,6.74,1.53,0.45,0.01
15.5,74.5,Khanapura taluku,Karnataka,0.0,0.0,0.33,0.76,2.31,8.09,18.33,14.54,3.78,0.5,0.52,0.0
15.5,74.75,Kitturu taluku,Karnataka,0.01,0.0,0.03,0.67,2.68,4.08,5.77,3.42,2.48,1.71,0.19,0.0
15.5,75.0,Dharawada taluku,Karnataka,0.02,0.0,0.05,0.91,2.66,3.13,4.25,2.18,1.71,1.9,0.11,0.0
15.5,75.25,Hubballi Taluku,Karnataka,0.02,0.0,0.04,1.17,1.55,3.75,2.68,1.67,2.22,0.17,0.01,0.07
15.5,75.5,Gadag taluk,Karnataka,0.02,0.0,0.0,1.1,1.88,3.4,3.22,1.29,2.76,0.17,0.0,0.18
15.5,75.75,Gadag taluk,Karnataka,0.01,0.0,0.02,0.3,1.68,3.33,2.4,0.9,2.5,0.21,0.0,0.09
15.5,76.0,Kukunoor taluku,Karnataka,0.01,0.0,0.0,0.01,1.66,4.28,2.44,0.87,2.71,0.08,0.0,0.03
15.5,76.25,Koppala taluku,Karnataka,0.02,0.0,0.0,0.0,1.73,5.11,3.35,0.52,2.25,0.14,0.0,0.07
15.5,76.5,Gangavati taluku,Karnataka,0.11,0.0,0.0,0.02,2.78,4.57,2.31,0.72,1.81,0.17,0.02,0.04
15.5,76.75,Karatagi taluku,Karnataka,0.21,0.0,0.0,0.13,2.43,3.87,2.35,0.63,2.59,0.11,0.06,0.21
15.5,77.0,Holagunda,Andhra Pradesh,0.26,0.0,0.0,0.15,2.19,4.34,2.85,0.59,3.76,0.15,0.03,0.26
15.5,77.25,Alur,Andhra Pradesh,0.3,0.0,0.0,0.03,2.51,4.71,3.76,0.88,4.51,0.31,0.0,0.0
15.5,77.5,Aspari,Andhra Pradesh,0.19,0.0,0.0,0.01,2.34,5.14,4.76,1.26,5.89,0.34,0.0,0.0
15.5,77.75,Krishnagiri,Andhra Pradesh,0.3,0.0,0.0,0.0,1.01,5.23,3.03,1.21,4.95,0.36,0.0,0.01
15.5,78.0,Veldurthi,Andhra Pradesh,0.07,0.0,0.0,0.0,0.55,2.69,3.89,1.95,5.05,0.38,0.03,0.0
15.5,78.25,Panyam,Andhra Pradesh,0.31,0.0,0.0,0.0,2.7,6.9,4.41,6.91,4.77,0.52,0.07,0.09
15.5,78.5,Nandyal,Andhra Pradesh,0.27,0.0,0.01,0.0,2.16,5.64,3.5,4.57,4.51,0.61,0.22,0.51
15.5,78.75,Bandi Atmakur,Andhra Pradesh,0.11,0.0,0.04,0.0,0.95,3.67,2.42,1.13,4.17,1.11,0.31,1.4
15.5,79.0,Cumbum,Andhra Pradesh,0.01,0.0,0.47,0.0,0.94,5.29,1.9,0.87,2.0,0.21,0.74,2.55
15.5,79.25,Hanumanthuni Padu,Andhra Pradesh,0.01,0.0,0.0,0.0,0.94,3.16,1.88,1.47,1.64,0.31,0.19,2.96
15.5,79.5,Kanigiri,Andhra Pradesh,0.0,0.0,0.0,0.0,1.19,2.68,2.41,2.11,2.8,0.79,0.34,3.14
15.5,79.75,Marripudi,Andhra Pradesh,0.0,0.0,0.0,0.0,3.05,1.7,1.06,4.09,6.3,0.44,0.78,1.73
15.5,80.0,Santhanuthala Padu,Andhra Pradesh,0.0,0.0,0.0,0.0,3.09,2.38,1.05,4.89,6.75,0.44,0.53,1.1
15.75,73.5,Unknown,Unknown,0.0,0.0,0.0,0.0,0.41,37.28,40.94,17.26,11.81,3.58,0.21,0.0
15.75,73.75,Sawantwadi Taluka,Maharashtra,0.0,0.0,0.0,0.0,0.23,36.17,44.54,21.98,13.59,3.89,0.14,0.0
15.75,74.0,Dodamarg Taluka,Maharashtra,0.0,0.0,0.19,0.01,0.16,22.43,38.29,24.91,11.25,3.05,0.1,0.04
15.75,74.25,Chandgad,Maharashtra,0.0,0.0,0.74,0.74,1.68,6.49,22.23,18.08,4.43,1.33,0.59,0.01
15.75,74.5,Belagavi taluku,Karnataka,0.01,0.0,0.03,0.79,2.0,4.32,5.66,2.29,3.07,0.42,0.04,0.01
15.75,74.75,Bailahongala taluku,Karnataka,0.01,0.0,0.23,0.88,3.48,4.3,5.63,3.06,2.36,1.68,0.48,0.0
15.75,75.0,Savadatti taluku,Karnataka,0.02,0.0,0.12,1.16,4.89,4.83,2.56,1.32,2.44,1.68,0.14,0.01
15.75,75.25,Savadatti taluku,Karnataka,0.02,0.0,0.0,1.29,2.5,4.52,1.98,1.76,3.26,0.1,0.0,0.03
15.75,75.5,Naragunda taluk,Karnataka,0.0,0.0,0.0,0.77,1.59,4.06,2.37,0.95,2.39,0.47,0.0,0.04
15.75,75.75,Rona taluku,Karnataka,0.0,0.0,0.0,0.11,1.71,4.09,2.38,0.98,2.52,0.42,0.0,0.0
15.75,76.0,Gajendragad taluku,Karnataka,0.03,0.0,0.0,0.0,2.8,5.59,2.12,0.87,4.14,0.28,0.0,0.0
15.75,76.25,Kushtagi taluk,Karnataka,0.03,0.0,0.0,0.0,2.46,4.41,1.19,0.77,3.14,0.41,0.0,0.0
15.75,76.5,Sindhanuru taluku,Karnataka,0.0,0.0,0.0,0.0,2.28,3.88,2.56,0.64,3.64,0.47,0.01,0.02
15.75,76.75,Sindhanuru taluku,Karnataka,0.03,0.0,0.0,0.08,2.47,4.89,2.35,0.67,3.44,0.22,0.04,0.18
15.75,77.0,Siruguppa taluku,Karnataka,0.1,0.0,0.0,0.03,2.84,7.31,4.47,0.74,4.94,0.57,0.0,0.16
15.75,77.25,Adoni,Andhra Pradesh,0.02,0.0,0.0,0.0,3.38,7.48,6.68,1.5,4.88,0.77,0.0,0.0
15.75,77.5,Yemmiganur,Andhra Pradesh,0.12,0.0,0.0,0.0,3.89,5.35,6.98,1.01,6.09,0.4,0.0,0.0
15.75,77.75,Guduru,Andhra Pradesh,0.19,0.0,0.0,0.0,2.92,4.34,5.54,1.75,6.95,0.35,0.0,0.02
15.75,78.0,Kallur,Andhra Pradesh,0.04,0.0,0.0,0.0,0.48,3.24,4.06,2.24,6.04,0.5,0.0,0.0
15.75,78.25,Midthur,Andhra Pradesh,0.6,0.0,0.01,0.0,2.03,3.59,3.48,1.52,4.11,0.21,0.59,0.39
15.75,78.5,Pamulapadu,Andhra Pradesh,0.45,0.0,0.02,0.0,2.41,3.2,3.49,1.14,3.27,0.19,0.33,0.56
15.75,78.75,Velgode,Andhra Pradesh,0.01,0.0,0.17,0.0,1.32,4.28,1.84,0.89,4.07,0.2,0.37,1.56
15.75,79.0,Dornala,Andhra Pradesh,0.05,0.0,0.46,0.0,1.73,3.48,1.6,2.22,4.51,0.61,0.94,1.68
15.75,79.25,Markapur,Andhra Pradesh,0.01,0.0,0.34,0.0,1.53,2.37,1.23,2.47,3.86,0.02,0.36,1.21
15.75,79.5,Donakonda,Andhra Pradesh,0.0,0.0,0.0,0.0,1.05,2.04,1.59,2.48,6.6,0.07,0.05,0.59
15.75,79.75,Darsi,Andhra Pradesh,0.0,0.0,0.0,0.0,2.38,4.38,1.37,5.09,6.66,0.41,0.26,0.97
15.75,80.0,Addanki,Andhra Pradesh,0.0,0.0,0.0,0.0,3.95,4.11,1.17,5.35,8.85,0.61,0.29,1.03
15.75,80.25,Chinaganjam,Andhra Pradesh,0.03,0.0,0.0,0.0,6.19,6.3,1.76,5.24,10.67,1.27,0.17,0.71
15.75,80.75,Unknown,Unknown,0.0,0.0,0.0,0.0,6.29,10.39,3.03,4.88,6.88,3.91,0.6,0.98
16.0,73.5,Kudal Taluka,Maharashtra,0.0,0.0,0.0,0.0,0.21,35.6,39.89,20.83,13.75,3.7,0.24,0.0
16.0,73.75,Kudal Taluka,Maharashtra,0.0,0.0,0.0,0.01,0.09,33.59,45.93,25.07,15.14,5.43,0.27,0.0
16.0,74.0,Sawantwadi Taluka,Maharashtra,0.0,0.0,0.45,0.05,0.29,7.43,31.97,23.64,5.22,0.6,0.11,0.01
16.0,74.25,Chandgad,Maharashtra,0.0,0.0,0.51,0.39,1.09,5.98,25.02,17.13,3.95,0.84,0.4,0.02
16.0,74.5,Belagavi taluku,Karnataka,0.0,0.0,0.89,0.47,2.12,3.61,8.97,5.74,2.13,0.87,0.7,0.02
16.0,74.75,Gokak taluku,Karnataka,0.0,0.0,0.14,0.33,1.47,2.37,4.36,1.78,1.56,0.57,0.12,0.0
16.0,75.0,Yaragatti taluku,Karnataka,0.0,0.0,0.1,0.71,2.84,5.39,2.68,1.37,2.2,0.77,0.04,0.0
16.0,75.25,Ramadurga taluku,Karnataka,0.01,0.0,0.0,0.71,1.96,5.78,2.45,1.25,2.33,0.38,0.0,0.0
16.0,75.5,Badami taluku,Karnataka,0.0,0.0,0.0,0.69,1.4,3.61,2.13,0.78,2.77,0.17,0.0,0.0
16.0,75.75,Guledgudda taluku,Karnataka,0.04,0.0,0.0,0.19,1.57,4.37,2.42,1.58,3.02,1.03,0.0,0.0
16.0,76.0,Kushtagi taluk,Karnataka,0.02,0.0,0.0,0.0,1.91,4.52,2.51,1.84,3.45,0.72,0.03,0.0
16.0,76.25,Ilkal taluka,Karnataka,0.0,0.0,0.0,0.0,1.86,2.66,3.26,1.08,5.03,1.01,0.06,0.01
16.0,76.5,Maski taluku,Karnataka,0.02,0.0,0.0,0.0,1.84,3.39,3.23,1.58,4.86,0.69,0.08,0.03
16.0,76.75,Maski taluku,Karnataka,0.03,0.0,0.0,0.13,1.61,4.93,4.56,0.95,8.61,0.84,0.0,0.05
16.0,77.0,Manvi taluku,Karnataka,0.03,0.0,0.0,0.06,2.81,6.83,4.87,1.07,9.34,1.09,0.0,0.02
16.0,77.25,Manvi taluku,Karnataka,0.0,0.0,0.0,0.22,2.66,7.21,4.99,0.53,5.41,0.78,0.0,0.0
16.0,77.5,Rayachuru taluku,Karnataka,0.05,0.01,0.0,0.49,2.39,6.16,5.66,0.82,6.3,0.26,0.0,0.0
16.0,77.75,Aiza mandal,Telangana,0.12,0.03,0.0,0.06,2.47,4.69,5.35,1.86,7.07,0.43,0.0,0.02
16.0,78.0,Manopad mandal,Telangana,0.01,0.0,0.03,0.0,2.14,5.61,5.12,3.5,7.65,0.49,0.0,0.0
16.0,78.25,Chinnambavi mandal,Telangana,0.09,0.0,0.04,0.0,2.36,7.09,4.49,5.22,8.19,0.04,0.0,0.09
16.0,78.5,Kothapalle,Andhra Pradesh,0.35,0.0,0.01,0.0,2.74,3.55,4.1,1.76,3.91,0.15,0.14,0.35
16.0,78.75,Atmakur,Andhra Pradesh,0.05,0.0,0.28,0.0,1.39,4.25,1.65,1.18,6.02,0.31,0.43,1.19
16.0,79.0,Dornala,Andhra Pradesh,0.01,0.0,0.63,0.0,1.22,4.37,2.06,2.02,6.06,0.25,0.41,0.77
16.0,79.25,Yerragondapalem,Andhra Pradesh,0.01,0.0,0.68,0.0,1.36,4.81,3.11,3.42,6.32,0.32,0.3,0.49
16.0,79.5,Tripuranthakam,Andhra Pradesh,0.0,0.0,0.0,0.0,1.96,11.83,7.27,7.52,10.57,2.13,0.15,0.22
16.0,79.75,Nuzendla,Andhra Pradesh,0.0,0.0,0.0,0.0,2.35,6.22,2.38,7.22,5.54,0.93,0.1,0.29
16.0,80.0,Ballikurava,Andhra Pradesh,0.01,0.0,0.0,0.0,4.73,5.22,1.4,5.92,9.07,0.93,0.18,0.68
16.0,80.25,Parchur,Andhra Pradesh,0.03,0.0,0.0,0.0,6.34,6.7,1.83,5.11,10.62,1.47,0.15,0.59
16.0,80.5,Ponnur,Andhra Pradesh,0.0,0.0,0.0,0.0,6.03,9.47,3.32,4.54,6.73,4.17,0.52,0.8
16.0,80.75,Nagaram,Andhra Pradesh,0.0,0.0,0.0,0.0,6.99,11.64,4.3,4.8,6.79,4.75,1.06,1.07
16.0,81.0,Koduru,Andhra Pradesh,0.0,0.0,0.0,0.0,5.93,11.08,2.34,4.82,6.48,3.39,0.4,0.98
16.25,73.25,Unknown,Unknown,0.0,0.0,0.01,0.0,0.0,41.67,32.35,16.26,10.88,2.84,0.1,0.0
16.25,73.5,Malvan Taluka,Maharashtra,0.0,0.0,0.02,0.0,0.01,30.42,51.68,23.33,17.25,3.74,0.1,0.0
16.25,73.75,Kankavli Taluka,Maharashtra,0.0,0.0,0.07,0.03,0.01,17.06,47.07,32.72,13.59,3.41,0.15,0.0
16.25,74.0,Radhanagari,Maharashtra,0.0,0.0,0.15,0.1,0.33,4.14,15.72,9.71,3.0,0.92,0.33,0.0
16.25,74.25,Ajra,Maharashtra,0.0,0.0,0.3,0.36,1.17,2.67,10.68,3.51,1.51,0.73,0.04,0.01
16.25,74.5,Hukkeri taluk,Karnataka,0.0,0.0,0.56,0.25,1.5,2.38,7.74,2.83,1.67,0.21,0.17,0.02
16.25,74.75,Gokak taluku,Karnataka,0.0,0.0,0.03,0.08,0.96,1.7,3.08,0.59,1.31,0.25,0.0,0.0
16.25,75.0,Mudalagi taluku,Karnataka,0.0,0.0,0.26,0.33,1.46,3.14,4.1,1.19,3.5,0.29,0.0,0.0
16.25,75.25,Mudhola taluku,Karnataka,0.0,0.0,0.01,1.24,1.38,2.24,2.62,0.73,2.54,0.25,0.01,0.0
16.25,75.5,Bilagi,Karnataka,0.0,0.0,0.0,1.51,1.47,1.9,1.66,0.68,1.66,0.07,0.0,0.0
16.25,75.75,Bagalakote taluk,Karnataka,0.01,0.0,0.0,0.19,1.38,4.89,2.57,1.81,2.41,0.28,0.02,0.01
16.25,76.0,Bagalakote taluk,Karnataka,0.01,0.0,0.0,0.32,0.89,3.09,2.91,2.12,3.16,0.79,0.08,0.12
16.25,76.25,Muddebihala taluku,Karnataka,0.0,0.0,0.0,0.08,1.14,2.85,3.28,2.14,3.26,0.98,0.26,0.19
16.25,76.5,Lingasuguru taluku,Karnataka,0.07,0.0,0.0,0.09,1.0,3.04,5.8,2.47,6.48,0.53,0.26,0.13
16.25,76.75,Unknown,Karnataka,0.11,0.0,0.0,0.15,0.95,4.29,4.79,2.06,9.88,0.53,0.03,0.06
16.25,77.0,Unknown,Karnataka,0.05,0.0,0.0,0.01,2.67,6.27,4.57,1.45,11.02,1.2,0.0,0.03
16.25,77.25,Rayachuru taluku,Karnataka,0.01,0.0,0.0,0.31,2.17,6.13,4.62,1.54,8.01,0.55,0.0,0.01
16.25,77.5,Kaloor_Thimmandoddi mandal,Telangana,0.01,0.04,0.0,0.62,1.4,5.19,3.99,1.11,6.8,0.17,0.0,0.0
16.25,77.75,Gadwal mandal,Telangana,0.02,0.06,0.0,0.11,1.09,4.03,5.03,1.7,8.08,0.09,0.0,0.0
16.25,78.0,Pebbair mandal,Telangana,0.0,0.0,0.01,0.0,1.04,6.24,3.95,4.35,9.6,0.23,0.0,0.01
16.25,78.25,Kodair mandal,Telangana,0.0,0.0,0.01,0.06,1.89,7.17,3.25,5.59,10.59,0.23,0.0,0.03
16.25,78.5,Lingal mandal,Telangana,0.02,0.0,0.0,0.17,1.88,3.02,2.04,2.37,9.18,0.35,0.0,0.12
16.25,78.75,Amrabad mandal,Telangana,0.0,0.0,0.28,0.09,1.45,3.73,1.74,1.71,7.63,0.26,0.09,0.25
16.25,79.0,Amrabad mandal,Telangana,0.0,0.0,0.38,0.0,1.65,3.67,1.8,2.27,8.22,0.37,0.28,0.66
16.25,79.25,Veldurthi,Andhra Pradesh,0.0,0.0,0.24,0.0,1.79,2.83,2.34,4.48,13.21,0.83,0.08,0.2
16.25,79.5,Pullalacheruvu,Andhra Pradesh,0.0,0.0,0.0,0.0,2.17,4.64,2.2,8.34,12.44,1.5,0.0,0.08
16.25,79.75,Bollapalle,Andhra Pradesh,0.0,0.0,0.0,0.0,2.61,5.57,1.96,8.39,7.47,1.17,0.0,0.06
16.25,80.0,Narasaraopet,Andhra Pradesh,0.0,0.0,0.0,0.0,3.37,6.64,1.9,7.04,8.38,2.11,0.0,0.03
16.25,80.25,Edlapadu,Andhra Pradesh,0.0,0.0,0.0,0.0,2.8,8.64,2.14,3.51,4.02,2.96,0.01,0.08
16.25,80.5,Chebrolu,Andhra Pradesh,0.0,0.0,0.0,0.0,4.78,8.26,2.98,3.12,5.27,3.26,0.05,0.34
16.25,80.75,Kollipara,Andhra Pradesh,0.0,0.0,0.0,0.0,5.58,11.66,3.31,4.93,6.8,3.28,0.33,0.89
16.25,81.0,Movva,Andhra Pradesh,0.0,0.0,0.0,0.0,5.26,10.96,2.11,5.12,6.62,2.55,0.28,0.87
16.5,73.25,Unknown,Unknown,0.0,0.0,0.01,0.0,0.0,37.87,33.46,17.98,11.97,2.27,0.0,0.0
16.5,73.5,Devgad Taluka,Maharashtra,0.0,0.0,0.02,0.01,0.0,20.13,51.27,26.7,19.68,2.65,0.03,0.0
16.5,73.75,Vaibhavwadi Taluka,Maharashtra,0.0,0.0,0.07,0.04,0.0,17.32,45.6,29.21,16.06,2.18,0.04,0.0
16.5,74.0,Radhanagari,Maharashtra,0.0,0.0,0.15,0.09,0.08,5.86,26.43,21.35,4.48,1.71,0.29,0.0
16.5,74.25,Unknown,Maharashtra,0.0,0.0,0.16,0.16,0.46,3.24,15.0,11.31,2.12,0.51,0.04,0.0
16.5,74.5,Chikodi taluk,Karnataka,0.0,0.0,0.13,0.1,1.32,1.69,10.81,3.97,1.98,0.17,0.02,0.0
16.5,74.75,Raybag taluk,Karnataka,0.0,0.0,0.22,0.12,1.23,3.24,5.66,2.59,3.22,0.3,0.0,0.0
16.5,75.0,Rabakavi Banahatti taluku,Karnataka,0.0,0.0,0.46,0.11,0.9,3.58,3.53,1.72,4.46,0.36,0.0,0.0
16.5,75.25,Jamakhandi taluku,Karnataka,0.01,0.0,0.09,0.32,1.12,3.34,3.9,1.69,4.09,0.71,0.05,0.0
16.5,75.5,Babaleshwara taluk,Karnataka,0.0,0.0,0.24,0.76,1.37,2.55,2.53,1.36,2.74,0.19,0.01,0.0
16.5,75.75,Kolahara Taluku,Karnataka,0.0,0.0,0.07,0.18,1.17,4.38,3.01,1.88,2.95,0.21,0.0,0.06
16.5,76.0,Basavana Bagevadi Taluku,Karnataka,0.0,0.0,0.0,0.07,0.88,3.32,3.47,1.93,3.31,0.53,0.01,0.22
16.5,76.25,Talakoti Taluku,Karnataka,0.0,0.0,0.04,0.1,1.59,2.1,4.81,3.14,3.19,0.61,0.36,0.05
16.5,76.5,Hunasagi taluka,Karnataka,0.0,0.0,0.01,0.06,1.72,1.66,6.47,3.89,2.81,0.78,0.49,0.03
16.5,76.75,Shorapur,Karnataka,0.07,0.0,0.0,0.26,0.71,3.46,4.78,2.71,9.89,0.21,0.0,0.08
16.5,77.0,Unknown,Karnataka,0.0,0.0,0.0,0.05,0.82,5.99,6.27,2.73,10.11,1.13,0.0,0.0
16.5,77.25,Yadagiri taluku,Karnataka,0.0,0.0,0.0,0.0,2.29,6.42,5.91,2.41,6.8,0.2,0.01,0.0
16.5,77.5,Unknown,Telangana,0.0,0.0,0.0,0.0,2.21,4.27,5.13,2.74,6.95,0.09,0.02,0.01
16.5,77.75,CC Kunta mandal,Telangana,0.0,0.0,0.0,0.0,2.59,3.35,3.99,1.68,7.15,0.07,0.1,0.0
16.5,78.0,Ghanpur mandal,Telangana,0.0,0.0,0.0,0.0,1.02,5.1,2.32,3.7,8.86,0.49,0.02,0.11
16.5,78.25,Bijinapalle mandal,Telangana,0.0,0.0,0.0,0.07,0.96,5.13,1.84,3.76,11.3,0.46,0.0,0.04
16.5,78.5,Uppunuthala mandal,Telangana,0.0,0.0,0.0,0.15,1.45,2.34,1.2,1.66,9.4,0.4,0.0,0.09
16.5,78.75,Uppunuthala mandal,Telangana,0.02,0.0,0.0,0.05,1.47,3.01,1.77,2.55,8.11,0.8,0.0,0.18
16.5,79.0,Chandampet mandal,Telangana,0.0,0.0,0.0,0.0,2.02,2.69,2.95,3.81,13.0,1.68,0.02,0.15
16.5,79.25,Macherla,Andhra Pradesh,0.0,0.0,0.0,0.0,2.2,1.8,1.47,5.76,20.04,1.08,0.0,0.08
16.5,79.5,Macherla,Andhra Pradesh,0.0,0.0,0.0,0.0,1.87,4.25,1.6,7.73,17.4,1.71,0.01,0.14
16.5,79.75,Dachepalle,Andhra Pradesh,0.0,0.0,0.0,0.0,2.19,5.53,4.27,10.51,16.38,2.47,0.0,0.01
16.5,80.0,Bellamkonda,Andhra Pradesh,0.0,0.0,0.0,0.0,3.3,6.16,2.65,7.42,9.98,1.56,0.04,0.07
16.5,80.25,Pedakurapadu,Andhra Pradesh,0.06,0.0,0.0,0.0,3.22,11.93,3.31,4.05,4.28,3.28,0.12,0.14
16.5,80.5,Thullur,Andhra Pradesh,0.09,0.0,0.0,0.0,3.68,12.5,3.44,4.21,5.23,1.86,0.14,0.2
16.5,80.75,Kankipadu,Andhra Pradesh,0.0,0.0,0.0,0.0,5.58,12.72,4.79,5.03,8.87,3.21,0.32,0.67
16.5,81.0,Nandivada,Andhra Pradesh,0.0,0.0,0.0,0.0,3.25,8.92,5.88,6.65,8.46,2.1,0.91,0.07
16.5,81.25,Kalidindi,Andhra Pradesh,0.06,0.0,0.0,0.0,4.81,11.08,2.6,3.55,9.17,1.13,0.5,0.29
16.5,81.5,Bhimavaram,Andhra Pradesh,0.32,0.0,0.0,0.0,5.6,10.06,3.55,3.33,5.36,0.49,0.83,0.39
16.5,81.75,Yelamanchili,Andhra Pradesh,0.4,0.0,0.0,0.0,7.4,10.23,4.9,5.36,8.9,2.64,0.41,0.26
16.5,82.0,Allavaram,Andhra Pradesh,0.23,0.0,0.17,0.14,5.87,9.77,5.19,6.5,9.5,2.46,0.29,0.16
16.75,73.25,Unknown,Unknown,0.0,0.0,0.0,0.0,0.0,29.81,45.39,24.57,16.49,2.82,0.0,0.0
16.75,73.5,Rajapur Taluka,Maharashtra,0.0,0.0,0.01,0.01,0.0,21.91,54.37,29.71,19.31,2.73,0.01,0.0
16.75,73.75,Rajapur Taluka,Maharashtra,0.0,0.0,0.24,0.05,0.08,10.6,35.05,22.06,6.03,1.2,0.05,0.0
16.75,74.0,Unknown,Maharashtra,0.0,0.0,0.17,0.11,0.1,5.89,22.15,15.59,2.41,1.2,0.37,0.0
16.75,74.25,Karvir,Maharashtra,0.0,0.0,0.03,0.19,0.08,2.06,12.88,7.55,1.74,1.24,0.1,0.0
16.75,74.5,Shirol,Maharashtra,0.0,0.0,0.09,0.09,0.42,2.61,10.27,6.15,2.65,0.67,0.13,0.0
16.75,74.75,Miraj,Maharashtra,0.0,0.0,0.2,0.4,1.4,4.83,6.4,3.54,3.16,0.33,0.02,0.0
16.75,75.0,Athani taluku,Karnataka,0.0,0.0,0.24,0.15,1.77,3.79,5.13,3.53,3.76,0.32,0.0,0.0
16.75,75.25,Athani taluku,Karnataka,0.0,0.0,0.27,0.21,1.37,3.41,4.35,2.56,4.02,0.45,0.02,0.0
16.75,75.5,Tikota taluka,Karnataka,0.0,0.0,0.79,0.2,1.43,2.07,4.33,2.21,4.35,0.33,0.0,0.0
16.75,75.75,Bijapur Taluk,Karnataka,0.0,0.0,0.76,0.3,1.17,2.71,4.19,2.12,5.52,0.35,0.0,0.0
16.75,76.0,Basavana Bagevadi Taluku,Karnataka,0.0,0.0,0.22,0.29,1.35,4.58,3.35,2.03,3.51,0.13,0.0,0.04
16.75,76.25,Sindagi taluku,Karnataka,0.0,0.0,0.04,0.29,1.46,3.35,3.73,2.67,5.62,0.31,0.22,0.01
16.75,76.5,Yadrami taluku,Karnataka,0.0,0.0,0.03,0.25,1.09,3.09,3.14,2.75,4.66,0.43,0.2,0.04
16.75,76.75,Shahapura taluku,Karnataka,0.0,0.0,0.0,0.0,0.2,3.15,5.05,1.99,9.17,0.0,0.0,0.01
16.75,77.0,Shahapura taluku,Karnataka,0.0,0.0,0.0,0.0,0.78,4.66,6.33,2.47,10.21,0.71,0.0,0.02
16.75,77.25,Yadagiri taluku,Karnataka,0.01,0.0,0.0,0.06,1.95,4.36,5.83,1.47,8.2,1.3,0.32,0.0
16.75,77.5,Narayanpet mandal,Telangana,0.02,0.0,0.0,0.1,2.18,4.51,5.0,1.24,7.13,0.69,0.07,0.0
16.75,77.75,Koilkonda mandal,Telangana,0.01,0.0,0.0,0.0,5.19,4.44,3.32,4.42,8.31,0.29,0.58,0.01
16.75,78.0,Mahabubnagar_Urban mandal,Telangana,0.0,0.0,0.0,0.0,2.93,4.08,3.4,5.56,5.63,0.83,1.0,0.0
16.75,78.25,Midjil mandal,Telangana,0.0,0.0,0.0,0.13,1.47,3.64,0.91,2.4,10.37,0.5,0.11,0.01
16.75,78.5,Veldanda mandal,Telangana,0.01,0.0,0.0,0.07,1.3,2.66,0.94,1.77,9.36,0.49,0.0,0.07
16.75,78.75,Charakonda mandal,Telangana,0.03,0.0,0.0,0.0,1.53,3.68,2.24,2.98,8.48,0.89,0.0,0.2
16.75,79.0,Kondamallapally mandal,Telangana,0.01,0.0,0.0,0.0,2.48,3.49,3.64,3.25,11.68,1.46,0.0,0.16
16.75,79.25,Peddavoora mandal,Telangana,0.06,0.0,0.01,0.0,2.69,4.35,4.28,6.39,15.61,2.58,0.01,0.04
16.75,79.5,Tripuraram mandal,Telangana,0.05,0.0,0.02,0.0,2.43,4.45,3.11,8.22,15.5,2.12,0.01,0.04
16.75,79.75,Palakeedu mandal,Telangana,0.0,0.0,0.0,0.0,2.32,5.18,3.53,6.25,11.95,1.64,0.09,0.11
16.75,80.0,Chinthala palem mandal,Telangana,0.0,0.0,0.0,0.0,2.36,5.61,3.48,5.32,9.38,1.59,0.19,0.11
16.75,80.25,Chandarlapadu,Andhra Pradesh,0.04,0.0,0.0,0.0,2.53,6.55,2.47,5.29,8.33,2.48,0.11,0.06
16.75,80.5,G.Konduru,Andhra Pradesh,0.14,0.0,0.02,0.0,2.79,12.12,3.54,4.57,6.33,3.56,0.5,0.09
16.75,80.75,Agiripalle,Andhra Pradesh,0.13,0.0,0.0,0.0,2.47,11.44,4.07,4.32,7.46,3.56,0.62,0.06
16.75,81.0,Pedavegi,Andhra Pradesh,0.01,0.0,0.0,0.0,2.52,8.86,5.79,3.95,9.38,1.73,0.67,0.01
16.75,81.25,Bhimadole,Andhra Pradesh,0.0,0.0,0.0,0.0,4.46,7.74,5.59,5.85,10.54,0.84,0.05,0.07
16.75,81.5,Pentapadu,Andhra Pradesh,0.0,0.0,0.0,0.0,4.07,9.86,9.81,2.52,12.36,1.25,0.03,0.0
16.75,81.75,Peravali,Andhra Pradesh,0.18,0.0,0.37,0.48,6.47,8.16,5.33,5.57,7.69,2.13,0.48,0.19
16.75,82.0,K. Gangavaram,Andhra Pradesh,0.08,0.0,0.61,0.8,5.51,6.91,6.78,6.24,8.96,1.33,0.65,0.25
16.75,82.25,Thallarevu,Andhra Pradesh,0.05,0.0,0.44,0.56,4.88,7.21,6.97,6.58,8.72,1.48,0.61,0.17
17.0,73.25,Unknown,Unknown,0.0,0.0,0.0,0.0,0.0,38.99,44.58,26.11,21.1,4.29,0.0,0.0
17.0,73.5,Ratnagiri Taluka,Maharashtra,0.0,0.0,0.01,0.01,0.0,24.52,53.22,30.62,20.86,2.68,0.0,0.0
17.0,73.75,Sangameshwar Taluka,Maharashtra,0.0,0.0,0.22,0.04,0.16,8.48,29.44,18.51,4.46,1.1,0.16,0.0
17.0,74.0,Shirala,Maharashtra,0.0,0.0,0.13,0.03,0.4,4.44,18.39,10.24,3.15,0.72,0.23,0.0
17.0,74.25,Walwa,Maharashtra,0.0,0.0,0.07,0.04,0.24,2.7,10.53,5.05,2.16,0.84,0.07,0.0
17.0,74.5,Palus,Maharashtra,0.0,0.0,0.24,0.29,0.05,3.34,7.07,3.54,4.65,0.23,0.38,0.0
17.0,74.75,Kavathemahankal,Maharashtra,0.0,0.0,0.85,0.44,0.45,6.76,5.24,2.07,4.54,0.19,0.1,0.0
17.0,75.0,Kavathemahankal,Maharashtra,0.0,0.0,0.55,0.32,1.05,6.55,4.18,2.15,6.39,0.22,0.01,0.0
17.0,75.25,Jat,Maharashtra,0.0,0.0,0.49,0.47,1.64,6.08,3.71,2.0,6.24,0.22,0.0,0.0
17.0,75.5,Jat,Maharashtra,0.0,0.0,0.11,0.76,3.64,3.56,3.08,1.85,3.17,0.4,0.0,0.0
17.0,75.75,Bijapur Taluk,Karnataka,0.0,0.0,0.22,0.42,1.42,3.18,3.13,1.9,5.89,1.14,0.0,0.0
17.0,76.0,Indi taluku,Karnataka,0.0,0.0,0.16,0.28,1.29,4.76,2.69,1.47,4.09,0.51,0.0,0.0
17.0,76.25,Sindagi taluku,Karnataka,0.02,0.0,0.07,0.28,1.33,4.86,3.93,2.17,7.06,0.76,0.2,0.02
17.0,76.5,Jevargi taluku,Karnataka,0.0,0.0,0.0,0.08,0.51,3.52,2.73,1.17,5.12,0.36,0.02,0.02
17.0,76.75,Jevargi taluku,Karnataka,0.0,0.0,0.0,0.26,1.49,2.81,6.2,1.17,9.15,0.99,0.01,0.0
17.0,77.0,Chitapura taluku,Karnataka,0.0,0.0,0.07,0.19,1.59,6.33,9.29,2.31,10.45,2.28,0.04,0.01
17.0,77.25,Sedam taluku,Karnataka,0.0,0.0,0.0,0.08,2.02,4.28,5.71,1.73,9.28,1.09,0.35,0.0
17.0,77.5,Doulthabad mandal,Telangana,0.0,0.0,0.41,0.0,2.93,4.64,4.55,0.84,12.53,0.14,0.0,0.0
17.0,77.75,Kosgi mandal,Telangana,0.03,0.0,0.0,0.02,1.9,4.47,2.8,3.37,13.2,1.02,0.0,0.02
17.0,78.0,Chowdergudem mandal,Telangana,0.0,0.0,0.0,0.16,4.1,4.03,3.95,2.76,10.93,1.75,0.14,0.0
17.0,78.25,Keshampeta mandal,Telangana,0.0,0.0,0.07,0.02,2.61,3.85,6.86,3.48,8.89,0.48,0.0,0.02
17.0,78.5,Kadthal mandal,Telangana,0.0,0.0,0.03,0.0,3.5,2.52,4.58,4.06,8.12,0.17,0.0,0.01
17.0,78.75,Yacharam mandal,Telangana,0.02,0.0,0.12,0.0,2.74,2.9,3.44,3.29,9.03,0.58,0.0,0.11
17.0,79.0,Chandur mandal,Telangana,0.01,0.0,0.06,0.0,3.24,3.88,4.72,3.28,15.54,1.08,0.0,0.12
17.0,79.25,Kanagal mandal,Telangana,0.05,0.0,0.01,0.0,3.02,4.75,4.76,4.7,15.62,1.89,0.0,0.05
17.0,79.5,Madugulapally mandal,Telangana,0.09,0.0,0.01,0.0,3.06,6.79,5.41,5.13,15.35,2.09,0.01,0.0
17.0,79.75,Penpahad mandal,Telangana,0.22,0.0,0.05,0.0,1.95,3.13,3.84,2.99,11.81,1.81,0.05,0.02
17.0,80.0,Kodad mandal,Telangana,0.01,0.0,0.02,0.0,1.95,5.96,2.91,3.9,11.03,1.87,0.04,0.01
17.0,80.25,Vatsavai,Andhra Pradesh,0.0,0.0,0.22,0.0,2.31,7.15,3.62,4.71,8.74,2.89,0.0,0.0
17.0,80.5,Gampalagudem,Andhra Pradesh,0.06,0.0,0.27,0.0,2.39,10.56,5.63,4.02,8.84,3.01,0.16,0.01
17.0,80.75,Vissannapeta,Andhra Pradesh,0.09,0.0,0.0,0.0,2.07,11.58,5.11,4.36,9.48,3.16,0.68,0.03
17.0,81.0,Chintalapudi,Andhra Pradesh,0.0,0.0,0.0,0.0,2.91,10.39,7.26,6.15,14.21,1.93,0.88,0.0
17.0,81.25,Kamavarapukota,Andhra Pradesh,0.0,0.0,0.0,0.0,3.03,11.83,7.21,7.09,7.52,1.8,1.03,0.0
17.0,81.5,Devarapalle,Andhra Pradesh,0.06,0.0,0.01,0.0,2.97,6.11,6.55,6.2,8.16,0.84,0.03,0.1
17.0,81.75,Rajahmundry (Urban),Andhra Pradesh,0.0,0.0,0.14,0.18,1.64,9.34,9.29,4.74,11.12,1.97,0.31,0.01
17.0,82.0,Rangampeta,Andhra Pradesh,0.0,0.0,0.2,0.27,6.88,4.8,6.42,3.35,6.96,0.9,0.76,0.37
17.0,82.25,Kakinada (Rural),Andhra Pradesh,0.0,0.0,0.39,0.49,5.16,5.57,7.78,4.99,8.78,1.33,0.59,0.19
17.25,73.25,Ratnagiri Taluka,Maharashtra,0.0,0.0,0.01,0.03,0.0,28.78,46.36,27.03,20.5,3.31,0.0,0.0
17.25,73.5,Sangameshwar Taluka,Maharashtra,0.0,0.0,0.11,0.03,0.0,20.45,47.9,29.93,19.52,2.02,0.0,0.0
17.25,73.75,Shirala,Maharashtra,0.0,0.0,0.23,0.03,0.01,6.45,26.15,19.76,5.66,0.75,0.01,0.0
17.25,74.0,Patan,Maharashtra,0.0,0.0,0.2,0.02,0.01,3.34,12.68,6.86,3.1,1.76,0.01,0.02
17.25,74.25,Karad,Maharashtra,0.0,0.0,0.27,0.01,0.29,2.76,7.09,3.63,3.76,0.91,0.1,0.07
17.25,74.5,Khanapur,Maharashtra,0.0,0.0,0.57,0.05,0.49,2.94,4.57,2.87,5.94,0.39,0.26,0.1
17.25,74.75,Khanapur,Maharashtra,0.0,0.0,1.46,0.35,0.48,4.39,4.08,1.87,4.6,0.34,0.07,0.04
17.25,75.0,Sangole,Maharashtra,0.0,0.0,0.83,0.46,0.73,4.72,3.53,2.24,5.17,0.82,0.01,0.08
17.25,75.25,Sangole,Maharashtra,0.0,0.0,0.35,0.6,0.94,3.95,4.0,2.24,5.22,0.71,0.38,0.07
17.25,75.5,Mangalvedhe,Maharashtra,0.0,0.0,0.03,0.53,2.04,2.86,3.57,2.27,4.46,1.0,0.55,0.0
17.25,75.75,Chadachana taluku,Karnataka,0.0,0.0,0.04,0.24,0.8,2.7,2.43,1.59,7.25,2.06,0.0,0.0
17.25,76.0,Indi taluku,Karnataka,0.02,0.0,0.14,0.2,0.73,3.6,3.88,1.27,7.24,1.79,0.0,0.0
17.25,76.25,Afzalpura taluku,Karnataka,0.06,0.0,0.19,0.28,1.61,6.14,3.72,1.85,6.71,1.75,0.0,0.02
17.25,76.5,Afzalpura taluku,Karnataka,0.0,0.0,0.14,0.47,0.94,5.47,5.84,1.46,10.44,0.99,0.0,0.01
17.25,76.75,Kalaburagi taluku,Karnataka,0.0,0.0,0.22,0.57,0.88,7.28,7.99,2.22,11.87,1.63,0.0,0.0
17.25,77.0,Chitapura taluku,Karnataka,0.0,0.0,0.24,0.31,1.44,6.62,7.18,2.38,11.28,1.87,0.0,0.0
17.25,77.25,Kalagi taluku,Karnataka,0.0,0.0,0.33,0.4,3.35,8.86,10.84,2.27,12.97,1.57,0.0,0.0
17.25,77.5,Basheerabad mandal,Telangana,0.0,0.0,0.03,0.01,2.56,9.17,7.9,1.94,17.4,1.79,0.0,0.0
17.25,77.75,Dharoor mandal,Telangana,0.03,0.0,0.0,0.29,3.03,6.07,6.21,3.47,18.08,1.89,0.0,0.02
17.25,78.0,Pudur mandal,Telangana,0.01,0.0,0.0,0.25,3.92,3.51,4.55,2.2,13.11,1.65,0.01,0.0
17.25,78.25,Moinabad mandal,Telangana,0.0,0.0,0.0,0.17,1.0,0.66,1.16,2.05,7.33,0.3,0.1,0.0
17.25,78.5,Balapur mandal,Telangana,0.0,0.0,0.36,0.08,1.51,7.75,13.78,5.06,12.66,0.34,0.01,0.06
17.25,78.75,Ibrahimpatnam mandal,Telangana,0.1,0.0,0.68,0.03,2.33,6.1,6.67,3.06,9.92,1.39,0.08,0.01
17.25,79.0,Chityal mandal,Telangana,0.09,0.0,0.86,0.0,2.06,6.2,6.49,3.22,11.08,1.36,0.0,0.02
17.25,79.25,Narketpally mandal,Telangana,0.07,0.0,0.23,0.0,2.85,8.88,7.43,2.88,14.8,1.47,0.0,0.02
17.25,79.5,Nakrekal mandal,Telangana,0.14,0.0,0.0,0.0,2.91,7.93,6.42,3.15,14.71,2.12,0.0,0.0
17.25,79.75,Atmakur (S) mandal,Telangana,0.42,0.0,0.02,0.0,1.69,3.07,4.82,2.85,8.48,4.84,0.0,0.0
17.25,80.0,Kusumanchi mandal,Telangana,0.13,0.0,0.3,0.0,1.86,6.74,5.37,3.36,8.41,2.26,0.0,0.05
17.25,80.25,Konijerla mandal,Telangana,0.02,0.0,0.72,0.0,2.3,7.13,6.86,4.57,7.68,4.25,0.0,0.06
17.25,80.5,Thallada mandal,Telangana,0.0,0.0,0.49,0.0,1.68,9.18,7.52,3.22,9.77,3.99,0.03,0.01
17.25,80.75,Penuballi mandal,Telangana,0.0,0.0,0.12,0.0,0.73,12.43,8.03,4.8,10.61,3.28,0.51,0.0
17.25,81.0,Dammapeta mandal,Telangana,0.0,0.0,0.02,0.0,1.42,12.07,7.44,5.19,13.85,2.55,0.74,0.0
17.25,81.25,Jeelugu Milli,Andhra Pradesh,0.0,0.0,0.5,0.0,2.53,9.49,7.29,7.86,13.12,1.83,0.75,0.23
17.25,81.5,Buttayagudem,Andhra Pradesh,0.0,0.0,0.78,0.0,2.44,8.14,7.09,8.15,14.47,2.03,0.46,0.36
17.25,81.75,Devipatnam,Andhra Pradesh,0.0,0.0,0.02,0.0,3.19,8.45,7.64,4.91,9.42,2.34,0.59,0.01
17.25,82.0,Jaggampeta,Andhra Pradesh,0.0,0.0,0.08,0.0,3.49,9.72,4.46,4.6,8.69,3.31,0.37,0.01
17.25,82.25,Prathipadu,Andhra Pradesh,0.0,0.0,0.05,0.0,4.19,5.48,9.28,3.53,11.56,2.1,0.08,0.05
17.25,82.5,Thondangi,Andhra Pradesh,0.02,0.0,0.1,0.0,4.15,5.32,8.57,3.35,12.78,1.98,0.01,0.07
17.5,73.0,Unknown,Unknown,0.0,0.0,0.0,0.11,0.06,40.23,46.25,23.52,21.01,4.29,0.0,0.0
17.5,73.25,Guhagar Taluka,Maharashtra,0.0,0.0,0.02,0.1,0.1,27.33,45.74,27.42,23.08,3.45,0.0,0.0
17.5,73.5,Chiplun Taluka,Maharashtra,0.0,0.0,0.26,0.1,0.09,22.76,46.63,32.97,26.08,2.31,0.0,0.0
17.5,73.75,Patan,Maharashtra,0.0,0.0,0.39,0.07,0.03,6.87,23.48,19.83,6.63,0.94,0.0,0.02
17.5,74.0,Patan,Maharashtra,0.0,0.0,0.43,0.07,0.14,4.36,10.16,10.03,3.71,1.48,0.0,0.04
17.5,74.25,Koregaon,Maharashtra,0.0,0.0,0.56,0.03,0.59,6.48,3.49,4.01,4.34,0.84,0.07,0.15
17.5,74.5,Khatav,Maharashtra,0.0,0.0,0.78,0.05,0.58,5.85,3.1,3.07,4.52,1.14,0.08,0.22
17.5,74.75,Man,Maharashtra,0.0,0.0,1.64,0.27,0.54,4.08,3.36,1.65,4.43,0.54,0.0,0.27
17.5,75.0,Sangole,Maharashtra,0.0,0.0,0.81,0.48,0.58,3.23,3.31,2.4,4.22,1.22,0.1,0.25
17.5,75.25,Sangole,Maharashtra,0.0,0.0,0.09,0.39,0.33,2.38,4.72,2.47,4.93,0.79,0.88,0.16
17.5,75.5,Mangalvedhe,Maharashtra,0.0,0.0,0.16,0.34,0.42,2.67,5.06,2.26,6.26,1.07,0.65,0.1
17.5,75.75,Solapur South,Maharashtra,0.0,0.0,0.48,0.19,0.74,3.15,5.34,2.08,8.53,2.05,0.0,0.02
17.5,76.0,Solapur South,Maharashtra,0.01,0.0,0.3,0.06,0.24,2.44,6.74,0.63,7.49,1.3,0.0,0.02
17.5,76.25,Akkalkot,Maharashtra,0.02,0.0,0.39,0.31,0.74,4.03,5.38,1.59,8.42,1.48,0.0,0.03
17.5,76.5,Alanda taluku,Karnataka,0.0,0.0,0.58,0.51,0.82,4.8,5.5,2.44,10.36,1.69,0.0,0.05
17.5,76.75,Alanda taluku,Karnataka,0.0,0.0,0.57,0.35,0.55,5.53,5.76,2.67,11.42,2.21,0.0,0.0
17.5,77.0,Kamalapura Taluku,Karnataka,0.0,0.0,0.52,0.43,1.49,6.63,11.22,3.16,12.32,1.49,0.0,0.01
17.5,77.25,Chincholi taluku,Karnataka,0.0,0.0,0.62,0.62,4.5,10.55,10.69,2.82,13.98,1.7,0.0,0.01
17.5,77.5,Chincholi taluku,Karnataka,0.0,0.0,0.05,0.06,2.87,8.7,7.94,2.45,18.88,2.37,0.0,0.0
17.5,77.75,Marpalle mandal,Telangana,0.01,0.0,0.07,0.1,3.26,5.9,8.92,3.26,17.9,2.64,0.0,0.0
17.5,78.0,Kondapur mandal,Telangana,0.06,0.0,0.05,0.02,2.48,4.68,6.67,3.09,14.04,1.93,0.14,0.0
17.5,78.25,Patancheruvu mandal,Telangana,0.01,0.0,0.03,0.05,3.61,3.23,5.21,2.61,17.12,2.4,0.45,0.04
17.5,78.5,Alwal mandal,Telangana,0.02,0.0,0.05,0.28,2.91,2.71,5.17,2.79,19.26,1.04,0.41,0.06
17.5,78.75,Bibinagar mandal,Telangana,0.13,0.0,0.02,0.13,3.36,5.5,3.69,1.49,8.84,1.78,0.22,0.0
17.5,79.0,Bhongiri mandal,Telangana,0.08,0.0,0.62,0.0,0.88,8.57,8.56,2.51,12.79,1.35,0.04,0.0
17.5,79.25,Gundala mandal,Telangana,0.05,0.0,0.6,0.0,0.8,9.09,9.14,2.53,12.19,1.1,0.01,0.0
17.5,79.5,Kodakandla mandal,Telangana,0.04,0.0,0.53,0.0,1.02,6.65,8.72,3.38,16.22,1.37,0.06,0.0
17.5,79.75,Danthalapalle mandal,Telangana,0.09,0.0,0.77,0.0,1.32,6.06,6.58,3.47,14.63,2.04,0.14,0.0
17.5,80.0,Kuravi mandal,Telangana,0.11,0.0,1.64,0.04,1.93,5.31,5.05,2.66,8.98,3.79,0.03,0.0
17.5,80.25,Singareni mandal,Telangana,0.0,0.0,0.66,0.23,2.52,8.5,6.58,3.73,11.56,3.48,0.07,0.0
17.5,80.5,Julurupad mandal,Telangana,0.0,0.0,0.47,0.23,1.23,11.23,8.88,4.67,14.2,4.1,0.01,0.0
17.5,80.75,Mulakalapally mandal,Telangana,0.0,0.0,0.32,0.0,1.09,12.73,9.67,5.29,13.17,4.54,0.03,0.0
17.5,81.0,Dammapeta mandal,Telangana,0.0,0.0,0.18,0.0,0.33,9.14,8.73,6.24,12.02,3.34,0.04,0.0
17.5,81.25,Velairpadu,Andhra Pradesh,0.0,0.0,0.36,0.0,0.95,10.93,9.38,6.76,10.78,2.69,0.06,0.14
17.5,81.5,Vararamachandrapuram,Andhra Pradesh,0.0,0.0,0.07,0.0,5.21,7.4,6.21,4.89,20.73,3.86,0.04,0.03
17.5,81.75,Maredumilli,Andhra Pradesh,0.0,0.0,0.13,0.0,4.43,8.13,6.09,4.97,17.47,3.52,0.15,0.05
17.5,82.0,Addateegala,Andhra Pradesh,0.0,0.0,0.12,0.07,3.76,7.64,6.81,3.97,9.56,2.59,0.18,0.03
17.5,82.25,Rajavommangi,Andhra Pradesh,0.01,0.0,0.16,0.06,3.94,5.19,9.42,3.55,11.25,1.75,0.0,0.07
17.5,82.5,Kotananduru,Andhra Pradesh,0.06,0.0,0.13,0.0,3.82,5.58,6.87,3.02,14.66,1.42,0.02,0.12
17.5,82.75,Yelamanchili,Andhra Pradesh,0.07,0.0,0.0,0.0,5.29,5.95,5.33,2.6,15.19,2.45,0.04,0.08
17.75,73.0,Unknown,Unknown,0.0,0.0,0.0,0.13,0.09,50.05,73.71,35.64,44.09,8.36,0.0,0.0
17.75,73.25,Dapoli Taluka,Maharashtra,0.0,0.0,0.0,0.14,0.07,28.73,59.11,33.73,34.68,5.69,0.0,0.0
17.75,73.5,Khed Taluka,Maharashtra,0.0,0.0,0.18,0.16,0.48,17.63,63.79,58.54,33.08,4.51,0.0,0.0
17.75,73.75,Jaoli,Maharashtra,0.0,0.0,0.67,0.15,0.28,4.15,12.99,14.5,5.15,1.88,0.0,0.01
17.75,74.0,Satara,Maharashtra,0.0,0.0,0.2,0.03,0.33,5.44,6.93,9.06,4.48,1.15,0.0,0.03
17.75,74.25,Koregaon,Maharashtra,0.0,0.0,0.52,0.03,0.48,6.98,3.69,4.82,4.0,1.39,0.0,0.19
17.75,74.5,Man,Maharashtra,0.0,0.0,0.82,0.07,0.54,6.83,2.29,2.69,3.92,1.99,0.0,0.26
17.75,74.75,Man,Maharashtra,0.0,0.0,0.36,0.07,0.33,6.46,2.26,1.46,7.26,0.98,0.0,0.31
17.75,75.0,Malshiras,Maharashtra,0.0,0.0,0.18,0.14,0.23,4.59,3.44,1.43,5.77,1.02,0.33,0.25
17.75,75.25,Pandharpur,Maharashtra,0.0,0.0,0.02,0.16,0.08,3.55,4.65,0.98,4.91,0.87,0.77,0.16
17.75,75.5,Mohol,Maharashtra,0.0,0.0,0.12,0.27,0.2,3.14,4.44,1.06,8.02,1.47,0.02,0.16
17.75,75.75,Mohol,Maharashtra,0.0,0.0,0.62,0.26,0.95,3.55,5.83,2.49,8.87,2.23,0.0,0.03
17.75,76.0,Solapur South,Maharashtra,0.0,0.0,0.5,0.16,0.6,3.16,6.85,1.72,8.4,2.38,0.0,0.03
17.75,76.25,Tuljapur,Maharashtra,0.0,0.0,0.54,0.37,0.92,4.17,5.65,3.48,12.69,2.15,0.0,0.06
17.75,76.5,Umarga,Maharashtra,0.0,0.0,0.63,0.48,1.35,4.45,6.19,4.24,14.62,2.1,0.0,0.09
17.75,76.75,Basavakalyana taluku,Karnataka,0.02,0.0,0.65,0.24,1.52,5.63,6.51,3.6,13.24,2.25,0.0,0.03
17.75,77.0,Basavakalyana taluku,Karnataka,0.05,0.0,0.64,0.49,1.83,7.29,7.64,4.18,17.86,2.43,0.0,0.01
17.75,77.25,Humanabad taluku,Karnataka,0.01,0.0,0.88,0.27,2.8,9.88,6.98,2.46,14.82,4.76,0.0,0.02
17.75,77.5,Bidar taluku,Karnataka,0.0,0.0,0.74,0.06,3.12,8.25,8.12,2.18,15.4,5.31,0.0,0.0
17.75,77.75,Jharasangam mandal,Telangana,0.02,0.0,0.06,0.05,2.69,4.83,8.15,3.37,15.65,2.74,0.0,0.0
17.75,78.0,Pulkal mandal,Telangana,0.01,0.0,0.13,0.11,2.81,4.57,7.06,2.99,14.61,2.25,0.05,0.0
17.75,78.25,Unknown,Telangana,0.01,0.0,0.15,0.91,3.02,3.18,4.29,1.9,20.38,1.1,0.39,0.03
17.75,78.5,Manoharabad mandal,Telangana,0.01,0.0,0.1,0.6,2.87,2.9,4.45,2.02,20.15,1.03,0.38,0.03
17.75,78.75,Markook mandal,Telangana,0.04,0.0,0.0,0.05,2.02,3.66,6.28,1.43,12.69,1.2,0.19,0.0
17.75,79.0,Bachannapet mandal,Telangana,0.0,0.0,0.01,0.0,0.9,2.51,6.18,1.3,14.52,0.31,0.17,0.0
17.75,79.25,Ragunathpally mandal,Telangana,0.0,0.0,0.45,0.0,1.29,6.15,7.0,2.24,10.03,0.31,0.0,0.0
17.75,79.5,Wardhannapet mandal,Telangana,0.02,0.0,0.43,0.02,1.2,4.57,10.54,3.27,19.44,1.59,0.0,0.0
17.75,79.75,Parvathagiri mandal,Telangana,0.22,0.0,0.99,0.08,1.12,5.39,12.85,3.55,19.37,2.16,1.45,0.0
17.75,80.0,Gudur mandal,Telangana,0.11,0.0,1.25,0.23,1.76,6.37,9.08,3.35,15.27,2.6,0.7,0.0
17.75,80.25,Gangaram mandal,Telangana,0.0,0.0,0.77,0.43,2.18,9.24,6.8,3.65,14.28,3.12,0.15,0.0
17.75,80.5,Tekulapalle mandal,Telangana,0.0,0.0,0.6,0.07,1.11,11.36,11.77,5.29,12.82,3.72,0.0,0.0
17.75,80.75,Aswapuram mandal,Telangana,0.0,0.0,0.49,0.04,1.17,11.52,11.88,5.32,11.98,3.95,0.01,0.0
17.75,81.0,Dummugudem mandal,Telangana,0.0,0.0,0.05,0.0,0.37,10.37,10.11,5.74,10.59,3.24,0.0,0.0
17.75,81.25,Chintur,Andhra Pradesh,0.0,0.0,0.01,0.0,0.45,9.33,10.79,7.27,12.14,3.75,0.0,0.0
17.75,81.5,Chintur,Andhra Pradesh,0.0,0.0,0.07,0.0,2.47,8.45,8.74,5.72,16.96,3.56,0.0,0.03
17.75,81.75,Maredumilli,Andhra Pradesh,0.0,0.0,0.02,0.17,4.63,7.19,7.42,3.84,13.99,2.96,0.06,0.0
17.75,82.0,Y. Ramavaram,Andhra Pradesh,0.0,0.0,0.09,0.36,4.61,5.29,9.31,2.53,9.08,1.48,0.02,0.02
17.75,82.25,Koyyuru,Andhra Pradesh,0.0,0.0,0.31,0.41,4.42,5.08,9.3,3.03,8.91,1.59,0.08,0.05
17.75,82.5,Koyyuru,Andhra Pradesh,0.02,0.0,0.4,0.08,4.18,5.35,7.53,3.98,11.27,2.07,0.06,0.12
17.75,82.75,Ravikamatham,Andhra Pradesh,0.02,0.0,0.02,0.0,6.88,5.74,5.63,3.26,12.33,4.2,0.01,0.02
17.75,83.0,Anakapalle,Andhra Pradesh,0.0,0.0,0.0,0.0,6.22,8.13,6.53,5.19,7.54,3.46,0.13,0.0
17.75,83.25,Visakhapatnam (Urban),Andhra Pradesh,0.0,0.0,0.0,0.0,5.89,4.62,5.3,4.14,6.73,4.84,0.36,0.0
18.0,73.0,Unknown,Unknown,0.0,0.0,0.01,0.13,0.03,32.84,45.88,33.24,25.71,5.46,0.0,0.0
18.0,73.25,Mandangad Taluka,Maharashtra,0.0,0.0,0.0,0.12,0.16,20.47,45.75,43.57,26.85,4.75,0.0,0.0
18.0,73.5,Poladpur Taluka,Maharashtra,0.0,0.0,0.2,0.17,0.68,14.01,69.5,70.53,32.96,4.77,0.0,0.0
18.0,73.75,Wai,Maharashtra,0.0,0.0,0.38,0.06,0.13,3.31,10.75,12.31,3.51,1.79,0.0,0.0
18.0,74.0,Wai,Maharashtra,0.0,0.0,0.42,0.01,0.18,3.56,7.5,6.84,2.43,2.05,0.0,0.06
18.0,74.25,Phaltan,Maharashtra,0.0,0.0,0.45,0.02,0.03,8.1,2.65,3.39,5.06,2.16,0.0,0.15
18.0,74.5,Phaltan,Maharashtra,0.0,0.0,0.34,0.04,0.16,5.59,2.05,2.46,6.32,2.02,0.0,0.23
18.0,74.75,Malshiras,Maharashtra,0.0,0.0,0.07,0.04,0.24,6.01,2.41,1.44,8.05,1.28,0.0,0.29
18.0,75.0,Indapur,Maharashtra,0.0,0.0,0.01,0.03,0.08,5.3,3.58,1.36,8.1,1.99,0.0,0.21
18.0,75.25,Madha,Maharashtra,0.0,0.0,0.04,0.07,0.14,4.62,3.21,1.18,7.13,4.62,0.0,0.22
18.0,75.5,Madha,Maharashtra,0.0,0.0,0.09,0.15,0.15,4.12,3.74,1.2,7.77,3.94,0.0,0.24
18.0,75.75,Barshi,Maharashtra,0.0,0.0,0.51,0.18,0.74,4.49,6.01,2.83,9.67,5.07,0.0,0.07
18.0,76.0,Tuljapur,Maharashtra,0.0,0.0,0.69,0.21,0.94,4.36,6.84,3.08,9.85,5.19,0.0,0.04
18.0,76.25,Tuljapur,Maharashtra,0.0,0.0,0.65,0.31,0.61,4.62,5.61,4.72,14.46,3.35,0.0,0.04
18.0,76.5,Lohara,Maharashtra,0.01,0.0,0.63,0.4,0.6,4.99,5.74,4.64,15.2,2.89,0.0,0.05
18.0,76.75,Nilanga,Maharashtra,0.03,0.0,0.6,0.37,0.77,5.57,6.28,4.38,14.58,2.77,0.0,0.03
18.0,77.0,Hulasura taluku,Karnataka,0.03,0.07,0.54,0.37,1.51,7.13,7.43,3.77,17.13,3.6,0.0,0.02
18.0,77.25,Bhalki taluku,Karnataka,0.0,0.0,0.89,0.18,2.77,9.24,6.64,2.45,18.68,5.55,0.0,0.01
18.0,77.5,Bidar taluku,Karnataka,0.0,0.0,0.5,0.04,2.26,6.38,8.7,2.41,14.93,5.12,0.0,0.0
18.0,77.75,Unknown,Telangana,0.02,0.0,0.1,0.02,1.19,3.87,8.17,3.57,15.25,3.2,0.0,0.0
18.0,78.0,Tekmal mandal,Telangana,0.04,0.0,0.45,0.0,2.07,4.48,9.87,2.19,17.52,3.13,0.0,0.0
18.0,78.25,Medak mandal,Telangana,0.02,0.0,0.43,0.03,2.02,4.1,8.9,1.69,17.98,1.81,0.0,0.0
18.0,78.5,Chegunta mandal,Telangana,0.0,0.0,0.03,0.04,1.82,3.19,6.41,2.57,20.9,1.93,0.0,0.0
18.0,78.75,Thoguta mandal,Telangana,0.0,0.0,0.06,0.31,1.26,3.33,8.53,2.24,15.98,1.57,0.0,0.0
18.0,79.0,Maddur mandal,Telangana,0.0,0.0,0.02,0.02,2.2,4.29,10.6,2.39,15.44,0.87,0.01,0.0
18.0,79.25,Velair mandal,Telangana,0.0,0.0,0.02,0.0,3.86,5.83,12.34,4.57,21.74,1.2,0.0,0.0
18.0,79.5,Khaazipet mandal,Telangana,0.02,0.0,0.25,0.04,2.72,5.62,13.45,4.46,14.68,1.66,0.0,0.0
18.0,79.75,Geesugonda mandal,Telangana,0.1,0.0,0.41,0.15,2.3,4.7,7.01,2.86,12.4,2.9,0.0,0.0
18.0,80.0,Kothaguda mandal,Telangana,0.19,0.0,0.46,0.0,1.04,5.17,9.83,3.74,11.65,2.15,0.46,0.0
18.0,80.25,Gangaram mandal,Telangana,0.01,0.0,0.6,0.04,1.48,10.16,11.48,5.13,10.86,3.66,0.0,0.0
18.0,80.5,Allapalli mandal,Telangana,0.0,0.0,0.5,0.08,1.38,12.39,13.5,5.54,10.61,2.64,0.0,0.0
18.0,80.75,Manuguru mandal,Telangana,0.01,0.0,0.78,0.24,0.88,10.1,14.43,5.7,11.96,2.81,0.05,0.0
18.0,81.0,Konta Tahsil,Chhattisgarh,0.0,0.0,0.15,0.0,0.43,9.89,11.39,6.4,11.52,3.32,0.0,0.0
18.0,81.25,Konta Tahsil,Chhattisgarh,0.0,0.0,0.01,0.0,0.37,9.93,10.25,6.52,11.29,3.86,0.0,0.01
18.0,81.5,M.V. 79,Odisha,0.0,0.0,0.12,0.0,0.72,9.04,10.7,10.31,12.69,5.3,0.06,0.09
18.0,81.75,Kalimela,Odisha,0.0,0.0,0.12,0.14,2.43,7.94,10.01,7.88,11.74,4.59,0.05,0.08
18.0,82.0,Gudem Kotha Veedhi Mandal,Andhra Pradesh,0.0,0.0,0.38,0.53,4.21,5.74,9.31,4.16,9.3,2.78,0.19,0.05
18.0,82.25,Paparmetla,Odisha,0.0,0.0,0.84,0.94,4.99,5.03,8.42,3.26,8.91,2.85,0.45,0.02
18.0,82.5,G.Madugula,Andhra Pradesh,0.0,0.0,1.38,1.41,5.35,4.94,7.25,4.07,9.26,4.31,0.78,0.01
18.0,82.75,Paderu,Andhra Pradesh,0.0,0.0,0.47,0.07,5.27,4.22,5.36,4.97,13.89,4.12,0.0,0.07
18.0,83.0,Devarapalle,Andhra Pradesh,0.0,0.0,0.33,0.06,5.58,4.37,5.11,4.64,13.54,4.38,0.02,0.06
18.0,83.25,Jami,Andhra Pradesh,0.0,0.0,0.0,0.0,5.73,5.38,5.97,3.2,10.02,4.6,0.21,0.03
18.0,83.5,Bhogapuram,Andhra Pradesh,0.0,0.0,0.0,0.0,6.24,6.19,6.85,2.6,10.92,3.85,0.23,0.03
18.25,72.75,Outside India,Outside India,0.0,0.0,0.17,0.04,0.0,35.62,46.48,29.62,29.78,4.06,0.0,0.0
18.25,73.0,Unknown,Unknown,0.0,0.0,0.13,0.05,0.03,33.45,45.79,34.22,31.04,3.68,0.0,0.0
18.25,73.25,Mangaon Taluka,Maharashtra,0.0,0.0,0.01,0.03,0.14,22.73,47.23,39.66,23.87,3.23,0.0,0.0
18.25,73.5,Mahad Taluka,Maharashtra,0.0,0.0,0.06,0.06,0.04,5.19,33.01,33.36,7.54,3.3,0.0,0.0
18.25,73.75,Velhe,Maharashtra,0.0,0.0,0.25,0.04,0.06,2.22,12.86,14.07,3.03,1.7,0.0,0.0
18.25,74.0,Purandhar,Maharashtra,0.0,0.0,0.22,0.02,0.06,1.81,5.66,5.92,1.8,1.12,0.0,0.0
18.25,74.25,Baramati,Maharashtra,0.0,0.0,0.21,0.02,0.04,4.78,2.14,2.23,5.46,1.56,0.0,0.11
18.25,74.5,Baramati,Maharashtra,0.0,0.0,0.16,0.03,0.07,3.71,1.94,1.89,6.81,1.87,0.0,0.19
18.25,74.75,Indapur,Maharashtra,0.0,0.0,0.05,0.02,0.07,4.76,2.92,1.35,8.22,2.57,0.0,0.17
18.25,75.0,Karmala,Maharashtra,0.0,0.0,0.0,0.01,0.02,4.52,4.09,0.92,7.22,1.75,0.0,0.08
18.25,75.25,Karmala,Maharashtra,0.0,0.0,0.0,0.01,0.05,3.94,3.09,1.81,7.64,2.31,0.0,0.12
18.25,75.5,Paranda,Maharashtra,0.0,0.0,0.27,0.05,0.05,4.56,5.39,2.21,10.38,4.58,0.0,0.13
18.25,75.75,Barshi,Maharashtra,0.0,0.0,0.41,0.09,0.57,5.1,5.76,3.0,10.24,5.99,0.0,0.08
18.25,76.0,Dharashiv,Maharashtra,0.0,0.0,0.51,0.13,0.78,5.28,5.89,3.37,10.26,6.7,0.0,0.04
18.25,76.25,Dharashiv,Maharashtra,0.0,0.01,0.5,0.32,0.35,4.87,5.76,5.43,13.61,4.89,0.0,0.06
18.25,76.5,Ausa,Maharashtra,0.01,0.07,0.51,0.43,0.22,4.93,5.99,5.74,14.6,3.93,0.0,0.03
18.25,76.75,Nilanga,Maharashtra,0.01,0.37,0.54,0.34,0.43,4.79,6.72,4.65,13.05,2.51,0.0,0.01
18.25,77.0,Deoni,Maharashtra,0.01,0.67,0.7,0.31,0.52,3.75,8.47,3.89,13.74,2.62,0.0,0.0
18.25,77.25,Kamalnagar taluku,Karnataka,0.03,0.23,0.84,0.62,1.77,7.52,8.74,1.71,19.33,3.99,0.0,0.0
18.25,77.5,Aurad taluku,Karnataka,0.05,0.0,0.8,0.24,2.2,8.76,10.25,4.12,18.75,6.57,0.0,0.0
18.25,77.75,Pedda Kodapgal mandal,Telangana,0.0,0.0,0.32,0.11,1.16,5.05,8.29,4.39,16.65,3.18,0.0,0.0
18.25,78.0,Yellareddy mandal,Telangana,0.0,0.0,0.2,0.0,0.79,3.23,7.65,3.13,22.54,3.79,0.0,0.0
18.25,78.25,Tadwai mandal,Telangana,0.0,0.0,1.69,0.34,2.26,7.15,9.36,2.95,17.54,1.32,0.0,0.0
18.25,78.5,Domakonda mandal,Telangana,0.0,0.0,0.26,0.31,3.78,3.94,7.56,4.11,21.6,3.19,0.0,0.0
18.25,78.75,Mustabad mandal,Telangana,0.0,0.0,0.58,0.87,1.86,3.72,9.33,3.47,15.36,2.79,0.0,0.0
18.25,79.0,Bejjanki mandal,Telangana,0.0,0.0,0.48,1.03,2.12,4.19,11.14,3.48,14.47,2.29,0.0,0.0
18.25,79.25,Chigurumamidi mandal,Telangana,0.0,0.0,1.2,0.62,1.46,4.51,12.52,3.31,11.77,2.83,0.0,0.0
18.25,79.5,Ellandakunta mandal,Telangana,0.04,0.0,1.27,0.06,0.99,6.06,15.82,4.21,12.7,2.91,0.0,0.0
18.25,79.75,Regonda mandal,Telangana,0.04,0.0,0.01,0.0,1.21,3.3,4.49,3.88,10.87,1.01,0.0,0.0
18.25,80.0,Venkatapur mandal,Telangana,0.23,0.0,0.45,0.0,0.99,7.06,10.12,4.55,8.26,2.93,0.08,0.0
18.25,80.25,Tadvai mandal,Telangana,0.17,0.0,0.52,0.0,1.73,8.69,11.72,5.92,9.15,4.6,0.23,0.0
18.25,80.5,Unknown,Telangana,0.02,0.0,0.62,0.01,1.57,7.44,10.3,4.81,10.58,4.06,0.0,0.0
18.25,80.75,Venkatapuram mandal,Telangana,0.12,0.0,0.25,0.02,0.61,9.54,14.28,9.94,8.17,2.58,0.0,0.0
18.25,81.0,Usur Tahsil,Chhattisgarh,0.07,0.0,0.16,0.06,0.39,9.38,13.15,10.15,11.11,3.05,0.01,0.0
18.25,81.25,Konta Tahsil,Chhattisgarh,0.0,0.0,0.06,0.0,0.46,9.94,10.97,11.19,13.56,5.68,0.03,0.04
18.25,81.5,Konta Tahsil,Chhattisgarh,0.0,0.0,0.11,0.0,0.65,9.82,10.84,11.31,12.88,6.48,0.05,0.08
18.25,81.75,Kalimela,Odisha,0.0,0.0,0.24,0.03,1.21,8.75,10.38,10.47,11.21,5.94,0.12,0.17
18.25,82.0,Orkel,Odisha,0.0,0.0,0.63,0.55,3.31,6.82,9.25,6.71,10.06,4.93,0.37,0.09
18.25,82.25,Jodamba,Odisha,0.0,0.0,0.87,1.33,5.33,5.3,8.11,3.8,8.82,3.76,0.46,0.03
18.25,82.5,Peda Bayalu,Andhra Pradesh,0.0,0.0,0.82,1.6,5.12,5.5,7.7,4.65,8.55,4.71,0.36,0.03
18.25,82.75,Dumbriguda,Andhra Pradesh,0.01,0.0,0.35,1.02,4.73,5.19,6.86,4.77,10.27,4.71,0.0,0.03
18.25,83.0,Ananthagiri,Andhra Pradesh,0.11,0.0,0.02,0.19,4.69,5.17,4.95,5.29,12.04,3.73,0.01,0.01
18.25,83.25,Ananthagiri,Andhra Pradesh,0.0,0.0,0.0,0.03,4.63,4.95,8.98,2.99,12.41,3.87,0.06,0.0
18.25,83.5,Gurla,Andhra Pradesh,0.0,0.0,0.0,0.0,7.03,6.58,6.66,2.15,9.44,3.55,0.45,0.0
18.25,83.75,Laveru,Andhra Pradesh,0.03,0.0,0.46,0.08,7.13,6.63,5.41,3.14,8.68,3.63,2.21,0.06
18.5,72.75,Unknown,Unknown,0.0,0.0,0.23,0.0,0.07,29.1,35.35,20.77,24.9,4.95,0.0,0.0
18.5,73.0,Alibag Taluka,Maharashtra,0.0,0.0,0.15,0.0,0.1,29.51,47.52,34.58,30.3,4.47,0.0,0.0
18.5,73.25,Sudhagad Taluka,Maharashtra,0.0,0.0,0.03,0.0,0.08,19.46,62.52,46.82,25.08,4.02,0.0,0.0
18.5,73.5,Mulshi Subdistrict,Maharashtra,0.0,0.0,0.0,0.01,0.24,3.69,27.62,23.03,2.68,1.5,0.0,0.0
18.5,73.75,Mulshi Subdistrict,Maharashtra,0.0,0.0,0.44,0.04,0.28,2.12,7.76,7.95,2.11,1.93,0.0,0.0
18.5,74.0,Haveli Subdistrict,Maharashtra,0.0,0.0,0.21,0.02,0.13,2.02,5.53,5.85,2.08,1.42,0.0,0.0
18.5,74.25,Daund,Maharashtra,0.0,0.0,0.07,0.01,0.18,2.32,2.86,0.83,7.64,2.34,0.0,0.0
18.5,74.5,Daund,Maharashtra,0.0,0.0,0.03,0.01,0.12,2.86,2.26,0.65,4.76,0.8,0.0,0.03
18.5,74.75,Shrigonda,Maharashtra,0.0,0.0,0.08,0.01,0.11,5.11,3.19,0.4,8.64,3.82,0.0,0.05
18.5,75.0,Karjat,Maharashtra,0.0,0.0,0.07,0.01,0.08,5.42,2.86,0.57,9.29,3.8,0.0,0.07
18.5,75.25,Karmala,Maharashtra,0.0,0.0,0.18,0.03,0.07,4.41,4.29,1.29,9.27,3.26,0.0,0.1
18.5,75.5,Bhum,Maharashtra,0.0,0.0,0.43,0.1,0.01,4.37,6.5,1.85,12.4,3.63,0.0,0.12
18.5,75.75,Washi,Maharashtra,0.0,0.0,0.64,0.25,0.02,2.96,6.26,1.85,13.29,3.91,0.0,0.09
18.5,76.0,Kalamb,Maharashtra,0.0,0.05,0.63,0.31,0.08,3.85,6.04,2.5,14.12,4.14,0.0,0.07
18.5,76.25,Kalamb,Maharashtra,0.0,0.04,0.51,0.4,0.19,4.6,5.57,5.15,15.07,4.39,0.0,0.03
18.5,76.5,Renapur,Maharashtra,0.0,0.13,0.53,0.53,0.16,4.98,6.23,6.54,14.6,4.71,0.0,0.01
18.5,76.75,Chakur,Maharashtra,0.0,0.65,0.77,0.95,0.65,7.16,9.78,6.39,12.76,5.2,0.0,0.0
18.5,77.0,Chakur,Maharashtra,0.0,0.68,0.69,0.41,0.5,4.05,8.85,4.67,13.59,2.78,0.0,0.0
18.5,77.25,Mukhed,Maharashtra,0.03,0.0,0.6,0.83,1.02,5.8,7.49,3.73,13.38,6.33,0.0,0.0
18.5,77.5,Deglur,Maharashtra,0.01,0.0,0.45,1.59,1.32,6.42,6.1,3.76,13.29,8.92,0.0,0.0
18.5,77.75,Madnur mandal,Telangana,0.04,0.0,0.53,0.26,0.9,5.78,11.99,6.68,21.19,4.56,0.0,0.0
18.5,78.0,Varni mandal,Telangana,0.0,0.01,0.54,0.06,1.15,5.98,9.17,4.47,18.24,2.22,0.0,0.0
18.5,78.25,Indalwai mandal,Telangana,0.0,0.0,0.75,0.06,1.53,6.04,8.36,4.25,22.65,2.15,0.0,0.0
18.5,78.5,Sirikonda mandal,Telangana,0.0,0.0,1.39,0.22,3.07,4.85,10.0,4.8,20.38,2.5,0.0,0.0
18.5,78.75,Konaraopet mandal,Telangana,0.0,0.0,1.01,0.63,2.58,4.07,10.81,3.53,12.64,2.53,0.0,0.0
18.5,79.0,Gangadhara mandal,Telangana,0.0,0.0,1.0,0.8,1.98,5.05,11.2,3.83,13.19,2.81,0.0,0.0
18.5,79.25,Sultanabad mandal,Telangana,0.02,0.0,1.49,0.32,1.23,6.16,10.05,4.14,9.71,4.19,0.0,0.0
18.5,79.5,Srirampur mandal,Telangana,0.2,0.0,1.33,0.02,0.38,8.45,12.75,5.54,9.2,3.08,0.0,0.0
18.5,79.75,Malharrao mandal,Telangana,0.49,0.0,1.61,0.0,0.59,6.16,11.29,4.68,10.4,2.11,0.0,0.0
18.5,80.0,Mutharam_Mahadevpur mandal,Telangana,0.38,0.0,0.59,0.05,0.83,8.52,11.79,8.76,7.92,3.39,0.12,0.0
18.5,80.25,Kannaigudem mandal,Telangana,0.11,0.0,0.41,0.07,1.35,8.48,14.21,9.13,7.07,3.46,0.09,0.0
18.5,80.5,Wazeed mandal,Telangana,0.11,0.0,0.35,0.01,1.27,8.56,13.29,7.98,8.34,3.21,0.07,0.0
18.5,80.75,Usur Tahsil,Chhattisgarh,0.1,0.0,0.31,0.0,0.85,8.94,13.24,8.78,8.57,2.95,0.0,0.0
18.5,81.0,Usur Tahsil,Chhattisgarh,0.06,0.0,0.25,0.0,0.41,9.01,12.62,10.82,12.34,2.59,0.0,0.0
18.5,81.25,Konta Tahsil,Chhattisgarh,0.0,0.0,0.14,0.0,0.45,9.68,11.25,11.5,13.87,4.62,0.02,0.04
18.5,81.5,Gadiras Tahsil,Chhattisgarh,0.0,0.0,0.14,0.02,0.56,10.08,11.02,11.56,13.31,6.3,0.04,0.06
18.5,81.75,Chhindgarh Tahsil,Chhattisgarh,0.0,0.07,0.28,0.11,1.13,9.22,10.6,10.8,11.51,6.16,0.12,0.15
18.5,82.0,Malkangiri,Odisha,0.02,0.49,0.35,0.32,1.99,8.77,10.71,11.2,10.62,5.3,0.25,0.14
18.5,82.25,Mudulipada,Odisha,0.05,1.11,0.54,1.02,3.49,8.71,10.91,11.54,10.04,4.27,0.37,0.02
18.5,82.5,Munchingi Puttu,Andhra Pradesh,0.0,0.0,0.51,1.59,5.26,7.1,9.25,7.6,9.21,4.48,0.01,0.17
18.5,82.75,Nandapur,Odisha,0.0,0.0,0.61,1.9,7.65,7.62,8.97,7.74,11.19,4.63,0.04,0.42
18.5,83.0,Pottangi,Odisha,0.0,0.0,0.55,1.0,4.45,2.46,6.72,4.97,9.32,3.32,0.48,0.0
18.5,83.25,Ramabhadrapuram,Andhra Pradesh,0.0,0.0,0.08,0.53,5.31,5.68,9.6,4.79,11.11,2.38,0.04,0.0
18.5,83.5,Therlam,Andhra Pradesh,0.0,0.0,0.59,0.34,4.28,6.57,9.5,3.75,12.17,2.03,0.0,0.0
18.5,83.75,Regidi Amadalavalasa,Andhra Pradesh,0.02,0.0,0.66,0.22,5.86,6.97,6.39,3.7,9.49,4.11,1.41,0.05
18.5,84.0,Jalumuru,Andhra Pradesh,0.01,0.0,0.34,0.09,5.61,7.73,4.36,3.52,8.07,4.45,1.27,0.11
18.75,72.75,Unknown,Unknown,0.0,0.0,0.2,0.0,0.08,22.0,27.99,18.23,24.89,4.14,0.0,0.0
18.75,73.0,Pen Taluka,Maharashtra,0.0,0.0,0.16,0.0,0.18,19.43,37.8,30.02,43.5,4.86,0.0,0.0
18.75,73.25,Khalapur Taluka,Maharashtra,0.0,0.0,0.23,0.0,1.12,13.57,50.79,39.48,24.72,2.67,0.0,0.0
18.75,73.5,Mawal,Maharashtra,0.0,0.0,0.37,0.01,1.97,3.26,27.86,28.98,11.9,2.66,0.0,0.0
18.75,73.75,Mawal,Maharashtra,0.0,0.0,0.18,0.01,0.33,2.54,7.98,7.06,4.87,2.3,0.0,0.0
18.75,74.0,Khed,Maharashtra,0.0,0.0,0.13,0.01,0.28,2.23,5.32,4.16,6.44,2.62,0.0,0.0
18.75,74.25,Shirur,Maharashtra,0.0,0.0,0.11,0.01,0.32,1.44,2.69,0.9,10.29,3.32,0.0,0.0
18.75,74.5,Shrigonda,Maharashtra,0.0,0.0,0.08,0.0,0.22,2.12,3.75,0.66,7.97,3.36,0.0,0.02
18.75,74.75,Shrigonda,Maharashtra,0.0,0.0,0.16,0.01,0.11,4.93,4.43,0.55,8.86,4.39,0.0,0.01
18.75,75.0,Karjat,Maharashtra,0.0,0.0,0.33,0.0,0.19,6.49,5.04,0.64,8.8,5.08,0.0,0.04
18.75,75.25,Ashti,Maharashtra,0.0,0.0,0.33,0.08,0.19,4.91,5.65,1.16,10.3,4.81,0.0,0.06
18.75,75.5,Patoda,Maharashtra,0.0,0.0,0.79,0.11,0.24,4.19,4.57,1.45,13.31,5.34,0.0,0.1
18.75,75.75,Unknown,Maharashtra,0.0,0.0,0.67,0.16,0.05,3.77,5.92,2.36,14.23,3.41,0.0,0.09
18.75,76.0,Unknown,Maharashtra,0.0,0.01,0.46,0.22,0.08,4.01,5.8,2.36,14.45,3.21,0.0,0.06
18.75,76.25,Unknown,Maharashtra,0.0,0.16,0.5,0.29,0.5,5.27,5.35,2.3,15.22,4.36,0.0,0.01
18.75,76.5,Ambejogai,Maharashtra,0.0,0.15,0.42,0.39,0.22,5.06,6.61,4.51,14.41,4.21,0.0,0.0
18.75,76.75,Ahmadpur,Maharashtra,0.0,0.36,0.86,0.4,0.11,6.67,5.95,4.24,12.65,5.45,0.0,0.0
18.75,77.0,Ahmadpur,Maharashtra,0.0,0.03,1.09,0.5,0.07,4.6,8.57,4.47,13.17,3.75,0.0,0.0
18.75,77.25,Kandhar,Maharashtra,0.03,0.0,0.7,0.74,0.35,4.39,8.19,5.48,11.48,5.11,0.0,0.0
18.75,77.5,Naigaon (Khairgaon),Maharashtra,0.09,0.03,0.23,0.84,0.82,6.79,9.97,4.54,13.08,3.5,0.0,0.0
18.75,77.75,Biloli,Maharashtra,0.11,0.35,0.13,0.22,1.09,7.28,12.56,5.94,17.51,3.53,0.0,0.0
18.75,78.0,Renjal mandal,Telangana,0.03,0.0,0.18,0.55,1.48,5.37,10.78,6.3,15.71,2.63,0.0,0.0
18.75,78.25,Armoor mandal,Telangana,0.01,0.0,0.21,0.23,1.64,5.38,11.13,5.91,16.09,1.68,0.0,0.0
18.75,78.5,Kammarpally mandal,Telangana,0.01,0.0,0.1,0.49,1.96,6.06,11.8,7.09,13.76,1.9,0.0,0.0
18.75,78.75,Kathlapur mandal,Telangana,0.0,0.0,1.05,0.27,1.74,5.45,10.98,6.4,10.65,3.93,0.03,0.0
18.75,79.0,Mallial mandal,Telangana,0.01,0.0,1.47,0.22,1.19,4.57,9.65,3.66,9.35,3.5,0.0,0.0
18.75,79.25,Dharmaram mandal,Telangana,0.16,0.0,0.73,0.32,1.08,6.76,12.05,4.08,7.21,4.54,0.0,0.0
18.75,79.5,Ramagundam mandal,Telangana,0.08,0.0,0.66,0.04,0.53,8.57,12.06,6.39,6.59,3.09,0.0,0.0
18.75,79.75,Chennur mandal,Telangana,0.05,0.0,0.27,0.0,0.19,4.69,12.57,7.45,10.08,2.32,0.0,0.0
18.75,80.0,Mahadevpur mandal,Telangana,0.18,0.0,0.18,0.03,0.18,6.71,12.89,11.02,10.38,3.1,0.0,0.0
18.75,80.25,Sironcha Taluka,Maharashtra,0.03,0.0,0.11,0.01,0.2,8.0,14.49,12.81,11.83,3.41,0.02,0.0
18.75,80.5,Bhopalpattnam,Chhattisgarh,0.02,0.0,0.22,0.03,0.62,8.08,14.63,10.98,9.84,3.19,0.0,0.0
18.75,80.75,Usur Tahsil,Chhattisgarh,0.04,0.0,0.31,0.0,0.46,7.79,12.78,10.52,13.07,2.03,0.0,0.0
18.75,81.0,Bijapur Tahsil,Chhattisgarh,0.02,0.0,0.38,0.0,0.3,7.74,11.79,10.98,15.6,1.55,0.0,0.0
18.75,81.25,Dantewada Tahsil,Chhattisgarh,0.01,0.0,0.41,0.05,0.41,7.94,11.51,11.05,16.0,1.82,0.0,0.01
18.75,81.5,Katekalyan Tahsil,Chhattisgarh,0.0,0.01,0.41,0.22,0.69,9.43,11.43,11.17,13.7,4.1,0.03,0.05
18.75,81.75,Katekalyan Tahsil,Chhattisgarh,0.01,0.02,0.93,0.96,1.14,11.36,12.54,11.12,11.32,5.36,0.03,0.05
18.75,82.0,Darbha Tahsil,Chhattisgarh,0.05,1.01,0.87,1.33,2.78,10.85,12.73,12.01,10.33,4.53,0.32,0.01
18.75,82.25,Boipariguda,Odisha,0.06,1.57,0.44,0.97,3.56,9.35,11.5,12.25,10.52,4.49,0.51,0.01
18.75,82.5,Boipariguda,Odisha,0.02,0.48,0.96,0.76,2.71,9.05,11.48,13.53,10.15,3.36,0.23,0.08
18.75,82.75,Koraput,Odisha,0.0,0.0,0.79,1.43,5.42,7.22,9.47,9.13,10.29,3.87,0.13,0.26
18.75,83.0,Pottangi,Odisha,0.01,0.0,0.24,0.73,5.69,6.47,9.39,4.4,9.65,3.38,0.37,0.0
18.75,83.25,Makkuva,Andhra Pradesh,0.01,0.0,0.05,0.2,6.75,8.02,9.54,4.19,8.66,3.09,0.19,0.01
18.75,83.5,Garugubilli,Andhra Pradesh,0.0,0.0,0.6,0.09,4.82,3.32,9.05,4.95,10.04,3.19,0.28,0.01
18.75,83.75,Seethampeta,Andhra Pradesh,0.0,0.0,0.86,0.44,4.72,7.72,7.44,6.64,9.26,6.99,0.27,0.0
18.75,84.0,Pathapatnam,Andhra Pradesh,0.0,0.0,0.49,0.26,5.43,7.08,4.72,3.96,7.65,4.94,0.83,0.05
18.75,84.25,Meliaputti,Andhra Pradesh,0.09,0.0,0.32,0.09,6.75,4.96,4.16,3.49,7.19,3.61,1.86,0.01
19.0,72.75,Unknown,Unknown,0.0,0.0,0.16,0.0,0.06,18.85,26.24,18.52,24.44,2.65,0.0,0.0
19.0,73.0,Unknown,Unknown,0.0,0.0,0.19,0.0,0.16,14.25,35.25,24.89,21.45,1.86,0.0,0.0
19.0,73.25,Panvel Subdistrict,Maharashtra,0.0,0.0,0.26,0.0,0.91,10.86,42.56,40.34,23.66,2.81,0.0,0.0
19.0,73.5,Karjat Taluka,Maharashtra,0.0,0.0,0.23,0.01,0.78,3.16,21.05,19.56,9.08,2.13,0.0,0.0
19.0,73.75,Khed,Maharashtra,0.0,0.0,0.12,0.01,0.19,1.58,9.29,9.46,2.87,1.46,0.0,0.0
19.0,74.0,Ambegaon,Maharashtra,0.0,0.0,0.12,0.01,0.24,1.93,7.36,6.71,3.73,1.68,0.0,0.0
19.0,74.25,Parner,Maharashtra,0.0,0.0,0.09,0.01,0.33,0.83,1.98,0.84,6.09,4.22,0.0,0.0
19.0,74.5,Parner,Maharashtra,0.0,0.0,0.08,0.0,0.23,2.0,2.74,0.91,6.54,4.0,0.0,0.0
19.0,74.75,Ahmednagar,Maharashtra,0.0,0.0,0.07,0.0,0.05,7.04,5.2,1.61,6.45,3.56,0.0,0.0
19.0,75.0,Ashti,Maharashtra,0.0,0.0,0.21,0.0,0.12,6.33,4.49,1.09,9.13,4.53,0.0,0.01
19.0,75.25,Ashti,Maharashtra,0.0,0.0,0.45,0.01,0.09,5.6,7.01,0.39,10.04,2.44,0.0,0.04
19.0,75.5,Unknown,Maharashtra,0.0,0.0,0.98,0.04,0.34,4.05,4.7,2.02,14.11,3.1,0.0,0.06
19.0,75.75,Unknown,Maharashtra,0.0,0.0,0.94,0.03,0.32,3.65,4.4,2.67,14.85,2.31,0.0,0.05
19.0,76.0,Unknown,Maharashtra,0.0,0.0,0.28,0.12,0.08,4.25,6.74,3.56,14.56,2.55,0.0,0.01
19.0,76.25,Unknown,Maharashtra,0.0,0.07,0.34,0.3,0.12,5.37,9.08,4.89,14.81,3.63,0.0,0.0
19.0,76.5,Sonpeth,Maharashtra,0.0,0.06,0.36,0.24,0.05,3.75,8.71,5.52,14.31,4.15,0.0,0.0
19.0,76.75,Gangakhed,Maharashtra,0.0,0.0,0.17,0.09,0.01,2.02,6.86,3.03,19.66,4.4,0.0,0.0
19.0,77.0,Palam,Maharashtra,0.0,0.0,0.71,0.07,0.0,4.62,7.8,3.03,15.87,4.28,0.0,0.0
19.0,77.25,Loha,Maharashtra,0.0,0.0,0.51,0.09,0.06,5.74,7.08,1.97,15.43,4.89,0.0,0.0
19.0,77.5,Naigaon (Khairgaon),Maharashtra,0.03,0.0,0.23,0.28,0.46,8.41,14.52,3.48,11.08,4.52,0.0,0.0
19.0,77.75,Dharmabad,Maharashtra,0.0,0.0,0.45,0.24,0.52,9.75,15.83,2.95,11.47,4.7,0.0,0.0
19.0,78.0,Mudhole mandal,Telangana,0.06,0.0,0.32,0.08,1.11,6.99,13.32,5.15,14.26,2.72,0.0,0.0
19.0,78.25,Nandipet mandal,Telangana,0.03,0.0,0.13,0.12,1.39,8.14,14.25,6.16,14.13,2.68,0.0,0.0
19.0,78.5,Laxmanchanda mandal,Telangana,0.1,0.0,0.25,0.08,1.0,6.25,11.11,5.04,16.24,1.61,0.0,0.0
19.0,78.75,Mallapur mandal,Telangana,0.0,0.0,1.29,0.21,1.33,4.4,11.93,4.86,11.53,2.71,0.21,0.0
19.0,79.0,Beerpur mandal,Telangana,0.0,0.0,0.9,0.5,1.34,4.16,11.59,4.19,9.68,3.68,0.05,0.0
19.0,79.25,Kasipet mandal,Telangana,0.07,0.0,0.85,0.31,1.17,6.48,11.32,4.4,6.03,4.54,0.0,0.0
19.0,79.5,Mandamarri mandal,Telangana,0.15,0.0,0.45,0.0,0.64,6.02,12.75,6.32,7.17,3.09,0.0,0.0
19.0,79.75,Kotapalle mandal,Telangana,0.09,0.0,0.57,0.0,0.31,5.09,13.75,7.41,9.77,2.57,0.0,0.0
19.0,80.0,Sironcha Taluka,Maharashtra,0.07,0.0,0.22,0.0,0.13,6.61,13.67,11.46,11.88,3.11,0.0,0.0
19.0,80.25,Aheri Taluka,Maharashtra,0.03,0.0,0.13,0.01,0.02,7.68,13.64,12.64,11.7,3.27,0.0,0.0
19.0,80.5,Bhopalpattnam,Chhattisgarh,0.01,0.0,0.17,0.02,0.19,8.09,14.56,12.41,11.2,2.97,0.0,0.0
19.0,80.75,Bhairamgarh Tahsil,Chhattisgarh,0.02,0.0,0.33,0.01,0.34,7.72,12.91,11.36,14.57,1.81,0.0,0.0
19.0,81.0,Bhairamgarh Tahsil,Chhattisgarh,0.01,0.0,0.48,0.03,0.4,7.69,11.82,11.11,16.05,1.62,0.0,0.0
19.0,81.25,Gidam Tahsil,Chhattisgarh,0.01,0.0,0.52,0.14,0.44,8.17,11.77,10.98,15.96,1.81,0.0,0.0
19.0,81.5,Bastanar Tahsil,Chhattisgarh,0.01,0.02,1.15,1.06,0.98,10.69,13.09,10.98,12.7,3.52,0.0,0.0
19.0,81.75,Tokapal Tahsil,Chhattisgarh,0.02,0.11,1.71,1.98,1.65,13.18,14.32,10.97,10.09,4.7,0.02,0.0
19.0,82.0,Jagdalpur Tahsil,Chhattisgarh,0.02,0.32,1.22,1.37,1.64,11.14,13.27,11.23,10.34,4.38,0.09,0.0
19.0,82.25,Kotpad,Odisha,0.05,1.29,0.56,0.84,3.22,9.61,12.54,11.86,9.8,4.39,0.42,0.01
19.0,82.5,Boriguma,Odisha,0.05,1.31,0.65,0.92,3.31,9.25,11.53,12.41,10.88,4.38,0.43,0.03
19.0,82.75,Bhairabsingipur,Odisha,0.0,0.0,0.73,1.2,1.67,5.98,10.3,8.95,6.36,3.02,0.05,0.02
19.0,83.0,Kakiriguma,Odisha,0.0,0.0,0.71,1.91,2.17,5.79,9.35,4.42,5.99,3.12,0.07,0.0
19.0,83.25,Bandhugaon,Odisha,0.0,0.36,1.44,0.67,3.13,7.14,9.43,6.21,9.73,3.57,0.24,0.0
19.0,83.5,Gummalakshmipuram,Andhra Pradesh,0.02,0.03,1.44,0.33,4.76,4.9,9.32,7.38,6.74,2.75,0.14,0.0
19.0,83.75,Gunupur,Odisha,0.05,0.01,1.25,0.74,4.55,5.97,7.16,6.54,10.77,5.45,0.18,0.0
19.0,84.0,Serango,Odisha,0.05,0.0,0.99,0.66,4.84,5.54,5.79,5.69,10.08,5.59,0.6,0.0
19.0,84.25,Ramagiri,Odisha,0.12,0.0,0.1,0.09,7.21,4.76,4.09,3.69,7.84,3.31,2.26,0.0
19.0,84.5,Kanchili,Andhra Pradesh,0.1,0.07,0.05,0.25,6.96,6.07,3.77,2.74,8.18,3.46,1.88,0.0
19.25,72.75,Unknown,Unknown,0.0,0.0,0.28,0.0,0.0,20.82,33.57,21.18,20.64,2.52,0.0,0.0
19.25,73.0,Bhiwandi Subdistrict,Maharashtra,0.0,0.0,0.23,0.0,0.11,11.96,40.55,23.91,13.51,1.95,0.0,0.0
19.25,73.25,Kalyan Subdistrict,Maharashtra,0.0,0.0,0.16,0.0,0.49,7.57,35.69,23.76,18.25,1.53,0.0,0.0
19.25,73.5,Murbad Subdistrict,Maharashtra,0.0,0.0,0.12,0.01,0.26,5.54,27.31,19.98,12.93,1.4,0.0,0.0
19.25,73.75,Junnar,Maharashtra,0.0,0.0,0.12,0.01,0.21,2.07,10.58,8.92,2.82,0.56,0.0,0.0
19.25,74.0,Junnar,Maharashtra,0.0,0.0,0.16,0.01,0.22,1.57,9.21,8.27,4.84,0.98,0.0,0.0
19.25,74.25,Parner,Maharashtra,0.0,0.0,0.06,0.0,0.58,1.79,3.23,1.87,6.07,3.57,0.0,0.0
19.25,74.5,Parner,Maharashtra,0.0,0.0,0.05,0.0,0.99,4.09,3.78,1.44,6.33,4.19,0.0,0.0
19.25,74.75,Ahmednagar,Maharashtra,0.0,0.0,0.08,0.0,0.32,5.8,5.42,1.7,6.88,3.66,0.0,0.0
19.25,75.0,Pathardi,Maharashtra,0.0,0.0,0.12,0.0,0.06,5.89,3.81,2.09,10.02,4.56,0.0,0.0
19.25,75.25,Pathardi,Maharashtra,0.0,0.0,0.27,0.0,0.06,5.0,4.94,1.14,8.28,2.15,0.0,0.0
19.25,75.5,Georai,Maharashtra,0.0,0.0,0.27,0.0,0.13,5.23,4.26,2.67,11.19,1.33,0.0,0.0
19.25,75.75,Georai,Maharashtra,0.0,0.0,0.27,0.03,0.12,4.75,5.04,2.9,11.68,1.77,0.0,0.0
19.25,76.0,Unknown,Maharashtra,0.0,0.0,0.23,0.17,0.01,4.21,8.61,4.13,14.14,2.25,0.0,0.0
19.25,76.25,Pathri,Maharashtra,0.0,0.02,0.3,0.38,0.11,5.13,10.2,4.16,14.7,2.84,0.0,0.0
19.25,76.5,Manwath,Maharashtra,0.0,0.08,0.6,0.24,0.16,3.74,10.8,3.31,12.58,3.86,0.0,0.0
19.25,76.75,Parbhani,Maharashtra,0.0,0.03,0.52,0.08,0.01,3.82,10.74,4.1,14.34,4.52,0.0,0.0
19.25,77.0,Purna,Maharashtra,0.0,0.0,0.57,0.0,0.0,3.73,10.44,1.61,10.79,2.79,0.0,0.0
19.25,77.25,Nanded,Maharashtra,0.0,0.0,0.3,0.04,0.03,6.24,8.9,1.01,13.93,4.49,0.0,0.0
19.25,77.5,Mudkhed,Maharashtra,0.0,0.0,0.19,0.26,0.17,8.41,17.63,3.94,8.39,5.08,0.0,0.0
19.25,77.75,Bhokar,Maharashtra,0.01,0.03,0.31,0.18,0.44,8.94,15.87,2.51,6.93,3.31,0.0,0.0
19.25,78.0,Kubeer mandal,Telangana,0.01,0.13,0.23,0.24,1.14,9.3,15.26,5.55,8.4,2.03,0.0,0.0
19.25,78.25,Sarangapur mandal,Telangana,0.01,0.11,0.21,0.22,1.19,9.32,14.87,6.19,9.57,2.02,0.0,0.0
19.25,78.5,Neradigonda mandal,Telangana,0.12,0.0,0.16,0.06,0.56,3.93,12.46,3.76,9.89,5.24,0.0,0.0
19.25,78.75,Kaddampeddur mandal,Telangana,0.09,0.0,0.45,0.15,0.66,3.7,12.33,3.72,9.84,4.82,0.04,0.0
19.25,79.0,Lingapur mandal,Telangana,0.0,0.0,1.69,0.12,1.1,3.78,17.06,2.07,8.29,2.47,0.02,0.0
19.25,79.25,Tiryani mandal,Telangana,0.0,0.0,1.34,0.23,1.22,4.36,16.04,2.87,6.81,2.62,0.0,0.0
19.25,79.5,Rebbena mandal,Telangana,0.02,0.0,1.3,0.22,0.94,5.32,17.5,5.71,9.17,2.9,0.0,0.0
19.25,79.75,Dahegaon mandal,Telangana,0.0,0.0,1.66,0.06,0.19,6.41,21.78,9.48,14.24,3.81,0.0,0.0
19.25,80.0,Aheri Taluka,Maharashtra,0.0,0.0,1.23,0.02,0.03,7.77,21.73,11.59,14.56,3.73,0.0,0.0
19.25,80.25,Aheri Taluka,Maharashtra,0.0,0.0,0.63,0.02,0.03,8.09,19.03,12.43,14.0,3.64,0.0,0.0
19.25,80.5,Bhopalpattnam,Chhattisgarh,0.0,0.0,0.66,0.03,0.48,7.65,17.16,13.17,13.36,3.7,0.0,0.0
19.25,80.75,Bhairamgarh Tahsil,Chhattisgarh,0.01,0.0,0.64,0.07,0.84,7.82,13.7,12.84,14.05,3.25,0.0,0.0
19.25,81.0,Orchha Tahsil,Chhattisgarh,0.01,0.0,0.76,0.22,0.93,8.28,12.86,11.85,14.66,2.97,0.0,0.0
19.25,81.25,Gidam Tahsil,Chhattisgarh,0.01,0.0,0.86,0.31,0.97,8.83,13.05,11.77,14.1,3.52,0.0,0.0
19.25,81.5,Kondagaon Tahsil,Chhattisgarh,0.01,0.02,1.15,0.91,0.82,10.86,13.1,10.82,12.52,4.39,0.0,0.0
19.25,81.75,Bastar Tahsil,Chhattisgarh,0.01,0.03,1.5,1.63,1.38,12.07,13.96,10.74,9.88,4.37,0.0,0.0
19.25,82.0,Bakavand Tahsil,Chhattisgarh,0.0,0.0,0.77,0.45,0.69,8.38,12.33,11.21,10.57,3.84,0.0,0.0
19.25,82.25,Kosagumuda,Odisha,0.0,0.02,1.24,0.41,1.83,10.08,15.41,10.27,7.8,3.66,0.03,0.0
19.25,82.5,Nabarangapur P.S,Odisha,0.0,0.51,1.03,0.34,1.23,9.72,16.05,11.53,13.52,5.6,0.0,0.0
19.25,82.75,Tentulikhunti,Odisha,0.0,0.02,0.49,0.9,1.06,4.71,10.76,9.92,5.3,3.12,0.0,0.0
19.25,83.0,Andirakanch,Odisha,0.0,0.18,0.71,0.78,1.37,6.25,11.08,10.06,6.31,2.82,0.01,0.0
19.25,83.25,Rayagada,Odisha,0.0,0.52,1.58,0.7,1.92,8.41,9.99,8.47,8.68,3.13,0.02,0.0
19.25,83.5,Rayagada,Odisha,0.03,0.07,1.84,0.78,4.34,6.2,7.73,6.07,6.09,4.31,0.01,0.0
19.25,83.75,Gudari,Odisha,0.06,0.0,1.31,0.87,4.34,5.69,6.37,6.08,9.74,5.65,0.21,0.0
19.25,84.0,R.Udayagiri,Odisha,0.04,0.0,1.25,0.86,4.87,5.67,5.39,5.62,10.85,5.57,0.61,0.0
19.25,84.25,Mohana,Odisha,0.1,0.1,0.11,0.5,6.5,6.15,5.56,4.09,8.52,2.72,1.11,0.0
19.25,84.5,Chikiti,Odisha,0.33,0.45,0.1,0.1,5.04,4.49,3.51,4.08,6.62,2.91,0.66,0.0
19.25,84.75,Rangeilunda,Odisha,0.41,0.21,0.32,0.01,4.51,7.31,3.86,6.62,8.03,4.05,1.15,0.0
19.5,72.75,Unknown,Unknown,0.0,0.0,0.29,0.0,0.08,20.82,34.19,27.09,21.39,2.36,0.0,0.0
19.5,73.0,Vasai Subdistrict,Maharashtra,0.0,0.0,0.32,0.0,0.32,7.09,33.47,28.39,9.76,1.69,0.0,0.0
19.5,73.25,Shahapur Subdistrict,Maharashtra,0.0,0.0,0.39,0.0,0.72,6.98,31.38,25.9,13.88,2.11,0.0,0.0
19.5,73.5,Shahapur Subdistrict,Maharashtra,0.0,0.0,0.41,0.0,0.76,5.99,40.06,30.51,13.23,2.3,0.0,0.0
19.5,73.75,Akola,Maharashtra,0.0,0.0,0.55,0.0,0.39,2.4,18.08,16.01,7.83,1.07,0.0,0.0
19.5,74.0,Akola,Maharashtra,0.0,0.0,0.63,0.0,0.39,1.43,8.72,8.52,6.93,1.24,0.0,0.0
19.5,74.25,Sangamner,Maharashtra,0.0,0.0,0.48,0.0,0.47,1.73,5.31,3.63,5.52,2.23,0.0,0.0
19.5,74.5,Rahuri,Maharashtra,0.0,0.0,0.07,0.0,1.06,3.94,4.56,1.81,6.29,3.95,0.0,0.0
19.5,74.75,Rahuri,Maharashtra,0.0,0.0,0.09,0.0,0.4,1.53,5.84,1.13,8.36,2.54,0.0,0.0
19.5,75.0,Nevasa,Maharashtra,0.0,0.0,0.12,0.0,0.24,3.48,6.37,2.22,8.32,3.83,0.0,0.0
19.5,75.25,Shevgaon,Maharashtra,0.0,0.0,0.12,0.0,0.07,2.9,2.28,0.56,5.51,0.9,0.0,0.0
19.5,75.5,Unknown,Maharashtra,0.0,0.0,0.19,0.0,0.07,4.24,7.53,2.6,8.75,2.04,0.0,0.0
19.5,75.75,Unknown,Maharashtra,0.0,0.0,0.17,0.0,0.03,2.95,10.64,2.12,9.61,3.5,0.0,0.0
19.5,76.0,Ghansawangi,Maharashtra,0.0,0.0,0.19,0.15,0.09,4.41,11.56,1.6,10.03,3.0,0.0,0.0
19.5,76.25,Partur,Maharashtra,0.0,0.0,0.39,0.22,0.18,5.19,11.11,2.19,11.59,2.6,0.0,0.0
19.5,76.5,Selu,Maharashtra,0.0,0.01,0.54,0.14,0.04,2.9,9.33,1.61,6.16,1.95,0.0,0.0
19.5,76.75,Jintur,Maharashtra,0.0,0.0,0.66,0.05,0.04,3.08,10.0,2.2,6.14,2.7,0.0,0.0
19.5,77.0,Aundha (Nagnath),Maharashtra,0.0,0.0,0.75,0.07,0.02,4.37,11.09,2.67,8.96,3.22,0.0,0.0
19.5,77.25,Basmath,Maharashtra,0.0,0.22,0.4,0.06,0.05,7.29,11.92,3.01,8.31,2.65,0.0,0.0
19.5,77.5,Hadgaon,Maharashtra,0.0,0.02,0.48,0.0,0.11,10.74,14.79,2.36,8.2,2.45,0.0,0.0
19.5,77.75,Umarkhed,Maharashtra,0.0,0.12,0.39,0.06,0.4,8.64,14.94,1.98,4.53,1.96,0.0,0.0
19.5,78.0,Umarkhed,Maharashtra,0.0,0.16,0.41,0.41,1.13,8.47,18.79,3.98,6.63,2.12,0.0,0.0
19.5,78.25,Kinwat,Maharashtra,0.01,0.2,0.59,0.6,1.21,8.12,17.85,3.9,8.59,2.29,0.0,0.0
19.5,78.5,Gudihathnur mandal,Telangana,0.08,0.07,0.47,0.3,0.66,5.0,14.41,3.53,9.51,5.0,0.0,0.0
19.5,78.75,Utnur mandal,Telangana,0.06,0.01,0.55,0.24,0.64,4.74,14.81,3.75,9.89,5.24,0.0,0.0
19.5,79.0,Kerameri mandal,Telangana,0.0,0.0,1.5,0.26,1.01,4.65,19.1,2.42,9.2,3.05,0.0,0.0
19.5,79.25,Wankidi mandal,Telangana,0.0,0.0,1.12,0.34,1.25,4.7,17.04,3.25,7.23,2.63,0.0,0.0
19.5,79.5,Sirpur_T mandal,Telangana,0.0,0.0,0.83,0.39,1.27,5.4,15.82,5.0,8.4,2.88,0.0,0.0
19.5,79.75,Kouthala mandal,Telangana,0.0,0.0,1.75,0.06,0.12,8.16,25.11,10.1,15.14,4.2,0.0,0.0
19.5,80.0,Aheri Taluka,Maharashtra,0.0,0.0,1.05,0.04,0.03,7.68,22.97,11.28,13.91,3.46,0.0,0.0
19.5,80.25,Etapalli Taluka,Maharashtra,0.0,0.0,1.1,0.13,0.09,7.97,24.67,10.58,14.27,3.71,0.0,0.0
19.5,80.5,Bhamragad Taluka,Maharashtra,0.01,0.0,1.09,0.08,0.87,7.44,19.03,12.92,13.23,3.94,0.0,0.0
19.5,80.75,Bhamragad Taluka,Maharashtra,0.01,0.0,1.05,0.14,1.4,8.03,14.84,13.2,12.96,4.35,0.0,0.0
19.5,81.0,Orchha Tahsil,Chhattisgarh,0.01,0.0,1.1,0.19,1.83,8.11,14.68,13.5,12.7,4.58,0.0,0.0
19.5,81.25,Narayanpur Tahsil,Chhattisgarh,0.01,0.0,1.06,0.33,1.01,9.52,13.67,11.94,12.79,5.27,0.0,0.0
19.5,81.5,Kondagaon Tahsil,Chhattisgarh,0.01,0.0,1.02,0.41,0.53,10.25,12.81,10.69,12.46,5.58,0.0,0.0
19.5,81.75,Kondagaon Tahsil,Chhattisgarh,0.0,0.0,1.09,0.67,0.83,9.06,11.67,9.32,8.89,4.52,0.0,0.0
19.5,82.0,Makdi Tahsil,Chhattisgarh,0.03,0.0,1.17,1.08,1.52,8.93,13.14,7.69,7.76,3.61,0.0,0.0
19.5,82.25,Dabugan,Odisha,0.03,0.02,0.92,1.09,1.59,9.85,15.69,7.74,9.26,2.9,0.0,0.0
19.5,82.5,Paparahandi,Odisha,0.0,0.1,0.52,0.21,1.32,6.31,13.38,10.31,12.95,3.95,0.0,0.0
19.5,82.75,Jayapatna,Odisha,0.0,0.01,0.35,0.55,1.27,5.83,12.3,10.73,8.72,3.26,0.0,0.0
19.5,83.0,Thuamul Rampur,Odisha,0.0,0.0,0.32,0.5,1.52,6.46,11.92,10.61,6.75,4.01,0.0,0.0
19.5,83.25,Kalyanasingpur,Odisha,0.0,0.0,0.81,0.97,1.01,6.22,6.34,8.89,6.71,4.16,0.0,0.0
19.5,83.5,Bishamakatak,Odisha,0.02,0.01,1.69,0.9,3.54,6.33,7.16,5.76,5.15,4.62,0.0,0.0
19.5,83.75,Chandrapur,Odisha,0.02,0.42,1.63,0.83,4.76,6.25,5.97,5.03,8.0,5.74,0.42,0.0
19.5,84.0,Adava,Odisha,0.01,0.11,1.48,0.69,5.68,5.86,4.39,4.69,11.2,5.22,1.08,0.0
19.5,84.25,Mohana,Odisha,0.02,0.36,0.35,0.46,6.32,5.88,6.3,4.94,8.28,3.27,0.82,0.0
19.5,84.5,Badagada,Odisha,0.1,0.53,0.16,0.07,4.67,7.06,4.12,6.79,8.25,4.63,0.16,0.0
19.5,84.75,Hinjili,Odisha,0.22,0.16,0.22,0.0,4.1,7.64,4.01,7.91,9.26,4.95,0.64,0.0
19.5,85.0,Rambha,Odisha,0.05,0.02,0.06,0.0,3.56,3.4,5.89,8.29,9.62,4.63,0.48,0.0
19.75,72.5,Unknown,Unknown,0.0,0.0,0.17,0.0,0.09,25.3,33.43,27.81,30.11,2.77,0.0,0.0
19.75,72.75,Palghar Subdistrict,Maharashtra,0.0,0.0,0.22,0.0,0.11,25.3,33.52,28.31,28.07,2.75,0.0,0.0
19.75,73.0,Vikramgad Taluka,Maharashtra,0.0,0.0,0.33,0.0,0.36,7.78,34.35,38.85,10.33,2.62,0.0,0.0
19.75,73.25,Wada Subdistrict,Maharashtra,0.0,0.0,0.38,0.0,0.84,5.83,38.53,36.25,10.21,2.38,0.0,0.0
19.75,73.5,Mokhada Taluka,Maharashtra,0.0,0.0,0.43,0.0,0.96,5.64,47.74,36.64,12.43,2.75,0.0,0.0
19.75,73.75,Igatpuri Subdistrict,Maharashtra,0.0,0.0,0.8,0.0,0.45,3.25,17.43,14.81,7.46,1.57,0.0,0.0
19.75,74.0,Sinnar Taluka,Maharashtra,0.0,0.0,0.92,0.0,0.26,2.32,8.33,7.85,6.22,1.37,0.0,0.0
19.75,74.25,Sangamner,Maharashtra,0.0,0.0,0.55,0.0,0.19,0.9,5.65,3.34,4.01,2.07,0.0,0.0
19.75,74.5,Rahta,Maharashtra,0.0,0.0,0.2,0.0,0.08,1.48,6.06,3.17,4.05,2.55,0.0,0.0
19.75,74.75,Vaijapur,Maharashtra,0.0,0.0,0.18,0.0,0.17,2.0,5.41,1.55,6.1,2.78,0.0,0.0
19.75,75.0,Unknown,Maharashtra,0.0,0.0,0.45,0.0,0.09,1.82,6.63,1.79,4.63,1.89,0.0,0.0
19.75,75.25,Unknown,Maharashtra,0.0,0.0,0.95,0.0,0.51,3.27,8.74,2.98,5.52,1.05,0.0,0.0
19.75,75.5,Chhatrapati Sambhajinagar,Maharashtra,0.0,0.0,0.5,0.01,0.21,3.93,11.66,3.1,8.5,2.13,0.0,0.0
19.75,75.75,Badnapur,Maharashtra,0.0,0.0,0.25,0.01,0.13,3.09,13.02,2.34,8.23,2.08,0.0,0.0
19.75,76.0,Jalna,Maharashtra,0.0,0.0,0.39,0.01,0.1,4.98,15.12,1.8,8.93,2.15,0.0,0.0
19.75,76.25,Mantha,Maharashtra,0.0,0.0,0.62,0.01,0.08,5.25,14.41,2.22,7.84,1.82,0.0,0.0
19.75,76.5,Jintur,Maharashtra,0.0,0.0,0.75,0.01,0.04,3.02,9.71,2.2,5.17,2.08,0.0,0.0
19.75,76.75,Sengaon,Maharashtra,0.0,0.01,0.81,0.05,0.17,3.05,9.72,3.86,6.12,4.21,0.0,0.0
19.75,77.0,Hingoli,Maharashtra,0.0,0.04,1.02,0.13,0.03,5.08,12.31,4.52,7.15,5.44,0.0,0.0
19.75,77.25,Hingoli,Maharashtra,0.0,0.25,0.41,0.11,0.04,5.89,11.36,4.21,9.21,3.49,0.0,0.0
19.75,77.5,Pusad,Maharashtra,0.0,0.77,0.54,0.01,0.04,8.25,14.08,4.22,7.53,2.64,0.0,0.0
19.75,77.75,Mahagaon,Maharashtra,0.0,0.11,0.9,0.05,0.29,8.34,19.95,4.44,6.11,2.73,0.0,0.0
19.75,78.0,Mahoor,Maharashtra,0.0,0.09,1.1,0.4,0.81,8.08,20.33,3.64,7.26,2.32,0.0,0.0
19.75,78.25,Kinwat,Maharashtra,0.0,0.18,1.18,0.67,1.06,7.42,18.28,2.68,9.38,2.13,0.0,0.0
19.75,78.5,Unknown,Telangana,0.0,0.16,1.11,0.66,0.87,6.3,15.83,2.99,10.15,2.78,0.0,0.0
19.75,78.75,Bela mandal,Telangana,0.0,0.0,0.72,0.59,0.68,6.87,16.42,5.55,13.0,6.02,0.0,0.0
19.75,79.0,Korpana Taluka,Maharashtra,0.0,0.01,0.61,0.84,0.97,6.91,22.02,4.75,12.08,4.81,0.0,0.0
19.75,79.25,Rajura Taluka,Maharashtra,0.01,0.0,0.51,0.76,0.92,6.94,26.73,3.21,11.91,3.27,0.0,0.0
19.75,79.5,Gondpipri Taluka,Maharashtra,0.06,0.0,0.9,0.43,0.71,5.23,24.49,3.56,9.95,2.18,0.0,0.0
19.75,79.75,Gondpipri Taluka,Maharashtra,0.0,0.0,0.87,0.46,0.37,10.05,31.41,7.89,14.91,4.86,0.0,0.0
19.75,80.0,Mulchera Taluka,Maharashtra,0.0,0.0,0.88,0.29,0.17,7.99,26.38,9.83,14.32,3.68,0.0,0.0
19.75,80.25,Etapalli Taluka,Maharashtra,0.12,0.0,0.82,0.29,0.17,7.83,25.96,10.02,13.94,3.75,0.0,0.0
19.75,80.5,Etapalli Taluka,Maharashtra,0.19,0.0,0.9,0.2,0.98,6.82,20.14,13.35,12.79,3.91,0.0,0.0
19.75,80.75,Orchha Tahsil,Chhattisgarh,0.1,0.0,0.97,0.12,1.69,7.31,15.89,15.76,12.61,4.71,0.0,0.0
19.75,81.0,Orchha Tahsil,Chhattisgarh,0.01,0.0,1.23,0.14,2.14,7.68,15.53,14.47,12.05,4.85,0.0,0.0
19.75,81.25,Narayanpur Tahsil,Chhattisgarh,0.01,0.0,1.15,0.28,1.64,8.94,14.23,12.74,12.63,5.26,0.0,0.0
19.75,81.5,Farasgaon Tahsil,Chhattisgarh,0.01,0.0,1.02,0.4,0.69,9.76,12.7,10.62,11.98,5.39,0.0,0.0
19.75,81.75,Makdi Tahsil,Chhattisgarh,0.01,0.0,1.13,0.73,0.98,8.84,11.78,8.53,8.36,4.4,0.0,0.0
19.75,82.0,Makdi Tahsil,Chhattisgarh,0.01,0.0,1.38,1.05,1.38,8.02,11.52,7.41,6.76,3.81,0.0,0.0
19.75,82.25,Umarkote,Odisha,0.04,0.0,2.19,1.96,1.95,7.73,13.26,5.8,9.32,3.3,0.0,0.0
19.75,82.5,Jharigan,Odisha,0.0,0.0,0.76,0.09,0.43,4.93,9.25,6.51,9.96,2.18,0.0,0.0
19.75,82.75,Kokasara,Odisha,0.0,0.02,0.54,0.1,0.43,3.85,10.34,9.38,9.48,3.71,0.0,0.0
19.75,83.0,Junagarh,Odisha,0.0,0.09,0.4,0.05,1.34,3.96,12.74,8.88,8.04,5.8,0.0,0.0
19.75,83.25,Sadar,Odisha,0.0,0.0,0.1,0.14,0.7,4.08,11.24,10.04,6.3,6.29,0.0,0.0
19.75,83.5,Ambadala,Odisha,0.0,0.0,0.03,0.06,0.15,2.78,4.99,8.17,6.72,7.11,0.0,0.0
19.75,83.75,Kotagarh,Odisha,0.0,0.8,0.77,0.3,3.14,5.31,6.22,6.7,9.13,7.0,0.25,0.0
19.75,84.0,Brahmanigaon,Odisha,0.0,1.21,0.94,0.49,4.1,6.31,5.93,5.66,9.94,7.48,0.39,0.0
19.75,84.25,Badagada,Odisha,0.0,1.1,0.3,0.14,3.34,5.45,5.94,5.68,6.93,3.56,0.27,0.0
19.75,84.5,Surada,Odisha,0.0,1.11,0.36,0.17,3.3,5.54,5.95,5.78,7.48,3.33,0.29,0.0
19.75,84.75,Buguda,Odisha,0.01,0.05,0.38,0.38,2.89,4.21,5.04,8.12,9.36,5.06,0.09,0.0
19.75,85.0,Polasara,Odisha,0.01,0.0,0.07,0.0,2.62,2.35,5.58,9.28,9.2,4.44,0.23,0.0
19.75,85.25,Balugaon,Odisha,0.96,0.08,0.0,0.01,3.52,3.33,6.79,10.37,9.7,3.17,0.92,0.0
19.75,85.5,Krushna Prasad,Odisha,3.41,0.33,0.0,0.03,4.32,4.98,5.53,13.77,12.11,0.62,2.7,0.0
20.0,72.5,Unknown,Unknown,0.0,0.0,0.06,0.0,0.01,21.05,32.81,28.16,34.29,3.05,0.0,0.0
20.0,72.75,Dahanu Taluka,Maharashtra,0.0,0.0,0.04,0.0,0.0,17.91,34.44,30.44,31.09,2.82,0.0,0.0
20.0,73.0,Dahanu Taluka,Maharashtra,0.0,0.0,0.21,0.0,0.0,6.4,35.36,37.95,12.76,2.82,0.0,0.0
20.0,73.25,Jawhar Taluka,Maharashtra,0.0,0.0,0.24,0.0,0.53,5.9,32.92,35.87,8.8,2.11,0.0,0.0
20.0,73.5,Trimbakeshwar Subdistrict,Maharashtra,0.0,0.0,0.44,0.0,0.98,3.12,33.26,30.53,8.36,2.25,0.0,0.0
20.0,73.75,Nashik Subdistrict,Maharashtra,0.0,0.0,0.49,0.0,0.85,1.82,11.76,11.8,3.52,1.76,0.0,0.0
20.0,74.0,Niphad Taluka,Maharashtra,0.0,0.0,0.99,0.0,0.6,0.98,7.19,6.88,4.18,1.46,0.0,0.0
20.0,74.25,Niphad Taluka,Maharashtra,0.0,0.0,0.66,0.0,0.27,0.97,5.39,3.82,4.37,2.8,0.0,0.0
20.0,74.5,Yeola Taluka,Maharashtra,0.0,0.0,0.32,0.0,0.11,2.25,5.73,3.36,5.01,3.66,0.0,0.0
20.0,74.75,Vaijapur,Maharashtra,0.0,0.0,0.11,0.0,0.03,2.71,6.44,2.77,5.05,3.27,0.0,0.0
20.0,75.0,Unknown,Maharashtra,0.0,0.0,0.11,0.0,0.07,1.47,9.5,3.7,3.42,0.83,0.0,0.0
20.0,75.25,Khuldabad,Maharashtra,0.0,0.0,0.41,0.0,0.25,2.31,11.61,3.57,5.48,2.05,0.0,0.0
20.0,75.5,Chhatrapati Sambhajinagar,Maharashtra,0.0,0.0,0.15,0.0,0.09,2.75,10.7,2.96,6.52,2.41,0.0,0.0
20.0,75.75,Badnapur,Maharashtra,0.0,0.0,0.45,0.01,0.45,4.34,13.25,2.26,7.48,1.6,0.0,0.0
20.0,76.0,Deulgaon Raja,Maharashtra,0.0,0.0,0.27,0.0,0.13,5.58,20.19,2.16,7.48,1.51,0.0,0.0
20.0,76.25,Sindkhed Raja,Maharashtra,0.0,0.0,0.78,0.0,0.08,5.08,12.93,3.58,5.44,1.03,0.0,0.0
20.0,76.5,Lonar,Maharashtra,0.0,0.0,0.91,0.0,0.04,4.86,11.98,3.74,5.23,1.18,0.0,0.0
20.0,76.75,Risod,Maharashtra,0.0,0.21,0.8,0.02,0.34,3.94,12.79,4.39,6.4,3.05,0.0,0.0
20.0,77.0,Sengaon,Maharashtra,0.0,0.21,0.71,0.01,0.43,4.56,14.68,3.99,7.57,2.71,0.0,0.0
20.0,77.25,Washim,Maharashtra,0.0,0.69,0.58,0.0,0.16,6.81,13.44,5.16,8.06,2.61,0.0,0.0
20.0,77.5,Pusad,Maharashtra,0.0,0.55,0.37,0.01,0.02,7.25,13.43,4.23,7.3,2.69,0.0,0.0
20.0,77.75,Mahagaon,Maharashtra,0.0,0.0,2.08,0.13,0.3,6.01,16.76,3.58,5.52,2.21,0.0,0.0
20.0,78.0,Arni,Maharashtra,0.0,0.0,1.17,0.08,0.16,6.64,17.5,3.87,3.98,1.8,0.0,0.0
20.0,78.25,Ghatanji,Maharashtra,0.0,0.02,0.85,0.24,0.18,5.26,14.39,3.94,5.67,1.95,0.0,0.0
20.0,78.5,Kelapur,Maharashtra,0.0,0.01,0.89,0.3,0.23,4.35,12.97,3.58,7.42,3.05,0.0,0.0
20.0,78.75,Zari-Jamani,Maharashtra,0.0,0.0,0.36,0.64,0.74,4.24,16.17,3.71,11.81,5.18,0.0,0.0
20.0,79.0,Wani,Maharashtra,0.0,0.05,0.45,0.64,1.25,4.87,21.19,5.83,13.01,3.35,0.0,0.0
20.0,79.25,Chandrapur Taluka,Maharashtra,0.01,0.05,0.56,0.75,0.9,6.41,25.39,4.76,10.84,3.01,0.0,0.0
20.0,79.5,Chandrapur Taluka,Maharashtra,0.02,0.0,2.6,0.57,0.78,5.21,25.58,4.63,15.05,4.22,0.0,0.0
20.0,79.75,Mul Taluka,Maharashtra,0.01,0.0,1.35,1.05,0.45,5.88,30.5,6.22,15.57,3.73,0.0,0.0
20.0,80.0,Chamorshi Taluka,Maharashtra,0.48,0.0,0.93,0.98,0.39,6.09,28.96,7.99,13.42,3.68,0.0,0.0
20.0,80.25,Gadchiroli Taluka,Maharashtra,0.72,0.0,0.79,0.7,0.26,5.61,26.17,9.53,12.7,3.69,0.0,0.0
20.0,80.5,Etapalli Taluka,Maharashtra,0.6,0.0,0.61,0.31,0.84,5.73,20.87,15.75,12.83,4.12,0.0,0.0
20.0,80.75,Pakhanjur Tahsil,Chhattisgarh,0.26,0.0,0.64,0.14,1.69,6.04,17.38,18.23,13.32,4.24,0.0,0.0
20.0,81.0,Pakhanjur Tahsil,Chhattisgarh,0.06,0.0,0.73,0.11,1.64,6.59,16.36,16.87,13.07,4.44,0.0,0.0
20.0,81.25,Antagarh Tahsil,Chhattisgarh,0.09,0.0,0.58,0.16,1.13,6.9,15.1,14.03,13.19,4.58,0.0,0.0
20.0,81.5,Keskal Tahsil,Chhattisgarh,0.04,0.0,0.66,0.27,1.02,7.15,13.92,12.22,11.83,4.47,0.0,0.0
20.0,81.75,Bade Rajpur Tahsil,Chhattisgarh,0.05,0.0,1.42,1.01,1.11,8.83,12.18,8.13,9.24,4.47,0.0,0.0
20.0,82.0,Raighar,Odisha,0.02,0.0,1.67,1.45,1.55,7.56,12.17,6.23,8.13,3.31,0.0,0.0
20.0,82.25,Mainpur Tahsil,Chhattisgarh,0.0,0.0,1.38,1.04,0.87,5.75,11.59,6.01,10.1,2.27,0.0,0.0
20.0,82.5,Mainpur Tahsil,Chhattisgarh,0.0,0.0,0.41,0.0,0.13,3.9,9.98,6.13,9.43,2.0,0.0,0.0
20.0,82.75,Golamunda,Odisha,0.0,0.04,0.16,0.03,0.5,2.7,10.0,13.7,8.6,2.38,0.0,0.0
20.0,83.0,Kegaon,Odisha,0.0,0.16,0.34,0.02,0.84,3.62,11.89,8.88,10.78,4.4,0.0,0.0
20.0,83.25,Sadar,Odisha,0.0,0.03,0.44,0.0,0.63,4.26,10.66,11.85,9.58,5.4,0.0,0.0
20.0,83.5,Narala,Odisha,0.0,0.02,0.26,0.0,0.2,3.67,6.12,8.81,7.17,5.61,0.04,0.0
20.0,83.75,Tumudibandha,Odisha,0.0,0.17,0.82,0.05,1.93,5.54,6.58,7.39,8.49,4.65,0.12,0.0
20.0,84.0,Baliguda,Odisha,0.0,0.17,0.62,0.07,0.91,6.47,4.71,6.43,10.25,6.21,0.06,0.0
20.0,84.25,Raikia,Odisha,0.0,0.96,0.18,0.08,1.94,6.24,5.9,6.0,6.52,4.49,0.23,0.0
20.0,84.5,Bhanjanagar,Odisha,0.0,0.95,0.32,0.25,2.26,5.86,5.92,6.07,7.14,4.24,0.26,0.0
20.0,84.75,Jagannath Prasad,Odisha,0.0,0.01,1.08,1.51,4.6,5.22,7.62,8.46,10.39,6.65,0.15,0.0
20.0,85.0,Odagaon,Odisha,0.06,0.06,0.05,0.12,3.11,2.45,6.88,9.11,9.49,2.32,0.1,0.0
20.0,85.25,Ranapur,Odisha,0.11,0.04,0.03,0.08,2.59,2.88,6.91,8.68,9.07,2.69,0.19,0.0
20.0,85.5,Nirakarpur,Odisha,0.74,0.02,0.02,0.0,3.55,7.14,6.05,9.13,7.72,0.86,2.1,0.0
20.0,85.75,Delanga,Odisha,0.09,0.0,0.0,0.0,1.48,2.7,7.05,15.39,13.07,3.77,2.65,0.0
20.0,86.0,Nimapada,Odisha,0.32,0.0,0.13,0.0,7.75,2.69,9.33,14.56,10.47,4.72,4.34,0.0
20.0,86.25,Kakatpur,Odisha,0.13,0.02,0.24,0.0,8.62,4.27,8.05,14.52,11.39,4.05,3.72,0.0
20.25,72.75,Umbergaon Taluka,Gujarat,0.0,0.0,0.01,0.0,0.0,11.04,29.98,32.13,16.79,1.94,0.0,0.0
20.25,73.0,Nagar Haveli,Dadra and Nagar Haveli and Daman and Diu,0.0,0.0,0.01,0.0,0.0,5.29,32.65,40.01,13.72,2.77,0.0,0.0
20.25,73.25,Kaparada Taluka,Gujarat,0.0,0.0,0.09,0.0,0.07,4.21,33.48,43.03,13.29,3.03,0.0,0.0
20.25,73.5,Peth Taluka,Maharashtra,0.0,0.0,0.32,0.0,0.85,1.76,21.3,20.44,4.81,2.27,0.0,0.0
20.25,73.75,Dindori Taluka,Maharashtra,0.0,0.0,0.34,0.0,1.41,2.23,29.31,28.49,7.71,2.3,0.0,0.0
20.25,74.0,Chandwad Taluka,Maharashtra,0.0,0.0,0.59,0.0,0.36,2.11,7.46,7.29,3.52,1.63,0.0,0.0
20.25,74.25,Chandwad Taluka,Maharashtra,0.0,0.0,0.51,0.0,0.1,2.54,5.77,3.45,3.58,1.96,0.0,0.0
20.25,74.5,Nandgaon Taluka,Maharashtra,0.0,0.0,0.46,0.0,0.14,1.74,6.23,2.16,5.2,2.41,0.0,0.0
20.25,74.75,Nandgaon Taluka,Maharashtra,0.0,0.0,0.24,0.0,0.14,2.04,7.77,3.13,6.5,2.44,0.0,0.0
20.25,75.0,Unknown,Maharashtra,0.0,0.0,0.21,0.0,0.31,2.18,10.78,4.86,4.62,1.59,0.0,0.0
20.25,75.25,Unknown,Maharashtra,0.0,0.0,0.14,0.0,0.12,3.1,10.47,3.69,5.07,2.29,0.0,0.0
20.25,75.5,Unknown,Maharashtra,0.0,0.0,0.28,0.0,0.06,6.59,7.04,2.93,5.49,2.76,0.0,0.0
20.25,75.75,Bhokardan,Maharashtra,0.0,0.0,0.49,0.0,0.09,3.46,7.99,3.39,6.59,2.28,0.0,0.0
20.25,76.0,Jafferabad,Maharashtra,0.0,0.0,0.34,0.0,0.25,3.97,10.0,3.64,5.58,1.37,0.0,0.0
20.25,76.25,Unknown,Maharashtra,0.0,0.0,0.33,0.0,0.13,4.4,10.36,4.01,4.51,0.76,0.0,0.0
20.25,76.5,Mehkar,Maharashtra,0.0,0.0,0.33,0.0,0.09,4.67,12.42,3.86,4.68,0.67,0.0,0.0
20.25,76.75,Mehkar,Maharashtra,0.0,0.05,0.15,0.0,0.16,4.36,15.25,3.56,5.41,1.61,0.0,0.0
20.25,77.0,Malegaon,Maharashtra,0.0,0.06,0.53,0.0,0.51,4.54,14.11,3.9,6.79,2.53,0.0,0.0
20.25,77.25,Mangrulpir,Maharashtra,0.0,0.0,1.3,0.0,0.67,4.96,10.94,5.15,4.88,2.97,0.0,0.0
20.25,77.5,Manora,Maharashtra,0.0,0.0,1.22,0.0,0.65,6.99,11.19,3.53,5.2,2.18,0.0,0.0
20.25,77.75,Darwha,Maharashtra,0.0,0.0,1.34,0.05,0.9,5.26,13.43,3.87,5.17,2.25,0.0,0.0
20.25,78.0,Yavatmal,Maharashtra,0.0,0.0,0.84,0.03,0.33,5.5,16.27,5.07,4.21,1.95,0.0,0.0
20.25,78.25,Yavatmal,Maharashtra,0.0,0.0,0.38,0.06,0.06,5.16,14.8,4.35,3.67,1.74,0.0,0.0
20.25,78.5,Kelapur,Maharashtra,0.0,0.0,0.4,0.12,0.1,3.7,12.46,3.47,5.73,2.8,0.0,0.0
20.25,78.75,Unknown,Maharashtra,0.04,0.0,0.68,0.62,0.75,2.4,16.69,3.77,13.24,3.12,0.0,0.0
20.25,79.0,Warora Taluka,Maharashtra,0.03,0.01,0.55,0.62,1.18,2.85,17.74,4.9,14.92,3.39,0.0,0.0
20.25,79.25,Bhadravati Taluka,Maharashtra,0.0,0.01,3.01,0.61,0.69,5.05,22.73,5.06,10.22,3.41,0.0,0.0
20.25,79.5,Sindewahi Taluka,Maharashtra,0.0,0.0,3.74,1.13,0.46,5.23,25.29,5.85,9.43,3.91,0.0,0.0
20.25,79.75,Sindewahi Taluka,Maharashtra,0.03,0.0,1.68,1.24,0.52,7.03,25.46,7.54,13.13,3.7,0.0,0.0
20.25,80.0,Gadchiroli Taluka,Maharashtra,1.0,0.0,0.77,0.79,0.3,5.23,25.26,9.47,12.13,4.03,0.0,0.0
20.25,80.25,Unknown,Maharashtra,0.97,0.0,0.63,0.62,0.22,4.96,23.71,9.56,12.08,3.91,0.0,0.0
20.25,80.5,Manpur Tahsil,Chhattisgarh,0.71,0.0,0.41,0.19,0.14,5.16,19.29,15.83,12.76,4.26,0.0,0.0
20.25,80.75,Durgkondal Tahsil,Chhattisgarh,0.59,0.0,0.4,0.0,0.48,5.93,17.6,21.14,14.09,4.13,0.0,0.0
20.25,81.0,Bhanupratappur Tahsil,Chhattisgarh,0.34,0.0,0.44,0.1,1.18,5.71,17.11,19.93,13.82,4.12,0.0,0.0
20.25,81.25,Bhanupratappur Tahsil,Chhattisgarh,0.28,0.0,0.28,0.12,0.91,5.3,15.5,14.24,13.54,4.04,0.0,0.0
20.25,81.5,Kanker Tahsil,Chhattisgarh,0.23,0.0,0.25,0.15,0.4,5.12,13.15,12.29,12.51,3.73,0.0,0.0
20.25,81.75,Narharpur Tahsil,Chhattisgarh,0.17,0.0,0.57,0.27,0.59,4.94,9.99,9.14,10.65,3.46,0.0,0.0
20.25,82.0,Nagri Tahsil,Chhattisgarh,0.1,0.0,0.72,0.47,0.6,4.62,9.2,7.25,10.08,2.89,0.0,0.0
20.25,82.25,Mainpur Tahsil,Chhattisgarh,0.0,0.0,0.09,0.0,0.13,5.55,8.82,5.67,11.82,2.65,0.0,0.0
20.25,82.5,Boden,Odisha,0.0,0.0,0.0,0.01,0.02,6.57,8.45,7.75,14.29,2.14,0.0,0.0
20.25,82.75,Khariar,Odisha,0.0,0.05,0.27,0.23,0.37,3.47,8.12,7.64,12.02,5.05,0.0,0.0
20.25,83.0,Sindhekela,Odisha,0.0,0.49,0.16,0.01,0.27,1.45,5.72,6.28,7.87,1.96,0.0,0.0
20.25,83.25,Kesinga,Odisha,0.0,0.02,0.72,0.05,0.84,5.09,11.37,13.4,11.85,3.5,0.0,0.0
20.25,83.5,Madanpur Rampur,Odisha,0.0,0.05,0.69,0.0,0.44,5.56,7.69,10.05,8.24,2.72,0.09,0.0
20.25,83.75,Baliguda,Odisha,0.0,0.07,0.76,0.0,0.25,6.96,5.94,9.37,7.04,2.77,0.12,0.0
20.25,84.0,Baliguda,Odisha,0.0,0.42,1.53,0.0,0.41,7.21,6.68,8.24,8.07,3.88,0.03,0.0
20.25,84.25,Tikabali,Odisha,0.0,0.36,1.22,0.0,0.47,7.73,8.41,7.47,7.21,3.68,0.03,0.0
20.25,84.5,Chakapada,Odisha,0.0,0.6,0.53,0.12,1.87,5.34,7.93,7.27,7.23,2.78,0.01,0.0
20.25,84.75,Dasapalla,Odisha,0.0,0.52,0.57,0.3,3.32,5.69,8.76,7.82,9.39,2.72,0.12,0.0
20.25,85.0,Nayagarh Sadar,Odisha,0.0,0.19,0.09,0.02,3.15,4.32,9.42,9.39,11.88,2.92,0.1,0.0
20.25,85.25,Fategarh,Odisha,0.0,0.02,0.07,0.03,2.65,4.37,10.08,7.87,9.56,3.48,0.0,0.0
20.25,85.5,Khordha,Odisha,0.13,0.25,0.26,0.07,4.3,8.37,7.69,9.66,8.33,3.4,1.1,0.0
20.25,85.75,Tamando,Odisha,0.01,0.01,0.12,0.0,4.64,6.19,9.39,14.03,11.11,5.16,2.25,0.0
20.25,86.0,Gobindpur,Odisha,0.09,0.03,0.32,0.13,6.93,2.99,7.98,12.86,14.03,3.67,4.23,0.0
20.25,86.25,Tirtol,Odisha,0.08,0.0,0.02,0.01,9.6,4.86,6.91,15.83,13.36,2.81,2.8,0.0
20.25,86.5,Kujang,Odisha,0.12,0.19,0.04,0.05,7.14,7.68,9.76,15.62,13.02,3.48,3.17,0.0
20.5,72.75,Valsad,Gujarat,0.0,0.0,0.02,0.0,0.0,5.19,24.8,31.19,16.3,1.95,0.0,0.0
20.5,73.0,Pardi Taluka,Gujarat,0.0,0.0,0.0,0.0,0.0,1.49,24.94,41.18,10.8,1.91,0.0,0.0
20.5,73.25,Dharampur Taluka,Gujarat,0.0,0.0,0.04,0.0,0.0,1.84,27.61,37.5,10.55,2.36,0.0,0.0
20.5,73.5,Surgana Taluka,Maharashtra,0.0,0.0,0.43,0.0,0.07,1.02,23.5,20.35,3.98,2.25,0.0,0.0
20.5,73.75,Surgana Taluka,Maharashtra,0.0,0.0,0.28,0.0,0.45,1.05,17.23,16.53,5.24,2.13,0.0,0.0
20.5,74.0,Kalwan Taluka,Maharashtra,0.0,0.0,0.23,0.0,0.23,1.27,8.3,7.48,4.26,1.82,0.0,0.0
20.5,74.25,Deola Taluka,Maharashtra,0.0,0.0,0.4,0.0,0.26,2.35,5.73,2.96,4.95,1.8,0.0,0.0
20.5,74.5,Malegaon Taluka,Maharashtra,0.0,0.0,0.42,0.0,0.37,2.32,5.61,1.78,8.58,1.47,0.0,0.0
20.5,74.75,Nandgaon Taluka,Maharashtra,0.0,0.0,0.14,0.0,0.13,1.98,6.46,2.79,9.54,3.41,0.0,0.0
20.5,75.0,Chalisgaon,Maharashtra,0.0,0.0,0.05,0.0,0.14,1.51,7.78,3.76,8.58,3.07,0.0,0.0
20.5,75.25,Soegaon,Maharashtra,0.0,0.0,0.05,0.0,0.17,1.98,8.8,4.89,8.33,1.29,0.0,0.0
20.5,75.5,Unknown,Maharashtra,0.0,0.0,0.14,0.0,0.07,4.56,6.95,3.42,6.82,2.38,0.0,0.0
20.5,75.75,Unknown,Maharashtra,0.0,0.0,0.45,0.0,0.12,4.38,7.42,3.41,5.79,2.12,0.0,0.0
20.5,76.0,Unknown,Maharashtra,0.0,0.0,0.76,0.0,0.27,4.26,8.44,3.69,4.8,1.43,0.0,0.0
20.5,76.25,Unknown,Maharashtra,0.0,0.0,0.31,0.0,0.24,3.51,9.78,3.42,4.2,1.44,0.0,0.0
20.5,76.5,Khamgaon,Maharashtra,0.0,0.0,0.01,0.0,0.12,3.28,13.31,2.89,3.65,1.65,0.0,0.0
20.5,76.75,Patur,Maharashtra,0.0,0.0,0.0,0.0,0.04,4.17,16.05,3.43,4.06,1.6,0.0,0.0
20.5,77.0,Patur,Maharashtra,0.0,0.0,0.29,0.0,0.43,5.02,14.39,4.09,4.34,2.73,0.0,0.0
20.5,77.25,Barshitakli,Maharashtra,0.0,0.0,0.8,0.0,0.53,5.0,12.88,4.81,5.3,3.83,0.0,0.0
20.5,77.5,Karanja,Maharashtra,0.0,0.05,1.11,0.0,1.11,5.72,11.29,3.91,4.42,2.73,0.0,0.0
20.5,77.75,Ner,Maharashtra,0.0,0.13,0.73,0.0,1.24,4.56,12.06,4.44,2.96,3.39,0.0,0.0
20.5,78.0,Yavatmal,Maharashtra,0.0,0.02,0.69,0.0,0.22,4.28,13.22,3.05,6.03,2.83,0.0,0.0
20.5,78.25,Babulgaon,Maharashtra,0.0,0.08,0.36,0.0,0.08,4.29,13.26,4.51,3.68,1.89,0.0,0.0
20.5,78.5,Kalamb,Maharashtra,0.0,0.06,0.79,0.0,0.43,4.3,18.48,5.05,4.73,3.67,0.0,0.0
20.5,78.75,Hinganghat,Maharashtra,0.01,0.0,0.74,0.08,0.63,3.41,19.05,5.21,7.93,4.19,0.0,0.0
20.5,79.0,Samudrapur,Maharashtra,0.01,0.0,2.04,0.23,0.72,3.83,18.82,4.53,9.24,3.18,0.0,0.0
20.5,79.25,Chimur Taluka,Maharashtra,0.0,0.01,2.87,0.26,0.71,4.55,19.79,4.26,8.59,3.08,0.0,0.0
20.5,79.5,Chimur Taluka,Maharashtra,0.0,0.05,1.84,0.48,0.83,5.39,17.48,4.62,10.13,4.87,0.0,0.0
20.5,79.75,Nagbhir Taluka,Maharashtra,0.0,0.03,0.54,0.48,0.4,9.27,17.49,7.27,14.63,4.97,0.0,0.0
20.5,80.0,Armori Taluka,Maharashtra,0.06,0.04,0.43,0.23,0.06,5.63,19.49,8.38,15.68,4.26,0.0,0.0
20.5,80.25,Kurkheda Taluka,Maharashtra,0.23,0.0,0.49,0.21,0.08,5.39,18.07,9.05,12.57,4.08,0.0,0.0
20.5,80.5,Korchi Taluka,Maharashtra,0.54,0.0,1.27,0.11,0.05,6.3,12.47,9.85,11.66,5.13,0.0,0.0
20.5,80.75,Mohla Tahsil,Chhattisgarh,0.53,0.0,1.07,0.0,0.42,7.33,14.54,15.85,13.35,5.07,0.0,0.0
20.5,81.0,Dondi Tahsil,Chhattisgarh,0.5,0.0,1.29,0.07,0.62,8.41,12.39,12.13,12.9,5.31,0.0,0.0
20.5,81.25,Dondi Tahsil,Chhattisgarh,0.41,0.0,0.62,0.21,0.67,6.53,11.63,9.42,12.6,3.49,0.0,0.0
20.5,81.5,Charama Tahsil,Chhattisgarh,0.24,0.0,0.49,0.22,0.6,5.62,11.1,9.27,12.34,3.14,0.0,0.0
20.5,81.75,Nagri Tahsil,Chhattisgarh,0.21,0.0,0.46,0.12,0.47,3.47,8.06,8.59,10.0,3.33,0.0,0.0
20.5,82.0,Nagri Tahsil,Chhattisgarh,0.15,0.04,0.38,0.12,0.39,3.41,8.12,7.79,9.46,3.87,0.0,0.0
20.5,82.25,Bindranavagarh(Gariyaband) Tahsil,Chhattisgarh,0.0,0.13,0.04,0.18,0.3,4.5,9.56,5.14,11.46,4.18,0.0,0.0
20.5,82.5,Komna,Odisha,0.0,0.01,0.0,0.17,0.13,5.18,8.25,5.09,12.75,5.03,0.0,0.0
20.5,82.75,Turekela,Odisha,0.0,0.71,0.18,0.3,0.67,4.86,7.85,11.21,9.54,3.29,0.15,0.0
20.5,83.0,Belpara,Odisha,0.0,0.64,0.4,0.02,0.72,4.65,6.63,13.69,9.74,3.03,0.13,0.0
20.5,83.25,Saintala,Odisha,0.0,0.08,0.57,0.07,0.48,2.67,7.28,13.53,11.11,1.66,0.0,0.0
20.5,83.5,Tushura,Odisha,0.0,0.02,0.25,0.1,0.42,4.32,8.83,13.06,11.17,2.41,0.02,0.0
20.5,83.75,Kantamal,Odisha,0.0,0.11,0.87,0.05,0.41,7.12,8.5,12.81,10.04,2.82,0.07,0.0
20.5,84.0,Gochhapada,Odisha,0.0,0.23,0.92,0.12,0.87,6.91,8.82,10.56,9.56,1.79,0.01,0.0
20.5,84.25,Khajuripada,Odisha,0.0,1.13,0.55,0.08,0.42,3.46,5.43,10.28,10.35,3.34,0.0,0.0
20.5,84.5,Puruna Katak,Odisha,0.0,0.27,0.14,0.04,0.87,4.36,8.14,9.18,6.88,2.18,0.0,0.0
20.5,84.75,Gania,Odisha,0.0,0.38,0.29,0.02,1.13,4.32,9.3,9.5,5.05,2.94,0.24,0.0
20.5,85.0,Narasinghpur,Odisha,0.0,0.7,0.5,0.17,1.93,4.4,10.28,9.65,5.74,3.62,0.58,0.0
20.5,85.25,Kanpur,Odisha,0.0,0.03,0.3,0.09,3.52,5.31,11.12,9.62,8.62,3.56,0.01,0.0
20.5,85.5,Tigiria,Odisha,0.02,0.45,0.24,0.14,3.19,5.78,8.78,8.78,6.87,2.6,0.8,0.0
20.5,85.75,Choudwar,Odisha,0.0,0.72,0.14,0.18,3.27,3.84,9.98,11.57,10.92,2.25,0.71,0.0
20.5,86.0,Jagatpur,Odisha,0.07,0.0,0.22,0.36,4.38,6.04,7.36,14.48,13.38,3.42,1.65,0.0
20.5,86.25,Nischintakoili,Odisha,0.1,0.43,0.15,0.14,5.34,6.39,6.11,16.35,10.58,4.35,2.08,0.0
20.5,86.5,Kendrapara Sadar,Odisha,0.1,0.6,0.13,0.23,6.07,7.38,8.0,15.63,12.42,4.21,2.44,0.0
20.5,86.75,Mahakalapada,Odisha,0.07,0.43,0.13,0.2,6.0,7.12,7.41,15.12,10.65,4.48,2.52,0.0
20.75,70.75,Kodinar Taluka,Gujarat,0.0,0.0,0.01,0.0,0.0,4.04,10.09,10.81,6.67,1.3,0.0,0.0
20.75,71.0,Una Taluka,Gujarat,0.0,0.0,0.0,0.0,0.0,4.25,10.3,9.08,8.23,2.09,0.0,0.0
20.75,72.75,Valsad,Gujarat,0.0,0.0,0.07,0.0,0.0,2.4,16.94,15.89,14.83,2.15,0.0,0.0
20.75,73.0,Gandevi Taluka,Gujarat,0.0,0.0,0.04,0.0,0.0,1.48,17.63,20.33,13.31,1.74,0.0,0.0
20.75,73.25,Vansda Taluka,Gujarat,0.0,0.0,0.0,0.0,0.0,0.27,21.32,22.94,7.17,1.19,0.0,0.0
20.75,73.5,Vaghai Taluka,Gujarat,0.0,0.0,0.3,0.0,0.02,0.72,21.92,20.07,5.05,2.05,0.0,0.0
20.75,73.75,Ahava Taluka,Gujarat,0.0,0.0,0.29,0.0,0.1,1.35,13.65,11.57,3.97,2.01,0.0,0.0
20.75,74.0,Baglan Taluka,Maharashtra,0.0,0.0,0.26,0.0,0.1,2.52,7.31,4.87,4.06,2.06,0.0,0.0
20.75,74.25,Baglan Taluka,Maharashtra,0.0,0.0,0.3,0.0,0.17,3.16,6.42,2.74,4.79,2.3,0.0,0.0
20.75,74.5,Malegaon Taluka,Maharashtra,0.0,0.0,0.44,0.0,0.36,2.16,4.56,1.52,5.71,2.09,0.0,0.0
20.75,74.75,Dhule Taluka,Maharashtra,0.0,0.0,0.38,0.0,0.29,1.97,4.94,2.39,4.08,2.52,0.0,0.0
20.75,75.0,Parola,Maharashtra,0.0,0.0,0.06,0.0,0.18,0.93,8.2,4.67,6.75,1.82,0.0,0.0
20.75,75.25,Bhadgaon,Maharashtra,0.0,0.0,0.02,0.0,0.09,2.09,8.85,4.96,9.44,1.26,0.0,0.0
20.75,75.5,Pachora,Maharashtra,0.0,0.0,0.0,0.01,0.13,1.03,7.93,3.47,6.68,1.64,0.0,0.0
20.75,75.75,Jamner,Maharashtra,0.0,0.0,0.01,0.0,0.41,0.58,7.62,3.07,5.66,2.05,0.0,0.0
20.75,76.0,Motala,Maharashtra,0.0,0.0,0.09,0.0,0.64,1.5,9.98,2.66,5.58,2.89,0.0,0.0
20.75,76.25,Nandura,Maharashtra,0.0,0.0,0.16,0.0,0.11,2.82,14.59,2.13,4.38,2.99,0.0,0.0
20.75,76.5,Khamgaon,Maharashtra,0.0,0.0,0.01,0.0,0.2,3.17,11.46,3.07,3.85,1.87,0.0,0.0
20.75,76.75,Shegaon,Maharashtra,0.0,0.0,0.02,0.0,0.49,6.03,12.86,3.58,4.05,2.69,0.0,0.0
20.75,77.0,Akola,Maharashtra,0.0,0.0,0.03,0.0,0.55,5.92,14.68,3.8,4.55,3.54,0.0,0.0
20.75,77.25,Akola,Maharashtra,0.0,0.0,0.0,0.0,0.16,4.98,15.96,4.26,6.17,4.88,0.0,0.0
20.75,77.5,Unknown,Maharashtra,0.02,0.0,0.1,0.0,0.8,3.08,14.01,3.53,6.21,2.92,0.0,0.0
20.75,77.75,Nandgaon-Khandeshwar,Maharashtra,0.01,0.0,0.37,0.0,1.26,3.32,14.05,3.48,5.84,4.53,0.0,0.0
20.75,78.0,Chandur Railway,Maharashtra,0.0,0.01,2.44,0.0,0.24,3.22,15.14,1.83,3.23,3.44,0.0,0.0
20.75,78.25,Dhamangaon Railway,Maharashtra,0.01,0.31,1.34,0.0,0.28,5.8,15.58,4.75,4.06,1.29,0.0,0.0
20.75,78.5,Wardha,Maharashtra,0.0,0.23,1.14,0.0,0.62,5.51,16.39,5.23,4.49,1.58,0.0,0.0
20.75,78.75,Seloo,Maharashtra,0.0,0.01,0.53,0.05,0.54,3.19,16.0,5.3,8.03,3.43,0.0,0.0
20.75,79.0,Unknown,Maharashtra,0.15,0.46,1.74,0.04,0.54,3.07,14.08,4.37,6.87,2.31,0.0,0.0
20.75,79.25,Bhiwapur Taluka,Maharashtra,0.15,0.88,1.58,0.0,0.51,3.55,11.97,3.82,6.02,2.27,0.0,0.0
20.75,79.5,Bhiwapur Taluka,Maharashtra,0.0,0.86,0.88,0.03,0.69,4.04,12.32,4.09,7.61,3.72,0.0,0.0
20.75,79.75,Lakhandur Taluka,Maharashtra,0.0,0.27,1.02,0.38,0.4,3.98,12.85,4.88,10.38,5.31,0.0,0.0
20.75,80.0,Arjuni Morgaon Taluka,Maharashtra,0.0,0.08,0.47,0.28,0.05,5.24,18.01,8.11,14.25,4.84,0.0,0.0
20.75,80.25,Arjuni Morgaon Taluka,Maharashtra,0.0,0.0,0.49,0.11,0.02,6.02,12.89,8.61,11.22,3.3,0.0,0.0
20.75,80.5,Korchi Taluka,Maharashtra,0.24,0.0,1.65,0.12,0.08,5.44,10.04,5.82,10.6,7.68,0.0,0.0
20.75,80.75,Ambagarh Tahsil,Chhattisgarh,0.82,0.0,2.65,0.05,0.16,11.69,10.17,7.27,13.43,6.86,0.0,0.0
20.75,81.0,Dondi Luhara Tahsil,Chhattisgarh,0.44,0.0,1.51,0.01,0.88,8.63,8.51,5.99,11.28,5.75,0.0,0.0
20.75,81.25,Balod Tahsil,Chhattisgarh,0.3,0.0,0.93,0.32,1.81,7.55,9.0,5.68,12.24,3.01,0.0,0.0
20.75,81.5,Dhamtari Tahsil,Chhattisgarh,0.23,0.0,0.66,0.27,0.73,5.81,8.98,6.51,12.03,2.54,0.0,0.0
20.75,81.75,Dhamtari Tahsil,Chhattisgarh,0.24,0.04,0.44,0.1,0.54,3.44,8.27,8.55,10.56,3.36,0.0,0.0
20.75,82.0,Chhura Tahsil,Chhattisgarh,0.22,0.11,0.41,0.06,0.48,3.4,9.06,7.71,9.6,3.58,0.0,0.0
20.75,82.25,Chhura Tahsil,Chhattisgarh,0.03,0.31,0.18,0.0,0.43,3.7,11.32,4.74,9.31,3.65,0.0,0.0
20.75,82.5,Nuapada,Odisha,0.08,0.82,0.17,0.08,0.6,2.57,8.23,6.53,10.87,3.03,0.0,0.0
20.75,82.75,Khaprakhol,Odisha,0.06,0.85,0.12,0.08,0.61,2.73,7.33,7.97,12.85,2.9,0.01,0.0
20.75,83.0,Patnagarh,Odisha,0.05,0.14,0.3,0.09,1.42,3.6,8.61,8.98,12.71,2.86,0.02,0.0
20.75,83.25,Balangir,Odisha,0.0,0.0,0.58,0.56,1.34,2.07,11.7,12.07,10.83,1.59,0.0,0.0
20.75,83.5,Balangir,Odisha,0.01,0.09,0.06,0.06,0.26,3.81,8.07,14.7,11.68,2.56,0.0,0.0
20.75,83.75,Tarbha,Odisha,0.02,0.74,0.09,0.01,0.31,1.78,6.21,14.58,9.36,1.69,0.0,0.0
20.75,84.0,Manamunda,Odisha,0.0,0.43,0.16,1.46,0.72,2.99,7.0,11.72,8.99,1.62,0.0,0.0
20.75,84.25,Baudh Sadar,Odisha,0.0,2.71,0.73,0.25,0.15,2.49,6.84,12.21,8.32,4.52,0.0,0.0
20.75,84.5,Athmallik,Odisha,0.02,0.93,0.22,0.1,0.58,3.06,6.09,9.74,9.47,2.53,0.0,0.0
20.75,84.75,Purunakot,Odisha,0.01,0.4,0.81,0.41,3.36,4.62,7.08,11.45,5.98,4.62,0.84,0.0
20.75,85.0,Bantala,Odisha,0.0,0.71,0.49,0.19,2.22,3.37,10.09,10.11,4.04,4.21,0.76,0.0
20.75,85.25,Bhusan Steel Limited,Odisha,0.0,0.41,0.42,0.3,2.28,5.57,12.22,10.65,4.7,2.38,0.41,0.0
20.75,85.5,Dhenkanal Sadar,Odisha,0.0,1.82,0.32,0.89,4.13,4.45,11.51,9.95,4.53,2.72,0.73,0.0
20.75,85.75,Gandia,Odisha,0.0,1.27,0.07,0.44,3.28,6.55,9.81,10.84,8.66,3.35,0.96,0.0
20.75,86.0,Nihalprasad,Odisha,0.0,1.19,0.03,1.43,3.86,7.03,7.88,13.76,9.63,3.14,1.94,0.0
20.75,86.25,Jajpur Sadar,Odisha,0.0,0.29,0.1,0.23,4.6,6.19,6.69,13.97,6.15,3.41,2.14,0.0
20.75,86.5,Binjharpur,Odisha,0.03,0.48,0.3,0.11,7.07,6.64,6.88,17.88,9.0,5.02,2.93,0.0
20.75,86.75,Rajkanika,Odisha,0.05,0.54,0.24,0.17,6.52,6.65,6.77,16.64,9.75,4.82,2.6,0.0
20.75,87.0,Rajnagar,Odisha,0.05,0.57,0.24,0.18,6.42,6.72,6.79,16.55,9.92,4.74,2.53,0.0
21.0,70.0,Junagadh,Gujarat,0.0,0.0,0.11,0.0,0.0,1.48,6.59,6.59,3.4,3.63,0.0,0.0
21.0,70.25,Patan Veraval Taluka,Gujarat,0.0,0.0,0.03,0.0,0.0,2.68,6.6,7.37,4.2,3.25,0.0,0.0
21.0,70.5,Talala Taluka,Gujarat,0.0,0.0,0.0,0.0,0.0,3.87,10.4,11.63,5.64,3.48,0.0,0.0
21.0,70.75,Amreli,Gujarat,0.0,0.0,0.0,0.0,0.0,4.08,10.54,11.65,6.82,2.48,0.0,0.0
21.0,71.0,Amreli,Gujarat,0.0,0.0,0.0,0.0,0.34,3.07,8.31,7.09,8.55,2.05,0.0,0.0
21.0,71.25,Khambha Taluka,Gujarat,0.0,0.0,0.0,0.0,0.31,1.58,8.42,5.34,9.44,2.43,0.0,0.0
21.0,71.5,Rajula Taluka,Gujarat,0.0,0.0,0.0,0.0,0.05,1.59,9.93,5.55,9.54,2.43,0.0,0.0
21.0,72.75,Jalalpore Taluka,Gujarat,0.0,0.0,0.08,0.0,0.0,1.66,14.13,10.23,15.56,3.56,0.0,0.0
21.0,73.0,Navsari Taluka,Gujarat,0.0,0.0,0.0,0.0,0.0,0.3,11.56,11.2,7.64,3.79,0.0,0.0
21.0,73.25,Valod Taluka,Gujarat,0.0,0.0,0.13,0.0,0.0,0.23,12.79,12.05,8.34,3.92,0.0,0.0
21.0,73.5,Vyara Taluka,Gujarat,0.0,0.0,0.08,0.0,0.0,0.63,12.35,11.68,6.45,2.8,0.0,0.0
21.0,73.75,Subir Taluka,Gujarat,0.0,0.0,0.0,0.0,0.0,1.4,10.26,9.38,4.53,2.71,0.0,0.0
21.0,74.0,Sakri Taluka,Maharashtra,0.0,0.0,0.13,0.0,0.01,3.27,7.71,3.57,4.47,2.86,0.0,0.0
21.0,74.25,Sakri Taluka,Maharashtra,0.0,0.0,0.09,0.0,0.02,3.94,6.31,1.82,4.41,3.15,0.0,0.0
21.0,74.5,Dhule Taluka,Maharashtra,0.0,0.0,0.31,0.0,0.22,2.53,3.81,1.86,2.55,2.71,0.0,0.0
21.0,74.75,Dhule Taluka,Maharashtra,0.0,0.0,0.53,0.0,0.3,1.72,4.4,2.16,2.77,2.59,0.0,0.0
21.0,75.0,Amalner,Maharashtra,0.0,0.0,0.74,0.0,0.21,1.13,6.46,2.99,4.52,2.34,0.0,0.0
21.0,75.25,Dharangaon,Maharashtra,0.0,0.0,0.03,0.01,0.0,2.9,10.31,3.32,6.13,2.12,0.0,0.0
21.0,75.5,Erandol,Maharashtra,0.0,0.0,0.03,0.04,0.02,1.72,10.36,3.63,6.08,1.18,0.0,0.0
21.0,75.75,Bhusawal,Maharashtra,0.0,0.0,0.02,0.0,0.23,0.71,8.1,2.94,4.49,2.56,0.0,0.0
21.0,76.0,Muktainagar (Edlabad),Maharashtra,0.0,0.0,0.01,0.0,0.25,1.51,9.24,2.42,4.86,3.07,0.0,0.0
21.0,76.25,Muktainagar (Edlabad),Maharashtra,0.0,0.0,0.06,0.0,0.03,2.91,13.69,2.24,4.28,2.35,0.0,0.0
21.0,76.5,Jalgaon Jamod,Maharashtra,0.0,0.0,0.0,0.0,0.0,2.04,10.55,2.12,4.32,2.64,0.0,0.0
21.0,76.75,Sangrampur,Maharashtra,0.0,0.0,0.0,0.0,0.01,6.15,10.49,2.58,3.44,1.89,0.0,0.0
21.0,77.0,Akot,Maharashtra,0.0,0.0,0.0,0.0,0.05,3.84,13.69,3.26,3.52,1.68,0.0,0.0
21.0,77.25,Unknown,Maharashtra,0.0,0.0,0.02,0.0,0.12,3.59,14.56,3.23,5.2,2.69,0.0,0.0
21.0,77.5,Unknown,Maharashtra,0.02,0.0,0.17,0.0,0.52,2.79,13.83,3.4,7.11,1.79,0.0,0.0
21.0,77.75,Amravati,Maharashtra,0.03,0.0,0.33,0.0,0.96,4.34,13.93,3.07,6.07,3.03,0.0,0.0
21.0,78.0,Teosa,Maharashtra,0.0,0.0,1.01,0.0,0.69,4.5,13.92,2.32,5.33,2.7,0.0,0.0
21.0,78.25,Arvi,Maharashtra,0.02,0.04,0.82,0.0,0.47,3.9,14.62,2.96,4.83,0.84,0.0,0.0
21.0,78.5,Karanja,Maharashtra,0.01,0.08,0.95,0.06,0.52,4.32,14.23,3.5,4.68,1.27,0.0,0.0
21.0,78.75,Unknown,Maharashtra,0.0,0.0,1.08,0.42,0.23,3.62,11.58,2.08,3.77,1.8,0.0,0.0
21.0,79.0,Unknown,Maharashtra,0.07,0.31,1.19,0.07,0.33,4.93,12.46,3.27,4.45,2.34,0.0,0.0
21.0,79.25,Kuhi Taluka,Maharashtra,0.01,0.49,1.34,0.05,0.31,5.72,12.55,4.54,5.77,3.07,0.0,0.0
21.0,79.5,Kuhi Taluka,Maharashtra,0.0,0.35,0.6,0.17,0.72,4.61,16.65,4.36,11.53,2.51,0.0,0.0
21.0,79.75,Pauni Taluka,Maharashtra,0.0,0.09,1.28,0.2,1.16,2.78,12.61,6.67,9.38,3.54,0.0,0.0
21.0,80.0,Sakoli Taluka,Maharashtra,0.0,0.15,0.93,0.19,1.19,3.99,18.76,8.41,12.82,3.62,0.0,0.0
21.0,80.25,Sadak-Arjuni Taluka,Maharashtra,0.0,0.01,0.85,0.03,1.18,5.14,22.85,6.45,13.8,2.47,0.0,0.0
21.0,80.5,Chhuriya Tahsil,Chhattisgarh,0.0,0.0,1.58,0.22,0.21,5.93,10.95,7.3,9.8,4.65,0.0,0.0
21.0,80.75,Dongargaon Tahsil,Chhattisgarh,0.15,0.0,1.85,0.45,0.26,6.47,8.87,7.63,9.87,5.59,0.0,0.0
21.0,81.0,Dondi Luhara Tahsil,Chhattisgarh,0.16,0.0,1.3,0.21,6.41,7.46,8.55,7.75,10.91,4.0,0.0,0.0
21.0,81.25,Gunderdehi Tahsil,Chhattisgarh,0.09,0.0,0.58,0.1,26.49,6.02,10.64,7.4,11.24,3.92,0.0,0.0
21.0,81.5,Patan Tahsil,Chhattisgarh,0.17,0.0,0.49,0.03,0.99,3.82,10.15,8.02,12.72,2.9,0.0,0.0
21.0,81.75,Kurud Tahsil,Chhattisgarh,0.26,0.07,0.38,0.01,0.75,3.74,9.27,8.01,13.08,2.3,0.0,0.0
21.0,82.0,Rajim Tahsil,Chhattisgarh,0.44,0.19,0.41,0.01,0.76,4.03,10.81,7.11,11.77,3.76,0.0,0.0
21.0,82.25,Bagbahra Tahsil,Chhattisgarh,0.3,0.05,0.77,0.0,0.19,2.96,10.77,5.11,8.98,3.11,0.0,0.0
21.0,82.5,Bagbahra Tahsil,Chhattisgarh,0.11,0.03,0.47,0.0,1.02,3.74,7.39,5.12,10.35,3.4,0.0,0.0
21.0,82.75,Jharbandha,Odisha,0.06,0.07,0.13,0.0,0.68,3.3,6.65,4.59,13.56,2.51,0.0,0.0
21.0,83.0,Paikamal,Odisha,0.23,0.18,0.19,0.0,1.68,5.38,8.84,6.53,10.0,1.54,0.0,0.0
21.0,83.25,Gaisilet,Odisha,0.17,0.34,0.28,0.08,0.35,3.29,6.04,9.73,8.97,1.06,0.0,0.0
21.0,83.5,Dunguripali,Odisha,0.21,0.41,0.03,0.1,0.38,1.8,4.29,9.82,12.78,2.52,0.0,0.0
21.0,83.75,Binika,Odisha,0.07,0.85,0.06,0.05,0.46,1.87,6.19,13.58,11.12,2.23,0.0,0.0
21.0,84.0,Biramaharajpur,Odisha,0.06,0.2,0.29,1.06,0.21,2.79,7.46,19.14,4.98,1.95,0.0,0.0
21.0,84.25,Rairakhol,Odisha,0.02,0.36,0.92,0.85,0.04,4.97,10.38,16.47,6.33,4.82,0.0,0.0
21.0,84.5,Kishorenagar,Odisha,0.06,0.31,0.09,0.12,0.84,3.42,6.33,8.15,8.58,1.25,0.0,0.0
21.0,84.75,Handapa,Odisha,0.1,0.27,0.15,0.26,3.18,4.99,7.13,12.92,8.95,3.09,1.04,0.0
21.0,85.0,Kaniha,Odisha,0.0,0.42,0.7,0.44,2.63,3.84,11.09,13.1,2.88,2.55,0.14,0.0
21.0,85.25,Talcher Sadar,Odisha,0.0,0.95,0.8,0.36,2.68,4.01,12.29,12.05,3.02,1.65,0.27,0.0
21.0,85.5,Kankadahad,Odisha,0.0,1.58,0.38,0.66,4.74,4.07,11.83,11.47,6.33,2.75,0.3,0.0
21.0,85.75,Kaliapani,Odisha,0.0,0.51,0.35,0.48,5.68,6.33,9.76,13.12,9.96,2.14,0.23,0.0
21.0,86.0,Kalinganagar,Odisha,0.0,2.01,0.15,0.14,6.11,7.4,10.4,12.6,11.24,3.16,1.85,0.0
21.0,86.25,Korai,Odisha,0.0,0.58,0.01,0.17,6.5,7.63,9.08,9.28,6.91,3.56,1.75,0.0
21.0,86.5,Bhadrak Rural,Odisha,0.03,0.36,0.21,0.16,6.62,7.07,7.58,12.6,7.29,4.18,2.14,0.0
21.0,86.75,Naikanidihi,Odisha,0.02,1.3,0.22,0.32,6.42,6.35,7.51,12.8,8.34,5.26,2.57,0.0
21.25,69.75,Junagadh,Gujarat,0.0,0.0,0.07,0.0,0.0,1.72,6.19,7.19,2.43,3.39,0.0,0.0
21.25,70.0,Porbandar Taluka,Gujarat,0.0,0.0,0.09,0.0,0.0,1.15,7.51,6.97,3.74,4.05,0.0,0.0
21.25,70.25,Keshhod Taluka,Gujarat,0.0,0.0,0.0,0.0,0.0,1.16,8.27,7.6,4.88,5.15,0.0,0.0
21.25,70.5,Mendarda Taluka,Gujarat,0.0,0.0,0.0,0.0,0.0,2.77,8.38,11.11,7.87,4.83,0.0,0.0
21.25,70.75,Visavadar Taluka,Gujarat,0.0,0.0,0.0,0.0,0.0,2.09,7.28,11.64,11.39,5.08,0.0,0.0
21.25,71.0,Dhari Taluka,Gujarat,0.0,0.0,0.0,0.0,0.12,2.86,3.27,4.4,6.93,2.41,0.0,0.0
21.25,71.25,Khambha Taluka,Gujarat,0.0,0.0,0.0,0.0,0.11,1.94,3.97,3.97,7.1,3.23,0.0,0.0
21.25,71.5,Savar Kundla Taluka,Gujarat,0.0,0.0,0.0,0.0,0.0,1.58,8.4,4.9,8.4,2.51,0.0,0.0
21.25,71.75,Mahuva Taluka,Gujarat,0.0,0.0,0.0,0.0,0.0,1.22,8.07,5.49,8.44,1.79,0.0,0.0
21.25,72.0,Talaja Taluka,Gujarat,0.0,0.0,0.0,0.0,0.0,0.73,7.68,6.58,6.64,1.28,0.0,0.0
21.25,72.5,Unknown,Unknown,0.0,0.0,0.16,0.0,0.0,3.26,10.52,5.26,4.96,4.16,0.0,0.0
21.25,72.75,Chorasi Taluka,Gujarat,0.0,0.0,0.11,0.0,0.0,3.64,12.85,6.96,5.28,5.17,0.0,0.0
21.25,73.0,Kamrej Taluka,Gujarat,0.0,0.0,0.04,0.0,0.0,2.76,10.26,7.51,8.06,2.7,0.0,0.0
21.25,73.25,Mandvi Taluka,Gujarat,0.0,0.0,0.02,0.0,0.0,0.11,12.43,11.54,6.31,1.21,0.0,0.0
21.25,73.5,Songadh Taluka,Gujarat,0.0,0.0,0.0,0.0,0.0,1.68,11.79,11.24,6.7,2.41,0.0,0.0
21.25,73.75,Uchchhal Taluka,Gujarat,0.0,0.0,0.0,0.0,0.0,1.57,10.37,10.15,5.04,2.51,0.0,0.0
21.25,74.0,Navapur Taluka,Maharashtra,0.0,0.0,0.03,0.0,0.03,2.22,9.14,6.16,5.05,1.66,0.0,0.0
21.25,74.25,Nandurbar Taluka,Maharashtra,0.0,0.0,0.05,0.0,0.03,2.33,9.67,5.31,5.23,1.83,0.0,0.0
21.25,74.5,Shindkheda Taluka,Maharashtra,0.0,0.0,0.05,0.0,0.0,2.34,3.48,3.75,4.39,2.06,0.0,0.0
21.25,74.75,Shindkheda Taluka,Maharashtra,0.0,0.0,0.06,0.0,0.01,2.6,3.83,3.87,4.34,1.86,0.0,0.0
21.25,75.0,Shirpur Taluka,Maharashtra,0.0,0.0,0.28,0.0,0.08,4.55,8.33,3.61,3.89,1.75,0.0,0.0
21.25,75.25,Chopda,Maharashtra,0.0,0.0,0.03,0.0,0.0,6.22,10.84,4.12,3.95,1.45,0.0,0.0
21.25,75.5,Chopda,Maharashtra,0.0,0.0,0.09,0.01,0.02,1.48,11.04,3.69,6.93,1.35,0.0,0.0
21.25,75.75,Yawal,Maharashtra,0.0,0.0,0.05,0.0,0.07,1.17,10.98,2.54,8.61,2.18,0.0,0.0
21.25,76.0,Raver,Maharashtra,0.0,0.0,0.0,0.0,0.12,1.32,11.44,2.29,7.79,2.47,0.0,0.0
21.25,76.25,Burhanpur Tahsil,Madhya Pradesh,0.0,0.0,0.0,0.0,0.05,1.11,13.38,3.45,6.77,1.72,0.0,0.0
21.25,76.5,Khaknar Tahsil,Madhya Pradesh,0.0,0.0,0.0,0.0,0.0,1.26,12.61,3.36,5.59,1.51,0.0,0.0
21.25,76.75,Unknown,Maharashtra,0.0,0.0,0.0,0.0,0.0,4.13,11.62,2.78,3.46,1.65,0.0,0.0
21.25,77.0,Chikhaldara,Maharashtra,0.0,0.0,0.15,0.0,0.1,3.59,14.78,4.33,3.6,1.34,0.0,0.0
21.25,77.25,Chikhaldara,Maharashtra,0.0,0.0,0.47,0.0,0.16,3.52,17.51,4.86,4.76,2.47,0.0,0.0
21.25,77.5,Achalpur,Maharashtra,0.0,0.0,0.6,0.0,0.2,3.18,15.38,3.69,11.58,1.92,0.0,0.0
21.25,77.75,Chandurbazar,Maharashtra,0.0,0.0,0.35,0.0,0.51,3.38,17.65,3.8,8.47,2.18,0.0,0.0
21.25,78.0,Unknown,Maharashtra,0.0,0.0,0.28,0.0,0.6,4.19,15.23,3.32,6.39,2.54,0.0,0.0
21.25,78.25,Unknown,Maharashtra,0.0,0.0,0.52,0.0,0.38,4.11,11.92,2.88,5.21,2.14,0.0,0.0
21.25,78.5,Katol,Maharashtra,0.0,0.0,0.75,0.02,0.37,4.24,12.14,2.86,5.17,2.24,0.0,0.0
21.25,78.75,Katol,Maharashtra,0.0,0.0,1.06,0.03,0.23,3.97,15.49,3.21,4.09,2.92,0.0,0.0
21.25,79.0,Nagpur Rural Taluka,Maharashtra,0.0,0.36,0.42,0.12,0.18,5.33,12.51,3.42,3.64,3.26,0.0,0.0
21.25,79.25,Parseoni,Maharashtra,0.0,0.28,0.36,0.36,0.22,5.11,13.29,4.76,4.96,3.13,0.0,0.0
21.25,79.5,Mauda Taluka,Maharashtra,0.0,0.17,0.38,0.22,0.6,1.68,14.15,5.45,4.35,1.87,0.0,0.0
21.25,79.75,Mohadi Taluka,Maharashtra,0.0,0.05,1.06,0.13,1.03,2.9,13.82,7.19,7.24,2.28,0.0,0.0
21.25,80.0,Tiroda Taluka,Maharashtra,0.0,0.07,1.26,0.54,0.81,3.54,12.58,11.15,12.94,2.25,0.0,0.0
21.25,80.25,Goregaon Taluka,Maharashtra,0.0,0.0,0.89,0.14,0.59,5.48,13.83,11.79,18.6,2.86,0.0,0.0
21.25,80.5,Salekasa Taluka,Maharashtra,0.0,0.0,1.57,0.09,0.09,6.55,10.99,9.17,9.59,2.01,0.0,0.0
21.25,80.75,Dongargarh Tahsil,Chhattisgarh,0.12,0.0,1.56,0.34,0.32,6.39,9.33,8.15,9.06,3.46,0.0,0.0
21.25,81.0,Khairagarh Tahsil,Chhattisgarh,0.0,0.0,0.72,0.06,10.4,7.03,8.38,8.12,10.9,2.03,0.0,0.0
21.25,81.25,Durg Tahsil,Chhattisgarh,0.07,0.0,0.55,0.06,44.35,5.82,10.92,7.61,11.08,4.05,0.0,0.0
21.25,81.5,Dhamdha Tahsil,Chhattisgarh,0.1,0.0,0.54,0.09,2.43,5.02,11.95,7.29,10.96,5.33,0.0,0.0
21.25,81.75,Raipur Tahsil,Chhattisgarh,0.09,0.03,0.28,0.0,1.02,5.07,8.1,5.24,9.59,2.39,0.0,0.0
21.25,82.0,Arang Tahsil,Chhattisgarh,0.39,0.14,0.38,0.0,0.75,4.33,10.12,6.64,10.4,3.38,0.0,0.0
21.25,82.25,Mahasamund Tahsil,Chhattisgarh,0.32,0.08,0.67,0.0,0.41,3.6,10.29,5.75,9.84,3.3,0.0,0.0
21.25,82.5,Pithora Tahsil,Chhattisgarh,0.17,0.01,0.56,0.0,0.75,3.66,7.87,5.11,10.34,3.11,0.0,0.0
21.25,82.75,Pithora Tahsil,Chhattisgarh,0.1,0.14,0.34,0.01,0.68,3.89,6.86,5.56,11.04,2.67,0.0,0.0
21.25,83.0,Saraipali Tahsil,Chhattisgarh,0.22,0.65,0.46,0.01,0.69,4.22,6.34,7.61,9.43,1.72,0.0,0.0
21.25,83.25,Sohela,Odisha,0.32,1.03,0.46,0.03,0.69,3.26,5.51,7.87,8.81,1.39,0.01,0.0
21.25,83.5,Barapali,Odisha,0.2,0.79,0.31,0.19,0.76,3.27,6.32,10.95,9.96,1.74,0.03,0.0
21.25,83.75,Bheden,Odisha,0.37,0.15,0.04,0.29,1.55,2.55,5.86,16.55,9.42,2.46,0.0,0.0
21.25,84.0,Dhama,Odisha,0.28,0.11,0.09,0.48,0.93,2.31,6.6,18.06,7.28,2.07,0.0,0.0
21.25,84.25,Rairakhol,Odisha,0.25,0.2,0.39,0.0,0.15,2.31,12.42,15.87,7.28,3.21,0.0,0.0
21.25,84.5,Naktideul,Odisha,0.02,0.14,0.22,0.04,0.4,4.25,9.13,8.18,6.28,2.22,0.0,0.0
21.25,84.75,Naktideul,Odisha,0.0,0.0,1.43,0.01,0.16,3.04,7.74,9.65,3.01,3.36,0.0,0.0
21.25,85.0,Rengali Damsite,Odisha,0.13,0.76,0.68,1.17,1.17,4.6,9.73,15.72,3.54,3.63,0.47,0.0
21.25,85.25,Khamar,Odisha,0.06,2.11,1.07,1.0,3.48,5.02,12.94,14.1,3.77,2.96,0.23,0.0
21.25,85.5,Telkoi,Odisha,0.12,2.38,0.68,0.17,4.22,5.17,10.2,8.58,6.55,1.87,0.01,0.0
21.25,85.75,Harichandanpur,Odisha,0.04,2.53,0.54,0.34,4.49,7.67,10.41,11.67,7.02,3.9,0.0,0.0
21.25,86.0,Ghasipura,Odisha,0.15,2.38,0.35,0.27,5.05,7.42,10.67,11.87,7.28,3.76,0.5,0.0
21.25,86.25,Soso,Odisha,0.17,1.15,0.41,1.07,6.71,6.68,10.23,10.0,9.24,4.71,1.19,0.0
21.25,86.5,Khaira,Odisha,0.26,1.36,0.53,0.49,7.24,5.48,8.76,10.94,11.82,5.53,1.96,0.0
21.25,86.75,Soro,Odisha,0.06,2.24,0.23,0.5,5.86,5.56,8.18,9.76,9.54,5.68,2.28,0.0
21.5,69.5,Unknown,Unknown,0.0,0.0,0.0,0.0,0.0,2.68,4.7,8.64,1.07,1.93,0.0,0.0
21.5,69.75,Porbandar Taluka,Gujarat,0.0,0.0,0.0,0.0,0.0,2.62,4.89,8.56,1.33,2.26,0.0,0.0
21.5,70.0,Manavadar Taluka,Gujarat,0.0,0.0,0.0,0.0,0.0,1.33,7.51,8.94,3.26,4.7,0.0,0.0
21.5,70.25,Vanthali Taluka,Gujarat,0.0,0.0,0.0,0.0,0.0,1.89,5.46,12.72,6.61,7.11,0.0,0.0
21.5,70.5,Junagadh Taluka,Gujarat,0.0,0.0,0.0,0.0,0.0,1.52,5.59,11.98,8.19,5.6,0.0,0.0
21.5,70.75,Bhesan Taluka,Gujarat,0.0,0.0,0.0,0.0,0.0,1.85,4.37,9.41,7.16,2.91,0.0,0.0
21.5,71.0,Amreli Taluka,Gujarat,0.0,0.0,0.0,0.0,0.09,1.25,3.46,6.05,8.17,2.22,0.0,0.0
21.5,71.25,Amreli Taluka,Gujarat,0.0,0.0,0.0,0.0,0.19,0.42,7.66,4.34,11.01,3.28,0.0,0.0
21.5,71.5,Gariadhar Taluka,Gujarat,0.0,0.0,0.0,0.0,0.01,0.6,8.58,3.38,4.95,2.38,0.0,0.0
21.5,71.75,Palitana Taluka,Gujarat,0.0,0.0,0.0,0.0,0.0,0.37,8.03,2.84,5.46,4.05,0.0,0.0
21.5,72.0,Sihor Taluka,Gujarat,0.0,0.0,0.0,0.0,0.0,0.51,7.09,5.71,5.93,1.82,0.0,0.0
21.5,72.5,Bharūch,Gujarat,0.0,0.0,0.1,0.0,0.0,1.23,7.39,5.01,4.86,3.01,0.0,0.0
21.5,72.75,Hansot Taluka,Gujarat,0.0,0.0,0.06,0.0,0.0,0.65,6.05,5.24,5.15,2.97,0.0,0.0
21.5,73.0,Mangrol Taluka,Gujarat,0.0,0.0,0.13,0.0,0.0,0.43,9.68,12.48,11.8,5.2,0.0,0.0
21.5,73.25,Valia Taluka,Gujarat,0.0,0.0,0.03,0.0,0.0,0.53,12.19,17.41,8.82,3.8,0.0,0.0
21.5,73.5,Dediapada Taluka,Gujarat,0.0,0.0,0.0,0.0,0.0,1.01,10.25,13.33,8.09,3.15,0.0,0.0
21.5,73.75,Sagbara Taluka,Gujarat,0.0,0.0,0.03,0.0,0.0,1.85,13.83,19.02,10.55,1.09,0.0,0.0
21.5,74.0,Kukarmunda Taluka,Gujarat,0.0,0.0,0.01,0.0,0.01,1.85,7.66,8.38,5.19,1.44,0.0,0.0
21.5,74.25,Nizar Taluka,Gujarat,0.0,0.0,0.05,0.0,0.01,1.96,6.13,4.88,6.59,2.31,0.0,0.0
21.5,74.5,Shahada Taluka,Maharashtra,0.0,0.0,0.05,0.0,0.0,2.22,4.6,3.59,6.61,2.49,0.0,0.0
21.5,74.75,Shahada Taluka,Maharashtra,0.0,0.0,0.0,0.0,0.04,3.06,4.01,3.94,4.91,2.02,0.0,0.0
21.5,75.0,Shirpur Taluka,Maharashtra,0.0,0.0,0.01,0.0,0.02,4.73,6.72,3.75,4.53,2.22,0.0,0.0
21.5,75.25,Varla,Madhya Pradesh,0.0,0.0,0.03,0.0,0.01,4.94,8.92,3.8,4.42,1.87,0.0,0.0
21.5,75.5,Bhagwanpura Tahsil,Madhya Pradesh,0.0,0.0,0.06,0.01,0.0,2.93,10.97,3.63,6.35,1.44,0.0,0.0
21.5,75.75,Jhiranya Tahsil,Madhya Pradesh,0.0,0.0,0.03,0.0,0.03,1.62,11.04,3.15,8.48,2.55,0.0,0.0
21.5,76.0,Nepanagar Tahsil,Madhya Pradesh,0.0,0.0,0.0,0.0,0.06,1.96,10.77,2.94,7.13,2.09,0.0,0.0
21.5,76.25,Nepanagar Tahsil,Madhya Pradesh,0.0,0.0,0.0,0.0,0.01,1.32,14.67,4.65,7.7,1.41,0.0,0.0
21.5,76.5,Nepanagar Tahsil,Madhya Pradesh,0.0,0.0,0.0,0.0,0.01,0.68,13.17,3.99,6.88,1.41,0.0,0.0
21.5,76.75,Khaknar Tahsil,Madhya Pradesh,0.0,0.0,0.27,0.0,0.21,2.45,15.39,5.44,5.49,1.56,0.0,0.0
21.5,77.0,Unknown,Maharashtra,0.0,0.0,0.67,0.0,0.45,3.38,19.85,7.54,5.29,2.13,0.0,0.0
21.5,77.25,Chikhaldara,Maharashtra,0.0,0.0,0.71,0.0,0.54,3.35,21.22,9.03,5.61,2.44,0.0,0.0
21.5,77.5,Bhainsdehi Tahsil,Madhya Pradesh,0.0,0.0,0.27,0.0,0.25,3.36,17.99,7.35,5.6,2.61,0.0,0.0
21.5,77.75,Bhainsdehi Tahsil,Madhya Pradesh,0.0,0.0,0.12,0.0,0.15,2.17,15.46,4.26,4.55,1.71,0.0,0.0
21.5,78.0,Prabhatpattan Tahsil,Madhya Pradesh,0.0,0.0,0.14,0.0,0.07,3.5,12.9,3.74,4.98,2.27,0.0,0.0
21.5,78.25,Unknown,Maharashtra,0.02,0.0,0.24,0.0,0.15,3.74,12.79,3.31,4.94,2.02,0.0,0.0
21.5,78.5,Narkhed,Maharashtra,0.28,0.0,0.72,0.0,1.0,4.25,16.3,3.25,5.74,1.68,0.0,0.0
21.5,78.75,Sausar Tahsil,Madhya Pradesh,0.13,0.08,1.43,0.0,0.64,4.99,16.4,5.0,5.34,2.24,0.0,0.0
21.5,79.0,Parseoni,Maharashtra,0.0,0.42,0.44,0.01,0.13,4.96,13.72,5.3,3.96,3.76,0.0,0.0
21.5,79.25,Ramtek Taluka,Maharashtra,0.0,0.26,0.17,0.02,0.18,4.12,14.83,6.43,3.23,2.77,0.0,0.0
21.5,79.5,Tumsar Taluka,Maharashtra,0.01,0.06,0.41,0.07,0.6,2.49,16.51,7.45,3.64,1.3,0.0,0.0
21.5,79.75,Tumsar Taluka,Maharashtra,0.0,0.1,0.83,0.0,0.8,3.94,15.78,9.81,7.75,1.17,0.0,0.0
21.5,80.0,Tiroda Taluka,Maharashtra,0.0,0.01,1.71,0.08,0.39,2.55,12.59,12.49,8.91,1.17,0.0,0.0
21.5,80.25,Gondiya Taluka,Maharashtra,0.0,0.0,0.49,0.03,0.09,2.99,13.47,10.17,7.98,1.25,0.0,0.0
21.5,80.5,Lanji Tahsil,Madhya Pradesh,0.0,0.0,0.82,0.04,0.11,4.46,12.71,10.0,9.49,1.66,0.0,0.0
21.5,80.75,Chhuikhadan Tahsil,Chhattisgarh,0.0,0.0,1.41,0.17,0.2,5.46,9.77,7.48,4.77,1.38,0.0,0.0
21.5,81.0,Khairagarh Tahsil,Chhattisgarh,0.1,0.05,1.19,0.13,9.29,5.29,9.46,6.88,6.03,2.05,0.0,0.0
21.5,81.25,Dhamdha Tahsil,Chhattisgarh,0.24,0.15,0.73,0.05,9.18,4.32,10.63,5.35,10.35,4.7,0.0,0.0
21.5,81.5,Berla Tahsil,Chhattisgarh,0.17,0.02,0.23,0.03,0.78,4.42,11.3,5.95,10.15,3.07,0.0,0.0
21.5,81.75,Tilda Tahsil,Chhattisgarh,0.32,0.08,0.02,0.0,0.85,4.09,9.47,5.86,5.35,1.64,0.0,0.0
21.5,82.0,Palari Tahsil,Chhattisgarh,0.51,0.07,0.03,0.01,0.64,3.98,9.52,6.76,3.95,1.69,0.0,0.0
21.5,82.25,Palari Tahsil,Chhattisgarh,0.34,0.08,0.27,0.0,0.51,3.26,10.82,6.31,6.26,1.96,0.0,0.0
21.5,82.5,Kasdol Tahsil,Chhattisgarh,0.15,0.22,0.48,0.02,0.53,3.37,8.95,6.85,8.72,2.58,0.0,0.0
21.5,82.75,Pithora Tahsil,Chhattisgarh,0.1,0.48,0.19,0.12,0.48,3.34,7.64,8.35,7.94,1.83,0.0,0.0
21.5,83.0,Sarangarh Tahsil,Chhattisgarh,0.09,0.44,0.24,0.13,0.4,4.0,7.17,9.68,8.02,1.81,0.0,0.0
21.5,83.25,Baramkela Tahsil,Chhattisgarh,0.1,0.34,0.23,0.15,0.29,5.74,8.05,13.03,8.48,1.97,0.0,0.0
21.5,83.5,Bhatli,Odisha,0.12,0.32,0.2,0.13,1.34,2.76,7.67,17.87,9.14,1.7,0.01,0.0
21.5,83.75,Attabira,Odisha,0.16,0.15,0.27,0.15,1.81,3.01,7.68,19.27,9.59,1.95,0.0,0.0
21.5,84.0,Ainthapali,Odisha,0.11,0.13,0.18,0.25,1.58,2.99,5.43,15.64,10.34,1.44,0.0,0.0
21.5,84.25,Jamankira,Odisha,0.07,0.1,0.18,0.17,1.18,2.68,7.33,14.23,9.57,1.54,0.0,0.0
21.5,84.5,Reamal,Odisha,0.13,0.58,0.07,0.04,0.42,2.24,10.03,9.7,7.33,2.06,0.0,0.0
21.5,84.75,Debagarh,Odisha,0.28,1.24,0.13,0.12,0.36,2.38,10.73,11.22,6.43,2.9,0.01,0.0
21.5,85.0,Barkot,Odisha,0.17,0.74,0.75,0.67,1.62,4.01,10.2,14.37,4.66,3.93,0.28,0.0
21.5,85.25,Palalahada,Odisha,0.16,1.55,0.53,0.8,4.46,5.8,6.25,12.53,5.36,2.72,0.3,0.0
21.5,85.5,Kanjipani,Odisha,0.18,2.02,0.51,0.46,4.52,4.22,8.09,9.73,5.75,1.4,0.11,0.0
21.5,85.75,Ghatgaon,Odisha,0.44,1.67,0.02,0.03,5.73,6.52,7.06,16.16,8.73,0.46,0.02,0.0
21.5,86.0,Ghatgaon,Odisha,0.48,1.81,0.07,0.38,5.14,6.37,10.01,12.63,5.86,2.42,0.36,0.0
21.5,86.25,Mahuldiha,Odisha,0.0,1.38,0.21,2.69,4.91,8.84,10.36,8.03,6.8,4.49,0.36,0.0
21.5,86.5,Kaptipada,Odisha,0.01,2.77,0.03,0.46,6.44,6.31,9.08,11.02,10.29,5.56,2.33,0.0
21.5,86.75,Nilagiri,Odisha,0.02,2.45,0.17,0.3,4.52,5.59,8.97,8.6,8.1,4.25,1.77,0.0
21.5,87.0,Baleshwar Sadar,Odisha,0.15,1.0,0.05,0.04,5.62,4.96,9.9,10.91,9.84,8.02,1.51,0.0
21.75,69.25,Unknown,Unknown,0.0,0.0,0.0,0.0,0.0,1.74,4.91,7.78,0.62,1.52,0.0,0.0
21.75,69.5,Porbandar Taluka,Gujarat,0.0,0.0,0.0,0.0,0.0,2.59,4.53,9.01,0.87,1.4,0.0,0.0
21.75,69.75,Ranavav Taluka,Gujarat,0.0,0.0,0.0,0.0,0.0,2.36,4.22,10.61,0.92,1.53,0.0,0.0
21.75,70.0,Kutiyana Taluka,Gujarat,0.0,0.0,0.0,0.0,0.0,0.93,4.6,13.76,2.71,4.07,0.0,0.0
21.75,70.25,Upleta Taluka,Gujarat,0.0,0.0,0.0,0.0,0.0,1.02,1.44,10.84,6.04,1.64,0.0,0.0
21.75,70.5,Dhoraji Taluka,Gujarat,0.0,0.0,0.0,0.0,0.0,0.79,2.47,9.4,6.83,3.99,0.0,0.0
21.75,70.75,Jetpur Taluka,Gujarat,0.0,0.0,0.0,0.0,0.0,1.15,3.23,9.28,4.79,2.56,0.0,0.0
21.75,71.0,Gondal Taluka,Gujarat,0.0,0.0,0.0,0.0,0.26,0.39,5.54,5.19,5.81,3.34,0.0,0.0
21.75,71.25,Babra Taluka,Gujarat,0.0,0.0,0.0,0.0,0.03,1.23,7.29,4.87,3.61,5.26,0.0,0.0
21.75,71.5,Lathi Taluka,Gujarat,0.0,0.0,0.0,0.0,0.0,1.02,3.48,6.99,4.2,5.08,0.0,0.0
21.75,71.75,Sihor Taluka,Gujarat,0.0,0.0,0.0,0.0,0.0,0.78,5.32,4.65,6.1,2.51,0.0,0.0
21.75,72.0,Bhavnagar Taluka,Gujarat,0.0,0.0,0.01,0.0,0.03,0.47,6.03,5.55,6.37,1.24,0.0,0.0
21.75,72.25,Bhavnagar,Gujarat,0.0,0.0,0.01,0.0,0.02,0.58,6.71,5.98,6.17,1.23,0.0,0.0
21.75,72.5,Bharūch,Gujarat,0.0,0.0,0.02,0.0,0.0,0.47,5.89,5.54,5.11,1.73,0.0,0.0
21.75,72.75,Vagra Taluka,Gujarat,0.0,0.0,0.03,0.0,0.0,0.54,5.81,5.01,4.74,2.09,0.0,0.0
21.75,73.0,Bharuch Taluka,Gujarat,0.0,0.0,0.01,0.0,0.0,0.4,4.25,3.45,3.11,2.87,0.0,0.0
21.75,73.25,Jhagadiya Taluka,Gujarat,0.0,0.0,0.0,0.0,0.0,0.53,4.64,4.5,4.97,2.37,0.0,0.0
21.75,73.5,Nandod Taluka,Gujarat,0.0,0.0,0.0,0.0,0.0,0.88,7.87,6.9,7.5,2.72,0.0,0.0
21.75,73.75,Dediapada Taluka,Gujarat,0.0,0.0,0.05,0.0,0.0,1.63,7.92,10.99,5.86,1.32,0.0,0.0
21.75,74.0,Akkalkuwa Taluka,Maharashtra,0.0,0.0,0.1,0.0,0.01,1.55,6.79,8.6,5.9,1.71,0.0,0.0
21.75,74.25,Akrani Taluka,Maharashtra,0.0,0.0,0.11,0.0,0.01,1.61,6.63,6.85,7.16,2.45,0.0,0.0
21.75,74.5,Shahada Taluka,Maharashtra,0.0,0.0,0.06,0.0,0.07,2.04,6.65,6.16,6.54,2.36,0.0,0.0
21.75,74.75,Pansemal Tahsil,Madhya Pradesh,0.0,0.0,0.0,0.0,0.09,4.67,8.61,7.77,5.59,1.55,0.0,0.0
21.75,75.0,Barwani Tahsil,Madhya Pradesh,0.0,0.0,0.0,0.0,0.01,4.46,6.65,4.09,4.49,2.42,0.0,0.0
21.75,75.25,Sendhwa Tahsil,Madhya Pradesh,0.0,0.0,0.0,0.0,0.04,3.72,7.47,5.23,4.8,2.0,0.0,0.0
21.75,75.5,Khargone Tahsil,Madhya Pradesh,0.0,0.0,0.0,0.0,0.01,2.44,9.14,5.33,6.32,2.62,0.0,0.0
21.75,75.75,Bhagwanpura Tahsil,Madhya Pradesh,0.0,0.0,0.0,0.0,0.0,2.69,9.69,4.27,6.97,3.09,0.0,0.0
21.75,76.0,Jhiranya Tahsil,Madhya Pradesh,0.0,0.0,0.0,0.0,0.0,2.79,8.7,3.66,5.66,2.25,0.0,0.0
21.75,76.25,Pandhana Tahsil,Madhya Pradesh,0.0,0.0,0.0,0.0,0.0,2.21,10.27,3.83,5.98,1.77,0.0,0.0
21.75,76.5,Khandwa Tahsil,Madhya Pradesh,0.0,0.0,0.0,0.0,0.0,1.75,13.54,6.45,4.54,1.22,0.0,0.0
21.75,76.75,Khalwa Tahsil,Madhya Pradesh,0.0,0.0,0.15,0.0,0.1,1.99,14.58,8.48,2.54,1.64,0.0,0.0
21.75,77.0,Khalwa Tahsil,Madhya Pradesh,0.0,0.0,0.4,0.0,0.45,3.01,19.77,10.25,4.15,2.28,0.0,0.0
21.75,77.25,Bhimpur Tahsil,Madhya Pradesh,0.07,0.0,0.32,0.0,0.35,3.19,21.59,10.3,5.1,2.05,0.0,0.0
21.75,77.5,Bhimpur Tahsil,Madhya Pradesh,0.04,0.0,0.08,0.0,0.29,3.23,19.58,9.85,4.47,2.28,0.0,0.0
21.75,77.75,Bhainsdehi Tahsil,Madhya Pradesh,0.01,0.0,0.01,0.0,0.05,2.11,15.2,4.92,3.0,1.44,0.0,0.0
21.75,78.0,Betul Tahsil,Madhya Pradesh,0.01,0.0,0.0,0.0,0.01,3.01,17.08,2.87,4.62,0.54,0.0,0.0
21.75,78.25,Multai Tahsil,Madhya Pradesh,0.04,0.0,0.08,0.0,0.14,3.29,16.43,2.9,4.86,0.83,0.0,0.0
21.75,78.5,Pandhurna Tahsil,Madhya Pradesh,0.38,0.06,0.5,0.0,0.92,4.43,18.28,4.48,5.56,1.4,0.0,0.0
21.75,78.75,Sausar Tahsil,Madhya Pradesh,0.53,0.32,0.56,0.0,0.29,6.15,20.69,9.93,4.51,2.31,0.0,0.0
21.75,79.0,Bichhua Tahsil,Madhya Pradesh,0.49,0.4,0.45,0.0,0.07,6.3,20.31,10.6,4.09,2.7,0.0,0.0
21.75,79.25,Kurai Tahsil,Madhya Pradesh,0.25,0.18,0.28,0.0,0.07,3.92,15.71,8.85,3.82,1.52,0.0,0.0
21.75,79.5,Kurai Tahsil,Madhya Pradesh,0.1,0.02,0.21,0.0,0.07,1.32,10.07,7.38,4.99,0.3,0.0,0.0
21.75,79.75,Katangi Tahsil,Madhya Pradesh,0.06,0.12,0.28,0.0,0.1,1.71,9.99,8.92,8.11,1.14,0.0,0.0
21.75,80.0,Waraseoni Tahsil,Madhya Pradesh,0.03,0.1,0.69,0.0,0.13,2.77,10.56,8.48,8.6,1.76,0.0,0.0
21.75,80.25,Kirnapur Tahsil,Madhya Pradesh,0.01,0.0,1.01,0.0,0.14,4.85,11.11,5.54,6.88,2.32,0.0,0.0
21.75,80.5,Birsa Tahsil,Madhya Pradesh,0.13,0.03,0.87,0.04,0.21,4.36,12.29,9.15,6.09,1.34,0.0,0.0
21.75,80.75,Chhuikhadan Tahsil,Chhattisgarh,0.08,0.04,1.06,0.12,0.15,4.06,10.0,7.56,4.26,0.98,0.0,0.0
21.75,81.0,Sahaspur Lohara Tahsil,Chhattisgarh,0.28,0.05,1.0,0.15,0.15,4.18,9.58,6.8,4.44,1.25,0.0,0.0
21.75,81.25,Sahaspur Lohara Tahsil,Chhattisgarh,0.35,0.26,1.14,0.06,0.37,4.07,9.6,4.57,10.2,5.62,0.0,0.0
21.75,81.5,Bemetara Tahsil,Chhattisgarh,0.3,0.12,0.38,0.03,0.38,3.99,10.14,5.67,9.55,2.93,0.0,0.0
21.75,81.75,Simga Tahsil,Chhattisgarh,0.3,0.15,0.02,0.05,0.53,3.78,10.45,5.58,5.8,1.47,0.0,0.0
21.75,82.0,Bhatapara Tahsil,Chhattisgarh,0.28,0.18,0.03,0.04,0.56,3.49,10.54,5.46,4.63,1.27,0.0,0.0
21.75,82.25,Baloda Bazar Tahsil,Chhattisgarh,0.41,0.08,0.27,0.01,0.52,2.51,14.63,10.64,8.75,1.84,0.0,0.0
21.75,82.5,Pamgarh Tahsil,Chhattisgarh,0.17,0.08,0.37,0.06,0.61,2.28,14.4,13.66,9.24,1.8,0.0,0.0
21.75,82.75,Champa Tahsil,Chhattisgarh,0.11,0.35,0.26,0.1,0.41,2.97,9.43,10.89,7.52,1.77,0.0,0.0
21.75,83.0,Malkharoda Tahsil,Chhattisgarh,0.17,0.22,0.17,0.13,0.28,3.7,9.42,17.16,8.61,1.46,0.0,0.0
21.75,83.25,Dabhra Tahsil,Chhattisgarh,0.1,0.23,0.23,0.16,0.34,4.94,7.53,18.94,7.8,1.44,0.0,0.0
21.75,83.5,Rengali,Odisha,0.0,0.95,0.23,0.0,0.53,3.74,5.55,19.25,11.78,0.88,0.0,0.0
21.75,83.75,Lakhanpur,Odisha,0.03,0.44,0.53,0.0,0.81,2.65,8.39,11.84,8.61,1.42,0.0,0.0
21.75,84.0,Thelkoloi,Odisha,0.06,0.68,0.45,0.04,0.84,2.9,6.65,13.32,9.4,1.15,0.0,0.0
21.75,84.25,Katarbaga,Odisha,0.05,0.43,0.26,0.08,1.39,3.98,7.31,13.31,10.0,1.13,0.0,0.0
21.75,84.5,Mahulpalli,Odisha,0.02,0.47,0.0,0.09,1.69,5.64,11.7,9.78,10.13,1.11,0.0,0.0
21.75,84.75,Tikaetpali,Odisha,0.07,0.61,0.06,0.08,0.81,3.08,9.9,10.96,10.68,1.27,0.01,0.0
21.75,85.0,Lahunipara,Odisha,0.09,2.0,0.2,0.6,4.68,4.93,7.06,10.89,5.92,1.81,0.08,0.0
21.75,85.25,Nayakote,Odisha,0.05,1.86,0.15,0.72,5.78,4.8,6.14,10.66,6.03,1.27,0.07,0.0
21.75,85.5,Kendujhar Sadar,Odisha,0.22,1.68,0.22,0.41,5.06,3.76,6.15,11.57,5.38,1.37,0.19,0.0
21.75,85.75,Turumunga,Odisha,0.34,1.71,0.06,0.08,4.93,3.76,5.59,12.51,6.07,1.72,0.21,0.0
21.75,86.0,Karanjia,Odisha,0.28,2.58,0.05,0.12,3.44,7.23,6.72,13.45,8.06,2.06,0.13,0.0
21.75,86.25,Karanjia,Odisha,0.3,2.34,0.15,1.7,2.8,9.03,9.97,9.79,9.1,4.05,0.8,0.0
21.75,86.5,Baripada Sadar,Odisha,0.18,1.82,0.25,0.99,3.28,8.37,9.27,10.2,9.12,5.04,0.83,0.0
21.75,86.75,Barsahi,Odisha,0.15,1.5,0.19,0.09,3.3,5.6,10.51,8.45,8.09,3.43,0.88,0.0
21.75,87.0,Baisinga,Odisha,0.32,0.73,0.05,0.12,5.27,4.7,9.95,11.07,9.56,7.65,1.41,0.0
21.75,87.25,Jaleswar,Odisha,0.11,0.84,0.63,0.48,5.24,6.47,10.81,14.24,8.91,4.07,2.0,0.0
21.75,87.5,Egra-I,West Bengal,0.08,0.85,0.92,0.4,4.95,6.77,9.7,13.69,10.69,6.15,2.59,0.0
21.75,87.75,Contai-I,West Bengal,0.14,1.64,0.66,0.3,4.54,5.74,12.54,13.25,8.27,6.43,2.75,0.0
21.75,88.0,Unknown,Unknown,0.25,2.92,0.19,0.16,3.55,5.86,12.48,15.66,8.48,4.75,1.82,0.0
21.75,88.25,Namkhana,West Bengal,0.26,3.3,0.16,0.14,4.5,6.2,13.3,17.05,8.58,3.67,1.57,0.0
21.75,88.5,Unknown,Unknown,0.21,2.91,0.14,0.13,4.75,6.25,13.8,18.33,8.0,2.68,1.51,0.0
21.75,88.75,Unknown,West Bengal,0.16,2.76,0.17,0.15,5.16,6.96,13.23,16.64,7.69,2.0,1.34,0.0
21.75,89.0,Unknown,Unknown,0.17,2.81,0.17,0.13,5.49,7.13,14.54,16.36,6.01,1.68,1.27,0.0
22.0,69.0,Unknown,Unknown,0.0,0.0,0.02,0.0,0.0,1.05,4.15,7.21,0.25,0.88,0.0,0.0
22.0,69.25,Kalyanpur Taluka,Gujarat,0.0,0.0,0.01,0.0,0.0,1.03,5.14,6.73,0.36,1.55,0.0,0.0
22.0,69.5,Kalyanpur Taluka,Gujarat,0.0,0.0,0.0,0.0,0.0,0.89,6.11,11.74,0.51,1.89,0.0,0.0
22.0,69.75,Bhanvad Taluka,Gujarat,0.0,0.0,0.0,0.0,0.0,0.64,5.35,15.39,0.83,1.58,0.0,0.0
22.0,70.0,Jamjodhpur Taluka,Gujarat,0.0,0.0,0.0,0.0,0.0,0.61,3.67,16.59,1.77,3.68,0.0,0.0
22.0,70.25,Jamjodhpur Taluka,Gujarat,0.0,0.0,0.0,0.0,0.0,0.85,2.71,14.24,2.55,2.17,0.0,0.0
22.0,70.5,Jam Kandoma Taluka,Gujarat,0.0,0.0,0.0,0.0,0.0,0.83,2.72,10.95,3.44,3.99,0.0,0.0
22.0,70.75,Gondal Taluka,Gujarat,0.0,0.0,0.0,0.0,0.0,1.23,3.49,9.59,2.7,1.52,0.0,0.0
22.0,71.0,Gondal Taluka,Gujarat,0.0,0.0,0.0,0.0,0.0,0.26,4.57,6.17,2.4,2.03,0.0,0.0
22.0,71.25,Babra Taluka,Gujarat,0.0,0.0,0.0,0.0,0.0,0.16,6.01,5.28,2.73,3.6,0.0,0.0
22.0,71.5,Gadhada Taluka,Gujarat,0.0,0.0,0.0,0.0,0.0,0.6,4.64,7.37,3.17,5.79,0.0,0.0
22.0,71.75,Vallabhipur Taluka,Gujarat,0.0,0.0,0.0,0.0,0.0,0.98,4.41,5.18,4.77,3.25,0.0,0.0
22.0,72.0,Vallabhipur Taluka,Gujarat,0.0,0.0,0.0,0.0,0.01,0.8,4.39,5.37,4.77,2.54,0.0,0.0
22.0,72.25,Dholera Taluka,Gujarat,0.0,0.0,0.01,0.0,0.03,0.46,6.58,7.16,5.33,1.92,0.0,0.0
22.0,72.5,Bharūch,Gujarat,0.0,0.0,0.03,0.0,0.0,0.43,4.91,6.34,2.89,2.53,0.0,0.0
22.0,72.75,Jambusar Taluka,Gujarat,0.0,0.0,0.09,0.0,0.0,0.31,2.97,3.35,2.74,1.32,0.0,0.0
22.0,73.0,Amod Taluka,Gujarat,0.0,0.0,0.01,0.0,0.0,0.05,3.95,4.72,6.2,2.85,0.0,0.0
22.0,73.25,Karjan Taluka,Gujarat,0.0,0.0,0.0,0.0,0.0,0.32,4.37,6.42,5.68,1.86,0.0,0.0
22.0,73.5,Dabhoi Taluka,Gujarat,0.0,0.0,0.0,0.0,0.0,0.43,6.76,8.21,5.84,2.07,0.0,0.0
22.0,73.75,Nasvadi Taluka,Gujarat,0.0,0.0,0.01,0.0,0.0,0.87,5.79,7.11,5.73,1.75,0.0,0.0
22.0,74.0,Kavant Taluka,Gujarat,0.0,0.0,0.1,0.0,0.01,1.29,7.0,8.9,6.59,1.79,0.0,0.0
22.0,74.25,Sondwa Tehsil,Madhya Pradesh,0.1,0.0,0.1,0.0,0.26,1.66,8.25,8.19,6.9,2.14,0.0,0.0
22.0,74.5,Pati Tahsil,Madhya Pradesh,0.1,0.0,0.02,0.0,0.42,3.18,10.95,9.52,6.89,1.35,0.0,0.0
22.0,74.75,Pati Tahsil,Madhya Pradesh,0.01,0.0,0.0,0.0,0.18,4.64,10.66,10.42,6.63,1.24,0.0,0.0
22.0,75.0,Barwani Tahsil,Madhya Pradesh,0.0,0.0,0.0,0.0,0.17,4.11,10.52,10.32,6.49,1.4,0.0,0.0
22.0,75.25,Thikri Tahsil,Madhya Pradesh,0.0,0.0,0.0,0.0,0.05,1.63,7.77,6.49,4.38,2.11,0.0,0.0
22.0,75.5,Kasrawad Tahsil,Madhya Pradesh,0.0,0.0,0.0,0.0,0.02,2.6,8.47,5.71,5.81,1.81,0.0,0.0
22.0,75.75,Kasrawad Tahsil,Madhya Pradesh,0.0,0.0,0.0,0.0,0.0,2.46,9.61,4.86,6.83,3.16,0.0,0.0
22.0,76.0,Bhikangaon Tahsil,Madhya Pradesh,0.0,0.0,0.0,0.0,0.0,2.59,8.83,4.57,5.84,2.67,0.0,0.0
22.0,76.25,Khandwa Tahsil,Madhya Pradesh,0.0,0.0,0.0,0.0,0.0,2.53,10.73,6.34,3.86,1.68,0.0,0.0
22.0,76.5,Khandwa Tahsil,Madhya Pradesh,0.0,0.0,0.01,0.0,0.03,2.35,14.0,9.11,1.67,1.34,0.0,0.0
22.0,76.75,Harsud Tahsil,Madhya Pradesh,0.01,0.0,0.03,0.0,0.09,2.35,14.29,9.36,0.85,2.05,0.0,0.0
22.0,77.0,Sirali Tahsil,Madhya Pradesh,0.03,0.0,0.05,0.0,0.08,2.37,15.51,9.62,1.48,1.85,0.0,0.0
22.0,77.25,Rehatgarh Tahsil,Madhya Pradesh,0.15,0.0,0.07,0.0,0.13,2.75,21.69,10.89,4.24,1.45,0.0,0.0
22.0,77.5,Bhimpur Tahsil,Madhya Pradesh,0.24,0.0,0.0,0.0,0.0,2.55,23.95,11.37,4.76,0.76,0.0,0.0
22.0,77.75,Betul Tahsil,Madhya Pradesh,0.13,0.0,0.01,0.0,0.03,2.6,20.53,8.29,4.34,0.95,0.0,0.0
22.0,78.0,Betul Tahsil,Madhya Pradesh,0.07,0.0,0.01,0.0,0.01,2.82,19.41,5.59,4.34,0.78,0.0,0.0
22.0,78.25,Amla Tahsil,Madhya Pradesh,0.19,0.0,0.14,0.0,0.24,3.72,24.37,8.23,5.27,1.21,0.0,0.0
22.0,78.5,Jamai Tahsil,Madhya Pradesh,0.41,0.15,0.36,0.0,0.46,4.93,21.5,7.97,5.28,1.64,0.0,0.0
22.0,78.75,Mohkhed Tahsil,Madhya Pradesh,0.55,0.22,0.7,0.0,0.51,5.96,19.67,8.92,4.7,1.84,0.0,0.0
22.0,79.0,Chhindwara Tahsil,Madhya Pradesh,0.56,0.23,0.79,0.0,0.42,6.27,19.68,9.66,4.53,1.84,0.0,0.0
22.0,79.25,Chand Tahsil,Madhya Pradesh,0.43,0.22,0.77,0.0,0.32,4.85,16.31,9.29,4.39,1.12,0.0,0.0
22.0,79.5,Seoni Tahsil,Madhya Pradesh,0.13,0.23,0.33,0.0,0.09,1.36,11.32,8.77,5.24,0.45,0.0,0.0
22.0,79.75,Barghat Tahsil,Madhya Pradesh,0.11,0.2,0.3,0.0,0.08,1.58,10.95,9.05,6.93,0.92,0.0,0.0
22.0,80.0,Lalbarra Tahsil,Madhya Pradesh,0.17,0.08,0.52,0.0,0.07,3.03,12.03,8.8,7.81,1.86,0.0,0.0
22.0,80.25,Balagat Tahsil,Madhya Pradesh,0.19,0.06,0.91,0.02,0.26,4.44,11.81,9.44,6.56,1.47,0.0,0.0
22.0,80.5,Baihar Tahsil,Madhya Pradesh,0.31,0.06,1.05,0.04,0.37,4.93,12.27,10.87,5.85,1.14,0.0,0.0
22.0,80.75,Birsa Tahsil,Madhya Pradesh,0.2,0.09,0.95,0.06,0.21,4.63,10.36,8.44,6.26,1.39,0.0,0.0
22.0,81.0,Bodla Tahsil,Chhattisgarh,0.42,0.19,0.63,0.07,0.04,4.36,7.93,6.19,8.5,2.02,0.0,0.0
22.0,81.25,Kawardha Tahsil,Chhattisgarh,0.7,0.18,0.53,0.07,0.32,3.65,7.45,7.72,8.06,2.14,0.0,0.0
22.0,81.5,Bemetara Tahsil,Chhattisgarh,0.93,0.17,0.4,0.11,0.54,2.86,6.45,9.73,7.01,1.49,0.0,0.0
22.0,81.75,Mungeli Tahsil,Chhattisgarh,0.6,0.08,0.3,0.44,0.86,3.29,10.49,6.39,6.34,1.31,0.0,0.0
22.0,82.0,Takhatpur Tahsil,Chhattisgarh,0.52,0.11,0.3,0.5,0.96,3.27,11.9,6.07,6.42,1.33,0.0,0.0
22.0,82.25,Masturi Tahsil,Chhattisgarh,0.34,0.07,0.38,0.05,0.57,1.73,17.14,13.48,11.8,1.61,0.0,0.0
22.0,82.5,Akaltara Tahsil,Chhattisgarh,0.3,0.07,0.68,0.02,0.49,2.69,14.63,12.08,8.62,2.74,0.0,0.0
22.0,82.75,Champa Tahsil,Chhattisgarh,0.14,0.0,0.39,0.1,0.41,2.69,10.65,17.61,5.17,0.98,0.0,0.0
22.0,83.0,Sakti Tahsil,Chhattisgarh,0.12,0.08,0.23,0.08,0.22,3.12,13.36,16.6,9.94,1.24,0.0,0.0
22.0,83.25,Raigarh Tahsil,Chhattisgarh,0.14,0.1,0.27,0.02,0.38,4.08,11.45,18.57,9.72,1.55,0.0,0.0
22.0,83.5,Raigarh Tahsil,Chhattisgarh,0.0,0.37,0.33,0.0,0.5,6.79,6.22,14.42,7.21,2.64,0.0,0.0
22.0,83.75,Hemgir,Odisha,0.01,0.47,0.53,0.0,0.71,2.84,11.0,7.55,7.59,1.11,0.0,0.0
22.0,84.0,Bhasma,Odisha,0.09,1.04,0.19,0.0,1.26,1.63,9.53,7.83,6.19,0.76,0.0,0.0
22.0,84.25,Dharuadihi,Odisha,0.04,0.71,0.14,0.05,0.82,2.33,10.59,8.34,7.25,1.12,0.0,0.0
22.0,84.5,Govindpur,Odisha,0.02,0.63,0.14,0.06,1.54,3.97,10.35,9.47,10.23,1.35,0.0,0.0
22.0,84.75,Chandiposh,Odisha,0.02,0.74,0.1,0.06,1.23,3.08,9.33,10.49,11.26,1.02,0.0,0.0
22.0,85.0,Kamarposh Balang,Odisha,0.0,2.22,0.09,0.57,3.77,4.56,8.49,10.95,6.84,1.23,0.0,0.0
22.0,85.25,Bolani,Odisha,0.05,2.47,0.15,0.65,4.83,4.54,8.85,12.95,6.33,1.31,0.0,0.0
22.0,85.5,Champua,Odisha,0.14,1.96,0.19,0.44,5.49,3.62,8.96,16.05,7.96,1.09,0.01,0.0
22.0,85.75,Ghagarbeda,Odisha,0.39,1.43,0.33,0.64,3.25,5.14,8.29,13.15,10.53,1.53,0.03,0.0
22.0,86.0,Jashipur,Odisha,0.14,2.63,0.13,0.22,2.12,8.12,6.42,13.58,9.76,1.88,0.11,0.0
22.0,86.25,Jashipur,Odisha,0.15,1.61,0.33,0.63,2.65,8.15,7.71,12.18,10.46,4.51,0.55,0.0
22.0,86.5,Bangiriposi,Odisha,0.05,1.36,0.33,0.9,3.08,8.14,8.11,10.9,9.87,6.22,0.27,0.0
22.0,86.75,Chandua,Odisha,0.41,0.92,0.13,0.19,3.22,5.46,9.98,9.45,8.6,4.86,0.91,0.0
22.0,87.0,Suliapada,Odisha,0.41,0.74,0.24,0.49,3.77,4.95,11.3,10.45,7.66,4.42,0.75,0.0
22.0,87.25,Dantan-I,West Bengal,0.15,0.93,0.7,0.65,4.74,5.79,11.37,11.2,7.5,3.87,0.76,0.0
22.0,87.5,Potashpur-I,West Bengal,0.13,1.38,0.69,0.36,4.93,5.57,10.21,12.43,8.78,5.94,2.63,0.0
22.0,87.75,Bhagwanpur-II,West Bengal,0.41,3.95,0.09,0.07,3.27,5.42,11.31,14.58,7.5,5.1,2.46,0.0
22.0,88.0,Nandigram-I,West Bengal,0.09,2.99,0.29,0.2,3.57,6.03,11.88,16.58,9.42,3.46,0.67,0.0
22.0,88.25,Kulpi,West Bengal,0.27,3.26,0.13,0.14,5.59,6.34,14.32,18.87,7.91,2.28,1.46,0.0
22.0,88.5,Jaynagar - II,West Bengal,0.15,2.56,0.16,0.14,5.07,6.53,13.26,16.78,7.85,1.82,1.44,0.0
22.0,88.75,Twenty-four Parganas,West Bengal,0.14,2.64,0.18,0.12,4.67,7.08,13.97,15.36,5.65,1.64,1.42,0.0
22.0,89.0,Unknown,West Bengal,0.13,2.69,0.2,0.12,4.92,7.16,14.16,15.63,4.99,1.84,1.23,0.0
22.0,93.0,Tipa,Mizoram,0.0,1.71,0.0,0.41,0.42,4.73,24.95,10.09,17.2,2.83,0.37,0.0
22.25,68.75,Unknown,Unknown,0.0,0.0,0.03,0.0,0.0,1.08,3.23,6.62,0.17,0.35,0.0,0.0
22.25,69.0,Okhamandal Taluka,Gujarat,0.0,0.0,0.04,0.0,0.0,1.39,2.68,6.88,0.14,0.14,0.0,0.0
22.25,69.25,Kalyanpur Taluka,Gujarat,0.0,0.0,0.01,0.0,0.0,1.0,4.34,6.94,0.26,0.98,0.0,0.0
22.25,69.5,Khambhalia Taluka,Gujarat,0.0,0.0,0.0,0.0,0.0,0.58,7.13,16.46,0.49,2.52,0.0,0.0
22.25,69.75,Khambhalia Taluka,Gujarat,0.0,0.0,0.0,0.0,0.0,0.48,5.82,16.42,0.52,3.36,0.0,0.0
22.25,70.0,Lalpur Taluka,Gujarat,0.0,0.0,0.0,0.0,0.0,0.54,3.06,12.81,0.57,4.79,0.0,0.0
22.25,70.25,Kalavad Taluka,Gujarat,0.0,0.0,0.0,0.0,0.0,0.94,3.17,14.73,1.05,1.78,0.0,0.0
22.25,70.5,Kalavad Taluka,Gujarat,0.0,0.0,0.0,0.0,0.0,1.11,2.49,11.85,1.78,3.18,0.0,0.0
22.25,70.75,Rajkot South Taluka,Gujarat,0.0,0.0,0.0,0.0,0.0,2.67,3.85,11.15,1.65,2.07,0.0,0.0
22.25,71.0,Rajkot Taluka,Gujarat,0.0,0.0,0.0,0.0,0.0,0.14,1.81,9.46,2.31,1.79,0.0,0.0
22.25,71.25,Vinchhiya Taluka,Gujarat,0.0,0.0,0.0,0.0,0.0,0.06,2.0,8.79,2.22,1.7,0.0,0.0
22.25,71.5,Botad Taluka,Gujarat,0.0,0.0,0.0,0.0,0.0,0.57,2.89,5.75,3.28,4.58,0.0,0.0
22.25,71.75,Ranpur Taluka,Gujarat,0.0,0.0,0.0,0.0,0.0,0.58,3.5,6.24,2.53,3.17,0.0,0.0
22.25,72.0,Dhandhuka Taluka,Gujarat,0.0,0.0,0.0,0.0,0.0,0.51,4.46,6.38,1.94,2.17,0.0,0.0
22.25,72.25,Dholera Taluka,Gujarat,0.0,0.0,0.0,0.0,0.01,0.16,5.4,8.52,1.88,2.41,0.0,0.0
22.25,72.5,Unknown,Unknown,0.0,0.0,0.0,0.0,0.01,0.12,6.4,10.74,2.6,3.86,0.0,0.0
22.25,72.75,Khambhat Taluka,Gujarat,0.0,0.0,0.0,0.0,0.01,0.41,3.53,5.89,2.35,2.06,0.0,0.0
22.25,73.0,Padra Taluka,Gujarat,0.0,0.0,0.0,0.0,0.0,0.36,1.09,4.48,2.68,0.38,0.0,0.0
22.25,73.25,Vadodara Rural Taluka,Gujarat,0.0,0.0,0.0,0.0,0.0,0.77,3.47,8.53,4.44,1.48,0.0,0.0
22.25,73.5,Vagodhia Taluka,Gujarat,0.0,0.0,0.0,0.0,0.0,0.33,6.32,10.73,5.37,1.61,0.0,0.0
22.25,73.75,Bodeli Taluka,Gujarat,0.0,0.0,0.0,0.0,0.0,1.7,8.16,12.2,6.54,0.96,0.0,0.0
22.25,74.0,Chhota Udaipur Taluka,Gujarat,0.0,0.0,0.0,0.0,0.04,0.96,8.43,12.52,6.33,0.79,0.0,0.0
22.25,74.25,Kathiwada Tehsil,Madhya Pradesh,0.15,0.0,0.0,0.0,0.58,1.98,10.87,9.17,7.08,1.84,0.0,0.0
22.25,74.5,Alirajpur Tehsil,Madhya Pradesh,0.18,0.0,0.0,0.0,0.61,2.26,11.15,8.4,6.9,1.71,0.0,0.0
22.25,74.75,Kukshi Tahsil,Madhya Pradesh,0.11,0.0,0.0,0.0,0.14,3.08,10.0,8.49,7.17,1.87,0.0,0.0
22.25,75.0,Manawar Tahsil,Madhya Pradesh,0.0,0.0,0.0,0.0,0.01,2.35,9.26,7.45,7.32,2.91,0.0,0.0
22.25,75.25,Manawar Tahsil,Madhya Pradesh,0.0,0.0,0.0,0.0,0.02,2.24,8.56,6.12,5.82,2.01,0.0,0.0
22.25,75.5,Dharampuri Tahsil,Madhya Pradesh,0.0,0.0,0.0,0.0,0.0,2.68,9.34,6.35,6.37,2.17,0.0,0.0
22.25,75.75,Maheshwar Tahsil,Madhya Pradesh,0.0,0.0,0.0,0.0,0.0,2.98,8.45,6.04,4.99,2.35,0.0,0.0
22.25,76.0,Barwaha Tahsil,Madhya Pradesh,0.01,0.0,0.0,0.0,0.0,2.32,8.24,5.75,5.05,2.45,0.0,0.0
22.25,76.25,Punasa Tahsil,Madhya Pradesh,0.09,0.0,0.0,0.0,0.01,2.68,10.01,8.19,2.77,1.56,0.0,0.0
22.25,76.5,Punasa Tahsil,Madhya Pradesh,0.01,0.0,0.01,0.0,0.06,2.67,13.93,9.3,1.72,1.26,0.0,0.0
22.25,76.75,Harsud Tahsil,Madhya Pradesh,0.01,0.0,0.02,0.0,0.09,2.51,14.35,9.34,1.09,1.89,0.0,0.0
22.25,77.0,Harda Tahsil,Madhya Pradesh,0.03,0.0,0.03,0.0,0.06,3.9,15.67,10.29,2.3,1.42,0.0,0.0
22.25,77.25,Rehatgarh Tahsil,Madhya Pradesh,0.14,0.0,0.03,0.0,0.04,3.23,21.06,11.76,3.91,1.04,0.0,0.0
22.25,77.5,Chicholi Tahsil,Madhya Pradesh,0.17,0.0,0.03,0.0,0.04,3.12,23.47,12.63,5.08,0.78,0.0,0.0
22.25,77.75,Shahpur Tahsil,Madhya Pradesh,0.2,0.0,0.08,0.0,0.06,2.95,26.99,14.29,5.62,0.99,0.0,0.0
22.25,78.0,Ghodadongri Tahsil,Madhya Pradesh,0.33,0.0,0.18,0.0,0.15,4.03,34.66,16.05,5.22,1.77,0.0,0.0
22.25,78.25,Ghodadongri Tahsil,Madhya Pradesh,0.4,0.0,0.23,0.0,0.24,4.41,37.82,18.07,5.93,2.04,0.0,0.0
22.25,78.5,Jamai Tahsil,Madhya Pradesh,0.46,0.03,0.41,0.0,0.27,4.54,32.71,16.55,4.73,2.09,0.0,0.0
22.25,78.75,Parasia Tahsil,Madhya Pradesh,0.51,0.07,0.91,0.0,0.5,5.31,19.18,9.3,4.62,1.51,0.0,0.0
22.25,79.0,Amarwara Tahsil,Madhya Pradesh,0.55,0.01,1.51,0.0,0.9,6.55,15.93,7.42,4.98,0.76,0.0,0.0
22.25,79.25,Amarwara Tahsil,Madhya Pradesh,0.51,0.26,1.23,0.0,0.59,4.72,16.77,8.84,4.56,0.92,0.0,0.0
22.25,79.5,Seoni Tahsil,Madhya Pradesh,0.4,0.6,0.92,0.0,0.23,2.49,18.13,10.97,4.27,0.81,0.0,0.0
22.25,79.75,Seoni Tahsil,Madhya Pradesh,0.26,0.72,0.8,0.0,0.26,1.94,18.4,11.41,3.91,0.55,0.0,0.0
22.25,80.0,Keolari Tahsil,Madhya Pradesh,0.46,0.28,0.54,0.0,0.09,2.5,18.42,12.44,5.91,1.23,0.0,0.0
22.25,80.25,Paraswada Tahsil,Madhya Pradesh,0.35,0.13,0.82,0.02,0.24,4.21,14.3,10.96,6.15,1.52,0.0,0.0
22.25,80.5,Paraswada Tahsil,Madhya Pradesh,0.28,0.08,0.87,0.03,0.26,4.64,12.15,10.1,6.51,1.46,0.0,0.0
22.25,80.75,Baihar Tahsil,Madhya Pradesh,0.33,0.11,0.92,0.05,0.25,4.61,10.43,9.16,6.22,1.34,0.0,0.0
22.25,81.0,Baihar Tahsil,Madhya Pradesh,0.47,0.16,0.65,0.06,0.21,4.06,8.1,7.6,7.57,1.68,0.0,0.0
22.25,81.25,Bodla Tahsil,Chhattisgarh,0.71,0.14,0.41,0.05,0.34,3.85,7.82,8.92,7.49,2.01,0.0,0.0
22.25,81.5,Pandariya Tahsil,Chhattisgarh,0.85,0.1,0.35,0.14,0.53,3.05,7.51,9.99,6.76,1.39,0.0,0.0
22.25,81.75,Takhatpur Tahsil,Chhattisgarh,0.52,0.11,0.31,0.35,0.7,2.91,11.35,7.58,7.11,1.2,0.0,0.0
22.25,82.0,Takhatpur Tahsil,Chhattisgarh,0.44,0.29,0.42,0.38,0.65,2.69,12.68,7.17,8.37,1.06,0.0,0.0
22.25,82.25,Bilaspur Tahsil,Chhattisgarh,0.45,0.66,1.0,0.03,0.74,1.85,13.26,12.87,14.99,1.22,0.0,0.0
22.25,82.5,Baloda Tahsil,Chhattisgarh,0.4,0.5,0.86,0.09,1.66,1.87,11.63,16.6,15.76,1.67,0.0,0.0
22.25,82.75,Korba Tahsil,Chhattisgarh,0.3,0.19,0.58,0.07,0.73,2.52,11.93,15.44,9.44,1.63,0.0,0.0
22.25,83.0,Udaipur (Dharamjaigarh) Tahsil,Chhattisgarh,0.04,0.12,0.29,0.04,0.26,3.32,14.94,11.89,10.39,1.31,0.0,0.0
22.25,83.25,Gharghoda Tahsil,Chhattisgarh,0.04,0.14,0.21,0.0,0.13,4.74,15.76,10.51,10.58,1.42,0.0,0.0
22.25,83.5,Lailunga Tahsil,Chhattisgarh,0.0,0.17,0.33,0.0,0.41,4.06,13.04,9.34,8.2,1.56,0.0,0.0
22.25,83.75,Lailunga Tahsil,Chhattisgarh,0.0,0.19,0.31,0.0,0.34,2.29,16.1,7.98,9.22,1.2,0.0,0.0
22.25,84.0,Kinjirkela,Odisha,0.02,0.17,0.15,0.0,0.43,3.55,12.12,5.89,7.25,0.56,0.0,0.0
22.25,84.25,Baragaon,Odisha,0.0,0.79,0.13,0.0,0.81,2.15,10.71,10.48,7.77,1.71,0.0,0.0
22.25,84.5,Rajagangapur,Odisha,0.05,1.1,0.32,0.0,1.47,1.99,9.62,9.87,8.02,2.22,0.0,0.0
22.25,84.75,Biramitrapur,Odisha,0.04,1.23,0.28,0.03,1.3,1.98,9.2,9.97,9.19,1.89,0.0,0.0
22.25,85.0,Bisra,Odisha,0.05,2.18,0.19,0.41,3.92,3.92,9.09,12.42,7.19,1.39,0.0,0.0
22.25,85.25,Manoharpur,Jharkhand,0.07,2.21,0.16,0.46,4.97,4.26,8.69,13.68,6.75,1.11,0.0,0.0
22.25,85.5,Noamundi,Jharkhand,0.21,1.69,0.25,0.32,4.47,3.92,8.26,16.33,7.76,0.88,0.06,0.0
22.25,85.75,Hat Gamharia,Jharkhand,0.26,0.9,0.14,0.1,2.65,7.41,4.7,12.21,5.82,0.62,0.43,0.0
22.25,86.0,Jamda,Odisha,0.22,1.05,0.15,0.14,2.58,8.04,4.56,12.23,6.38,1.03,0.48,0.0
22.25,86.25,Rairangpur,Odisha,0.18,2.0,0.35,0.57,2.94,7.2,6.73,12.47,11.49,3.79,0.31,0.0
22.25,86.5,Jharpokharia,Odisha,0.16,2.24,0.11,0.41,2.24,5.78,5.58,9.85,9.71,4.0,0.06,0.0
22.25,86.75,Baharagora,Jharkhand,0.14,1.94,0.41,0.6,4.5,6.96,10.91,12.05,6.25,1.99,0.14,0.0
22.25,87.0,Gopiballavpur-II,West Bengal,0.15,1.94,0.29,0.67,3.73,5.87,13.96,12.61,6.64,1.73,0.3,0.0
22.25,87.25,Kharagpur-I,West Bengal,0.14,1.84,0.39,0.76,4.16,5.79,9.83,9.87,7.03,3.41,0.75,0.0
22.25,87.5,Kharagpur-II,West Bengal,0.35,3.33,0.11,0.06,2.54,4.29,10.36,10.07,7.24,4.15,1.52,0.0
22.25,87.75,Moyna,West Bengal,0.46,3.15,0.09,0.03,2.75,3.9,11.53,14.85,7.71,3.03,1.65,0.0
22.25,88.0,Shyampur - I,West Bengal,0.44,2.66,0.16,0.05,2.48,4.18,12.17,17.17,6.97,2.27,1.56,0.0
22.25,88.25,Diamond Harbour - I,West Bengal,0.24,3.14,0.09,0.14,6.36,6.77,15.14,19.14,7.82,1.58,1.66,0.0
22.25,88.5,Unknown,West Bengal,0.2,2.92,0.17,0.13,5.8,7.08,14.43,17.35,7.11,1.5,1.5,0.0
22.25,88.75,Basanti,West Bengal,0.12,2.62,0.28,0.12,4.71,7.25,13.92,15.41,4.85,1.81,1.22,0.0
22.25,89.0,Hingalganj,West Bengal,0.09,2.59,0.31,0.12,4.58,7.18,13.97,14.74,3.92,2.03,1.12,0.0
22.25,92.5,Belaichhari Upazila,Chattogram Division,0.0,1.71,1.84,2.18,0.8,4.76,25.74,10.99,17.11,2.83,0.62,0.0
22.25,92.75,Lawngtlai,Mizoram,0.0,1.71,0.0,0.41,0.42,4.73,24.95,9.91,17.13,2.83,0.57,0.0
22.25,93.0,Tipa,Mizoram,0.0,1.71,0.0,0.41,0.42,4.73,24.95,9.93,17.14,2.83,0.55,0.0
22.5,68.75,Unknown,Unknown,0.0,0.0,0.02,0.0,0.0,0.84,2.62,6.98,0.13,0.19,0.0,0.0
22.5,69.0,Unknown,Unknown,0.0,0.0,0.03,0.0,0.0,1.0,2.64,6.87,0.14,0.16,0.0,0.0
22.5,69.25,Unknown,Unknown,0.0,0.0,0.02,0.0,0.0,0.88,3.01,6.68,0.2,0.5,0.0,0.0
22.5,69.5,Jamnagar,Gujarat,0.0,0.0,0.01,0.0,0.01,0.53,4.26,9.58,0.33,1.3,0.0,0.0
22.5,69.75,Jamnagar,Gujarat,0.0,0.0,0.0,0.0,0.0,0.39,3.97,9.66,0.48,2.01,0.0,0.0
22.5,70.0,Jamnagar Taluka,Gujarat,0.0,0.0,0.0,0.0,0.0,0.5,2.63,7.77,0.56,1.83,0.0,0.0
22.5,70.25,Jamnagar Taluka,Gujarat,0.0,0.0,0.0,0.0,0.0,1.46,5.48,17.37,1.84,3.24,0.0,0.0
22.5,70.5,Dhrol Taluka,Gujarat,0.0,0.0,0.0,0.0,0.0,1.6,2.52,10.62,1.76,2.17,0.0,0.0
22.5,70.75,Tankara Taluka,Gujarat,0.0,0.0,0.0,0.0,0.0,2.01,1.92,5.13,0.88,3.31,0.0,0.0
22.5,71.0,Wankaner Taluka,Gujarat,0.0,0.0,0.0,0.0,0.0,0.56,1.55,5.09,1.24,2.03,0.0,0.0
22.5,71.25,Chotila Taluka,Gujarat,0.0,0.0,0.0,0.0,0.0,0.83,4.45,4.78,2.99,2.35,0.0,0.0
22.5,71.5,Sayla Taluka,Gujarat,0.0,0.0,0.0,0.0,0.0,0.71,2.67,5.57,2.45,1.05,0.0,0.0
22.5,71.75,Chuda Taluka,Gujarat,0.0,0.0,0.0,0.0,0.0,0.46,2.32,3.75,1.84,0.66,0.0,0.0
22.5,72.0,Dhandhuka Taluka,Gujarat,0.0,0.0,0.0,0.0,0.0,0.33,4.24,6.15,1.56,1.31,0.0,0.0
22.5,72.25,Dholka Taluka,Gujarat,0.0,0.0,0.05,0.0,0.0,0.0,4.08,6.23,1.84,1.37,0.0,0.0
22.5,72.5,Tarapur Taluka,Gujarat,0.0,0.0,0.0,0.0,0.11,0.04,4.15,6.47,1.29,1.7,0.0,0.0
22.5,72.75,Petlad Taluka,Gujarat,0.0,0.0,0.01,0.0,0.12,0.28,3.86,7.07,2.52,1.54,0.0,0.0
22.5,73.0,Anand Rural Taluka,Gujarat,0.0,0.0,0.01,0.0,0.04,0.44,3.34,6.64,2.55,1.95,0.0,0.0
22.5,73.25,Savli Taluka,Gujarat,0.0,0.0,0.0,0.0,0.0,0.42,8.06,11.53,3.61,3.18,0.0,0.0
22.5,73.5,Halol Taluka,Gujarat,0.0,0.0,0.0,0.0,0.0,1.39,9.46,10.49,2.53,2.5,0.0,0.0
22.5,73.75,Jetpur Pavi Taluka,Gujarat,0.0,0.0,0.0,0.0,0.0,1.57,10.91,12.7,5.8,2.06,0.0,0.0
22.5,74.0,Chhota Udaipur Taluka,Gujarat,0.0,0.0,0.0,0.0,0.1,1.34,9.21,10.03,5.35,1.37,0.0,0.0
22.5,74.25,Bhavra Tehsil,Madhya Pradesh,0.0,0.0,0.0,0.0,0.78,1.95,11.51,11.68,7.9,2.82,0.0,0.0
22.5,74.5,Jobat Tehsil,Madhya Pradesh,0.26,0.0,0.0,0.0,0.47,2.16,10.38,7.55,6.86,1.53,0.0,0.0
22.5,74.75,Kukshi Tahsil,Madhya Pradesh,0.11,0.0,0.0,0.0,0.18,2.35,9.33,8.82,6.1,2.19,0.0,0.0
22.5,75.0,Gangdhwani Tahsil,Madhya Pradesh,0.03,0.0,0.0,0.0,0.0,2.49,8.88,8.9,6.57,3.38,0.0,0.0
22.5,75.25,Dhar Tahsil,Madhya Pradesh,0.02,0.0,0.09,0.0,0.0,2.57,9.55,8.14,7.2,4.87,0.0,0.0
22.5,75.5,Pithampur Tahsil,Madhya Pradesh,0.01,0.0,0.25,0.0,0.0,3.01,9.96,7.17,5.38,3.18,0.0,0.0
22.5,75.75,Mhow Tahsil,Madhya Pradesh,0.0,0.0,0.28,0.0,0.0,3.47,9.86,6.23,4.03,1.79,0.0,0.0
22.5,76.0,Mhow Tahsil,Madhya Pradesh,0.18,0.0,0.05,0.0,0.0,3.52,8.28,8.02,3.05,1.57,0.0,0.0
22.5,76.25,Udaynagar Tahsil,Madhya Pradesh,0.24,0.0,0.0,0.0,0.1,4.24,8.39,9.19,2.6,1.17,0.0,0.0
22.5,76.5,Satwas Tahsil,Madhya Pradesh,0.1,0.0,0.0,0.0,0.32,5.12,11.37,9.02,3.41,0.8,0.0,0.0
22.5,76.75,Satwas Tahsil,Madhya Pradesh,0.06,0.0,0.0,0.0,0.12,5.07,13.8,9.08,3.7,0.93,0.0,0.0
22.5,77.0,Khategaon Tahsil,Madhya Pradesh,0.06,0.0,0.02,0.0,0.09,5.94,17.32,11.48,4.18,0.51,0.0,0.0
22.5,77.25,Timarni Tahsil,Madhya Pradesh,0.05,0.0,0.09,0.0,0.06,5.02,21.12,14.27,5.06,0.53,0.0,0.0
22.5,77.5,Seoni-Malwa Tahsil,Madhya Pradesh,0.07,0.0,0.11,0.0,0.06,3.35,24.19,16.08,5.96,0.68,0.0,0.0
22.5,77.75,Itarsi Tahsil,Madhya Pradesh,0.18,0.0,0.16,0.0,0.12,3.4,30.07,18.61,6.69,1.19,0.0,0.0
22.5,78.0,Sohagpur Tahsil,Madhya Pradesh,0.36,0.0,0.23,0.0,0.18,4.39,37.61,19.98,6.14,2.01,0.0,0.0
22.5,78.25,Sohagpur Tahsil,Madhya Pradesh,0.45,0.0,0.26,0.0,0.22,4.66,41.89,21.5,4.42,2.29,0.0,0.0
22.5,78.5,Pipariya Tahsil,Madhya Pradesh,0.37,0.0,0.25,0.0,0.2,3.85,33.47,17.02,4.56,2.09,0.0,0.0
22.5,78.75,Tamia Tahsil,Madhya Pradesh,0.38,0.0,0.37,0.0,0.22,2.98,19.45,8.8,3.74,1.89,0.0,0.0
22.5,79.0,Harrai Tahsil,Madhya Pradesh,0.46,0.0,0.63,0.0,0.33,3.67,18.18,8.28,4.08,1.7,0.0,0.0
22.5,79.25,Harrai Tahsil,Madhya Pradesh,0.72,0.09,0.92,0.0,0.21,4.01,17.2,9.51,5.24,1.68,0.0,0.0
22.5,79.5,Chhapara Tahsil,Madhya Pradesh,0.74,0.19,1.0,0.0,0.11,3.65,17.2,10.23,5.55,1.5,0.0,0.0
22.5,79.75,Dhanora Tahsil,Madhya Pradesh,0.31,0.48,0.81,0.0,0.17,2.14,18.95,10.99,4.54,0.61,0.0,0.0
22.5,80.0,Keolari Tahsil,Madhya Pradesh,0.61,0.13,0.41,0.0,0.03,2.82,18.81,13.47,6.51,1.6,0.0,0.0
22.5,80.25,Nainpur Tahsil,Madhya Pradesh,0.44,0.16,0.7,0.01,0.13,3.12,17.41,11.85,5.85,1.13,0.0,0.0
22.5,80.5,Bichhya Tahsil,Madhya Pradesh,0.35,0.09,0.71,0.02,0.16,4.06,13.68,10.68,6.79,1.51,0.0,0.0
22.5,80.75,Bichhya Tahsil,Madhya Pradesh,0.41,0.11,0.71,0.02,0.2,4.62,10.19,9.69,6.89,1.57,0.0,0.0
22.5,81.0,Bichhya Tahsil,Madhya Pradesh,0.48,0.11,0.45,0.02,0.38,4.29,8.82,9.47,7.07,1.85,0.0,0.0
22.5,81.25,Bajag Tahsil,Madhya Pradesh,0.62,0.18,0.56,0.02,1.6,4.34,9.5,10.75,7.14,2.15,0.0,0.0
22.5,81.5,Lormi Tahsil,Chhattisgarh,0.47,0.12,0.47,0.01,1.63,4.36,10.83,11.33,7.03,2.09,0.0,0.0
22.5,81.75,Lormi Tahsil,Chhattisgarh,0.29,0.12,0.45,0.07,1.27,3.11,12.62,9.65,8.15,1.5,0.0,0.0
22.5,82.0,Kota Tahsil,Chhattisgarh,0.14,0.07,0.35,0.1,0.25,1.86,14.11,8.5,9.5,0.79,0.0,0.0
22.5,82.25,Pali Tahsil,Chhattisgarh,0.62,1.31,1.55,0.01,0.17,2.03,10.75,8.87,16.54,0.42,0.0,0.0
22.5,82.5,Poundi-Uproda Tahsil,Chhattisgarh,0.47,0.94,1.25,0.04,0.88,1.96,11.2,12.56,16.33,1.05,0.0,0.0
22.5,82.75,Korba Tahsil,Chhattisgarh,0.37,0.71,0.97,0.06,0.78,2.18,11.33,13.37,14.2,1.05,0.0,0.0
22.5,83.0,Korba Tahsil,Chhattisgarh,0.14,0.19,0.28,0.02,0.25,6.22,17.2,9.68,10.13,1.21,0.0,0.0
22.5,83.25,Udaipur (Dharamjaigarh) Tahsil,Chhattisgarh,0.03,0.18,0.12,0.0,0.0,7.96,18.77,8.6,9.66,1.14,0.0,0.0
22.5,83.5,Lailunga Tahsil,Chhattisgarh,0.0,0.18,0.35,0.0,0.31,6.15,16.97,8.98,9.52,1.18,0.0,0.0
22.5,83.75,Pathalgaon Tahsil,Chhattisgarh,0.0,0.23,0.81,0.0,0.88,3.79,13.06,9.84,9.24,1.21,0.0,0.0
22.5,84.0,Talasara,Odisha,0.04,0.37,1.14,0.0,1.47,4.48,11.8,11.0,8.69,0.95,0.0,0.0
22.5,84.25,Bolba,Jharkhand,0.16,0.71,0.96,0.0,2.0,2.35,13.89,12.97,6.81,1.18,0.0,0.0
22.5,84.5,Thethaitangar,Jharkhand,0.11,0.8,0.6,0.0,1.66,1.83,11.76,12.67,5.49,1.45,0.0,0.0
22.5,84.75,Jaldega,Jharkhand,0.09,1.37,0.35,0.0,1.78,1.9,11.1,11.26,6.09,1.83,0.0,0.0
22.5,85.0,Bano,Jharkhand,0.15,1.82,0.21,0.15,3.55,4.15,6.98,11.38,6.11,0.8,0.0,0.0
22.5,85.25,Goilkera,Jharkhand,0.2,1.86,0.2,0.1,3.91,4.96,7.02,13.56,7.11,0.57,0.0,0.0
22.5,85.5,Tonto,Jharkhand,0.34,0.93,0.29,0.06,3.11,4.75,5.7,13.24,6.92,0.63,0.01,0.0
22.5,85.75,Tonto,Jharkhand,0.41,0.43,0.19,0.02,2.81,6.13,6.53,16.35,8.23,0.64,0.22,0.0
22.5,86.0,Tiring,Odisha,0.47,0.38,0.2,0.0,2.97,7.23,6.74,14.94,10.96,0.88,0.21,0.0
22.5,86.25,Potka,Jharkhand,0.52,0.57,0.3,0.03,3.39,6.7,9.46,14.01,13.14,1.2,0.04,0.0
22.5,86.5,Musabani,Jharkhand,0.2,1.75,0.1,0.09,1.76,8.74,6.36,11.23,8.86,2.15,0.0,0.0
22.5,86.75,Chakulia,Jharkhand,0.09,1.88,0.31,0.33,3.11,8.74,7.26,10.65,6.89,2.16,0.02,0.0
22.5,87.0,Binpur-I,West Bengal,0.15,2.08,0.5,0.83,4.62,5.64,14.32,13.29,6.67,1.4,0.17,0.0
22.5,87.25,Salbani,West Bengal,0.13,2.22,0.43,0.74,4.36,5.17,12.25,12.7,7.28,2.33,0.46,0.0
22.5,87.5,Keshpur,West Bengal,0.27,2.69,0.18,0.16,2.41,3.03,10.3,11.41,7.67,3.62,1.86,0.0
22.5,87.75,Daspur-II,West Bengal,0.06,3.41,0.15,0.12,2.24,3.91,11.45,9.56,7.12,2.21,1.81,0.0
22.5,88.0,Bagnan - I,West Bengal,0.01,3.32,0.27,0.06,4.46,4.31,9.88,18.17,8.63,3.67,2.11,0.0
22.5,88.25,Thakurpukur Maheshtala,West Bengal,0.0,0.08,0.02,0.0,0.11,7.88,5.99,7.1,7.45,0.32,1.36,0.0
22.5,88.5,Bhangar - I,West Bengal,0.04,2.51,0.37,0.11,3.95,7.03,13.31,13.64,2.68,3.0,1.0,0.0
22.5,88.75,Minakhan,West Bengal,0.05,2.58,0.4,0.12,4.12,6.82,14.24,14.68,2.78,3.04,1.02,0.0
22.5,89.0,Kaliganj Upazila (Satkhira),Khulna Division,0.06,2.55,0.37,0.12,4.19,6.86,14.11,15.45,3.0,3.09,1.04,0.0
22.5,92.5,Belaichhari Upazila,Chattogram Division,0.01,1.66,1.93,2.56,1.93,5.08,24.54,10.78,17.03,2.96,0.81,0.0
22.5,92.75,Lawngtlai,Mizoram,0.02,1.68,1.85,2.59,1.95,5.01,24.72,10.8,17.04,3.0,0.82,0.0
22.5,93.0,Saiha,Mizoram,0.02,1.71,1.84,2.53,1.83,4.76,24.94,10.75,17.03,3.0,0.88,0.0
22.75,69.75,Jamnagar,Gujarat,0.0,0.0,0.0,0.0,0.0,0.06,3.2,4.86,0.53,1.57,0.0,0.0
22.75,70.0,Jamnagar,Gujarat,0.0,0.0,0.04,0.0,0.0,0.6,2.5,7.31,0.27,1.58,0.0,0.0
22.75,70.25,Jamnagar,Gujarat,0.0,0.0,0.0,0.0,0.0,1.04,3.78,11.08,0.21,2.49,0.0,0.0
22.75,70.5,Jodiya Taluka,Gujarat,0.0,0.0,0.0,0.0,0.0,2.05,3.8,11.24,1.24,3.81,0.0,0.0
22.75,70.75,Morbi Taluka,Gujarat,0.0,0.0,0.0,0.0,0.0,2.68,2.01,7.14,1.67,2.05,0.0,0.0
22.75,71.0,Wankaner Taluka,Gujarat,0.0,0.0,0.0,0.0,0.0,1.85,1.86,4.04,0.79,1.98,0.0,0.0
22.75,71.25,Muli Taluka,Gujarat,0.0,0.0,0.0,0.0,0.0,1.8,3.11,4.12,1.34,1.55,0.0,0.0
22.75,71.5,Muli Taluka,Gujarat,0.0,0.0,0.0,0.0,0.0,0.92,1.27,6.28,0.7,2.49,0.0,0.0
22.75,71.75,Wadhwan Taluka,Gujarat,0.0,0.0,0.0,0.0,0.0,0.72,2.15,6.43,1.31,1.83,0.0,0.0
22.75,72.0,Limbdi Taluka,Gujarat,0.0,0.0,0.07,0.0,0.0,0.26,3.29,4.3,1.72,2.08,0.0,0.0
22.75,72.25,Bavla Taluka,Gujarat,0.0,0.0,0.14,0.0,0.0,0.02,4.05,4.94,2.01,2.94,0.0,0.0
22.75,72.5,Dholka Taluka,Gujarat,0.0,0.0,0.04,0.0,0.0,0.02,3.25,6.22,2.35,2.79,0.0,0.0
22.75,72.75,Matar Taluka,Gujarat,0.0,0.0,0.04,0.0,0.0,1.41,6.71,9.33,2.83,2.58,0.0,0.0
22.75,73.0,Nadiad Taluka,Gujarat,0.0,0.0,0.0,0.0,0.0,0.5,5.65,5.4,2.59,2.24,0.0,0.0
22.75,73.25,Thasra Taluka,Gujarat,0.0,0.0,0.0,0.0,0.0,0.52,8.43,9.6,2.77,2.35,0.0,0.0
22.75,73.5,Godhra Taluka,Gujarat,0.0,0.0,0.0,0.0,0.0,0.82,15.81,8.18,2.29,2.57,0.0,0.0
22.75,73.75,Ghoghamba Taluka,Gujarat,0.0,0.0,0.0,0.0,0.0,1.38,8.79,10.21,3.85,3.18,0.0,0.0
22.75,74.0,Limkheda Taluka,Gujarat,0.0,0.0,0.0,0.0,0.0,1.53,10.09,13.23,3.86,1.77,0.0,0.0
22.75,74.25,Dahod Taluka,Gujarat,0.0,0.0,0.0,0.0,0.07,1.58,7.84,13.44,6.31,1.69,0.0,0.0
22.75,74.5,Jhabua Tahsil,Madhya Pradesh,0.06,0.0,0.0,0.0,0.24,1.27,7.95,14.91,5.64,2.56,0.0,0.0
22.75,74.75,Rama Tahsil,Madhya Pradesh,0.02,0.0,0.0,0.0,0.07,2.18,8.63,11.41,5.45,2.73,0.0,0.0
22.75,75.0,Sardarpur Tahsil,Madhya Pradesh,0.06,0.0,0.0,0.0,0.06,2.49,8.44,11.11,5.36,2.75,0.0,0.0
22.75,75.25,Dhar Tahsil,Madhya Pradesh,0.08,0.0,0.0,0.0,0.15,2.65,8.74,10.68,6.53,4.47,0.0,0.0
22.75,75.5,Depalpur Tahsil,Madhya Pradesh,0.01,0.0,0.17,0.0,0.0,2.94,9.35,9.44,5.01,2.63,0.0,0.0
22.75,75.75,Hatod Tahsil,Madhya Pradesh,0.0,0.0,0.23,0.0,0.0,3.12,9.39,9.56,3.7,1.12,0.0,0.0
22.75,76.0,Kanadiya Tahsil,Madhya Pradesh,0.26,0.0,0.04,0.0,0.0,4.54,9.07,11.33,2.34,0.85,0.0,0.0
22.75,76.25,Bagli Tahsil,Madhya Pradesh,0.31,0.0,0.0,0.0,0.05,4.64,8.35,10.16,2.17,1.01,0.0,0.0
22.75,76.5,Bagli Tahsil,Madhya Pradesh,0.05,0.0,0.03,0.0,0.42,5.85,11.88,9.44,3.75,0.7,0.0,0.0
22.75,76.75,Kannod Tahsil,Madhya Pradesh,0.05,0.0,0.01,0.0,0.26,5.42,14.42,9.39,3.89,0.79,0.0,0.0
22.75,77.0,Khategaon Tahsil,Madhya Pradesh,0.07,0.0,0.08,0.0,0.08,5.83,20.11,12.32,4.09,0.46,0.0,0.0
22.75,77.25,Nasrullaganj Tahsil,Madhya Pradesh,0.05,0.0,0.1,0.0,0.08,5.12,22.08,14.62,5.06,0.47,0.0,0.0
22.75,77.5,Rehti Tahsil,Madhya Pradesh,0.0,0.0,0.16,0.0,0.1,2.59,25.92,19.58,7.29,0.77,0.0,0.0
22.75,77.75,Narmadapuram Tahsil,Madhya Pradesh,0.06,0.0,0.16,0.0,0.1,3.32,27.06,18.96,6.52,0.95,0.0,0.0
22.75,78.0,Babai Tahsil,Madhya Pradesh,0.26,0.0,0.21,0.0,0.17,4.19,32.1,18.9,5.66,1.76,0.0,0.0
22.75,78.25,Sohagpur Tahsil,Madhya Pradesh,0.32,0.0,0.2,0.0,0.17,4.2,33.37,17.87,3.75,2.07,0.0,0.0
22.75,78.5,Bankhedi Tahsil,Madhya Pradesh,0.14,0.0,0.09,0.0,0.04,2.72,23.31,12.38,2.88,1.8,0.0,0.0
22.75,78.75,Gadarwara Tahsil,Madhya Pradesh,0.15,0.0,0.05,0.0,0.03,2.08,18.6,10.05,2.88,1.83,0.0,0.0
22.75,79.0,Gadarwara Tahsil,Madhya Pradesh,0.36,0.01,0.25,0.0,0.08,2.39,18.67,8.95,3.66,1.97,0.0,0.0
22.75,79.25,Harrai Tahsil,Madhya Pradesh,0.69,0.04,0.86,0.0,0.1,3.6,17.68,9.51,5.33,1.63,0.0,0.0
22.75,79.5,Narsimhapur Tahsil,Madhya Pradesh,0.72,0.13,0.99,0.0,0.09,3.59,17.43,10.06,5.67,1.43,0.0,0.0
22.75,79.75,Lakhnadon Tahsil,Madhya Pradesh,0.33,0.12,0.9,0.0,0.04,2.3,19.44,9.48,5.13,0.45,0.0,0.0
22.75,80.0,Ghansaur Tahsil,Madhya Pradesh,0.43,0.2,0.74,0.0,0.06,2.48,19.06,10.99,5.44,0.87,0.0,0.0
22.75,80.25,Ghansaur Tahsil,Madhya Pradesh,0.39,0.27,0.72,0.0,0.11,2.5,18.65,11.38,5.3,0.86,0.0,0.0
22.75,80.5,Gughari Tahsil,Madhya Pradesh,0.42,0.14,0.74,0.01,0.17,3.38,16.67,11.89,5.86,1.16,0.0,0.0
22.75,80.75,Gughari Tahsil,Madhya Pradesh,0.34,0.07,0.46,0.01,0.27,4.66,11.09,10.53,6.76,1.87,0.0,0.0
22.75,81.0,Dindori Tahsil,Madhya Pradesh,0.56,0.2,0.6,0.01,1.72,4.52,9.79,10.56,7.28,2.24,0.0,0.0
22.75,81.25,Dindori Tahsil,Madhya Pradesh,0.53,0.14,0.54,0.0,1.75,4.52,10.39,12.46,7.16,1.99,0.0,0.0
22.75,81.5,Bajag Tahsil,Madhya Pradesh,0.48,0.06,0.36,0.0,1.37,4.89,10.82,12.32,6.36,2.2,0.0,0.0
22.75,81.75,Pushparajgarh Tehsil,Madhya Pradesh,0.45,0.41,1.11,0.01,4.17,4.08,10.54,9.8,8.51,2.42,0.0,0.0
22.75,82.0,Pendra Tahsil,Chhattisgarh,0.37,0.52,1.0,0.04,1.48,2.62,12.1,9.22,10.5,1.31,0.0,0.0
22.75,82.25,Poundi-Uproda Tahsil,Chhattisgarh,0.46,0.88,1.26,0.04,0.79,2.08,11.44,10.57,14.34,0.76,0.0,0.0
22.75,82.5,Poundi-Uproda Tahsil,Chhattisgarh,0.53,0.93,1.4,0.04,0.74,2.04,10.16,12.01,15.1,0.93,0.0,0.0
22.75,82.75,Poundi-Uproda Tahsil,Chhattisgarh,0.52,0.49,0.88,0.06,0.85,1.96,11.03,17.46,12.5,2.29,0.0,0.0
22.75,83.0,Udaypur Tahsil,Chhattisgarh,0.34,0.14,0.39,0.02,0.33,4.55,14.8,13.65,9.4,2.08,0.0,0.0
22.75,83.25,Udaipur (Dharamjaigarh) Tahsil,Chhattisgarh,0.23,0.16,0.21,0.01,0.15,6.25,17.01,11.35,9.59,1.65,0.0,0.0
22.75,83.5,Sitapur Tahsil,Chhattisgarh,0.07,0.34,0.31,0.0,0.26,6.01,15.25,9.01,8.89,1.23,0.0,0.0
22.75,83.75,Bagicha Tahsil,Chhattisgarh,0.15,0.79,0.5,0.0,0.52,3.76,10.54,9.02,7.72,1.19,0.0,0.0
22.75,84.0,Kunkuri Tahsil,Chhattisgarh,0.5,0.98,0.78,0.0,1.0,5.14,12.4,10.3,8.58,1.54,0.0,0.0
22.75,84.25,Simdega,Jharkhand,0.31,0.8,0.95,0.0,2.45,3.53,15.32,12.54,7.21,1.47,0.0,0.0
22.75,84.5,Pakar Tanr,Jharkhand,0.17,0.92,0.46,0.0,2.1,1.92,12.73,12.16,3.81,1.21,0.0,0.0
22.75,84.75,Kolebira,Jharkhand,0.11,0.81,0.58,0.0,2.6,2.52,14.45,11.44,5.52,1.01,0.0,0.0
22.75,85.0,Bano,Jharkhand,0.2,0.79,0.39,0.0,3.35,3.29,6.96,11.4,6.3,0.3,0.0,0.0
22.75,85.25,Gudri,Jharkhand,0.23,0.35,0.15,0.0,3.95,4.6,6.66,12.39,7.24,0.35,0.0,0.0
22.75,85.5,Bandgaon,Jharkhand,0.31,0.29,0.19,0.0,3.6,5.05,7.55,13.45,7.47,0.59,0.0,0.0
22.75,85.75,Kuchai,Jharkhand,0.62,0.18,0.06,0.08,3.33,6.43,14.75,26.76,13.5,0.86,0.0,0.0
22.75,86.0,Adityapur(Gamharia),Jharkhand,0.81,0.19,0.13,0.1,3.35,7.44,12.99,29.51,16.72,0.78,0.0,0.0
22.75,86.25,Golmuri-Cum-Jugsalai,Jharkhand,0.56,0.43,0.3,0.08,3.5,6.66,11.4,14.12,11.81,1.14,0.0,0.0
22.75,86.5,Bundwan,West Bengal,0.13,1.26,0.08,0.27,1.2,8.76,7.74,12.85,10.5,1.54,0.0,0.0
22.75,86.75,Ranibundh,West Bengal,0.0,1.62,0.05,0.02,0.48,12.2,4.62,13.53,11.17,0.73,0.0,0.0
22.75,87.0,Sarenga,West Bengal,0.1,1.67,0.32,0.44,2.95,7.82,10.78,13.79,8.63,1.26,0.06,0.0
22.75,87.25,Garbeta-III,West Bengal,0.13,1.98,0.44,0.7,4.47,4.74,7.82,13.98,7.78,1.23,0.2,0.0
22.75,87.5,Chandrakona-II,West Bengal,0.14,2.54,0.52,0.06,4.62,4.02,7.4,12.93,10.38,1.36,0.65,0.0
22.75,87.75,Khanakul - I,West Bengal,0.03,3.42,0.76,0.09,3.56,4.09,9.94,11.82,7.43,3.39,1.51,0.0
22.75,88.0,Jangipara,West Bengal,0.03,2.66,1.66,0.07,5.16,7.88,13.98,13.26,8.87,2.98,1.0,0.0
22.75,88.25,Chanditala - II,West Bengal,0.02,2.24,1.08,0.08,3.88,7.42,11.41,17.05,5.2,5.6,0.98,0.0
22.75,88.5,Barasat - I,West Bengal,0.0,2.67,0.49,0.12,3.32,6.39,13.98,15.02,2.35,3.55,0.98,0.0
22.75,88.75,Baduria,West Bengal,0.02,2.61,0.46,0.12,3.86,6.67,14.05,14.9,2.32,3.26,1.01,0.0
22.75,89.0,Satkhira Sadar Upazila,Khulna Division,0.03,2.56,0.42,0.12,3.85,6.7,13.87,15.19,2.47,3.52,1.03,0.0
22.75,92.5,Lungsen,Mizoram,0.01,1.52,2.2,3.17,3.06,5.97,22.84,10.81,17.08,3.09,0.71,0.0
22.75,92.75,Lunglei,Mizoram,0.01,1.57,2.09,2.97,2.69,5.63,23.46,10.47,16.91,3.08,1.12,0.0
22.75,93.0,Sangau,Mizoram,0.02,1.62,1.94,2.75,2.3,5.29,24.1,10.35,16.85,3.02,1.3,0.0
23.0,68.75,Unknown,Unknown,0.0,0.0,0.0,0.0,0.0,0.14,1.06,8.28,0.02,0.03,0.0,0.0
23.0,69.0,Abdasa Taluka,Gujarat,0.0,0.0,0.0,0.0,0.0,0.27,1.23,8.48,0.05,0.08,0.0,0.0
23.0,69.25,Mandvi Taluka,Gujarat,0.0,0.0,0.0,0.0,0.0,0.24,1.88,6.82,0.2,0.44,0.0,0.0
23.0,69.5,Mandvi Taluka,Gujarat,0.0,0.0,0.0,0.0,0.12,0.11,2.24,5.55,0.27,1.06,0.0,0.0
23.0,69.75,Mundra Taluka,Gujarat,0.0,0.0,0.0,0.0,0.11,0.05,2.72,4.47,0.46,1.59,0.0,0.0
23.0,70.0,Anjar Taluka,Gujarat,0.0,0.0,0.04,0.0,0.01,0.32,1.68,4.35,0.65,0.87,0.0,0.0
23.0,70.25,Unknown,Gujarat,0.0,0.0,0.09,0.0,0.0,0.44,1.27,4.75,0.35,0.68,0.0,0.0
23.0,70.5,Unknown,Gujarat,0.0,0.0,0.01,0.0,0.0,2.12,2.2,5.37,0.27,1.96,0.0,0.0
23.0,70.75,Maliya Taluka,Gujarat,0.0,0.0,0.0,0.0,0.0,2.49,2.11,6.12,0.95,2.28,0.0,0.0
23.0,71.0,Halvad Taluka,Gujarat,0.0,0.0,0.0,0.0,0.0,1.31,1.7,5.07,0.52,1.14,0.0,0.0
23.0,71.25,Halvad Taluka,Gujarat,0.0,0.0,0.0,0.0,0.0,1.12,1.63,4.74,0.31,0.86,0.0,0.0
23.0,71.5,Dhrangadhra Taluka,Gujarat,0.0,0.0,0.0,0.0,0.0,0.15,1.45,6.24,0.23,0.55,0.0,0.0
23.0,71.75,Dasada Taluka,Gujarat,0.0,0.0,0.0,0.0,0.0,0.53,3.53,6.56,1.43,1.45,0.0,0.0
23.0,72.0,Lakhtar Taluka,Gujarat,0.0,0.0,0.01,0.0,0.0,0.19,3.73,3.98,0.97,1.17,0.0,0.0
23.0,72.25,Sanand Taluka,Gujarat,0.0,0.0,0.02,0.0,0.0,0.36,4.05,9.24,1.15,2.05,0.0,0.0
23.0,72.5,Vejalpur Taluka,Gujarat,0.0,0.0,0.08,0.0,0.02,0.39,4.39,9.56,2.34,2.81,0.0,0.0
23.0,72.75,Daskroi Taluka,Gujarat,0.0,0.0,0.01,0.0,0.0,0.62,5.8,7.01,2.79,3.06,0.0,0.0
23.0,73.0,Kapadvanj Taluka,Gujarat,0.0,0.0,0.0,0.0,0.0,0.37,6.02,7.28,1.61,3.08,0.0,0.0
23.0,73.25,Kapadvanj Taluka,Gujarat,0.0,0.0,0.0,0.0,0.0,0.48,12.66,11.12,2.46,1.84,0.0,0.0
23.0,73.5,Lunavada Taluka,Gujarat,0.0,0.0,0.01,0.0,0.0,0.32,14.92,9.92,3.13,2.18,0.0,0.0
23.0,73.75,Shehera Taluka,Gujarat,0.0,0.0,0.0,0.0,0.0,0.97,12.27,10.63,3.44,1.69,0.0,0.0
23.0,74.0,Singvad Taluka,Gujarat,0.0,0.0,0.0,0.0,0.0,1.75,6.21,11.42,3.26,1.38,0.0,0.0
23.0,74.25,Jhalod Taluka,Gujarat,0.0,0.0,0.0,0.0,0.14,1.72,7.89,13.91,5.07,1.67,0.0,0.0
23.0,74.5,Meghnagar Tahsil,Madhya Pradesh,0.0,0.0,0.0,0.0,0.45,1.28,7.2,16.41,5.0,2.1,0.0,0.0
23.0,74.75,Petlawad Tahsil,Madhya Pradesh,0.06,0.0,0.0,0.0,0.23,1.29,9.67,16.09,5.52,3.88,0.0,0.0
23.0,75.0,Petlawad Tahsil,Madhya Pradesh,0.28,0.0,0.0,0.0,0.14,2.56,8.15,13.93,5.16,3.02,0.0,0.0
23.0,75.25,Badnawar Tahsil,Madhya Pradesh,0.08,0.0,0.0,0.0,0.57,2.03,7.69,13.74,3.78,1.42,0.0,0.0
23.0,75.5,Depalpur Tahsil,Madhya Pradesh,0.02,0.0,0.0,0.0,0.06,3.16,8.14,13.79,3.52,0.64,0.0,0.0
23.0,75.75,Sanwer Tahsil,Madhya Pradesh,0.04,0.0,0.0,0.0,0.1,3.67,8.9,14.39,3.41,0.3,0.0,0.0
23.0,76.0,Dewas Tahsil,Madhya Pradesh,0.12,0.0,0.0,0.0,0.07,4.33,10.59,14.26,2.76,0.6,0.0,0.0
23.0,76.25,Sonkatch Tahsil,Madhya Pradesh,0.4,0.0,0.01,0.0,0.0,6.55,9.59,12.54,2.85,0.65,0.0,0.0
23.0,76.5,Jawar Tahsil,Madhya Pradesh,0.02,0.0,0.18,0.0,0.02,7.15,14.99,12.71,3.43,0.76,0.0,0.0
23.0,76.75,Ashta Tahsil,Madhya Pradesh,0.01,0.0,0.09,0.0,0.4,5.35,23.83,12.25,3.54,0.82,0.0,0.0
23.0,77.0,Ichhawar Tahsil,Madhya Pradesh,0.08,0.0,0.29,0.0,0.29,3.48,24.94,11.9,2.14,1.23,0.0,0.0
23.0,77.25,Ichhawar Tahsil,Madhya Pradesh,0.27,0.0,0.28,0.0,0.2,3.63,23.26,14.27,3.22,1.63,0.0,0.0
23.0,77.5,Goharganj Tahsil,Madhya Pradesh,0.13,0.0,0.18,0.0,0.14,3.2,24.65,17.98,6.08,1.12,0.0,0.0
23.0,77.75,Goharganj Tahsil,Madhya Pradesh,0.18,0.0,0.16,0.0,0.17,3.37,24.55,18.39,6.03,1.31,0.0,0.0
23.0,78.0,Goharganj Tahsil,Madhya Pradesh,0.23,0.0,0.17,0.0,0.28,4.45,23.87,16.59,3.97,1.69,0.0,0.0
23.0,78.25,Baraily Tahsil,Madhya Pradesh,0.2,0.0,0.19,0.0,0.1,4.72,23.65,14.28,2.39,1.82,0.0,0.0
23.0,78.5,Saikheda Tahsil,Madhya Pradesh,0.06,0.0,0.06,0.0,0.02,2.82,19.71,11.86,2.5,1.66,0.0,0.0
23.0,78.75,Saikheda Tahsil,Madhya Pradesh,0.07,0.0,0.0,0.0,0.0,2.39,18.8,12.94,2.16,1.55,0.0,0.0
23.0,79.0,Gadarwara Tahsil,Madhya Pradesh,0.25,0.0,0.0,0.0,0.0,2.15,20.05,13.74,1.94,1.4,0.0,0.0
23.0,79.25,Narsimhapur Tahsil,Madhya Pradesh,0.6,0.02,0.53,0.0,0.94,3.01,18.51,12.88,4.44,1.52,0.0,0.0
23.0,79.5,Gotegaon Tahsil,Madhya Pradesh,0.46,0.01,0.69,0.0,1.07,2.92,18.28,11.95,5.02,1.31,0.0,0.0
23.0,79.75,Shahpura Tahsil,Madhya Pradesh,0.45,0.01,0.7,0.0,0.95,2.85,18.61,11.95,5.18,1.07,0.0,0.0
23.0,80.0,Narayanganj Tahsil,Madhya Pradesh,0.41,0.12,0.63,0.0,0.68,2.56,18.94,12.21,5.27,1.01,0.0,0.0
23.0,80.25,Niwas Tahsil,Madhya Pradesh,0.43,0.14,0.62,0.0,0.45,2.54,19.0,12.11,5.48,1.04,0.0,0.0
23.0,80.5,Niwas Tahsil,Madhya Pradesh,0.42,0.13,0.71,0.0,0.09,2.8,18.25,11.45,5.74,0.97,0.0,0.0
23.0,80.75,Shahpura Tahsil,Madhya Pradesh,0.49,0.17,0.58,0.0,1.74,4.45,11.6,11.52,7.14,2.27,0.0,0.0
23.0,81.0,Dindori Tahsil,Madhya Pradesh,0.55,0.15,0.6,0.0,1.57,4.34,10.6,13.27,7.42,2.1,0.0,0.0
23.0,81.25,Pushparajgarh Tehsil,Madhya Pradesh,0.52,0.15,0.62,0.0,1.67,4.42,10.64,12.87,7.27,1.98,0.0,0.0
23.0,81.5,Pushparajgarh Tehsil,Madhya Pradesh,0.53,0.16,0.65,0.0,1.69,4.42,10.63,12.74,7.29,2.01,0.0,0.0
23.0,81.75,Jaithari Tehsil,Madhya Pradesh,0.57,0.11,0.77,0.0,0.99,3.73,10.79,15.04,7.68,1.42,0.0,0.0
23.0,82.0,Marwahi Tahsil,Chhattisgarh,0.48,0.11,1.02,0.02,1.09,3.43,10.79,14.77,6.92,1.7,0.0,0.0
23.0,82.25,Khadganva Tahsil,Chhattisgarh,0.5,0.46,1.27,0.01,0.07,3.06,9.67,12.82,7.61,1.33,0.0,0.0
23.0,82.5,Khadganva Tahsil,Chhattisgarh,0.48,0.23,1.04,0.03,0.42,1.92,7.81,13.78,7.06,1.71,0.0,0.0
23.0,82.75,Premnagar Tahsil,Chhattisgarh,0.52,0.16,0.84,0.04,0.52,0.86,8.37,18.73,7.62,2.81,0.0,0.0
23.0,83.0,Lakhanpur Tahsil,Chhattisgarh,0.54,0.08,0.65,0.06,0.8,1.14,9.83,21.91,8.38,3.48,0.0,0.0
23.0,83.25,Ambikapur Tahsil,Chhattisgarh,0.44,0.23,0.46,0.04,0.5,2.99,11.68,16.64,8.32,2.55,0.0,0.0
23.0,83.5,Batouli Tahsil,Chhattisgarh,0.35,0.48,0.38,0.02,0.42,3.65,11.03,12.5,7.81,1.94,0.0,0.0
23.0,83.75,Bagicha Tahsil,Chhattisgarh,0.32,0.89,0.43,0.0,0.44,4.01,10.43,9.01,7.34,1.3,0.0,0.0
23.0,84.0,Manora Tahsil,Chhattisgarh,0.75,1.08,0.61,0.0,0.85,5.37,14.06,9.92,8.72,1.81,0.0,0.0
23.0,84.25,Albert Ekka(Jari),Jharkhand,0.91,1.17,0.87,0.0,2.75,6.22,18.22,11.56,9.45,2.31,0.0,0.0
23.0,84.5,Raidih,Jharkhand,0.4,0.6,0.53,0.0,3.03,3.81,17.92,11.07,6.54,1.26,0.0,0.0
23.0,84.75,Basia,Jharkhand,0.13,0.35,0.56,0.0,2.53,2.38,13.97,11.26,4.96,0.86,0.0,0.0
23.0,85.0,Karra,Jharkhand,0.18,0.29,0.48,0.0,2.0,1.91,6.16,10.24,5.68,0.16,0.0,0.0
23.0,85.25,Murhu,Jharkhand,0.07,0.22,0.3,0.0,2.64,2.58,3.04,8.66,5.77,0.0,0.0,0.0
23.0,85.5,Erki(Tamar II),Jharkhand,0.19,0.15,0.05,0.0,3.39,4.16,9.87,12.42,6.62,0.73,0.0,0.0
23.0,85.75,Tamar I,Jharkhand,0.19,0.16,0.01,0.03,3.38,4.52,14.58,17.73,8.59,1.12,0.0,0.0
23.0,86.0,Chandil,Jharkhand,0.39,0.28,0.08,0.13,3.54,3.61,8.68,17.08,11.07,1.03,0.0,0.0
23.0,86.25,Barabazar,West Bengal,0.45,0.56,0.14,0.33,2.6,2.61,6.83,13.75,9.67,1.23,0.0,0.0
23.0,86.5,Barabazar,West Bengal,0.08,0.26,0.03,0.23,1.74,5.79,8.19,12.61,8.74,1.9,0.0,0.0
23.0,86.75,Ranibundh,West Bengal,0.16,0.66,0.27,0.14,2.42,7.86,7.79,14.27,11.07,1.16,0.0,0.0
23.0,87.0,Taldangra,West Bengal,0.19,0.73,0.34,0.59,2.57,8.1,8.09,16.06,5.83,2.29,0.02,0.0
23.0,87.25,Taldangra,West Bengal,0.33,1.18,0.36,0.6,5.04,6.83,7.75,15.66,5.41,1.97,0.03,0.0
23.0,87.5,Jaypur,West Bengal,0.12,1.83,0.62,0.28,6.9,3.44,6.79,15.84,10.69,0.65,0.04,0.0
23.0,87.75,Raina - II,West Bengal,0.12,2.26,1.03,0.03,6.62,5.36,8.25,9.8,6.33,1.74,0.24,0.0
23.0,88.0,Jamalpur,West Bengal,0.12,1.91,1.27,0.06,4.87,7.5,11.34,12.8,8.42,2.31,0.56,0.0
23.0,88.25,Polba - Dadpur,West Bengal,0.09,2.25,1.26,0.06,4.82,5.98,12.67,14.09,6.94,3.36,0.9,0.0
23.0,88.5,Kalyani,West Bengal,0.04,2.21,0.73,0.11,3.93,5.72,13.46,16.85,3.08,4.39,1.26,0.0
23.0,88.75,Bongaon,West Bengal,0.02,2.38,0.62,0.12,3.84,6.01,13.61,16.14,2.79,4.11,1.15,0.0
23.0,91.5,Chhagalnaiya Upazila,Chattogram Division,0.0,1.59,3.38,2.23,10.82,10.41,14.66,10.94,9.56,5.8,3.78,0.0
23.0,92.5,Lungsen,Mizoram,0.01,1.46,2.38,3.64,3.69,6.56,21.84,10.62,17.0,3.16,0.91,0.0
23.0,92.75,Lunglei,Mizoram,0.01,1.45,2.26,3.66,3.69,6.53,21.81,10.07,16.66,3.22,1.62,0.0
23.0,93.0,Hnahthial,Mizoram,0.02,1.48,2.13,3.29,3.22,6.07,22.54,9.88,16.57,3.14,1.84,0.0
23.25,68.5,Unknown,Unknown,0.0,0.0,0.0,0.0,0.0,0.17,0.81,8.37,0.0,0.01,0.0,0.0
23.25,68.75,Abdasa Taluka,Gujarat,0.0,0.0,0.0,0.0,0.0,0.02,0.78,8.21,0.0,0.0,0.0,0.0
23.25,69.0,Abdasa Taluka,Gujarat,0.0,0.0,0.0,0.0,0.0,0.15,0.92,8.79,0.02,0.03,0.0,0.0
23.25,69.25,Nakhatrana Taluka,Gujarat,0.0,0.0,0.0,0.0,0.02,0.44,0.9,10.58,0.01,0.05,0.0,0.0
23.25,69.5,Bhuj Taluka,Gujarat,0.0,0.0,0.0,0.0,0.28,0.26,1.05,6.96,0.06,1.14,0.0,0.0
23.25,69.75,Bhuj Taluka,Gujarat,0.0,0.0,0.0,0.0,0.65,0.09,0.65,4.61,0.0,1.93,0.0,0.0
23.25,70.0,Bhuj Taluka,Gujarat,0.0,0.0,0.0,0.0,0.15,0.21,1.73,4.39,0.62,1.51,0.0,0.0
23.25,70.25,Bhachau Taluka,Gujarat,0.0,0.0,0.0,0.0,0.0,0.14,1.63,5.34,0.02,5.44,0.0,0.0
23.25,70.5,Bhachau Taluka,Gujarat,0.0,0.0,0.0,0.0,0.0,1.68,2.21,5.42,0.0,2.78,0.0,0.0
23.25,70.75,Unknown,Gujarat,0.0,0.0,0.0,0.0,0.0,1.75,2.24,5.91,0.14,2.18,0.0,0.0
23.25,71.0,Unknown,Gujarat,0.0,0.0,0.0,0.0,0.0,0.74,1.47,4.82,0.11,0.96,0.0,0.0
23.25,71.25,Unknown,Gujarat,0.0,0.0,0.0,0.0,0.0,0.77,1.81,4.9,0.19,0.92,0.0,0.0
23.25,71.5,Unknown,Gujarat,0.0,0.0,0.0,0.0,0.0,0.07,4.08,6.27,0.28,0.85,0.0,0.0
23.25,71.75,Dasada Taluka,Gujarat,0.0,0.0,0.0,0.0,0.0,0.07,5.27,6.51,0.46,1.17,0.0,0.0
23.25,72.0,Mandal Taluka,Gujarat,0.0,0.0,0.0,0.0,0.0,0.17,3.33,4.81,0.45,1.15,0.0,0.0
23.25,72.25,Kadi Taluka,Gujarat,0.0,0.0,0.0,0.0,0.0,0.09,5.4,5.74,0.62,2.73,0.0,0.0
23.25,72.5,Kalol Taluka,Gujarat,0.0,0.0,0.01,0.0,0.0,0.47,7.75,9.0,1.43,2.63,0.0,0.0
23.25,72.75,Gandhinagar Taluka,Gujarat,0.0,0.0,0.08,0.0,0.0,0.12,8.3,9.22,2.25,3.9,0.0,0.0
23.25,73.0,Bayad Taluka,Gujarat,0.0,0.0,0.0,0.0,0.0,0.38,8.43,10.78,2.33,3.13,0.0,0.0
23.25,73.25,Bayad Taluka,Gujarat,0.0,0.0,0.0,0.0,0.0,0.65,9.72,12.42,2.15,3.59,0.0,0.0
23.25,73.5,Virpur Taluka,Gujarat,0.0,0.0,0.03,0.0,0.0,0.27,9.91,8.25,1.73,2.2,0.0,0.0
23.25,73.75,Kadana Taluka,Gujarat,0.0,0.0,0.01,0.0,0.0,0.41,14.95,10.18,1.53,1.72,0.0,0.0
23.25,74.0,Fatehpura Taluka,Gujarat,0.0,0.0,0.0,0.0,0.0,1.48,7.94,10.76,3.39,1.81,0.0,0.0
23.25,74.25,Sajjangarh Tehsil,Rajasthan,0.0,0.0,0.0,0.0,0.0,1.07,9.08,13.35,3.88,2.25,0.0,0.0
23.25,74.5,Kushalgarh Tehsil,Rajasthan,0.0,0.0,0.0,0.0,0.12,1.23,9.01,18.5,4.46,3.19,0.0,0.0
23.25,74.75,Rawti Tahsil,Madhya Pradesh,0.02,0.0,0.0,0.0,0.44,2.55,10.34,27.42,4.05,3.05,0.0,0.0
23.25,75.0,Ratlam Nagar Tahsil,Madhya Pradesh,0.12,0.0,0.01,0.0,0.38,3.53,9.72,21.22,3.1,1.99,0.0,0.0
23.25,75.25,Ratlam Tahsil,Madhya Pradesh,0.15,0.0,0.01,0.0,0.34,2.93,9.0,15.27,3.27,1.95,0.0,0.0
23.25,75.5,Badnagar Tahsil,Madhya Pradesh,0.24,0.0,0.0,0.0,0.25,3.18,9.45,18.47,4.45,0.84,0.0,0.0
23.25,75.75,Ghatiya Tahsil,Madhya Pradesh,0.26,0.0,0.0,0.0,0.94,5.45,13.45,18.71,5.18,0.41,0.0,0.0
23.25,76.0,Tarana Tahsil,Madhya Pradesh,0.29,0.0,0.0,0.0,1.02,5.94,14.22,18.49,5.04,0.43,0.0,0.0
23.25,76.25,Shajapur Tahsil,Madhya Pradesh,0.23,0.0,0.0,0.0,0.07,5.2,11.97,13.65,2.57,0.57,0.0,0.0
23.25,76.5,Polayakala Tahsil,Madhya Pradesh,0.09,0.0,0.05,0.0,0.13,5.78,16.14,12.51,3.69,0.39,0.0,0.0
23.25,76.75,Kalapipal Tahsil,Madhya Pradesh,0.04,0.0,0.07,0.0,0.23,5.54,19.51,12.08,3.86,0.53,0.0,0.0
23.25,77.0,Sehore Tahsil,Madhya Pradesh,0.28,0.0,0.21,0.0,0.33,3.98,24.1,13.79,2.94,1.54,0.0,0.0
23.25,77.25,Huzur Tahsil,Madhya Pradesh,0.68,0.01,0.17,0.0,0.29,4.72,21.58,16.78,4.41,2.51,0.0,0.0
23.25,77.5,Huzur Tahsil,Madhya Pradesh,0.41,0.01,0.24,0.0,0.22,3.88,22.88,16.38,4.23,1.98,0.0,0.0
23.25,77.75,Raisen Tahsil,Madhya Pradesh,0.35,0.01,0.15,0.0,0.27,3.9,22.96,18.46,5.15,1.53,0.0,0.0
23.25,78.0,Sultanpur Tahsil,Madhya Pradesh,0.31,0.0,0.17,0.0,0.32,4.74,21.9,16.97,2.9,1.67,0.0,0.0
23.25,78.25,Silwani Tahsil,Madhya Pradesh,0.31,0.0,0.11,0.0,0.59,4.68,19.12,16.86,3.51,1.8,0.0,0.0
23.25,78.5,Silwani Tahsil,Madhya Pradesh,0.14,0.0,0.08,0.0,0.2,4.18,20.28,15.91,2.32,1.74,0.0,0.0
23.25,78.75,Silwani Tahsil,Madhya Pradesh,0.15,0.0,0.0,0.0,0.0,3.09,19.96,16.17,1.51,1.43,0.0,0.0
23.25,79.0,Deori Tahsil,Madhya Pradesh,0.39,0.0,0.02,0.0,0.02,2.34,20.71,14.81,1.81,1.28,0.0,0.0
23.25,79.25,Tendukheda Tahsil,Madhya Pradesh,0.36,0.0,0.28,0.0,1.28,2.31,18.53,12.76,3.97,2.09,0.0,0.0
23.25,79.5,Shahpura Tahsil,Madhya Pradesh,0.42,0.0,0.44,0.0,2.07,2.95,18.24,14.75,4.62,1.48,0.0,0.0
23.25,79.75,Patan Tahsil,Madhya Pradesh,0.42,0.0,0.32,0.0,1.28,2.46,19.2,13.36,4.21,1.89,0.0,0.0
23.25,80.0,Panagar Tahsil,Madhya Pradesh,0.49,0.0,0.44,0.0,0.82,2.47,20.39,13.11,4.28,1.18,0.0,0.0
23.25,80.25,Kundam Tahsil,Madhya Pradesh,0.58,0.01,0.43,0.0,0.66,2.6,20.84,13.75,4.53,0.97,0.0,0.0
23.25,80.5,Kundam Tahsil,Madhya Pradesh,0.6,0.02,0.5,0.0,0.71,2.43,19.57,14.35,5.27,1.19,0.0,0.0
23.25,80.75,Karkeli Tahsil,Madhya Pradesh,0.85,0.04,0.42,0.0,1.0,3.21,12.04,18.12,7.15,2.05,0.0,0.0
23.25,81.0,Nowrozabad Tahsil,Madhya Pradesh,0.49,0.16,0.75,0.0,2.06,3.16,10.63,17.07,8.14,2.39,0.0,0.0
23.25,81.25,Pali Tahsil,Madhya Pradesh,0.51,0.09,0.71,0.0,1.16,2.98,10.64,17.71,8.31,2.33,0.0,0.0
23.25,81.5,Sohagpur Tahsil,Madhya Pradesh,0.56,0.05,0.7,0.0,0.64,3.05,10.81,17.92,8.11,1.64,0.0,0.0
23.25,81.75,Jaitpur Tahsil,Madhya Pradesh,0.65,0.0,0.38,0.0,0.02,3.75,10.88,18.0,8.36,0.36,0.0,0.0
23.25,82.0,Kotma Tehsil,Madhya Pradesh,0.51,0.05,1.24,0.0,0.63,2.79,11.37,16.17,5.33,2.03,0.0,0.0
23.25,82.25,Manendragarh Tahsil,Chhattisgarh,0.5,0.11,1.22,0.0,0.12,3.86,8.76,12.42,6.39,1.17,0.0,0.0
23.25,82.5,Baikunthpur Tahsil,Chhattisgarh,0.46,0.09,1.0,0.01,0.19,1.66,6.79,12.15,5.78,1.46,0.0,0.0
23.25,82.75,Ramanujnagar Tahsil,Chhattisgarh,0.47,0.08,0.83,0.0,0.2,0.25,6.09,12.89,5.61,1.8,0.0,0.0
23.25,83.0,Bhaiyathan Tahsil,Chhattisgarh,0.54,0.09,0.72,0.05,0.72,0.7,8.98,21.85,7.99,3.43,0.0,0.0
23.25,83.25,Rajpur Tahsil,Chhattisgarh,0.47,0.12,0.76,0.04,0.56,1.39,9.59,20.23,7.05,3.02,0.0,0.0
23.25,83.5,Shankargarh Tahsil,Chhattisgarh,0.41,0.48,0.61,0.02,0.32,2.36,10.06,17.23,6.75,2.55,0.0,0.0
23.25,83.75,Shankargarh Tahsil,Chhattisgarh,0.42,0.85,0.47,0.01,0.48,4.04,11.16,9.99,7.74,1.66,0.0,0.0
23.25,84.0,Samri(Kusmi) Tahsil,Chhattisgarh,0.54,0.85,0.44,0.02,0.74,3.91,11.4,9.72,8.02,1.49,0.0,0.0
23.25,84.25,Chainpur,Jharkhand,0.44,0.81,0.7,0.03,1.34,3.86,12.31,11.83,8.81,1.41,0.0,0.0
23.25,84.5,Ghaghra,Jharkhand,0.32,0.28,0.83,0.02,1.48,3.68,11.19,12.78,9.25,1.1,0.0,0.0
23.25,84.75,Sisai,Jharkhand,0.15,0.29,0.83,0.0,1.34,2.17,9.04,11.68,6.72,0.61,0.0,0.0
23.25,85.0,Bero,Jharkhand,0.14,0.39,0.75,0.0,1.82,1.72,9.86,11.01,5.25,0.34,0.0,0.0
23.25,85.25,Namkum,Jharkhand,0.15,0.3,0.53,0.0,1.43,1.63,6.24,8.75,4.49,0.18,0.0,0.0
23.25,85.5,Namkum,Jharkhand,0.06,0.12,0.23,0.0,1.8,3.36,5.84,10.87,6.91,1.83,0.0,0.0
23.25,85.75,Sonahatu,Jharkhand,0.06,0.07,0.31,0.04,1.63,4.34,7.33,12.99,7.46,2.37,0.0,0.0
23.25,86.0,Bagmundi,West Bengal,0.18,0.21,0.22,0.11,2.82,4.7,9.39,15.06,8.53,1.42,0.0,0.0
23.25,86.25,Arsha,West Bengal,0.22,0.32,0.19,0.22,3.38,4.33,9.39,15.41,10.2,1.23,0.0,0.0
23.25,86.5,Purulia - I,West Bengal,0.27,0.49,0.28,0.57,3.06,5.92,8.33,15.59,10.47,1.08,0.0,0.0
23.25,86.75,Hura,West Bengal,0.35,0.78,0.64,0.16,4.3,6.34,8.93,15.07,11.7,1.06,0.0,0.0
23.25,87.0,Bankura - I,West Bengal,0.57,0.56,0.24,0.91,2.96,7.21,6.98,16.17,7.19,1.94,0.08,0.0
23.25,87.25,Sonamukhi,West Bengal,0.44,0.96,0.3,0.78,3.98,5.22,7.17,13.88,5.99,1.4,0.04,0.0
23.25,87.5,Patrasayer,West Bengal,0.15,2.18,0.61,0.01,8.5,3.6,8.35,13.87,10.23,0.56,0.0,0.0
23.25,87.75,Galsi - II,West Bengal,0.13,1.79,0.72,0.05,7.17,5.27,6.74,11.8,7.1,0.42,0.08,0.0
23.25,88.0,Burdwan - II,West Bengal,0.06,1.37,0.88,0.12,5.78,5.2,13.23,16.33,4.44,3.49,0.49,0.0
23.25,88.25,Kalna - I,West Bengal,0.02,1.04,0.71,0.19,4.64,5.75,15.07,14.81,6.13,2.98,0.95,0.0
23.25,88.5,Santipur,West Bengal,0.04,1.34,0.8,0.14,4.48,5.9,13.58,16.17,4.23,3.39,1.03,0.0
23.25,88.75,Maheshpur Upazila,Khulna Division,0.03,1.66,0.69,0.14,3.99,5.67,14.02,15.75,3.82,3.26,0.99,0.0
23.25,91.25,Chauddagram Upazila,Chattogram Division,0.0,1.67,3.29,3.19,12.74,9.47,13.67,12.53,9.01,6.08,5.41,0.0
23.25,91.5,Belonia,Tripura,0.0,1.52,3.42,2.57,11.42,9.83,14.28,11.23,9.04,5.62,4.56,0.0
23.25,91.75,Karbook,Tripura,0.0,1.46,3.46,2.56,10.56,8.91,14.78,10.69,9.5,5.53,5.09,0.0
23.25,92.25,Bagaichhari Upazila,Chattogram Division,0.01,1.45,2.53,3.9,4.01,6.92,21.37,9.36,16.39,3.42,2.38,0.0
23.25,92.5,West Bunghmun,Mizoram,0.01,1.66,2.39,2.44,2.13,5.15,24.45,8.68,16.29,3.27,2.91,0.0
23.25,92.75,Serchhip,Mizoram,0.01,1.4,2.37,3.81,3.99,6.78,21.28,9.47,16.28,3.44,2.39,0.0
23.25,93.0,East Lungdar,Mizoram,0.01,1.32,2.31,4.2,4.51,7.23,20.38,9.52,16.18,3.45,2.42,0.0
23.25,93.25,Khawbung,Mizoram,0.01,1.36,2.15,3.76,3.95,6.7,21.26,9.36,16.14,3.32,2.53,0.0
23.5,68.25,Unknown,Unknown,0.0,0.0,0.0,0.0,0.0,0.33,0.77,8.26,0.0,0.0,0.0,0.0
23.5,68.5,Lakhpat Taluka,Gujarat,0.0,0.0,0.0,0.0,0.0,0.28,0.78,8.33,0.0,0.0,0.0,0.0
23.5,68.75,Abdasa Taluka,Gujarat,0.0,0.0,0.0,0.0,0.0,0.22,0.78,8.36,0.0,0.0,0.0,0.0
23.5,69.0,Nakhatrana Taluka,Gujarat,0.0,0.0,0.0,0.0,0.01,0.34,0.83,9.48,0.0,0.01,0.0,0.0
23.5,69.25,Nakhatrana Taluka,Gujarat,0.0,0.0,0.0,0.0,0.06,0.43,0.83,10.32,0.0,0.17,0.0,0.0
23.5,69.5,Nakhatrana Taluka,Gujarat,0.0,0.0,0.0,0.0,0.15,0.35,1.1,8.75,0.13,0.67,0.0,0.0
23.5,69.75,Bhuj Taluka,Gujarat,0.0,0.0,0.0,0.0,0.34,0.2,1.17,4.93,0.3,1.36,0.0,0.0
23.5,70.0,Bhuj Taluka,Gujarat,0.0,0.0,0.0,0.0,0.19,0.16,1.48,4.77,0.28,3.05,0.0,0.0
23.5,70.25,Unknown,Gujarat,0.0,0.0,0.0,0.0,0.0,0.59,1.98,5.91,0.1,4.22,0.0,0.0
23.5,70.5,Bhachau Taluka,Gujarat,0.0,0.0,0.0,0.0,0.0,1.4,2.5,7.25,0.0,3.27,0.0,0.0
23.5,70.75,Rapar Taluka,Gujarat,0.0,0.0,0.0,0.0,0.0,1.31,2.36,6.8,0.0,3.28,0.0,0.0
23.5,71.0,Rapar Taluka,Gujarat,0.0,0.0,0.0,0.0,0.0,1.23,2.01,5.67,0.06,1.98,0.0,0.0
23.5,71.25,Unknown,Gujarat,0.0,0.0,0.0,0.0,0.0,0.21,2.56,8.02,0.38,1.98,0.0,0.0
23.5,71.5,Unknown,Gujarat,0.0,0.0,0.0,0.0,0.0,0.13,5.16,9.27,0.54,2.31,0.0,0.0
23.5,71.75,Shankheswar Taluka,Gujarat,0.0,0.0,0.0,0.0,0.0,0.06,5.64,7.97,0.61,1.65,0.0,0.0
23.5,72.0,Becharaji Taluka,Gujarat,0.0,0.0,0.0,0.0,0.0,0.05,4.11,7.55,0.81,1.5,0.0,0.0
23.5,72.25,Jotana Taluka,Gujarat,0.0,0.0,0.0,0.0,0.0,0.05,5.45,7.73,0.21,1.86,0.0,0.0
23.5,72.5,Mahesana Taluka,Gujarat,0.0,0.0,0.0,0.0,0.0,0.91,5.92,9.24,2.98,1.25,0.0,0.0
23.5,72.75,Mansa Taluka,Gujarat,0.0,0.0,0.0,0.0,0.0,0.74,4.78,8.14,0.96,0.99,0.0,0.0
23.5,73.0,Prantij Taluka,Gujarat,0.0,0.0,0.0,0.0,0.0,1.3,7.54,12.65,1.38,1.89,0.0,0.0
23.5,73.25,Modasa Taluka,Gujarat,0.0,0.0,0.0,0.0,0.0,1.75,12.94,18.19,1.46,2.66,0.0,0.0
23.5,73.5,Meghraj Taluka,Gujarat,0.0,0.0,0.0,0.0,0.0,0.77,17.63,18.72,1.54,1.36,0.0,0.0
23.5,73.75,Simalwara Tehsil,Rajasthan,0.0,0.0,0.0,0.0,0.0,1.24,12.59,12.35,2.48,1.31,0.0,0.0
23.5,74.0,Galiakot Tehsil,Rajasthan,0.0,0.0,0.0,0.0,0.0,1.89,12.6,17.19,3.69,1.8,0.0,0.0
23.5,74.25,Garhi Tehsil,Rajasthan,0.0,0.0,0.0,0.0,0.0,1.65,14.03,18.39,4.09,2.93,0.0,0.0
23.5,74.5,Abapura Tehsil,Rajasthan,0.0,0.0,0.0,0.0,0.0,1.42,12.15,28.96,4.22,6.07,0.0,0.0
23.5,74.75,Sailana Tahsil,Madhya Pradesh,0.0,0.0,0.0,0.0,0.6,3.48,10.36,32.28,3.26,1.92,0.0,0.0
23.5,75.0,Ratlam Tahsil,Madhya Pradesh,0.02,0.0,0.01,0.0,0.27,3.17,8.56,20.46,2.37,1.57,0.0,0.0
23.5,75.25,Khacharod Tahsil,Madhya Pradesh,0.12,0.0,0.02,0.0,0.24,3.65,10.06,18.19,2.2,1.67,0.0,0.0
23.5,75.5,Nagda Tahsil,Madhya Pradesh,0.44,0.0,0.0,0.0,0.26,3.39,10.58,22.53,5.8,0.95,0.0,0.0
23.5,75.75,Mahidpur Tahsil,Madhya Pradesh,0.34,0.0,0.0,0.0,0.8,5.08,14.97,21.46,5.66,0.65,0.0,0.0
23.5,76.0,Maakdon Tahsil,Madhya Pradesh,0.24,0.0,0.0,0.0,0.96,5.9,17.51,20.41,4.81,0.65,0.0,0.0
23.5,76.25,Shajapur Tahsil,Madhya Pradesh,0.18,0.0,0.0,0.0,0.32,4.48,17.74,16.2,1.32,0.55,0.0,0.0
23.5,76.5,Gulana Tahsil,Madhya Pradesh,0.13,0.0,0.0,0.0,0.21,5.07,16.9,13.32,3.37,0.33,0.0,0.0
23.5,76.75,Pachore Tahsil,Madhya Pradesh,0.34,0.0,0.0,0.0,0.27,4.71,15.97,16.82,2.84,0.71,0.0,0.0
23.5,77.0,Narsinghgarh Tahsil,Madhya Pradesh,0.73,0.0,0.05,0.0,0.31,4.35,16.89,19.64,2.46,1.27,0.0,0.0
23.5,77.25,Shayampur Tahsil,Madhya Pradesh,0.64,0.01,0.18,0.0,0.27,4.38,20.53,17.24,3.21,1.87,0.0,0.0
23.5,77.5,Berasia Tahsil,Madhya Pradesh,0.6,0.01,0.25,0.0,0.21,4.7,21.03,18.09,3.6,2.46,0.0,0.0
23.5,77.75,Raisen Tahsil,Madhya Pradesh,0.45,0.0,0.3,0.0,0.19,4.45,21.53,20.21,3.21,2.22,0.0,0.0
23.5,78.0,Vidisha Tahsil,Madhya Pradesh,0.42,0.0,0.19,0.0,0.28,4.53,22.16,20.3,2.89,1.4,0.0,0.0
23.5,78.25,Gairatganj Tahsil,Madhya Pradesh,0.42,0.0,0.13,0.0,0.33,4.62,22.5,19.65,2.83,1.06,0.0,0.0
23.5,78.5,Begamganj Tahsil,Madhya Pradesh,0.39,0.0,0.08,0.0,0.34,4.02,21.07,18.47,2.68,1.21,0.0,0.0
23.5,78.75,Kesli Tahsil,Madhya Pradesh,0.65,0.0,0.06,0.0,0.09,2.44,20.74,12.91,2.57,0.78,0.0,0.0
23.5,79.0,Deori Tahsil,Madhya Pradesh,0.56,0.0,0.05,0.0,0.07,2.1,20.21,11.6,2.78,1.43,0.0,0.0
23.5,79.25,Rehli Tahsil,Madhya Pradesh,0.1,0.0,0.06,0.0,0.27,1.17,17.79,8.31,3.55,4.06,0.0,0.0
23.5,79.5,Tendukheda Tahsil,Madhya Pradesh,0.35,0.0,0.26,0.0,1.22,2.24,18.89,12.61,4.07,2.38,0.0,0.0
23.5,79.75,Jabera Tahsil,Madhya Pradesh,0.6,0.0,0.19,0.0,0.85,2.41,21.32,14.45,3.73,1.7,0.0,0.0
23.5,80.0,Majholi Tahsil,Madhya Pradesh,0.61,0.0,0.18,0.0,0.78,2.39,21.61,14.57,3.67,1.69,0.0,0.0
23.5,80.25,Dhimarkheda Tahsil,Madhya Pradesh,0.91,0.0,0.15,0.0,0.91,2.01,22.14,18.51,3.47,1.38,0.0,0.0
23.5,80.5,Dhimarkheda Tahsil,Madhya Pradesh,1.3,0.0,0.1,0.0,0.81,1.2,23.52,23.51,2.85,1.19,0.0,0.0
23.5,80.75,Bandhogarh Umaria Tahsil,Madhya Pradesh,1.42,0.0,0.32,0.0,0.63,1.13,18.59,24.45,5.07,1.9,0.0,0.0
23.5,81.0,Manpur Tahsil,Madhya Pradesh,0.99,0.02,0.56,0.0,0.77,1.88,13.4,21.56,7.36,2.42,0.0,0.0
23.5,81.25,Pali Tahsil,Madhya Pradesh,0.5,0.06,0.89,0.0,0.92,2.05,10.66,19.88,8.49,2.97,0.0,0.0
23.5,81.5,Shahdol,Madhya Pradesh,0.5,0.05,0.92,0.0,0.75,1.76,10.63,20.54,8.56,3.31,0.0,0.0
23.5,81.75,Jaitpur Tahsil,Madhya Pradesh,0.53,0.04,0.85,0.0,0.51,2.19,10.67,19.75,8.24,2.69,0.0,0.0
23.5,82.0,Manendragarh Tahsil,Chhattisgarh,0.54,0.04,0.99,0.0,0.3,3.29,10.38,15.81,6.68,1.5,0.0,0.0
23.5,82.25,Manendragarh Tahsil,Chhattisgarh,0.48,0.05,1.1,0.01,0.24,2.76,8.51,13.03,5.92,1.35,0.0,0.0
23.5,82.5,Sonhat Tahsil,Chhattisgarh,0.46,0.06,1.03,0.01,0.22,1.72,7.22,12.36,5.64,1.49,0.0,0.0
23.5,82.75,Oudgi Tahsil,Chhattisgarh,0.48,0.08,0.9,0.01,0.29,0.97,6.78,13.48,6.02,1.78,0.0,0.0
23.5,83.0,Oudgi Tahsil,Chhattisgarh,0.53,0.09,0.81,0.03,0.44,0.64,7.74,17.04,6.37,2.43,0.0,0.0
23.5,83.25,Pratappur Tahsil,Chhattisgarh,0.55,0.15,0.91,0.02,0.42,1.74,9.88,20.34,5.61,2.72,0.0,0.0
23.5,83.5,Balrampur Tahsil,Chhattisgarh,0.5,0.18,0.85,0.01,0.76,2.77,10.59,19.76,6.88,2.35,0.0,0.0
23.5,83.75,Samri(Kusmi) Tahsil,Chhattisgarh,0.34,0.27,0.73,0.01,0.81,3.34,9.93,17.96,8.42,1.85,0.0,0.0
23.5,84.0,Samri(Kusmi) Tahsil,Chhattisgarh,0.23,0.39,0.49,0.02,1.32,3.76,9.43,14.14,11.85,0.99,0.0,0.0
23.5,84.25,Mahuadanr,Jharkhand,0.24,0.32,0.41,0.06,1.18,2.01,8.14,8.26,8.18,0.95,0.0,0.0
23.5,84.5,Peshrar,Jharkhand,0.29,0.19,1.49,0.0,1.53,5.47,8.76,12.52,12.52,1.14,0.0,0.0
23.5,84.75,Lohardaga,Jharkhand,0.37,0.11,1.07,0.01,2.29,4.01,10.8,12.05,10.32,1.49,0.0,0.0
23.5,85.0,Chanho,Jharkhand,0.4,0.11,0.09,0.04,1.6,3.68,8.13,12.51,9.68,2.35,0.0,0.0
23.5,85.25,Kanke,Jharkhand,0.06,0.1,0.19,0.0,0.72,2.01,3.91,6.65,3.43,1.64,0.0,0.0
23.5,85.5,Ormanjhi,Jharkhand,0.15,0.08,0.31,0.0,1.54,3.62,6.95,11.36,8.09,1.41,0.0,0.0
23.5,85.75,Gola,Jharkhand,0.05,0.03,0.44,0.01,0.79,3.74,8.02,7.8,6.81,0.64,0.0,0.0
23.5,86.0,Jaridih,Jharkhand,0.09,0.09,0.3,0.04,1.85,5.27,8.84,14.85,9.4,0.89,0.0,0.0
23.5,86.25,Chas,Jharkhand,0.12,0.14,0.19,0.03,1.81,5.68,8.64,17.7,10.48,0.79,0.0,0.0
23.5,86.5,Para,West Bengal,0.13,0.43,0.15,0.07,1.39,6.19,7.97,17.08,13.14,0.6,0.0,0.0
23.5,86.75,Raghunathpur - I,West Bengal,0.38,0.56,0.3,0.23,2.5,7.57,9.02,15.59,13.0,1.35,0.0,0.0
23.5,87.0,Saltora,West Bengal,0.6,0.08,0.04,0.68,2.38,7.92,6.53,18.6,8.47,1.59,0.0,0.0
23.5,87.25,Barjora,West Bengal,0.7,0.78,0.02,0.55,2.38,4.94,8.74,14.61,8.31,1.93,0.02,0.0
23.5,87.5,Ausgram - II,West Bengal,0.61,0.98,0.14,0.44,3.36,7.06,7.74,13.99,8.15,1.73,0.0,0.0
23.5,87.75,Mangolkote,West Bengal,0.49,1.33,0.27,0.29,5.41,6.47,5.7,11.27,5.37,0.71,0.0,0.0
23.5,88.0,Mangolkote,West Bengal,0.03,1.25,0.71,0.15,5.95,3.81,8.26,10.29,5.28,1.88,0.06,0.0
23.5,88.25,Purbasthali - II,West Bengal,0.03,0.84,0.65,0.19,4.29,5.81,11.21,13.51,4.58,1.88,0.23,0.0
23.5,88.5,Krishnagar-II,West Bengal,0.03,1.11,0.73,0.16,4.16,5.89,12.55,14.14,4.51,2.67,0.72,0.0
23.5,88.75,Damurhuda Upazila,Khulna Division,0.02,1.15,0.7,0.16,4.14,5.92,13.19,15.08,4.57,3.03,0.86,0.0
23.5,91.25,Sonamura,Tripura,0.02,0.98,3.62,2.79,12.02,8.05,12.96,10.72,6.95,4.56,7.15,0.0
23.5,91.5,Udaipur,Tripura,0.18,1.04,3.74,3.29,12.33,7.34,12.33,11.13,8.06,5.06,5.83,0.0
23.5,91.75,Amarpur,Tripura,0.11,0.99,3.77,7.25,11.94,11.0,11.06,10.82,11.65,6.08,4.53,0.0
23.5,92.25,Bagaichhari Upazila,Chattogram Division,0.02,0.98,2.37,5.6,6.76,9.04,16.43,10.06,15.51,4.66,3.16,0.0
23.5,92.5,West Phaileng,Mizoram,0.02,1.34,2.28,4.05,4.35,7.03,20.62,9.39,15.69,4.05,3.07,0.0
23.5,92.75,Aibawk,Mizoram,0.02,1.19,2.43,5.08,5.7,8.26,18.36,9.7,15.71,4.3,3.03,0.0
23.5,93.0,Serchhip,Mizoram,0.02,1.13,2.42,5.55,6.3,8.85,17.52,9.59,15.66,4.14,3.02,0.0
23.5,93.25,Khawzawl,Mizoram,0.02,1.15,2.27,5.08,5.79,8.33,18.28,9.32,15.62,3.85,3.05,0.0
23.75,68.0,Sujawal District,Sindh,0.0,0.0,0.0,0.0,0.0,0.43,0.77,8.12,0.0,0.0,0.0,0.0
23.75,68.25,Unknown,Gujarat,0.0,0.0,0.0,0.0,0.0,0.43,0.78,8.18,0.0,0.0,0.0,0.0
23.75,68.5,Unknown,Gujarat,0.0,0.0,0.0,0.0,0.0,0.47,0.77,8.2,0.0,0.0,0.0,0.0
23.75,68.75,Lakhpat Taluka,Gujarat,0.0,0.0,0.0,0.0,0.0,0.53,0.77,8.11,0.0,0.0,0.0,0.0
23.75,69.0,Lakhpat Taluka,Gujarat,0.0,0.0,0.0,0.0,0.0,0.45,0.78,8.49,0.0,0.02,0.0,0.0
23.75,69.25,Bhuj Taluka,Gujarat,0.0,0.0,0.0,0.0,0.04,0.4,0.8,9.26,0.0,0.13,0.0,0.0
23.75,69.5,Bhuj Taluka,Gujarat,0.0,0.0,0.0,0.0,0.22,0.34,0.88,7.97,0.08,0.76,0.0,0.0
23.75,69.75,Bhuj Taluka,Gujarat,0.0,0.0,0.0,0.0,0.26,0.23,1.19,6.71,0.22,1.79,0.0,0.0
23.75,70.0,Unknown,Gujarat,0.0,0.0,0.0,0.0,0.2,0.47,1.73,5.58,0.18,3.3,0.0,0.0
23.75,70.25,Unknown,Gujarat,0.0,0.0,0.0,0.0,0.0,0.9,2.21,6.35,0.13,3.47,0.0,0.0
23.75,70.5,Rapar Taluka,Gujarat,0.0,0.0,0.0,0.0,0.0,1.31,2.4,6.93,0.01,3.34,0.0,0.0
23.75,70.75,Rapar Taluka,Gujarat,0.0,0.0,0.0,0.0,0.0,1.31,2.36,6.8,0.0,3.26,0.0,0.0
23.75,71.0,Unknown,Gujarat,0.0,0.0,0.0,0.0,0.0,0.77,2.16,8.39,0.25,3.19,0.0,0.0
23.75,71.25,Santalpur Taluka,Gujarat,0.0,0.0,0.0,0.0,0.0,0.13,2.54,10.08,0.57,3.32,0.0,0.0
23.75,71.5,Radhanpur Taluka,Gujarat,0.0,0.0,0.0,0.0,0.0,0.25,2.48,12.96,0.99,3.52,0.0,0.0
23.75,71.75,Sami Taluka,Gujarat,0.0,0.0,0.0,0.0,0.0,0.18,5.7,10.06,0.48,2.63,0.0,0.0
23.75,72.0,Patan Taluka,Gujarat,0.0,0.0,0.0,0.0,0.0,0.09,4.59,6.19,0.28,2.07,0.0,0.0
23.75,72.25,Patan Taluka,Gujarat,0.0,0.0,0.0,0.0,0.0,0.33,8.61,7.37,0.59,1.17,0.0,0.0
23.75,72.5,Visnagar Taluka,Gujarat,0.0,0.0,0.0,0.0,0.0,0.1,3.24,7.07,0.14,1.35,0.0,0.0
23.75,72.75,Vijapur Taluka,Gujarat,0.0,0.0,0.0,0.0,0.0,0.59,5.14,8.83,1.01,1.31,0.0,0.0
23.75,73.0,Idar Taluka,Gujarat,0.0,0.0,0.0,0.0,0.0,0.57,7.32,9.63,1.4,1.29,0.0,0.0
23.75,73.25,Bhiloda Taluka,Gujarat,0.0,0.0,0.0,0.0,0.0,0.95,8.73,12.59,2.05,1.8,0.0,0.0
23.75,73.5,Bichiwara Tehsil,Rajasthan,0.0,0.0,0.0,0.0,0.02,1.24,13.07,12.5,0.6,0.71,0.0,0.0
23.75,73.75,Jhonthtri Tehsil,Rajasthan,0.0,0.0,0.0,0.0,0.0,1.18,13.36,13.85,0.53,0.73,0.0,0.0
23.75,74.0,Sagwara Tehsil,Rajasthan,0.0,0.0,0.0,0.0,0.0,1.83,13.26,12.81,1.46,1.01,0.0,0.0
23.75,74.25,Garhi Tehsil,Rajasthan,0.0,0.0,0.0,0.0,0.0,1.44,11.45,16.63,2.99,0.8,0.0,0.0
23.75,74.5,Ghatol Tehsil,Rajasthan,0.0,0.0,0.0,0.0,0.0,1.33,12.04,23.53,6.24,3.87,0.0,0.0
23.75,74.75,Peepal Khoont Tehsil,Rajasthan,0.0,0.0,0.0,0.0,0.15,2.88,9.8,24.53,3.58,2.27,0.0,0.0
23.75,75.0,Piploda Tahsil,Madhya Pradesh,0.01,0.0,0.0,0.0,0.28,2.85,7.47,21.36,2.93,1.2,0.0,0.0
23.75,75.25,Jaora Tahsil,Madhya Pradesh,0.05,0.0,0.01,0.0,0.41,3.18,8.53,16.84,2.22,1.34,0.0,0.0
23.75,75.5,Alot Tahsil,Madhya Pradesh,0.2,0.0,0.0,0.0,0.42,3.27,11.78,16.52,3.09,0.84,0.0,0.0
23.75,75.75,Badod Tahsil,Madhya Pradesh,0.04,0.0,0.0,0.0,0.15,4.18,18.72,19.65,3.19,0.74,0.0,0.0
23.75,76.0,Agar Tahsil,Madhya Pradesh,0.01,0.0,0.0,0.0,0.07,4.39,16.35,19.74,2.59,1.43,0.0,0.0
23.75,76.25,Nalkheda Tahsil,Madhya Pradesh,0.09,0.0,0.0,0.0,0.17,4.46,15.64,18.4,1.51,1.15,0.0,0.0
23.75,76.5,Sarangpur Tahsil,Madhya Pradesh,0.21,0.0,0.0,0.0,0.34,3.82,16.1,20.85,1.49,1.19,0.0,0.0
23.75,76.75,Khujner Tahsil,Madhya Pradesh,0.5,0.0,0.0,0.0,0.42,3.51,15.01,24.25,1.4,1.78,0.0,0.0
23.75,77.0,Narsinghgarh Tahsil,Madhya Pradesh,0.87,0.0,0.01,0.0,0.33,4.08,14.91,22.19,1.27,0.8,0.0,0.0
23.75,77.25,Berasia Tahsil,Madhya Pradesh,0.75,0.0,0.15,0.0,0.22,5.04,18.1,20.57,1.61,0.98,0.0,0.0
23.75,77.5,Berasia Tahsil,Madhya Pradesh,0.47,0.0,0.35,0.0,0.08,4.69,19.82,20.49,1.96,2.11,0.0,0.0
23.75,77.75,Nateran Tahsil,Madhya Pradesh,0.35,0.0,0.46,0.0,0.03,4.1,20.22,20.79,2.46,2.93,0.0,0.0
23.75,78.0,Basoda Tahsil,Madhya Pradesh,0.4,0.0,0.25,0.0,0.15,4.41,22.28,20.52,2.4,1.6,0.0,0.0
23.75,78.25,Tyonda Tahsil,Madhya Pradesh,0.38,0.0,0.18,0.0,0.24,4.64,22.5,19.36,2.43,1.38,0.0,0.0
23.75,78.5,Jaisinagar Tahsil,Madhya Pradesh,0.51,0.0,0.17,0.0,0.2,4.13,21.17,15.02,2.82,1.24,0.0,0.0
23.75,78.75,Jaisinagar Tahsil,Madhya Pradesh,0.66,0.0,0.09,0.0,0.11,2.71,19.85,10.68,3.29,1.04,0.0,0.0
23.75,79.0,Rehli Tahsil,Madhya Pradesh,0.65,0.0,0.11,0.0,0.11,2.7,19.95,10.57,3.37,1.27,0.0,0.0
23.75,79.25,Garhakota Tahsil,Madhya Pradesh,0.28,0.0,0.03,0.0,0.03,1.59,19.44,9.07,3.38,3.46,0.0,0.0
23.75,79.5,Damoh Tahsil,Madhya Pradesh,0.81,0.0,0.02,0.0,0.05,2.21,24.18,15.16,3.1,1.48,0.0,0.0
23.75,79.75,Jabera Tahsil,Madhya Pradesh,0.83,0.0,0.05,0.0,0.22,2.39,23.9,15.75,3.24,1.25,0.0,0.0
23.75,80.0,Bahoriband Tahsil,Madhya Pradesh,0.73,0.01,0.12,0.0,0.43,2.31,23.58,15.13,3.3,1.46,0.0,0.0
23.75,80.25,Rithi Tahsil,Madhya Pradesh,1.25,0.0,0.15,0.0,0.48,1.41,24.24,22.58,2.49,0.96,0.0,0.0
23.75,80.5,Katni,Madhya Pradesh,1.39,0.0,0.12,0.0,0.51,1.01,24.26,24.48,2.34,1.01,0.0,0.0
23.75,80.75,Barhi Tahsil,Madhya Pradesh,1.44,0.0,0.25,0.0,0.57,0.77,20.95,25.16,3.6,1.63,0.0,0.0
23.75,81.0,Manpur Tahsil,Madhya Pradesh,1.23,0.0,0.46,0.0,0.39,1.11,14.57,22.17,5.98,2.42,0.0,0.0
23.75,81.25,Jaisinghnagar Tahsil,Madhya Pradesh,0.95,0.01,0.73,0.0,0.24,1.71,10.88,20.69,8.22,3.0,0.0,0.0
23.75,81.5,Jaisinghnagar Tahsil,Madhya Pradesh,0.71,0.01,0.93,0.0,0.17,1.45,10.57,21.32,8.73,3.74,0.0,0.0
23.75,81.75,Bharatpur Tahsil,Chhattisgarh,0.6,0.03,0.95,0.0,0.38,1.55,10.57,21.05,8.66,3.6,0.0,0.0
23.75,82.0,Bharatpur Tahsil,Chhattisgarh,0.56,0.02,0.91,0.0,0.02,2.38,10.54,18.77,7.82,2.55,0.0,0.0
23.75,82.25,Bharatpur Tahsil,Chhattisgarh,0.52,0.04,1.07,0.0,0.12,2.08,8.12,13.39,5.88,1.7,0.0,0.0
23.75,82.5,Sonhat Tahsil,Chhattisgarh,0.53,0.05,1.05,0.01,0.31,1.97,9.09,12.57,6.44,1.11,0.0,0.0
23.75,82.75,Oudgi Tahsil,Chhattisgarh,0.54,0.05,0.94,0.01,0.37,1.23,9.95,13.76,7.04,1.18,0.0,0.0
23.75,83.0,Pratappur Tahsil,Chhattisgarh,0.65,0.09,0.94,0.0,0.4,1.65,11.91,17.6,6.78,1.67,0.0,0.0
23.75,83.25,Wadrafnagar Tahsil,Chhattisgarh,0.97,0.16,1.17,0.0,0.43,2.37,11.26,19.94,5.33,2.41,0.0,0.0
23.75,83.5,Ramanujganj Tahsil,Chhattisgarh,0.95,0.2,1.04,0.0,0.19,2.54,10.77,21.3,4.66,2.73,0.0,0.0
23.75,83.75,Bhandaria,Jharkhand,0.54,0.13,0.98,0.01,0.65,2.74,11.26,18.81,7.85,2.3,0.0,0.0
23.75,84.0,Bhandaria,Jharkhand,0.18,0.17,0.33,0.0,1.81,4.77,9.39,16.55,12.67,0.95,0.0,0.0
23.75,84.25,Barwadih,Jharkhand,0.29,0.26,1.08,0.0,0.41,4.96,11.41,19.66,16.84,1.7,0.0,0.0
23.75,84.5,Latehar,Jharkhand,0.32,0.14,0.89,0.0,1.74,3.42,10.62,15.0,15.09,3.51,0.0,0.0
23.75,84.75,Chandwa,Jharkhand,0.38,0.11,0.89,0.01,2.71,3.06,12.07,12.71,10.14,2.35,0.0,0.0
23.75,85.0,Tandwa,Jharkhand,0.4,0.09,0.09,0.03,1.6,3.68,8.13,12.35,9.68,2.54,0.0,0.0
23.75,85.25,Barkagaon,Jharkhand,0.25,0.07,0.14,0.03,1.16,3.09,7.17,9.63,6.2,2.49,0.0,0.0
23.75,85.5,Mandu,Jharkhand,0.22,0.04,0.21,0.0,2.09,2.55,5.93,9.89,7.69,0.34,0.0,0.0
23.75,85.75,Gumia,Jharkhand,0.14,0.05,0.24,0.0,1.66,3.25,7.23,8.67,9.57,1.1,0.0,0.0
23.75,86.0,Peterwar,Jharkhand,0.12,0.14,0.27,0.0,2.36,4.94,9.06,11.91,13.01,1.22,0.0,0.0
23.75,86.25,Baghmara-Cum-Katras,Jharkhand,0.12,0.31,0.21,0.0,1.79,6.22,7.7,13.5,14.55,0.7,0.0,0.0
23.75,86.5,Baliapur,Jharkhand,0.16,0.52,0.1,0.11,2.62,6.65,7.5,13.53,18.77,1.05,0.0,0.0
23.75,86.75,Nirsa-Cum-Chirkunda,Jharkhand,0.28,0.77,0.27,0.02,2.27,7.61,8.82,15.33,14.13,1.23,0.0,0.0
23.75,87.0,Barabani,West Bengal,0.72,0.54,0.1,0.5,3.73,9.93,11.09,11.15,9.98,1.49,0.01,0.0
23.75,87.25,Khoyrasol,West Bengal,0.84,0.52,0.08,0.51,3.54,8.95,9.58,11.1,8.99,1.68,0.0,0.0
23.75,87.5,Dubrajpur,West Bengal,0.78,0.57,0.05,0.52,2.62,6.85,7.88,9.37,6.51,0.47,0.0,0.0
23.75,87.75,Bolpur Sriniketan,West Bengal,0.96,0.45,0.07,0.53,2.77,5.9,7.57,9.87,6.16,1.53,0.0,0.0
23.75,88.0,Ketugram - I,West Bengal,0.76,0.33,0.34,0.62,2.09,3.54,8.47,12.28,6.52,1.66,0.03,0.0
23.75,88.25,Kaliganj,West Bengal,0.58,0.48,0.48,0.44,2.47,4.63,9.06,10.93,5.25,1.79,0.16,0.0
23.75,88.5,Tehatta-I,West Bengal,0.49,0.49,0.52,0.38,2.58,4.62,10.29,12.07,5.56,2.05,0.42,0.0
23.75,91.0,Muradnagar Upazila,Chattogram Division,0.0,0.0,0.0,0.0,0.0,0.0,0.0,0.0,0.0,0.0,0.0,0.0
23.75,91.25,Sadar,Tripura,0.38,0.77,4.18,4.41,13.49,5.0,10.18,7.98,5.69,4.08,7.58,0.0
23.75,91.5,Jampuijala,Tripura,0.25,1.34,4.26,4.55,14.14,6.76,9.99,10.45,8.11,4.08,7.0,0.02
23.75,91.75,Teliamura,Tripura,0.19,2.02,3.96,9.36,15.67,10.83,9.07,12.07,13.72,5.7,4.77,0.03
23.75,92.0,Longtharai Valley,Tripura,0.04,1.08,2.91,10.83,11.54,12.28,8.93,10.68,14.69,5.45,3.0,0.06
23.75,92.25,Kanchanpur,Tripura,0.01,0.85,3.14,11.35,12.0,14.72,8.84,11.9,16.0,6.89,3.25,0.0
23.75,92.5,West Phaileng,Mizoram,0.02,0.57,2.26,8.04,9.82,11.74,10.94,9.85,14.8,4.3,3.33,0.01
23.75,92.75,Tlangnuam,Mizoram,0.04,1.02,2.47,6.94,7.96,10.39,15.01,9.8,15.81,4.68,3.23,0.01
23.75,93.0,Thingsulthliah,Mizoram,0.03,1.05,2.41,7.33,8.42,10.67,14.74,9.83,16.05,4.81,3.23,0.01
23.75,93.25,Ngopa,Mizoram,0.06,0.96,2.1,6.52,7.63,9.62,14.83,9.02,14.69,4.52,3.13,0.01
24.0,68.0,Sujawal District,Sindh,0.0,0.0,0.0,0.0,0.0,0.5,0.77,8.1,0.0,0.0,0.0,0.0
24.0,68.25,Sujawal District,Sindh,0.0,0.0,0.0,0.0,0.0,0.48,0.77,8.13,0.0,0.0,0.0,0.0
24.0,68.5,Sujawal District,Sindh,0.0,0.0,0.0,0.0,0.0,0.49,0.77,8.17,0.0,0.0,0.0,0.0
24.0,68.75,Sujawal District,Sindh,0.0,0.0,0.0,0.0,0.0,0.51,0.77,8.17,0.0,0.0,0.0,0.0
24.0,69.0,Unknown,Gujarat,0.0,0.0,0.0,0.0,0.0,0.48,0.77,8.39,0.0,0.01,0.0,0.0
24.0,69.25,Unknown,Gujarat,0.0,0.0,0.0,0.0,0.03,0.45,0.79,8.72,0.0,0.1,0.0,0.0
24.0,69.5,Unknown,Gujarat,0.0,0.0,0.0,0.0,0.12,0.42,0.87,8.53,0.05,0.41,0.0,0.0
24.0,69.75,Unknown,Gujarat,0.0,0.0,0.0,0.0,0.25,0.24,1.14,6.89,0.16,1.89,0.0,0.0
24.0,70.0,Unknown,Gujarat,0.0,0.0,0.0,0.0,0.14,0.64,1.92,5.95,0.15,3.49,0.0,0.0
24.0,70.25,Unknown,Gujarat,0.0,0.0,0.0,0.0,0.05,0.94,2.19,6.54,0.08,3.66,0.0,0.0
24.0,70.5,Unknown,Gujarat,0.0,0.0,0.0,0.0,0.0,1.23,2.33,6.75,0.01,3.49,0.0,0.0
24.0,70.75,Unknown,Gujarat,0.0,0.0,0.0,0.0,0.0,1.13,2.31,7.61,0.12,3.04,0.0,0.0
24.0,71.0,Unknown,Gujarat,0.0,0.0,0.0,0.0,0.0,0.23,1.56,8.16,0.48,2.36,0.0,0.0
24.0,71.25,Unknown,Gujarat,0.0,0.0,0.0,0.0,0.0,0.1,1.7,9.12,0.51,2.96,0.0,0.0
24.0,71.5,Bhabhar Taluka,Gujarat,0.0,0.0,0.0,0.0,0.0,0.04,1.93,7.4,0.17,3.4,0.0,0.0
24.0,71.75,Kankrej Taluka,Gujarat,0.0,0.0,0.0,0.0,0.0,0.0,4.83,7.33,0.0,2.37,0.0,0.0
24.0,72.0,Kankrej Taluka,Gujarat,0.0,0.0,0.0,0.0,0.0,0.08,6.51,6.11,0.63,2.04,0.0,0.0
24.0,72.25,Sidhpur Taluka,Gujarat,0.0,0.0,0.0,0.0,0.0,0.51,6.8,7.37,1.13,1.28,0.0,0.0
24.0,72.5,Vadgam Taluka,Gujarat,0.0,0.0,0.0,0.0,0.0,0.11,5.32,7.7,1.36,1.08,0.0,0.0
24.0,72.75,Satlasana Taluka,Gujarat,0.0,0.0,0.0,0.0,0.0,0.35,7.22,8.45,2.48,4.79,0.0,0.0
24.0,73.0,Vadali Taluka,Gujarat,0.0,0.0,0.0,0.0,0.0,0.68,7.71,8.88,1.68,2.97,0.0,0.0
24.0,73.25,Vijayanagar Taluka,Gujarat,0.0,0.0,0.0,0.0,0.01,1.99,7.82,12.34,1.53,1.83,0.0,0.0
24.0,73.5,Kherwara Tehsil,Rajasthan,0.0,0.0,0.0,0.0,0.22,1.69,13.56,12.05,0.07,0.81,0.0,0.0
24.0,73.75,Rishabhdeo Tehsil,Rajasthan,0.0,0.0,0.0,0.0,0.0,1.95,10.22,12.1,0.39,1.22,0.0,0.0
24.0,74.0,Salumbar Tehsil,Rajasthan,0.0,0.0,0.03,0.0,0.04,2.81,12.46,15.96,1.72,1.67,0.0,0.0
24.0,74.25,Salumbar Tehsil,Rajasthan,0.0,0.0,0.01,0.0,0.01,0.92,12.29,16.17,1.91,1.39,0.0,0.0
24.0,74.5,Dhariawad Tehsil,Rajasthan,0.0,0.0,0.0,0.0,0.0,2.77,12.3,20.36,3.79,1.53,0.0,0.0
24.0,74.75,Pratapgarh Tehsil,Rajasthan,0.0,0.0,0.0,0.0,0.0,3.62,11.17,20.59,3.88,0.84,0.0,0.0
24.0,75.0,Daloda Tahsil,Madhya Pradesh,0.02,0.0,0.0,0.0,0.14,3.34,8.58,19.1,3.19,0.81,0.0,0.0
24.0,75.25,Mandsaur Tahsil,Madhya Pradesh,0.0,0.0,0.0,0.0,0.7,4.18,9.7,16.09,2.15,0.85,0.0,0.0
24.0,75.5,Gangdhar Tehsil,Rajasthan,0.01,0.0,0.0,0.0,0.66,3.69,10.29,14.2,1.94,1.05,0.0,0.0
24.0,75.75,Suwasra Tahsil,Madhya Pradesh,0.16,0.0,0.0,0.0,0.07,2.41,16.21,16.48,2.27,0.11,0.0,0.0
24.0,76.0,Susner Tahsil,Madhya Pradesh,0.0,0.0,0.0,0.0,0.01,2.96,12.83,20.11,2.1,0.51,0.0,0.0
24.0,76.25,Susner Tahsil,Madhya Pradesh,0.07,0.0,0.01,0.0,0.09,4.67,12.98,21.39,2.11,0.87,0.0,0.0
24.0,76.5,Khilchipur Tahsil,Madhya Pradesh,0.25,0.0,0.01,0.0,0.16,3.53,13.71,22.54,2.89,0.79,0.0,0.0
24.0,76.75,Rajgarh Tahsil,Madhya Pradesh,0.24,0.0,0.0,0.0,0.47,3.04,15.13,26.66,1.1,2.59,0.0,0.0
24.0,77.0,Biaora Tahsil,Madhya Pradesh,0.53,0.0,0.1,0.0,0.2,4.36,16.69,23.38,1.23,1.17,0.0,0.0
24.0,77.25,Maksoodangarh Tahsil,Madhya Pradesh,0.73,0.0,0.28,0.0,0.16,6.42,19.42,23.07,2.02,0.49,0.0,0.0
24.0,77.5,Lateri Tahsil,Madhya Pradesh,0.52,0.0,0.18,0.0,0.12,4.45,19.74,17.1,0.84,1.8,0.0,0.0
24.0,77.75,Nateran Tahsil,Madhya Pradesh,0.35,0.01,0.36,0.0,0.04,3.84,19.69,19.48,1.77,2.6,0.0,0.0
24.0,78.0,Kurwai Tahsil,Madhya Pradesh,0.2,0.01,0.31,0.0,0.02,4.21,20.32,16.48,1.2,2.57,0.0,0.0
24.0,78.25,Pathardi Tahsil,Madhya Pradesh,0.16,0.0,0.3,0.0,0.03,4.72,21.26,15.6,1.18,2.6,0.0,0.0
24.0,78.5,Malthon Tahsil,Madhya Pradesh,0.42,0.0,0.27,0.0,0.1,4.3,20.95,14.64,2.14,1.57,0.0,0.0
24.0,78.75,Banda Tahsil,Madhya Pradesh,0.83,0.0,0.42,0.0,0.18,4.41,21.06,13.64,3.57,0.59,0.0,0.0
24.0,79.0,Banda Tahsil,Madhya Pradesh,0.9,0.01,0.43,0.0,0.22,4.72,24.13,15.57,3.95,0.71,0.0,0.0
24.0,79.25,Patharia Tahsil,Madhya Pradesh,0.85,0.02,0.35,0.0,0.16,3.64,27.09,16.04,3.22,1.07,0.0,0.0
24.0,79.5,Patera Tahsil,Madhya Pradesh,0.79,0.02,0.15,0.0,0.07,2.06,28.01,14.86,2.57,1.33,0.0,0.0
24.0,79.75,Patera Tahsil,Madhya Pradesh,0.83,0.01,0.08,0.0,0.04,2.32,25.5,15.44,2.97,1.33,0.0,0.0
24.0,80.0,Raipura Tahsil,Madhya Pradesh,1.0,0.01,0.11,0.0,0.12,2.0,26.4,17.99,2.58,0.96,0.0,0.0
24.0,80.25,Shahnagar Tahsil,Madhya Pradesh,1.35,0.0,0.22,0.0,0.45,1.04,24.68,24.4,2.03,0.88,0.0,0.0
24.0,80.5,Vijayraghavgarh Tahsil,Madhya Pradesh,1.45,0.0,0.15,0.0,0.57,0.8,24.18,25.56,2.21,1.01,0.0,0.0
24.0,80.75,Vijayraghavgarh Tahsil,Madhya Pradesh,1.42,0.0,0.15,0.0,0.54,0.74,22.62,25.18,2.48,1.09,0.0,0.0
24.0,81.0,Manpur Tahsil,Madhya Pradesh,1.29,0.0,0.31,0.0,0.36,0.97,16.08,22.23,4.73,1.92,0.0,0.0
24.0,81.25,Beohari Tahsil,Madhya Pradesh,1.14,0.0,0.48,0.0,0.21,1.2,12.16,20.32,6.22,2.43,0.0,0.0
24.0,81.5,Beohari Tahsil,Madhya Pradesh,0.9,0.0,0.69,0.0,0.02,1.48,10.49,20.11,7.75,3.01,0.0,0.0
24.0,81.75,Kusmi Tahsil,Madhya Pradesh,0.74,0.0,0.68,0.0,0.0,1.46,10.94,20.03,7.75,2.95,0.0,0.0
24.0,82.0,Kusmi Tahsil,Madhya Pradesh,0.69,0.0,0.79,0.0,0.0,1.8,11.52,18.83,7.31,2.63,0.0,0.0
24.0,82.25,Sarai Tahsil,Madhya Pradesh,0.62,0.03,1.01,0.0,0.19,2.4,11.04,16.67,7.59,2.23,0.0,0.0
24.0,82.5,Mada Tahsil,Madhya Pradesh,0.63,0.03,0.92,0.0,0.35,1.12,11.61,14.3,7.1,1.07,0.0,0.0
24.0,82.75,Singrauli Tahsil,Madhya Pradesh,0.68,0.0,1.03,0.0,0.51,2.06,14.66,15.87,8.52,0.62,0.0,0.0
24.0,83.0,Dudhi,Uttar Pradesh,0.87,0.04,1.17,0.0,0.71,1.77,13.82,16.33,7.87,1.04,0.0,0.0
24.0,83.25,Ramanujganj Tahsil,Chhattisgarh,0.94,0.11,1.27,0.0,0.62,2.13,12.13,18.26,6.53,1.9,0.0,0.0
24.0,83.5,Ramanujganj Tahsil,Chhattisgarh,1.12,0.14,1.81,0.0,1.21,2.32,10.72,18.07,5.84,2.53,0.0,0.0
24.0,83.75,Ranka Kalan,Jharkhand,0.78,0.01,1.39,0.02,0.87,1.72,12.84,15.57,9.18,2.5,0.0,0.0
24.0,84.0,Chainpur,Jharkhand,0.44,0.03,0.78,0.01,1.05,2.99,11.58,16.01,10.67,2.18,0.0,0.0
24.0,84.25,Nilambar-Pitambarpur(Lesliganj),Jharkhand,0.38,0.01,0.34,0.0,0.04,3.97,12.06,15.77,11.99,4.0,0.0,0.0
24.0,84.5,Panki,Jharkhand,0.45,0.08,0.73,0.0,0.99,3.7,11.25,15.68,14.08,3.45,0.0,0.0
24.0,84.75,Bariyatu,Jharkhand,0.43,0.06,0.8,0.01,2.73,2.96,10.87,13.43,12.04,3.25,0.0,0.0
24.0,85.0,Tandwa,Jharkhand,0.44,0.03,0.82,0.0,2.96,3.24,10.25,12.36,11.5,3.9,0.0,0.0
24.0,85.25,Katamdag,Jharkhand,0.34,0.02,0.71,0.0,2.42,3.31,9.1,12.49,11.0,3.29,0.0,0.0
24.0,85.5,Daru,Jharkhand,0.33,0.01,0.27,0.0,1.91,4.49,6.9,12.0,9.21,1.43,0.0,0.0
24.0,85.75,Bishungarh,Jharkhand,0.61,0.02,0.35,0.0,2.05,7.88,8.77,10.56,17.95,4.79,0.0,0.0
24.0,86.0,Dumri,Jharkhand,0.09,0.12,0.26,0.0,1.83,3.37,7.83,11.59,11.04,1.45,0.0,0.0
24.0,86.25,Pirtanr,Jharkhand,0.12,0.34,0.19,0.0,0.98,2.79,4.95,13.25,9.92,0.75,0.0,0.0
24.0,86.5,Narayanpur,Jharkhand,0.28,0.4,0.2,0.04,3.22,8.08,8.35,10.16,9.45,1.37,0.0,0.0
24.0,86.75,Jamtara,Jharkhand,0.42,0.72,0.17,0.02,2.62,8.41,11.4,10.19,9.62,1.11,0.0,0.0
24.0,87.0,Fatehpur,Jharkhand,0.64,0.42,0.21,0.19,3.2,9.32,14.59,9.9,10.41,1.27,0.0,0.0
24.0,87.25,Rajnagar,West Bengal,0.87,0.34,0.2,0.38,4.09,7.46,8.81,9.54,8.01,2.46,0.0,0.0
24.0,87.5,Mohammad Bazar,West Bengal,1.08,0.41,0.27,0.44,4.03,7.9,9.6,7.71,7.11,1.85,0.0,0.0
24.0,87.75,Mayureswar - II,West Bengal,1.25,0.4,0.27,0.71,2.01,7.45,6.82,5.92,5.45,2.1,0.0,0.0
24.0,88.0,Khargram,West Bengal,1.38,0.35,0.26,0.76,1.74,5.14,8.94,6.32,8.06,1.66,0.0,0.0
24.0,88.25,Beldanga - I,West Bengal,1.0,0.32,0.33,0.64,1.85,4.31,8.77,6.64,8.26,1.7,0.0,0.0
24.0,88.5,Domkal,West Bengal,0.82,0.3,0.3,0.52,1.87,4.01,9.14,7.53,7.95,1.52,0.03,0.0
24.0,91.25,Brahmanbaria Sadar Upazila,Chattogram Division,0.28,1.89,4.97,6.93,15.41,6.17,7.98,7.87,6.32,4.57,7.36,0.0
24.0,91.5,Khowai,Tripura,0.25,2.76,4.17,6.83,17.22,7.53,8.03,12.99,9.69,3.7,6.0,0.04
24.0,91.75,Khowai,Tripura,0.17,3.78,4.39,11.1,19.73,9.01,8.34,14.02,11.17,3.34,5.16,0.14
24.0,92.0,Longtharai Valley,Tripura,0.1,1.85,3.48,12.54,13.6,10.54,7.67,12.37,12.76,5.0,2.91,0.17
24.0,92.25,Kanchanpur,Tripura,0.04,0.98,3.15,11.49,12.25,13.84,8.17,11.52,15.24,6.34,3.14,0.04
24.0,92.5,Zawlnuam,Mizoram,0.06,0.89,2.53,10.41,11.66,12.55,8.55,10.33,14.99,4.96,3.12,0.05
24.0,92.75,'N' Thingdawl,Mizoram,0.03,1.05,2.74,11.6,12.93,14.63,10.25,10.79,17.73,6.01,3.12,0.03
24.0,93.0,Phullen,Mizoram,0.06,1.67,2.57,13.96,15.16,15.89,12.9,10.25,21.39,6.31,2.73,0.07
24.0,93.25,Ngopa,Mizoram,0.14,1.59,1.84,12.08,13.56,11.37,12.87,6.69,15.85,5.47,2.26,0.08
24.0,93.5,Singngat subdivision,Manipur,0.19,1.17,1.29,9.37,11.36,7.16,11.46,3.77,9.41,4.53,2.02,0.07
24.0,93.75,Tedim District,Chin,0.21,0.95,1.03,7.96,10.21,5.15,10.77,2.51,6.37,4.04,1.95,0.07
24.0,94.0,Chakpikarong subdivision,Manipur,0.21,0.91,0.99,7.74,10.03,4.87,10.89,2.36,5.94,3.96,1.95,0.07
24.25,68.75,Sujawal District,Sindh,0.0,0.0,0.0,0.0,0.0,0.51,0.77,8.21,0.0,0.0,0.0,0.0
24.25,69.0,Badin District,Unknown,0.0,0.0,0.0,0.0,0.0,0.5,0.77,8.35,0.0,0.0,0.0,0.0
24.25,69.25,Unknown,Gujarat,0.0,0.0,0.0,0.0,0.01,0.49,0.77,8.54,0.0,0.04,0.0,0.0
24.25,69.5,Unknown,Gujarat,0.0,0.0,0.0,0.0,0.1,0.44,0.77,8.42,0.0,0.31,0.0,0.0
24.25,69.75,Tharparkar District,Sindh,0.0,0.0,0.0,0.0,0.23,0.45,1.15,7.48,0.0,1.95,0.0,0.0
24.25,70.0,Tharparkar District,Sindh,0.0,0.0,0.0,0.0,0.11,0.82,2.02,6.3,0.07,3.53,0.0,0.0
24.25,70.25,Unknown,Gujarat,0.0,0.0,0.0,0.0,0.03,1.08,2.28,6.81,0.03,3.63,0.0,0.0
24.25,70.5,Unknown,Gujarat,0.0,0.0,0.0,0.0,0.0,0.96,2.12,6.75,0.07,3.19,0.0,0.0
24.25,70.75,Tharparkar District,Sindh,0.0,0.0,0.0,0.0,0.0,0.62,1.73,6.27,0.14,2.06,0.0,0.0
24.25,71.0,Unknown,Gujarat,0.0,0.0,0.0,0.0,0.0,0.04,1.27,6.48,0.32,1.56,0.0,0.0
24.25,71.25,Unknown,Gujarat,0.0,0.0,0.0,0.0,0.0,0.0,1.16,5.54,0.22,1.24,0.0,0.0
24.25,71.5,Vav Taluka,Gujarat,0.0,0.0,0.0,0.0,0.0,0.0,1.11,5.25,0.18,0.93,0.0,0.0
24.25,71.75,Deodar Taluka,Gujarat,0.0,0.0,0.0,0.0,0.0,0.0,2.25,6.51,0.02,2.2,0.0,0.0
24.25,72.0,Deesa Taluka,Gujarat,0.0,0.0,0.0,0.0,0.0,0.11,5.51,5.51,1.53,2.42,0.0,0.0
24.25,72.25,Deesa Taluka,Gujarat,0.0,0.0,0.0,0.0,0.0,0.21,6.86,6.99,1.3,1.88,0.0,0.0
24.25,72.5,Palanpur Taluka,Gujarat,0.0,0.0,0.0,0.0,0.0,0.89,6.25,9.56,2.76,3.15,0.0,0.0
24.25,72.75,Amirgadh Taluka,Gujarat,0.0,0.0,0.0,0.0,0.0,0.44,7.79,8.21,3.46,4.81,0.0,0.0
24.25,73.0,Danta Taluka,Gujarat,0.0,0.0,0.0,0.0,0.0,1.3,10.51,13.65,1.63,2.11,0.0,0.0
24.25,73.25,Kotra Tehsil,Rajasthan,0.0,0.0,0.0,0.0,0.0,2.36,10.22,14.49,0.92,2.28,0.0,0.0
24.25,73.5,Jhadol Tehsil,Rajasthan,0.0,0.0,0.0,0.0,0.04,2.01,11.03,14.43,0.67,2.14,0.0,0.0
24.25,73.75,Sarada Tehsil,Rajasthan,0.0,0.0,0.0,0.0,0.0,1.32,10.3,9.4,0.75,1.14,0.0,0.0
24.25,74.0,Salumbar Tehsil,Rajasthan,0.0,0.0,0.05,0.0,0.06,1.96,12.53,14.14,1.23,1.5,0.0,0.0
24.25,74.25,Lasadiya Tehsil,Rajasthan,0.0,0.0,0.03,0.0,0.09,1.72,15.15,19.11,1.49,1.81,0.0,0.0
24.25,74.5,Pratapgarh Tehsil,Rajasthan,0.0,0.0,0.0,0.0,0.06,2.18,14.25,20.77,2.3,1.47,0.0,0.0
24.25,74.75,Jiran Tehsil,Madhya Pradesh,0.03,0.0,0.0,0.0,0.0,3.47,9.77,21.39,3.69,0.59,0.0,0.0
24.25,75.0,Malhargarh Tahsil,Madhya Pradesh,0.09,0.0,0.0,0.0,0.05,3.4,8.11,19.29,3.28,0.71,0.0,0.0
24.25,75.25,Malhargarh Tahsil,Madhya Pradesh,0.05,0.0,0.0,0.0,0.51,4.49,8.74,17.11,2.25,0.59,0.0,0.0
24.25,75.5,Shamgarh Tahsil,Madhya Pradesh,0.0,0.0,0.0,0.0,0.84,5.41,9.66,17.16,1.34,0.36,0.0,0.0
24.25,75.75,Garoth Tahsil,Madhya Pradesh,0.0,0.0,0.0,0.0,0.13,3.13,13.59,18.98,1.54,0.36,0.0,0.0
24.25,76.0,Sunel Tehsil,Rajasthan,0.0,0.0,0.0,0.0,0.18,2.19,13.02,23.63,2.78,1.23,0.0,0.0
24.25,76.25,Bakani Tehsil,Rajasthan,0.04,0.0,0.0,0.0,0.14,2.8,11.36,23.33,2.87,0.98,0.0,0.0
24.25,76.5,Aklera Tehsil,Rajasthan,0.28,0.0,0.0,0.0,0.03,2.23,11.68,24.85,2.47,0.8,0.0,0.0
24.25,76.75,Manoharthana Tehsil,Rajasthan,0.42,0.0,0.0,0.0,0.02,2.42,14.27,25.6,1.59,1.09,0.0,0.0
24.25,77.0,Chachaura Tahsil,Madhya Pradesh,0.47,0.0,0.08,0.0,0.08,3.78,16.16,23.15,1.22,1.0,0.0,0.0
24.25,77.25,Maksoodangarh Tahsil,Madhya Pradesh,0.61,0.0,0.2,0.0,0.15,5.28,19.1,20.59,1.35,1.11,0.0,0.0
24.25,77.5,Sironj Tahsil,Madhya Pradesh,0.53,0.0,0.18,0.0,0.14,4.42,19.54,17.09,0.81,1.58,0.0,0.0
24.25,77.75,Sironj Tahsil,Madhya Pradesh,0.35,0.02,0.21,0.0,0.14,2.53,18.4,14.99,0.73,1.62,0.0,0.0
24.25,78.0,Bahadurpur Tahsil,Madhya Pradesh,0.29,0.01,0.26,0.0,0.15,2.46,18.63,13.39,0.81,1.67,0.0,0.0
24.25,78.25,Bina Tahsil,Madhya Pradesh,0.23,0.01,0.32,0.0,0.06,3.67,19.5,14.52,0.86,2.12,0.0,0.0
24.25,78.5,Malthon Tahsil,Madhya Pradesh,0.38,0.01,0.61,0.0,0.03,3.31,16.44,12.24,0.96,1.25,0.0,0.0
24.25,78.75,Mahroni Tehsil,Uttar Pradesh,0.8,0.0,0.7,0.0,0.16,4.51,20.34,15.57,2.91,0.52,0.0,0.0
24.25,79.0,Shahgarh Tahsil,Madhya Pradesh,1.04,0.0,0.65,0.0,0.28,5.92,25.04,18.73,4.24,0.23,0.0,0.0
24.25,79.25,Buxwaha Tahsil,Madhya Pradesh,1.02,0.01,0.58,0.0,0.26,5.47,25.97,18.56,4.13,0.37,0.0,0.0
24.25,79.5,Batiyagarh Tahsil,Madhya Pradesh,0.86,0.03,0.24,0.0,0.12,2.54,28.85,16.11,2.66,0.96,0.0,0.0
24.25,79.75,Hatta Tahsil,Madhya Pradesh,0.84,0.01,0.2,0.0,0.11,2.58,25.82,17.58,3.05,0.81,0.0,0.0
24.25,80.0,Simariya Tahsil,Madhya Pradesh,1.22,0.0,0.29,0.0,0.31,1.32,25.22,22.65,1.89,0.76,0.0,0.0
24.25,80.25,Pawai Tahsil,Madhya Pradesh,1.24,0.0,0.32,0.0,0.41,1.21,24.92,24.97,1.96,0.9,0.0,0.0
24.25,80.5,Pawai Tahsil,Madhya Pradesh,1.59,0.0,0.02,0.0,0.78,0.44,24.23,27.28,2.49,1.26,0.0,0.0
24.25,80.75,Maihar Tahsil,Madhya Pradesh,1.48,0.0,0.1,0.0,0.62,0.66,22.87,25.58,2.36,1.07,0.0,0.0
24.25,81.0,Amarpatan Tahsil,Madhya Pradesh,1.16,0.0,0.13,0.0,0.19,1.01,16.19,20.25,3.12,0.96,0.0,0.0
24.25,81.25,Ramnagar Tahsil,Madhya Pradesh,1.06,0.0,0.11,0.0,0.08,1.1,11.38,17.62,4.29,1.26,0.0,0.0
24.25,81.5,Rampur Naikin Tahsil,Madhya Pradesh,0.88,0.0,0.29,0.0,0.02,1.22,10.28,17.26,5.25,1.66,0.0,0.0
24.25,81.75,Gopadbanas Tahsil,Madhya Pradesh,0.77,0.0,0.41,0.0,0.01,1.34,11.32,17.7,6.07,1.85,0.0,0.0
24.25,82.0,Gopadbanas Tahsil,Madhya Pradesh,0.6,0.0,0.51,0.0,0.04,1.42,12.51,17.44,6.28,1.96,0.0,0.0
24.25,82.25,Deosar Tahsil,Madhya Pradesh,0.66,0.0,0.5,0.0,0.19,2.12,15.2,16.67,6.13,1.26,0.0,0.0
24.25,82.5,Chitrangi Tahsil,Madhya Pradesh,0.7,0.0,0.92,0.0,0.42,2.26,15.58,16.64,7.52,1.24,0.0,0.0
24.25,82.75,Chitrangi Tahsil,Madhya Pradesh,0.71,0.0,0.99,0.0,0.52,1.97,15.3,16.15,8.5,0.73,0.0,0.0
24.25,83.0,Dudhi,Uttar Pradesh,0.75,0.0,0.96,0.0,0.53,1.53,14.97,15.37,8.76,0.56,0.0,0.0
24.25,83.25,Dudhi,Uttar Pradesh,1.01,0.03,1.42,0.0,0.91,1.86,13.29,15.78,8.15,1.25,0.0,0.0
24.25,83.5,Nagaruntari,Jharkhand,1.55,0.06,2.74,0.0,2.53,2.32,9.89,14.44,6.12,2.3,0.0,0.0
24.25,83.75,Majhiaon,Jharkhand,0.91,0.03,1.57,0.0,0.52,2.45,12.4,16.32,10.01,2.37,0.0,0.0
24.25,84.0,Nawa Bazar,Jharkhand,0.48,0.0,1.03,0.0,0.41,2.16,12.68,18.24,10.58,2.45,0.0,0.0
24.25,84.25,Chhatarpur,Jharkhand,0.4,0.0,0.85,0.0,0.34,2.35,12.27,18.15,10.89,2.78,0.0,0.0
24.25,84.5,Pratappur,Jharkhand,0.42,0.01,0.47,0.0,0.67,1.62,9.06,16.07,12.35,4.34,0.0,0.0
24.25,84.75,Kunda,Jharkhand,0.45,0.01,0.53,0.0,1.56,2.22,8.28,14.69,12.52,4.46,0.0,0.0
24.25,85.0,Kanha Chatti,Jharkhand,0.38,0.01,0.72,0.0,2.04,4.13,8.73,11.58,12.25,3.18,0.0,0.0
24.25,85.25,Mayur Hand,Jharkhand,0.07,0.0,0.49,0.0,1.81,4.03,7.82,10.04,11.66,2.35,0.0,0.0
24.25,85.5,Barhi,Jharkhand,0.13,0.0,0.23,0.0,1.31,2.22,6.86,9.94,6.88,0.69,0.0,0.0
24.25,85.75,Chalkusa,Jharkhand,0.05,0.0,0.38,0.0,2.17,3.41,9.46,12.32,8.35,1.05,0.0,0.0
24.25,86.0,Birni,Jharkhand,0.06,0.06,0.44,0.0,2.24,3.33,4.14,13.16,7.89,1.49,0.0,0.0
24.25,86.25,Giridih,Jharkhand,0.06,0.36,0.25,0.2,0.86,5.52,6.31,11.86,8.24,0.34,0.0,0.0
24.25,86.5,Gande,Jharkhand,0.63,1.07,0.1,0.01,1.54,7.24,9.19,10.5,4.57,0.02,0.0,0.0
24.25,86.75,Sarath,Jharkhand,0.58,0.49,0.25,0.0,2.77,9.69,8.55,11.28,8.98,2.39,0.0,0.0
24.25,87.0,Palojori,Jharkhand,0.61,0.43,0.11,0.01,2.49,11.14,8.23,12.73,8.2,2.37,0.0,0.0
24.25,87.25,Dumka,Jharkhand,0.13,0.08,0.35,0.2,1.8,5.16,8.73,11.52,9.71,2.82,0.0,0.0
24.25,87.5,Unknown,Jharkhand,0.67,0.8,0.66,0.55,2.26,7.16,16.22,6.99,6.48,3.61,0.0,0.0
24.25,87.75,Rampurhat - I,West Bengal,1.13,0.4,0.37,0.63,1.5,5.29,16.82,5.33,5.48,3.74,0.0,0.0
24.25,88.0,Nalhati - II,West Bengal,1.37,0.33,0.26,0.76,1.43,4.56,10.04,4.28,11.58,2.16,0.0,0.0
24.25,88.25,Murshidabad Jiaganj,West Bengal,1.25,0.36,0.37,0.68,1.45,4.97,10.81,5.1,8.84,2.01,0.0,0.0
24.25,88.5,Raninagar - II,West Bengal,1.03,0.32,0.31,0.68,1.72,4.37,10.95,5.67,8.72,1.83,0.0,0.0
24.25,91.25,Lakhai Upazila,Sylhet Division,0.0,0.0,0.0,0.0,0.0,0.0,0.0,0.0,0.0,0.0,0.0,0.0
24.25,91.5,Chunarughat Upazila,Sylhet Division,0.0,0.0,0.0,0.0,0.0,0.0,0.0,0.0,0.0,0.0,0.0,0.0
24.25,91.75,Kamalganj Upazila,Sylhet Division,0.16,4.09,4.52,12.96,21.27,9.97,8.86,14.23,11.51,3.09,4.92,0.2
24.25,92.0,Kailashahar,Tripura,0.27,3.14,2.81,14.98,16.16,6.8,7.0,9.79,10.39,2.14,2.86,0.32
24.25,92.25,Panisagar,Tripura,0.3,2.51,1.86,16.98,15.44,7.25,8.22,8.27,12.52,3.23,1.91,0.31
24.25,92.5,Katlichara,Assam,0.23,2.65,2.06,15.31,15.45,10.62,11.85,10.04,18.26,5.51,1.87,0.24
24.25,92.75,'N' Thingdawl,Mizoram,0.11,2.41,2.41,17.59,16.18,14.06,14.7,9.93,22.74,7.28,2.03,0.21
24.25,93.0,Darlawn,Mizoram,0.1,2.36,2.44,18.12,16.1,14.22,14.47,9.41,22.75,7.12,1.99,0.21
24.25,93.25,Thanlon subdivision,Manipur,0.15,1.51,1.63,12.26,12.49,9.15,12.17,5.06,13.26,5.16,2.0,0.13
24.25,93.5,Henglep subdivision,Manipur,0.19,1.12,1.22,9.34,10.97,6.47,11.25,3.32,8.58,4.4,1.96,0.08
24.25,93.75,Churachandpur Subdivision,Manipur,0.21,0.96,1.04,8.06,10.26,5.25,10.86,2.56,6.52,4.06,1.95,0.07
24.25,94.0,Chandel subdivision,Manipur,0.21,0.92,0.99,7.75,10.04,4.89,10.89,2.37,5.96,3.97,1.95,0.07
24.25,94.25,Tengnoupal subdivision,Manipur,0.21,0.91,0.99,7.73,10.03,4.87,9.86,2.36,5.94,3.96,1.95,0.07
24.5,68.75,Badin District,Unknown,0.0,0.0,0.0,0.0,0.0,0.53,0.77,8.12,0.0,0.0,0.0,0.0
24.5,69.25,Tharparkar District,Sindh,0.0,0.0,0.0,0.0,0.0,0.53,0.78,8.32,0.0,0.0,0.0,0.0
24.5,69.5,Tharparkar District,Sindh,0.0,0.0,0.0,0.0,0.02,0.51,0.77,8.41,0.0,0.07,0.0,0.0
24.5,70.0,Tharparkar District,Sindh,0.0,0.0,0.0,0.0,0.09,1.0,2.07,6.65,0.0,3.4,0.0,0.0
24.5,70.25,Tharparkar District,Sindh,0.0,0.0,0.01,0.0,0.0,1.12,2.21,6.95,0.04,3.2,0.0,0.0
24.5,70.5,Tharparkar District,Sindh,0.0,0.0,0.0,0.0,0.0,0.73,1.68,6.32,0.12,1.87,0.0,0.0
24.5,70.75,Tharparkar District,Sindh,0.0,0.0,0.02,0.0,0.0,0.01,1.15,5.31,0.18,1.15,0.0,0.0
24.5,71.0,Tharparkar District,Sindh,0.0,0.0,0.0,0.0,0.0,0.0,1.14,5.05,0.18,1.25,0.0,0.0
24.5,71.25,Unknown,Gujarat,0.0,0.0,0.0,0.0,0.0,0.0,1.04,4.82,0.22,0.96,0.0,0.0
24.5,71.5,Vav Taluka,Gujarat,0.0,0.0,0.0,0.0,0.0,0.0,1.02,4.76,0.19,0.73,0.0,0.0
24.5,71.75,Tharad Taluka,Gujarat,0.0,0.0,0.0,0.0,0.0,0.05,1.57,4.05,1.31,2.38,0.0,0.0
24.5,72.0,Dhanera Taluka,Gujarat,0.0,0.0,0.0,0.0,0.0,0.1,2.21,4.46,2.5,3.65,0.0,0.0
24.5,72.25,Dhanera Taluka,Gujarat,0.0,0.0,0.0,0.0,0.0,0.25,5.91,8.43,1.22,2.22,0.0,0.0
24.5,72.5,Reodar Tehsil,Rajasthan,0.0,0.0,0.0,0.0,0.0,1.11,5.95,12.09,1.95,2.62,0.0,0.0
24.5,72.75,Abu Road Tehsil,Rajasthan,0.0,0.0,0.0,0.0,0.0,1.36,8.6,12.03,2.06,2.45,0.0,0.0
24.5,73.0,Abu Road Tehsil,Rajasthan,0.0,0.0,0.0,0.0,0.0,1.05,10.16,14.92,1.4,2.25,0.0,0.0
24.5,73.25,Kotra Tehsil,Rajasthan,0.0,0.0,0.0,0.0,0.0,1.97,11.06,16.57,1.09,2.56,0.0,0.0
24.5,73.5,Jhadol Tehsil,Rajasthan,0.0,0.0,0.0,0.0,0.0,1.73,9.49,13.45,0.87,2.35,0.0,0.0
24.5,73.75,Girwa Tehsil,Rajasthan,0.0,0.0,0.02,0.0,0.0,1.43,10.41,11.3,0.91,2.1,0.0,0.0
24.5,74.0,Girwa Tehsil,Rajasthan,0.0,0.0,0.06,0.0,0.0,1.41,17.11,14.3,1.64,1.05,0.0,0.0
24.5,74.25,Dungla Tehsil,Rajasthan,0.0,0.0,0.0,0.0,0.01,1.17,19.75,15.61,1.64,0.36,0.0,0.0
24.5,74.5,Bari Sadri Tehsil,Rajasthan,0.0,0.0,0.0,0.0,0.05,1.67,11.99,25.38,3.44,0.78,0.0,0.0
24.5,74.75,Neemuch Tehsil,Madhya Pradesh,0.04,0.0,0.0,0.0,0.01,1.49,7.61,24.64,4.19,0.97,0.0,0.0
24.5,75.0,Neemuch Tehsil,Madhya Pradesh,0.13,0.0,0.0,0.0,0.0,3.65,7.83,17.75,3.0,0.63,0.0,0.0
24.5,75.25,Manasa Tehsil,Madhya Pradesh,0.1,0.0,0.0,0.0,0.2,3.93,8.91,17.04,2.28,0.5,0.0,0.0
24.5,75.5,Rampura Tehsil,Madhya Pradesh,0.05,0.0,0.0,0.0,0.51,3.76,11.21,15.79,1.02,0.29,0.0,0.0
24.5,75.75,Bhanpura Tahsil,Madhya Pradesh,0.03,0.0,0.0,0.0,0.48,3.48,12.68,16.05,1.7,0.48,0.0,0.0
24.5,76.0,Pachpahar Tehsil,Rajasthan,0.01,0.0,0.0,0.0,0.61,4.65,12.49,13.7,3.48,0.14,0.0,0.0
24.5,76.25,Asnawar Tehsil,Rajasthan,0.05,0.0,0.0,0.0,0.02,3.34,10.01,20.74,2.6,0.11,0.0,0.0
24.5,76.5,Khanpur Tehsil,Rajasthan,0.1,0.0,0.01,0.0,0.15,1.72,11.33,22.09,1.93,1.27,0.0,0.0
24.5,76.75,Chhipabarod Tehsil,Rajasthan,0.24,0.0,0.03,0.0,0.1,1.72,15.43,23.8,1.62,1.37,0.0,0.0
24.5,77.0,Chhabra Tehsil,Rajasthan,0.33,0.0,0.02,0.0,0.04,2.03,15.42,23.96,1.5,1.18,0.0,0.0
24.5,77.25,Raghogarh Tahsil,Madhya Pradesh,0.47,0.0,0.13,0.0,0.08,4.34,17.77,19.3,1.25,1.15,0.0,0.0
24.5,77.5,Ashoknagar Tahsil,Madhya Pradesh,0.37,0.0,0.21,0.0,0.1,3.57,18.27,12.51,1.37,1.86,0.0,0.0
24.5,77.75,Ashoknagar Tahsil,Madhya Pradesh,0.36,0.0,0.29,0.0,0.12,2.77,17.42,10.72,1.63,1.77,0.0,0.0
24.5,78.0,Piprai Tahsil,Madhya Pradesh,0.43,0.01,0.29,0.0,0.18,2.25,17.22,9.53,1.05,1.53,0.0,0.0
24.5,78.25,Lalitpur Tehsil,Uttar Pradesh,0.45,0.03,0.42,0.0,0.06,3.13,14.36,9.78,1.18,0.7,0.0,0.0
24.5,78.5,Lalitpur Tehsil,Uttar Pradesh,0.53,0.0,0.88,0.0,0.0,2.51,14.52,12.44,0.86,0.68,0.0,0.0
24.5,78.75,Mahroni Tehsil,Uttar Pradesh,0.64,0.01,0.78,0.0,0.1,3.48,16.7,13.75,1.78,0.48,0.0,0.0
24.5,79.0,Badgaon Dhasan Tahsil,Madhya Pradesh,0.88,0.01,0.66,0.0,0.28,4.66,23.04,17.38,3.19,0.41,0.0,0.0
24.5,79.25,Bada Malhera Tahsil,Madhya Pradesh,0.9,0.02,0.5,0.0,0.37,4.48,25.57,18.54,3.51,0.45,0.0,0.0
24.5,79.5,Bijawar Tahsil,Madhya Pradesh,0.8,0.02,0.43,0.0,0.22,3.48,24.27,19.87,3.62,0.48,0.0,0.0
24.5,79.75,Bijawar Tahsil,Madhya Pradesh,0.46,0.03,0.49,0.0,0.25,2.84,22.09,23.85,3.8,0.84,0.0,0.0
24.5,80.0,Amanganj Tahsil,Madhya Pradesh,0.71,0.01,0.59,0.0,0.14,2.34,23.73,23.7,2.39,0.61,0.0,0.0
24.5,80.25,Gunnor Tahsil,Madhya Pradesh,1.1,0.0,0.55,0.0,0.15,1.54,24.79,23.3,1.28,0.4,0.0,0.0
24.5,80.5,Nagod Tahsil,Madhya Pradesh,1.21,0.0,0.43,0.0,0.27,1.26,24.7,23.96,1.46,0.56,0.0,0.0
24.5,80.75,Unchahara Tahsil,Madhya Pradesh,1.3,0.01,0.23,0.0,0.39,0.99,21.68,23.43,2.08,0.81,0.0,0.0
24.5,81.0,Rampur Baghelan Tahsil,Madhya Pradesh,1.1,0.0,0.06,0.0,0.11,1.09,13.62,18.22,3.29,0.86,0.0,0.0
24.5,81.25,Huzur Tahsil,Madhya Pradesh,1.03,0.0,0.0,0.0,0.0,1.13,9.85,15.82,3.76,0.85,0.0,0.0
24.5,81.5,Gurh Tahsil,Madhya Pradesh,0.96,0.0,0.05,0.0,0.0,1.2,10.01,15.59,3.98,0.8,0.0,0.0
24.5,81.75,Mauganj Tahsil,Madhya Pradesh,0.67,0.0,0.14,0.0,0.02,1.33,11.84,15.34,4.92,0.59,0.0,0.0
24.5,82.0,Sihawal Tahsil,Madhya Pradesh,0.51,0.0,0.36,0.0,0.04,1.29,12.14,14.69,4.9,0.93,0.0,0.0
24.5,82.25,Bahari Tahsil,Madhya Pradesh,0.62,0.0,0.57,0.0,0.14,2.17,13.9,15.4,5.38,1.36,0.0,0.0
24.5,82.5,Chitrangi Tahsil,Madhya Pradesh,0.7,0.0,0.82,0.0,0.31,2.36,15.64,16.86,6.63,1.7,0.0,0.0
24.5,82.75,Robertsganj,Uttar Pradesh,0.65,0.0,1.04,0.0,0.49,2.84,15.97,17.52,7.9,1.07,0.0,0.0
24.5,83.0,Robertsganj,Uttar Pradesh,0.66,0.0,1.11,0.0,0.58,2.59,15.81,17.43,8.68,0.7,0.0,0.0
24.5,83.25,Robertsganj,Uttar Pradesh,1.15,0.0,1.92,0.0,1.61,2.24,12.9,16.17,7.33,1.33,0.0,0.0
24.5,83.5,Ketar,Jharkhand,1.15,0.05,1.38,0.0,0.81,1.8,10.25,13.02,7.96,2.2,0.0,0.0
24.5,83.75,Unknown,Jharkhand,1.07,0.05,0.09,0.0,0.08,0.64,9.55,7.56,7.42,1.71,0.0,0.0
24.5,84.0,Hussainabad,Jharkhand,0.51,0.02,0.39,0.0,0.01,2.75,9.56,10.12,9.35,3.87,0.0,0.0
24.5,84.25,Hariharganj,Jharkhand,0.48,0.0,0.36,0.0,0.22,3.58,8.42,11.53,10.44,5.18,0.0,0.0
24.5,84.5,Dumaria,Bihar,0.34,0.0,0.41,0.0,0.81,1.07,7.89,14.65,12.78,4.84,0.0,0.0
24.5,84.75,Banke Bazar,Bihar,0.7,0.02,0.46,0.0,0.74,2.1,11.96,12.14,13.74,4.35,0.0,0.0
24.5,85.0,Barachati,Bihar,0.5,0.01,0.47,0.0,1.41,4.19,8.84,11.04,12.05,2.32,0.0,0.0
24.5,85.25,Fatehpur,Bihar,0.39,0.0,0.09,0.0,1.68,3.13,8.35,9.28,10.48,1.28,0.0,0.0
24.5,85.5,Koderma,Jharkhand,0.04,0.0,0.06,0.0,1.5,2.2,6.54,7.48,6.98,0.98,0.0,0.0
24.5,85.75,Domchanch,Jharkhand,0.08,0.0,0.1,0.0,2.65,4.0,10.16,10.15,10.49,1.73,0.0,0.0
24.5,86.0,Deori,Jharkhand,0.48,0.01,0.05,0.0,1.55,3.35,7.67,8.83,14.78,2.22,0.0,0.0
24.5,86.25,Deori,Jharkhand,0.4,0.17,0.1,0.11,0.94,5.72,9.85,11.14,9.2,0.7,0.0,0.0
24.5,86.5,Chakai,Bihar,0.51,0.13,0.05,0.06,1.1,5.76,10.9,11.2,8.59,0.75,0.0,0.0
24.5,86.75,Mohanpur,Jharkhand,0.55,0.12,0.26,0.0,2.93,9.03,8.75,12.21,9.6,2.64,0.0,0.0
24.5,87.0,Saraiyahat,Jharkhand,0.45,0.14,0.1,0.29,2.61,7.86,8.6,11.04,9.01,2.53,0.0,0.0
24.5,87.25,Ramgarh,Jharkhand,0.19,0.03,0.02,0.83,2.35,3.5,10.06,7.74,8.96,2.76,0.0,0.0
24.5,87.5,Gopikandar,Jharkhand,0.5,0.0,0.03,0.05,0.65,2.92,4.44,11.75,11.26,2.23,0.0,0.0
24.5,87.75,Maheshpur,Jharkhand,0.5,0.1,0.34,0.26,1.6,4.29,14.26,7.13,6.33,2.67,0.0,0.0
24.5,88.0,Suti - I,West Bengal,0.99,0.17,0.26,0.52,1.59,4.24,12.63,4.91,9.76,2.02,0.0,0.0
24.5,88.25,Nawabganj Upazila,Rajshahi Division,0.97,0.19,0.19,0.73,1.92,4.36,12.19,4.65,9.86,1.75,0.0,0.0
24.5,88.5,Godagari Upazila,Rajshahi Division,0.83,0.22,0.2,0.78,1.92,3.93,9.42,3.4,7.93,1.26,0.0,0.0
24.5,91.75,Moulvibazar Sadar Upazila,Sylhet Division,0.13,3.53,4.72,13.14,20.54,9.33,8.88,14.97,11.06,3.52,4.51,0.24
24.5,92.0,Kulaura Upazila,Sylhet Division,0.24,2.5,2.97,18.58,18.53,8.59,8.96,10.49,11.92,3.46,3.16,0.34
24.5,92.25,Patharkandi,Assam,0.28,2.35,1.85,25.55,22.79,12.66,12.67,7.81,16.4,4.62,3.08,0.26
24.5,92.5,Ramkrishna Nagar,Assam,0.16,2.55,2.29,15.99,16.62,13.23,15.38,11.55,22.27,7.85,2.08,0.19
24.5,92.75,Katlichara,Assam,0.09,2.4,2.55,18.08,16.86,15.84,14.95,9.56,24.05,7.21,2.06,0.17
24.5,93.0,Sonai,Assam,0.09,2.14,2.33,18.26,14.31,12.79,13.13,7.62,20.83,6.29,2.0,0.25
24.5,93.25,Thanlon subdivision,Manipur,0.17,1.27,1.39,10.67,11.48,7.42,11.57,3.94,10.4,4.68,1.97,0.11
24.5,93.5,Henglep subdivision,Manipur,0.2,1.0,1.09,8.43,10.4,5.5,10.97,2.73,7.01,4.14,1.95,0.08
24.5,93.75,Bishnupur block,Manipur,0.21,0.94,1.04,7.97,10.26,5.34,10.95,2.62,6.58,4.06,1.96,0.07
24.5,94.0,Kakching subdivision,Manipur,0.22,0.9,1.0,7.66,10.01,5.0,10.81,2.46,6.07,3.97,1.96,0.07
24.5,94.25,Machi subdivision,Manipur,0.22,0.9,0.99,7.67,10.0,4.94,9.87,2.43,6.0,3.96,1.96,0.07
24.75,71.0,Tharparkar District,Sindh,0.0,0.0,0.08,0.0,0.0,0.04,1.05,4.73,0.12,0.66,0.0,0.0
24.75,71.25,Sedwa Tehsil,Rajasthan,0.0,0.0,0.07,0.0,0.0,0.04,1.03,4.54,0.14,0.78,0.0,0.0
24.75,71.5,Chitalwana Tehsil,Rajasthan,0.0,0.0,0.0,0.0,0.0,0.0,0.99,3.7,0.15,1.22,0.0,0.0
24.75,71.75,Sanchore Tehsil,Rajasthan,0.0,0.0,0.0,0.0,0.0,0.0,1.14,3.1,0.2,1.76,0.0,0.0
24.75,72.0,Sanchore Tehsil,Rajasthan,0.0,0.0,0.0,0.0,0.0,0.11,2.33,8.77,1.96,2.5,0.0,0.0
24.75,72.25,Raniwara Tehsil,Rajasthan,0.0,0.0,0.0,0.0,0.0,0.03,3.76,9.95,1.72,1.73,0.0,0.0
24.75,72.5,Reodar Tehsil,Rajasthan,0.0,0.0,0.0,0.0,0.0,0.03,6.87,11.14,2.12,1.3,0.0,0.0
24.75,72.75,Sirohi Tehsil,Rajasthan,0.0,0.0,0.0,0.0,0.0,0.36,9.78,16.55,1.33,1.55,0.0,0.0
24.75,73.0,Pindwara Tehsil,Rajasthan,0.0,0.0,0.0,0.0,0.0,0.16,7.96,17.6,0.96,3.7,0.0,0.0
24.75,73.25,Kotra Tehsil,Rajasthan,0.0,0.0,0.0,0.0,0.0,2.72,10.7,14.39,0.55,3.28,0.0,0.0
24.75,73.5,Gogunda Tehsil,Rajasthan,0.0,0.0,0.0,0.0,0.0,3.79,11.83,12.62,0.37,2.97,0.0,0.0
24.75,73.75,Nathdwara Tehsil,Rajasthan,0.0,0.0,0.16,0.0,0.0,2.27,12.3,14.26,1.96,2.46,0.0,0.0
24.75,74.0,Mavli Tehsil,Rajasthan,0.0,0.0,0.25,0.0,0.02,1.92,15.54,15.55,2.14,1.55,0.0,0.0
24.75,74.25,Kapasan Tehsil,Rajasthan,0.0,0.0,0.05,0.0,0.05,1.53,13.77,21.7,1.71,0.81,0.0,0.0
24.75,74.5,Bhadesar Tehsil,Rajasthan,0.0,0.0,0.0,0.0,0.2,1.62,10.28,30.32,3.05,1.76,0.0,0.0
24.75,74.75,Chittaurgarh Tehsil,Rajasthan,0.03,0.0,0.0,0.0,0.05,1.5,7.95,26.57,4.05,1.09,0.0,0.0
24.75,75.0,Nimbahera Tehsil,Rajasthan,0.03,0.0,0.06,0.0,0.06,2.43,9.12,28.73,1.62,1.7,0.0,0.0
24.75,75.25,Rawatbhata Tehsil,Rajasthan,0.1,0.0,0.02,0.0,0.04,2.88,8.15,21.51,3.42,0.93,0.0,0.0
24.75,75.5,Rawatbhata Tehsil,Rajasthan,0.11,0.0,0.0,0.0,0.17,2.82,9.01,17.9,3.14,0.56,0.0,0.0
24.75,75.75,Bhanpura Tahsil,Madhya Pradesh,0.04,0.0,0.0,0.0,0.51,2.81,8.43,17.19,2.84,0.94,0.0,0.0
24.75,76.0,Ramganj Mandi Tehsil,Rajasthan,0.02,0.0,0.01,0.0,0.27,3.31,9.0,13.97,3.17,0.59,0.0,0.0
24.75,76.25,Khanpur Tehsil,Rajasthan,0.44,0.0,0.06,0.0,0.0,2.57,7.38,13.53,3.17,0.29,0.0,0.0
24.75,76.5,Atru Tehsil,Rajasthan,0.15,0.0,0.07,0.0,0.16,2.66,12.09,21.39,0.97,0.74,0.0,0.0
24.75,76.75,Atru Tehsil,Rajasthan,0.26,0.0,0.06,0.0,0.06,1.52,16.1,24.06,1.84,1.12,0.0,0.0
24.75,77.0,Bamori Tahsil,Madhya Pradesh,0.25,0.0,0.04,0.0,0.15,2.85,19.2,20.46,1.22,1.69,0.0,0.0
24.75,77.25,Guna Tahsil,Madhya Pradesh,0.15,0.0,0.13,0.0,0.03,3.4,19.1,14.3,1.9,1.3,0.0,0.0
24.75,77.5,Guna Tahsil,Madhya Pradesh,0.15,0.0,0.21,0.0,0.02,3.58,16.92,11.33,2.29,1.39,0.0,0.0
24.75,77.75,Isagarh Tahsil,Madhya Pradesh,0.08,0.0,0.22,0.0,0.01,4.15,16.47,11.49,2.99,1.5,0.0,0.0
24.75,78.0,Chanderi Tahsil,Madhya Pradesh,0.8,0.01,0.42,0.0,0.01,3.59,16.73,9.4,1.84,3.0,0.0,0.0
24.75,78.25,Lalitpur Tehsil,Uttar Pradesh,0.39,0.06,0.17,0.0,0.06,3.8,13.31,8.34,1.39,0.39,0.0,0.0
24.75,78.5,Lalitpur Tehsil,Uttar Pradesh,0.52,0.01,0.73,0.0,0.02,2.72,14.24,11.51,1.0,0.75,0.0,0.0
24.75,78.75,Mahroni Tehsil,Uttar Pradesh,0.44,0.02,0.66,0.0,0.2,2.54,13.43,11.61,0.91,0.49,0.0,0.0
24.75,79.0,Baldeogarh Tahsil,Madhya Pradesh,0.4,0.04,0.58,0.0,0.88,2.8,14.41,14.57,1.18,0.3,0.0,0.0
24.75,79.25,Baldeogarh Tahsil,Madhya Pradesh,0.53,0.06,0.57,0.0,1.05,4.02,18.0,20.12,2.74,0.09,0.0,0.0
24.75,79.5,Bijawar Tahsil,Madhya Pradesh,0.44,0.06,0.53,0.0,0.7,3.11,16.82,22.91,3.4,0.15,0.0,0.0
24.75,79.75,Rajnagar Tahsil,Madhya Pradesh,0.48,0.03,0.48,0.0,0.28,2.91,17.8,24.78,4.2,0.28,0.0,0.0
24.75,80.0,Rajnagar Tahsil,Madhya Pradesh,0.37,0.02,0.54,0.0,0.25,2.92,24.47,25.04,3.61,1.32,0.0,0.0
24.75,80.25,Panna Tahsil,Madhya Pradesh,0.77,0.02,0.57,0.0,0.13,2.03,25.03,22.73,1.53,0.67,0.0,0.0
24.75,80.5,Nagod Tahsil,Madhya Pradesh,0.99,0.01,0.49,0.0,0.19,1.51,24.52,22.94,1.55,0.56,0.0,0.0
24.75,80.75,Kothi Tahsil,Madhya Pradesh,0.92,0.07,0.29,0.0,0.18,1.15,19.67,19.48,1.47,0.44,0.0,0.0
24.75,81.0,Kotar Tahsil,Madhya Pradesh,0.93,0.04,0.09,0.0,0.07,1.15,13.98,17.07,2.8,0.7,0.0,0.0
24.75,81.25,Semaria Tahsil,Madhya Pradesh,0.92,0.0,0.1,0.0,0.03,1.18,9.91,15.49,3.94,0.85,0.0,0.0
24.75,81.5,Mangawan Tahsil,Madhya Pradesh,0.76,0.01,0.22,0.0,0.06,1.25,10.31,15.02,4.17,0.71,0.0,0.0
24.75,81.75,Naigarhi Tahsil,Madhya Pradesh,0.54,0.0,0.17,0.0,0.03,1.45,13.04,15.42,5.27,0.51,0.0,0.0
24.75,82.0,Hanumana Tahsil,Madhya Pradesh,0.52,0.0,0.26,0.0,0.02,1.47,12.63,15.1,5.34,0.51,0.0,0.0
24.75,82.25,Hanumana Tahsil,Madhya Pradesh,0.6,0.01,0.61,0.0,0.07,2.12,14.32,15.24,5.48,1.71,0.0,0.0
24.75,82.5,Lalganj,Uttar Pradesh,0.73,0.0,0.57,0.0,0.1,1.88,15.32,16.21,5.07,2.46,0.0,0.0
24.75,82.75,Ghorawal,Uttar Pradesh,0.61,0.0,1.12,0.0,0.51,3.48,15.98,17.04,8.27,0.72,0.0,0.0
24.75,83.0,Robertsganj,Uttar Pradesh,0.6,0.0,1.09,0.0,0.55,3.05,15.61,17.38,8.4,0.79,0.0,0.0
24.75,83.25,Chakia,Uttar Pradesh,0.75,0.0,1.01,0.0,0.3,1.63,12.39,13.59,6.1,1.4,0.0,0.0
24.75,83.5,Adhaura,Bihar,0.8,0.01,0.89,0.0,0.11,1.22,9.52,10.78,5.88,1.75,0.0,0.0
24.75,83.75,Adhaura,Bihar,0.7,0.07,0.71,0.0,0.35,1.56,12.26,9.06,8.22,2.38,0.0,0.0
24.75,84.0,Rohtas,Bihar,0.56,0.06,0.42,0.0,0.57,3.98,13.48,8.87,11.83,4.01,0.0,0.0
24.75,84.25,Nabinagar,Bihar,0.52,0.0,0.49,0.0,0.16,3.47,10.38,9.5,14.94,4.64,0.0,0.0
24.75,84.5,Madanpur,Bihar,0.63,0.0,0.48,0.0,0.22,3.25,12.03,8.77,17.14,4.19,0.0,0.0
24.75,84.75,Guraru,Bihar,1.08,0.03,0.42,0.0,0.28,2.99,16.22,8.64,14.72,3.94,0.0,0.0
24.75,85.0,Gaya Town C.D.Block,Bihar,0.57,0.01,0.29,0.0,0.51,3.25,9.78,9.4,10.91,2.16,0.0,0.0
24.75,85.25,Wazirganj,Bihar,0.75,0.0,0.26,0.0,0.44,3.85,9.83,9.53,11.62,2.33,0.0,0.0
24.75,85.5,Akbarpur,Bihar,0.99,0.0,0.13,0.0,1.06,3.78,9.62,8.39,10.6,1.87,0.0,0.0
24.75,85.75,Satgawan,Jharkhand,0.41,0.0,0.04,0.0,1.62,2.77,10.12,6.42,11.16,1.74,0.0,0.0
24.75,86.0,Tisri,Jharkhand,0.55,0.0,0.0,0.0,1.29,3.22,6.93,10.89,14.26,2.94,0.0,0.0
24.75,86.25,Sono,Bihar,0.77,0.0,0.0,0.0,0.77,5.82,9.89,8.98,14.98,2.46,0.0,0.0
24.75,86.5,Jhajha,Bihar,0.77,0.0,0.0,0.0,1.37,9.21,10.77,6.45,13.49,2.67,0.0,0.0
24.75,86.75,Katoria,Bihar,0.37,0.07,0.01,0.07,2.14,5.78,7.56,6.29,9.46,1.57,0.0,0.0
24.75,87.0,Bausi,Bihar,0.4,0.12,0.02,0.14,1.62,4.66,8.07,6.85,8.61,0.77,0.0,0.0
24.75,87.25,Godda,Jharkhand,0.4,0.0,0.08,0.6,1.76,3.53,7.4,6.01,6.34,1.84,0.0,0.0
24.75,87.5,Litipara,Jharkhand,0.45,0.0,0.15,0.47,1.88,4.01,6.16,5.77,6.13,1.72,0.0,0.0
24.75,87.75,Hiranpur,Jharkhand,0.5,0.0,0.13,0.56,2.44,4.21,10.91,6.12,11.04,1.94,0.0,0.0
24.75,88.0,Kaliachak - III,West Bengal,0.47,0.0,0.13,0.55,2.51,4.62,11.47,5.14,10.62,2.05,0.0,0.0
24.75,92.25,Barlekha Upazila,Sylhet Division,0.14,1.72,2.48,32.38,29.12,17.63,19.1,8.29,21.94,7.1,4.05,0.22
24.75,92.5,Nilambazar,Assam,0.09,2.29,2.47,21.13,14.23,8.03,15.74,7.14,19.29,5.69,1.82,0.45
24.75,92.75,Silchar,Assam,0.04,2.18,2.58,19.95,16.47,15.37,14.23,7.89,23.3,6.83,1.74,0.2
24.75,93.0,Lakhipur,Assam,0.09,2.15,2.34,18.18,14.49,12.94,13.23,7.7,20.99,6.33,2.0,0.25
24.75,93.25,Tamenglong West,Manipur,0.19,1.09,1.19,9.29,10.71,6.06,11.02,3.09,8.1,4.3,1.95,0.09
24.75,93.5,Nungba subdivision,Manipur,0.21,0.91,0.99,7.74,10.03,4.87,10.71,2.36,5.94,3.96,1.95,0.07
24.75,93.75,Bungte Chiru Subdivision,Manipur,0.23,0.9,1.01,7.69,10.06,5.23,10.54,2.64,6.36,3.98,1.98,0.07
24.75,94.0,Keirao Bitra,Manipur,0.25,0.86,0.98,7.33,9.84,5.3,9.99,2.85,6.37,3.92,2.02,0.07
24.75,94.25,Kasom Khullen,Manipur,0.27,0.84,0.98,7.22,9.81,5.42,9.91,2.89,6.45,3.94,2.01,0.07
24.75,94.5,Kamjong subdivision,Manipur,0.28,0.82,0.99,7.05,9.75,5.62,9.93,3.03,6.61,3.95,2.02,0.07
25.0,70.75,Tharparkar District,Sindh,0.0,0.0,0.11,0.0,0.0,0.27,0.47,5.61,0.05,0.35,0.0,0.0
25.0,71.0,Sedwa Tehsil,Rajasthan,0.0,0.0,0.11,0.0,0.0,0.16,0.57,5.27,0.03,0.4,0.0,0.0
25.0,71.25,Sedwa Tehsil,Rajasthan,0.0,0.0,0.12,0.0,0.0,0.07,0.89,4.52,0.03,0.7,0.0,0.0
25.0,71.5,Chitalwana Tehsil,Rajasthan,0.0,0.0,0.11,0.0,0.0,0.08,0.83,4.55,0.03,0.67,0.0,0.0
25.0,71.75,Chitalwana Tehsil,Rajasthan,0.0,0.0,0.03,0.0,0.0,0.16,0.63,4.52,0.31,1.06,0.0,0.0
25.0,72.0,Bhinmal Tehsil,Rajasthan,0.0,0.0,0.02,0.0,0.0,0.52,0.83,8.66,2.64,2.19,0.0,0.0
25.0,72.25,Bhinmal Tehsil,Rajasthan,0.0,0.0,0.0,0.0,0.0,0.51,1.18,9.02,4.7,2.81,0.0,0.0
25.0,72.5,Jaswantpura Tehsil,Rajasthan,0.0,0.0,0.0,0.0,0.0,0.51,5.15,11.57,2.62,1.13,0.0,0.0
25.0,72.75,Sirohi Tehsil,Rajasthan,0.0,0.0,0.03,0.0,0.0,0.51,8.74,16.58,1.37,0.74,0.0,0.0
25.0,73.0,Sheoganj Tehsil,Rajasthan,0.0,0.0,0.11,0.0,0.0,0.59,8.11,20.06,2.75,1.2,0.0,0.0
25.0,73.25,Bali Tehsil,Rajasthan,0.0,0.0,0.16,0.0,0.0,1.29,7.56,23.04,1.59,1.2,0.0,0.0
25.0,73.5,Gogunda Tehsil,Rajasthan,0.0,0.0,0.22,0.0,0.0,3.54,9.76,16.17,0.89,2.45,0.0,0.0
25.0,73.75,Nathdwara Tehsil,Rajasthan,0.0,0.0,0.5,0.0,0.0,4.16,8.58,13.06,2.12,3.04,0.0,0.0
25.0,74.0,Rajsamand Tehsil,Rajasthan,0.0,0.0,0.15,0.0,0.0,1.63,17.41,14.09,1.76,2.06,0.0,0.0
25.0,74.25,Railmagra Tehsil,Rajasthan,0.0,0.0,0.09,0.0,0.28,3.83,13.67,24.01,1.1,0.98,0.0,0.0
25.0,74.5,Gangrar Tehsil,Rajasthan,0.0,0.0,0.0,0.0,0.06,2.78,11.23,34.68,3.41,2.06,0.0,0.0
25.0,74.75,Chittaurgarh Tehsil,Rajasthan,0.0,0.0,0.04,0.0,0.32,2.23,10.04,32.79,2.05,2.2,0.0,0.0
25.0,75.0,Begun Tehsil,Rajasthan,0.0,0.0,0.1,0.0,0.17,2.29,10.03,31.8,0.74,2.09,0.0,0.0
25.0,75.25,Singoli Tehsil,Madhya Pradesh,0.06,0.0,0.04,0.0,0.12,2.84,8.72,20.12,3.45,0.67,0.0,0.0
25.0,75.5,Rawatbhata Tehsil,Rajasthan,0.09,0.0,0.0,0.0,0.04,2.69,7.59,18.86,4.08,0.61,0.0,0.0
25.0,75.75,Ladpura Tehsil,Rajasthan,0.11,0.0,0.0,0.0,0.05,1.67,4.72,15.47,2.27,0.5,0.0,0.0
25.0,76.0,Ladpura Tehsil,Rajasthan,0.05,0.0,0.0,0.0,0.22,2.65,7.03,12.56,1.18,0.15,0.0,0.0
25.0,76.25,Sangod Tehsil,Rajasthan,0.04,0.0,0.04,0.0,0.06,1.97,8.85,12.33,2.19,0.42,0.0,0.0
25.0,76.5,Baran Tehsil,Rajasthan,0.1,0.0,0.09,0.0,0.08,2.21,11.5,18.64,2.06,0.25,0.0,0.0
25.0,76.75,Kishanganj Tehsil,Rajasthan,0.22,0.0,0.06,0.0,0.12,3.54,18.68,17.56,1.38,1.17,0.0,0.0
25.0,77.0,Bamori Tahsil,Madhya Pradesh,0.34,0.0,0.04,0.0,0.16,4.68,26.9,13.76,0.65,2.24,0.0,0.0
25.0,77.25,Guna Tahsil,Madhya Pradesh,0.19,0.0,0.1,0.0,0.08,4.04,22.61,11.81,1.12,1.6,0.0,0.0
25.0,77.5,Badarwas Tahsil,Madhya Pradesh,0.16,0.0,0.18,0.0,0.01,3.26,17.72,11.42,1.6,1.19,0.0,0.0
25.0,77.75,Rannod Tahsil,Madhya Pradesh,0.17,0.0,0.23,0.0,0.0,3.9,16.59,11.17,2.58,1.61,0.0,0.0
25.0,78.0,Khaniyadhana Tahsil,Madhya Pradesh,0.39,0.02,0.24,0.0,0.02,3.81,15.43,9.52,2.01,1.6,0.0,0.0
25.0,78.25,Khaniyadhana Tahsil,Madhya Pradesh,0.47,0.03,0.22,0.0,0.1,3.51,13.73,8.83,1.46,1.26,0.0,0.0
25.0,78.5,Talbehat,Uttar Pradesh,0.28,0.02,0.37,0.0,0.16,2.38,12.09,10.38,0.97,0.49,0.0,0.0
25.0,78.75,Mohangarh Tahsil,Madhya Pradesh,0.21,0.01,0.42,0.0,0.48,1.43,10.5,11.01,0.73,0.44,0.0,0.0
25.0,79.0,Jatara Tahsil,Madhya Pradesh,0.23,0.04,0.42,0.0,0.94,2.06,11.25,12.15,0.72,0.26,0.0,0.0
25.0,79.25,Palera Tahsil,Madhya Pradesh,0.28,0.1,0.54,0.0,1.72,3.49,15.39,17.8,1.06,0.13,0.0,0.0
25.0,79.5,Nowgong Tahsil,Madhya Pradesh,0.43,0.07,0.51,0.0,0.71,2.97,16.06,21.83,3.15,0.06,0.0,0.0
25.0,79.75,Maharajpur Tahsil,Madhya Pradesh,0.52,0.09,0.58,0.0,0.28,2.75,17.12,22.7,4.06,0.04,0.0,0.0
25.0,80.0,Chandla Tahsil,Madhya Pradesh,0.3,0.01,0.52,0.0,0.28,2.94,25.43,24.95,3.53,1.57,0.0,0.0
25.0,80.25,Ajaigarh Tahsil,Madhya Pradesh,0.36,0.1,0.21,0.0,0.53,1.9,20.35,18.72,1.64,0.82,0.0,0.0
25.0,80.5,Majhgawan Tahsil,Madhya Pradesh,0.46,0.15,0.12,0.0,0.36,1.87,16.93,15.23,0.8,0.35,0.0,0.0
25.0,80.75,Majhgawan Tahsil,Madhya Pradesh,0.43,0.16,0.18,0.0,0.14,1.4,15.45,13.63,0.9,0.1,0.0,0.0
25.0,81.0,Karwi,Uttar Pradesh,0.48,0.09,0.17,0.0,0.0,1.68,9.5,9.99,1.81,0.25,0.0,0.0
25.0,81.25,Jawa Tahsil,Madhya Pradesh,0.56,0.03,0.26,0.0,0.11,2.0,8.45,12.48,4.55,0.6,0.0,0.0
25.0,81.5,Jawa Tahsil,Madhya Pradesh,0.27,0.03,0.67,0.0,0.23,1.22,8.41,14.54,5.72,1.03,0.0,0.0
25.0,81.75,Teonthar Tahsil,Madhya Pradesh,0.21,0.02,0.9,0.0,0.2,1.14,7.81,12.8,4.9,0.54,0.0,0.0
25.0,82.0,Koraon,Uttar Pradesh,0.3,0.01,0.81,0.0,0.07,1.49,7.76,11.89,4.89,0.38,0.0,0.0
25.0,82.25,Koraon,Uttar Pradesh,0.42,0.06,1.2,0.0,0.05,2.91,13.43,12.98,6.75,0.88,0.0,0.0
25.0,82.5,Marihan,Uttar Pradesh,0.47,0.01,0.68,0.0,0.29,1.79,16.92,15.26,7.5,1.11,0.0,0.0
25.0,82.75,Chunar,Uttar Pradesh,0.28,0.04,0.8,0.0,0.47,1.26,15.76,13.79,7.53,0.09,0.0,0.0
25.0,83.0,Chunar,Uttar Pradesh,0.28,0.0,0.44,0.0,0.22,1.95,11.0,10.43,5.24,0.33,0.0,0.0
25.0,83.25,Chakia,Uttar Pradesh,0.5,0.0,0.5,0.0,0.12,1.45,11.66,12.71,6.94,1.42,0.0,0.0
25.0,83.5,Chainpur,Bihar,0.72,0.01,0.81,0.0,0.09,1.56,10.37,11.64,7.27,1.48,0.0,0.0
25.0,83.75,Bhabua,Bihar,0.62,0.07,0.76,0.0,0.43,2.01,13.13,10.21,9.22,2.04,0.0,0.0
25.0,84.0,Sasaram,Bihar,0.56,0.08,0.42,0.0,0.65,3.55,14.62,8.73,12.29,3.7,0.0,0.0
25.0,84.25,Dehri,Bihar,0.42,0.0,0.35,0.0,0.34,4.41,11.38,8.98,14.23,4.52,0.0,0.0
25.0,84.5,Daudnagar,Bihar,0.53,0.0,0.21,0.0,0.19,4.56,13.63,7.58,16.94,2.65,0.0,0.0
25.0,84.75,Konch,Bihar,0.46,0.0,0.33,0.0,0.75,3.88,14.5,6.51,15.11,2.55,0.0,0.0
25.0,85.0,Belaganj,Bihar,0.29,0.0,0.06,0.0,2.24,6.51,8.6,3.14,11.87,1.49,0.0,0.0
25.0,85.25,Neem Chak Bathani,Bihar,0.73,0.0,0.21,0.0,0.69,4.31,10.51,8.34,11.42,2.36,0.0,0.0
25.0,85.5,Nardiganj,Bihar,0.7,0.0,0.09,0.0,1.25,5.7,7.73,7.57,9.06,3.95,0.0,0.0
25.0,85.75,Pakribarawan,Bihar,0.59,0.0,0.08,0.0,1.42,3.37,10.25,6.93,10.41,1.25,0.0,0.0
25.0,86.0,Halsi,Bihar,0.69,0.0,0.06,0.0,1.23,4.07,8.5,7.64,10.49,1.12,0.0,0.0
25.0,86.25,Barhat,Bihar,0.73,0.0,0.01,0.04,0.73,5.78,9.78,7.19,12.07,1.71,0.0,0.0
25.0,86.5,Kharagpur,Bihar,0.47,0.0,0.0,0.05,2.35,7.65,8.29,5.52,10.91,2.21,0.0,0.0
25.0,86.75,Phulidumar,Bihar,0.37,0.07,0.02,0.13,2.38,5.48,7.39,5.75,8.98,1.58,0.0,0.0
25.0,87.0,Rajaun,Bihar,0.45,0.15,0.0,0.01,2.28,6.08,8.36,7.51,7.73,0.44,0.0,0.0
25.0,87.25,Mahagama,Jharkhand,0.36,0.09,0.09,0.19,2.28,5.66,8.97,6.6,8.18,0.76,0.0,0.0
25.0,87.5,Borio,Jharkhand,0.22,0.0,0.26,0.43,2.73,7.78,10.31,5.42,10.12,0.88,0.0,0.0
25.0,87.75,Rajmahal,Jharkhand,0.53,0.0,0.08,0.7,2.74,4.91,12.41,4.47,10.39,2.46,0.0,0.0
25.0,88.0,English Bazar,West Bengal,0.42,0.0,0.11,0.67,2.59,4.33,12.22,4.59,10.87,2.03,0.0,0.0
25.0,88.25,Habibpur,West Bengal,0.09,0.0,0.16,0.75,2.15,2.8,9.34,2.13,6.89,1.95,0.0,0.0
25.0,92.25,Kanaighat Upazila,Sylhet Division,0.21,1.76,2.85,28.23,24.95,13.2,17.37,8.44,20.32,6.94,5.0,0.38
25.0,92.5,Katigora,Assam,0.36,1.73,1.59,19.85,20.3,6.56,13.42,4.19,12.1,2.89,4.15,0.28
25.0,92.75,Silchar,Assam,0.36,1.6,1.49,19.75,20.6,7.53,11.26,3.64,11.8,2.72,4.3,0.24
25.0,93.0,Udarbond,Assam,0.22,1.62,1.72,19.41,16.14,8.06,10.25,4.05,13.62,3.9,3.03,0.29
25.0,93.25,Mahur,Assam,0.21,1.12,1.22,10.72,12.06,6.29,10.81,3.02,8.46,4.06,2.24,0.11
25.0,93.5,Tamenglong Subdivision,Manipur,0.27,0.87,1.0,7.43,9.88,5.44,10.28,3.18,6.66,3.87,2.08,0.07
25.0,93.75,Tamenglong North,Manipur,0.28,0.83,0.97,7.16,9.7,5.41,9.93,3.14,6.52,3.84,2.08,0.07
25.0,94.0,Saikul subdivision,Manipur,0.34,0.75,0.97,6.58,9.43,6.01,9.89,3.79,7.1,3.79,2.17,0.07
25.0,94.25,Ukhrul subdivision,Manipur,0.4,0.67,0.97,6.0,9.23,6.67,9.96,4.32,7.67,3.8,2.21,0.08
25.0,94.5,Kamjong subdivision,Manipur,0.5,0.53,0.97,5.01,8.88,7.83,10.1,5.13,8.65,3.85,2.26,0.07
25.25,70.75,Tharparkar District,Sindh,0.0,0.0,0.1,0.0,0.0,0.36,0.21,5.9,0.07,0.24,0.0,0.0
25.25,71.0,Dhanaoo Tehsil,Rajasthan,0.0,0.0,0.08,0.0,0.0,0.24,0.45,5.75,0.03,0.45,0.0,0.0
25.25,71.25,Dhanaoo Tehsil,Rajasthan,0.0,0.0,0.16,0.0,0.0,0.11,0.94,5.15,0.0,0.45,0.0,0.0
25.25,71.5,Dhorimanna Tehsil,Rajasthan,0.0,0.0,0.15,0.0,0.0,0.1,0.9,5.02,0.01,0.43,0.0,0.0
25.25,71.75,Gudha Malani Tehsil,Rajasthan,0.0,0.0,0.06,0.0,0.0,0.15,0.45,5.35,0.07,0.49,0.0,0.0
25.25,72.0,Bagora Tehsil,Rajasthan,0.0,0.0,0.03,0.0,0.0,0.66,0.69,7.69,0.66,1.34,0.0,0.0
25.25,72.25,Sayla Tehsil,Rajasthan,0.0,0.0,0.02,0.0,0.0,0.76,0.97,10.88,1.94,1.96,0.0,0.0
25.25,72.5,Jalor Tehsil,Rajasthan,0.0,0.0,0.01,0.0,0.0,2.0,2.34,16.35,0.29,1.09,0.0,0.0
25.25,72.75,Jalor Tehsil,Rajasthan,0.0,0.0,0.05,0.0,0.0,0.98,3.13,15.92,0.52,0.9,0.0,0.0
25.25,73.0,Sumerpur Tehsil,Rajasthan,0.0,0.0,0.2,0.0,0.0,0.6,6.54,22.82,2.45,1.32,0.0,0.0
25.25,73.25,Bali Tehsil,Rajasthan,0.0,0.0,0.21,0.0,0.0,0.9,5.95,27.08,1.86,0.97,0.0,0.0
25.25,73.5,Desuri Tehsil,Rajasthan,0.0,0.0,0.17,0.0,0.0,1.57,9.58,22.33,3.19,1.01,0.0,0.0
25.25,73.75,Gadbor Tehsil,Rajasthan,0.0,0.0,0.12,0.0,0.0,3.49,8.08,9.92,0.54,1.12,0.0,0.0
25.25,74.0,Amet Tehsil,Rajasthan,0.0,0.0,0.07,0.0,0.0,4.06,9.35,12.83,0.33,0.64,0.0,0.0
25.25,74.25,Sahara Tehsil,Rajasthan,0.01,0.0,0.06,0.0,0.19,4.03,11.25,20.94,0.87,0.67,0.0,0.0
25.25,74.5,Bhilwara Tehsil,Rajasthan,0.01,0.0,0.02,0.0,0.05,2.71,9.99,26.38,2.99,1.22,0.0,0.0
25.25,74.75,Hameergarh Tehsil,Rajasthan,0.0,0.0,0.02,0.0,0.56,1.86,10.92,18.99,2.71,0.66,0.0,0.0
25.25,75.0,Mandalgarh Tehsil,Rajasthan,0.0,0.0,0.07,0.0,1.51,2.11,11.3,24.29,1.91,0.72,0.0,0.0
25.25,75.25,Mandalgarh Tehsil,Rajasthan,0.0,0.0,0.14,0.0,0.61,3.61,12.13,20.99,2.19,0.58,0.0,0.0
25.25,75.5,Bundi Tehsil,Rajasthan,0.02,0.0,0.02,0.0,0.22,2.24,9.28,16.23,4.79,0.81,0.0,0.0
25.25,75.75,Talera Tehsil,Rajasthan,0.01,0.0,0.0,0.0,0.33,1.42,8.36,17.74,3.77,0.78,0.0,0.0
25.25,76.0,Ladpura Tehsil,Rajasthan,0.0,0.0,0.0,0.0,0.1,0.4,10.68,12.52,2.0,0.95,0.0,0.0
25.25,76.25,Digod Tehsil,Rajasthan,0.03,0.0,0.1,0.0,0.2,1.83,12.04,17.6,0.96,0.44,0.0,0.0
25.25,76.5,Mangrol Tehsil,Rajasthan,0.07,0.0,0.11,0.0,0.04,1.41,11.8,19.41,1.67,0.49,0.0,0.0
25.25,76.75,Kishanganj Tehsil,Rajasthan,0.34,0.0,0.04,0.0,0.19,5.01,27.52,13.07,0.66,2.48,0.0,0.0
25.25,77.0,Shahbad Tehsil,Rajasthan,0.45,0.0,0.0,0.0,0.26,6.6,34.56,10.35,0.2,3.36,0.0,0.0
25.25,77.25,Shahbad Tehsil,Rajasthan,0.22,0.0,0.08,0.0,0.09,4.05,23.77,11.18,0.65,1.64,0.0,0.0
25.25,77.5,Kolaras Tahsil,Madhya Pradesh,0.1,0.0,0.12,0.0,0.0,2.55,17.64,11.54,0.83,0.63,0.0,0.0
25.25,77.75,Kolaras Tahsil,Madhya Pradesh,0.14,0.0,0.08,0.0,0.0,2.62,15.68,8.78,0.71,0.92,0.0,0.0
25.25,78.0,Pichhore Tahsil,Madhya Pradesh,0.12,0.0,0.05,0.0,0.09,2.35,13.25,7.58,0.5,0.74,0.0,0.0
25.25,78.25,Pichhore Tahsil,Madhya Pradesh,0.12,0.0,0.1,0.0,0.26,2.21,11.15,8.98,0.79,0.53,0.0,0.0
25.25,78.5,Jhansi,Uttar Pradesh,0.06,0.0,0.11,0.0,0.37,1.8,9.84,9.69,0.83,0.52,0.0,0.0
25.25,78.75,Niwari Tahsil,Madhya Pradesh,0.15,0.0,0.31,0.0,0.51,1.12,8.72,9.48,0.51,0.34,0.0,0.0
25.25,79.0,Lidhaura Tahsil,Madhya Pradesh,0.23,0.01,0.35,0.0,0.61,1.11,9.1,9.37,0.5,0.31,0.0,0.0
25.25,79.25,Mauranipur,Uttar Pradesh,0.25,0.07,0.46,0.0,1.25,2.83,13.15,14.26,0.91,0.21,0.0,0.0
25.25,79.5,Kulpahar,Uttar Pradesh,0.27,0.09,0.32,0.0,0.51,1.79,14.32,15.94,1.78,0.16,0.0,0.0
25.25,79.75,Mahoba,Uttar Pradesh,0.22,0.07,0.14,0.0,0.14,0.95,13.74,13.99,1.34,0.16,0.0,0.0
25.25,80.0,Gaurihar Tahsil,Madhya Pradesh,0.27,0.15,0.3,0.0,0.81,1.29,17.5,14.48,2.38,0.29,0.0,0.0
25.25,80.25,Gaurihar Tahsil,Madhya Pradesh,0.35,0.17,0.05,0.0,0.79,0.86,15.23,15.68,0.91,0.15,0.0,0.0
25.25,80.5,Naraini,Uttar Pradesh,0.43,0.18,0.07,0.0,0.44,2.11,15.91,13.94,0.8,0.26,0.0,0.0
25.25,80.75,Karwi,Uttar Pradesh,0.39,0.19,0.18,0.0,0.05,1.34,11.5,9.31,1.0,0.03,0.0,0.0
25.25,81.0,Karwi,Uttar Pradesh,0.29,0.1,0.25,0.0,0.0,1.76,8.41,8.02,1.13,0.08,0.0,0.0
25.25,81.25,Mau,Uttar Pradesh,0.21,0.04,0.35,0.0,0.06,2.54,6.77,8.19,5.11,0.53,0.0,0.0
25.25,81.5,Mau,Uttar Pradesh,0.31,0.07,0.5,0.0,0.18,1.77,8.41,12.85,7.77,1.03,0.0,0.0
25.25,81.75,Bara,Uttar Pradesh,0.19,0.1,0.97,0.0,0.56,2.2,11.47,16.34,5.77,0.73,0.0,0.0
25.25,82.0,Karchhana,Uttar Pradesh,0.39,0.05,1.01,0.0,0.12,1.96,8.71,14.38,7.06,0.46,0.0,0.0
25.25,82.25,Gyanpur,Uttar Pradesh,0.34,0.12,1.56,0.0,0.04,3.03,12.66,12.47,6.69,0.48,0.0,0.0
25.25,82.5,Aurai,Uttar Pradesh,0.24,0.05,0.75,0.0,0.46,2.53,16.27,14.6,8.96,0.64,0.0,0.0
25.25,82.75,Sadar,Uttar Pradesh,0.2,0.1,0.7,0.0,0.54,2.29,9.71,9.24,5.33,0.17,0.0,0.0
25.25,83.0,Sadar,Uttar Pradesh,0.1,0.0,0.15,0.0,0.09,1.13,12.56,12.37,5.4,0.06,0.0,0.0
25.25,83.25,Chandauli,Uttar Pradesh,0.26,0.03,0.35,0.0,0.59,1.97,16.43,9.0,7.23,1.0,0.0,0.0
25.25,83.5,Durgawati,Bihar,0.37,0.0,0.27,0.0,0.32,2.02,13.38,11.48,9.19,1.2,0.0,0.0
25.25,83.75,Mohania,Bihar,0.45,0.02,0.26,0.0,0.33,2.39,12.63,10.43,9.67,2.49,0.0,0.0
25.25,84.0,Kochas,Bihar,0.37,0.02,0.08,0.0,0.64,2.22,12.05,8.95,14.72,7.5,0.0,0.0
25.25,84.25,Suryapura,Bihar,0.31,0.0,0.04,0.0,0.62,2.47,11.13,8.62,14.7,7.53,0.0,0.0
25.25,84.5,Tarari,Bihar,0.11,0.0,0.13,0.0,0.3,3.31,11.03,8.11,13.58,3.1,0.0,0.0
25.25,84.75,Karpi,Bihar,0.26,0.0,0.22,0.0,1.08,3.53,12.72,6.42,11.23,2.35,0.0,0.0
25.25,85.0,Jehanabad,Bihar,0.36,0.0,0.22,0.0,1.94,4.2,12.39,4.68,8.71,2.48,0.0,0.0
25.25,85.25,Ekangarsarai,Bihar,0.15,0.0,0.2,0.0,1.17,4.25,9.85,6.59,9.09,2.31,0.0,0.0
25.25,85.5,Noorsarai,Bihar,0.12,0.0,0.0,0.0,2.64,6.58,7.46,7.33,9.41,4.11,0.0,0.0
25.25,85.75,Barbigha,Bihar,0.61,0.0,0.15,0.0,1.59,2.35,10.35,5.79,14.27,1.27,0.0,0.0
25.25,86.0,Barahiya,Bihar,0.47,0.0,0.27,0.0,1.11,2.81,10.5,5.11,14.53,1.49,0.0,0.0
25.25,86.25,Surajgarha,Bihar,0.17,0.04,0.04,0.3,1.56,0.92,7.45,2.56,10.24,0.77,0.0,0.0
25.25,86.5,Dharhara,Bihar,0.26,0.04,0.01,0.44,1.46,1.8,8.29,2.37,6.71,0.69,0.0,0.0
25.25,86.75,Sultanganj,Bihar,0.79,0.12,0.08,0.77,2.32,3.67,9.91,2.28,10.52,1.01,0.0,0.0
25.25,87.0,Jagdishpur,Bihar,0.86,0.01,0.0,0.14,2.37,2.99,9.44,3.76,11.16,0.29,0.0,0.0
25.25,87.25,Kahalgaon,Bihar,0.51,0.01,0.09,0.67,2.44,3.26,13.5,3.64,9.03,1.0,0.0,0.0
25.25,87.5,Mandro,Jharkhand,0.33,0.0,0.18,0.53,2.81,5.76,11.66,4.95,10.28,2.68,0.0,0.0
25.25,87.75,Sahibganj (block),Jharkhand,0.45,0.0,0.13,0.63,2.72,5.86,11.83,5.0,10.34,3.28,0.0,0.0
25.25,88.0,Ratua - I,West Bengal,0.31,0.0,0.13,0.74,2.41,4.29,12.46,3.03,10.72,2.5,0.0,0.0
25.25,88.25,Gazole,West Bengal,0.03,0.0,0.16,0.84,2.04,2.8,11.92,2.25,10.29,2.28,0.0,0.0
25.25,88.5,Tapan,West Bengal,0.01,0.0,0.17,0.85,2.06,1.97,6.2,1.27,3.78,1.34,0.0,0.0
25.25,88.75,Balurghat,West Bengal,0.02,0.0,0.17,1.2,2.13,4.93,9.25,2.43,8.18,3.22,0.0,0.0
25.25,90.25,Gasuapara,Meghalaya,0.47,0.0,2.04,8.84,20.89,30.97,39.12,1.85,9.39,9.54,0.0,0.43
25.25,90.5,Baghmara,Meghalaya,0.47,0.06,2.38,24.19,25.23,33.15,60.44,4.1,13.28,11.96,0.25,0.45
25.25,90.75,Rongara,Meghalaya,0.5,0.27,2.92,50.06,31.08,32.85,95.26,10.44,20.84,14.49,0.84,0.38
25.25,91.0,Ranikor,Meghalaya,0.54,0.37,2.97,56.74,31.18,30.12,101.13,12.58,23.21,14.63,1.07,0.3
25.25,91.25,Ranikor,Meghalaya,0.58,0.48,3.26,65.69,34.92,33.45,116.07,14.07,25.22,16.36,1.17,0.34
25.25,91.5,Unknown,Meghalaya,0.57,0.43,3.15,62.47,33.48,32.17,110.32,13.48,24.42,15.58,1.12,0.33
25.25,91.75,Shella Bholaganj,Meghalaya,0.42,0.64,2.81,45.21,27.09,25.04,78.12,11.12,20.72,12.79,1.87,0.31
25.25,92.0,Amlarem,Meghalaya,0.31,1.35,2.88,20.35,18.57,10.91,15.65,8.68,18.06,7.61,4.62,0.43
25.25,92.25,Khliehriat,Meghalaya,0.34,1.62,2.19,22.37,21.49,7.84,12.71,6.0,14.0,4.68,5.37,0.38
25.25,92.5,Saipung,Meghalaya,0.46,1.49,1.21,18.95,21.49,5.77,10.2,2.89,9.03,1.72,4.99,0.25
25.25,92.75,Saipung,Meghalaya,0.53,1.43,1.07,17.03,20.54,5.7,7.82,2.87,7.98,1.41,5.17,0.26
25.25,93.0,Maibong,Assam,0.54,1.59,1.23,12.98,15.2,7.25,6.86,4.42,9.93,2.22,4.35,0.37
25.25,93.25,Maibong,Assam,0.56,0.63,0.89,6.64,10.22,6.77,9.21,5.95,8.19,2.89,3.05,0.1
25.25,93.5,Tamenglong West,Manipur,0.46,0.6,0.91,5.65,8.67,6.75,9.74,5.32,8.1,3.4,2.5,0.08
25.25,93.75,Tamenglong North,Manipur,0.53,0.51,0.92,4.97,8.52,7.58,9.87,5.8,8.74,3.49,2.5,0.08
25.25,94.0,Kangpoki subdivision,Manipur,0.57,0.47,0.92,4.62,8.4,7.98,9.91,6.14,9.08,3.48,2.53,0.08
25.25,94.25,Senapati tehsil,Manipur,0.6,0.42,0.93,4.26,8.33,8.42,9.99,6.4,9.42,3.52,2.52,0.08
25.25,94.5,Chingai,Manipur,0.64,0.36,0.94,3.81,8.29,9.03,10.12,6.58,9.84,3.62,2.48,0.08
25.5,70.5,Tharparkar District,Sindh,0.0,0.0,0.16,0.0,0.0,0.45,0.09,6.17,0.04,0.06,0.0,0.0
25.5,70.75,Chohtan Tehsil,Rajasthan,0.0,0.0,0.09,0.0,0.0,0.36,0.21,5.98,0.1,0.23,0.0,0.0
25.5,71.0,Chohtan Tehsil,Rajasthan,0.0,0.0,0.03,0.0,0.0,0.3,0.03,5.91,0.0,0.48,0.0,0.0
25.5,71.25,Chohtan Tehsil,Rajasthan,0.0,0.0,0.03,0.0,0.01,0.24,0.63,6.95,0.02,0.65,0.0,0.0
25.5,71.5,Barmer Tehsil,Rajasthan,0.0,0.0,0.04,0.0,0.01,0.16,0.87,6.96,0.02,0.67,0.0,0.0
25.5,71.75,Sindhari Tehsil,Rajasthan,0.0,0.0,0.03,0.0,0.0,0.07,1.68,7.23,0.04,0.64,0.0,0.0
25.5,72.0,Sindhari Tehsil,Rajasthan,0.0,0.0,0.03,0.0,0.0,0.22,1.42,8.06,0.34,0.95,0.0,0.0
25.5,72.25,Siwana Tehsil,Rajasthan,0.0,0.02,0.01,0.0,0.0,0.67,1.62,13.97,1.33,1.54,0.0,0.0
25.5,72.5,Siwana Tehsil,Rajasthan,0.0,0.01,0.01,0.0,0.0,1.59,2.26,16.15,0.49,1.13,0.0,0.0
25.5,72.75,Ahore Tehsil,Rajasthan,0.0,0.0,0.09,0.0,0.0,1.22,3.01,16.48,0.75,1.2,0.0,0.0
25.5,73.0,Ahore Tehsil,Rajasthan,0.0,0.0,0.16,0.0,0.0,0.54,5.23,19.02,0.93,1.48,0.0,0.0
25.5,73.25,Pali Tehsil,Rajasthan,0.0,0.0,0.14,0.0,0.0,0.63,6.49,21.5,1.52,1.29,0.0,0.0
25.5,73.5,Rani Tehsil,Rajasthan,0.0,0.0,0.07,0.0,0.0,1.41,7.07,17.72,2.45,1.12,0.0,0.0
25.5,73.75,Marwar Junction Tehsil,Rajasthan,0.0,0.0,0.0,0.0,0.0,2.33,6.89,9.33,3.03,1.07,0.0,0.0
25.5,74.0,Deogarh Tehsil,Rajasthan,0.0,0.0,0.01,0.0,0.0,4.18,8.06,13.1,0.58,0.34,0.0,0.0
25.5,74.25,Kareda Tehsil,Rajasthan,0.02,0.0,0.06,0.0,0.06,3.17,7.34,12.89,0.84,0.39,0.0,0.0
25.5,74.5,Mandal Tehsil,Rajasthan,0.03,0.0,0.05,0.0,0.13,2.72,7.23,15.06,2.13,0.11,0.0,0.0
25.5,74.75,Banera Tehsil,Rajasthan,0.0,0.0,0.0,0.0,0.01,1.94,10.73,14.08,2.61,0.37,0.0,0.0
25.5,75.0,Kotri Tehsil,Rajasthan,0.0,0.0,0.0,0.0,0.04,2.41,8.99,12.6,2.02,0.65,0.09,0.0
25.5,75.25,Jahazpur Tehsil,Rajasthan,0.01,0.0,0.01,0.0,0.1,3.38,9.0,11.07,1.84,0.74,0.1,0.0
25.5,75.5,Hindoli Tehsil,Rajasthan,0.05,0.0,0.05,0.0,0.25,5.01,11.12,13.36,3.18,0.3,0.0,0.0
25.5,75.75,Hindoli Tehsil,Rajasthan,0.01,0.0,0.01,0.0,0.26,1.62,8.89,16.07,2.93,0.45,0.0,0.0
25.5,76.0,Keshoraipatan Tehsil,Rajasthan,0.0,0.0,0.01,0.0,0.28,1.22,9.89,14.06,1.84,0.51,0.0,0.0
25.5,76.25,Digod Tehsil,Rajasthan,0.03,0.0,0.1,0.0,0.1,1.08,11.87,19.26,0.64,0.7,0.0,0.0
25.5,76.5,Pipalda Tehsil,Rajasthan,0.05,0.0,0.12,0.0,0.04,1.23,11.61,20.43,0.98,0.63,0.0,0.0
25.5,76.75,Karahal Tahsil,Madhya Pradesh,0.29,0.0,0.06,0.0,0.17,4.3,24.64,14.58,0.6,2.17,0.0,0.0
25.5,77.0,Karahal Tahsil,Madhya Pradesh,0.3,0.0,0.02,0.0,0.16,4.76,26.37,10.67,0.42,2.35,0.0,0.0
25.5,77.25,Pohri Tahsil,Madhya Pradesh,0.23,0.0,0.05,0.0,0.11,3.92,23.08,10.49,0.42,1.78,0.0,0.0
25.5,77.5,Pohri Tahsil,Madhya Pradesh,0.15,0.0,0.07,0.0,0.03,2.82,18.13,9.88,0.47,1.0,0.0,0.0
25.5,77.75,Shivpuri Tahsil,Madhya Pradesh,0.13,0.0,0.05,0.0,0.07,2.53,14.74,7.75,0.33,0.74,0.0,0.0
25.5,78.0,Karera Tahsil,Madhya Pradesh,0.14,0.0,0.0,0.0,0.0,2.3,14.1,6.47,0.11,0.8,0.0,0.0
25.5,78.25,Karera Tahsil,Madhya Pradesh,0.16,0.0,0.11,0.0,0.35,2.3,11.2,8.55,0.86,0.56,0.0,0.0
25.5,78.5,Jhansi,Uttar Pradesh,0.12,0.0,0.14,0.0,0.44,2.16,9.88,9.24,1.03,0.5,0.0,0.0
25.5,78.75,Tahrauli,Uttar Pradesh,0.12,0.0,0.24,0.0,0.58,1.6,6.42,7.14,0.75,0.56,0.0,0.0
25.5,79.0,Tahrauli,Uttar Pradesh,0.2,0.0,0.2,0.0,0.09,2.05,7.4,4.52,0.15,0.3,0.0,0.0
25.5,79.25,Garautha,Uttar Pradesh,0.2,0.02,0.29,0.0,0.3,2.18,9.95,9.29,1.15,0.39,0.0,0.0
25.5,79.5,Hamirpur,Uttar Pradesh,0.19,0.04,0.35,0.0,0.37,1.72,12.56,13.68,1.98,0.41,0.0,0.0
25.5,79.75,Charkhari,Uttar Pradesh,0.18,0.06,0.25,0.0,0.32,0.93,11.94,13.34,1.62,0.25,0.0,0.0
25.5,80.0,Mahoba,Uttar Pradesh,0.24,0.13,0.46,0.0,0.89,1.8,17.68,14.29,3.26,0.38,0.0,0.0
25.5,80.25,Banda,Uttar Pradesh,0.33,0.26,0.51,0.0,1.28,2.12,20.62,15.26,3.58,0.48,0.0,0.0
25.5,80.5,Banda,Uttar Pradesh,0.3,0.57,0.13,0.0,1.16,4.32,18.63,11.01,1.73,0.95,0.0,0.0
25.5,80.75,Baberu,Uttar Pradesh,0.29,0.31,0.23,0.0,0.5,2.47,12.81,8.59,1.23,0.43,0.0,0.0
25.5,81.0,Baberu,Uttar Pradesh,0.18,0.01,0.33,0.0,0.03,2.5,4.97,5.69,1.21,0.33,0.0,0.0
25.5,81.25,Khaga,Uttar Pradesh,0.15,0.04,0.29,0.0,0.06,3.06,5.33,6.57,1.94,0.48,0.0,0.0
25.5,81.5,Chail,Uttar Pradesh,0.34,0.07,0.52,0.0,0.13,1.67,8.21,10.73,9.31,0.71,0.0,0.0
25.5,81.75,Soraon,Uttar Pradesh,0.28,0.03,1.08,0.0,0.08,2.19,7.21,10.68,4.33,0.63,0.0,0.0
25.5,82.0,Phulpur,Uttar Pradesh,0.28,0.01,0.7,0.0,0.27,1.27,6.97,10.92,5.43,0.73,0.0,0.0
25.5,82.25,Handia,Uttar Pradesh,0.04,0.01,0.49,0.0,0.37,1.44,6.87,7.1,5.76,0.33,0.0,0.0
25.5,82.5,Mariahu,Uttar Pradesh,0.14,0.04,0.68,0.0,0.54,2.12,9.06,10.91,9.53,0.18,0.0,0.0
25.5,82.75,Pindra,Uttar Pradesh,0.16,0.05,0.87,0.0,0.42,2.44,8.96,9.45,7.98,0.21,0.0,0.0
25.5,83.0,Pindra,Uttar Pradesh,0.16,0.06,0.47,0.0,0.51,1.98,11.33,10.12,5.85,0.25,0.0,0.0
25.5,83.25,Sakaldiha,Uttar Pradesh,0.08,0.04,0.43,0.0,1.05,3.15,16.96,5.91,7.98,0.65,0.0,0.0
25.5,83.5,Zamania,Uttar Pradesh,0.03,0.02,0.72,0.0,1.02,3.28,11.53,5.46,9.11,1.18,0.0,0.0
25.5,83.75,Zamania,Uttar Pradesh,0.12,0.0,0.33,0.0,0.75,3.71,10.74,4.4,7.46,3.76,0.0,0.0
25.5,84.0,Itarhi,Bihar,0.29,0.0,0.04,0.0,1.12,2.62,11.41,6.73,11.7,6.08,0.0,0.0
25.5,84.25,Chaugain,Bihar,0.19,0.0,0.02,0.0,0.98,2.49,11.87,6.39,13.25,5.31,0.0,0.0
25.5,84.5,Jagdishpur,Bihar,0.08,0.0,0.09,0.0,1.11,1.3,9.71,3.46,12.68,1.02,0.0,0.0
25.5,84.75,Koilwar,Bihar,0.09,0.0,0.34,0.0,3.3,2.21,12.01,4.61,11.6,2.45,0.0,0.0
25.5,85.0,Naubatpur,Bihar,0.3,0.0,0.27,0.0,3.95,3.01,12.36,4.21,11.64,2.77,0.0,0.0
25.5,85.25,Fatwah,Bihar,0.01,0.02,0.01,0.0,4.84,7.96,18.03,3.19,15.78,5.23,0.0,0.0
25.5,85.5,Raghopur,Bihar,0.02,0.02,0.0,0.0,5.01,10.17,17.83,3.2,16.11,5.1,0.0,0.0
25.5,85.75,Pandarak,Bihar,0.11,0.0,0.01,0.14,3.81,5.4,13.9,4.32,11.55,2.2,0.0,0.0
25.5,86.0,Teghra,Bihar,0.17,0.04,0.07,0.0,2.23,1.39,7.79,3.46,12.01,1.03,0.0,0.0
25.5,86.25,Dandari,Bihar,0.16,0.11,0.0,0.03,2.03,1.15,6.63,4.46,11.33,1.24,0.0,0.0
25.5,86.5,Khagaria,Bihar,0.45,0.13,0.01,0.3,4.16,2.41,8.18,3.72,9.03,1.44,0.0,0.0
25.5,86.75,Gogri,Bihar,0.64,0.01,0.04,0.2,2.6,3.07,10.8,4.17,12.37,1.68,0.0,0.0
25.5,87.0,Chausa,Bihar,0.52,0.0,0.17,0.19,2.62,2.19,10.21,3.02,14.19,1.45,0.0,0.0
25.5,87.25,Sameli,Bihar,0.33,0.0,0.36,0.06,4.94,3.03,11.84,4.15,9.26,4.16,0.0,0.0
25.5,87.5,Barari,Bihar,0.27,0.01,0.36,0.51,4.57,4.64,12.71,5.08,9.78,2.72,0.0,0.0
25.5,87.75,Pranpur,Bihar,0.3,0.0,0.14,0.53,3.06,5.67,11.76,5.65,14.14,2.53,0.0,0.0
25.5,88.0,Barsoi,Bihar,0.21,0.0,0.14,0.71,2.29,5.8,13.03,4.48,13.87,2.07,0.0,0.0
25.5,88.25,Itahar,West Bengal,0.08,0.0,0.15,0.72,2.03,4.48,11.91,3.32,11.39,2.77,0.0,0.0
25.5,88.5,Kushmundi,West Bengal,0.04,0.0,0.19,1.05,2.22,6.42,11.01,3.26,10.95,4.92,0.0,0.0
25.5,88.75,Dinajpur Sadar Upazila,Rangpur Division,0.01,0.02,0.36,1.93,2.28,12.54,10.72,2.3,9.94,3.6,0.0,0.0
25.5,89.75,Char Rajibpur Upazila,Rangpur Division,0.41,0.0,2.08,8.32,18.38,28.37,31.46,2.9,8.86,7.94,0.0,0.33
25.5,90.0,Betasing,Meghalaya,0.5,0.0,2.07,9.08,22.27,32.85,42.66,1.21,9.64,10.53,0.0,0.48
25.5,90.25,Gambegre,Meghalaya,0.49,0.0,2.06,8.95,21.37,31.41,40.28,1.67,9.51,9.85,0.0,0.44
25.5,90.5,Samanda,Meghalaya,0.43,0.0,1.92,11.37,18.86,27.22,35.4,2.52,9.58,8.33,0.0,0.35
25.5,90.75,Baghmara,Meghalaya,0.5,0.21,2.78,45.44,29.63,32.47,87.81,9.37,18.88,13.73,0.72,0.37
25.5,91.0,Mawshynrut,Meghalaya,0.57,0.29,2.69,48.6,27.84,27.14,87.68,11.26,21.48,13.15,0.98,0.28
25.5,91.25,Nongstoin,Meghalaya,0.53,0.31,2.67,47.59,27.41,26.76,86.14,11.06,21.09,12.91,0.97,0.27
25.5,91.5,Mawthadraishan,Meghalaya,0.54,0.17,1.34,7.0,10.73,11.89,19.85,4.31,11.54,5.34,0.56,0.1
25.5,91.75,Mawphlang,Meghalaya,0.56,0.14,1.47,16.56,13.78,14.42,32.52,5.69,13.9,6.34,0.49,0.15
25.5,92.0,Mawkynrew,Meghalaya,0.69,0.15,1.27,6.18,9.25,8.63,12.34,4.27,11.03,4.77,1.47,0.12
25.5,92.25,Thadlaskein,Meghalaya,0.78,0.71,0.92,8.49,11.41,5.12,6.39,3.29,6.57,2.05,3.62,0.17
25.5,92.5,Laskein,Meghalaya,0.81,0.99,1.01,7.68,10.64,5.24,7.33,3.95,7.67,2.11,3.68,0.26
25.5,92.75,Umrangso,Assam,0.76,1.39,1.04,7.92,11.88,6.55,5.36,4.56,7.8,1.64,4.37,0.4
25.5,93.0,Umrangso,Assam,0.68,1.39,0.91,7.87,11.65,6.5,5.32,5.46,8.1,1.42,4.65,0.4
25.5,93.25,Maibong,Assam,0.66,0.5,0.77,3.94,6.51,7.34,8.36,8.48,9.75,2.04,3.53,0.17
25.5,93.5,Kebai Khelma,Nagaland,0.65,0.34,0.74,4.21,6.75,7.42,9.11,8.56,9.82,2.18,3.39,0.1
25.5,93.75,Peren,Nagaland,0.67,0.31,0.9,3.55,7.85,9.12,9.98,7.16,10.18,3.31,2.67,0.08
25.5,94.0,Senapati tehsil,Manipur,0.67,0.33,0.86,3.78,7.57,8.59,9.74,7.56,10.03,2.99,2.88,0.09
25.5,94.25,Zuketsa,Nagaland,0.68,0.32,0.86,3.72,7.64,8.67,9.76,7.64,10.05,3.02,2.86,0.09
25.5,94.5,Chingai,Manipur,0.69,0.3,0.91,3.48,7.92,9.19,10.0,7.37,10.2,3.26,2.68,0.09
25.75,70.25,Umerkot District,Unknown,0.0,0.0,0.16,0.0,0.0,0.46,0.11,6.12,0.05,0.07,0.0,0.0
25.75,70.5,Gadraroad Tehsil,Rajasthan,0.0,0.0,0.19,0.0,0.0,0.49,0.02,6.23,0.01,0.01,0.0,0.0
25.75,70.75,Ramsar Tehsil,Rajasthan,0.0,0.0,0.09,0.0,0.0,0.37,0.39,5.84,0.22,0.1,0.0,0.0
25.75,71.0,Ramsar Tehsil,Rajasthan,0.0,0.0,0.05,0.0,0.0,0.31,0.47,6.05,0.19,0.28,0.0,0.0
25.75,71.25,Barmer Tehsil,Rajasthan,0.0,0.0,0.01,0.0,0.02,0.22,0.88,7.76,0.03,0.77,0.0,0.0
25.75,71.5,Barmer Tehsil,Rajasthan,0.0,0.0,0.01,0.0,0.01,0.22,0.99,7.41,0.04,0.77,0.0,0.0
25.75,71.75,Baytoo Tehsil,Rajasthan,0.0,0.0,0.02,0.0,0.01,0.19,1.53,6.21,0.06,0.68,0.0,0.0
25.75,72.0,Sindhari Tehsil,Rajasthan,0.0,0.0,0.01,0.0,0.0,0.04,1.99,6.4,0.12,1.14,0.0,0.0
25.75,72.25,Unknown,Rajasthan,0.0,0.02,0.0,0.0,0.0,0.09,1.89,9.67,0.81,1.44,0.0,0.0
25.75,72.5,Samdhari Tehsil,Rajasthan,0.0,0.02,0.0,0.0,0.0,0.35,2.05,10.7,0.86,1.51,0.0,0.0
25.75,72.75,Ahore Tehsil,Rajasthan,0.0,0.0,0.06,0.0,0.0,1.17,2.76,16.36,0.95,1.53,0.0,0.0
25.75,73.0,Rohat Tehsil,Rajasthan,0.0,0.0,0.09,0.0,0.0,1.11,4.12,16.49,0.71,1.73,0.0,0.0
25.75,73.25,Pali Tehsil,Rajasthan,0.0,0.0,0.1,0.0,0.0,0.49,6.79,14.7,0.31,1.89,0.0,0.0
25.75,73.5,Pali Tehsil,Rajasthan,0.0,0.0,0.02,0.0,0.0,1.84,4.28,16.39,0.31,1.3,0.0,0.0
25.75,73.75,Marwar Junction Tehsil,Rajasthan,0.0,0.0,0.02,0.0,0.0,2.3,5.3,12.47,1.26,1.47,0.0,0.0
25.75,74.0,Beawar Tehsil,Rajasthan,0.0,0.0,0.12,0.0,0.0,3.07,4.58,9.41,0.46,0.43,0.0,0.0
25.75,74.25,Badnor Tehsil,Rajasthan,0.0,0.0,0.09,0.0,0.0,2.25,5.17,6.93,0.8,1.04,0.0,0.0
25.75,74.5,Hurda Tehsil,Rajasthan,0.03,0.02,0.04,0.0,0.14,3.71,9.93,12.81,0.85,0.83,0.0,0.0
25.75,74.75,Hurda Tehsil,Rajasthan,0.0,0.01,0.0,0.0,0.04,3.03,9.56,13.21,1.67,0.37,0.0,0.0
25.75,75.0,Phooliya Kalan Tehsil,Rajasthan,0.0,0.0,0.0,0.0,0.01,1.46,5.69,8.94,1.16,0.64,0.02,0.0
25.75,75.25,Sawar Tehsil,Rajasthan,0.0,0.0,0.03,0.0,0.1,1.43,5.46,7.27,0.74,0.29,0.0,0.0
25.75,75.5,Deoli Tehsil,Rajasthan,0.0,0.0,0.0,0.0,0.08,1.84,9.8,12.2,1.44,1.04,0.0,0.0
25.75,75.75,Nainwa Tehsil,Rajasthan,0.0,0.0,0.0,0.0,0.07,1.8,9.52,15.6,1.75,0.71,0.0,0.0
25.75,76.0,Nainwa Tehsil,Rajasthan,0.0,0.0,0.03,0.0,0.1,1.76,12.93,14.56,1.83,0.91,0.0,0.0
25.75,76.25,Indargarh Tehsil,Rajasthan,0.03,0.0,0.07,0.0,0.08,1.52,13.33,14.16,1.4,0.89,0.0,0.0
25.75,76.5,Pipalda Tehsil,Rajasthan,0.04,0.0,0.06,0.0,0.03,1.31,12.18,14.75,0.75,0.67,0.01,0.0
25.75,76.75,Sheopur Tahsil,Madhya Pradesh,0.17,0.0,0.0,0.0,0.1,2.59,17.5,9.53,0.52,1.25,0.0,0.0
25.75,77.0,Karahal Tahsil,Madhya Pradesh,0.17,0.0,0.0,0.0,0.16,3.47,19.63,8.85,0.19,1.9,0.0,0.0
25.75,77.25,Vijaypur Tahsil,Madhya Pradesh,0.04,0.0,0.01,0.0,0.07,2.03,11.12,8.42,0.2,1.12,0.0,0.0
25.75,77.5,Bairrad Tahsil,Madhya Pradesh,0.06,0.0,0.03,0.0,0.02,1.79,11.35,8.47,0.25,0.78,0.0,0.0
25.75,77.75,Shivpuri Tahsil,Madhya Pradesh,0.16,0.0,0.09,0.0,0.52,3.18,11.53,6.8,0.17,0.75,0.0,0.0
25.75,78.0,Bhitarwar Tahsil,Madhya Pradesh,0.15,0.0,0.12,0.0,0.59,3.51,11.22,6.68,0.24,0.74,0.0,0.0
25.75,78.25,Narwar Tahsil,Madhya Pradesh,0.15,0.0,0.26,0.0,1.32,4.79,8.05,5.87,0.64,0.75,0.0,0.0
25.75,78.5,Datia Tahsil,Madhya Pradesh,0.16,0.0,0.03,0.0,1.71,1.99,5.93,4.83,1.2,1.41,0.0,0.0
25.75,78.75,Bhander Tahsil,Madhya Pradesh,0.14,0.0,0.4,0.0,0.09,1.53,5.01,6.83,0.47,0.14,0.0,0.0
25.75,79.0,Moth,Uttar Pradesh,0.17,0.0,0.27,0.0,0.05,1.81,6.2,5.72,0.38,0.42,0.0,0.0
25.75,79.25,Garautha,Uttar Pradesh,0.19,0.01,0.33,0.0,0.29,1.85,8.02,9.06,1.45,0.9,0.0,0.0
25.75,79.5,Hamirpur,Uttar Pradesh,0.2,0.02,0.43,0.0,0.53,1.81,10.99,12.87,2.08,0.77,0.0,0.0
25.75,79.75,Hamirpur,Uttar Pradesh,0.17,0.02,0.77,0.0,0.81,0.85,9.45,13.43,1.41,0.41,0.0,0.0
25.75,80.0,Hamirpur,Uttar Pradesh,0.18,0.04,0.71,0.0,0.79,0.67,9.32,14.0,1.49,0.46,0.0,0.0
25.75,80.25,Hamirpur,Uttar Pradesh,0.26,0.32,0.55,0.0,1.22,0.85,14.21,8.91,1.84,2.37,0.0,0.0
25.75,80.5,Banda,Uttar Pradesh,0.16,0.17,0.18,0.0,0.97,1.82,12.65,7.79,1.75,1.17,0.0,0.0
25.75,80.75,Fatehpur,Uttar Pradesh,0.14,0.08,0.34,0.0,0.45,1.16,5.8,5.78,0.6,0.55,0.0,0.0
25.75,81.0,Fatehpur,Uttar Pradesh,0.19,0.01,0.47,0.0,0.05,0.72,5.12,5.1,0.59,0.17,0.0,0.0
25.75,81.25,Sirathu,Uttar Pradesh,0.29,0.18,0.68,0.0,0.28,2.27,7.5,13.82,2.9,0.83,0.0,0.0
25.75,81.5,Pratapgarh,Uttar Pradesh,0.29,0.1,1.1,0.0,0.16,2.08,6.63,12.21,4.64,0.47,0.0,0.0
25.75,81.75,Pratapgarh,Uttar Pradesh,0.22,0.0,0.78,0.0,1.21,1.75,8.66,7.19,4.21,0.53,0.0,0.0
25.75,82.0,Pratapgarh,Uttar Pradesh,0.12,0.0,0.31,0.0,1.2,1.65,6.98,4.08,4.68,0.96,0.0,0.0
25.75,82.25,Machhlishahr,Uttar Pradesh,0.03,0.0,0.31,0.0,0.35,1.48,4.86,3.79,4.45,0.32,0.0,0.0
25.75,82.5,Jaunpur,Uttar Pradesh,0.17,0.0,0.53,0.0,0.64,3.01,13.35,13.46,11.44,0.64,0.0,0.0
25.75,82.75,Jaunpur,Uttar Pradesh,0.23,0.0,0.57,0.0,2.98,5.57,18.85,10.84,12.86,0.5,0.0,0.0
25.75,83.0,Lalganj,Uttar Pradesh,0.11,0.01,0.49,0.0,1.6,3.43,13.1,7.55,9.54,0.27,0.0,0.0
25.75,83.25,Jakhania,Uttar Pradesh,0.0,0.03,0.43,0.0,1.02,3.34,12.96,5.52,6.98,0.35,0.0,0.0
25.75,83.5,Ghazipur,Uttar Pradesh,0.08,0.0,0.42,0.0,1.61,2.73,8.76,5.1,9.39,1.21,0.0,0.0
25.75,83.75,Mohammadabad,Uttar Pradesh,0.16,0.0,0.14,0.0,1.72,2.57,9.95,3.83,7.13,2.13,0.0,0.0
25.75,84.0,Ballia,Uttar Pradesh,0.17,0.0,0.12,0.0,1.71,2.11,9.1,3.8,8.0,1.21,0.0,0.0
25.75,84.25,Ballia,Uttar Pradesh,0.05,0.01,0.0,0.0,1.55,3.25,12.77,4.09,11.11,2.73,0.0,0.0
25.75,84.5,Bairia,Uttar Pradesh,0.41,0.08,0.0,0.0,3.02,1.24,8.66,3.62,8.4,1.66,0.0,0.0
25.75,84.75,Chapra,Bihar,0.21,0.0,0.16,0.0,3.62,2.33,9.8,3.82,10.47,2.02,0.0,0.0
25.75,85.0,Dighwara,Bihar,0.28,0.0,0.12,0.0,3.65,2.63,9.86,2.93,10.89,2.07,0.0,0.0
25.75,85.25,Hajipur,Bihar,0.0,0.0,0.0,0.0,5.16,2.17,10.16,2.96,6.84,2.21,0.0,0.0
25.75,85.5,Jandaha,Bihar,0.0,0.0,0.0,0.0,3.28,3.39,13.12,1.86,8.69,3.41,0.0,0.0
25.75,85.75,Sarairanjan,Bihar,0.0,0.0,0.0,0.01,6.24,6.42,23.22,3.1,13.82,4.85,0.0,0.0
25.75,86.0,Bibhutpur,Bihar,0.08,0.02,0.0,0.18,3.81,5.65,13.84,4.41,10.26,2.0,0.0,0.0
25.75,86.25,Hasanpur,Bihar,0.12,0.11,0.0,0.42,3.77,3.41,8.02,4.31,12.8,2.36,0.0,0.0
25.75,86.5,Simri Bakhtiarpur,Bihar,0.11,0.04,0.01,0.55,3.83,4.93,11.02,3.46,14.42,2.72,0.0,0.0
25.75,86.75,Sonbarsa,Bihar,0.07,0.0,0.18,0.06,1.63,2.43,9.93,3.33,8.74,0.28,0.0,0.0
25.75,87.0,Bihariganj,Bihar,0.18,0.04,0.67,0.45,6.52,4.7,12.32,5.29,11.33,1.22,0.0,0.0
25.75,87.25,Dhamdaha,Bihar,0.21,0.06,0.84,0.62,8.56,6.06,13.82,6.38,12.24,1.96,0.0,0.0
25.75,87.5,Purnia East,Bihar,0.1,0.03,0.42,0.28,5.89,7.69,11.24,6.22,10.79,3.05,0.0,0.0
25.75,87.75,Kadwa,Bihar,0.03,0.0,0.09,0.16,3.24,8.56,11.7,6.94,13.61,2.26,0.0,0.0
25.75,88.0,Unknown,West Bengal,0.0,0.0,0.01,0.15,3.26,9.42,13.86,6.04,14.04,1.91,0.0,0.0
25.75,88.25,Hemtabad,West Bengal,0.01,0.01,0.19,0.59,2.67,8.14,13.02,4.58,13.27,2.82,0.0,0.0
25.75,89.75,Ulipur Upazila,Rangpur Division,0.29,0.0,2.13,7.43,14.26,23.11,19.71,4.54,8.02,5.27,0.0,0.19
25.75,90.0,Selsella,Meghalaya,0.43,0.0,2.02,8.5,19.03,29.04,33.9,2.59,8.94,8.27,0.0,0.37
25.75,90.25,Dadenggiri,Meghalaya,0.45,0.0,2.09,8.79,19.32,27.91,35.35,2.59,9.16,8.46,0.0,0.36
25.75,90.5,Songsak,Meghalaya,0.4,0.0,1.86,10.42,15.71,22.68,29.65,3.39,10.43,6.57,0.0,0.22
25.75,90.75,Dambo Rongjeng,Meghalaya,0.49,0.07,1.33,11.46,10.63,15.72,17.88,3.71,7.62,3.81,0.0,0.07
25.75,91.0,Mawshynrut,Meghalaya,0.47,0.15,1.21,7.84,8.41,10.95,11.02,3.15,5.49,2.65,0.33,0.06
25.75,91.25,Boko,Assam,0.48,0.07,0.91,4.98,8.42,9.19,11.14,3.26,8.64,3.47,0.27,0.08
25.75,91.5,Mairang,Meghalaya,0.48,0.03,0.91,4.36,8.24,8.78,11.11,3.44,10.35,3.81,0.3,0.09
25.75,91.75,Mairang,Meghalaya,0.48,0.05,0.96,4.38,8.45,9.23,11.84,3.5,10.91,4.22,0.32,0.1
25.75,92.0,Umsning,Meghalaya,0.6,0.0,0.97,5.02,7.26,7.74,10.13,3.07,11.34,4.8,0.57,0.15
25.75,92.25,Donka,Assam,0.87,0.01,0.91,4.41,5.23,4.3,7.96,2.91,6.52,3.14,1.66,0.06
25.75,92.5,Donka,Assam,1.02,0.22,1.01,3.76,4.91,3.95,7.43,3.29,6.75,2.77,2.11,0.08
25.75,92.75,Donka,Assam,0.79,1.72,1.05,2.21,5.3,7.3,3.59,6.4,8.69,1.98,3.93,0.62
25.75,93.0,Umrangso,Assam,0.74,1.29,0.91,2.95,5.22,6.69,4.95,7.17,8.86,1.75,3.92,0.46
25.75,93.25,Diphu,Assam,0.6,0.63,0.68,4.32,5.51,6.23,7.43,8.61,9.44,1.34,3.96,0.2
25.75,93.5,Diphu,Assam,0.93,0.29,0.66,3.95,6.35,6.57,8.35,12.07,9.8,1.26,4.24,0.18
25.75,93.75,Chumukedima,Nagaland,0.69,0.3,0.91,3.51,7.93,9.22,10.04,7.19,10.2,3.27,2.63,0.09
25.75,94.0,Sechu-Zubza,Nagaland,0.68,0.29,0.86,3.91,7.58,8.49,9.74,7.58,9.98,2.83,2.84,0.09
25.75,94.25,Kezocha,Nagaland,0.69,0.29,0.85,3.96,7.54,8.38,9.69,7.72,9.95,2.74,2.88,0.1
25.75,94.5,Phek Sadar,Nagaland,0.71,0.33,1.26,4.52,8.14,8.72,10.06,7.79,10.29,2.93,2.62,0.12
25.75,94.75,Phor,Nagaland,0.69,0.37,1.7,5.6,8.78,8.76,10.58,7.42,10.44,2.98,2.22,0.15
25.75,95.0,Khongsa,Nagaland,0.65,0.45,2.64,8.3,9.66,7.85,10.7,7.77,10.65,2.68,1.82,0.23
26.0,70.0,Sanghar District,Unknown,0.0,0.0,0.14,0.0,0.0,0.4,0.12,5.32,0.05,0.02,0.0,0.0
26.0,70.25,Gadraroad Tehsil,Rajasthan,0.0,0.0,0.13,0.0,0.0,0.4,0.15,5.45,0.07,0.04,0.0,0.0
26.0,70.5,Gadraroad Tehsil,Rajasthan,0.0,0.0,0.16,0.0,0.0,0.49,0.25,6.02,0.07,0.14,0.0,0.0
26.0,70.75,Gadraroad Tehsil,Rajasthan,0.0,0.0,0.15,0.0,0.0,0.52,0.47,5.84,0.11,0.26,0.0,0.0
26.0,71.0,Sheo Tehsil,Rajasthan,0.0,0.0,0.16,0.0,0.0,0.66,1.09,5.89,0.08,0.71,0.0,0.0
26.0,71.25,Sheo Tehsil,Rajasthan,0.0,0.0,0.16,0.0,0.01,0.69,1.22,6.12,0.02,0.89,0.0,0.0
26.0,71.5,Baytoo Tehsil,Rajasthan,0.0,0.0,0.02,0.0,0.01,0.37,1.2,5.49,0.1,0.76,0.0,0.0
26.0,71.75,Baytoo Tehsil,Rajasthan,0.0,0.0,0.0,0.0,0.0,0.4,1.36,3.97,0.17,0.71,0.0,0.0
26.0,72.0,Gira Tehsil,Rajasthan,0.0,0.0,0.01,0.0,0.0,0.17,2.01,4.34,0.04,1.29,0.0,0.0
26.0,72.25,Unknown,Rajasthan,0.0,0.0,0.01,0.0,0.0,0.15,2.28,4.58,0.06,1.53,0.0,0.0
26.0,72.5,Unknown,Rajasthan,0.0,0.01,0.0,0.0,0.0,0.22,2.06,8.89,0.73,1.52,0.0,0.0
26.0,72.75,Unknown,Rajasthan,0.0,0.02,0.03,0.0,0.0,1.49,2.44,14.52,1.25,1.39,0.0,0.0
26.0,73.0,Unknown,Rajasthan,0.0,0.0,0.07,0.0,0.0,1.41,2.89,16.55,0.98,1.62,0.0,0.0
26.0,73.25,Rohat Tehsil,Rajasthan,0.0,0.0,0.08,0.0,0.0,2.32,5.06,17.6,0.5,1.32,0.0,0.0
26.0,73.5,Sojat Tehsil,Rajasthan,0.0,0.0,0.02,0.0,0.0,4.53,5.02,18.7,0.45,0.53,0.0,0.0
26.0,73.75,Sojat Tehsil,Rajasthan,0.0,0.01,0.01,0.0,0.0,2.82,6.08,12.6,1.33,0.71,0.0,0.0
26.0,74.0,Raipur Tehsil,Rajasthan,0.0,0.0,0.0,0.0,0.0,1.58,6.29,7.22,1.71,0.65,0.0,0.0
26.0,74.25,Beawar Tehsil,Rajasthan,0.0,0.0,0.0,0.0,0.0,1.87,4.83,7.83,0.69,0.98,0.0,0.0
26.0,74.5,Masuda Tehsil,Rajasthan,0.02,0.02,0.02,0.0,0.09,3.72,9.74,12.08,0.36,1.78,0.0,0.0
26.0,74.75,Bhinay Tehsil,Rajasthan,0.0,0.0,0.0,0.0,0.01,2.86,8.7,10.2,1.43,2.53,0.0,0.0
26.0,75.0,Sarwar Tehsil,Rajasthan,0.0,0.0,0.0,0.0,0.0,0.95,7.27,8.56,0.8,2.3,0.0,0.0
26.0,75.25,Kekri Tehsil,Rajasthan,0.07,0.0,0.01,0.0,0.13,1.88,11.23,12.29,1.77,1.03,0.0,0.0
26.0,75.5,Todaraisingh Tehsil,Rajasthan,0.07,0.0,0.02,0.0,0.17,1.73,12.22,13.26,1.69,1.18,0.0,0.0
26.0,75.75,Tonk Tehsil,Rajasthan,0.02,0.0,0.02,0.0,0.16,1.04,11.45,12.43,1.14,1.2,0.0,0.0
26.0,76.0,Uniara Tehsil,Rajasthan,0.0,0.0,0.04,0.0,0.11,1.73,13.9,14.19,1.82,0.89,0.0,0.0
26.0,76.25,Sawai Madhopur Tehsil,Rajasthan,0.0,0.0,0.12,0.0,0.12,1.48,14.5,16.53,1.66,1.56,0.0,0.0
26.0,76.5,Khandar Tehsil,Rajasthan,0.09,0.0,0.0,0.0,0.0,1.32,10.8,8.95,0.7,0.25,0.0,0.0
26.0,76.75,Khandar Tehsil,Rajasthan,0.04,0.0,0.0,0.0,0.08,1.6,12.43,9.33,0.64,0.73,0.01,0.0
26.0,77.0,Beerpur Tahsil,Madhya Pradesh,0.0,0.0,0.0,0.0,0.11,1.86,11.1,7.86,0.22,1.1,0.0,0.0
26.0,77.25,Vijaypur Tahsil,Madhya Pradesh,0.0,0.0,0.0,0.0,0.06,0.76,9.37,8.49,0.16,0.72,0.0,0.0
26.0,77.5,Vijaypur Tahsil,Madhya Pradesh,0.0,0.0,0.0,0.0,0.18,1.91,9.36,6.9,0.39,0.86,0.0,0.0
26.0,77.75,Ghatigaon Tahsil,Madhya Pradesh,0.11,0.0,0.09,0.0,0.82,2.88,8.14,6.45,0.65,0.51,0.0,0.0
26.0,78.0,Ghatigaon Tahsil,Madhya Pradesh,0.18,0.0,0.23,0.0,1.24,4.39,7.94,6.83,0.47,0.65,0.0,0.0
26.0,78.25,Chinour Tahsil,Madhya Pradesh,0.14,0.0,0.33,0.0,1.45,5.27,8.03,5.49,0.49,0.71,0.0,0.0
26.0,78.5,Dabra Tahsil,Madhya Pradesh,0.21,0.0,0.05,0.0,1.48,4.04,6.7,7.35,1.44,0.55,0.0,0.0
26.0,78.75,Bhander Tahsil,Madhya Pradesh,0.18,0.0,0.04,0.0,1.03,5.3,5.97,6.64,1.17,0.48,0.0,0.0
26.0,79.0,Konch,Uttar Pradesh,0.14,0.0,0.18,0.0,0.33,2.57,4.8,6.99,1.01,1.3,0.0,0.0
26.0,79.25,Konch,Uttar Pradesh,0.19,0.0,0.44,0.0,0.38,1.19,4.63,9.21,1.93,1.97,0.0,0.0
26.0,79.5,Orai,Uttar Pradesh,0.17,0.0,0.32,0.0,0.68,2.36,10.64,5.63,0.84,0.72,0.0,0.0
26.0,79.75,Kalpi,Uttar Pradesh,0.14,0.04,1.07,0.0,1.16,1.3,8.85,7.64,0.59,0.75,0.0,0.0
26.0,80.0,Hamirpur,Uttar Pradesh,0.15,0.07,1.75,0.0,1.68,0.73,9.24,11.01,0.7,0.9,0.0,0.0
26.0,80.25,Bindki,Uttar Pradesh,0.13,0.06,1.17,0.0,0.93,1.07,11.12,7.89,1.27,1.53,0.0,0.0
26.0,80.5,Bindki,Uttar Pradesh,0.12,0.05,0.35,0.0,0.94,1.4,9.28,5.92,1.73,0.8,0.0,0.0
26.0,80.75,Fatehpur,Uttar Pradesh,0.1,0.01,0.37,0.0,0.64,2.37,4.99,7.18,0.77,1.52,0.0,0.0
26.0,81.0,Fatehpur,Uttar Pradesh,0.13,0.05,0.35,0.0,0.52,1.42,5.11,8.26,1.97,0.88,0.0,0.0
26.0,81.25,Unchahar,Uttar Pradesh,0.01,0.0,0.14,0.0,0.28,0.81,2.1,3.24,0.22,0.41,0.0,0.0
26.0,81.5,Salon,Uttar Pradesh,0.05,0.01,0.24,0.0,0.69,1.08,6.89,6.11,2.44,0.47,0.0,0.0
26.0,81.75,Pratapgarh,Uttar Pradesh,0.17,0.01,0.41,0.0,1.66,1.46,10.01,6.58,3.89,0.55,0.0,0.0
26.0,82.0,Pratapgarh,Uttar Pradesh,0.2,0.0,0.33,0.0,1.83,1.87,8.37,5.63,5.68,1.25,0.0,0.0
26.0,82.25,Pratapgarh,Uttar Pradesh,0.17,0.0,0.19,0.0,0.72,1.54,4.22,6.43,6.24,0.71,0.0,0.0
26.0,82.5,Kadipur,Uttar Pradesh,0.27,0.0,0.06,0.0,0.81,1.4,4.37,8.07,5.79,1.11,0.0,0.0
26.0,82.75,Phulpur,Uttar Pradesh,0.25,0.0,0.2,0.0,1.33,2.8,9.89,7.49,9.14,0.17,0.0,0.0
26.0,83.0,Nizamabad,Uttar Pradesh,0.06,0.04,0.11,0.0,1.08,3.55,10.54,9.12,11.3,0.27,0.0,0.0
26.0,83.25,Azamgarh,Uttar Pradesh,0.08,0.05,0.11,0.0,0.96,3.69,8.35,8.6,5.41,0.32,0.0,0.0
26.0,83.5,Maunath Bhanjan,Uttar Pradesh,0.41,0.0,0.05,0.0,0.88,2.26,6.68,5.49,11.38,1.69,0.0,0.0
26.0,83.75,Maunath Bhanjan,Uttar Pradesh,0.21,0.0,0.03,0.0,2.43,1.6,9.41,3.7,7.15,1.01,0.0,0.0
26.0,84.0,Sikanderpur,Uttar Pradesh,0.06,0.0,0.0,0.0,1.6,0.8,7.36,3.93,10.6,0.92,0.0,0.0
26.0,84.25,Raghunathpur,Bihar,0.05,0.0,0.0,0.0,1.91,1.59,8.18,6.46,14.56,1.94,0.0,0.0
26.0,84.5,Ekma,Bihar,0.24,0.01,0.06,0.0,2.71,2.3,8.41,4.91,12.09,1.52,0.0,0.0
26.0,84.75,Baniapur,Bihar,0.02,0.01,0.0,0.0,2.77,4.05,10.62,2.9,20.75,1.39,0.0,0.0
26.0,85.0,Maker,Bihar,0.0,0.32,0.0,0.1,2.65,1.9,7.99,2.14,8.0,1.03,0.0,0.0
26.0,85.25,Paterhi Belsar,Bihar,0.0,0.12,0.0,0.04,3.35,2.34,7.57,2.79,9.74,0.72,0.0,0.0
26.0,85.5,Sakra,Bihar,0.0,0.0,0.05,0.23,4.17,4.03,10.43,2.74,11.5,2.34,0.0,0.0
26.0,85.75,Kalyanpur,Bihar,0.0,0.01,0.05,0.13,4.73,5.04,14.62,2.65,14.33,3.37,0.0,0.0
26.0,86.0,Baheri,Bihar,0.05,0.0,0.0,0.37,4.49,7.37,9.57,3.72,14.28,2.76,0.0,0.0
26.0,86.25,Gora Bauram,Bihar,0.07,0.0,0.02,0.77,4.64,7.38,8.56,3.5,20.12,4.65,0.0,0.0
26.0,86.5,Nauhatta,Bihar,0.09,0.0,0.0,0.72,4.46,6.29,11.55,3.41,18.17,3.96,0.0,0.0
26.0,86.75,Singheshwar,Bihar,0.08,0.0,0.03,0.51,3.42,4.96,12.45,3.03,14.92,2.17,0.0,0.0
26.0,87.0,Kumarkhand,Bihar,0.69,0.01,0.94,0.15,6.02,7.48,17.86,5.86,19.49,3.48,0.0,0.0
26.0,87.25,Raniganj,Bihar,0.49,0.03,0.88,0.3,6.94,7.32,15.91,6.15,19.66,2.81,0.0,0.0
26.0,87.5,Araria,Bihar,0.01,0.0,0.0,0.1,3.09,8.2,13.29,5.65,18.47,2.94,0.0,0.0
26.0,87.75,Amour,Bihar,0.0,0.0,0.0,0.11,3.43,8.67,13.69,4.85,17.9,3.07,0.0,0.0
26.0,88.0,Goalpokhar - II,West Bengal,0.0,0.0,0.11,0.08,4.67,13.71,16.2,3.18,14.29,3.38,0.0,0.0
26.0,88.25,Ranishankail Upazila,Rangpur Division,0.09,0.01,0.69,1.26,7.55,20.78,22.88,3.89,12.73,3.25,0.0,0.0
26.0,89.5,Fulbari Upazila,Rangpur Division,0.0,0.0,0.0,0.0,0.0,0.0,0.0,0.0,0.0,0.0,0.0,0.0
26.0,89.75,Nageshwari Upazila,Rangpur Division,0.23,0.0,2.26,6.96,12.2,19.86,12.99,5.49,7.82,4.01,0.0,0.09
26.0,90.0,Dhubri,Assam,0.24,0.01,1.91,7.17,11.56,15.97,15.18,5.75,7.18,2.89,0.0,0.11
26.0,90.25,Lakhipur,Assam,0.37,0.0,2.13,9.19,13.06,16.07,20.28,5.83,8.86,4.42,0.0,0.04
26.0,90.5,Balijana,Assam,0.33,0.02,1.76,13.02,10.69,14.65,20.09,5.36,10.57,4.0,0.0,0.0
26.0,90.75,Dudhnai,Assam,0.37,0.06,1.35,13.71,8.68,14.32,17.59,4.25,9.37,3.27,0.0,0.02
26.0,91.0,Rangjuli,Assam,0.46,0.17,1.5,12.25,8.82,12.69,10.84,3.44,4.35,1.95,0.23,0.04
26.0,91.25,Boko,Assam,0.53,0.16,1.15,9.8,8.45,11.82,9.4,3.09,3.36,2.04,0.18,0.05
26.0,91.5,Palasbari,Assam,0.23,0.06,0.83,5.51,6.44,5.27,6.63,2.01,4.27,1.09,0.18,0.03
26.0,91.75,Jirang,Meghalaya,0.2,0.02,0.98,5.16,6.6,7.34,8.81,2.24,10.24,4.25,0.18,0.16
26.0,92.0,Umling,Meghalaya,0.3,0.0,0.98,5.87,5.91,7.57,9.2,2.31,10.42,5.2,0.46,0.24
26.0,92.25,Donka,Assam,0.58,0.0,0.81,5.43,5.0,6.97,8.49,3.5,5.35,3.0,1.49,0.14
26.0,92.5,Donka,Assam,1.07,0.11,1.64,5.46,5.75,9.12,11.03,3.7,7.28,2.57,1.5,0.09
26.0,92.75,Donka,Assam,1.06,0.97,1.64,4.23,5.89,9.47,8.36,5.15,8.71,2.13,2.55,0.37
26.0,93.0,Lanka,Assam,0.85,0.9,1.45,4.9,5.76,9.06,8.8,6.07,9.54,1.58,3.0,0.3
26.0,93.25,Diphu,Assam,0.29,0.38,0.57,6.08,5.3,5.01,8.24,6.7,8.99,0.96,3.58,0.06
26.0,93.5,Diphu,Assam,0.37,0.33,0.58,5.89,5.54,5.21,8.4,7.34,9.09,1.02,3.61,0.07
26.0,93.75,Diphu,Assam,0.63,0.28,0.76,4.78,6.92,7.0,9.13,8.09,9.5,1.95,3.2,0.1
26.0,94.0,Ralan,Nagaland,0.63,0.27,0.8,4.82,7.24,7.23,9.35,7.73,9.44,2.14,2.98,0.1
26.0,94.25,Chunlika,Nagaland,0.72,0.34,1.6,6.13,8.62,7.59,9.86,8.33,10.0,2.35,2.55,0.17
26.0,94.5,Zunheboto Sadar,Nagaland,0.77,0.59,2.32,8.81,9.68,8.5,11.0,7.11,10.29,2.82,1.67,0.32
26.0,94.75,Amahator,Nagaland,0.67,0.73,3.79,12.82,10.64,7.07,11.09,8.22,10.63,2.67,1.26,0.3
26.0,95.0,Thonoknyu,Nagaland,0.7,1.04,4.41,16.74,10.73,7.24,11.33,8.72,10.89,2.05,0.86,0.34
26.25,70.0,Khairpur District,Unknown,0.0,0.0,0.07,0.0,0.02,0.27,0.18,3.11,0.02,0.01,0.0,0.0
26.25,70.25,Jaisalmer Tehsil,Rajasthan,0.0,0.0,0.07,0.0,0.03,0.32,0.22,3.49,0.05,0.02,0.0,0.0
26.25,70.5,Fatehgarh Tehsil,Rajasthan,0.0,0.0,0.08,0.0,0.01,0.32,0.31,4.03,0.06,0.02,0.0,0.0
26.25,70.75,Fatehgarh Tehsil,Rajasthan,0.0,0.0,0.11,0.0,0.0,0.6,1.15,4.58,0.04,0.31,0.0,0.0
26.25,71.0,Sheo Tehsil,Rajasthan,0.0,0.0,0.14,0.0,0.0,0.71,1.35,4.66,0.01,0.53,0.0,0.0
26.25,71.25,Sheo Tehsil,Rajasthan,0.0,0.0,0.21,0.0,0.0,0.86,1.39,5.11,0.0,0.81,0.0,0.0
26.25,71.5,Sheo Tehsil,Rajasthan,0.0,0.0,0.09,0.0,0.0,0.6,1.33,4.56,0.07,0.65,0.0,0.0
26.25,71.75,Gira Tehsil,Rajasthan,0.0,0.0,0.04,0.0,0.0,0.49,1.57,4.28,0.09,0.96,0.0,0.0
26.25,72.0,Gira Tehsil,Rajasthan,0.0,0.0,0.08,0.0,0.0,0.7,1.38,5.03,0.03,0.97,0.0,0.0
26.25,72.25,Shergarh Tehsil,Rajasthan,0.0,0.0,0.12,0.0,0.0,0.97,1.07,5.55,0.0,0.84,0.0,0.0
26.25,72.5,Unknown,Rajasthan,0.0,0.06,0.06,0.0,0.0,1.49,1.86,7.29,0.58,0.77,0.0,0.0
26.25,72.75,Unknown,Rajasthan,0.0,0.11,0.01,0.0,0.0,2.11,2.62,10.91,1.35,0.71,0.0,0.0
26.25,73.0,Jodhpur Tehsil,Rajasthan,0.0,0.13,0.0,0.0,0.0,2.27,2.66,10.15,1.36,0.55,0.0,0.0
26.25,73.25,Jodhpur Tehsil,Rajasthan,0.0,0.08,0.01,0.0,0.0,2.12,3.53,11.15,1.15,0.92,0.0,0.0
26.25,73.5,Bilara Tehsil,Rajasthan,0.0,0.01,0.0,0.0,0.0,2.35,5.02,12.38,0.85,1.26,0.0,0.0
26.25,73.75,Bilara Tehsil,Rajasthan,0.0,0.05,0.0,0.0,0.0,1.5,4.43,9.62,1.21,1.25,0.0,0.0
26.25,74.0,Jaitaran Tehsil,Rajasthan,0.0,0.03,0.0,0.0,0.0,1.48,5.55,8.92,1.39,1.14,0.0,0.0
26.25,74.25,Raipur Tehsil,Rajasthan,0.0,0.0,0.01,0.0,0.0,3.26,5.64,9.92,0.78,1.47,0.0,0.0
26.25,74.5,Peesangan Tehsil,Rajasthan,0.0,0.03,0.04,0.0,0.04,5.26,6.01,9.18,0.45,1.63,0.0,0.0
26.25,74.75,Nasirabad Tehsil,Rajasthan,0.0,0.04,0.03,0.0,0.02,2.98,6.34,9.19,0.9,2.15,0.0,0.0
26.25,75.0,Sarwar Tehsil,Rajasthan,0.01,0.0,0.0,0.0,0.0,1.78,9.25,8.84,1.53,2.4,0.0,0.0
26.25,75.25,Malpura Tehsil,Rajasthan,0.1,0.0,0.0,0.0,0.0,0.17,6.09,8.07,0.72,0.2,0.0,0.0
26.25,75.5,Malpura Tehsil,Rajasthan,0.07,0.0,0.11,0.0,0.16,1.89,8.67,9.44,1.17,0.35,0.0,0.0
26.25,75.75,Peeplu Tehsil,Rajasthan,0.06,0.0,0.09,0.0,0.1,0.9,11.3,10.5,0.8,0.32,0.0,0.0
26.25,76.0,Niwai Tehsil,Rajasthan,0.01,0.0,0.16,0.0,0.02,1.0,10.17,18.69,0.96,0.24,0.0,0.0
26.25,76.25,Bonli Tehsil,Rajasthan,0.0,0.0,0.06,0.0,0.02,2.09,13.46,14.85,0.82,0.57,0.07,0.0
26.25,76.5,Malarna Doongar Tehsil,Rajasthan,0.01,0.0,0.0,0.0,0.08,1.33,12.83,11.41,0.76,0.75,0.02,0.0
26.25,76.75,Sapotra Tehsil,Rajasthan,0.0,0.0,0.01,0.0,0.18,1.33,13.54,10.9,0.92,0.94,0.0,0.0
26.25,77.0,Sapotra Tehsil,Rajasthan,0.0,0.0,0.0,0.0,0.2,2.65,13.9,7.04,0.52,1.37,0.0,0.0
26.25,77.25,Sabalgarh Tahsil,Madhya Pradesh,0.0,0.0,0.0,0.0,0.16,3.81,10.2,6.17,0.07,1.7,0.0,0.0
26.25,77.5,Kailaras Tahsil,Madhya Pradesh,0.0,0.0,0.01,0.0,0.31,2.12,8.96,5.73,0.73,0.55,0.0,0.0
26.25,77.75,Joura Tahsil,Madhya Pradesh,0.06,0.0,0.04,0.0,0.63,1.88,8.56,6.15,0.89,0.38,0.0,0.0
26.25,78.0,Ghatigaon Tahsil,Madhya Pradesh,0.28,0.0,0.09,0.0,1.29,1.64,7.24,9.14,0.24,0.77,0.0,0.0
26.25,78.25,Gird Tahsil,Madhya Pradesh,0.22,0.0,0.06,0.0,1.04,2.25,7.09,7.5,1.41,0.32,0.0,0.0
26.25,78.5,Tansen Tahsil,Madhya Pradesh,0.23,0.0,0.0,0.0,1.08,5.0,6.61,7.47,1.56,0.3,0.0,0.0
26.25,78.75,Seondha Tahsil,Madhya Pradesh,0.14,0.0,0.0,0.0,0.76,7.51,5.85,4.82,0.72,0.73,0.0,0.0
26.25,79.0,Mihona Tahsil,Madhya Pradesh,0.13,0.0,0.09,0.0,0.42,3.96,6.17,5.48,0.81,1.19,0.0,0.0
26.25,79.25,Madhogarh,Uttar Pradesh,0.12,0.0,0.18,0.0,0.32,2.26,8.62,5.37,1.05,1.35,0.0,0.0
26.25,79.5,Kalpi,Uttar Pradesh,0.12,0.0,0.27,0.0,0.51,2.67,13.31,6.01,0.82,0.58,0.0,0.0
26.25,79.75,Bhognipur,Uttar Pradesh,0.07,0.03,0.31,0.0,0.47,1.61,5.63,2.9,0.54,0.54,0.0,0.0
26.25,80.0,Bhognipur,Uttar Pradesh,0.15,0.1,0.62,0.0,0.74,1.42,6.64,3.27,1.24,0.81,0.0,0.0
26.25,80.25,Ghatampur,Uttar Pradesh,0.22,0.03,0.99,0.0,0.81,2.66,7.81,3.69,1.4,1.06,0.0,0.0
26.25,80.5,Unknown,Uttar Pradesh,0.15,0.0,1.08,0.0,0.41,2.31,7.43,4.45,1.19,1.09,0.0,0.0
26.25,80.75,Bighapur,Uttar Pradesh,0.15,0.0,0.64,0.0,0.57,2.04,6.29,9.22,2.66,1.11,0.0,0.0
26.25,81.0,Raebareli,Uttar Pradesh,0.15,0.11,0.36,0.0,1.04,0.95,8.61,14.34,6.21,0.29,0.0,0.0
26.25,81.25,Raebareli,Uttar Pradesh,0.16,0.15,0.31,0.0,1.32,1.19,8.77,10.41,3.18,0.74,0.0,0.0
26.25,81.5,Tiloi,Uttar Pradesh,0.07,0.03,0.12,0.0,0.75,1.75,9.62,6.48,3.0,0.79,0.0,0.0
26.25,81.75,Gauriganj,Uttar Pradesh,0.08,0.23,0.26,0.0,3.33,2.74,8.01,11.27,5.56,0.54,0.0,0.0
26.25,82.0,Sultanpur,Uttar Pradesh,0.16,0.12,0.23,0.0,2.7,2.01,6.72,9.43,6.71,0.53,0.0,0.0
26.25,82.25,Jaisinghpur,Uttar Pradesh,0.26,0.0,0.16,0.0,1.81,1.07,4.15,8.15,7.92,0.25,0.0,0.0
26.25,82.5,Kadipur,Uttar Pradesh,0.22,0.0,0.09,0.0,1.32,0.99,5.69,5.4,5.87,0.13,0.0,0.0
26.25,82.75,Jalalpur,Uttar Pradesh,0.24,0.0,0.05,0.0,0.86,2.06,7.93,7.31,8.53,0.3,0.0,0.0
26.25,83.0,Burhanpur,Uttar Pradesh,0.06,0.03,0.06,0.0,1.47,3.41,11.19,6.01,8.46,0.65,0.0,0.0
26.25,83.25,Sagri,Uttar Pradesh,0.08,0.06,0.13,0.0,1.02,4.23,8.72,9.91,5.22,0.44,0.0,0.0
26.25,83.5,Ghosi,Uttar Pradesh,0.14,0.02,0.04,0.0,1.28,1.55,8.11,3.1,9.47,0.73,0.0,0.0
26.25,83.75,Madhuban,Uttar Pradesh,0.05,0.0,0.0,0.0,2.17,1.08,10.01,3.5,11.4,0.72,0.0,0.0
26.25,84.0,Bhatpar Rani,Uttar Pradesh,0.0,0.0,0.0,0.0,2.77,1.56,9.15,3.46,5.8,1.21,0.0,0.0
26.25,84.25,Ziradei,Bihar,0.0,0.0,0.0,0.0,2.11,2.24,6.57,4.49,9.71,1.94,0.0,0.0
26.25,84.5,Unknown,Bihar,0.03,0.02,0.0,0.0,5.11,2.65,7.21,3.81,8.97,0.92,0.0,0.0
26.25,84.75,Baikunthpur,Bihar,0.09,0.03,0.0,0.0,5.98,3.28,8.63,2.03,9.57,1.56,0.0,0.0
26.25,85.0,Unknown,Bihar,0.06,0.08,0.0,0.02,4.69,2.47,8.65,2.76,7.44,0.24,0.0,0.0
26.25,85.25,Minapur,Bihar,0.03,0.06,0.0,0.02,3.14,3.6,6.9,2.69,13.22,2.51,0.0,0.0
26.25,85.5,Bochaha,Bihar,0.0,0.09,0.0,0.02,3.82,6.0,9.29,3.79,12.49,0.57,0.0,0.0
26.25,85.75,Singhwara,Bihar,0.0,0.03,0.02,0.09,3.96,6.58,8.46,3.41,11.42,1.01,0.0,0.0
26.25,86.0,Keotiranway,Bihar,0.0,0.0,0.0,0.01,4.03,7.67,7.64,3.38,9.24,0.84,0.0,0.0
26.25,86.25,Jhanjharpur,Bihar,0.14,0.0,0.07,0.29,4.11,7.76,6.44,2.32,12.19,2.79,0.0,0.0
26.25,86.5,Ghoghardiha,Bihar,0.43,0.0,0.0,0.54,4.64,10.12,8.04,2.79,19.1,4.23,0.0,0.0
26.25,86.75,Kishanpur,Bihar,0.86,0.0,0.26,0.16,6.26,11.42,17.92,3.64,16.31,4.0,0.0,0.0
26.25,87.0,Chhatapur,Bihar,0.92,0.0,0.77,0.06,7.13,10.41,23.94,5.07,15.98,3.58,0.0,0.0
26.25,87.25,Forbesganj,Bihar,0.6,0.0,0.25,0.0,5.05,8.96,16.39,4.85,24.58,1.89,0.0,0.0
26.25,87.5,Araria,Bihar,0.0,0.0,0.0,0.01,4.99,11.31,15.58,5.43,17.66,1.37,0.0,0.0
26.25,87.75,Bahadurganj,Bihar,0.0,0.0,0.0,0.04,5.64,15.04,25.62,2.85,18.09,4.71,0.0,0.0
26.25,88.0,Thakurganj,Bihar,0.05,0.0,0.94,0.29,6.79,21.72,25.11,2.42,13.28,5.54,0.0,0.0
26.25,88.25,Islampur,West Bengal,0.12,0.01,1.53,1.63,7.78,27.24,31.16,4.64,15.68,4.61,0.0,0.0
26.25,88.75,Debiganj Upazila,Rangpur Division,0.16,0.0,1.43,2.48,7.36,31.75,28.83,5.96,16.31,6.35,0.0,0.0
26.25,89.0,Mekliganj,West Bengal,0.16,0.01,2.2,3.77,8.05,31.06,25.99,6.7,15.94,4.99,0.0,0.0
26.25,89.25,Mathabhanga - I,West Bengal,0.25,0.06,4.12,5.36,9.04,36.95,33.0,5.65,18.24,6.78,0.0,0.0
26.25,89.5,Cooch Behar - I,West Bengal,0.41,0.03,4.53,5.71,11.75,38.29,27.52,4.33,18.89,7.19,0.0,0.01
26.25,89.75,Agamoni,Assam,0.31,0.0,4.22,8.71,13.09,29.42,19.64,3.76,13.09,6.11,0.0,0.02
26.25,90.0,Bagribari (Pt),Assam,0.34,0.0,3.2,10.31,10.89,19.44,16.89,4.72,8.43,4.86,0.0,0.01
26.25,90.25,Bilasipara Pt,Assam,0.35,0.0,2.92,11.08,12.94,14.74,19.95,5.98,9.34,4.42,0.0,0.0
26.25,90.5,Boitamari,Assam,0.33,0.08,1.5,13.91,9.78,14.81,21.53,4.74,12.19,3.68,0.0,0.0
26.25,90.75,Kalgachia,Assam,0.28,0.03,1.43,14.78,7.9,14.48,20.53,4.07,12.59,3.21,0.0,0.0
26.25,91.0,Baghbor,Assam,0.31,0.13,1.61,15.81,8.79,11.36,12.11,3.59,4.79,1.68,0.0,0.02
26.25,91.25,Barkhetri,Assam,0.27,0.17,1.61,12.96,9.16,11.14,10.28,3.25,5.49,1.29,0.25,0.02
26.25,91.5,Hajo,Assam,0.24,0.26,2.2,13.87,9.49,10.74,11.99,3.63,6.15,1.8,0.67,0.04
26.25,91.75,North Guwahati (Pt),Assam,0.32,0.04,1.19,6.95,6.78,7.02,9.38,2.14,10.02,4.55,0.24,0.21
26.25,92.0,Mayong,Assam,0.26,0.0,1.02,5.91,6.3,7.66,9.3,2.12,11.3,5.58,0.26,0.26
26.25,92.25,Mayong,Assam,0.42,0.0,0.86,6.08,4.94,8.96,9.16,3.8,5.24,3.06,1.31,0.18
26.25,92.5,Raha,Assam,1.78,0.13,3.36,8.56,8.06,17.18,18.41,3.92,10.8,1.86,0.08,0.08
26.25,92.75,Nagaon,Assam,1.45,0.49,2.51,6.76,7.16,13.79,13.8,4.69,9.43,2.14,1.12,0.2
26.25,93.0,Phuloni,Assam,1.01,0.19,1.95,8.41,7.16,10.58,12.99,4.69,9.8,1.54,1.5,0.06
26.25,93.25,Phuloni,Assam,0.36,0.22,0.8,7.85,6.72,5.2,9.28,5.2,8.33,1.01,2.56,0.07
26.25,93.5,Silonijan,Assam,0.42,0.06,0.89,8.87,8.27,3.88,9.07,5.16,6.92,0.78,1.96,0.13
26.25,93.75,Silonijan,Assam,0.45,0.12,1.02,8.3,8.01,6.36,11.24,4.74,8.0,0.82,2.05,0.2
26.25,94.0,Golaghat,Assam,0.7,0.2,1.39,10.82,9.31,7.73,12.32,4.42,8.13,1.55,1.18,0.56
26.25,94.25,Sanis,Nagaland,0.87,0.84,3.16,14.31,10.72,8.07,12.16,6.36,9.66,2.16,0.77,0.58
26.25,94.5,Akuluto,Nagaland,0.79,1.03,4.04,15.95,11.17,7.91,11.81,7.64,10.06,3.22,0.79,0.44
26.25,94.75,Longkhim,Nagaland,0.67,1.06,4.29,16.14,10.94,7.62,11.84,8.41,10.67,3.14,0.78,0.3
26.25,95.0,Noklak,Nagaland,0.71,1.37,4.12,17.41,9.71,8.42,11.4,8.01,10.4,2.2,0.81,0.25
26.5,70.0,Khairpur District,Unknown,0.0,0.02,0.01,0.0,0.08,0.32,0.32,1.82,0.0,0.01,0.0,0.0
26.5,70.25,Jaisalmer Tehsil,Rajasthan,0.0,0.04,0.01,0.0,0.1,0.44,0.39,2.16,0.0,0.02,0.0,0.0
26.5,70.5,Jaisalmer Tehsil,Rajasthan,0.0,0.04,0.0,0.0,0.1,0.49,0.52,2.21,0.0,0.01,0.0,0.0
26.5,70.75,Fatehgarh Tehsil,Rajasthan,0.0,0.04,0.0,0.0,0.11,0.72,0.98,3.39,0.0,0.02,0.0,0.0
26.5,71.0,Fatehgarh Tehsil,Rajasthan,0.0,0.0,0.03,0.0,0.01,0.56,1.36,3.7,0.0,0.11,0.0,0.0
26.5,71.25,Fatehgarh Tehsil,Rajasthan,0.0,0.0,0.06,0.0,0.01,0.62,1.36,3.9,0.0,0.22,0.0,0.0
26.5,71.5,Pokaran Tehsil,Rajasthan,0.0,0.02,0.1,0.0,0.0,0.62,1.24,4.35,0.01,0.37,0.0,0.0
26.5,71.75,Bhaniyana Tehsil,Rajasthan,0.0,0.03,0.08,0.0,0.0,0.61,0.99,4.67,0.04,0.4,0.0,0.0
26.5,72.0,Bhaniyana Tehsil,Rajasthan,0.0,0.02,0.1,0.0,0.0,0.77,1.05,5.09,0.01,0.63,0.0,0.0
26.5,72.25,Shergarh Tehsil,Rajasthan,0.0,0.01,0.11,0.0,0.0,0.88,1.13,5.39,0.0,0.83,0.0,0.0
26.5,72.5,Shekhata Tehsil,Rajasthan,0.0,0.03,0.09,0.0,0.0,1.15,1.28,6.71,0.29,0.75,0.0,0.0
26.5,72.75,Tinwari Tehsil,Rajasthan,0.0,0.04,0.04,0.0,0.0,1.12,1.47,7.98,0.57,0.73,0.0,0.0
26.5,73.0,Tinwari Tehsil,Rajasthan,0.0,0.1,0.01,0.0,0.0,1.85,2.3,9.2,1.1,0.6,0.0,0.0
26.5,73.25,Baori Tehsil,Rajasthan,0.0,0.04,0.0,0.0,0.0,1.56,3.46,10.24,1.56,0.84,0.0,0.0
26.5,73.5,Bhopalgarh Tehsil,Rajasthan,0.0,0.0,0.0,0.0,0.03,1.36,4.02,10.52,1.63,1.01,0.0,0.0
26.5,73.75,Bhopalgarh Tehsil,Rajasthan,0.0,0.01,0.0,0.0,0.2,1.65,4.71,11.17,2.06,0.95,0.0,0.0
26.5,74.0,Riyan Badi Tehsil,Rajasthan,0.0,0.01,0.0,0.0,0.25,1.67,4.6,11.62,2.23,0.99,0.0,0.0
26.5,74.25,Riyan Badi Tehsil,Rajasthan,0.0,0.04,0.02,0.0,0.03,1.98,4.24,11.29,0.86,2.2,0.0,0.0
26.5,74.5,Pushkar Tehsil,Rajasthan,0.0,0.24,0.01,0.0,0.16,1.79,5.79,6.63,0.57,3.44,0.0,0.0
26.5,74.75,Ajmer Tehsil,Rajasthan,0.0,0.01,0.0,0.0,0.0,1.25,2.31,4.04,0.29,1.15,0.0,0.0
26.5,75.0,Arain Tehsil,Rajasthan,0.0,0.0,0.0,0.0,0.01,0.85,9.47,7.81,1.0,3.08,0.0,0.0
26.5,75.25,Malpura Tehsil,Rajasthan,0.02,0.06,0.05,0.0,0.02,0.26,7.55,6.08,1.25,0.85,0.0,0.0
26.5,75.5,Phagi Tehsil,Rajasthan,0.01,0.02,0.07,0.0,0.07,0.46,9.32,7.13,1.73,1.21,0.0,0.0
26.5,75.75,Phagi Tehsil,Rajasthan,0.12,0.0,0.2,0.0,0.23,0.9,11.59,10.16,1.52,0.23,0.0,0.0
26.5,76.0,Niwai Tehsil,Rajasthan,0.03,0.0,0.21,0.0,0.06,1.65,12.63,14.19,0.8,0.29,0.0,0.0
26.5,76.25,Lalsot Tehsil,Rajasthan,0.0,0.0,0.2,0.0,0.0,2.55,14.3,11.63,0.3,0.45,0.0,0.0
26.5,76.5,Bamanwas Tehsil,Rajasthan,0.0,0.0,0.05,0.0,0.09,2.27,10.47,10.01,0.42,0.38,0.0,0.0
26.5,76.75,Gangapur Tehsil,Rajasthan,0.02,0.03,0.01,0.0,0.27,1.78,13.4,10.14,1.43,0.94,0.0,0.0
26.5,77.0,Karauli Tehsil,Rajasthan,0.01,0.02,0.05,0.0,0.22,1.99,13.02,8.38,1.11,1.04,0.0,0.0
26.5,77.25,Sarmathura Tehsil,Rajasthan,0.0,0.0,0.23,0.0,0.14,1.28,11.14,8.43,0.19,0.68,0.0,0.0
26.5,77.5,Sarmathura Tehsil,Rajasthan,0.0,0.0,0.21,0.0,0.7,1.22,10.27,8.34,0.9,0.19,0.0,0.0
26.5,77.75,Joura Tahsil,Madhya Pradesh,0.0,0.0,0.09,0.0,0.65,1.56,9.92,6.06,1.39,0.3,0.0,0.0
26.5,78.0,Morena Nagar Tahsil,Madhya Pradesh,0.13,0.0,0.09,0.0,0.75,1.59,5.4,6.22,0.8,0.24,0.0,0.0
26.5,78.25,Gohad Tahsil,Madhya Pradesh,0.22,0.0,0.01,0.0,0.72,2.23,6.92,7.04,1.86,0.08,0.0,0.0
26.5,78.5,Gormi Tahsil,Madhya Pradesh,0.36,0.0,0.0,0.0,0.42,3.42,8.65,6.8,1.85,0.21,0.0,0.0
26.5,78.75,Mehgaon Tahsil,Madhya Pradesh,0.18,0.0,0.0,0.0,0.52,3.84,8.3,5.73,0.86,0.31,0.0,0.0
26.5,79.0,Bhind Tahsil,Madhya Pradesh,0.14,0.05,0.0,0.0,0.39,2.62,8.81,4.69,0.79,0.86,0.0,0.0
26.5,79.25,Chakarnagar,Uttar Pradesh,0.14,0.06,0.03,0.0,0.33,2.59,9.5,4.07,1.29,1.52,0.0,0.0
26.5,79.5,Auraiya,Uttar Pradesh,0.06,0.01,0.09,0.0,0.25,1.76,3.93,2.1,0.29,0.72,0.0,0.0
26.5,79.75,Derapur,Uttar Pradesh,0.08,0.01,0.09,0.0,0.57,1.35,3.18,1.68,0.1,0.46,0.0,0.0
26.5,80.0,Akbarpur,Uttar Pradesh,0.33,0.05,0.48,0.0,1.38,3.86,8.65,3.35,1.86,1.01,0.0,0.0
26.5,80.25,Unknown,Uttar Pradesh,0.3,0.05,0.69,0.0,1.47,3.03,9.04,3.7,1.81,0.96,0.0,0.0
26.5,80.5,Unnao,Uttar Pradesh,0.17,0.0,0.94,0.0,0.4,1.73,7.3,4.55,1.14,0.68,0.0,0.0
26.5,80.75,Purwa,Uttar Pradesh,0.2,0.0,0.61,0.0,0.45,1.35,4.59,4.74,1.39,0.6,0.0,0.0
26.5,81.0,Maharajganj,Uttar Pradesh,0.24,0.04,0.72,0.0,0.58,0.63,9.13,8.43,5.68,0.34,0.0,0.0
26.5,81.25,Maharajganj,Uttar Pradesh,0.24,0.03,0.74,0.0,0.43,0.83,11.82,8.09,6.74,0.39,0.0,0.0
26.5,81.5,Tiloi,Uttar Pradesh,0.2,0.05,0.09,0.0,0.78,1.51,7.73,5.66,2.54,0.8,0.0,0.0
26.5,81.75,Musafirkhana,Uttar Pradesh,0.23,0.06,0.49,0.0,0.61,0.96,6.72,6.43,3.82,0.45,0.0,0.0
26.5,82.0,Bikapur,Uttar Pradesh,0.07,0.08,0.73,0.0,0.8,1.3,9.1,6.35,4.86,0.72,0.0,0.0
26.5,82.25,Bikapur,Uttar Pradesh,0.25,0.0,0.2,0.0,1.94,1.08,4.63,8.17,8.43,0.22,0.0,0.0
26.5,82.5,Akbarpur,Uttar Pradesh,0.22,0.0,0.15,0.0,1.63,1.44,6.3,6.4,8.3,0.66,0.0,0.0
26.5,82.75,Tanda,Uttar Pradesh,0.13,0.08,0.02,0.0,1.63,4.27,13.51,3.13,11.22,2.37,0.0,0.0
26.5,83.0,Ghanghata,Uttar Pradesh,0.12,0.04,0.01,0.0,2.45,3.58,14.45,3.11,7.55,2.47,0.0,0.0
26.5,83.25,Khajni,Uttar Pradesh,0.09,0.01,0.01,0.0,2.49,3.26,11.9,2.41,5.98,1.95,0.0,0.0
26.5,83.5,Chauri Chaura,Uttar Pradesh,0.06,0.0,0.0,0.0,0.99,1.77,3.16,0.6,2.75,0.44,0.0,0.0
26.5,83.75,Deoria,Uttar Pradesh,0.01,0.0,0.0,0.0,2.05,1.22,7.79,2.3,8.95,0.67,0.0,0.0
26.5,84.0,Bijaipur,Bihar,0.0,0.0,0.0,0.0,1.9,2.35,7.95,2.41,9.75,1.01,0.0,0.0
26.5,84.25,Kuchaikote,Bihar,0.0,0.02,0.0,0.0,2.66,4.65,7.98,2.05,17.58,0.66,0.0,0.0
26.5,84.5,Gopalganj,Bihar,0.16,0.04,0.0,0.12,3.98,4.33,6.98,1.71,16.19,0.97,0.0,0.0
26.5,84.75,Sangrampur,Bihar,0.34,0.02,0.0,0.18,4.97,4.96,7.07,1.4,12.22,1.44,0.0,0.0
26.5,85.0,Chakia(Pipra),Bihar,0.27,0.0,0.0,0.0,2.64,2.6,7.41,2.54,9.08,0.03,0.0,0.0
26.5,85.25,Dumri Katsari,Bihar,0.09,0.0,0.0,0.01,2.98,2.18,7.33,1.65,7.33,0.45,0.0,0.0
26.5,85.5,Runisaidpur,Bihar,0.26,0.0,0.0,0.05,4.28,6.38,9.95,7.24,8.69,0.21,0.0,0.0
26.5,85.75,Pupri,Bihar,0.23,0.0,0.0,0.03,6.12,12.51,14.28,6.07,11.52,2.95,0.0,0.0
26.5,86.0,Basopatti,Bihar,0.15,0.0,0.11,0.05,4.63,9.16,9.86,3.59,11.4,2.08,0.0,0.0
26.5,86.25,Babubarhi,Bihar,0.48,0.0,0.2,0.11,4.01,7.9,6.61,2.0,12.46,1.98,0.0,0.0
26.5,86.5,Laukaha,Bihar,0.94,0.0,0.05,0.22,5.11,13.4,11.49,3.17,13.46,4.34,0.0,0.0
26.5,86.75,Saptari,Madhesh Province,1.06,0.0,0.05,0.07,6.2,14.61,13.87,4.04,13.82,4.97,0.0,0.0
26.5,87.0,Basantpur,Bihar,0.93,0.0,0.51,0.03,6.56,11.59,20.11,4.67,16.34,3.89,0.0,0.0
26.5,87.25,Morang,Koshi Province,0.45,0.0,0.18,0.01,5.23,9.64,16.96,4.79,22.65,1.68,0.0,0.0
26.5,87.5,Morang,Koshi Province,0.0,0.0,0.1,0.0,5.65,12.32,20.43,4.78,22.57,1.92,0.0,0.0
26.5,87.75,Jhapa,Koshi Province,0.02,0.0,0.78,0.03,7.37,22.43,38.04,5.44,21.49,5.13,0.0,0.0
26.5,88.0,Jhapa,Koshi Province,0.13,0.0,1.6,0.6,7.0,27.78,43.54,6.15,21.23,8.54,0.0,0.0
26.5,88.25,Phansidewa,West Bengal,0.12,0.01,1.48,1.69,7.68,31.1,37.59,4.1,18.76,6.81,0.0,0.0
26.5,88.5,Tentulia Upazila,Rangpur Division,0.16,0.01,1.19,1.98,8.11,29.03,32.14,4.2,18.86,6.99,0.0,0.0
26.5,88.75,Jalpaiguri Sadar Block,West Bengal,0.22,0.0,1.57,3.72,7.48,30.5,41.46,7.13,17.99,11.26,0.0,0.0
26.5,89.0,Mekliganj,West Bengal,0.25,0.02,2.53,7.43,8.19,32.41,33.79,7.27,17.93,6.58,0.0,0.0
26.5,89.25,Falakata,West Bengal,0.14,0.09,7.29,6.66,10.41,53.5,32.33,7.27,26.66,10.59,0.0,0.0
26.5,89.5,Alipurduar - I,West Bengal,0.52,0.01,5.06,5.08,12.9,40.65,26.05,4.25,22.77,7.82,0.0,0.0
26.5,89.75,Kumargram,West Bengal,0.41,0.0,4.76,7.83,13.57,33.33,22.42,3.53,15.6,6.81,0.0,0.01
26.5,90.0,Gossaigaon (Pt),Assam,0.21,0.0,3.67,11.38,11.41,22.3,18.44,3.9,9.67,5.36,0.0,0.0
26.5,90.25,Kokrajhar,Assam,0.3,0.04,2.07,11.98,10.79,20.89,23.17,4.39,8.67,3.21,0.0,0.0
26.5,90.5,Sidli (Pt),Assam,0.44,0.26,1.61,13.22,10.28,20.36,28.76,4.91,12.43,3.78,0.0,0.0
26.5,90.75,Bijni (Pt),Assam,0.36,0.14,1.59,13.63,8.64,17.3,25.6,5.37,12.18,3.89,0.0,0.0
26.5,91.0,Sarupeta (Pt),Assam,0.2,0.1,1.95,18.31,8.64,10.23,13.98,3.86,6.47,1.64,0.0,0.02
26.5,91.25,Bajali (Pt),Assam,0.04,0.27,1.7,20.45,10.83,10.41,13.4,3.29,4.98,1.79,0.0,0.0
26.5,91.5,Ghograpar (Pt),Assam,0.62,0.1,1.03,15.81,8.53,6.56,8.62,1.73,6.61,1.31,0.0,0.11
26.5,91.75,Goreswar (Pt),Assam,0.87,0.1,1.03,11.99,8.38,5.25,9.0,2.12,7.68,2.41,0.05,0.24
26.5,92.0,Mangaldoi (Pt),Assam,1.01,0.16,1.31,8.56,9.29,6.31,10.69,3.17,7.95,3.04,0.11,0.29
26.5,92.25,Dalgaon (Pt),Assam,1.78,0.39,1.37,6.3,8.25,5.42,8.63,4.79,6.16,3.01,0.16,0.05
26.5,92.5,Dhing,Assam,2.22,0.48,1.85,7.06,8.15,7.66,11.08,5.24,7.5,3.49,0.19,0.05
26.5,92.75,Rupahi,Assam,1.76,0.29,2.12,7.59,7.58,11.02,12.82,4.87,8.1,3.02,0.47,0.08
26.5,93.0,Kaliabor,Assam,1.2,0.08,2.05,10.26,8.48,10.65,12.64,4.23,9.7,2.13,0.69,0.08
26.5,93.25,Phuloni,Assam,0.98,0.08,1.48,10.98,8.32,8.35,10.21,4.25,9.53,2.48,0.92,0.06
26.5,93.5,Silonijan,Assam,0.61,0.07,1.29,8.38,7.95,8.56,14.13,3.8,8.31,0.7,1.3,0.11
26.5,93.75,Silonijan,Assam,0.72,0.12,1.48,10.23,9.16,8.75,13.41,4.15,8.2,1.28,1.14,0.53
26.5,94.0,Golaghat,Assam,0.87,0.5,1.95,12.34,9.82,9.18,13.59,4.58,9.18,2.07,0.82,0.74
26.5,94.25,Changpang,Nagaland,0.81,1.05,3.94,15.98,11.14,8.27,11.96,7.48,9.93,3.42,0.78,0.44
26.5,94.5,Alongkima,Nagaland,0.69,1.14,4.18,16.24,10.83,8.01,12.03,8.23,10.54,3.41,0.77,0.28
26.5,94.75,Longleng,Nagaland,0.65,1.11,4.11,16.19,10.72,8.19,12.14,8.38,10.78,3.31,0.73,0.28
26.5,95.0,Mon,Nagaland,0.74,1.6,3.8,17.99,9.05,9.48,11.66,7.57,10.16,2.35,0.78,0.19
26.75,69.5,Khairpur District,Unknown,0.0,0.0,0.09,0.0,0.11,0.14,0.4,0.78,0.0,0.0,0.0,0.0
26.75,69.75,Jaisalmer Tehsil,Rajasthan,0.0,0.01,0.11,0.0,0.13,0.22,0.47,0.98,0.0,0.0,0.0,0.0
26.75,70.0,Jaisalmer Tehsil,Rajasthan,0.0,0.01,0.1,0.0,0.15,0.31,0.51,1.27,0.0,0.01,0.0,0.0
26.75,70.25,Jaisalmer Tehsil,Rajasthan,0.0,0.02,0.04,0.0,0.1,0.3,0.39,1.43,0.0,0.01,0.0,0.0
26.75,70.5,Jaisalmer Tehsil,Rajasthan,0.0,0.01,0.01,0.0,0.06,0.16,0.28,1.13,0.0,0.0,0.0,0.0
26.75,70.75,Jaisalmer Tehsil,Rajasthan,0.0,0.08,0.01,0.0,0.2,0.92,0.71,3.47,0.0,0.03,0.0,0.0
26.75,71.0,Fatehgarh Tehsil,Rajasthan,0.0,0.07,0.01,0.0,0.18,0.94,0.95,3.87,0.0,0.03,0.0,0.0
26.75,71.25,Fatehgarh Tehsil,Rajasthan,0.0,0.05,0.02,0.0,0.12,0.82,1.12,3.91,0.0,0.09,0.0,0.0
26.75,71.5,Pokaran Tehsil,Rajasthan,0.0,0.05,0.09,0.0,0.01,0.59,0.92,4.44,0.0,0.11,0.0,0.0
26.75,71.75,Pokaran Tehsil,Rajasthan,0.0,0.06,0.11,0.0,0.01,0.5,0.89,4.63,0.0,0.06,0.0,0.0
26.75,72.0,Bhaniyana Tehsil,Rajasthan,0.0,0.06,0.12,0.0,0.01,0.5,1.05,4.67,0.0,0.09,0.0,0.0
26.75,72.25,Dechoo Tehsil,Rajasthan,0.0,0.05,0.14,0.0,0.02,0.59,1.32,4.98,0.0,0.27,0.0,0.0
26.75,72.5,Shekhata Tehsil,Rajasthan,0.0,0.03,0.11,0.0,0.02,0.62,1.36,5.95,0.11,0.54,0.0,0.0
26.75,72.75,Osian Tehsil,Rajasthan,0.0,0.01,0.06,0.0,0.0,0.61,0.96,6.73,0.15,0.76,0.0,0.0
26.75,73.0,Osian Tehsil,Rajasthan,0.0,0.0,0.04,0.0,0.0,0.7,1.71,7.39,0.37,0.81,0.0,0.0
26.75,73.25,Baori Tehsil,Rajasthan,0.01,0.0,0.0,0.0,0.0,1.08,3.69,9.5,1.19,0.91,0.0,0.0
26.75,73.5,Bhopalgarh Tehsil,Rajasthan,0.02,0.0,0.0,0.0,0.04,1.2,3.9,9.99,1.52,0.89,0.0,0.0
26.75,73.75,Merta Tehsil,Rajasthan,0.04,0.0,0.0,0.0,0.29,1.65,4.76,10.7,2.2,0.68,0.0,0.0
26.75,74.0,Merta Tehsil,Rajasthan,0.0,0.01,0.0,0.0,0.29,1.77,4.86,11.0,2.35,0.79,0.0,0.0
26.75,74.25,Degana Tehsil,Rajasthan,0.0,0.03,0.0,0.0,0.07,1.66,4.51,6.55,1.49,1.09,0.0,0.0
26.75,74.5,Degana Tehsil,Rajasthan,0.0,0.04,0.0,0.0,0.11,3.34,5.06,5.78,1.48,1.72,0.0,0.0
26.75,74.75,Roopangarh Tehsil,Rajasthan,0.0,0.0,0.0,0.0,0.05,2.59,4.47,4.95,1.08,1.32,0.0,0.0
26.75,75.0,Roopangarh Tehsil,Rajasthan,0.0,0.02,0.01,0.0,0.1,1.32,11.18,4.86,2.4,1.04,0.0,0.0
26.75,75.25,Phulera Tehsil,Rajasthan,0.0,0.12,0.06,0.0,0.01,0.55,6.84,4.06,1.18,0.39,0.0,0.0
26.75,75.5,Phagi Tehsil,Rajasthan,0.0,0.07,0.02,0.0,0.15,0.15,7.04,7.63,2.02,0.64,0.0,0.0
26.75,75.75,Sanganer Tehsil,Rajasthan,0.03,0.06,0.05,0.0,0.22,0.34,7.34,8.58,1.98,0.41,0.0,0.0
26.75,76.0,Bassi Tehsil,Rajasthan,0.04,0.02,0.05,0.0,0.3,1.51,8.72,8.79,0.9,0.35,0.0,0.0
26.75,76.25,Lawan Tehsil,Rajasthan,0.0,0.0,0.07,0.0,0.21,1.88,11.9,8.73,0.77,0.28,0.0,0.0
26.75,76.5,Nadoti Tehsil,Rajasthan,0.0,0.01,0.02,0.0,0.31,0.8,9.34,11.05,1.02,0.99,0.0,0.0
26.75,76.75,Nadoti Tehsil,Rajasthan,0.0,0.02,0.0,0.0,0.25,1.22,11.29,9.46,1.03,0.88,0.0,0.0
26.75,77.0,Hindaun Tehsil,Rajasthan,0.0,0.0,0.01,0.0,0.24,2.22,10.94,8.46,1.49,1.65,0.0,0.0
26.75,77.25,Karauli Tehsil,Rajasthan,0.0,0.0,0.17,0.0,0.56,1.57,8.26,7.73,0.88,1.04,0.0,0.0
26.75,77.5,Baseri Tehsil,Rajasthan,0.0,0.0,0.22,0.0,0.95,0.56,10.23,8.35,0.8,0.68,0.0,0.0
26.75,77.75,Bari Tehsil,Rajasthan,0.0,0.0,0.21,0.0,0.98,0.84,11.47,6.2,2.38,0.19,0.0,0.0
26.75,78.0,Rajakhera Tehsil,Rajasthan,0.0,0.0,0.22,0.0,0.25,1.27,3.99,4.58,0.09,0.12,0.0,0.0
26.75,78.25,Porsa Tahsil,Madhya Pradesh,0.06,0.0,0.29,0.0,0.27,1.35,6.51,5.41,0.52,0.37,0.0,0.0
26.75,78.5,Porsa Tahsil,Madhya Pradesh,0.23,0.01,0.04,0.0,0.31,2.47,8.7,5.48,1.2,0.53,0.0,0.0
26.75,78.75,Ater Tahsil,Madhya Pradesh,0.1,0.02,0.02,0.0,0.36,1.68,9.52,5.32,0.33,0.17,0.0,0.0
26.75,79.0,Etawah,Uttar Pradesh,0.19,0.1,0.0,0.0,0.38,1.95,8.09,5.2,0.19,0.19,0.0,0.0
26.75,79.25,Bharthana,Uttar Pradesh,0.16,0.07,0.03,0.0,0.4,1.14,4.35,3.16,0.36,0.2,0.0,0.0
26.75,79.5,Bidhuna,Uttar Pradesh,0.16,0.04,0.04,0.0,0.33,0.96,2.97,2.13,0.49,0.21,0.0,0.0
26.75,79.75,Rasulabad,Uttar Pradesh,0.28,0.0,0.12,0.0,0.3,1.55,3.46,3.04,0.94,0.73,0.0,0.0
26.75,80.0,Bilhaur,Uttar Pradesh,0.39,0.0,0.18,0.0,0.49,3.97,5.81,2.83,1.21,1.18,0.0,0.0
26.75,80.25,Safipur,Uttar Pradesh,0.42,0.0,0.11,0.0,0.45,6.05,8.18,2.33,2.75,1.23,0.0,0.0
26.75,80.5,Hasanganj,Uttar Pradesh,0.22,0.0,0.12,0.0,0.19,1.55,3.81,2.4,1.53,0.13,0.0,0.0
26.75,80.75,Sarojani Nagar,Uttar Pradesh,0.22,0.01,0.59,0.0,0.56,1.92,3.76,4.85,2.39,0.59,0.0,0.0
26.75,81.0,Mohanlalganj,Uttar Pradesh,0.22,0.0,0.6,0.0,0.58,1.46,9.37,5.76,4.9,1.02,0.0,0.0
26.75,81.25,Haidergarh,Uttar Pradesh,0.24,0.0,0.82,0.0,0.32,1.78,11.47,7.24,7.3,0.5,0.0,0.0
26.75,81.5,Ramsanehighat,Uttar Pradesh,0.32,0.01,0.24,0.0,0.73,2.48,10.47,6.07,4.02,0.5,0.0,0.0
26.75,81.75,Rudauli,Uttar Pradesh,0.2,0.04,0.34,0.0,0.73,2.51,10.01,6.27,4.11,0.93,0.0,0.0
26.75,82.0,Sohawal,Uttar Pradesh,0.13,0.05,0.35,0.0,0.68,2.04,15.75,7.51,5.71,1.26,0.0,0.0
26.75,82.25,Faizabad,Uttar Pradesh,0.23,0.0,0.26,0.0,1.79,2.22,16.36,2.39,6.4,1.45,0.0,0.0
26.75,82.5,Harraiya,Uttar Pradesh,0.02,0.01,0.01,0.0,0.88,3.33,9.08,2.32,10.78,1.26,0.0,0.0
26.75,82.75,Basti,Uttar Pradesh,0.2,0.18,0.03,0.0,1.73,5.29,13.97,3.11,11.82,2.5,0.0,0.0
26.75,83.0,Khalilabad,Uttar Pradesh,0.13,0.07,0.01,0.0,2.92,2.86,12.66,5.22,13.04,2.02,0.0,0.0
26.75,83.25,Sahjanwa,Uttar Pradesh,0.1,0.03,0.03,0.0,3.39,2.73,10.15,3.35,9.21,1.26,0.0,0.0
26.75,83.5,Gorakhpur,Uttar Pradesh,0.06,0.0,0.16,0.0,5.13,2.8,5.06,0.59,5.97,0.06,0.0,0.0
26.75,83.75,Hata,Uttar Pradesh,0.04,0.0,0.06,0.0,1.95,1.48,4.48,1.15,4.94,0.12,0.0,0.0
26.75,84.0,Kasya,Uttar Pradesh,0.01,0.01,0.01,0.0,2.73,1.42,4.39,1.2,5.33,0.32,0.0,0.0
26.75,84.25,Thakrahan,Bihar,0.01,0.05,0.05,0.19,4.4,4.58,9.93,1.66,13.15,0.81,0.0,0.0
26.75,84.5,Nautan,Bihar,0.17,0.04,0.03,0.33,2.68,6.34,7.92,2.06,18.49,0.67,0.0,0.0
26.75,84.75,Sugauli,Bihar,0.21,0.02,0.02,0.32,2.53,5.75,6.57,1.83,18.2,0.27,0.0,0.0
26.75,85.0,Motihari,Bihar,0.27,0.0,0.0,0.0,2.55,1.79,4.22,1.69,12.84,0.0,0.0,0.0
26.75,85.25,Dhaka,Bihar,0.17,0.0,0.0,0.0,2.23,5.39,8.85,3.19,12.68,0.26,0.0,0.0
26.75,85.5,Bathnaha,Bihar,0.29,0.0,0.0,0.01,4.63,6.33,8.26,6.61,8.84,0.28,0.0,0.0
26.75,85.75,Mahottari,Madhesh Province,0.25,0.0,0.0,0.02,5.46,10.46,12.42,7.18,10.29,2.13,0.0,0.0
26.75,86.0,Dhanusha,Madhesh Province,0.31,0.0,0.09,0.0,5.32,9.85,10.87,5.3,11.04,1.91,0.0,0.0
26.75,86.25,Siraha,Madhesh Province,0.67,0.0,0.11,0.22,4.72,11.03,9.63,2.98,12.38,3.29,0.0,0.0
26.75,86.5,Siraha,Madhesh Province,0.92,0.0,0.07,0.16,5.32,12.13,10.86,3.02,13.41,4.03,0.0,0.0
26.75,87.0,Udayapur,Koshi Province,0.91,0.0,0.33,0.02,6.02,12.11,17.48,4.43,17.4,3.88,0.0,0.0
26.75,88.0,Jhapa,Koshi Province,0.32,0.0,2.47,1.29,5.81,30.36,49.21,6.92,22.73,12.53,0.0,0.0
26.75,88.25,Naxalbari block,West Bengal,0.16,0.02,2.7,1.52,5.72,32.87,53.62,6.89,28.93,9.97,0.0,0.0
26.75,88.5,Rajganj,West Bengal,0.25,0.22,3.48,4.46,4.67,23.5,51.55,8.4,26.72,7.42,0.0,0.03
26.75,88.75,Mal,West Bengal,0.4,0.03,2.81,4.72,7.38,25.32,44.65,8.78,19.14,11.21,0.0,0.01
26.75,89.0,Dhupguri,West Bengal,0.33,0.01,2.73,10.26,9.37,28.99,41.64,6.35,19.31,8.59,0.0,0.0
26.75,89.25,Madarihat,West Bengal,0.1,0.03,4.3,8.07,11.21,38.23,34.6,5.4,22.63,9.21,0.0,0.0
26.75,89.5,Alipurduar - I,West Bengal,0.3,0.03,5.57,5.78,13.54,39.27,28.75,4.67,21.87,8.5,0.0,0.0
26.75,89.75,Lhamoyzingkha Gewog,Dagana District,0.32,0.0,4.62,7.68,13.5,36.86,25.96,4.21,19.75,7.86,0.0,0.0
26.75,90.0,Nichula Gewog,Dagana District,0.23,0.0,2.36,12.12,10.94,21.59,22.56,4.08,9.12,3.58,0.0,0.0
26.75,90.25,Kokrajhar,Assam,0.25,0.04,1.83,12.37,11.1,22.1,25.33,4.01,9.36,2.98,0.0,0.0
26.75,90.5,Bengtol,Assam,0.5,0.37,1.77,10.46,13.76,28.42,33.1,2.82,12.96,4.34,0.0,0.0
26.75,90.75,Bijni (Pt),Assam,0.32,0.13,1.78,9.37,12.08,26.99,27.42,2.18,13.33,5.09,0.0,0.0
26.75,91.0,Barnagar,Assam,0.16,0.14,1.85,17.03,10.09,11.59,15.39,3.09,8.68,2.27,0.0,0.0
26.75,91.25,Jalah (Pt),Assam,0.39,0.14,1.34,17.54,9.9,8.44,13.59,2.71,9.96,1.94,0.0,0.03
26.75,91.5,Tamulpur,Assam,0.72,0.08,0.87,15.64,7.85,5.26,8.0,1.37,6.89,1.39,0.0,0.14
26.75,91.75,Harisinga tehsil,Assam,1.03,0.15,1.21,12.23,9.1,5.8,10.59,3.24,7.74,2.48,0.08,0.3
26.75,92.0,Harisinga tehsil,Assam,1.35,0.23,1.56,12.35,10.55,7.31,14.71,4.32,9.47,3.79,0.19,0.53
26.75,92.25,Mazbat tehsil,Assam,1.52,0.33,1.42,6.68,8.86,5.85,9.56,3.98,6.35,2.77,0.03,0.11
26.75,92.5,Dhekiajuli (Pt),Assam,2.05,0.5,1.55,6.32,7.82,6.14,10.6,5.22,6.65,3.62,0.01,0.05
26.75,92.75,Chariduar,Assam,1.7,0.59,2.25,8.52,7.84,10.83,17.63,4.68,11.31,4.47,0.0,0.1
26.75,93.0,Na-Duar,Assam,1.26,0.61,2.75,13.35,9.34,13.54,19.76,4.6,17.21,4.75,0.21,0.13
26.75,93.25,Biswanath,Assam,1.26,0.25,2.04,12.79,8.86,10.65,12.57,4.29,12.61,3.92,0.33,0.07
26.75,93.5,Bokakhat,Assam,0.93,0.25,1.61,9.96,8.3,8.07,14.34,3.59,10.71,2.66,0.47,0.13
26.75,93.75,Bokakhat,Assam,1.05,0.4,1.94,13.75,11.16,10.19,13.01,4.38,9.02,2.79,0.54,1.2
26.75,94.0,Dergaon,Assam,1.0,0.74,1.99,14.76,10.48,9.78,12.87,4.72,9.37,3.45,0.56,0.97
26.75,94.25,Jorhat East,Assam,0.69,0.94,4.53,15.99,11.25,6.64,11.38,8.45,10.6,2.8,0.86,0.36
26.75,94.5,Teok,Assam,0.67,1.03,4.41,16.09,11.06,7.33,11.71,8.53,10.71,3.01,0.81,0.32
26.75,94.75,Namsang,Nagaland,0.61,1.23,4.11,17.09,10.15,8.98,12.02,8.82,11.15,2.55,0.73,0.27
26.75,95.0,Mon,Nagaland,0.76,2.16,3.59,19.24,8.36,11.51,12.84,6.84,10.29,3.55,0.78,0.05
26.75,95.25,Pangchao SDO,Arunachal Pradesh,0.71,2.34,3.75,19.13,8.32,11.04,13.14,6.57,10.46,3.88,0.82,0.04
27.0,69.5,Khairpur District,Unknown,0.0,0.0,0.2,0.0,0.2,0.22,0.63,0.7,0.0,0.0,0.0,0.0
27.0,69.75,Jaisalmer Tehsil,Rajasthan,0.0,0.0,0.2,0.0,0.21,0.27,0.66,0.88,0.0,0.0,0.0,0.0
27.0,70.0,Jaisalmer Tehsil,Rajasthan,0.0,0.01,0.18,0.0,0.21,0.34,0.67,1.11,0.0,0.0,0.0,0.0
27.0,70.25,Jaisalmer Tehsil,Rajasthan,0.0,0.01,0.13,0.0,0.17,0.31,0.56,1.16,0.0,0.0,0.0,0.0
27.0,70.5,Jaisalmer Tehsil,Rajasthan,0.0,0.03,0.04,0.0,0.12,0.4,0.45,1.75,0.0,0.01,0.0,0.0
27.0,70.75,Jaisalmer Tehsil,Rajasthan,0.0,0.1,0.02,0.0,0.25,1.06,0.77,3.92,0.0,0.04,0.0,0.0
27.0,71.0,Jaisalmer Tehsil,Rajasthan,0.0,0.09,0.01,0.0,0.23,1.09,0.84,3.99,0.0,0.04,0.0,0.0
27.0,71.25,Jaisalmer Tehsil,Rajasthan,0.0,0.08,0.02,0.0,0.17,0.94,0.94,4.02,0.0,0.03,0.0,0.0
27.0,71.5,Pokaran Tehsil,Rajasthan,0.0,0.07,0.08,0.0,0.03,0.56,0.79,4.42,0.0,0.0,0.0,0.0
27.0,71.75,Pokaran Tehsil,Rajasthan,0.0,0.07,0.1,0.0,0.0,0.46,0.77,4.53,0.01,0.04,0.0,0.0
27.0,72.0,Pokaran Tehsil,Rajasthan,0.0,0.07,0.11,0.0,0.01,0.47,0.97,4.48,0.03,0.11,0.0,0.0
27.0,72.25,Phalodi Tehsil,Rajasthan,0.0,0.07,0.17,0.0,0.05,0.39,1.94,4.49,0.02,0.09,0.0,0.0
27.0,72.5,Lohawat Tehsil,Rajasthan,0.0,0.04,0.14,0.0,0.04,0.43,1.61,5.05,0.05,0.33,0.0,0.0
27.0,72.75,Lohawat Tehsil,Rajasthan,0.0,0.02,0.09,0.0,0.02,0.57,1.75,6.34,0.14,0.57,0.0,0.0
27.0,73.0,Bapini Tehsil,Rajasthan,0.03,0.0,0.03,0.0,0.02,0.79,2.78,7.74,0.4,0.82,0.0,0.0
27.0,73.25,Kheenvsar Tehsil,Rajasthan,0.04,0.0,0.0,0.0,0.01,0.9,4.21,8.39,0.39,0.88,0.0,0.0
27.0,73.5,Mundwa Tehsil,Rajasthan,0.15,0.0,0.0,0.0,0.23,1.26,4.54,7.8,0.57,0.62,0.0,0.0
27.0,73.75,Mundwa Tehsil,Rajasthan,0.2,0.0,0.03,0.0,0.49,1.88,4.73,7.03,0.74,0.46,0.0,0.0
27.0,74.0,Mundwa Tehsil,Rajasthan,0.02,0.01,0.07,0.0,0.32,2.09,4.31,6.12,1.08,0.77,0.0,0.0
27.0,74.25,Sanju Tehsil,Rajasthan,0.0,0.03,0.02,0.0,0.13,1.82,4.62,5.13,1.35,0.75,0.0,0.0
27.0,74.5,Makrana Tehsil,Rajasthan,0.0,0.0,0.0,0.0,0.04,1.89,4.65,5.04,0.87,0.9,0.0,0.0
27.0,74.75,Parbatsar Tehsil,Rajasthan,0.0,0.0,0.0,0.0,0.03,1.86,5.61,5.59,1.23,0.56,0.0,0.0
27.0,75.0,Nawa Tehsil,Rajasthan,0.0,0.0,0.01,0.0,0.14,1.64,8.89,5.43,1.59,0.53,0.0,0.0
27.0,75.25,Phulera Tehsil,Rajasthan,0.0,0.05,0.02,0.0,0.08,1.31,8.97,4.66,1.66,0.6,0.0,0.0
27.0,75.5,Phulera Tehsil,Rajasthan,0.0,0.06,0.14,0.0,0.22,0.27,10.49,6.2,0.84,1.19,0.0,0.0
27.0,75.75,Jaipur Tehsil,Rajasthan,0.0,0.0,0.32,0.0,0.65,0.64,7.97,6.07,0.22,1.01,0.0,0.0
27.0,76.0,Jamwa Ramgarh Tehsil,Rajasthan,0.01,0.01,0.02,0.0,0.17,1.44,9.25,8.11,0.53,0.43,0.0,0.0
27.0,76.25,Dausa Tehsil,Rajasthan,0.0,0.0,0.05,0.0,0.32,1.74,10.79,7.99,1.22,0.19,0.0,0.0
27.0,76.5,Baswa Tehsil,Rajasthan,0.0,0.01,0.24,0.0,0.4,1.58,9.63,10.54,2.01,0.78,0.0,0.0
27.0,76.75,Baswa Tehsil,Rajasthan,0.0,0.05,0.0,0.0,0.46,0.8,7.44,6.53,1.09,0.69,0.0,0.0
27.0,77.0,Mahwa Tehsil,Rajasthan,0.0,0.01,0.0,0.0,0.66,3.04,8.11,7.08,1.24,1.99,0.0,0.0
27.0,77.25,Bayana Tehsil,Rajasthan,0.0,0.0,0.02,0.0,0.4,2.77,9.52,7.23,1.03,1.6,0.0,0.0
27.0,77.5,Rupbas Tehsil,Rajasthan,0.0,0.0,0.11,0.0,0.41,2.2,10.69,6.26,0.14,0.43,0.0,0.0
27.0,77.75,Rupbas Tehsil,Rajasthan,0.01,0.0,0.21,0.0,0.75,0.93,10.37,4.74,1.13,0.17,0.0,0.0
27.0,78.0,Kheragarh,Uttar Pradesh,0.0,0.0,0.55,0.0,0.27,0.62,11.8,7.72,0.64,0.33,0.0,0.0
27.0,78.25,Fatehabad,Uttar Pradesh,0.03,0.01,0.31,0.0,0.38,1.26,8.59,4.94,0.92,0.55,0.0,0.0
27.0,78.5,Shikohabad,Uttar Pradesh,0.04,0.02,0.15,0.0,0.42,1.63,8.38,4.11,1.23,0.61,0.0,0.0
27.0,78.75,Shikohabad,Uttar Pradesh,0.0,0.08,0.17,0.0,0.73,1.18,7.75,6.06,0.27,0.26,0.0,0.0
27.0,79.0,Karhal,Uttar Pradesh,0.09,0.04,0.06,0.0,0.35,1.02,5.91,4.68,0.57,0.21,0.0,0.0
27.0,79.25,Bhogaon,Uttar Pradesh,0.14,0.03,0.01,0.0,0.16,0.77,2.84,3.7,0.41,0.18,0.0,0.0
27.0,79.5,Chhibramau,Uttar Pradesh,0.13,0.04,0.01,0.0,0.25,1.39,3.23,3.25,1.84,0.45,0.0,0.0
27.0,79.75,Kannauj,Uttar Pradesh,0.27,0.03,0.09,0.0,0.44,2.14,4.06,3.59,3.03,0.83,0.0,0.0
27.0,80.0,Kannauj,Uttar Pradesh,0.29,0.03,0.09,0.0,0.44,1.49,4.18,3.36,1.02,0.82,0.0,0.0
27.0,80.25,Safipur,Uttar Pradesh,0.14,0.0,0.0,0.0,0.16,1.87,16.3,8.86,11.03,0.19,0.0,0.0
27.0,80.5,Sandila,Uttar Pradesh,0.06,0.0,0.03,0.0,0.13,1.48,7.77,3.53,5.53,0.04,0.0,0.0
27.0,80.75,Sarojani Nagar,Uttar Pradesh,0.15,0.0,0.43,0.0,0.45,1.94,7.41,3.26,3.61,0.73,0.0,0.0
27.0,81.0,Bakshi Ka Talab,Uttar Pradesh,0.2,0.0,0.48,0.0,0.86,3.09,9.6,5.61,4.26,1.73,0.0,0.0
27.0,81.25,Nawabganj,Uttar Pradesh,0.12,0.0,0.47,0.0,1.69,6.28,8.77,6.95,6.83,1.15,0.0,0.0
27.0,81.5,Sirauli Gauspur,Uttar Pradesh,0.17,0.0,0.07,0.0,2.12,4.83,13.59,5.89,5.76,1.27,0.0,0.0
27.0,81.75,Colonelganj,Uttar Pradesh,0.34,0.0,0.02,0.0,1.22,4.39,12.75,6.26,3.51,0.6,0.0,0.0
27.0,82.0,Tarabganj,Uttar Pradesh,0.14,0.0,0.0,0.0,1.74,3.07,12.26,2.35,1.6,0.35,0.0,0.0
27.0,82.25,Mankapur,Uttar Pradesh,0.16,0.0,0.14,0.0,1.66,3.44,19.14,2.54,4.24,1.37,0.0,0.0
27.0,82.5,Mankapur,Uttar Pradesh,0.05,0.01,0.04,0.0,1.2,3.18,10.45,1.11,6.83,1.03,0.0,0.0
27.0,82.75,Rudhauli,Uttar Pradesh,0.1,0.09,0.01,0.0,1.56,4.36,14.11,2.78,8.67,1.69,0.0,0.0
27.0,83.0,Mehdawal,Uttar Pradesh,0.06,0.03,0.03,0.0,1.99,2.23,10.96,3.17,9.1,1.36,0.0,0.0
27.0,83.25,Campierganj,Uttar Pradesh,0.03,0.01,0.41,0.0,3.39,5.72,16.48,3.22,7.1,2.12,0.0,0.0
27.0,83.5,Maharajganj,Uttar Pradesh,0.03,0.0,0.3,0.0,3.1,3.85,9.89,1.88,5.19,1.0,0.0,0.0
27.0,83.75,Maharajganj,Uttar Pradesh,0.03,0.0,0.04,0.07,1.68,1.73,4.24,1.23,4.3,0.14,0.0,0.0
27.0,84.0,Padrauna,Uttar Pradesh,0.01,0.05,0.0,0.03,4.27,1.16,3.2,0.86,3.1,0.17,0.0,0.0
27.0,84.25,Bagaha,Bihar,0.0,0.07,0.07,0.29,5.6,4.91,11.34,1.7,11.55,0.85,0.0,0.0
27.0,84.5,Lauriya,Bihar,0.01,0.14,0.14,0.1,2.6,8.22,15.49,4.29,10.07,0.47,0.0,0.0
27.0,84.75,Sikta,Bihar,0.08,0.09,0.09,0.13,2.49,5.94,11.75,3.11,12.17,0.41,0.0,0.0
27.0,85.0,Bara,Madhesh Province,0.1,0.03,0.03,0.05,2.27,4.39,9.0,2.68,12.65,0.21,0.0,0.0
27.0,85.25,Rautahat,Madhesh Province,0.16,0.0,0.0,0.0,2.27,5.43,8.94,4.09,13.29,0.25,0.0,0.0
27.0,85.5,Sarlahi,Madhesh Province,0.22,0.0,0.0,0.0,4.12,6.79,9.45,5.33,11.55,0.53,0.0,0.0
27.0,88.0,Ilam District,Koshi Province,0.06,0.23,0.75,1.74,5.02,13.98,28.58,8.51,14.06,8.74,0.0,0.0
27.0,88.25,Jorebunglow Sukiapokhri,West Bengal,0.3,0.12,1.26,0.88,6.84,28.59,44.36,11.14,24.15,9.91,0.0,0.01
27.0,88.5,Kalimpong -I,West Bengal,0.34,0.16,3.44,4.25,5.67,28.33,49.55,12.16,27.65,7.9,0.0,0.04
27.0,88.75,Gorubathan,West Bengal,0.44,0.05,3.39,5.13,6.81,23.58,50.68,11.61,22.18,10.92,0.0,0.02
27.0,89.0,Sang-Ngag-Chhoeling Gewog,Samtse District,0.32,0.05,2.89,7.8,7.98,26.38,44.63,8.99,20.73,9.07,0.0,0.01
27.0,89.25,Duenchhukha Gewog,Samtse District,0.24,0.04,4.71,7.66,11.42,35.8,34.41,5.35,21.65,8.18,0.0,0.0
27.0,89.5,Geling Gewog,Chukha,0.28,0.03,5.11,6.96,13.21,40.58,28.03,4.64,21.84,8.04,0.0,0.0
27.0,90.0,Drukjeygang Gewog,Dagana District,0.33,0.15,2.14,12.37,11.98,23.54,27.06,3.99,10.14,3.48,0.0,0.0
27.0,90.25,Gakidling Gewog,Sarpang District,0.32,0.13,1.82,11.58,11.91,24.37,27.55,3.5,10.63,3.52,0.0,0.0
27.0,90.5,Jigme Chhoeling Gewog,Sarpang District,0.33,0.15,1.8,9.67,12.57,27.54,28.49,2.26,12.56,4.6,0.0,0.0
27.0,90.75,Phangkhar Gewog,Zhemgang District,0.33,0.15,1.79,9.56,12.07,27.21,28.32,2.42,13.2,4.96,0.0,0.0
27.0,91.0,Bjoka Gewog,Zhemgang District,0.23,0.19,1.83,13.77,11.05,17.89,18.91,2.19,11.14,3.51,0.0,0.0
27.0,91.25,Dungmaed Gewog,Pemagatshel District,0.43,0.11,1.37,16.74,9.44,7.96,12.26,2.57,8.25,1.77,0.0,0.05
27.0,91.5,Orong Gewog,Samdrup Jongkhar District,0.76,0.16,1.17,15.25,9.3,6.48,11.87,2.6,8.61,2.24,0.04,0.2
27.0,91.75,Martshala Gewog,Samdrup Jongkhar District,0.97,0.14,1.17,11.34,8.35,6.13,10.62,2.74,7.12,2.44,0.07,0.27
27.0,92.0,Serthig Gewog,Samdrup Jongkhar District,1.02,0.21,1.42,7.79,8.4,7.54,12.53,3.67,6.87,2.98,0.09,0.26
27.0,92.25,Shergaon Circle,Arunachal Pradesh,0.29,0.14,1.34,2.51,3.51,10.79,15.0,3.47,4.27,2.65,0.0,0.04
27.0,92.5,Bhalukpong EAC,Arunachal Pradesh,0.4,0.14,1.15,3.08,3.71,8.52,11.77,3.55,4.48,2.31,0.0,0.02
27.0,92.75,Chariduar,Assam,0.73,0.4,1.71,7.22,5.53,9.76,15.65,3.74,10.18,3.64,0.0,0.09
27.0,93.0,Seijosa,Arunachal Pradesh,1.3,0.85,3.29,14.18,9.43,16.18,24.19,4.92,20.49,5.54,0.1,0.18
27.0,93.25,Pakke Kessang,Arunachal Pradesh,1.37,1.07,3.79,15.03,10.19,18.32,29.12,5.12,23.66,6.13,0.05,0.22
27.0,93.5,Balijan ADC,Arunachal Pradesh,0.74,0.67,1.96,8.25,7.83,7.84,21.73,3.33,14.16,3.05,0.2,0.07
27.0,93.75,Narayanpur,Assam,0.87,0.79,2.32,11.88,8.25,9.06,18.79,4.58,13.84,4.17,0.32,0.4
27.0,94.0,Bihpuria,Assam,0.85,1.27,2.59,16.14,9.63,9.56,13.06,5.75,9.66,4.64,0.62,0.36
27.0,94.25,Majuli,Assam,0.86,1.53,3.21,16.81,10.02,10.0,12.82,6.52,9.36,4.86,0.66,0.14
27.0,94.5,Sibsagar,Assam,0.5,1.22,3.7,16.2,10.03,10.12,13.3,8.98,11.74,3.62,0.55,0.22
27.0,94.75,Dimow,Assam,0.7,1.71,3.37,18.44,8.81,11.79,12.83,8.21,10.85,2.96,0.64,0.13
27.0,95.0,Sonari,Assam,0.81,2.16,3.39,19.54,8.35,11.98,12.89,7.22,10.33,3.21,0.77,0.06
27.0,95.25,Kanubari ADC,Arunachal Pradesh,0.67,2.39,3.87,18.96,8.25,10.62,13.1,6.21,10.4,4.06,0.83,0.03
27.0,95.5,Khonsa HQ,Arunachal Pradesh,0.65,2.3,3.9,19.72,8.21,10.41,13.86,6.65,10.73,3.94,0.84,0.06
27.0,95.75,Khimiyang EAC,Arunachal Pradesh,0.47,2.06,4.52,23.31,8.87,9.42,15.8,6.7,11.59,3.79,0.8,0.22
27.25,69.5,Sukkur District,Unknown,0.0,0.0,0.35,0.0,0.32,0.32,0.95,0.58,0.0,0.0,0.0,0.0
27.25,69.75,Jaisalmer Tehsil,Rajasthan,0.0,0.0,0.34,0.0,0.31,0.35,0.93,0.71,0.0,0.0,0.0,0.0
27.25,70.0,Jaisalmer Tehsil,Rajasthan,0.0,0.01,0.33,0.0,0.32,0.4,0.96,0.89,0.0,0.0,0.0,0.0
27.25,70.25,Jaisalmer Tehsil,Rajasthan,0.0,0.01,0.41,0.0,0.38,0.44,1.12,0.78,0.0,0.0,0.0,0.0
27.25,70.5,Jaisalmer Tehsil,Rajasthan,0.0,0.0,0.47,0.0,0.43,0.45,1.23,0.62,0.0,0.0,0.0,0.0
27.25,70.75,Jaisalmer Tehsil,Rajasthan,0.0,0.05,0.25,0.0,0.33,0.74,0.99,2.15,0.0,0.02,0.0,0.0
27.25,71.0,Jaisalmer Tehsil,Rajasthan,0.0,0.08,0.09,0.0,0.27,1.0,0.84,3.37,0.0,0.03,0.0,0.0
27.25,71.25,Jaisalmer Tehsil,Rajasthan,0.0,0.09,0.03,0.0,0.19,0.98,0.83,4.19,0.0,0.03,0.0,0.0
27.25,71.5,Jaisalmer Tehsil,Rajasthan,0.0,0.08,0.06,0.0,0.1,0.73,0.75,4.31,0.03,0.11,0.0,0.0
27.25,71.75,Pokaran Tehsil,Rajasthan,0.0,0.06,0.12,0.0,0.02,0.48,1.13,4.29,0.07,0.24,0.0,0.0
27.25,72.0,Bap Tehsil,Rajasthan,0.0,0.04,0.12,0.0,0.03,0.5,1.3,3.91,0.17,0.57,0.0,0.0
27.25,72.25,Bap Tehsil,Rajasthan,0.0,0.06,0.17,0.0,0.05,0.41,1.93,4.35,0.05,0.18,0.0,0.0
27.25,72.5,Phalodi Tehsil,Rajasthan,0.0,0.04,0.14,0.0,0.04,0.46,1.59,4.35,0.12,0.46,0.0,0.0
27.25,72.75,Phalodi Tehsil,Rajasthan,0.01,0.02,0.09,0.0,0.02,0.58,2.3,6.13,0.16,0.6,0.0,0.0
27.25,73.0,Bapini Tehsil,Rajasthan,0.04,0.02,0.16,0.0,0.09,0.77,3.37,6.98,0.17,0.55,0.0,0.0
27.25,73.25,Kheenvsar Tehsil,Rajasthan,0.08,0.02,0.14,0.0,0.15,0.97,4.3,7.31,0.31,0.52,0.0,0.0
27.25,73.5,Nagaur Tehsil,Rajasthan,0.24,0.01,0.07,0.0,0.42,1.45,4.81,6.35,0.29,0.28,0.0,0.0
27.25,73.75,Nagaur Tehsil,Rajasthan,0.29,0.0,0.04,0.0,0.54,1.8,4.86,5.86,0.29,0.28,0.0,0.0
27.25,74.0,Deh Tehsil,Rajasthan,0.03,0.0,0.14,0.0,0.49,2.53,3.62,5.02,0.2,0.89,0.0,0.0
27.25,74.25,Jayal Tehsil,Rajasthan,0.0,0.01,0.17,0.0,0.34,2.29,3.54,4.98,0.45,1.02,0.0,0.0
27.25,74.5,Didwana Tehsil,Rajasthan,0.0,0.0,0.2,0.0,0.14,1.84,3.47,4.51,0.59,1.14,0.0,0.0
27.25,74.75,Maulasar Tehsil,Rajasthan,0.0,0.0,0.05,0.0,0.33,1.21,6.27,6.41,0.56,0.69,0.0,0.0
27.25,75.0,Nawa Tehsil,Rajasthan,0.0,0.01,0.24,0.0,1.52,1.98,10.19,10.27,0.4,0.87,0.0,0.0
27.25,75.25,Danta Ramgarh Tehsil,Rajasthan,0.0,0.04,0.2,0.0,0.89,1.61,9.16,8.61,0.75,0.56,0.0,0.0
27.25,75.5,Chomu Tehsil,Rajasthan,0.0,0.09,0.24,0.0,0.17,0.55,12.2,6.04,1.02,1.13,0.0,0.0
27.25,75.75,Chomu Tehsil,Rajasthan,0.0,0.08,0.05,0.0,0.36,1.07,15.23,6.67,1.65,0.6,0.0,0.0
27.25,76.0,Amber Tehsil,Rajasthan,0.0,0.1,0.0,0.0,0.47,2.43,11.09,7.95,1.57,0.24,0.0,0.0
27.25,76.25,Thanagazi Tehsil,Rajasthan,0.0,0.04,0.12,0.0,0.27,2.31,9.3,11.3,1.24,0.27,0.0,0.0
27.25,76.5,Rajgarh Tehsil,Rajasthan,0.0,0.0,0.09,0.0,0.28,3.27,8.79,9.81,1.41,0.31,0.0,0.0
27.25,76.75,Reni Tehsil,Rajasthan,0.0,0.0,0.41,0.0,1.09,0.73,7.87,9.74,2.09,0.25,0.0,0.0
27.25,77.0,Kathumar Tehsil,Rajasthan,0.0,0.0,0.01,0.0,1.29,3.22,7.83,7.1,1.38,0.4,0.0,0.0
27.25,77.25,Nadbai Tehsil,Rajasthan,0.0,0.0,0.05,0.0,0.66,1.48,9.95,6.73,2.11,0.2,0.0,0.0
27.25,77.5,Bharatpur Tehsil,Rajasthan,0.0,0.0,0.1,0.0,0.42,1.76,10.49,6.44,0.94,0.15,0.0,0.0
27.25,77.75,Mathura,Uttar Pradesh,0.02,0.0,0.18,0.0,0.9,1.52,14.51,6.88,3.26,0.04,0.0,0.0
27.25,78.0,Unknown,Uttar Pradesh,0.01,0.0,0.62,0.0,0.51,2.6,16.69,8.16,3.08,0.03,0.0,0.0
27.25,78.25,Tundla,Uttar Pradesh,0.03,0.01,0.5,0.0,0.39,2.87,13.18,6.28,1.25,0.33,0.0,0.0
27.25,78.5,Jasrana,Uttar Pradesh,0.04,0.04,0.18,0.0,0.33,2.77,9.73,3.32,1.8,0.5,0.0,0.0
27.25,78.75,Mainpuri,Uttar Pradesh,0.04,0.05,0.11,0.0,0.38,1.64,6.69,4.24,1.07,0.32,0.0,0.0
27.25,79.0,Mainpuri,Uttar Pradesh,0.1,0.0,0.03,0.0,0.06,0.3,1.24,3.26,1.07,0.19,0.0,0.0
27.25,79.25,Bhogaon,Uttar Pradesh,0.1,0.0,0.0,0.0,0.03,0.5,2.01,3.46,0.89,0.27,0.0,0.0
27.25,79.5,Farrukhabad,Uttar Pradesh,0.06,0.0,0.0,0.0,0.11,0.86,3.14,3.07,2.24,0.49,0.0,0.0
27.25,79.75,Sawayajpur,Uttar Pradesh,0.2,0.07,0.0,0.0,0.64,1.66,6.0,3.23,3.1,0.64,0.0,0.0
27.25,80.0,Bilgram,Uttar Pradesh,0.23,0.04,0.0,0.0,0.74,3.58,10.2,3.46,4.38,0.69,0.0,0.0
27.25,80.25,Hardoi,Uttar Pradesh,0.1,0.02,0.04,0.0,0.73,2.16,8.83,8.25,6.66,0.14,0.0,0.0
27.25,80.5,Sandila,Uttar Pradesh,0.07,0.14,0.56,0.0,1.28,2.72,6.79,7.18,3.46,0.04,0.0,0.0
27.25,80.75,Sidhauli,Uttar Pradesh,0.09,0.12,0.52,0.0,1.14,1.73,5.53,6.37,3.54,0.07,0.0,0.0
27.25,81.0,Mahmudabad,Uttar Pradesh,0.18,0.03,0.57,0.0,0.35,2.47,7.5,6.42,4.44,0.52,0.0,0.0
27.25,81.25,Fatehpur,Uttar Pradesh,0.02,0.01,0.16,0.0,3.1,3.53,18.49,4.9,6.89,3.37,0.0,0.0
27.25,81.5,Kaiserganj,Uttar Pradesh,0.08,0.06,0.11,0.0,3.05,3.77,18.52,4.67,7.02,2.76,0.0,0.0
27.25,81.75,Colonelganj,Uttar Pradesh,0.16,0.0,0.04,0.0,1.93,3.74,17.03,4.33,5.94,1.56,0.0,0.0
27.25,82.0,Gonda,Uttar Pradesh,0.09,0.0,0.0,0.0,1.3,3.41,13.12,2.49,3.33,1.13,0.0,0.0
27.25,82.25,Gonda,Uttar Pradesh,0.01,0.0,0.0,0.0,1.1,2.92,11.91,1.79,2.99,0.71,0.0,0.0
27.25,82.5,Utraula,Uttar Pradesh,0.0,0.0,0.0,0.0,1.26,1.59,7.4,0.62,1.93,0.55,0.0,0.0
27.25,82.75,Itwa,Uttar Pradesh,0.04,0.02,0.0,0.0,1.53,3.89,12.71,1.38,5.0,1.01,0.0,0.0
27.25,83.0,Naugarh,Uttar Pradesh,0.04,0.01,0.15,0.0,2.32,3.53,12.41,1.96,5.83,1.32,0.0,0.0
27.25,83.25,Pharenda,Uttar Pradesh,0.01,0.0,0.57,0.0,3.6,6.75,18.16,3.01,6.17,2.35,0.0,0.0
27.25,83.5,Maharajganj,Uttar Pradesh,0.01,0.0,0.45,0.01,3.47,5.82,15.66,2.66,6.59,2.41,0.0,0.0
27.25,83.75,Nichlaul,Uttar Pradesh,0.01,0.02,0.11,0.18,4.22,5.32,13.57,2.89,10.91,3.17,0.0,0.0
27.25,84.0,Sidhaw,Bihar,0.0,0.05,0.09,0.53,4.6,8.73,15.69,2.56,13.56,1.66,0.0,0.0
27.25,84.25,Ramnagar,Bihar,0.0,0.1,0.01,0.1,4.45,10.08,20.08,2.28,15.56,0.13,0.0,0.0
27.25,84.5,Gaunaha,Bihar,0.0,0.12,0.1,0.17,3.6,8.59,16.43,3.57,11.58,0.47,0.0,0.0
27.25,84.75,Parsa,Madhesh Province,0.03,0.1,0.08,0.07,2.64,6.1,13.26,3.25,11.33,0.34,0.0,0.0
27.25,88.0,Panchthar,Koshi Province,0.33,0.13,1.14,1.58,7.38,13.83,25.39,5.44,14.24,5.23,0.0,0.02
27.25,88.25,Gyalshing,Sikkim,0.61,0.28,4.14,11.09,12.27,13.12,20.29,7.94,14.44,4.87,0.0,0.02
27.25,88.5,Gangtok subdivision,Sikkim,0.62,0.27,4.01,10.73,12.07,12.96,20.26,7.83,14.22,5.04,0.0,0.02
27.25,88.75,Rongli subdivision,Sikkim,0.53,0.11,3.8,7.2,9.32,21.46,42.01,11.47,21.65,8.75,0.0,0.02
27.25,92.0,Merag Gewog,Trashigang District,0.65,0.15,1.3,5.66,6.56,8.1,12.22,3.46,5.72,2.53,0.05,0.16
27.25,92.25,Dirang ADC,Arunachal Pradesh,0.25,0.1,1.12,3.24,3.67,8.75,12.09,3.34,4.5,2.25,0.01,0.05
27.25,92.5,Singchung ADC,Arunachal Pradesh,0.08,0.04,0.67,3.5,2.78,5.29,6.8,3.21,4.44,1.44,0.0,0.0
27.25,92.75,Thrizino ADC,Arunachal Pradesh,0.08,0.07,0.77,4.03,2.94,5.72,7.54,3.25,5.33,1.57,0.0,0.01
27.25,93.0,Seppa HQ,Arunachal Pradesh,0.91,0.74,2.79,11.22,7.63,14.04,21.46,4.56,17.56,4.46,0.03,0.15
27.25,93.25,Leporiang Circle,Arunachal Pradesh,1.33,1.13,3.85,14.63,10.0,18.18,28.93,5.29,23.51,5.99,0.05,0.21
27.25,93.5,Sagalee ADC,Arunachal Pradesh,1.16,1.81,4.03,11.59,8.62,14.22,26.62,5.78,20.42,5.49,0.09,0.09
27.25,93.75,Toru Circle,Arunachal Pradesh,1.23,2.53,4.52,11.28,8.24,14.32,27.64,6.91,20.4,6.54,0.07,0.05
27.25,94.0,Naobaicha,Assam,0.87,2.7,3.44,10.86,9.3,21.19,29.94,9.08,17.1,7.86,0.13,0.03
27.25,94.25,Kadam,Assam,0.46,1.87,3.43,14.1,8.85,9.22,12.8,7.58,11.8,3.3,0.43,0.2
27.25,94.5,Dhakuakhana (Pt-I),Assam,0.42,1.62,3.39,15.03,9.04,10.54,13.83,8.72,12.43,3.38,0.36,0.19
27.25,94.75,Dibrugarh West,Assam,0.69,2.1,3.61,17.32,8.66,10.54,11.86,6.85,9.62,3.2,0.48,0.1
27.25,95.0,Tingkhong,Assam,0.84,2.05,3.15,19.95,8.17,12.31,12.95,7.67,10.46,2.75,0.73,0.09
27.25,95.25,Naharkatiya,Assam,0.58,2.67,4.89,19.88,10.13,10.75,15.55,6.8,12.47,6.37,1.09,0.0
27.25,95.5,Margherita,Assam,0.54,2.42,4.24,19.95,8.29,9.31,13.66,5.51,10.47,4.18,0.82,0.07
27.25,95.75,Namtok EAC,Arunachal Pradesh,0.37,1.84,4.98,25.46,9.45,8.96,17.23,7.01,12.03,3.63,0.76,0.32
27.25,96.0,Manmao EAC,Arunachal Pradesh,0.34,1.67,5.02,26.52,9.54,8.81,17.73,7.3,12.36,3.47,0.75,0.37
27.25,96.75,Naga Self-Administered Zone,Sagaing Region,0.31,1.47,5.03,27.75,9.62,8.65,18.51,7.66,12.83,3.35,0.75,0.41
27.25,97.0,Vijoynagar EAC,Arunachal Pradesh,0.31,1.47,5.03,27.75,9.62,8.39,18.12,7.66,12.83,3.35,0.75,0.41
27.5,69.5,Ghotki District,Unknown,0.0,0.0,0.45,0.0,0.4,0.39,1.16,0.5,0.0,0.0,0.0,0.0
27.5,69.75,Ghotki District,Unknown,0.0,0.0,0.43,0.0,0.38,0.38,1.11,0.56,0.0,0.0,0.0,0.0
27.5,70.0,Jaisalmer Tehsil,Rajasthan,0.0,0.0,0.41,0.0,0.38,0.42,1.1,0.71,0.0,0.0,0.0,0.0
27.5,70.25,Jaisalmer Tehsil,Rajasthan,0.0,0.01,0.44,0.0,0.4,0.45,1.17,0.72,0.0,0.0,0.0,0.0
27.5,70.5,Jaisalmer Tehsil,Rajasthan,0.0,0.0,0.47,0.0,0.43,0.46,1.22,0.67,0.0,0.0,0.0,0.0
27.5,70.75,Jaisalmer Tehsil,Rajasthan,0.0,0.03,0.34,0.0,0.37,0.63,1.08,1.52,0.0,0.01,0.0,0.0
27.5,71.0,Jaisalmer Tehsil,Rajasthan,0.0,0.05,0.22,0.0,0.32,0.82,0.97,2.44,0.0,0.02,0.0,0.0
27.5,71.25,Jaisalmer Tehsil,Rajasthan,0.0,0.08,0.09,0.0,0.2,0.89,0.83,3.88,0.0,0.02,0.0,0.0
27.5,71.5,Pokaran Tehsil,Rajasthan,0.0,0.04,0.09,0.0,0.03,0.59,1.0,3.93,0.16,0.53,0.0,0.0
27.5,71.75,Pokaran Tehsil,Rajasthan,0.0,0.04,0.11,0.0,0.02,0.53,1.13,3.78,0.2,0.67,0.0,0.0
27.5,72.0,Bap Tehsil,Rajasthan,0.0,0.01,0.08,0.0,0.01,0.6,0.87,3.27,0.34,1.12,0.0,0.0
27.5,72.25,Bajju Tehsil,Rajasthan,0.0,0.0,0.07,0.0,0.0,0.62,0.78,3.1,0.38,1.27,0.0,0.0
27.5,72.5,Bap Tehsil,Rajasthan,0.0,0.03,0.11,0.0,0.02,0.57,1.3,3.77,0.23,0.8,0.0,0.0
27.5,72.75,Bap Tehsil,Rajasthan,0.0,0.04,0.2,0.0,0.05,0.72,2.02,4.26,0.14,0.51,0.0,0.0
27.5,73.0,Nokha Tehsil,Rajasthan,0.0,0.05,0.33,0.0,0.06,1.56,3.44,6.3,0.04,0.51,0.0,0.0
27.5,73.25,Nokha Tehsil,Rajasthan,0.03,0.06,0.39,0.0,0.17,0.94,3.96,5.93,0.04,0.15,0.0,0.0
27.5,73.5,Nokha Tehsil,Rajasthan,0.05,0.06,0.35,0.0,0.21,0.85,4.16,6.1,0.07,0.14,0.0,0.0
27.5,73.75,Nagaur Tehsil,Rajasthan,0.14,0.03,0.22,0.0,0.37,1.49,4.29,6.0,0.16,0.38,0.0,0.0
27.5,74.0,Deh Tehsil,Rajasthan,0.02,0.0,0.26,0.0,0.25,2.1,3.45,6.59,0.39,1.32,0.0,0.0
27.5,74.25,Ladnu Tehsil,Rajasthan,0.0,0.0,0.32,0.0,0.07,2.02,3.35,7.1,0.41,1.68,0.0,0.0
27.5,74.5,Ladnu Tehsil,Rajasthan,0.0,0.0,0.3,0.0,0.15,1.71,3.48,4.55,0.54,1.17,0.0,0.0
27.5,74.75,Didwana Tehsil,Rajasthan,0.0,0.01,0.27,0.0,0.51,1.11,5.52,3.93,0.56,1.12,0.0,0.0
27.5,75.0,Dhod Tehsil,Rajasthan,0.0,0.03,0.18,0.0,0.55,0.75,6.24,3.19,0.56,1.09,0.0,0.0
27.5,75.25,Danta Ramgarh Tehsil,Rajasthan,0.0,0.09,0.3,0.0,0.41,1.1,8.32,5.25,1.79,0.45,0.0,0.0
27.5,75.5,Khandela Tehsil,Rajasthan,0.0,0.13,0.57,0.0,0.3,1.39,9.15,7.64,2.47,0.09,0.0,0.0
27.5,75.75,Sri Madhopur Tehsil,Rajasthan,0.0,0.1,0.26,0.0,0.6,1.61,13.99,7.47,2.3,0.32,0.0,0.0
27.5,76.0,Shahpura Tehsil,Rajasthan,0.0,0.21,0.01,0.0,1.04,4.24,8.53,6.98,2.44,0.05,0.0,0.0
27.5,76.25,Thanagazi Tehsil,Rajasthan,0.0,0.13,0.19,0.0,0.53,3.01,9.0,9.75,0.74,0.21,0.0,0.0
27.5,76.5,Alwar Tehsil,Rajasthan,0.0,0.1,0.33,0.0,0.94,3.7,9.58,7.59,0.74,0.86,0.0,0.0
27.5,76.75,Ramgarh Tehsil,Rajasthan,0.0,0.0,0.2,0.0,1.95,2.09,10.89,9.07,1.92,0.31,0.0,0.0
27.5,77.0,Govindgarh Tehsil,Rajasthan,0.0,0.0,0.03,0.0,1.35,1.29,10.1,7.81,1.81,0.44,0.0,0.0
27.5,77.25,Deeg Tehsil,Rajasthan,0.0,0.0,0.02,0.0,0.52,1.41,8.62,5.42,1.09,1.48,0.0,0.0
27.5,77.5,Mathura,Uttar Pradesh,0.0,0.0,0.02,0.0,0.3,0.7,8.52,4.63,1.89,0.79,0.0,0.0
27.5,77.75,Mathura,Uttar Pradesh,0.0,0.0,0.12,0.0,0.34,1.27,13.45,2.91,2.92,0.72,0.0,0.0
27.5,78.0,Hathras,Uttar Pradesh,0.0,0.0,0.82,0.0,0.17,3.81,20.21,7.74,1.42,0.37,0.0,0.0
27.5,78.25,Jalesar,Uttar Pradesh,0.0,0.0,0.95,0.0,0.17,4.52,19.49,9.66,1.2,0.12,0.0,0.0
27.5,78.5,Etah,Uttar Pradesh,0.0,0.0,0.18,0.0,0.25,1.41,7.68,6.28,0.27,0.41,0.0,0.0
27.5,78.75,Etah,Uttar Pradesh,0.02,0.0,0.07,0.0,0.16,0.91,4.53,4.81,0.4,0.22,0.0,0.0
27.5,79.0,Aliganj,Uttar Pradesh,0.0,0.0,0.0,0.0,0.1,0.6,2.91,4.78,0.17,0.0,0.0,0.0
27.5,79.25,Aliganj,Uttar Pradesh,0.03,0.0,0.02,0.0,0.16,0.89,3.59,3.83,1.5,0.26,0.0,0.0
27.5,79.5,Kaimganj,Uttar Pradesh,0.03,0.01,0.01,0.0,0.15,0.94,5.2,2.88,2.49,0.28,0.0,0.0
27.5,79.75,Sawayajpur,Uttar Pradesh,0.14,0.0,0.0,0.0,0.32,1.94,10.91,3.11,2.88,0.47,0.0,0.0
27.5,80.0,Hardoi,Uttar Pradesh,0.23,0.01,0.0,0.0,0.79,5.35,13.0,3.32,5.16,0.84,0.0,0.0
27.5,80.25,Hardoi,Uttar Pradesh,0.04,0.09,0.02,0.0,1.38,2.48,7.79,10.62,6.82,0.15,0.0,0.0
27.5,80.5,Unknown,Uttar Pradesh,0.03,0.29,0.06,0.0,2.28,1.51,6.73,9.1,9.29,0.28,0.0,0.0
27.5,80.75,Sitapur,Uttar Pradesh,0.04,0.01,0.02,0.0,1.36,0.9,5.88,8.53,3.9,0.02,0.0,0.0
27.5,81.0,Biswan,Uttar Pradesh,0.12,0.03,0.22,0.0,0.71,1.37,6.87,6.91,4.02,0.21,0.0,0.0
27.5,81.25,Biswan,Uttar Pradesh,0.07,0.18,0.08,0.0,3.7,2.6,20.79,3.56,6.44,2.48,0.0,0.0
27.5,81.5,Mahasi,Uttar Pradesh,0.08,0.19,0.07,0.0,3.81,3.48,21.7,3.3,6.35,2.55,0.0,0.0
27.5,81.75,Bahraich,Uttar Pradesh,0.05,0.1,0.05,0.0,2.93,6.32,16.96,3.11,5.29,1.91,0.0,0.0
27.5,82.0,Ikauna,Uttar Pradesh,0.05,0.0,0.0,0.0,1.22,3.88,14.53,3.11,4.9,2.18,0.0,0.0
27.5,82.25,Tulsipur,Uttar Pradesh,0.02,0.0,0.01,0.0,1.17,3.01,11.97,2.23,3.58,1.18,0.0,0.0
27.5,82.5,Tulsipur,Uttar Pradesh,0.01,0.0,0.0,0.0,1.28,2.76,10.8,1.31,3.03,0.72,0.0,0.0
27.5,82.75,Shohratgarh,Uttar Pradesh,0.01,0.0,0.06,0.0,1.56,2.79,10.12,1.09,3.75,0.78,0.0,0.0
27.5,83.0,Kapilvastu,Lumbini Province,0.03,0.01,0.3,0.0,2.6,4.34,14.31,2.44,6.43,1.58,0.0,0.0
27.5,83.25,Rupandehi,Lumbini Province,0.01,0.0,0.33,0.01,3.04,5.43,15.67,2.47,6.87,2.4,0.0,0.0
27.5,83.5,Rupandehi,Lumbini Province,0.01,0.0,0.32,0.03,3.79,5.56,15.9,2.85,8.62,3.04,0.0,0.0
27.5,83.75,Nawalparasi W,Lumbini Province,0.0,0.02,0.12,0.15,4.58,6.28,16.36,3.18,12.51,3.51,0.0,0.0
27.5,84.0,Chitwan,Bagamati Province,0.0,0.02,0.11,0.16,4.65,6.51,16.65,3.23,12.94,3.39,0.0,0.0
27.5,84.25,Chitwan,Bagamati Province,0.0,0.06,0.07,0.24,4.44,8.3,17.58,2.65,14.38,1.66,0.0,0.0
27.5,84.5,Chitwan,Bagamati Province,0.0,0.1,0.07,0.24,4.5,8.85,17.45,2.75,13.22,0.44,0.0,0.0
27.5,88.0,Taplejung,Koshi Province,1.77,0.76,6.38,8.86,12.26,18.96,20.76,9.15,20.01,4.82,0.0,0.01
27.5,88.25,Gyalshing,Sikkim,2.82,1.19,8.23,9.07,14.23,21.62,16.49,11.13,22.35,4.09,0.0,0.0
27.5,88.5,Mangan,Sikkim,1.3,0.57,5.67,11.23,12.57,15.84,17.87,8.56,19.55,5.31,0.0,0.01
27.5,88.75,Mangan,Sikkim,1.35,0.57,5.81,11.01,13.19,16.33,18.41,9.1,19.44,5.01,0.0,0.01
27.5,91.75,Bongkhar Circle,Arunachal Pradesh,0.71,0.15,1.3,7.23,6.71,8.07,12.62,3.17,6.02,2.56,0.05,0.19
27.5,92.0,Jang ADC,Arunachal Pradesh,0.36,0.1,1.08,4.36,4.54,7.73,11.03,3.34,5.01,2.18,0.02,0.09
27.5,92.25,Dirang ADC,Arunachal Pradesh,0.2,0.07,0.91,3.72,3.56,6.9,9.41,3.26,4.65,1.87,0.01,0.04
27.5,92.5,Nafra EAC,Arunachal Pradesh,0.13,0.07,0.81,3.84,2.98,6.11,8.23,3.28,5.1,1.73,0.0,0.01
27.5,92.75,Lada Circle,Arunachal Pradesh,0.18,0.14,0.99,4.76,3.42,6.72,9.27,3.37,6.57,1.95,0.0,0.03
27.5,93.0,Bameng ADC,Arunachal Pradesh,0.59,0.55,2.07,8.45,5.72,10.67,15.83,4.18,12.93,3.36,0.02,0.09
27.5,93.25,Gyawe Purang Circle,Arunachal Pradesh,1.29,1.8,4.41,14.84,10.19,16.96,28.45,6.12,22.28,5.91,0.07,0.21
27.5,93.5,Mengio EAC,Arunachal Pradesh,0.91,3.54,5.09,13.47,11.04,15.99,29.22,9.11,16.71,5.66,0.13,0.19
27.5,93.75,Yachuli ADC,Arunachal Pradesh,0.83,3.25,3.98,11.01,10.03,20.64,31.89,9.63,17.09,7.39,0.07,0.08
27.5,94.0,Dollungmukh Circle,Arunachal Pradesh,0.72,2.98,3.33,9.88,9.42,22.84,31.55,9.86,17.09,7.84,0.06,0.05
27.5,94.25,Kadam,Assam,0.69,2.66,3.32,11.61,8.45,12.68,18.58,7.5,13.02,4.19,0.21,0.17
27.5,94.5,Dhemaji,Assam,1.09,3.04,3.42,12.51,7.86,7.62,14.06,5.33,10.47,2.69,0.2,0.19
27.5,94.75,Sissibargaon,Assam,0.88,2.91,3.59,15.03,7.97,6.76,13.42,5.95,10.18,2.59,0.29,0.16
27.5,95.0,Dibrugarh East,Assam,0.39,2.6,3.89,17.86,8.3,5.6,12.2,8.02,10.88,2.45,0.38,0.15
27.5,95.25,Tinsukia,Assam,0.4,2.75,5.53,18.31,10.44,9.71,15.65,7.01,10.71,4.96,0.67,0.15
27.5,95.5,Tinsukia,Assam,0.51,2.83,5.79,20.45,10.23,9.63,16.1,5.46,9.76,4.05,0.77,0.22
27.5,95.75,Margherita,Assam,0.33,1.63,5.12,26.84,9.67,8.73,18.09,7.32,12.4,3.4,0.74,0.39
27.5,96.0,Bordumsa ADC,Arunachal Pradesh,0.32,1.56,5.07,27.27,9.64,8.68,18.25,7.48,12.6,3.37,0.74,0.4
27.5,96.25,Miao ADC,Arunachal Pradesh,0.33,1.68,5.13,26.74,9.65,8.71,18.12,7.23,12.33,3.38,0.74,0.39
27.5,96.5,Miao ADC,Arunachal Pradesh,0.31,1.54,5.08,27.43,9.64,8.65,18.47,7.5,12.64,3.34,0.74,0.41
27.5,96.75,Miao ADC,Arunachal Pradesh,0.31,1.47,5.03,27.75,9.62,8.65,18.76,7.65,12.83,3.35,0.75,0.41
27.5,97.0,Putao District,Kachin State,0.31,1.47,5.03,27.75,9.62,8.39,18.12,7.66,12.83,3.35,0.75,0.41
27.75,70.0,Ghotki District,Unknown,0.0,0.0,0.47,0.0,0.42,0.42,1.2,0.55,0.0,0.0,0.0,0.0
27.75,70.25,Jaisalmer Tehsil,Rajasthan,0.0,0.01,0.45,0.0,0.41,0.45,1.19,0.7,0.0,0.0,0.0,0.0
27.75,70.5,Jaisalmer Tehsil,Rajasthan,0.0,0.01,0.43,0.0,0.41,0.51,1.17,0.92,0.0,0.0,0.0,0.0
27.75,70.75,Rahim Yar Khan District,Punjab,0.0,0.02,0.38,0.0,0.39,0.59,1.13,1.32,0.0,0.01,0.0,0.0
27.75,71.0,Rahim Yar Khan District,Punjab,0.0,0.04,0.3,0.0,0.36,0.72,1.07,1.89,0.0,0.02,0.0,0.0
27.75,71.25,Jaisalmer Tehsil,Rajasthan,0.0,0.06,0.17,0.0,0.28,0.87,0.94,2.89,0.05,0.19,0.0,0.0
27.75,71.5,Pokaran Tehsil,Rajasthan,0.0,0.03,0.09,0.0,0.02,0.6,0.93,3.58,0.25,0.84,0.0,0.0
27.75,71.75,Pokaran Tehsil,Rajasthan,0.0,0.03,0.09,0.0,0.01,0.56,0.91,3.59,0.25,0.84,0.0,0.0
27.75,72.0,Pokaran Tehsil,Rajasthan,0.0,0.02,0.09,0.0,0.01,0.59,0.9,3.34,0.32,1.05,0.0,0.0
27.75,72.25,Bajju Tehsil,Rajasthan,0.0,0.01,0.09,0.0,0.01,0.6,0.9,3.25,0.34,1.12,0.0,0.0
27.75,72.5,Kolayat Tehsil,Rajasthan,0.0,0.02,0.12,0.0,0.01,0.75,1.28,3.67,0.27,0.96,0.0,0.0
27.75,72.75,Kolayat Tehsil,Rajasthan,0.0,0.03,0.25,0.0,0.01,1.68,2.33,5.13,0.12,0.86,0.0,0.0
27.75,73.0,Kolayat Tehsil,Rajasthan,0.0,0.05,0.35,0.0,0.05,1.86,3.15,5.99,0.0,0.51,0.0,0.0
27.75,73.25,Nokha Tehsil,Rajasthan,0.0,0.06,0.4,0.0,0.11,1.21,3.59,5.95,0.0,0.26,0.0,0.0
27.75,73.5,Nokha Tehsil,Rajasthan,0.0,0.06,0.4,0.0,0.11,1.14,3.65,6.01,0.0,0.28,0.0,0.0
27.75,73.75,Nokha Tehsil,Rajasthan,0.03,0.04,0.32,0.0,0.09,1.16,3.56,6.38,0.1,0.63,0.0,0.0
27.75,74.0,Bidasar Tehsil,Rajasthan,0.0,0.01,0.32,0.0,0.03,1.58,3.63,6.75,0.28,1.17,0.0,0.0
27.75,74.25,Bidasar Tehsil,Rajasthan,0.0,0.0,0.34,0.0,0.08,1.84,3.99,6.91,0.5,1.45,0.0,0.0
27.75,74.5,Sujangarh Tehsil,Rajasthan,0.0,0.0,0.35,0.0,0.13,1.57,7.75,3.73,0.41,0.32,0.0,0.0
27.75,74.75,Lachhmangarh Tehsil,Rajasthan,0.0,0.02,0.28,0.0,0.45,1.49,5.98,3.43,0.37,0.52,0.0,0.0
27.75,75.0,Lachhmangarh Tehsil,Rajasthan,0.0,0.03,0.27,0.0,0.48,0.73,5.8,3.16,0.46,0.88,0.0,0.0
27.75,75.25,Sikar Tehsil,Rajasthan,0.0,0.03,0.33,0.0,0.45,0.83,7.14,4.14,0.86,0.37,0.0,0.0
27.75,75.5,Udaipurwati Tehsil,Rajasthan,0.0,0.05,0.52,0.0,0.76,1.32,8.69,7.1,1.39,0.81,0.0,0.0
27.75,75.75,Neem Ka Thana Tehsil,Rajasthan,0.0,0.0,0.7,0.0,1.03,1.55,8.06,8.48,0.81,1.06,0.0,0.0
27.75,76.0,Patan Tehsil,Rajasthan,0.0,0.1,0.37,0.0,1.09,2.32,6.6,3.4,0.67,0.46,0.0,0.0
27.75,76.25,Bansur Tehsil,Rajasthan,0.0,0.14,0.3,0.0,1.17,1.65,8.75,8.94,1.02,0.07,0.0,0.0
27.75,76.5,Bansur Tehsil,Rajasthan,0.0,0.02,2.18,0.0,1.68,0.88,10.43,9.29,1.63,0.09,0.0,0.0
27.75,76.75,Kishangarh Bas Tehsil,Rajasthan,0.0,0.0,0.29,0.0,0.68,2.2,5.26,7.01,0.86,0.06,0.0,0.0
27.75,77.0,Ferozepur Jhirka,Haryana,0.0,0.0,0.24,0.0,0.52,3.8,7.81,6.68,1.6,0.03,0.0,0.0
27.75,77.25,Kaman Tehsil,Rajasthan,0.0,0.0,0.05,0.0,0.18,0.44,6.32,4.1,1.29,0.0,0.0,0.0
27.75,77.5,Mathura,Uttar Pradesh,0.0,0.0,0.04,0.0,0.33,0.6,7.57,3.34,1.87,0.07,0.0,0.0
27.75,77.75,Mathura,Uttar Pradesh,0.0,0.0,0.06,0.0,0.44,1.06,10.19,2.05,3.47,0.27,0.0,0.0
27.75,78.0,Iglas,Uttar Pradesh,0.0,0.02,0.09,0.0,0.74,2.12,12.18,4.25,1.75,0.61,0.0,0.0
27.75,78.25,Koil,Uttar Pradesh,0.01,0.0,0.37,0.0,0.33,3.6,13.08,8.88,2.19,0.08,0.0,0.0
27.75,78.5,Kasganj,Uttar Pradesh,0.03,0.01,0.17,0.0,0.46,4.73,11.31,7.69,3.41,0.12,0.0,0.0
27.75,78.75,Sahawar,Uttar Pradesh,0.01,0.04,0.17,0.0,0.5,2.93,10.35,6.88,1.35,0.29,0.0,0.0
27.75,79.0,Patiyali,Uttar Pradesh,0.02,0.04,0.05,0.0,0.28,1.11,6.07,4.9,0.65,0.21,0.0,0.0
27.75,79.25,Dataganj,Uttar Pradesh,0.02,0.06,0.05,0.0,0.25,0.47,4.58,3.45,0.8,0.19,0.0,0.0
27.75,79.5,Jalalabad,Uttar Pradesh,0.0,0.06,0.06,0.0,0.68,0.15,6.47,2.53,0.78,0.04,0.0,0.0
27.75,79.75,Shahjahanpur,Uttar Pradesh,0.1,0.07,0.05,0.0,0.8,0.82,12.3,3.69,3.14,0.61,0.0,0.0
27.75,80.0,Shahjahanpur,Uttar Pradesh,0.04,0.11,0.03,0.0,1.83,3.11,13.85,4.31,4.3,0.89,0.0,0.0
27.75,80.25,Shahabad,Uttar Pradesh,0.01,0.16,0.0,0.0,2.47,1.87,10.88,7.21,6.35,0.61,0.0,0.0
27.75,80.5,Unknown,Uttar Pradesh,0.05,0.1,0.01,0.0,3.0,1.32,10.38,4.96,6.39,1.04,0.0,0.0
27.75,80.75,Sitapur,Uttar Pradesh,0.08,0.0,0.01,0.0,1.33,1.28,6.56,2.81,4.55,0.32,0.0,0.0
27.75,81.0,Laharpur,Uttar Pradesh,0.04,0.01,0.03,0.0,2.41,4.06,10.94,5.47,6.02,1.11,0.0,0.0
27.75,81.25,Dhaurahara,Uttar Pradesh,0.05,0.14,0.06,0.0,3.74,4.95,19.82,3.97,7.06,2.39,0.0,0.0
27.75,81.5,Nanpara,Uttar Pradesh,0.06,0.16,0.06,0.0,3.74,6.58,19.57,3.02,5.61,2.1,0.0,0.0
27.75,81.75,Bhinga,Uttar Pradesh,0.05,0.12,0.05,0.0,3.08,9.64,17.84,2.72,4.94,1.54,0.0,0.0
27.75,82.0,Bhinga,Uttar Pradesh,0.04,0.06,0.01,0.0,1.99,7.13,16.38,2.79,4.75,1.65,0.0,0.0
27.75,82.25,Balrampur,Uttar Pradesh,0.02,0.01,0.0,0.0,1.34,5.01,13.03,2.35,3.97,1.32,0.0,0.0
27.75,82.5,Dang,Lumbini Province,0.01,0.0,0.0,0.0,1.26,2.79,10.57,1.76,3.4,1.07,0.0,0.0
27.75,82.75,Kapilvastu,Lumbini Province,0.01,0.0,0.06,0.0,1.55,2.65,9.82,1.01,3.3,0.73,0.0,0.0
27.75,88.0,Taplejung,Koshi Province,1.71,0.74,6.25,9.87,13.1,17.8,17.47,9.42,20.5,4.89,0.0,0.01
27.75,88.25,Chungthang,Sikkim,1.84,0.79,6.53,10.09,11.79,16.34,16.55,8.14,20.41,5.55,0.0,0.01
27.75,88.5,Chungthang,Sikkim,1.54,0.67,6.0,10.55,12.01,16.12,17.02,8.26,20.07,5.47,0.0,0.01
27.75,88.75,Chungthang,Sikkim,1.39,0.61,5.77,10.92,12.72,16.43,17.76,8.83,19.8,5.16,0.0,0.01
27.75,91.5,Boomdeling Gewog,Trashiyangtse District,0.73,0.13,1.21,8.85,7.04,7.86,13.2,3.03,7.25,2.63,0.05,0.2
27.75,91.75,Zemithang Circle,Arunachal Pradesh,0.4,0.11,1.14,4.57,4.7,8.09,11.74,3.39,5.17,2.33,0.03,0.11
27.75,92.0,Thingbu Circle,Arunachal Pradesh,0.22,0.07,0.97,3.77,3.67,7.34,10.14,3.3,4.69,1.97,0.01,0.05
27.75,92.25,Thingbu Circle,Arunachal Pradesh,0.13,0.05,0.83,3.48,3.1,6.56,8.75,3.23,4.49,1.72,0.0,0.02
27.75,92.5,Nafra EAC,Arunachal Pradesh,0.13,0.1,0.94,3.84,3.08,7.02,9.46,3.32,5.39,1.87,0.0,0.02
27.75,92.75,Sawa Circle,Arunachal Pradesh,0.29,0.23,1.27,5.57,3.99,8.05,11.31,3.54,8.03,2.38,0.0,0.05
27.75,93.0,Sawa Circle,Arunachal Pradesh,0.51,1.67,3.08,10.26,7.55,9.0,16.67,5.66,10.75,2.79,0.08,0.17
27.75,93.25,Phassang,Arunachal Pradesh,0.94,4.05,6.14,17.12,13.12,11.58,27.52,9.02,15.05,4.0,0.2,0.36
27.75,93.5,Sangram SDO,Arunachal Pradesh,0.74,5.06,6.69,17.33,14.12,10.38,27.58,10.5,11.77,3.55,0.25,0.39
27.75,93.75,Palin Circle,Arunachal Pradesh,0.71,5.32,6.92,17.86,14.11,10.09,27.23,10.46,11.38,3.55,0.25,0.4
27.75,94.0,Kamporijo Circle,Arunachal Pradesh,0.69,4.17,5.24,14.24,10.73,16.59,25.65,8.59,13.75,5.44,0.15,0.26
27.75,94.25,Raga ADC,Arunachal Pradesh,0.8,3.13,3.7,12.0,5.47,17.23,13.56,2.6,14.92,5.34,0.07,0.21
27.75,94.5,Gensi EAC,Arunachal Pradesh,0.82,2.8,3.4,12.61,5.92,14.45,12.89,3.02,13.96,4.63,0.11,0.22
27.75,94.75,Likabali SDO,Arunachal Pradesh,0.75,2.87,3.49,15.02,8.57,8.03,17.81,6.26,13.62,3.4,0.2,0.2
27.75,95.0,Jonai,Assam,0.26,2.54,4.46,16.22,9.91,8.64,18.19,8.27,13.69,4.13,0.22,0.22
27.75,95.25,Jonai,Assam,0.17,2.62,5.63,15.85,10.76,8.59,15.56,9.1,10.22,4.3,0.23,0.21
27.75,95.5,Doom Dooma,Assam,0.5,3.25,6.76,22.04,11.79,9.76,20.68,4.89,9.99,3.93,0.58,0.34
27.75,95.75,Sadiya,Assam,0.44,2.36,5.64,26.84,11.05,9.41,22.66,6.88,13.11,4.37,0.68,0.34
27.75,96.0,Chongkham EAC,Arunachal Pradesh,0.39,1.96,5.35,27.5,10.44,9.07,21.2,7.25,13.15,3.98,0.71,0.37
27.75,96.25,Chongkham EAC,Arunachal Pradesh,0.39,1.87,5.26,27.87,10.28,9.02,21.19,7.18,13.21,3.92,0.73,0.37
27.75,96.5,Wakro Circle,Arunachal Pradesh,0.33,1.61,5.13,27.75,9.85,8.73,19.56,7.47,12.92,3.53,0.74,0.4
27.75,96.75,Hawai HQ,Arunachal Pradesh,0.31,1.48,5.04,27.74,9.63,8.63,18.78,7.65,12.82,3.36,0.75,0.41
27.75,97.0,Hawai HQ,Arunachal Pradesh,0.31,1.47,5.03,27.75,9.62,8.39,18.12,7.66,12.83,3.35,0.75,0.41
28.0,70.0,Rahim Yar Khan District,Punjab,0.0,0.0,0.51,0.0,0.45,0.43,1.27,0.46,0.0,0.0,0.0,0.0
28.0,70.25,Rahim Yar Khan District,Punjab,0.0,0.0,0.5,0.0,0.44,0.44,1.26,0.52,0.0,0.0,0.0,0.0
28.0,70.5,Jaisalmer Tehsil,Rajasthan,0.0,0.0,0.48,0.0,0.43,0.46,1.24,0.66,0.0,0.0,0.0,0.0
28.0,71.0,Rahim Yar Khan District,Punjab,0.0,0.02,0.39,0.0,0.4,0.61,1.16,1.38,0.0,0.02,0.0,0.0
28.0,71.25,Bahawalpur District,Punjab,0.0,0.01,0.19,0.0,0.17,0.66,0.91,2.45,0.23,0.76,0.0,0.0
28.0,71.5,Bahawalpur District,Punjab,0.0,0.02,0.09,0.0,0.0,0.6,0.83,3.28,0.35,1.09,0.0,0.0
28.0,71.75,Bahawalpur District,Punjab,0.0,0.04,0.2,0.0,0.01,0.58,0.83,3.2,0.43,1.03,0.0,0.0
28.0,72.0,Bajju Tehsil,Rajasthan,0.0,0.05,0.27,0.0,0.0,0.58,0.77,3.14,0.49,1.0,0.0,0.0
28.0,72.25,Bajju Tehsil,Rajasthan,0.0,0.06,0.3,0.0,0.01,0.61,0.85,3.2,0.49,0.93,0.0,0.0
28.0,72.5,Bajju Tehsil,Rajasthan,0.0,0.06,0.35,0.0,0.0,0.94,1.13,3.64,0.45,0.91,0.0,0.0
28.0,72.75,Kolayat Tehsil,Rajasthan,0.0,0.05,0.28,0.0,0.0,1.97,2.38,5.43,0.07,0.83,0.0,0.0
28.0,73.0,Kolayat Tehsil,Rajasthan,0.0,0.04,0.31,0.0,0.01,2.26,2.8,5.98,0.01,0.62,0.0,0.0
28.0,73.25,Bikaner Tehsil,Rajasthan,0.0,0.05,0.31,0.0,0.0,2.31,2.89,6.19,0.0,0.75,0.0,0.0
28.0,73.5,Bikaner Tehsil,Rajasthan,0.0,0.04,0.29,0.0,0.0,2.16,2.6,5.96,0.03,0.54,0.0,0.0
28.0,73.75,Sri Dungargarh Tehsil,Rajasthan,0.0,0.03,0.3,0.0,0.0,1.14,3.21,5.73,0.12,0.46,0.0,0.0
28.0,74.0,Sri Dungargarh Tehsil,Rajasthan,0.0,0.03,0.29,0.0,0.0,1.0,3.35,5.96,0.13,0.58,0.0,0.0
28.0,74.25,Ratangarh Tehsil,Rajasthan,0.0,0.0,0.17,0.0,0.15,1.03,5.26,5.01,0.28,0.66,0.0,0.0
28.0,74.5,Ratangarh Tehsil,Rajasthan,0.0,0.0,0.04,0.0,0.2,0.58,5.24,4.4,0.07,0.4,0.0,0.0
28.0,74.75,Ratangarh Tehsil,Rajasthan,0.0,0.04,0.31,0.0,0.82,2.04,4.13,4.47,0.12,0.58,0.0,0.0
28.0,75.0,Fatehpur Tehsil,Rajasthan,0.0,0.02,0.37,0.0,0.63,1.95,4.72,4.49,0.2,0.54,0.0,0.0
28.0,75.25,Nawalgarh Tehsil,Rajasthan,0.0,0.01,0.37,0.0,0.3,2.13,6.43,4.46,0.54,0.72,0.0,0.0
28.0,75.5,Gudhagorji Tehsil,Rajasthan,0.0,0.0,0.29,0.0,0.87,2.66,9.31,7.59,0.29,0.65,0.0,0.0
28.0,75.75,Khetri Tehsil,Rajasthan,0.0,0.0,0.1,0.0,1.24,2.67,8.87,8.04,0.26,0.38,0.0,0.0
28.0,76.0,Narnaul,Haryana,0.0,0.0,0.51,0.0,0.68,1.73,6.22,4.6,0.47,0.01,0.0,0.0
28.0,76.25,Unknown,Rajasthan,0.0,0.0,0.33,0.0,1.73,2.07,8.93,5.49,0.0,0.1,0.0,0.0
28.0,76.5,Mandawar Tehsil,Rajasthan,0.0,0.0,0.54,0.0,1.09,1.37,9.41,7.48,0.72,1.03,0.0,0.0
28.0,76.75,Kotkasim Tehsil,Rajasthan,0.0,0.0,0.36,0.0,0.56,1.55,7.23,3.67,0.66,0.1,0.0,0.0
28.0,77.0,Nuh,Haryana,0.0,0.0,0.3,0.0,1.05,1.69,7.1,5.36,1.4,0.01,0.0,0.0
28.0,77.25,Hathin,Haryana,0.0,0.0,0.22,0.0,0.73,0.85,6.04,5.32,1.57,0.0,0.0,0.0
28.0,77.5,Hassanpur,Haryana,0.0,0.0,0.11,0.0,0.7,1.26,7.12,3.91,1.33,0.04,0.0,0.0
28.0,77.75,Khair,Uttar Pradesh,0.0,0.01,0.12,0.0,1.02,2.03,8.34,4.04,1.48,0.12,0.0,0.0
28.0,78.0,Gabhana,Uttar Pradesh,0.0,0.02,0.2,0.0,0.77,2.59,10.72,6.79,1.34,0.22,0.0,0.0
28.0,78.25,Atrauli,Uttar Pradesh,0.0,0.01,0.31,0.0,0.39,2.75,13.12,8.24,1.51,0.35,0.0,0.0
28.0,78.5,Atrauli,Uttar Pradesh,0.01,0.13,0.29,0.0,1.04,5.16,13.33,4.29,1.31,0.71,0.0,0.0
28.0,78.75,Sahaswan,Uttar Pradesh,0.0,0.16,0.28,0.0,1.33,3.83,13.73,5.74,0.65,0.64,0.0,0.0
28.0,79.0,Budaun,Uttar Pradesh,0.0,0.16,0.23,0.0,1.02,2.51,13.74,6.77,0.26,0.52,0.0,0.0
28.0,79.25,Budaun,Uttar Pradesh,0.0,0.14,0.07,0.0,0.29,0.16,6.79,4.01,0.27,0.41,0.0,0.0
28.0,79.5,Tilhar,Uttar Pradesh,0.02,0.12,0.1,0.0,0.71,0.78,8.28,4.54,2.06,0.43,0.0,0.0
28.0,79.75,Tilhar,Uttar Pradesh,0.03,0.18,0.11,0.0,1.52,1.35,13.79,5.99,4.44,0.64,0.0,0.0
28.0,80.0,Powayan,Uttar Pradesh,0.0,0.12,0.01,0.0,2.59,1.65,14.2,5.32,3.66,0.77,0.0,0.0
28.0,80.25,Mohammdi,Uttar Pradesh,0.01,0.11,0.04,0.0,2.87,1.32,14.94,5.15,4.76,0.95,0.0,0.0
28.0,80.5,Lakhimpur,Uttar Pradesh,0.03,0.04,0.02,0.01,4.06,1.97,15.3,5.29,7.26,1.64,0.0,0.0
28.0,80.75,Lakhimpur,Uttar Pradesh,0.01,0.03,0.04,0.01,3.61,5.53,15.49,5.88,9.18,2.04,0.0,0.0
28.0,81.0,Dhaurahara,Uttar Pradesh,0.01,0.01,0.05,0.01,3.58,7.19,15.66,5.62,8.74,2.06,0.0,0.0
28.0,81.25,Nanpara,Uttar Pradesh,0.04,0.09,0.05,0.01,3.41,6.95,17.07,4.05,7.07,1.98,0.0,0.0
28.0,81.5,Nanpara,Uttar Pradesh,0.04,0.12,0.06,0.0,3.7,7.44,18.85,3.14,5.49,1.85,0.0,0.0
28.0,81.75,Banke,Lumbini Province,0.04,0.12,0.05,0.0,3.14,7.24,17.97,2.85,5.15,1.78,0.0,0.0
28.0,82.0,Banke,Lumbini Province,0.04,0.08,0.02,0.0,2.23,6.69,15.99,2.74,4.75,1.61,0.0,0.0
28.0,82.25,Dang,Lumbini Province,0.02,0.01,0.0,0.0,1.37,5.72,13.9,2.46,4.19,1.43,0.0,0.0
28.0,88.0,Dinggyê County,Tibet,1.74,0.75,6.34,10.06,12.83,17.41,17.33,9.13,20.42,5.04,0.0,0.01
28.0,88.25,Unknown,Tibet,1.7,0.74,6.3,10.37,12.55,16.94,17.21,8.83,20.29,5.19,0.0,0.01
28.0,88.5,Chungthang,Sikkim,1.63,0.71,6.21,10.67,12.45,16.66,17.24,8.69,20.15,5.25,0.0,0.01
28.0,88.75,Chungthang,Sikkim,1.56,0.68,6.14,11.04,12.38,16.41,17.3,8.58,20.02,5.3,0.0,0.01
28.0,91.5,Unknown,Tibet,0.37,0.12,1.19,4.76,4.25,9.01,13.01,3.3,5.02,2.46,0.02,0.1
28.0,91.75,Unknown,Tibet,0.18,0.08,0.98,3.39,3.27,7.77,10.64,3.33,4.53,2.01,0.01,0.04
28.0,92.0,Unknown,Tibet,0.11,0.06,0.85,3.28,2.92,6.84,9.11,3.25,4.4,1.76,0.0,0.02
28.0,92.25,Unknown,Tibet,0.05,0.04,0.74,3.31,2.7,6.05,7.87,3.19,4.37,1.56,0.0,0.01
28.0,92.5,Unknown,Tibet,0.09,0.12,0.85,3.79,2.95,6.13,8.34,3.3,4.87,1.66,0.0,0.01
28.0,92.75,Sarli Circle,Arunachal Pradesh,0.25,1.13,2.06,7.27,5.44,6.23,11.64,4.66,6.75,1.98,0.06,0.11
28.0,93.0,Sarli Circle,Arunachal Pradesh,0.59,3.53,5.08,14.29,11.16,8.36,21.27,8.13,10.26,2.7,0.18,0.32
28.0,93.25,Sarli Circle,Arunachal Pradesh,0.74,5.0,6.69,17.37,14.1,10.42,27.4,10.42,11.95,3.48,0.25,0.4
28.0,93.5,Parsi-Parlo,Arunachal Pradesh,0.71,5.4,7.05,18.17,14.44,9.33,26.92,10.55,10.88,3.25,0.26,0.43
28.0,93.75,Tali ADC,Arunachal Pradesh,0.69,5.54,7.21,18.55,14.75,8.58,26.35,10.57,10.27,2.92,0.28,0.46
28.0,94.0,Chetam Peer Yapu Circle,Arunachal Pradesh,0.66,4.77,6.02,15.86,10.94,14.32,23.18,7.79,13.15,4.7,0.16,0.32
28.0,94.25,Dumporijo ADC,Arunachal Pradesh,0.71,3.33,4.17,11.66,5.52,17.56,13.18,2.22,15.66,5.54,0.05,0.24
28.0,94.5,Maro Circle,Arunachal Pradesh,0.65,2.12,2.3,10.01,5.93,17.1,14.86,2.4,17.97,5.78,0.03,0.26
28.0,94.75,Basar ADC,Arunachal Pradesh,0.53,1.99,2.24,10.58,8.5,15.05,23.2,4.41,24.57,6.28,0.01,0.34
28.0,95.0,Koyu EAC,Arunachal Pradesh,0.47,2.26,2.37,15.64,10.37,16.23,34.72,5.71,27.68,6.78,0.04,0.34
28.0,95.25,Bilat Circle,Arunachal Pradesh,0.75,3.63,4.91,28.59,14.06,13.32,41.6,7.17,22.77,8.65,0.45,0.16
28.0,95.5,Namsing Circle,Arunachal Pradesh,0.97,4.32,5.89,35.32,15.79,12.71,46.95,6.93,22.19,9.79,0.67,0.1
28.0,95.75,Roing HQ,Arunachal Pradesh,0.76,3.58,5.95,31.85,13.89,11.22,36.68,6.83,17.96,7.51,0.68,0.2
28.0,96.0,Koronu Circle,Arunachal Pradesh,0.57,2.75,5.64,29.65,12.12,10.1,28.83,7.06,15.52,5.71,0.7,0.29
28.0,96.25,Tezu HQ,Arunachal Pradesh,0.48,2.28,5.42,29.12,11.19,9.53,25.21,7.2,14.54,4.83,0.72,0.34
28.0,96.5,Hayuliang Circle,Arunachal Pradesh,0.38,1.81,5.19,28.46,10.27,8.95,21.61,7.45,13.59,3.97,0.74,0.38
28.0,96.75,Manchal Circle,Arunachal Pradesh,0.31,1.49,5.04,27.8,9.65,8.52,19.0,7.64,12.88,3.39,0.75,0.41
28.0,97.0,Walong Circle,Arunachal Pradesh,0.31,1.47,5.03,27.75,9.62,8.39,18.12,7.66,12.83,3.35,0.75,0.41
28.0,97.25,Hawai HQ,Arunachal Pradesh,0.31,1.47,5.03,27.75,9.62,8.39,18.12,7.66,12.83,3.35,0.75,0.41
28.25,71.75,Bahawalpur District,Punjab,0.0,0.11,0.55,0.0,0.0,0.53,0.64,3.06,0.68,0.73,0.0,0.0
28.25,72.0,Bahawalpur District,Punjab,0.0,0.16,0.73,0.0,0.0,0.5,0.58,3.07,0.77,0.5,0.0,0.0
28.25,72.25,Bajju Tehsil,Rajasthan,0.0,0.17,0.78,0.0,0.0,0.53,0.6,3.15,0.77,0.44,0.0,0.0
28.25,72.5,Bajju Tehsil,Rajasthan,0.0,0.21,0.9,0.0,0.0,0.83,0.87,3.6,0.68,0.22,0.0,0.0
28.25,72.75,Kolayat Tehsil,Rajasthan,0.0,0.11,0.47,0.0,0.0,1.79,1.94,4.79,0.14,0.55,0.0,0.0
28.25,73.0,Poogal Tehsil,Rajasthan,0.0,0.05,0.32,0.0,0.0,2.2,2.37,5.55,0.02,0.55,0.0,0.0
28.25,73.25,Bikaner Tehsil,Rajasthan,0.0,0.02,0.29,0.0,0.0,2.27,2.2,5.61,0.06,0.32,0.0,0.0
28.25,73.5,Bikaner Tehsil,Rajasthan,0.0,0.0,0.32,0.0,0.0,2.21,2.01,5.18,0.21,0.07,0.0,0.0
28.25,73.75,Sri Dungargarh Tehsil,Rajasthan,0.0,0.02,0.34,0.0,0.0,1.51,3.01,5.33,0.22,0.34,0.0,0.0
28.25,74.0,Sri Dungargarh Tehsil,Rajasthan,0.0,0.04,0.31,0.0,0.01,1.14,3.45,4.93,0.26,0.36,0.0,0.0
28.25,74.25,Sardarshahar Tehsil,Rajasthan,0.0,0.09,0.18,0.0,0.07,0.55,4.45,3.46,0.4,0.26,0.0,0.0
28.25,74.5,Sardarshahar Tehsil,Rajasthan,0.0,0.06,0.16,0.0,0.34,0.54,5.02,4.03,0.38,0.43,0.0,0.0
28.25,74.75,Churu Tehsil,Rajasthan,0.0,0.07,0.67,0.0,1.65,1.06,6.5,6.06,1.24,1.24,0.0,0.0
28.25,75.0,Churu Tehsil,Rajasthan,0.0,0.06,0.59,0.0,1.34,1.5,6.29,5.66,1.05,1.17,0.0,0.0
28.25,75.25,Malesar Tehsil,Rajasthan,0.0,0.0,0.39,0.0,0.78,2.69,7.8,4.79,0.6,0.88,0.0,0.0
28.25,75.5,Chirawa Tehsil,Rajasthan,0.0,0.0,0.61,0.0,0.43,2.12,11.77,7.35,0.06,0.6,0.0,0.0
28.25,75.75,Surajgarh Tehsil,Rajasthan,0.0,0.0,0.35,0.0,0.77,1.66,7.97,6.83,0.1,0.27,0.0,0.0
28.25,76.0,Buhana Tehsil,Rajasthan,0.0,0.0,0.17,0.0,1.56,1.77,5.78,5.04,0.2,0.0,0.0,0.0
28.25,76.25,Mahendragarh,Haryana,0.0,0.0,0.33,0.0,2.13,1.02,5.1,4.3,0.34,0.7,0.0,0.0
28.25,76.5,Rewari,Haryana,0.0,0.0,0.58,0.0,1.58,1.15,6.17,6.1,0.93,0.69,0.0,0.0
28.25,76.75,Pataudi,Haryana,0.0,0.0,0.4,0.0,0.2,0.84,7.2,3.11,3.31,0.29,0.0,0.0
28.25,77.0,Taoru,Haryana,0.0,0.0,0.76,0.0,0.55,1.66,5.05,3.32,1.75,0.15,0.0,0.0
28.25,77.25,Palwal,Haryana,0.0,0.0,0.38,0.0,1.1,1.12,7.44,6.84,2.98,0.4,0.0,0.0
28.25,77.5,Palwal,Haryana,0.0,0.01,0.16,0.0,0.49,1.06,3.93,3.14,3.66,0.32,0.0,0.0
28.25,77.75,Khurja,Uttar Pradesh,0.0,0.0,0.2,0.0,0.41,1.0,4.45,2.67,1.62,0.06,0.0,0.0
28.25,78.0,Shikarpur,Uttar Pradesh,0.0,0.1,0.28,0.0,0.93,1.51,10.93,8.24,1.9,0.15,0.0,0.0
28.25,78.25,Debai,Uttar Pradesh,0.0,0.0,0.76,0.0,0.39,3.69,17.27,8.92,1.45,0.91,0.0,0.0
28.25,78.5,Gunnaur,Uttar Pradesh,0.0,0.1,0.47,0.0,1.3,3.82,12.77,6.26,1.26,0.74,0.0,0.0
28.25,78.75,Bisauli,Uttar Pradesh,0.0,0.09,0.38,0.0,2.76,3.98,6.27,7.73,1.0,0.49,0.0,0.0
28.25,79.0,Bisauli,Uttar Pradesh,0.0,0.09,0.23,0.0,1.63,3.99,18.41,7.2,1.23,0.38,0.0,0.0
28.25,79.25,Aonla,Uttar Pradesh,0.0,0.14,0.31,0.01,1.85,1.31,15.03,12.04,2.26,0.39,0.0,0.0
28.25,79.5,Faridpur,Uttar Pradesh,0.0,0.14,0.09,0.0,0.74,1.12,9.07,5.7,0.56,0.34,0.0,0.0
28.25,79.75,Bisalpur,Uttar Pradesh,0.0,0.14,0.06,0.0,0.93,1.2,11.64,4.37,1.53,0.52,0.0,0.0
28.25,80.0,Powayan,Uttar Pradesh,0.0,0.09,0.06,0.0,1.52,1.53,14.06,4.52,3.62,0.42,0.0,0.0
28.25,80.25,Powayan,Uttar Pradesh,0.0,0.09,0.04,0.01,1.82,3.58,17.36,7.27,6.47,0.65,0.0,0.0
28.25,80.5,Gola Gokaran Nath,Uttar Pradesh,0.0,0.09,0.01,0.05,2.68,3.5,17.51,6.64,9.25,0.88,0.0,0.0
28.25,80.75,Nighasan,Uttar Pradesh,0.0,0.09,0.01,0.06,2.35,4.93,17.62,5.22,8.55,1.12,0.0,0.0
28.25,81.0,Nighasan,Uttar Pradesh,0.01,0.04,0.04,0.02,3.2,6.8,16.68,3.37,6.09,1.65,0.0,0.0
28.25,81.25,Nanpara,Uttar Pradesh,0.02,0.07,0.04,0.02,3.47,6.38,16.32,4.43,7.6,1.65,0.0,0.0
28.25,81.5,Bardiya,Lumbini Province,0.03,0.11,0.05,0.01,3.77,7.91,17.52,3.45,6.12,1.8,0.0,0.0
28.25,88.5,Unknown,Tibet,1.85,0.8,6.65,10.7,12.15,16.6,16.83,8.45,20.34,5.38,0.0,0.01
28.25,88.75,Unknown,Tibet,1.82,0.78,6.62,11.04,11.91,16.25,16.74,8.2,20.25,5.5,0.0,0.01
28.25,92.5,Unknown,Tibet,0.04,0.23,0.87,4.07,3.02,5.17,7.17,3.44,4.63,1.39,0.01,0.02
28.25,92.75,Lhuntse County,Tibet,0.24,1.82,2.78,8.69,6.71,5.83,12.75,5.62,6.54,1.77,0.09,0.15
28.25,93.0,Damin Circle,Arunachal Pradesh,0.61,4.76,6.35,16.75,13.42,7.61,23.85,9.73,9.5,2.54,0.25,0.4
28.25,93.25,Damin Circle,Arunachal Pradesh,0.67,5.35,6.96,17.97,14.59,8.52,26.46,10.66,10.14,2.93,0.27,0.44
28.25,93.5,Pipsorang Circle,Arunachal Pradesh,0.72,5.37,7.04,17.89,14.1,9.65,26.09,10.17,10.84,3.27,0.26,0.43
28.25,93.75,Pipsorang Circle,Arunachal Pradesh,0.73,5.43,7.15,17.66,13.36,11.55,25.5,9.47,12.11,3.91,0.23,0.39
28.25,94.0,Taliha ADC,Arunachal Pradesh,0.95,5.25,7.83,15.25,11.2,12.66,20.56,6.88,14.45,4.43,0.17,0.35
28.25,94.25,Taliha ADC,Arunachal Pradesh,0.95,4.01,6.32,11.53,8.27,16.89,15.29,3.45,21.25,6.5,0.04,0.24
28.25,94.5,Darak Circle,Arunachal Pradesh,0.8,2.57,3.7,9.02,7.56,15.15,17.32,3.64,22.79,6.24,0.01,0.31
28.25,94.75,Kamba ADC,Arunachal Pradesh,0.61,1.75,2.09,6.12,7.57,11.84,12.63,4.11,23.0,5.93,0.0,0.35
28.25,95.0,Rebo Perging Circle,Arunachal Pradesh,0.56,2.27,2.33,14.85,10.12,15.37,31.61,5.17,27.41,7.0,0.07,0.33
28.25,95.25,Katan Circle,Arunachal Pradesh,1.05,4.35,5.22,36.41,16.07,13.84,52.07,7.22,26.08,10.98,0.62,0.07
28.25,95.5,Mebo ADC,Arunachal Pradesh,1.11,4.62,5.71,39.06,16.86,13.57,54.01,7.17,25.39,11.25,0.71,0.05
28.25,95.75,Roing HQ,Arunachal Pradesh,0.94,4.21,5.96,35.29,15.51,12.25,45.28,7.16,21.28,9.49,0.69,0.11
28.25,96.0,Hunli SDO,Arunachal Pradesh,0.87,3.83,5.86,34.7,14.68,11.77,41.83,7.04,20.15,8.6,0.72,0.16
28.25,96.25,Desali Circle,Arunachal Pradesh,0.76,3.33,5.67,33.68,13.59,11.1,37.37,7.12,18.78,7.53,0.74,0.21
28.25,96.5,Metengliang Circle,Arunachal Pradesh,0.52,2.33,5.31,30.8,11.48,9.72,27.81,7.42,15.76,5.35,0.75,0.32
28.25,96.75,Goiliang Circle,Arunachal Pradesh,0.33,1.54,5.05,28.07,9.79,8.56,19.73,7.64,13.13,3.54,0.75,0.4
28.25,97.0,Kibithu Circle,Arunachal Pradesh,0.31,1.47,5.03,27.75,9.62,8.39,18.12,7.66,12.83,3.35,0.75,0.41
28.25,97.25,Kibithu Circle,Arunachal Pradesh,0.0,0.0,0.0,0.0,0.0,0.0,0.0,0.0,0.0,0.0,0.0,0.0
28.5,72.0,Bahawalpur District,Punjab,0.0,0.22,1.0,0.0,0.0,0.44,0.5,3.07,0.94,0.17,0.0,0.0
28.5,72.25,Khajuwala Tehsil,Rajasthan,0.0,0.25,1.03,0.0,0.0,0.45,0.46,3.08,1.0,0.08,0.0,0.0
28.5,72.5,Khajuwala Tehsil,Rajasthan,0.0,0.25,1.06,0.0,0.0,0.46,0.5,3.13,1.0,0.05,0.0,0.0
28.5,72.75,Poogal Tehsil,Rajasthan,0.0,0.25,0.81,0.0,0.0,0.63,0.53,3.31,0.84,0.2,0.0,0.0
28.5,73.0,Poogal Tehsil,Rajasthan,0.0,0.2,0.45,0.0,0.0,1.03,0.58,3.68,0.29,0.43,0.0,0.0
28.5,73.25,Chhatargarh Tehsil,Rajasthan,0.0,0.07,0.37,0.0,0.0,1.75,1.38,4.65,0.14,0.22,0.0,0.0
28.5,73.5,Lunkaransar Tehsil,Rajasthan,0.0,0.01,0.42,0.0,0.0,2.29,2.48,4.21,0.42,0.04,0.0,0.0
28.5,73.75,Lunkaransar Tehsil,Rajasthan,0.0,0.0,0.46,0.0,0.0,2.32,2.82,3.93,0.51,0.02,0.0,0.0
28.5,74.0,Lunkaransar Tehsil,Rajasthan,0.0,0.06,0.34,0.0,0.01,1.36,3.4,3.74,0.49,0.15,0.0,0.0
28.5,74.25,Bhanipura Tehsil,Rajasthan,0.0,0.12,0.23,0.0,0.09,0.49,4.23,3.03,0.57,0.23,0.0,0.0
28.5,74.5,Sardarshahar Tehsil,Rajasthan,0.0,0.13,0.29,0.0,0.3,0.53,4.59,3.23,0.7,0.35,0.0,0.0
28.5,74.75,Sardarshahar Tehsil,Rajasthan,0.0,0.15,0.6,0.0,1.12,1.96,5.8,4.62,0.92,1.5,0.0,0.0
28.5,75.0,Churu Tehsil,Rajasthan,0.0,0.17,0.79,0.0,1.04,2.95,7.33,4.09,0.81,1.45,0.0,0.0
28.5,75.25,Taranagar Tehsil,Rajasthan,0.0,0.1,1.04,0.0,1.61,3.69,11.67,4.39,0.85,0.73,0.0,0.0
28.5,75.5,Rajgarh Tehsil,Rajasthan,0.0,0.02,0.45,0.0,1.61,2.27,10.13,6.04,0.55,0.49,0.0,0.0
28.5,75.75,Loharu,Haryana,0.0,0.0,0.37,0.0,0.56,1.35,6.69,6.54,0.15,0.16,0.0,0.0
28.5,76.0,Badhra,Haryana,0.0,0.0,0.23,0.0,1.2,1.27,5.41,6.1,0.13,0.22,0.0,0.0
28.5,76.25,Dadri,Haryana,0.0,0.0,0.32,0.0,1.27,1.47,6.16,6.05,0.24,0.55,0.0,0.0
28.5,76.5,Matenhail,Haryana,0.0,0.0,0.66,0.0,0.66,1.51,5.27,5.78,0.66,0.15,0.0,0.0
28.5,76.75,Jhajjar,Haryana,0.0,0.0,0.41,0.0,0.43,1.53,7.6,2.06,2.43,0.12,0.0,0.0
28.5,77.0,Gurgaon,Haryana,0.0,0.04,0.83,0.01,0.7,1.31,10.42,5.05,2.56,0.12,0.0,0.0
28.5,77.25,South East Delhi,Unknown,0.0,0.0,0.45,0.0,1.19,0.97,6.12,4.94,2.0,0.86,0.0,0.0
28.5,77.5,Gautam Buddha Nagar,Uttar Pradesh,0.0,0.03,0.3,0.0,1.16,1.85,5.19,4.85,2.23,0.51,0.0,0.0
28.5,77.75,Sikandrabad,Uttar Pradesh,0.0,0.02,0.54,0.0,0.68,2.21,4.35,4.01,2.37,0.24,0.0,0.0
28.5,78.0,Syana,Uttar Pradesh,0.0,0.11,0.32,0.0,0.98,1.0,10.36,8.05,2.74,0.1,0.0,0.0
28.5,78.25,Anupshahr,Uttar Pradesh,0.0,0.11,0.51,0.0,0.42,1.41,12.48,7.06,3.1,0.24,0.0,0.0
28.5,78.5,Sambhal,Uttar Pradesh,0.0,0.1,0.43,0.0,0.52,1.21,9.72,6.57,3.09,0.09,0.0,0.0
28.5,78.75,Unknown,Uttar Pradesh,0.0,0.06,0.44,0.0,1.16,2.4,6.16,5.12,1.42,0.1,0.0,0.0
28.5,79.0,Shahabad,Uttar Pradesh,0.01,0.11,0.49,0.0,1.72,2.52,11.4,7.03,1.7,0.19,0.0,0.0
28.5,79.25,Meerganj,Uttar Pradesh,0.0,0.19,0.33,0.01,3.22,2.13,17.98,15.0,3.2,0.49,0.0,0.0
28.5,79.5,Nawabganj,Uttar Pradesh,0.0,0.02,0.03,0.0,0.74,3.35,12.05,8.17,2.36,0.55,0.0,0.0
28.5,79.75,Nawabganj,Uttar Pradesh,0.0,0.04,0.05,0.0,0.89,2.8,13.12,5.35,2.39,0.43,0.0,0.0
28.5,80.0,Puranpur,Uttar Pradesh,0.0,0.0,0.05,0.0,1.01,3.15,13.16,3.97,3.12,0.42,0.0,0.0
28.5,80.25,Puranpur,Uttar Pradesh,0.0,0.05,0.03,0.02,1.43,5.66,21.73,10.82,6.64,0.5,0.0,0.0
28.5,80.5,Palia,Uttar Pradesh,0.0,0.06,0.01,0.04,2.26,5.73,22.7,11.51,6.97,0.48,0.0,0.0
28.5,80.75,Palia,Uttar Pradesh,0.01,0.07,0.02,0.04,2.75,5.42,18.59,6.14,7.42,1.05,0.0,0.0
28.5,81.0,Kailali,Sudurpashchim Province,0.01,0.06,0.03,0.03,2.97,6.01,16.69,4.17,7.22,1.49,0.0,0.0
28.5,81.25,Bardiya,Lumbini Province,0.01,0.06,0.03,0.03,3.29,6.18,16.51,4.33,7.52,1.57,0.0,0.0
28.5,93.0,Lhuntse County,Tibet,0.66,5.47,7.14,18.39,14.85,7.54,25.86,10.68,9.56,2.57,0.29,0.46
28.5,93.25,Taksing Circle,Arunachal Pradesh,0.72,5.68,7.52,18.7,15.28,8.22,26.6,10.77,10.51,2.87,0.29,0.46
28.5,93.5,Limeking Circle,Arunachal Pradesh,0.85,5.78,8.17,17.91,15.11,10.19,26.08,9.94,13.46,3.8,0.25,0.41
28.5,93.75,Nacho SDO,Arunachal Pradesh,1.03,5.77,8.86,16.47,14.87,12.74,24.88,8.6,17.97,5.11,0.19,0.34
28.5,94.0,Siyum ADC,Arunachal Pradesh,1.45,5.9,10.66,13.63,14.71,17.9,23.31,6.3,27.08,7.8,0.08,0.18
28.5,94.25,Mechuka ADC,Arunachal Pradesh,1.48,5.07,9.72,11.11,14.14,20.62,22.33,4.77,32.87,9.37,0.01,0.11
28.5,94.5,Tato EAC,Arunachal Pradesh,1.27,4.16,7.69,9.87,12.55,18.21,21.53,4.81,31.04,8.48,0.0,0.19
28.5,94.75,Boleng ADC,Arunachal Pradesh,0.9,3.06,4.75,10.98,10.23,15.86,22.63,4.64,28.05,7.22,0.0,0.29
28.5,95.0,Riga EAC,Arunachal Pradesh,0.82,3.11,3.66,21.26,12.12,14.91,36.74,5.59,27.51,8.57,0.25,0.23
28.5,95.25,Mariyang ADC,Arunachal Pradesh,0.89,3.63,4.27,28.62,13.95,13.97,43.64,6.49,26.05,9.58,0.44,0.16
28.5,95.5,Dambuk ADC,Arunachal Pradesh,0.97,4.18,5.23,34.56,15.59,13.84,49.52,6.92,25.0,10.18,0.59,0.11
28.5,95.75,Anelih,Arunachal Pradesh,1.0,4.34,5.6,35.87,15.93,13.36,49.53,6.93,23.99,10.25,0.65,0.1
28.5,96.0,Kronli (Arzoo circle),Arunachal Pradesh,1.05,4.42,5.92,38.31,16.21,12.76,50.0,7.12,23.23,10.39,0.74,0.08
28.5,96.25,Desali Circle,Arunachal Pradesh,1.04,4.29,5.82,38.8,15.94,12.66,49.77,7.2,23.34,10.28,0.76,0.09
28.5,96.5,Lohit District,Arunachal Pradesh,0.94,3.85,5.62,37.87,15.01,12.08,46.11,7.43,22.31,9.45,0.77,0.13
28.5,96.75,Chaglagam Circle,Arunachal Pradesh,0.43,1.91,5.13,29.64,10.61,9.12,23.93,7.62,14.6,4.48,0.75,0.36
28.5,97.0,Unknown,Tibet,0.0,0.0,0.0,0.0,0.0,0.0,0.0,0.0,0.0,0.0,0.0,0.0
28.75,72.25,Bahawalpur District,Punjab,0.0,0.26,1.07,0.0,0.0,0.43,0.46,3.06,1.03,0.03,0.0,0.0
28.75,72.5,Khajuwala Tehsil,Rajasthan,0.0,0.25,1.15,0.0,0.0,0.4,0.48,3.06,1.03,0.0,0.0,0.0
28.75,72.75,Khajuwala Tehsil,Rajasthan,0.0,0.27,0.88,0.0,0.0,0.54,0.41,3.07,0.9,0.14,0.0,0.0
28.75,73.0,Rawla Mandi Tehsil,Rajasthan,0.0,0.23,0.49,0.0,0.0,0.87,0.32,3.22,0.15,0.51,0.0,0.0
28.75,73.25,Chhatargarh Tehsil,Rajasthan,0.0,0.23,0.42,0.0,0.0,1.07,0.61,3.71,0.58,0.26,0.0,0.0
28.75,73.5,Lunkaransar Tehsil,Rajasthan,0.0,0.08,0.45,0.0,0.0,1.93,2.14,4.13,0.34,0.09,0.0,0.0
28.75,73.75,Lunkaransar Tehsil,Rajasthan,0.0,0.05,0.45,0.0,0.0,2.06,2.47,3.89,0.44,0.0,0.0,0.0
28.75,74.0,Lunkaransar Tehsil,Rajasthan,0.0,0.09,0.35,0.0,0.03,1.46,3.2,3.03,0.5,0.1,0.0,0.0
28.75,74.25,Bhanipura Tehsil,Rajasthan,0.0,0.11,0.42,0.0,0.04,0.89,3.45,2.36,0.72,0.17,0.0,0.0
28.75,74.5,Bhanipura Tehsil,Rajasthan,0.0,0.12,0.56,0.0,0.24,1.24,3.97,2.42,0.9,0.62,0.0,0.0
28.75,74.75,Taranagar Tehsil,Rajasthan,0.0,0.19,0.67,0.0,0.59,2.59,4.83,3.09,0.71,1.54,0.0,0.0
28.75,75.0,Taranagar Tehsil,Rajasthan,0.0,0.21,0.77,0.0,0.6,3.14,6.03,3.11,0.51,1.51,0.0,0.0
28.75,75.25,Rajgarh Tehsil,Rajasthan,0.0,0.12,1.06,0.0,1.12,3.55,9.98,3.62,0.69,0.74,0.0,0.0
28.75,75.5,Rajgarh Tehsil,Rajasthan,0.0,0.04,0.61,0.0,0.55,1.69,5.7,2.77,0.28,0.29,0.0,0.0
28.75,75.75,Tosham,Haryana,0.0,0.0,0.39,0.0,0.54,0.31,3.88,2.38,0.25,0.13,0.0,0.0
28.75,76.0,Bhiwani,Haryana,0.0,0.0,0.27,0.0,0.64,0.71,4.52,4.33,0.07,0.16,0.0,0.0
28.75,76.25,Bhiwani,Haryana,0.0,0.0,0.46,0.0,0.68,1.16,4.93,6.04,0.06,0.17,0.0,0.0
28.75,76.5,Kalanaur,Haryana,0.0,0.0,0.95,0.0,0.57,1.49,4.91,8.56,0.31,0.0,0.0,0.0
28.75,76.75,Bahadurgarh,Haryana,0.0,0.0,0.75,0.0,0.48,1.84,9.97,3.93,1.76,0.03,0.0,0.0
28.75,77.0,North West Delhi,Unknown,0.0,0.01,0.46,0.01,0.64,1.76,10.17,4.18,1.74,0.32,0.0,0.0
28.75,77.25,North East Delhi,Unknown,0.0,0.0,0.41,0.0,0.39,0.56,4.2,2.72,0.71,0.15,0.0,0.0
28.75,77.5,Modinagar,Uttar Pradesh,0.0,0.01,0.86,0.0,0.71,2.81,4.04,3.08,2.53,0.12,0.0,0.0
28.75,77.75,Meerut,Uttar Pradesh,0.0,0.0,0.88,0.0,0.71,3.1,6.19,3.46,2.99,0.09,0.0,0.0
28.75,78.0,Garhmukteshwar,Uttar Pradesh,0.0,0.01,0.88,0.0,0.91,1.14,9.53,7.5,3.65,0.01,0.0,0.0
28.75,78.25,Hasanpur,Uttar Pradesh,0.0,0.04,0.78,0.0,1.13,1.6,12.09,7.92,3.48,0.01,0.0,0.0
28.75,78.5,Sambhal,Uttar Pradesh,0.01,0.17,0.99,0.01,1.59,2.85,12.01,6.74,3.67,0.02,0.0,0.0
28.75,78.75,Bilari,Uttar Pradesh,0.06,0.16,1.18,0.0,2.97,4.13,14.76,10.42,4.23,0.0,0.0,0.0
28.75,79.0,Unknown,Uttar Pradesh,0.03,0.13,0.71,0.0,2.21,3.16,13.13,7.36,2.77,0.0,0.0,0.0
28.75,79.25,Milak,Uttar Pradesh,0.0,0.32,0.25,0.05,5.48,4.53,28.38,12.21,5.66,0.06,0.0,0.02
28.75,79.5,Baheri,Uttar Pradesh,0.0,0.14,0.13,0.07,2.48,4.2,19.01,9.93,4.24,0.31,0.0,0.04
28.75,79.75,Pilibhit,Uttar Pradesh,0.0,0.1,0.1,0.0,1.45,5.79,19.93,8.78,7.32,0.85,0.0,0.0
28.75,80.0,Khatīma,Uttarakhand,0.02,0.09,0.18,0.03,1.38,7.04,22.43,10.19,9.41,1.09,0.0,0.0
28.75,80.25,Puranpur,Uttar Pradesh,0.03,0.13,0.17,0.05,1.78,5.73,20.72,9.68,7.11,0.67,0.0,0.0
28.75,80.5,Kanchanpur District,Sudurpashchim Province,0.0,0.05,0.02,0.03,1.95,5.68,21.96,10.54,8.32,0.68,0.0,0.0
28.75,80.75,Kailali,Sudurpashchim Province,0.0,0.06,0.02,0.04,2.6,5.33,19.65,7.75,7.41,0.87,0.0,0.0
28.75,93.25,Nang County,Tibet,0.0,0.0,0.0,0.0,0.0,0.0,0.0,0.0,0.0,0.0,0.0,0.0
28.75,93.5,Nang County,Tibet,1.16,6.03,9.69,16.34,16.33,13.67,26.38,8.9,20.99,5.86,0.19,0.3
28.75,93.75,Unknown,Tibet,1.69,6.35,12.21,13.12,17.3,20.21,25.88,6.57,33.24,9.41,0.06,0.1
28.75,94.0,Mechuka ADC,Arunachal Pradesh,1.85,6.38,12.84,12.06,17.5,22.04,25.57,5.87,36.75,10.42,0.02,0.05
28.75,94.25,Monigong EAC,Arunachal Pradesh,1.92,6.43,13.18,11.65,18.15,23.22,26.13,5.68,39.38,11.17,0.0,0.01
28.75,94.5,Payum Circle,Arunachal Pradesh,1.92,6.41,13.16,11.67,18.09,23.07,26.24,5.69,39.34,11.13,0.0,0.02
28.75,94.75,Migging Circle,Arunachal Pradesh,1.59,5.34,10.4,11.93,15.95,20.69,26.09,5.49,36.05,10.09,0.02,0.1
28.75,95.0,Yingkiong Circle,Arunachal Pradesh,1.21,4.17,7.14,14.52,13.7,17.81,28.66,5.38,31.87,9.09,0.09,0.17
28.75,95.25,Singa Circle,Arunachal Pradesh,0.97,3.71,4.59,26.43,13.77,14.94,42.16,6.06,27.87,9.64,0.38,0.17
28.75,95.5,Etalin Circle,Arunachal Pradesh,1.01,4.06,4.79,33.26,15.19,14.09,48.91,6.51,26.43,10.39,0.56,0.12
28.75,95.75,Etalin Circle,Arunachal Pradesh,1.1,4.55,5.52,38.49,16.62,13.87,54.18,7.09,25.98,11.22,0.68,0.06
28.75,96.0,Anini Circle,Arunachal Pradesh,1.18,4.81,5.81,41.15,17.33,13.69,56.76,7.23,26.16,11.83,0.76,0.03
28.75,96.25,Etalin Circle,Arunachal Pradesh,1.22,4.91,5.86,42.48,17.54,13.71,58.37,7.36,26.62,12.2,0.78,0.01
28.75,96.5,Etalin Circle,Arunachal Pradesh,0.0,0.0,0.0,0.0,0.0,0.0,0.0,0.0,0.0,0.0,0.0,0.0
29.0,72.25,Bahawalpur District,Punjab,0.0,0.28,1.0,0.0,0.0,0.45,0.44,3.03,1.11,0.04,0.0,0.0
29.0,72.5,Bahawalnagar District,Punjab,0.0,0.29,0.95,0.0,0.0,0.46,0.42,3.01,1.12,0.06,0.0,0.0
29.0,72.75,Bahawalnagar District,Punjab,0.0,0.35,0.64,0.0,0.0,0.51,0.37,3.01,1.42,0.09,0.0,0.0
29.0,73.0,Gharsana Tehsil,Rajasthan,0.0,0.39,0.45,0.0,0.0,0.43,0.38,3.11,1.98,0.0,0.0,0.0
29.0,73.25,Anupgarh Tehsil,Rajasthan,0.0,0.42,0.48,0.02,0.04,0.34,0.62,2.64,1.28,0.0,0.0,0.0
29.0,73.5,Chhatargarh Tehsil,Rajasthan,0.0,0.38,0.52,0.03,0.03,0.2,1.43,2.39,0.49,0.0,0.0,0.0
29.0,73.75,Lunkaransar Tehsil,Rajasthan,0.0,0.21,0.45,0.02,0.0,0.97,2.2,2.23,0.39,0.0,0.0,0.0
29.0,74.0,Suratgarh Tehsil,Rajasthan,0.0,0.16,0.32,0.02,0.05,1.43,2.2,2.11,0.22,0.12,0.0,0.0
29.0,74.25,Pallu Tehsil,Rajasthan,0.0,0.11,0.48,0.0,0.06,1.42,2.45,2.03,0.48,0.18,0.0,0.0
29.0,74.5,Nohar Tehsil,Rajasthan,0.0,0.06,0.74,0.0,0.04,1.0,2.2,1.52,0.95,0.16,0.0,0.0
29.0,74.75,Nohar Tehsil,Rajasthan,0.0,0.08,0.95,0.0,0.11,1.51,3.19,1.77,0.9,0.6,0.0,0.0
29.0,75.0,Bhadra Tehsil,Rajasthan,0.0,0.08,1.21,0.0,0.05,1.35,3.88,2.45,0.16,0.21,0.0,0.0
29.0,75.25,Bhadra Tehsil,Rajasthan,0.0,0.04,0.84,0.0,0.19,1.14,3.67,2.06,0.1,0.1,0.0,0.0
29.0,75.5,Bhadra Tehsil,Rajasthan,0.0,0.02,0.48,0.0,0.48,1.06,4.17,2.17,0.08,0.2,0.0,0.0
29.0,75.75,Hisar,Haryana,0.0,0.01,0.46,0.0,0.78,0.94,4.37,1.42,0.13,0.15,0.0,0.0
29.0,76.0,Bawani Khera,Haryana,0.0,0.01,0.36,0.0,0.35,0.64,3.31,2.4,0.02,0.0,0.0,0.0
29.0,76.25,Maham,Haryana,0.0,0.01,0.57,0.0,0.34,0.54,3.57,2.63,0.07,0.0,0.0,0.0
29.0,76.5,Lakhan Majra,Haryana,0.0,0.0,0.46,0.0,0.2,0.73,2.57,2.16,0.24,0.04,0.0,0.0
29.0,76.75,Gohana,Haryana,0.0,0.03,1.62,0.0,0.66,1.45,6.1,3.55,0.42,0.01,0.0,0.0
29.0,77.0,Sonipat,Haryana,0.0,0.04,1.04,0.0,0.8,0.9,5.64,4.17,1.06,0.0,0.0,0.0
29.0,77.25,Baghpat,Uttar Pradesh,0.02,0.07,0.83,0.08,0.84,1.24,6.76,3.98,1.11,0.0,0.0,0.0
29.0,77.5,Meerut,Uttar Pradesh,0.0,0.07,0.67,0.0,1.46,2.47,9.43,3.49,1.92,0.0,0.0,0.0
29.0,77.75,Meerut,Uttar Pradesh,0.0,0.01,0.47,0.0,1.23,2.27,13.33,3.25,1.57,0.01,0.0,0.0
29.0,78.0,Mawana,Uttar Pradesh,0.0,0.03,0.55,0.0,1.3,1.74,14.3,5.66,2.33,0.07,0.0,0.0
29.0,78.25,Dhanaura,Uttar Pradesh,0.0,0.04,0.68,0.0,1.63,1.8,14.35,7.2,3.0,0.0,0.0,0.0
29.0,78.5,Amroha,Uttar Pradesh,0.01,0.17,1.02,0.01,2.11,3.63,13.97,6.37,3.84,0.0,0.0,0.0
29.0,78.75,Thakurdwara,Uttar Pradesh,0.01,0.1,0.37,0.0,1.42,2.58,11.08,3.6,1.49,0.0,0.0,0.0
29.0,79.0,Tanda,Uttar Pradesh,0.01,0.05,0.27,0.08,1.74,2.67,12.8,5.14,1.74,0.01,0.0,0.04
29.0,79.25,Gadarpur,Uttarakhand,0.01,0.04,0.24,0.46,3.3,5.3,16.91,9.77,6.6,0.09,0.0,0.24
29.0,79.5,Kichha,Uttarakhand,0.01,0.16,0.37,0.32,3.91,6.93,24.55,15.04,9.22,0.41,0.0,0.15
29.0,79.75,Sitarganj,Uttarakhand,0.07,0.36,0.47,0.24,3.67,5.46,19.36,9.29,6.8,0.67,0.0,0.04
29.0,80.0,Khatīma,Uttarakhand,0.09,0.38,0.53,0.19,3.05,5.79,19.85,9.0,7.35,0.85,0.0,0.01
29.0,94.0,Unknown,Tibet,1.95,6.54,13.44,11.75,18.41,23.31,26.33,5.76,39.63,11.23,0.0,0.01
29.0,94.25,Unknown,Tibet,1.96,6.57,13.53,11.72,18.55,23.51,26.49,5.76,40.01,11.37,0.0,0.0
29.0,94.5,Tuting ADC,Arunachal Pradesh,1.96,6.56,13.52,11.72,18.54,23.43,26.52,5.76,39.99,11.36,0.0,0.0
29.0,94.75,Tuting ADC,Arunachal Pradesh,1.82,6.1,12.36,11.76,17.59,22.34,26.29,5.66,38.54,10.89,0.01,0.04
29.0,95.0,Tuting ADC,Arunachal Pradesh,1.58,5.36,10.28,13.44,16.13,20.45,27.92,5.6,35.84,10.24,0.05,0.09
29.0,95.25,Etalin Circle,Arunachal Pradesh,1.28,4.64,7.22,23.96,15.41,17.07,39.34,6.11,31.1,10.39,0.31,0.1
29.0,95.5,Etalin Circle,Arunachal Pradesh,1.12,4.38,5.37,34.23,15.73,14.68,50.59,6.72,27.83,11.02,0.57,0.08
29.0,95.75,Mipi Circle,Arunachal Pradesh,1.18,4.76,5.59,40.73,17.11,13.99,57.25,7.21,27.03,11.96,0.73,0.03
29.0,96.0,Anini Circle,Arunachal Pradesh,1.24,4.96,5.85,42.78,17.66,13.83,59.17,7.39,26.98,12.38,0.78,0.0
29.0,96.25,Etalin Circle,Arunachal Pradesh,1.24,4.97,5.86,42.89,17.23,13.82,59.27,7.4,26.98,12.4,0.79,0.0
29.0,96.5,Unknown,Tibet,0.0,0.0,0.0,0.0,0.0,0.0,0.0,0.0,0.0,0.0,0.0,0.0
29.25,72.75,Bahawalnagar District,Punjab,0.0,0.39,0.5,0.02,0.04,0.37,0.28,2.51,1.42,0.0,0.0,0.0
29.25,73.0,Bahawalnagar District,Punjab,0.0,0.49,0.49,0.01,0.02,0.42,0.31,2.32,1.6,0.0,0.0,0.0
29.25,73.25,Anupgarh Tehsil,Rajasthan,0.0,0.18,0.35,0.07,0.16,0.13,0.42,2.42,0.33,0.0,0.0,0.0
29.25,73.5,Vijayanagar Tehsil,Rajasthan,0.0,0.41,0.58,0.03,0.01,0.16,1.96,2.68,0.3,0.0,0.0,0.0
29.25,73.75,Suratgarh Tehsil,Rajasthan,0.0,0.14,0.37,0.05,0.0,0.61,1.42,1.48,0.36,0.0,0.0,0.0
29.25,74.0,Suratgarh Tehsil,Rajasthan,0.0,0.12,0.31,0.01,0.04,1.69,2.49,2.09,0.29,0.1,0.0,0.0
29.25,74.25,Rawatsar Tehsil,Rajasthan,0.0,0.18,0.29,0.0,0.12,1.81,2.65,2.98,0.03,0.28,0.0,0.0
29.25,74.5,Rawatsar Tehsil,Rajasthan,0.0,0.06,0.74,0.0,0.04,1.09,2.18,1.51,0.96,0.15,0.0,0.0
29.25,74.75,Nohar Tehsil,Rajasthan,0.0,0.05,0.96,0.0,0.0,0.9,2.25,1.33,1.04,0.39,0.0,0.0
29.25,75.0,Nohar Tehsil,Rajasthan,0.0,0.1,1.14,0.0,0.01,1.0,3.21,2.37,0.0,0.25,0.0,0.0
29.25,75.25,Bhadra Tehsil,Rajasthan,0.0,0.01,0.82,0.0,0.11,0.63,2.12,1.34,0.05,0.01,0.0,0.0
29.25,75.5,Adampur,Haryana,0.0,0.1,0.78,0.0,1.02,2.23,5.24,2.07,0.02,0.3,0.0,0.0
29.25,75.75,Hisar,Haryana,0.0,0.07,0.61,0.0,1.25,1.8,5.24,1.55,0.02,0.22,0.0,0.0
29.25,76.0,Hansi,Haryana,0.0,0.1,0.67,0.0,1.64,1.08,4.31,1.56,0.03,0.02,0.0,0.0
29.25,76.25,Jind,Haryana,0.0,0.1,0.5,0.0,0.78,0.97,4.0,1.44,0.04,0.0,0.0,0.0
29.25,76.5,Phillukhera,Haryana,0.0,0.01,0.5,0.0,0.41,1.08,2.84,2.2,0.07,0.03,0.0,0.0
29.25,76.75,Gohana,Haryana,0.0,0.05,1.63,0.0,0.41,0.68,2.52,2.56,0.05,0.02,0.0,0.0
29.25,77.0,Samalkha,Haryana,0.0,0.04,0.78,0.0,0.77,1.2,3.17,1.95,0.19,0.0,0.0,0.0
29.25,77.25,Baraut,Uttar Pradesh,0.07,0.23,0.73,0.36,1.32,2.4,8.08,4.73,0.37,0.0,0.0,0.0
29.25,77.5,Budhana,Uttar Pradesh,0.02,0.12,0.75,0.14,1.17,1.53,7.72,3.62,1.63,0.0,0.0,0.0
29.25,77.75,Khatauli,Uttar Pradesh,0.0,0.07,0.52,0.01,1.34,1.99,15.82,4.03,1.59,0.22,0.0,0.0
29.25,78.0,Mawana,Uttar Pradesh,0.0,0.17,0.46,0.0,1.3,1.99,18.95,4.42,1.09,0.59,0.0,0.0
29.25,78.25,Bijnor,Uttar Pradesh,0.0,0.12,0.52,0.0,1.17,2.64,16.64,3.78,2.86,0.08,0.0,0.0
29.25,78.5,Dhampur,Uttar Pradesh,0.0,0.07,0.42,0.01,0.99,3.15,13.76,4.21,2.99,0.01,0.0,0.0
29.25,78.75,Thakurdwara,Uttar Pradesh,0.0,0.08,0.07,0.03,1.09,1.78,5.44,3.11,1.03,0.0,0.0,0.0
29.25,79.0,Kashipur,Uttarakhand,0.01,0.19,0.59,0.04,2.08,2.86,8.03,4.22,0.95,0.01,0.0,0.02
29.25,79.25,Kaladhungi,Uttarakhand,0.02,0.33,1.34,0.24,4.85,11.39,33.91,22.64,12.12,0.87,0.0,0.02
29.25,79.5,Nainital,Uttarakhand,0.04,0.52,1.57,0.41,4.14,7.96,27.39,16.41,9.06,0.64,0.0,0.02
29.25,79.75,Dhari,Uttarakhand,0.12,0.57,0.79,0.24,4.13,2.3,13.88,6.76,1.54,0.08,0.0,0.01
29.25,80.0,Purnagiri,Uttarakhand,0.13,0.58,0.69,0.24,4.3,2.83,13.46,7.28,1.91,0.12,0.0,0.03
29.25,80.25,Champawat,Uttarakhand,0.14,0.61,0.75,0.33,5.21,4.55,15.67,8.67,4.57,0.41,0.0,0.07
29.25,94.0,Unknown,Tibet,1.98,6.62,13.67,11.76,18.72,23.63,26.64,5.79,40.24,11.46,0.0,0.0
29.25,94.25,Unknown,Tibet,1.97,6.59,13.6,11.73,18.64,23.56,26.55,5.78,40.13,11.43,0.0,0.0
29.25,94.5,Unknown,Tibet,1.96,6.55,13.49,11.69,18.53,23.38,26.46,5.77,39.97,11.37,0.0,0.0
29.25,94.75,Mêdog County,Tibet,1.92,6.43,13.19,11.67,18.28,23.05,26.36,5.73,39.6,11.24,0.0,0.01
29.25,95.0,Mêdog County,Tibet,1.85,6.21,12.57,12.18,17.86,22.43,26.82,5.71,38.78,11.03,0.02,0.03
29.25,95.25,Mêdog County,Tibet,1.71,5.84,11.16,16.2,17.4,20.87,31.14,5.89,36.66,10.96,0.12,0.04
29.25,95.5,Mêdog County,Tibet,1.35,5.11,7.35,33.23,17.07,16.13,49.27,6.82,30.1,11.7,0.54,0.03
29.25,95.75,Mipi Circle,Arunachal Pradesh,1.24,4.95,5.85,42.69,17.55,13.85,59.11,7.38,27.01,12.37,0.78,0.0
29.25,96.0,Mipi Circle,Arunachal Pradesh,1.24,4.97,5.86,42.89,17.23,13.82,59.27,7.4,26.98,12.4,0.79,0.0
29.25,96.25,Unknown,Tibet,0.0,0.0,0.0,0.0,0.0,0.0,0.0,0.0,0.0,0.0,0.0,0.0
29.25,96.5,Unknown,Tibet,0.0,0.0,0.0,0.0,0.0,0.0,0.0,0.0,0.0,0.0,0.0,0.0
29.5,73.0,Bahawalnagar District,Punjab,0.0,0.39,0.48,0.05,0.04,0.23,0.56,1.99,0.74,0.01,0.0,0.0
29.5,73.25,Raisinghnagar Tehsil,Rajasthan,0.0,0.25,0.43,0.09,0.02,0.03,0.61,1.66,0.11,0.02,0.0,0.0
29.5,73.5,Raisinghnagar Tehsil,Rajasthan,0.0,0.28,0.39,0.09,0.0,0.03,0.55,1.15,0.35,0.01,0.0,0.0
29.5,73.75,Padampur Tehsil,Rajasthan,0.0,0.09,0.32,0.04,0.0,1.24,1.95,1.49,0.44,0.0,0.0,0.0
29.5,74.0,Pilibanga Tehsil,Rajasthan,0.0,0.03,0.3,0.0,0.0,2.22,3.07,1.86,0.46,0.01,0.0,0.0
29.5,74.25,Hanumangarh Tehsil,Rajasthan,0.0,0.37,0.38,0.0,0.02,1.11,2.01,1.55,0.03,0.09,0.0,0.0
29.5,74.5,Tibi Tehsil,Rajasthan,0.0,0.12,0.17,0.0,0.17,0.4,1.2,2.68,0.0,0.03,0.0,0.0
29.5,74.75,Ellenabad,Haryana,0.0,0.2,0.51,0.0,0.01,0.57,1.47,2.13,0.01,1.33,0.0,0.0
29.5,75.0,Sirsa,Haryana,0.0,0.17,1.06,0.0,0.03,0.42,1.63,2.03,0.0,0.28,0.0,0.0
29.5,75.25,Nathusari Chopta,Haryana,0.0,0.0,0.96,0.0,0.16,0.34,2.42,1.9,0.0,0.0,0.0,0.0
29.5,75.5,Fatehabad,Haryana,0.0,0.0,0.85,0.0,0.18,0.34,2.54,2.14,0.02,0.0,0.0,0.0
29.5,75.75,Bhuna,Haryana,0.0,0.01,0.94,0.0,1.44,1.04,3.77,3.56,0.2,0.02,0.0,0.0
29.5,76.0,Narwana,Haryana,0.0,0.01,0.83,0.0,2.13,0.79,3.63,2.4,0.1,0.05,0.0,0.0
29.5,76.25,Uchana,Haryana,0.0,0.16,0.72,0.0,1.58,1.14,4.56,3.2,0.07,0.02,0.0,0.0
29.5,76.5,Alewa,Haryana,0.0,0.06,0.7,0.0,1.63,1.9,4.9,4.11,0.02,0.02,0.0,0.0
29.5,76.75,Assandh,Haryana,0.0,0.04,1.96,0.0,0.88,1.06,4.99,7.34,0.34,0.08,0.0,0.0
29.5,77.0,Gharaunda,Haryana,0.0,0.01,0.63,0.0,0.7,0.58,2.88,3.23,0.23,0.02,0.0,0.0
29.5,77.25,Shamli,Uttar Pradesh,0.03,0.11,0.51,0.19,1.21,1.57,6.27,3.68,0.78,0.0,0.0,0.0
29.5,77.5,Muzaffarnagar,Uttar Pradesh,0.0,0.1,1.19,0.12,1.9,1.33,11.26,6.15,3.89,0.0,0.0,0.0
29.5,77.75,Muzaffarnagar,Uttar Pradesh,0.0,0.17,0.76,0.09,1.5,2.14,14.59,5.32,2.16,0.29,0.0,0.0
29.5,78.0,Bijnor,Uttar Pradesh,0.0,0.25,0.43,0.0,1.8,3.11,19.48,4.79,1.0,0.48,0.0,0.0
29.5,78.25,Najibabad,Uttar Pradesh,0.0,0.29,0.7,0.0,2.57,4.39,19.17,4.59,1.13,0.05,0.0,0.0
29.5,78.5,Nagina,Uttar Pradesh,0.0,0.22,0.43,0.0,1.64,3.73,16.0,3.98,2.63,0.03,0.0,0.01
29.5,78.75,Kotdwara,Uttarakhand,0.0,0.06,0.18,0.01,1.05,3.05,8.96,4.43,1.84,0.01,0.0,0.02
29.5,79.0,Ramnagar,Uttarakhand,0.06,0.42,1.71,0.16,3.46,4.06,9.85,5.1,1.74,0.02,0.0,0.03
29.5,79.25,Nainital,Uttarakhand,0.07,0.5,2.08,0.2,4.48,7.44,20.76,10.78,4.22,0.11,0.0,0.0
29.5,79.5,Ranikhet,Uttarakhand,0.07,0.7,1.91,0.45,2.98,2.83,16.26,6.61,3.33,0.19,0.0,0.01
29.5,79.75,Lamgara Tehsil,Uttarakhand,0.14,0.63,0.92,0.33,4.67,3.21,11.57,6.97,2.04,0.09,0.0,0.06
29.5,80.0,Bhanoli,Uttarakhand,0.17,0.72,0.87,0.47,6.79,4.57,13.63,8.86,3.79,0.22,0.0,0.16
29.5,80.25,Pithoragarh Tehsil,Uttarakhand,0.2,0.73,0.88,0.4,5.96,6.89,20.26,11.45,5.5,1.04,0.0,0.28
29.5,94.5,Bayi District,Tibet,1.98,6.63,13.68,11.76,18.73,23.55,26.65,5.79,40.26,11.48,0.0,0.0
29.5,95.5,Mêdog County,Tibet,1.87,6.38,12.51,16.49,18.65,21.86,31.62,6.04,38.27,11.52,0.12,0.0
29.5,95.75,Mêdog County,Tibet,1.24,4.97,5.86,42.89,17.23,13.82,59.27,7.4,26.98,12.4,0.79,0.0
29.5,96.0,Mêdog County,Tibet,1.24,4.97,5.86,42.89,17.23,13.82,59.27,7.4,26.98,12.4,0.79,0.0
29.5,96.25,Bomê County,Tibet,0.0,0.0,0.0,0.0,0.0,0.0,0.0,0.0,0.0,0.0,0.0,0.0
29.75,73.0,Bahawalnagar District,Punjab,0.0,0.22,0.39,0.06,0.02,0.02,0.33,2.05,0.21,0.01,0.0,0.0
29.75,73.25,Bahawalnagar District,Punjab,0.0,0.21,0.4,0.03,0.0,0.0,0.3,2.52,0.14,0.0,0.0,0.0
29.75,73.5,Karanpur Tehsil,Rajasthan,0.0,0.32,0.36,0.08,0.0,0.01,0.39,1.1,0.55,0.0,0.0,0.0
29.75,73.75,Padampur Tehsil,Rajasthan,0.0,0.27,0.53,0.03,0.01,0.45,2.38,2.95,0.36,0.0,0.0,0.0
29.75,74.0,Sadulshahar Tehsil,Rajasthan,0.0,0.28,0.49,0.0,0.0,0.63,1.47,3.0,0.08,0.02,0.0,0.0
29.75,74.25,Hanumangarh Tehsil,Rajasthan,0.0,0.35,0.65,0.0,0.0,0.88,2.45,4.29,0.38,0.02,0.0,0.0
29.75,74.5,Dabwali,Haryana,0.0,0.26,0.71,0.0,0.02,0.81,2.05,4.61,0.25,0.0,0.0,0.0
29.75,74.75,Dabwali,Haryana,0.0,0.2,1.1,0.0,0.03,0.55,1.68,3.08,0.0,0.16,0.0,0.0
29.75,75.0,Goriwala,Haryana,0.0,0.17,1.12,0.0,0.13,0.68,2.19,1.92,0.0,0.12,0.0,0.0
29.75,75.25,Sardulgarh Tehsil,Punjab,0.0,0.07,0.86,0.0,0.28,0.55,3.06,2.21,0.0,0.0,0.0,0.0
29.75,75.5,Ratia,Haryana,0.0,0.0,0.82,0.0,0.25,0.28,3.13,2.84,0.0,0.0,0.0,0.0
29.75,75.75,Jakhal,Haryana,0.0,0.0,1.06,0.0,0.33,0.19,2.85,2.86,0.07,0.0,0.0,0.0
29.75,76.0,Moonak Tahsil,Punjab,0.0,0.1,0.71,0.0,0.9,0.92,2.99,3.71,0.48,0.0,0.0,0.0
29.75,76.25,Kalayat,Haryana,0.0,0.06,0.74,0.0,0.56,0.69,2.75,3.18,1.4,0.0,0.0,0.0
29.75,76.5,Kaithal,Haryana,0.0,0.04,0.67,0.0,1.2,0.61,3.12,3.25,1.06,0.02,0.0,0.0
29.75,76.75,Nissang,Haryana,0.0,0.01,0.92,0.02,1.48,0.64,5.13,5.73,2.05,0.0,0.0,0.0
29.75,77.0,Karnal,Haryana,0.0,0.04,0.88,0.05,1.32,0.43,6.28,5.57,0.87,0.09,0.0,0.0
29.75,77.25,Nakur,Uttar Pradesh,0.0,0.16,0.55,0.15,1.74,1.37,8.31,5.82,0.45,0.16,0.0,0.0
29.75,77.5,Rampur Maniharan,Uttar Pradesh,0.0,0.16,0.34,0.36,1.23,1.42,9.02,7.22,0.72,0.01,0.0,0.0
29.75,77.75,Deoband,Uttar Pradesh,0.02,0.32,0.84,0.07,1.57,3.95,15.03,6.06,1.72,0.05,0.0,0.0
29.75,78.0,Laksar,Uttarakhand,0.06,0.46,0.4,0.01,2.21,4.35,16.88,7.36,2.55,0.09,0.0,0.04
29.75,78.25,Hardwar,Uttarakhand,0.02,0.45,0.37,0.02,2.19,5.11,17.14,5.62,3.84,0.0,0.0,0.03
29.75,78.5,Kotdwara,Uttarakhand,0.0,0.61,0.57,0.12,1.84,4.34,14.09,6.36,3.61,0.0,0.0,0.06
29.75,78.75,Lansdowne,Uttarakhand,0.04,0.85,1.28,0.31,1.28,3.34,12.22,6.01,2.99,0.0,0.0,0.05
29.75,79.0,Dhoomakot,Uttarakhand,0.12,0.51,2.11,0.23,3.16,4.79,13.54,7.28,2.57,0.0,0.0,0.0
29.75,79.25,Bhikiasain,Uttarakhand,0.1,0.54,2.33,0.28,2.35,4.92,11.98,7.4,1.41,0.0,0.0,0.0
29.75,79.5,Dwarahat,Uttarakhand,0.03,0.34,1.87,0.14,4.94,4.37,12.14,6.08,2.14,0.0,0.0,0.01
29.75,79.75,Bageshwar,Uttarakhand,0.05,0.4,1.64,0.2,5.86,5.18,13.18,6.31,1.48,0.04,0.0,0.05
29.75,80.0,Gangolihat,Uttarakhand,0.26,0.83,1.09,0.46,6.69,7.69,19.0,11.04,3.71,0.5,0.0,0.64
29.75,80.25,Didihat,Uttarakhand,0.34,0.95,1.12,0.48,6.28,9.17,27.17,14.59,8.43,2.31,0.0,0.2
30.0,73.25,Bahawalnagar District,Punjab,0.0,0.22,0.42,0.03,0.0,0.04,0.56,2.57,0.15,0.01,0.0,0.0
30.0,73.5,Bahawalnagar District,Punjab,0.0,0.23,0.48,0.02,0.0,0.17,1.35,2.98,0.2,0.0,0.0,0.0
30.0,73.75,Ganganagar Tehsil,Rajasthan,0.0,0.25,0.59,0.0,0.02,0.47,3.03,3.82,0.22,0.0,0.0,0.0
30.0,74.0,Abohar Tahsil,Punjab,0.0,0.21,0.44,0.0,0.02,0.24,0.84,3.38,0.06,0.0,0.0,0.0
30.0,74.25,Abohar Tahsil,Punjab,0.0,0.24,0.54,0.0,0.02,0.54,1.39,4.13,0.24,0.0,0.0,0.0
30.0,74.5,Malout Tahsil,Punjab,0.0,0.26,0.91,0.0,0.04,0.56,1.98,5.05,0.12,0.0,0.0,0.0
30.0,74.75,Bathinda Tahsil,Punjab,0.0,0.23,1.19,0.0,0.21,0.7,2.22,4.29,0.01,0.0,0.0,0.0
30.0,75.0,Talwandi Sabo Tahsil,Punjab,0.0,0.19,1.22,0.0,0.22,0.93,2.58,2.71,0.01,0.0,0.0,0.0
30.0,75.25,Maur Tahsil,Punjab,0.0,0.15,0.89,0.0,0.4,1.02,3.89,1.72,0.0,0.0,0.0,0.0
30.0,75.5,Mansa Tehsil,Punjab,0.0,0.09,0.91,0.0,0.62,1.2,3.88,2.7,0.02,0.0,0.0,0.0
30.0,75.75,Sunam Tahsil,Punjab,0.0,0.09,1.11,0.0,1.12,2.21,3.9,3.06,0.06,0.0,0.0,0.0
30.0,76.0,Dirba Tahsil,Punjab,0.01,0.08,1.51,0.0,0.98,1.69,2.82,4.54,0.27,0.0,0.0,0.0
30.0,76.25,Guhla,Haryana,0.0,0.03,1.4,0.0,0.85,1.01,2.44,5.47,1.02,0.0,0.0,0.0
30.0,76.5,Pehowa,Haryana,0.0,0.02,0.51,0.01,1.0,0.41,2.52,2.09,1.54,0.0,0.0,0.0
30.0,76.75,Thanesar,Haryana,0.0,0.0,0.49,0.1,0.98,0.41,0.96,2.29,0.6,0.0,0.0,0.0
30.0,77.0,Ladwa,Haryana,0.0,0.0,0.93,0.37,1.78,1.32,7.57,2.76,1.61,0.22,0.0,0.01
30.0,77.25,Radaur,Haryana,0.0,0.1,0.58,0.03,1.48,1.95,6.78,4.86,0.34,0.11,0.0,0.01
30.0,77.5,Saharanpur,Uttar Pradesh,0.0,0.22,0.79,0.04,1.95,2.77,10.09,7.16,0.55,0.02,0.0,0.0
30.0,77.75,Saharanpur,Uttar Pradesh,0.03,0.45,0.85,0.05,1.79,4.02,18.49,8.38,2.52,0.14,0.0,0.02
30.0,78.0,Hardwar,Uttarakhand,0.13,0.59,0.36,0.04,2.61,4.36,20.06,9.57,3.83,0.15,0.0,0.1
30.0,78.25,Yamkeshwar,Uttarakhand,0.06,1.16,0.8,0.52,2.95,5.12,18.78,10.79,3.41,0.03,0.0,0.13
30.0,78.5,Yamkeshwar,Uttarakhand,0.0,1.25,0.76,0.45,1.35,2.69,12.65,7.55,2.7,0.0,0.0,0.07
30.0,78.75,Pauri,Uttarakhand,0.05,0.97,0.62,0.3,1.61,2.48,14.67,9.44,1.71,0.0,0.0,0.07
30.0,79.0,Thailisain,Uttarakhand,0.19,0.65,1.35,0.31,2.91,6.27,14.74,9.16,3.03,0.07,0.0,0.04
30.0,79.25,Gairsain,Uttarakhand,0.2,0.5,2.3,0.39,4.02,6.07,14.43,8.47,2.98,0.05,0.0,0.02
30.0,79.5,Garud,Uttarakhand,0.06,0.37,1.98,0.19,4.52,7.87,19.84,7.43,1.85,0.04,0.0,0.0
30.0,79.75,Kapkot,Uttarakhand,0.28,0.75,1.69,0.3,5.66,10.67,26.97,9.23,1.72,0.2,0.0,0.01
30.0,80.0,Kapkot,Uttarakhand,0.69,1.47,1.52,0.59,5.91,9.03,20.07,10.7,4.98,1.94,0.0,0.31
30.0,80.25,Munsiari tehsil,Uttarakhand,0.61,1.35,1.46,0.57,5.99,9.39,25.62,14.04,8.04,2.51,0.0,0.2
30.0,80.5,Dharchula Tehsil,Uttarakhand,0.53,1.23,1.35,0.56,6.08,9.37,26.42,14.42,8.3,2.46,0.0,0.2
30.25,73.5,Pakpattan District,Punjab,0.01,0.2,0.48,0.01,0.0,0.17,1.18,2.53,0.18,0.0,0.0,0.0
30.25,73.75,Bahawalnagar District,Punjab,0.02,0.16,0.48,0.0,0.01,0.2,1.06,2.2,0.13,0.0,0.0,0.0
30.25,74.0,Fazilka Tahsil,Punjab,0.02,0.11,0.34,0.0,0.04,0.12,0.44,1.8,0.07,0.0,0.0,0.0
30.25,74.25,Abohar Tahsil,Punjab,0.02,0.11,0.44,0.0,0.03,0.08,0.69,2.33,0.02,0.0,0.0,0.0
30.25,74.5,Malout Tahsil,Punjab,0.07,0.25,1.93,0.0,0.54,0.46,3.41,5.51,0.0,0.0,0.0,0.0
30.25,74.75,Bathinda Tahsil,Punjab,0.01,0.33,1.31,0.0,0.85,0.82,3.8,8.55,0.05,0.0,0.0,0.0
30.25,75.0,Bathinda Tahsil,Punjab,0.0,0.29,1.33,0.0,0.66,0.94,3.96,6.21,0.03,0.0,0.0,0.0
30.25,75.25,Rampura Phul Tahsil,Punjab,0.03,0.31,1.27,0.0,0.86,0.94,4.14,3.12,0.02,0.0,0.0,0.01
30.25,75.5,Tapa Tahsil,Punjab,0.04,0.38,1.35,0.0,1.1,1.13,4.18,3.72,0.02,0.0,0.0,0.01
30.25,75.75,Sangrur Tahsil,Punjab,0.0,0.22,1.67,0.01,1.96,3.84,5.44,3.64,0.08,0.0,0.0,0.0
30.25,76.0,Bhawanigarh Tahsil,Punjab,0.01,0.21,1.76,0.0,1.4,2.42,4.08,2.92,0.26,0.0,0.0,0.05
30.25,76.25,Patiala Tahsil,Punjab,0.06,0.19,1.53,0.06,1.81,1.44,4.07,4.5,0.67,0.0,0.0,0.0
30.25,76.5,Patiala Tahsil,Punjab,0.02,0.19,1.44,0.1,2.15,1.46,3.76,4.48,2.13,0.0,0.0,0.08
30.25,76.75,Ambala,Haryana,0.02,0.23,1.04,0.12,1.51,1.15,2.42,3.65,2.05,0.0,0.0,0.1
30.25,77.0,Barara,Haryana,0.0,0.01,0.89,0.1,1.01,1.58,6.64,5.06,1.16,0.0,0.0,0.7
30.25,77.25,Saraswati Nagar,Haryana,0.0,0.06,1.03,0.37,2.51,7.23,18.9,8.59,1.16,0.29,0.0,0.19
30.25,77.5,Chhachhrauli,Haryana,0.0,0.41,0.86,0.23,1.85,6.92,16.82,7.54,1.79,0.61,0.0,0.03
30.25,77.75,Behat,Uttar Pradesh,0.03,1.1,1.12,0.36,1.39,5.74,19.49,12.25,6.5,0.95,0.0,0.04
30.25,78.0,Dehradun,Uttarakhand,0.04,1.17,1.0,0.34,1.82,5.21,19.14,9.7,6.54,0.32,0.0,0.07
30.25,78.25,Unknown,Uttarakhand,0.06,1.33,1.23,1.07,4.34,5.97,19.92,13.14,2.83,0.01,0.0,0.17
30.25,78.5,Narendra Nagar,Uttarakhand,0.0,1.17,0.69,0.36,1.1,2.54,13.62,7.26,1.82,0.0,0.0,0.06
30.25,78.75,Devprayag,Uttarakhand,0.14,0.91,0.71,0.22,3.07,3.04,17.35,13.25,2.26,0.0,0.0,0.18
30.25,79.0,Rudraprayag,Uttarakhand,0.3,0.58,1.97,0.33,3.93,8.52,16.19,11.48,4.65,0.28,0.0,0.1
30.25,79.25,Karnaprayag,Uttarakhand,0.29,0.7,2.28,0.54,4.13,8.73,16.06,12.19,5.78,0.22,0.0,0.07
30.25,79.5,Chamoli Tehsil,Uttarakhand,0.32,0.9,2.28,0.54,3.7,8.6,19.1,10.53,4.04,0.08,0.0,0.06
30.25,79.75,Tharali,Uttarakhand,0.48,1.17,1.8,0.53,5.37,8.49,19.82,9.0,3.34,1.0,0.0,0.11
30.25,80.0,Kapkot,Uttarakhand,0.65,1.43,1.53,0.65,5.88,9.12,20.47,10.8,5.11,2.02,0.0,0.26
30.25,80.25,Munsiari tehsil,Uttarakhand,0.62,1.38,1.51,0.59,5.95,9.23,22.25,12.09,6.14,2.17,0.0,0.27
30.25,80.5,Dharchula Tehsil,Uttarakhand,0.61,1.36,1.45,0.6,6.05,9.19,24.3,13.26,7.28,2.29,0.0,0.25
30.25,80.75,Dharchula Tehsil,Uttarakhand,0.64,1.41,1.45,0.65,6.05,9.34,25.27,13.79,7.78,2.41,0.0,0.23
30.25,81.0,Dharchula Tehsil,Uttarakhand,0.68,1.47,1.48,0.69,5.99,9.64,26.95,14.62,8.53,2.62,0.0,0.18
30.5,73.75,Okara District,Punjab,0.02,0.14,0.55,0.0,0.01,0.14,0.69,1.78,0.12,0.0,0.0,0.0
30.5,74.0,Fazilka Tahsil,Punjab,0.03,0.14,0.65,0.0,0.01,0.11,0.82,1.58,0.12,0.0,0.0,0.0
30.5,74.25,Jalalabad Tahsil,Punjab,0.06,0.16,1.13,0.0,0.13,0.33,2.22,2.61,0.03,0.0,0.0,0.0
30.5,74.5,Muktsar Tahsil,Punjab,0.12,0.24,2.88,0.0,0.58,0.6,4.63,4.34,0.01,0.0,0.0,0.0
30.5,74.75,Kotkapura Tahsil,Punjab,0.08,0.3,2.41,0.0,0.52,1.4,4.27,5.9,0.01,0.0,0.0,0.0
30.5,75.0,Bagha Purana Tahsil,Punjab,0.09,0.19,1.56,0.0,0.54,1.51,5.25,7.64,0.02,0.03,0.0,0.0
30.5,75.25,Rampura Phul Tahsil,Punjab,0.06,0.29,0.93,0.0,0.83,1.23,4.37,4.09,0.08,0.01,0.0,0.03
30.5,75.5,Barnala Tahsil,Punjab,0.02,0.26,1.17,0.0,0.62,0.51,2.86,3.73,0.1,0.0,0.0,0.09
30.5,75.75,Dhuri Tahsil,Punjab,0.03,0.07,0.75,0.0,0.23,0.86,4.53,2.06,0.0,0.06,0.0,0.0
30.5,76.0,Malerkotla Tahsil,Punjab,0.01,0.27,1.93,0.0,1.29,1.89,3.83,3.23,0.3,0.06,0.01,0.09
30.5,76.25,Nabha Tahsil,Punjab,0.02,0.1,1.49,0.04,1.59,2.36,3.72,4.57,0.54,0.01,0.0,0.3
30.5,76.5,Rajpura Tahsil,Punjab,0.0,0.07,1.41,0.04,2.02,0.68,3.85,5.11,0.81,0.0,0.0,0.17
30.5,76.75,Rajpura Tahsil,Punjab,0.0,0.03,0.64,0.06,1.05,1.68,2.58,4.65,1.18,0.05,0.0,0.3
30.5,77.0,Raipur Rani,Haryana,0.0,0.14,0.89,0.18,1.56,3.96,9.63,7.24,1.44,0.34,0.0,0.45
30.5,77.25,Nahan,Himachal Pradesh,0.0,0.93,1.13,0.08,1.35,6.64,15.73,11.1,2.66,0.54,0.0,0.11
30.5,77.5,Paonta Sahib,Himachal Pradesh,0.01,0.76,0.97,0.24,1.66,7.88,18.86,8.76,2.68,0.52,0.0,0.02
30.5,77.75,Paonta Sahib,Himachal Pradesh,0.11,1.68,1.47,0.68,1.01,7.05,19.93,13.02,3.31,0.39,0.0,0.13
30.5,78.0,Dhanaulti,Uttarakhand,0.08,1.82,1.3,0.55,1.24,6.2,24.75,12.34,3.86,0.35,0.0,0.07
30.5,78.25,Dhanaulti,Uttarakhand,0.15,2.31,1.35,0.75,1.88,2.87,15.07,8.37,0.88,0.23,0.0,0.23
30.5,78.5,Pratapnagar,Uttarakhand,0.13,2.11,1.27,0.56,1.66,2.34,15.02,10.15,0.52,0.03,0.0,0.19
30.5,78.75,Ghansali,Uttarakhand,0.13,1.34,1.17,0.35,2.62,10.3,24.23,19.45,5.24,0.82,0.0,0.09
30.5,79.0,Jakholi,Uttarakhand,0.24,0.72,1.8,0.43,4.04,11.85,22.95,20.96,7.49,1.06,0.0,0.05
30.5,79.25,Chamoli Tehsil,Uttarakhand,0.31,0.91,2.43,0.67,3.85,7.55,14.89,11.95,5.85,0.16,0.0,0.07
30.5,79.5,Joshimath Tehsil,Uttarakhand,0.46,1.47,2.23,0.6,2.06,5.0,11.81,8.73,3.92,0.15,0.0,0.12
30.5,79.75,Joshimath Tehsil,Uttarakhand,0.49,1.35,2.09,0.64,3.58,7.01,15.93,9.55,4.33,0.68,0.0,0.13
30.5,80.0,Joshimath Tehsil,Uttarakhand,0.6,1.41,1.76,0.7,5.02,7.96,18.6,9.78,4.21,1.36,0.0,0.24
30.5,80.25,Munsiari tehsil,Uttarakhand,0.64,1.46,1.59,0.66,5.4,9.35,22.89,12.01,5.97,2.07,0.0,0.27
30.5,80.5,Unknown,Tibet,0.67,1.46,1.51,0.65,5.85,9.37,23.55,12.73,6.73,2.27,0.0,0.26
30.5,80.75,Purang County,Tibet,0.7,1.5,1.51,0.69,5.94,9.39,24.67,13.51,7.62,2.49,0.0,0.22
30.75,74.0,Okara District,Punjab,0.03,0.14,0.8,0.0,0.01,0.12,1.44,2.05,0.14,0.0,0.0,0.0
30.75,74.25,Kasur District,Punjab,0.06,0.18,1.27,0.0,0.06,0.87,2.91,4.04,0.13,0.0,0.0,0.0
30.75,74.5,Faridkot Tahsil,Punjab,0.08,0.28,2.06,0.0,0.24,1.01,2.88,4.62,0.18,0.01,0.0,0.0
30.75,74.75,Faridkot Tahsil,Punjab,0.05,0.27,1.74,0.0,0.18,2.09,2.79,5.44,0.19,0.04,0.0,0.0
30.75,75.0,Bagha Purana Tahsil,Punjab,0.15,0.09,1.26,0.0,0.49,2.16,6.14,7.08,0.06,0.07,0.0,0.0
30.75,75.25,Moga Tahsil,Punjab,0.11,0.19,0.9,0.0,0.6,0.82,3.84,3.5,0.18,0.01,0.0,0.0
30.75,75.5,Jagraon Tahsil,Punjab,0.12,0.11,0.52,0.0,0.37,0.69,3.16,2.63,0.28,0.02,0.02,0.03
30.75,75.75,Ludhiana (East) Tahsil,Punjab,0.31,0.25,0.93,0.07,0.75,2.55,5.72,3.05,0.57,0.11,0.1,0.01
30.75,76.0,Payal Tahsil,Punjab,0.49,0.24,0.71,0.0,1.02,2.71,5.82,3.6,0.16,0.17,0.06,0.07
30.75,76.25,Khanna Tahsil,Punjab,0.27,0.04,1.38,0.15,1.32,2.53,6.1,5.06,1.12,0.15,0.03,0.44
30.75,76.5,Morinda Tahsil,Punjab,0.0,0.06,1.42,0.03,1.25,3.43,4.27,4.81,2.2,0.01,0.0,0.56
30.75,76.75,Chandigarh,Chandigarh,0.0,0.05,1.61,0.63,1.82,4.23,3.75,3.76,2.11,0.01,0.0,0.82
30.75,77.0,Kalka,Haryana,0.04,0.97,2.52,1.02,1.79,3.71,9.62,11.33,5.4,0.32,0.0,0.29
30.75,77.25,Pachhad,Himachal Pradesh,0.13,1.67,2.1,0.54,1.35,3.24,6.63,8.44,1.33,0.03,0.0,0.13
30.75,77.5,Renuka,Himachal Pradesh,0.11,1.5,1.82,0.48,1.32,3.05,8.11,7.37,1.24,0.04,0.0,0.06
30.75,77.75,Tyuni,Uttarakhand,0.29,1.99,1.82,0.72,0.82,3.63,10.38,9.49,0.9,0.22,0.0,0.12
30.75,78.0,Chakrata,Uttarakhand,0.28,2.11,1.7,0.78,0.94,5.3,13.54,11.65,1.64,0.56,0.0,0.17
30.75,78.25,Dunda,Uttarakhand,0.28,2.48,1.48,0.98,1.65,7.79,17.98,15.03,3.46,1.44,0.0,0.3
30.75,78.5,Bhatwari,Uttarakhand,0.21,2.46,1.72,0.48,1.61,3.25,11.7,10.11,1.17,0.31,0.0,0.24
30.75,78.75,Bhatwari,Uttarakhand,0.17,2.3,2.09,0.58,2.44,4.87,17.03,12.82,2.41,0.22,0.0,0.23
30.75,79.0,Ghansali,Uttarakhand,0.25,1.73,2.32,0.61,2.94,8.23,18.5,16.71,5.67,0.61,0.0,0.13
30.75,79.25,Bhatwari,Uttarakhand,0.39,1.27,2.29,0.6,2.73,6.87,14.34,11.99,5.26,0.34,0.0,0.1
30.75,79.5,Joshimath Tehsil,Uttarakhand,0.43,1.38,2.22,0.6,2.28,6.03,13.25,10.53,4.64,0.26,0.0,0.11
30.75,79.75,Joshimath Tehsil,Uttarakhand,0.47,1.33,2.16,0.64,3.24,6.16,13.35,10.4,4.92,0.43,0.0,0.11
30.75,80.0,Joshimath Tehsil,Uttarakhand,0.57,1.43,1.91,0.68,4.24,7.5,16.55,9.79,4.55,1.16,0.0,0.17
30.75,80.25,Unknown,Tibet,0.66,1.51,1.7,0.71,5.04,7.82,18.56,10.7,5.47,1.83,0.0,0.25
31.0,74.25,Kasur District,Punjab,0.08,0.19,1.47,0.0,0.13,0.7,2.4,3.61,0.27,0.03,0.0,0.0
31.0,74.5,Kasur District,Punjab,0.1,0.21,1.62,0.0,0.16,0.44,2.48,3.38,0.33,0.02,0.0,0.0
31.0,74.75,Firozpur Tahsil,Punjab,0.16,0.16,1.29,0.0,0.19,0.76,3.46,4.33,0.73,0.17,0.0,0.0
31.0,75.0,Zira Tahsil,Punjab,0.17,0.15,1.38,0.01,0.48,1.66,7.15,5.67,0.86,0.16,0.0,0.0
31.0,75.25,Dharamkot Tahsil,Punjab,0.07,0.41,2.53,0.12,1.41,1.35,14.46,11.43,1.48,0.0,0.0,0.0
31.0,75.5,Nakodar Tahsil,Punjab,0.2,0.45,1.1,0.11,0.83,2.07,4.82,4.94,0.41,0.03,0.04,0.0
31.0,75.75,Ludhiana (West) Tahsil,Punjab,0.4,0.41,0.87,0.09,0.82,2.77,5.99,3.55,0.73,0.12,0.13,0.0
31.0,76.0,Ludhiana (East) Tahsil,Punjab,0.48,0.34,0.92,0.01,1.04,5.01,5.7,4.67,0.92,0.53,0.03,0.07
31.0,76.25,Samrala Tahsil,Punjab,0.34,0.38,1.22,0.07,0.87,5.07,6.73,7.11,2.72,0.24,0.01,0.18
31.0,76.5,Balachaur Tahsil,Punjab,0.25,0.11,1.35,0.09,0.99,5.2,5.3,6.71,3.89,0.03,0.0,0.33
31.0,76.75,Baddi,Himachal Pradesh,0.18,1.0,3.59,0.27,3.21,9.17,9.76,11.42,2.19,0.61,0.0,0.21
31.0,77.0,Solan,Himachal Pradesh,0.48,1.96,4.34,0.83,3.72,5.19,6.41,10.07,1.42,0.14,0.0,0.04
31.0,77.25,Junga,Himachal Pradesh,0.92,1.93,2.93,1.1,2.18,3.91,7.13,8.41,0.91,0.03,0.0,0.14
31.0,77.5,Chaupal,Himachal Pradesh,0.81,1.76,3.54,2.4,1.57,2.65,6.85,6.96,0.63,0.05,0.0,0.11
31.0,77.75,Nerua,Himachal Pradesh,0.53,1.68,2.42,1.14,1.46,1.84,7.19,8.34,0.69,0.17,0.0,0.09
31.0,78.0,Mori,Uttarakhand,0.43,1.97,2.1,0.97,1.25,2.63,8.36,9.12,1.19,0.35,0.0,0.14
31.0,78.25,Puraula,Uttarakhand,0.25,2.43,1.72,0.67,1.64,4.59,13.63,11.62,1.91,0.66,0.0,0.25
31.0,78.5,Rajgarhi,Uttarakhand,0.23,2.43,1.93,0.74,1.94,3.89,14.52,11.32,1.79,0.32,0.0,0.25
31.0,78.75,Bhatwari,Uttarakhand,0.19,2.37,2.03,0.62,2.26,5.11,16.56,12.9,2.57,0.34,0.0,0.23
31.0,79.0,Bhatwari,Uttarakhand,0.25,1.88,2.29,0.62,2.74,6.27,17.04,14.06,4.14,0.4,0.0,0.17
31.0,79.25,Bhatwari,Uttarakhand,0.34,1.45,2.33,0.62,2.83,7.62,15.66,13.37,5.64,0.42,0.0,0.11
31.0,79.5,Joshimath Tehsil,Uttarakhand,0.39,1.32,2.3,0.61,2.66,6.9,14.42,11.9,5.25,0.34,0.0,0.1
31.0,79.75,Joshimath Tehsil,Uttarakhand,0.45,1.35,2.22,0.63,2.84,5.88,12.92,10.5,4.89,0.36,0.0,0.12
31.0,80.0,Unknown,Tibet,0.54,1.51,2.04,0.68,3.13,6.13,13.67,9.41,4.51,0.82,0.0,0.15
31.25,74.5,Kasur District,Punjab,0.37,0.2,1.24,0.0,0.52,1.29,4.71,3.35,0.54,0.03,0.02,0.0
31.25,74.75,Patti Tahsil,Punjab,0.47,0.15,1.19,0.0,0.64,1.6,5.46,3.98,0.52,0.06,0.02,0.0
31.25,75.0,Tarn Taran Tahsil,Punjab,0.25,0.22,1.83,0.03,1.04,1.67,13.0,9.5,1.72,0.14,0.03,0.0
31.25,75.25,Sultanpur Lodhi Tahsil,Punjab,0.18,0.3,2.42,0.05,1.26,1.57,15.0,12.02,2.23,0.13,0.05,0.0
31.25,75.5,Jalandhar II Tahsil,Punjab,0.14,0.36,1.64,0.04,1.03,2.36,7.5,9.92,0.92,0.0,0.01,0.0
31.25,75.75,Phagwara Tahsil,Punjab,0.17,0.28,1.22,0.02,1.01,3.22,3.58,7.47,0.64,0.06,0.01,0.0
31.25,76.0,Garhshankar Tahsil,Punjab,0.27,0.17,0.69,0.05,0.75,2.59,3.12,3.21,0.8,0.14,0.0,0.01
31.25,76.25,Garhshankar Tahsil,Punjab,0.28,0.34,1.51,0.02,1.24,4.44,7.8,16.13,4.44,0.38,0.0,0.08
31.25,76.5,Anandpur Sahib Tahsil,Punjab,0.44,0.29,1.56,0.01,1.37,4.71,7.27,13.92,4.36,0.11,0.0,0.11
31.25,76.75,Naina Devi,Himachal Pradesh,0.35,0.84,4.22,0.03,4.23,9.54,14.18,15.3,1.9,0.04,0.0,0.02
31.25,77.0,Darlaghat,Himachal Pradesh,0.5,1.7,4.15,1.12,3.76,4.54,5.3,8.21,1.24,0.08,0.0,0.03
31.25,77.25,Seoni,Himachal Pradesh,0.7,1.61,3.62,2.45,2.35,3.12,5.68,7.1,0.42,0.48,0.0,0.06
31.25,77.5,Nankhari,Himachal Pradesh,0.65,1.76,2.68,2.59,2.0,3.76,7.98,8.95,0.79,0.2,0.0,0.14
31.25,77.75,Rohru,Himachal Pradesh,0.65,1.46,2.89,2.11,1.9,3.25,7.13,10.25,1.3,0.28,0.0,0.13
31.25,78.0,Chirgaon,Himachal Pradesh,0.7,1.89,2.74,2.96,0.99,1.21,3.2,4.95,1.11,0.14,0.0,0.14
31.25,78.25,Dodra Kwar,Himachal Pradesh,0.64,2.2,2.36,3.05,0.8,1.41,3.86,4.36,1.17,0.25,0.0,0.18
31.25,78.5,Sangla,Himachal Pradesh,0.43,2.31,2.25,1.99,1.48,2.5,8.94,7.47,1.48,0.24,0.0,0.22
31.25,78.75,Sangla,Himachal Pradesh,0.3,2.37,2.12,1.24,1.8,3.01,11.55,9.23,1.51,0.22,0.0,0.24
31.25,79.0,Bhatwari,Uttarakhand,0.23,2.14,2.16,0.58,2.29,5.73,16.67,13.08,3.57,0.34,0.0,0.19
31.25,79.25,Unknown,Tibet,0.32,1.72,2.3,0.62,2.53,5.87,15.04,12.58,4.36,0.36,0.0,0.14
31.25,79.5,Unknown,Tibet,0.39,1.49,2.3,0.63,2.45,6.61,14.17,11.67,5.07,0.33,0.0,0.12
31.5,74.5,Lahore District,Punjab,0.64,0.19,1.2,0.0,0.91,2.36,6.24,3.73,0.74,0.01,0.05,0.0
31.5,74.75,Tarn Taran Tahsil,Punjab,0.64,0.15,1.2,0.0,0.9,2.19,6.48,4.04,0.42,0.01,0.03,0.0
31.5,75.0,Khadur Sahib Tahsil,Punjab,0.53,0.15,1.1,0.0,0.82,1.99,6.27,4.96,0.75,0.08,0.04,0.0
31.5,75.25,Khadur Sahib Tahsil,Punjab,0.22,0.1,1.45,0.0,0.76,1.34,5.56,8.37,1.81,0.09,0.06,0.0
31.5,75.5,Bhulath Tahsil,Punjab,0.27,0.07,1.01,0.0,0.75,2.84,2.27,7.3,1.05,0.03,0.04,0.0
31.5,75.75,Hoshiarpur Tahsil,Punjab,0.41,0.01,0.28,0.0,1.22,6.35,3.57,4.43,0.51,0.03,0.0,0.0
31.5,76.0,Hoshiarpur Tahsil,Punjab,0.37,0.56,1.52,0.03,2.53,5.54,5.62,8.06,3.02,0.04,0.0,0.02
31.5,76.25,Una,Himachal Pradesh,0.32,0.72,1.66,0.17,3.02,4.49,6.85,11.77,4.21,0.36,0.0,0.08
31.5,76.5,Barsar,Himachal Pradesh,0.36,0.65,3.22,0.11,3.38,6.91,5.17,10.66,3.34,0.23,0.0,0.12
31.5,76.75,Ghumarwin,Himachal Pradesh,0.46,1.13,2.05,0.33,4.52,6.04,5.38,14.37,3.6,0.34,0.0,0.11
31.5,77.0,Chachyot,Himachal Pradesh,0.35,1.24,2.89,0.99,3.18,3.65,2.74,5.92,1.09,0.1,0.0,0.0
31.5,77.25,Thunag,Himachal Pradesh,0.54,1.79,3.71,1.7,2.82,2.64,3.64,7.91,0.84,0.16,0.0,0.01
31.5,77.5,Ani,Himachal Pradesh,0.77,1.82,3.89,2.03,1.28,3.38,5.83,9.12,0.47,0.33,0.0,0.0
31.5,77.75,Rampur,Himachal Pradesh,1.08,1.93,4.21,2.24,1.24,3.99,6.6,10.66,0.58,0.91,0.0,0.02
31.5,78.0,Nichar,Himachal Pradesh,0.76,2.11,2.73,3.75,0.74,0.7,1.69,2.81,1.01,0.14,0.0,0.15
31.5,78.25,Kalpa,Himachal Pradesh,0.76,2.09,2.74,3.75,0.73,0.63,1.58,2.7,1.02,0.12,0.0,0.15
31.5,78.5,Moorang,Himachal Pradesh,0.64,2.2,2.48,3.17,0.95,1.25,4.08,4.14,1.21,0.16,0.0,0.18
31.5,78.75,Unknown,Tibet,0.5,2.26,2.36,2.43,1.3,1.94,7.1,6.15,1.34,0.17,0.0,0.21
31.5,79.0,Unknown,Tibet,0.38,2.28,2.31,1.65,1.68,3.39,11.69,9.32,1.97,0.18,0.0,0.2
31.75,74.5,Sheikhupura District,Punjab,0.69,0.2,1.16,0.0,0.98,2.82,7.03,3.57,0.76,0.02,0.06,0.0
31.75,74.75,Ajnala Tahsil,Punjab,0.79,0.23,1.2,0.0,1.12,3.01,7.41,3.65,1.01,0.0,0.08,0.0
31.75,75.0,Majitha Tahsil,Punjab,0.44,0.11,0.84,0.0,0.59,3.17,6.5,2.08,0.1,0.0,0.01,0.0
31.75,75.25,Batala Tahsil,Punjab,0.07,0.03,0.77,0.01,0.12,1.6,2.15,1.86,0.08,0.0,0.0,0.0
31.75,75.5,Batala Tahsil,Punjab,0.23,0.19,0.89,0.02,0.74,2.36,1.53,6.19,0.41,0.11,0.06,0.0
31.75,75.75,Dasua Tahsil,Punjab,0.39,0.29,1.42,0.08,1.15,7.16,4.7,8.95,0.85,0.02,0.01,0.04
31.75,76.0,Amb,Himachal Pradesh,0.34,1.95,3.43,0.11,2.11,8.54,6.78,11.0,1.74,0.0,0.0,0.02
31.75,76.25,Rakkar,Himachal Pradesh,0.42,0.78,2.5,0.19,2.89,3.9,9.72,19.78,3.99,0.02,0.0,0.08
31.75,76.5,Tira Sujanpur,Himachal Pradesh,0.32,1.33,2.76,0.11,4.6,6.08,10.98,16.92,3.75,0.13,0.0,0.02
31.75,76.75,Sarkaghat,Himachal Pradesh,0.43,1.44,2.51,0.53,4.47,5.57,8.75,11.06,2.98,0.63,0.0,0.01
31.75,77.0,Mandi,Himachal Pradesh,1.18,2.56,5.26,2.64,2.08,2.25,3.5,7.36,1.74,0.2,0.0,0.01
31.75,77.25,Sainj,Himachal Pradesh,0.68,2.17,4.4,1.93,2.67,2.12,3.12,7.74,1.09,0.07,0.0,0.0
31.75,77.5,Sainj,Himachal Pradesh,0.87,1.92,4.18,2.08,1.73,3.46,5.56,9.52,0.58,0.59,0.0,0.0
31.75,77.75,Nichar,Himachal Pradesh,0.92,2.0,3.85,2.59,1.17,2.85,4.7,7.94,0.65,0.56,0.0,0.04
31.75,78.0,Nichar,Himachal Pradesh,0.81,2.05,3.08,3.37,0.82,1.34,2.65,4.46,0.94,0.27,0.0,0.12
31.75,78.25,Moorang,Himachal Pradesh,0.79,2.08,2.91,3.57,0.76,0.97,2.09,3.55,0.99,0.2,0.0,0.14
31.75,78.5,Poo district,Himachal Pradesh,0.74,2.13,2.82,3.4,0.88,1.06,3.07,3.87,1.05,0.18,0.0,0.15
31.75,78.75,Unknown,Tibet,0.64,2.19,2.53,3.24,0.97,1.05,3.85,3.86,1.16,0.11,0.0,0.18
32.0,74.5,Sheikhupura District,Punjab,0.68,0.22,1.43,0.04,0.86,2.99,7.69,4.41,0.62,0.01,0.04,0.0
32.0,74.75,Narowal District,Punjab,0.62,0.18,1.16,0.0,0.8,3.46,6.97,3.5,0.66,0.0,0.04,0.0
32.0,75.0,Dera Baba Nanak Tahsil,Punjab,0.35,0.13,1.06,0.0,0.63,4.61,6.34,3.43,0.59,0.0,0.01,0.0
32.0,75.25,Kalanaur Tahsil,Punjab,0.11,0.22,1.39,0.1,0.89,6.82,6.66,7.75,1.19,0.0,0.0,0.0
32.0,75.5,Gurdaspur Tahsil,Punjab,0.24,0.44,1.49,0.27,1.58,3.06,4.48,12.34,0.53,0.0,0.02,0.0
32.0,75.75,Mukerian Tahsil,Punjab,0.45,0.4,1.82,0.25,1.63,6.61,5.08,12.87,0.75,0.0,0.0,0.14
32.0,76.0,Dehra,Himachal Pradesh,0.29,1.04,2.08,0.32,2.02,5.06,9.29,16.53,2.91,0.0,0.0,0.07
32.0,76.25,Kangra,Himachal Pradesh,0.28,1.27,3.24,0.66,2.12,3.84,16.27,19.36,3.52,0.03,0.0,0.08
32.0,76.5,Palampur,Himachal Pradesh,0.52,1.76,5.06,0.45,5.48,2.8,23.5,22.12,3.35,0.31,0.0,0.05
32.0,76.75,Jogindarnagar,Himachal Pradesh,0.82,1.97,4.53,0.98,7.24,2.62,20.86,20.13,3.67,0.33,0.0,0.0
32.0,77.0,Kullu,Himachal Pradesh,1.21,2.87,6.19,2.8,1.67,1.67,3.62,7.06,1.5,0.13,0.0,0.01
32.0,77.25,Bhuntar,Himachal Pradesh,1.19,3.02,6.58,2.8,1.69,1.7,3.82,7.2,1.42,0.07,0.0,0.01
32.0,77.5,Bhuntar,Himachal Pradesh,1.02,2.26,4.85,2.3,1.85,2.74,4.37,8.7,0.9,0.5,0.0,0.0
32.0,77.75,Bhuntar,Himachal Pradesh,0.85,2.01,3.72,2.61,1.29,2.58,4.3,7.37,0.71,0.44,0.0,0.05
32.0,78.0,Spiti,Himachal Pradesh,0.85,2.06,3.37,3.1,1.01,1.86,3.26,5.58,0.81,0.36,0.0,0.09
32.0,78.25,Spiti,Himachal Pradesh,0.82,2.07,3.06,3.45,0.8,1.26,2.48,4.18,0.93,0.27,0.0,0.13
32.0,78.5,Hangrang,Himachal Pradesh,0.78,2.12,2.85,3.63,0.76,0.89,2.13,3.26,0.97,0.19,0.0,0.15
32.0,78.75,Hangrang,Himachal Pradesh,0.73,2.14,2.67,3.67,0.77,0.64,2.07,2.73,1.04,0.1,0.0,0.16
32.25,74.75,Sialkot District,Punjab,0.36,0.48,2.86,0.22,0.36,4.28,14.66,9.36,2.29,0.05,0.0,0.0
32.25,75.0,Narowal District,Punjab,0.27,0.25,2.12,0.06,0.42,5.47,11.54,6.77,2.82,0.1,0.0,0.0
32.25,75.25,Narowal District,Punjab,0.15,0.22,3.08,0.16,0.7,6.83,12.95,9.34,2.67,0.22,0.0,0.01
32.25,75.5,Pathankot Tahsil,Punjab,0.14,0.11,2.53,0.54,0.54,5.62,9.99,11.35,3.13,0.26,0.0,0.04
32.25,75.75,Nurpur,Himachal Pradesh,0.39,1.1,2.38,0.2,2.58,6.56,9.5,13.62,2.23,0.0,0.0,0.11
32.25,76.0,Jawali,Himachal Pradesh,0.6,1.61,4.04,1.49,2.89,2.13,9.4,11.89,2.65,0.1,0.0,0.08
32.25,76.25,Dharamshala,Himachal Pradesh,0.24,2.48,5.9,1.23,9.67,5.93,34.5,39.03,9.23,0.51,0.0,0.14
32.25,76.5,Holi,Himachal Pradesh,0.22,1.58,5.5,1.18,4.66,4.07,22.37,19.16,3.97,0.29,0.0,0.15
32.25,76.75,Holi,Himachal Pradesh,1.15,2.79,6.16,2.69,2.26,2.26,10.7,11.28,1.76,0.09,0.0,0.02
32.25,77.0,Multhan,Himachal Pradesh,1.53,3.88,8.76,2.99,1.26,2.3,6.24,8.29,1.71,0.12,0.0,0.0
32.25,77.25,Manali,Himachal Pradesh,1.26,3.24,7.39,3.59,1.66,2.72,9.37,12.52,1.95,0.07,0.0,0.0
32.25,77.5,Lahaul,Himachal Pradesh,1.2,3.14,7.13,3.47,1.77,2.43,8.45,11.5,1.83,0.07,0.0,0.0
32.25,77.75,Spiti,Himachal Pradesh,1.16,2.74,6.06,2.89,1.67,3.31,8.4,12.16,1.31,0.5,0.0,0.02
32.25,78.0,Spiti,Himachal Pradesh,0.86,2.06,3.45,3.02,1.06,2.01,3.46,5.93,0.79,0.4,0.0,0.08
32.25,78.25,Spiti,Himachal Pradesh,0.83,2.09,3.06,3.49,0.81,1.24,2.38,4.04,0.9,0.27,0.0,0.12
32.25,78.5,Spiti,Himachal Pradesh,0.78,2.12,2.78,3.76,0.7,0.69,1.6,2.73,0.98,0.15,0.0,0.15
32.5,74.75,Ranbir Singh Pora,Jammu and Kashmir,0.38,0.53,3.32,0.28,0.38,4.43,15.57,11.47,2.28,0.07,0.0,0.0
32.5,75.0,Samba,Jammu and Kashmir,0.34,0.3,1.87,0.07,0.25,4.12,11.84,6.35,3.19,0.01,0.0,0.0
32.5,75.25,Samba,Jammu and Kashmir,0.23,0.23,2.86,0.12,0.66,5.28,14.44,10.8,3.6,0.16,0.0,0.06
32.5,75.5,Kathua,Jammu and Kashmir,0.15,0.26,3.16,0.25,1.2,3.71,16.02,16.28,3.66,0.15,0.0,0.19
32.5,75.75,Bashohli,Jammu and Kashmir,0.17,0.5,3.53,1.49,1.42,2.56,13.34,13.31,2.32,0.43,0.0,0.13
32.5,76.0,Bhattiyat,Himachal Pradesh,0.46,1.34,4.7,2.26,2.1,2.23,8.51,10.32,0.63,0.39,0.0,0.05
32.5,76.25,Chamba,Himachal Pradesh,0.33,0.87,3.58,1.62,2.42,2.28,3.32,6.66,0.72,0.1,0.0,0.02
32.5,76.5,Brahmaur,Himachal Pradesh,0.63,0.75,6.44,2.92,4.18,2.16,5.93,6.29,0.86,0.4,0.0,0.07
32.5,76.75,Brahmaur,Himachal Pradesh,0.99,1.8,4.34,2.38,1.24,1.24,4.12,5.24,0.72,0.02,0.0,0.01
32.5,77.0,Lahaul,Himachal Pradesh,1.08,2.21,5.13,2.56,1.2,1.67,5.9,8.06,1.15,0.03,0.0,0.0
32.5,77.25,Lahaul,Himachal Pradesh,1.24,2.76,5.93,2.8,1.3,2.03,7.09,9.36,1.4,0.05,0.0,0.0
32.5,77.5,Lahaul,Himachal Pradesh,1.22,2.84,6.15,2.85,1.35,2.08,7.17,9.54,1.45,0.05,0.0,0.0
32.5,77.75,Spiti,Himachal Pradesh,1.29,2.82,6.19,2.93,1.38,2.44,7.92,10.18,1.44,0.14,0.0,0.0
32.5,78.0,Spiti,Himachal Pradesh,1.09,2.5,4.92,3.45,1.12,2.38,5.89,8.33,1.24,0.35,0.0,0.07
32.5,78.25,Spiti,Himachal Pradesh,0.85,2.16,3.16,3.61,0.78,1.12,2.42,3.92,0.96,0.26,0.0,0.13
32.5,78.5,Unknown,Tibet,0.76,2.13,2.7,3.84,0.68,0.51,1.34,2.31,1.01,0.11,0.0,0.16
32.5,78.75,Unknown,Tibet,0.75,2.13,2.65,3.89,0.67,0.41,1.2,2.08,1.03,0.08,0.0,0.16
32.5,79.0,Unknown,Ladakh,0.75,2.13,2.65,3.89,0.67,0.41,1.2,2.08,1.03,0.08,0.0,0.16
32.75,74.5,Sialkot District,Punjab,0.4,0.68,4.14,0.43,0.76,4.28,16.36,13.77,2.5,0.11,0.0,0.02
32.75,74.75,Jammu,Jammu and Kashmir,0.37,0.67,3.46,0.29,0.46,4.29,17.2,10.41,2.93,0.06,0.0,0.0
32.75,75.0,Jammu,Jammu and Kashmir,0.37,0.5,2.83,0.22,0.52,4.16,14.09,9.35,3.14,0.05,0.0,0.01
32.75,75.25,Ramnagar,Jammu and Kashmir,0.8,1.44,5.95,1.71,2.27,3.2,7.99,5.44,2.24,0.07,0.0,0.22
32.75,75.5,Billawar,Jammu and Kashmir,0.61,1.49,4.73,2.32,1.71,2.17,8.31,9.06,1.77,0.07,0.0,0.45
32.75,75.75,Bani,Jammu and Kashmir,0.73,1.68,5.53,3.01,1.61,2.21,7.99,10.62,1.48,0.5,0.0,0.26
32.75,76.0,Saluni,Himachal Pradesh,1.04,2.39,7.42,3.5,1.7,2.8,6.47,9.65,1.71,0.06,0.0,0.0
32.75,76.25,Chaurah,Himachal Pradesh,0.75,1.6,5.5,2.85,2.35,2.5,9.49,7.68,1.31,0.04,0.0,0.02
32.75,76.5,Udaipur,Himachal Pradesh,0.81,0.4,4.37,3.78,1.83,1.55,4.29,2.8,0.49,0.09,0.0,0.05
32.75,76.75,Udaipur,Himachal Pradesh,0.79,1.37,3.56,1.94,1.4,1.04,5.37,4.94,0.96,0.1,0.0,0.02
32.75,77.0,Lahaul,Himachal Pradesh,1.02,2.02,4.34,2.33,1.19,1.36,4.39,5.35,0.77,0.03,0.0,0.01
32.75,77.25,Lahaul,Himachal Pradesh,1.12,2.43,5.5,2.77,1.31,1.94,6.68,8.29,1.24,0.05,0.0,0.01
32.75,77.5,Lahaul,Himachal Pradesh,1.18,2.53,5.8,2.88,1.29,2.0,6.9,9.15,1.38,0.06,0.0,0.0
32.75,77.75,Spiti,Himachal Pradesh,1.21,2.77,5.95,2.83,1.3,2.06,7.34,9.52,1.41,0.05,0.0,0.0
32.75,78.0,Unknown,Ladakh,1.21,2.77,5.84,2.89,1.27,2.03,7.09,9.04,1.37,0.05,0.0,0.01
32.75,78.25,Unknown,Ladakh,0.84,2.26,3.38,3.85,0.84,0.97,2.84,4.2,1.16,0.11,0.0,0.14
32.75,78.5,Unknown,Ladakh,0.75,2.13,2.65,3.89,0.67,0.41,1.2,2.08,1.03,0.08,0.0,0.16
32.75,78.75,Unknown,Ladakh,0.75,2.13,2.65,3.89,0.67,0.41,1.2,2.08,1.03,0.08,0.0,0.16
32.75,79.0,Unknown,Ladakh,0.75,2.13,2.65,3.89,0.67,0.41,1.2,2.08,1.03,0.08,0.0,0.16
32.75,79.25,Unknown,Ladakh,0.75,2.13,2.65,3.89,0.67,0.41,1.2,2.08,1.03,0.08,0.0,0.16
32.75,79.5,Gar County,Tibet,0.7,2.11,2.59,3.48,0.81,0.81,2.61,2.93,1.21,0.07,0.0,0.16
33.0,73.75,Jhelum District,Punjab,0.65,1.76,6.01,1.04,0.78,3.86,8.39,6.8,1.27,0.27,0.0,0.01
33.0,74.0,Bhimber District,Azad Kashmir,0.61,1.62,5.87,0.99,0.91,3.82,9.21,8.11,1.61,0.25,0.0,0.02
33.0,74.25,Bhimber District,Azad Kashmir,0.57,1.46,5.71,0.93,1.07,3.75,10.16,9.66,2.04,0.23,0.0,0.03
33.0,74.5,Akhnoor,Jammu and Kashmir,0.41,0.81,4.9,0.66,1.63,3.49,14.15,14.88,3.85,0.13,0.0,0.08
33.0,74.75,Akhnoor,Jammu and Kashmir,0.49,1.05,5.62,0.75,2.7,3.33,14.17,18.64,5.75,0.25,0.0,0.13
33.0,75.0,Reasi,Jammu and Kashmir,0.98,1.76,8.68,1.82,3.74,2.78,8.91,9.38,3.0,0.1,0.0,0.18
33.0,75.25,Chenani,Jammu and Kashmir,1.34,2.46,10.59,2.86,4.7,2.21,4.81,4.83,1.71,0.07,0.0,0.31
33.0,75.5,Doda,Jammu and Kashmir,0.86,2.1,5.87,3.28,2.14,1.62,4.49,5.14,0.9,0.05,0.0,0.55
33.0,75.75,Bhaderwah,Jammu and Kashmir,0.92,2.07,5.82,3.27,2.01,1.95,5.94,6.86,1.03,0.1,0.0,0.42
33.0,76.0,Gandoh,Jammu and Kashmir,0.91,2.21,6.47,3.29,1.88,2.52,9.06,9.38,1.61,0.17,0.0,0.14
33.0,76.25,Pangi,Himachal Pradesh,0.44,1.55,4.01,1.53,2.46,2.49,16.83,12.82,2.73,0.26,0.0,0.05
33.0,76.5,Pangi,Himachal Pradesh,0.15,1.38,2.56,0.38,2.44,2.23,21.22,15.87,3.56,0.41,0.0,0.06
33.0,76.75,Pangi,Himachal Pradesh,0.55,1.28,3.35,1.5,2.09,1.79,12.1,9.24,2.0,0.26,0.0,0.04
33.0,77.0,Zanskar,Ladakh,0.76,1.48,3.69,1.98,1.57,1.58,8.49,7.4,1.4,0.13,0.0,0.03
33.0,77.25,Zanskar,Ladakh,0.97,2.01,4.67,2.65,1.34,1.79,6.09,7.21,1.05,0.04,0.0,0.01
33.0,77.5,Unknown,Ladakh,1.07,2.29,5.08,2.66,1.27,1.84,6.52,7.96,1.16,0.04,0.0,0.01
33.0,77.75,Unknown,Ladakh,1.11,2.47,5.47,2.7,1.18,1.96,6.73,8.86,1.34,0.05,0.0,0.0
33.0,78.0,Unknown,Ladakh,1.12,2.53,5.48,2.66,1.19,1.95,6.94,8.99,1.33,0.05,0.0,0.0
33.0,78.25,Unknown,Ladakh,0.18,0.3,0.71,0.62,0.25,0.51,1.78,2.67,0.35,0.0,0.0,0.0
33.0,78.5,Unknown,Ladakh,0.33,0.84,1.14,1.51,0.31,0.32,0.99,1.7,0.48,0.03,0.0,0.05
33.0,78.75,Unknown,Ladakh,0.54,1.48,1.89,2.69,0.49,0.36,1.09,1.89,0.75,0.05,0.0,0.11
33.0,79.0,Unknown,Ladakh,0.64,1.81,2.27,3.28,0.58,0.39,1.14,1.98,0.89,0.06,0.0,0.13
33.0,79.25,Rutog County,Tibet,0.7,1.97,2.46,3.59,0.62,0.39,1.16,2.03,0.96,0.07,0.0,0.15
33.0,79.5,Rutog County,Tibet,0.7,2.04,2.52,3.53,0.71,0.6,1.89,2.48,1.08,0.07,0.0,0.16
33.25,73.5,Rawalpindi District,Punjab,0.81,1.91,6.35,1.39,0.85,3.72,7.18,5.16,0.99,0.28,0.0,0.01
33.25,73.75,Mirpur District,Azad Kashmir,0.86,1.87,6.39,1.51,1.0,3.63,7.28,5.66,1.15,0.26,0.0,0.02
33.25,74.0,Kotli District,Azad Kashmir,0.71,1.81,6.17,1.2,0.92,3.73,7.93,6.55,1.38,0.27,0.0,0.02
33.25,74.25,Rajauri,Jammu and Kashmir,0.67,1.86,6.13,1.08,0.74,3.85,7.73,5.98,1.11,0.28,0.0,0.0
33.25,74.5,Kalakote,Jammu and Kashmir,0.56,1.35,5.71,1.11,1.44,3.28,10.07,10.67,2.69,0.19,0.0,0.06
33.25,74.75,Gool-Gulabgarh,Jammu and Kashmir,0.49,0.99,5.62,1.17,1.9,2.81,11.71,13.9,3.76,0.11,0.0,0.11
33.25,75.0,Gool-Gulabgarh,Jammu and Kashmir,1.16,2.16,9.49,2.9,3.1,1.98,5.89,5.95,1.67,0.05,0.0,0.23
33.25,75.25,Ramban,Jammu and Kashmir,1.39,2.62,10.94,3.47,4.41,1.88,3.8,3.65,1.34,0.05,0.0,0.28
33.25,75.5,Doda,Jammu and Kashmir,1.02,2.3,7.48,3.61,2.8,1.57,3.85,4.3,0.97,0.04,0.0,0.43
33.25,75.75,Kishtwar,Jammu and Kashmir,1.04,2.24,6.55,3.8,2.6,1.64,3.97,4.76,1.04,0.02,0.0,0.33
33.25,76.0,Kishtwar,Jammu and Kashmir,0.65,1.95,5.07,2.51,2.04,2.21,11.42,10.68,1.93,0.21,0.0,0.19
33.25,76.25,Atholi (Paddar),Jammu and Kashmir,0.51,1.44,4.06,1.82,2.22,2.34,15.85,12.25,2.49,0.25,0.0,0.09
33.25,76.5,Atholi (Paddar),Jammu and Kashmir,0.42,1.4,3.55,1.37,2.35,2.22,16.72,12.58,2.73,0.29,0.0,0.05
33.25,76.75,Zanskar,Ladakh,0.49,1.3,3.26,1.42,2.15,1.93,13.7,10.35,2.17,0.24,0.0,0.05
33.25,77.0,Zanskar,Ladakh,0.58,1.34,3.35,1.66,1.81,1.77,11.17,9.15,1.91,0.21,0.0,0.03
33.25,77.25,Zanskar,Ladakh,0.64,1.17,2.94,1.53,1.35,0.98,6.06,5.11,1.12,0.13,0.0,0.02
33.25,77.5,Unknown,Ladakh,0.37,0.77,1.43,0.74,0.5,0.6,3.0,3.39,0.52,0.02,0.0,0.0
33.25,77.75,Unknown,Ladakh,0.21,0.36,0.65,0.34,0.15,0.24,0.71,1.27,0.18,0.0,0.0,0.0
33.25,78.0,Unknown,Ladakh,0.1,0.11,0.13,0.05,0.0,0.07,0.05,0.42,0.06,0.0,0.0,0.0
33.25,78.25,Unknown,Ladakh,0.08,0.09,0.08,0.02,0.0,0.07,0.0,0.35,0.06,0.0,0.0,0.0
33.25,78.5,Unknown,Ladakh,0.08,0.09,0.08,0.02,0.0,0.07,0.0,0.35,0.06,0.0,0.0,0.0
33.25,78.75,Unknown,Ladakh,0.31,0.79,0.99,1.35,0.24,0.21,0.54,1.12,0.4,0.03,0.0,0.05
33.25,79.0,Unknown,Ladakh,0.47,1.3,1.63,2.32,0.41,0.3,0.84,1.55,0.65,0.05,0.0,0.09
33.25,79.25,Rutog County,Tibet,0.58,1.63,2.04,2.95,0.51,0.34,1.0,1.79,0.8,0.06,0.0,0.12
33.5,73.5,Rawalpindi District,Punjab,1.06,1.93,6.7,1.87,1.13,3.45,6.59,4.79,0.97,0.26,0.0,0.05
33.5,73.75,Kotli District,Azad Kashmir,1.16,1.91,6.84,2.04,1.25,3.32,6.4,4.75,0.98,0.25,0.0,0.07
33.5,74.0,Kotli District,Azad Kashmir,0.91,1.88,6.45,1.63,1.01,3.55,6.95,5.12,1.03,0.26,0.0,0.03
33.5,74.25,Rajauri,Jammu and Kashmir,0.8,1.89,6.32,1.4,0.86,3.68,7.2,5.27,1.01,0.27,0.0,0.01
33.5,74.5,Darhal,Jammu and Kashmir,0.75,1.83,6.39,1.87,1.01,2.94,7.02,5.61,1.13,0.18,0.0,0.05
33.5,74.75,Damhal Hanjipora,Jammu and Kashmir,0.93,2.22,6.73,3.53,1.62,0.72,3.56,3.42,0.44,0.01,0.0,0.14
33.5,75.0,Gool-Gulabgarh,Jammu and Kashmir,1.46,2.91,10.48,4.6,1.48,0.92,2.83,2.62,0.42,0.02,0.0,0.34
33.5,75.25,Dooru tehsil,Jammu and Kashmir,0.79,2.26,6.34,4.91,1.99,0.72,2.26,2.88,0.45,0.0,0.0,0.2
33.5,75.5,Chhatroo,Jammu and Kashmir,0.79,2.24,6.47,4.97,2.26,0.87,2.35,3.08,0.59,0.01,0.0,0.23
33.5,75.75,Chhatroo,Jammu and Kashmir,0.88,2.27,6.8,4.4,2.41,1.15,2.98,3.61,0.73,0.02,0.0,0.32
33.5,76.0,Marwah,Jammu and Kashmir,0.69,2.04,5.29,3.52,2.19,1.57,8.07,7.23,1.41,0.09,0.0,0.24
33.5,76.25,Atholi (Paddar),Jammu and Kashmir,0.51,1.51,4.13,1.81,2.26,2.26,15.36,11.66,2.5,0.24,0.0,0.09
33.5,76.5,Atholi (Paddar),Jammu and Kashmir,0.44,1.41,3.69,1.49,2.31,2.29,16.68,12.4,2.66,0.27,0.0,0.05
33.5,76.75,Zanskar,Ladakh,0.4,1.16,2.83,1.17,1.93,1.7,13.5,10.23,2.27,0.26,0.0,0.04
33.5,77.0,Zanskar,Ladakh,0.21,0.71,1.47,0.48,1.09,1.03,8.43,6.46,1.44,0.16,0.0,0.03
33.5,77.25,Zanskar,Ladakh,0.14,0.26,0.45,0.17,0.22,0.26,1.61,1.47,0.31,0.03,0.0,0.01
33.5,77.5,Unknown,Ladakh,0.11,0.17,0.22,0.06,0.06,0.11,0.45,0.7,0.13,0.01,0.0,0.0
33.5,77.75,Unknown,Ladakh,0.09,0.1,0.1,0.03,0.0,0.07,0.0,0.35,0.06,0.0,0.0,0.0
33.5,78.0,Unknown,Ladakh,0.08,0.09,0.08,0.02,0.0,0.07,0.0,0.35,0.06,0.0,0.0,0.0
33.5,78.25,Unknown,Ladakh,0.08,0.09,0.08,0.02,0.0,0.07,0.0,0.35,0.06,0.0,0.0,0.0
33.5,78.5,Unknown,Ladakh,0.08,0.09,0.08,0.02,0.0,0.07,0.0,0.35,0.06,0.0,0.0,0.0
33.5,78.75,Unknown,Ladakh,0.16,0.32,0.38,0.46,0.07,0.1,0.17,0.61,0.17,0.01,0.0,0.02
33.5,79.0,Rutog County,Tibet,0.32,0.81,1.0,1.39,0.24,0.2,0.51,1.08,0.41,0.03,0.0,0.06
33.5,79.25,Rutog County,Tibet,0.45,1.22,1.52,2.17,0.38,0.27,0.76,1.43,0.61,0.04,0.0,0.09
33.75,73.5,Murree District,Punjab,1.7,1.94,7.64,3.0,1.82,2.68,5.11,3.99,0.89,0.21,0.0,0.17
33.75,73.75,Sudhanoti District,Azad Kashmir,1.66,1.93,7.56,2.97,1.79,2.67,5.11,3.98,0.89,0.21,0.0,0.16
33.75,74.0,Poonch District,Azad Kashmir,1.75,1.94,7.62,3.29,1.95,2.57,4.84,3.97,0.91,0.2,0.0,0.15
33.75,74.25,Surankote tehsil,Jammu and Kashmir,1.82,1.93,7.58,3.83,2.21,2.28,4.28,3.96,0.93,0.19,0.01,0.12
33.75,74.5,Khansahib Tehsil,Jammu and Kashmir,1.57,1.92,6.85,4.09,2.25,0.86,2.41,2.66,0.53,0.09,0.01,0.15
33.75,74.75,Shopian,Jammu and Kashmir,0.57,2.02,5.07,2.89,1.5,0.31,2.53,2.49,0.08,0.0,0.0,0.06
33.75,75.0,Kulgam,Jammu and Kashmir,0.58,2.26,4.7,2.3,1.75,0.36,2.61,3.34,0.07,0.0,0.0,0.06
33.75,75.25,Anantnag,Jammu and Kashmir,0.9,2.35,6.09,4.51,2.07,0.92,2.48,3.37,0.47,0.08,0.0,0.14
33.75,75.5,Marwah,Jammu and Kashmir,0.85,2.3,6.15,4.94,2.1,0.89,2.33,3.2,0.52,0.06,0.0,0.17
33.75,75.75,Marwah,Jammu and Kashmir,0.92,2.35,6.34,4.86,2.09,0.95,2.43,3.28,0.52,0.08,0.0,0.16
33.75,76.0,Marwah,Jammu and Kashmir,0.8,2.14,5.5,4.38,2.22,1.29,5.39,5.4,1.08,0.15,0.0,0.18
33.75,76.25,Marwah,Jammu and Kashmir,0.41,1.74,4.02,2.01,2.29,2.03,14.32,11.07,2.54,0.25,0.0,0.12
33.75,76.5,Zanskar,Ladakh,0.22,1.12,2.42,0.67,2.01,1.94,15.93,11.84,2.62,0.29,0.0,0.05
33.75,76.75,Zanskar,Ladakh,0.11,0.57,1.08,0.23,0.95,0.96,8.31,6.26,1.4,0.16,0.0,0.03
33.75,77.0,Unknown,Ladakh,0.09,0.14,0.23,0.06,0.14,0.2,1.19,1.16,0.24,0.02,0.0,0.0
33.75,77.25,Unknown,Ladakh,0.08,0.09,0.1,0.02,0.02,0.08,0.22,0.47,0.08,0.0,0.0,0.0
33.75,77.5,Unknown,Ladakh,0.08,0.08,0.08,0.02,0.0,0.07,0.02,0.33,0.05,0.0,0.0,0.0
33.75,77.75,Unknown,Ladakh,0.08,0.08,0.08,0.02,0.0,0.07,0.01,0.33,0.06,0.0,0.0,0.0
33.75,78.0,Unknown,Ladakh,0.08,0.09,0.08,0.02,0.0,0.07,0.0,0.35,0.06,0.0,0.0,0.0
33.75,78.25,Unknown,Ladakh,0.08,0.09,0.08,0.02,0.0,0.07,0.0,0.35,0.06,0.0,0.0,0.0
33.75,78.5,Unknown,Ladakh,0.08,0.09,0.08,0.02,0.0,0.07,0.0,0.35,0.06,0.0,0.0,0.0
33.75,78.75,Unknown,Ladakh,0.08,0.09,0.08,0.02,0.0,0.07,0.0,0.35,0.06,0.0,0.0,0.0
33.75,79.0,Rutog County,Tibet,0.2,0.44,0.54,0.71,0.12,0.13,0.24,0.71,0.23,0.01,0.0,0.03
34.0,73.5,Murree District,Punjab,2.59,1.96,9.08,4.17,2.6,1.51,3.07,2.52,0.68,0.15,0.0,0.39
34.0,73.75,Bagh District,Azad Kashmir,2.55,1.95,8.99,4.22,2.6,1.5,3.03,2.55,0.69,0.15,0.01,0.38
34.0,74.0,Haveli District,Azad Kashmir,2.61,1.96,8.95,4.64,2.79,1.47,2.84,2.71,0.76,0.14,0.01,0.34
34.0,74.25,Haveli District,Azad Kashmir,2.93,1.98,9.1,6.01,3.5,1.43,2.39,3.38,1.02,0.13,0.01,0.24
34.0,74.5,Khag tehsil,Jammu and Kashmir,1.84,1.89,7.34,4.55,2.44,0.98,2.12,2.52,0.59,0.1,0.01,0.16
34.0,74.75,Badgam tehsil,Jammu and Kashmir,0.67,1.8,5.41,3.02,1.51,0.35,1.96,1.77,0.15,0.07,0.0,0.09
34.0,75.0,Pampore,Jammu and Kashmir,0.67,2.07,5.38,3.21,1.64,0.59,2.35,2.89,0.3,0.09,0.0,0.08
34.0,75.25,Pahalgam,Jammu and Kashmir,1.39,2.54,6.81,5.29,2.33,1.67,2.92,4.01,0.74,0.3,0.0,0.07
34.0,75.5,Marwah,Jammu and Kashmir,1.12,2.3,6.15,4.86,2.24,1.16,2.52,3.59,0.6,0.16,0.0,0.11
34.0,75.75,Marwah,Jammu and Kashmir,1.04,2.26,6.04,4.89,2.22,1.07,2.43,3.47,0.58,0.13,0.0,0.12
34.0,76.0,Sankoo tehsil,Ladakh,0.98,2.27,6.03,5.04,2.21,1.06,2.4,3.41,0.58,0.11,0.0,0.14
34.0,76.25,Sankoo tehsil,Ladakh,0.67,1.93,4.72,3.42,2.23,1.5,8.9,7.67,1.64,0.23,0.0,0.11
34.0,76.5,Sankoo tehsil,Ladakh,0.09,0.32,0.58,0.12,0.5,0.51,4.31,3.36,0.74,0.08,0.0,0.01
34.0,76.75,Unknown,Ladakh,0.08,0.08,0.13,0.04,0.07,0.13,0.71,0.69,0.14,0.01,0.0,0.0
34.0,77.0,Unknown,Ladakh,0.08,0.06,0.07,0.03,0.01,0.08,0.14,0.32,0.05,0.0,0.0,0.0
34.0,77.25,Unknown,Ladakh,0.08,0.08,0.08,0.02,0.0,0.07,0.02,0.32,0.05,0.0,0.0,0.0
34.0,77.5,Unknown,Ladakh,0.08,0.08,0.08,0.02,0.0,0.07,0.01,0.33,0.05,0.0,0.0,0.0
34.0,77.75,Unknown,Ladakh,0.08,0.08,0.08,0.02,0.0,0.07,0.01,0.34,0.06,0.0,0.0,0.0
34.0,78.0,Unknown,Ladakh,0.08,0.08,0.08,0.02,0.0,0.07,0.0,0.34,0.06,0.0,0.0,0.0
34.0,78.25,Unknown,Ladakh,0.08,0.09,0.08,0.02,0.0,0.07,0.0,0.35,0.06,0.0,0.0,0.0
34.0,78.5,Unknown,Ladakh,0.08,0.09,0.08,0.02,0.0,0.07,0.0,0.35,0.06,0.0,0.0,0.0
34.0,78.75,Rutog County,Tibet,0.08,0.09,0.08,0.02,0.0,0.07,0.0,0.35,0.06,0.0,0.0,0.0
34.0,79.0,Rutog County,Tibet,0.14,0.27,0.31,0.36,0.05,0.09,0.11,0.53,0.14,0.01,0.0,0.01
34.25,73.5,Muzaffarabad District,Azad Kashmir,2.87,1.96,9.6,4.4,2.79,1.1,2.4,1.9,0.57,0.13,0.0,0.49
34.25,73.75,Hattian Bala District,Azad Kashmir,2.81,1.96,9.47,4.38,2.75,1.08,2.35,1.86,0.55,0.12,0.0,0.48
34.25,74.0,Boniyar,Jammu and Kashmir,2.82,1.95,9.56,4.24,2.69,0.91,2.2,1.59,0.47,0.12,0.0,0.52
34.25,74.25,Rafiabad,Jammu and Kashmir,2.85,1.96,9.57,4.33,2.74,0.94,2.2,1.67,0.49,0.12,0.0,0.51
34.25,74.5,Sopore,Jammu and Kashmir,1.52,1.9,6.9,3.98,2.09,0.67,1.97,2.37,0.42,0.13,0.0,0.18
34.25,74.75,Lar,Jammu and Kashmir,1.0,1.82,5.87,3.59,1.76,0.4,1.76,2.5,0.31,0.13,0.0,0.11
34.25,75.0,Kangan,Jammu and Kashmir,1.32,1.4,5.82,4.06,2.05,0.59,1.62,2.18,0.4,0.02,0.0,0.1
34.25,75.25,Kangan,Jammu and Kashmir,1.3,2.07,6.35,4.68,2.16,1.2,2.37,3.3,0.6,0.2,0.0,0.09
34.25,75.5,Drass,Ladakh,1.24,1.99,6.23,4.62,2.11,1.11,2.24,3.0,0.54,0.15,0.0,0.09
34.25,75.75,Sankoo tehsil,Ladakh,1.18,2.14,6.27,4.96,2.19,1.16,2.34,3.24,0.6,0.15,0.0,0.11
34.25,76.0,Sankoo tehsil,Ladakh,1.15,2.23,6.3,5.11,2.22,1.2,2.42,3.37,0.62,0.16,0.0,0.12
34.25,76.25,Sankoo tehsil,Ladakh,0.53,1.11,2.98,2.54,1.06,0.62,1.25,1.72,0.31,0.07,0.0,0.06
34.25,76.5,Kargil Tehsil,Ladakh,0.08,0.05,0.08,0.04,0.02,0.1,0.29,0.35,0.05,0.0,0.0,0.0
34.25,76.75,Unknown,Ladakh,0.08,0.05,0.06,0.03,0.0,0.08,0.08,0.24,0.03,0.0,0.0,0.0
34.25,77.0,Unknown,Ladakh,0.08,0.04,0.06,0.03,0.0,0.08,0.09,0.21,0.03,0.0,0.0,0.0
34.25,77.25,Unknown,Ladakh,0.08,0.07,0.08,0.02,0.0,0.07,0.03,0.31,0.05,0.0,0.0,0.0
34.25,77.5,Unknown,Ladakh,0.08,0.09,0.08,0.02,0.0,0.07,0.0,0.35,0.06,0.0,0.0,0.0
34.25,77.75,Unknown,Ladakh,0.08,0.08,0.08,0.02,0.0,0.07,0.02,0.32,0.05,0.0,0.0,0.0
34.25,78.0,Unknown,Ladakh,0.08,0.08,0.08,0.02,0.0,0.07,0.02,0.32,0.05,0.0,0.0,0.0
34.25,78.25,Unknown,Ladakh,0.08,0.08,0.08,0.02,0.0,0.07,0.01,0.34,0.06,0.0,0.0,0.0
34.25,78.5,Unknown,Ladakh,0.08,0.09,0.08,0.02,0.0,0.07,0.0,0.35,0.06,0.0,0.0,0.0
34.25,78.75,Unknown,Ladakh,0.08,0.09,0.08,0.02,0.0,0.07,0.0,0.35,0.06,0.0,0.0,0.0
34.25,79.0,Rutog County,Tibet,0.11,0.18,0.19,0.19,0.01,0.08,0.05,0.43,0.1,0.0,0.0,0.01
34.25,79.25,Rutog County,Tibet,0.17,0.36,0.44,0.54,0.09,0.11,0.18,0.62,0.19,0.01,0.0,0.02
34.25,79.5,Rutog County,Tibet,0.25,0.61,0.75,1.02,0.18,0.16,0.36,0.87,0.31,0.02,0.0,0.04
34.5,73.25,Mansehra District,Khyber Pakhtunkhwa,2.96,1.96,9.91,4.08,2.68,0.87,2.18,1.33,0.41,0.12,0.0,0.59
34.5,73.5,Muzaffarabad District,Azad Kashmir,2.95,1.96,9.84,4.21,2.73,0.91,2.2,1.47,0.46,0.12,0.0,0.56
34.5,73.75,Neelam Valley District,Azad Kashmir,2.88,1.96,9.68,4.23,2.71,0.91,2.19,1.54,0.46,0.12,0.0,0.54
34.5,74.0,Kupwara,Jammu and Kashmir,2.85,1.95,9.72,3.98,2.59,0.83,2.16,1.3,0.38,0.12,0.0,0.57
34.5,74.25,Handwara tehsil,Jammu and Kashmir,2.89,1.96,9.88,3.78,2.51,0.78,2.14,1.05,0.32,0.12,0.0,0.62
34.5,74.5,Bandipora,Jammu and Kashmir,2.2,1.92,8.38,3.84,2.27,0.72,2.12,1.65,0.36,0.13,0.0,0.4
34.5,74.75,Bandipora,Jammu and Kashmir,1.11,1.6,5.8,3.73,1.83,0.54,1.66,2.18,0.34,0.07,0.0,0.1
34.5,75.0,Bāramūla,Jammu and Kashmir,1.23,1.61,5.91,4.06,2.01,0.63,1.77,2.52,0.42,0.08,0.0,0.1
34.5,75.25,Bāramūla,Jammu and Kashmir,1.27,1.78,6.09,4.31,2.07,0.86,1.98,2.77,0.49,0.12,0.0,0.1
34.5,75.5,Drass,Ladakh,1.31,1.91,6.24,4.51,2.13,1.01,2.17,2.99,0.54,0.15,0.0,0.09
34.5,75.75,Drass,Ladakh,1.27,1.97,6.24,4.63,2.13,1.1,2.23,3.01,0.55,0.14,0.0,0.09
34.5,76.0,Drass,Ladakh,1.28,2.13,6.39,4.89,2.2,1.25,2.39,3.29,0.61,0.18,0.0,0.09
34.5,76.25,Kargil Tehsil,Ladakh,0.24,0.32,0.88,0.7,0.3,0.28,0.48,0.6,0.1,0.04,0.0,0.01
34.5,76.5,Kargil Tehsil,Ladakh,0.08,0.03,0.05,0.03,0.0,0.09,0.11,0.18,0.02,0.0,0.0,0.0
34.5,76.75,Unknown,Ladakh,0.08,0.02,0.05,0.03,0.01,0.09,0.12,0.15,0.02,0.0,0.0,0.0
34.5,77.0,Unknown,Ladakh,0.08,0.01,0.04,0.04,0.01,0.09,0.13,0.13,0.01,0.0,0.0,0.0
34.5,77.25,Unknown,Ladakh,0.08,0.0,0.04,0.04,0.01,0.09,0.14,0.12,0.01,0.0,0.0,0.0
34.5,77.5,Unknown,Ladakh,0.08,0.03,0.05,0.03,0.0,0.09,0.1,0.18,0.02,0.0,0.0,0.0
34.5,77.75,Unknown,Ladakh,0.08,0.06,0.07,0.03,0.0,0.07,0.04,0.28,0.04,0.0,0.0,0.0
34.5,78.0,Unknown,Ladakh,0.08,0.07,0.07,0.03,0.0,0.07,0.04,0.29,0.04,0.0,0.0,0.0
34.5,78.25,Unknown,Ladakh,0.08,0.07,0.08,0.02,0.0,0.07,0.03,0.31,0.05,0.0,0.0,0.0
34.5,78.5,Unknown,Ladakh,0.08,0.09,0.08,0.02,0.0,0.07,0.0,0.34,0.06,0.0,0.0,0.0
34.5,78.75,Hotan County,Xinjiang,0.08,0.09,0.08,0.02,0.0,0.07,0.0,0.35,0.06,0.0,0.0,0.0
34.5,79.0,Hotan County,Xinjiang,0.09,0.13,0.14,0.1,0.0,0.07,0.02,0.37,0.08,0.0,0.0,0.0
34.5,79.25,Hotan County,Xinjiang,0.13,0.25,0.28,0.33,0.04,0.09,0.09,0.5,0.13,0.0,0.0,0.01
34.5,79.5,Hotan County,Xinjiang,0.19,0.43,0.52,0.67,0.11,0.12,0.23,0.68,0.22,0.01,0.0,0.03
34.5,79.75,Hotan County,Xinjiang,0.27,0.66,0.81,1.09,0.19,0.18,0.43,0.93,0.34,0.02,0.0,0.04
34.75,73.25,Mansehra District,Khyber Pakhtunkhwa,2.96,1.96,10.02,3.8,2.55,0.8,2.16,1.03,0.32,0.12,0.0,0.64
34.75,73.5,Mansehra District,Khyber Pakhtunkhwa,2.96,1.96,9.95,3.97,2.63,0.84,2.17,1.21,0.38,0.12,0.0,0.61
34.75,73.75,Neelam Valley District,Azad Kashmir,2.92,1.96,9.83,4.05,2.64,0.86,2.17,1.33,0.41,0.12,0.0,0.58
34.75,74.0,Neelam Valley District,Azad Kashmir,2.82,1.95,9.63,4.03,2.6,0.84,2.16,1.38,0.4,0.12,0.0,0.55
34.75,74.25,Neelam Valley District,Azad Kashmir,2.68,1.95,9.35,3.98,2.52,0.81,2.14,1.43,0.39,0.12,0.0,0.52
34.75,74.5,Kupwara,Jammu and Kashmir,2.23,1.82,8.35,3.78,2.29,0.64,1.97,1.59,0.33,0.11,0.0,0.43
34.75,74.75,Neelam Valley District,Azad Kashmir,1.4,1.64,6.37,3.86,2.03,0.52,1.73,2.27,0.37,0.08,0.0,0.18
34.75,75.0,Astore District,Gilgit-Baltistan,1.16,1.56,5.81,3.8,1.88,0.55,1.74,2.23,0.36,0.06,0.0,0.1
34.75,75.25,Astore District,Gilgit-Baltistan,1.26,1.72,6.03,4.23,2.06,0.78,1.91,2.68,0.47,0.1,0.0,0.1
34.75,75.5,Skardu District,Gilgit-Baltistan,1.29,1.79,6.12,4.36,2.09,0.9,2.01,2.79,0.5,0.12,0.0,0.09
34.75,75.75,Skardu District,Gilgit-Baltistan,1.32,1.89,6.24,4.54,2.14,1.04,2.16,2.97,0.55,0.14,0.0,0.09
34.75,76.0,Kharmang District,Gilgit-Baltistan,1.2,1.84,5.86,4.24,1.96,1.05,2.1,2.77,0.5,0.14,0.0,0.08
34.75,76.25,Kharmang District,Gilgit-Baltistan,0.11,0.06,0.19,0.15,0.05,0.12,0.2,0.19,0.02,0.01,0.0,0.0
34.75,76.5,Unknown,Ladakh,0.08,0.0,0.04,0.04,0.01,0.09,0.14,0.12,0.01,0.0,0.0,0.0
34.75,76.75,Unknown,Ladakh,0.08,0.0,0.04,0.04,0.01,0.09,0.14,0.13,0.01,0.0,0.0,0.0
34.75,77.0,Unknown,Ladakh,0.08,0.0,0.04,0.04,0.01,0.09,0.14,0.12,0.01,0.0,0.0,0.0
34.75,77.25,Unknown,Ladakh,0.08,0.0,0.04,0.04,0.01,0.09,0.15,0.11,0.01,0.0,0.0,0.0
34.75,77.5,Unknown,Ladakh,0.08,0.01,0.04,0.03,0.01,0.09,0.13,0.15,0.01,0.0,0.0,0.0
34.75,77.75,Unknown,Ladakh,0.08,0.03,0.05,0.03,0.0,0.09,0.1,0.18,0.02,0.0,0.0,0.0
34.75,78.0,Unknown,Ladakh,0.08,0.04,0.06,0.03,0.0,0.08,0.09,0.21,0.03,0.0,0.0,0.0
34.75,78.25,Hotan County,Xinjiang,0.08,0.06,0.07,0.03,0.0,0.08,0.06,0.26,0.04,0.0,0.0,0.0
34.75,78.5,Hotan County,Xinjiang,0.08,0.07,0.08,0.02,0.0,0.07,0.02,0.32,0.05,0.0,0.0,0.0
34.75,78.75,Hotan County,Xinjiang,0.08,0.09,0.08,0.02,0.0,0.07,0.0,0.35,0.06,0.0,0.0,0.0
34.75,79.0,Hotan County,Xinjiang,0.09,0.11,0.11,0.06,0.0,0.07,0.0,0.35,0.06,0.0,0.0,0.0
34.75,79.25,Hotan County,Xinjiang,0.11,0.18,0.19,0.19,0.01,0.08,0.05,0.43,0.1,0.0,0.0,0.01
34.75,79.5,Hotan County,Xinjiang,0.15,0.3,0.36,0.43,0.07,0.1,0.13,0.56,0.16,0.01,0.0,0.02
34.75,79.75,Hotan County,Xinjiang,0.21,0.48,0.58,0.76,0.13,0.13,0.28,0.74,0.25,0.01,0.0,0.03
34.75,80.0,Rutog County,Tibet,0.28,0.69,0.85,1.14,0.21,0.2,0.51,0.99,0.36,0.02,0.0,0.05
35.0,73.75,Mansehra District,Khyber Pakhtunkhwa,2.95,1.96,9.97,3.87,2.58,0.81,2.16,1.1,0.34,0.12,0.0,0.62
35.0,74.0,Mansehra District,Khyber Pakhtunkhwa,2.88,1.96,9.8,3.91,2.57,0.82,2.15,1.21,0.36,0.12,0.0,0.59
35.0,74.25,Neelam Valley District,Azad Kashmir,2.72,1.95,9.46,3.9,2.51,0.79,2.1,1.33,0.36,0.12,0.0,0.55
35.0,74.5,Neelam Valley District,Azad Kashmir,2.26,1.81,8.4,3.77,2.3,0.65,1.96,1.54,0.33,0.1,0.0,0.44
35.0,74.75,Astore District,Gilgit-Baltistan,1.62,1.64,6.84,3.85,2.09,0.58,1.77,2.02,0.36,0.07,0.0,0.24
35.0,75.0,Astore District,Gilgit-Baltistan,1.18,1.54,5.81,3.83,1.9,0.55,1.7,2.25,0.37,0.05,0.0,0.1
35.0,75.25,Skardu District,Gilgit-Baltistan,1.26,1.64,5.96,4.15,2.04,0.72,1.81,2.55,0.45,0.08,0.0,0.1
35.0,75.5,Skardu District,Gilgit-Baltistan,1.28,1.68,6.03,4.25,2.06,0.81,1.89,2.63,0.48,0.09,0.0,0.09
35.0,75.75,Kharmang District,Gilgit-Baltistan,1.32,1.76,6.12,4.4,2.1,0.93,2.0,2.76,0.51,0.11,0.0,0.09
35.0,76.0,Kharmang District,Gilgit-Baltistan,0.63,0.83,2.74,2.03,0.94,0.54,1.02,1.39,0.26,0.07,0.0,0.04
35.0,76.25,Kharmang District,Gilgit-Baltistan,0.08,0.0,0.04,0.04,0.01,0.09,0.15,0.11,0.01,0.0,0.0,0.0
35.0,76.5,Ghanche District,Gilgit-Baltistan,0.08,0.0,0.04,0.04,0.01,0.09,0.15,0.11,0.01,0.0,0.0,0.0
35.0,76.75,Ghanche District,Gilgit-Baltistan,0.08,0.0,0.04,0.04,0.01,0.09,0.14,0.12,0.01,0.0,0.0,0.0
35.0,77.0,Unknown,Ladakh,0.08,0.0,0.04,0.04,0.01,0.09,0.14,0.12,0.01,0.0,0.0,0.0
35.0,77.25,Unknown,Ladakh,0.08,0.0,0.04,0.04,0.01,0.09,0.14,0.13,0.01,0.0,0.0,0.0
35.0,77.5,Unknown,Ladakh,0.08,0.01,0.04,0.04,0.01,0.09,0.13,0.14,0.01,0.0,0.0,0.0
35.0,77.75,Unknown,Ladakh,0.08,0.01,0.04,0.03,0.01,0.09,0.12,0.15,0.02,0.0,0.0,0.0
35.0,78.0,Unknown,Ladakh,0.08,0.02,0.05,0.03,0.01,0.09,0.12,0.16,0.02,0.0,0.0,0.0
35.0,78.25,Hotan County,Xinjiang,0.08,0.02,0.05,0.03,0.0,0.09,0.11,0.18,0.02,0.0,0.0,0.0
35.0,78.5,Hotan County,Xinjiang,0.08,0.03,0.05,0.03,0.0,0.08,0.1,0.19,0.02,0.0,0.0,0.0
35.0,78.75,Hotan County,Xinjiang,0.08,0.06,0.07,0.03,0.0,0.08,0.05,0.27,0.04,0.0,0.0,0.0
35.0,79.0,Hotan County,Xinjiang,0.09,0.08,0.09,0.04,0.0,0.07,0.03,0.31,0.05,0.0,0.0,0.0
35.0,79.25,Hotan County,Xinjiang,0.09,0.13,0.14,0.12,0.0,0.07,0.04,0.37,0.08,0.0,0.0,0.0
35.0,79.5,Hotan County,Xinjiang,0.12,0.22,0.24,0.28,0.03,0.08,0.08,0.47,0.12,0.0,0.0,0.01
35.0,79.75,Hotan County,Xinjiang,0.17,0.35,0.42,0.51,0.09,0.11,0.18,0.6,0.18,0.01,0.0,0.02
35.0,80.0,Hotan County,Xinjiang,0.22,0.52,0.63,0.83,0.15,0.15,0.34,0.8,0.27,0.02,0.0,0.03
35.25,73.75,Diamer District,Gilgit-Baltistan,2.96,1.96,10.05,3.71,2.51,0.76,2.15,0.93,0.29,0.12,0.0,0.65
35.25,74.0,Diamer District,Gilgit-Baltistan,2.95,1.96,10.01,3.75,2.52,0.78,2.15,0.98,0.31,0.12,0.0,0.64
35.25,74.25,Diamer District,Gilgit-Baltistan,2.87,1.94,9.81,3.81,2.52,0.77,2.13,1.12,0.33,0.12,0.0,0.61
35.25,74.5,Diamer District,Gilgit-Baltistan,2.43,1.84,8.79,3.76,2.35,0.68,1.99,1.37,0.32,0.11,0.0,0.49
35.25,74.75,Astore District,Gilgit-Baltistan,1.8,1.65,7.21,3.88,2.17,0.6,1.77,1.91,0.37,0.07,0.0,0.29
35.25,75.0,Astore District,Gilgit-Baltistan,1.33,1.53,6.07,3.92,2.01,0.57,1.65,2.22,0.39,0.05,0.0,0.14
35.25,75.25,Skardu District,Gilgit-Baltistan,1.26,1.52,5.87,4.05,2.02,0.64,1.68,2.37,0.42,0.05,0.0,0.1
35.25,75.5,Skardu District,Gilgit-Baltistan,1.29,1.53,5.91,4.12,2.04,0.7,1.71,2.38,0.44,0.05,0.0,0.1
35.25,75.75,Skardu District,Gilgit-Baltistan,1.32,1.54,5.94,4.2,2.07,0.74,1.73,2.44,0.46,0.05,0.0,0.1
35.25,76.0,Ghanche District,Gilgit-Baltistan,0.09,0.01,0.09,0.07,0.02,0.09,0.16,0.12,0.01,0.0,0.0,0.0
35.25,76.25,Ghanche District,Gilgit-Baltistan,0.08,0.0,0.04,0.04,0.01,0.09,0.15,0.11,0.01,0.0,0.0,0.0
35.25,76.5,Ghanche District,Gilgit-Baltistan,0.08,0.0,0.04,0.04,0.01,0.09,0.15,0.11,0.01,0.0,0.0,0.0
35.25,76.75,Ghanche District,Gilgit-Baltistan,0.08,0.0,0.04,0.04,0.01,0.09,0.15,0.11,0.01,0.0,0.0,0.0
35.25,77.0,Unknown,Ladakh,0.08,0.0,0.04,0.04,0.01,0.09,0.15,0.11,0.01,0.0,0.0,0.0
35.25,77.25,Unknown,Ladakh,0.08,0.0,0.04,0.04,0.01,0.09,0.14,0.12,0.01,0.0,0.0,0.0
35.25,77.5,Unknown,Ladakh,0.08,0.0,0.04,0.04,0.01,0.09,0.14,0.12,0.01,0.0,0.0,0.0
35.25,77.75,Unknown,Ladakh,0.08,0.0,0.04,0.04,0.01,0.09,0.14,0.12,0.01,0.0,0.0,0.0
35.25,78.0,Unknown,Ladakh,0.08,0.0,0.04,0.04,0.01,0.09,0.14,0.12,0.01,0.0,0.0,0.0
35.25,78.25,Hotan County,Xinjiang,0.08,0.0,0.04,0.04,0.01,0.09,0.14,0.12,0.01,0.0,0.0,0.0
35.25,78.5,Hotan County,Xinjiang,0.08,0.0,0.04,0.04,0.01,0.09,0.15,0.11,0.01,0.0,0.0,0.0
35.25,78.75,Hotan County,Xinjiang,0.08,0.03,0.05,0.03,0.0,0.08,0.1,0.19,0.02,0.0,0.0,0.0
35.25,79.0,Hotan County,Xinjiang,0.08,0.06,0.07,0.03,0.0,0.08,0.06,0.25,0.03,0.0,0.0,0.0
35.25,79.25,Hotan County,Xinjiang,0.09,0.09,0.1,0.08,0.0,0.08,0.05,0.3,0.05,0.0,0.0,0.0
35.25,79.5,Hotan County,Xinjiang,0.11,0.16,0.17,0.18,0.01,0.08,0.06,0.39,0.09,0.0,0.0,0.01
35.25,79.75,Hotan County,Xinjiang,0.13,0.25,0.29,0.35,0.05,0.09,0.12,0.49,0.13,0.0,0.0,0.01
35.25,80.0,Hotan County,Xinjiang,0.18,0.39,0.47,0.58,0.1,0.12,0.23,0.65,0.2,0.01,0.0,0.02
35.5,73.5,Upper Kohistan District,Khyber Pakhtunkhwa,2.96,1.96,10.06,3.68,2.5,0.77,2.15,0.9,0.29,0.12,0.0,0.66
35.5,73.75,Upper Kohistan District,Khyber Pakhtunkhwa,2.96,1.96,10.06,3.68,2.5,0.77,2.15,0.9,0.29,0.12,0.0,0.66
35.5,74.0,Diamer District,Gilgit-Baltistan,2.96,1.96,10.06,3.68,2.5,0.76,2.15,0.9,0.29,0.12,0.0,0.66
35.5,74.25,Diamer District,Gilgit-Baltistan,2.96,1.96,10.06,3.68,2.5,0.76,2.15,0.9,0.29,0.12,0.0,0.66
35.5,74.5,Diamer District,Gilgit-Baltistan,2.81,1.92,9.7,3.7,2.46,0.74,2.09,1.03,0.3,0.11,0.0,0.61
35.5,74.75,Astore District,Gilgit-Baltistan,2.06,1.69,7.82,3.84,2.24,0.66,1.83,1.62,0.35,0.07,0.0,0.37
35.5,75.0,Skardu District,Gilgit-Baltistan,1.32,1.45,5.95,3.96,2.01,0.6,1.61,2.15,0.4,0.03,0.0,0.12
35.5,75.25,Skardu District,Gilgit-Baltistan,1.3,1.41,5.81,4.02,2.02,0.6,1.56,2.2,0.42,0.02,0.0,0.1
35.5,75.5,Shigar District,Gilgit-Baltistan,1.35,1.38,5.83,4.1,2.07,0.6,1.53,2.25,0.45,0.02,0.0,0.1
35.5,75.75,Shigar District,Gilgit-Baltistan,1.75,1.19,6.04,4.75,2.5,0.53,1.27,2.72,0.68,0.0,0.0,0.12
35.5,76.0,Shigar District,Gilgit-Baltistan,0.08,0.0,0.04,0.04,0.01,0.09,0.15,0.11,0.01,0.0,0.0,0.0
35.5,76.25,Ghanche District,Gilgit-Baltistan,0.08,0.0,0.04,0.04,0.01,0.09,0.15,0.11,0.01,0.0,0.0,0.0
35.5,76.5,Ghanche District,Gilgit-Baltistan,0.08,0.0,0.04,0.04,0.01,0.09,0.15,0.11,0.01,0.0,0.0,0.0
35.5,76.75,Shigar District,Gilgit-Baltistan,0.08,0.0,0.04,0.04,0.01,0.09,0.15,0.11,0.01,0.0,0.0,0.0
35.5,77.0,Unknown,Ladakh,0.08,0.0,0.04,0.04,0.01,0.09,0.15,0.11,0.01,0.0,0.0,0.0
35.5,77.25,Unknown,Ladakh,0.08,0.0,0.04,0.04,0.01,0.09,0.15,0.11,0.01,0.0,0.0,0.0
35.5,77.5,Unknown,Xinjiang,0.08,0.0,0.04,0.04,0.01,0.09,0.15,0.11,0.01,0.0,0.0,0.0
35.5,77.75,Unknown,Xinjiang,0.08,0.0,0.04,0.04,0.01,0.09,0.15,0.11,0.01,0.0,0.0,0.0
35.5,78.0,Unknown,Xinjiang,0.08,0.0,0.04,0.04,0.01,0.09,0.15,0.11,0.01,0.0,0.0,0.0
35.5,78.25,Hotan County,Xinjiang,0.08,0.0,0.04,0.04,0.01,0.09,0.15,0.11,0.01,0.0,0.0,0.0
35.5,78.5,Hotan County,Xinjiang,0.08,0.0,0.04,0.04,0.01,0.09,0.15,0.11,0.01,0.0,0.0,0.0
35.5,78.75,Hotan County,Xinjiang,0.08,0.01,0.05,0.03,0.01,0.09,0.12,0.15,0.02,0.0,0.0,0.0
35.5,79.0,Hotan County,Xinjiang,0.08,0.04,0.06,0.03,0.0,0.08,0.09,0.2,0.03,0.0,0.0,0.0
35.5,79.25,Hotan County,Xinjiang,0.08,0.06,0.08,0.05,0.0,0.08,0.07,0.25,0.04,0.0,0.0,0.0
35.5,79.5,Hotan County,Xinjiang,0.09,0.11,0.13,0.12,0.0,0.08,0.07,0.31,0.06,0.0,0.0,0.0
35.5,79.75,Hotan County,Xinjiang,0.12,0.18,0.21,0.23,0.02,0.09,0.09,0.41,0.1,0.0,0.0,0.01
35.5,80.0,Hotan County,Xinjiang,0.15,0.28,0.34,0.41,0.07,0.1,0.16,0.52,0.15,0.01,0.0,0.02
35.5,80.25,Hotan County,Xinjiang,0.19,0.42,0.51,0.64,0.12,0.13,0.29,0.69,0.22,0.01,0.0,0.03
35.75,73.0,Upper Kohistan District,Khyber Pakhtunkhwa,0.09,0.06,0.31,0.11,0.08,0.51,0.81,7.73,0.0,0.0,0.0,0.02
35.75,73.25,Tangir District,Gilgit-Baltistan,0.88,0.58,2.99,1.1,0.75,0.58,1.19,5.86,0.09,0.04,0.0,0.19
35.75,73.5,Darel District,Gilgit-Baltistan,2.26,1.5,7.7,2.82,1.92,0.7,1.83,2.56,0.22,0.09,0.0,0.5
35.75,73.75,Darel District,Gilgit-Baltistan,2.96,1.96,10.06,3.68,2.5,0.76,2.15,0.9,0.29,0.12,0.0,0.66
35.75,74.0,Darel District,Gilgit-Baltistan,2.96,1.96,10.06,3.68,2.5,0.77,2.15,0.9,0.29,0.12,0.0,0.66
35.75,74.25,Gilgit District,Gilgit-Baltistan,2.96,1.96,10.06,3.68,2.5,0.76,2.15,0.9,0.29,0.12,0.0,0.66
35.75,74.5,Gilgit District,Gilgit-Baltistan,2.96,1.96,10.06,3.68,2.5,0.77,2.15,0.9,0.29,0.12,0.0,0.66
35.75,74.75,Astore District,Gilgit-Baltistan,2.96,1.96,10.06,3.68,2.5,0.77,2.15,0.9,0.29,0.12,0.0,0.66
35.75,75.0,Skardu District,Gilgit-Baltistan,1.79,1.16,6.07,4.83,2.55,0.52,1.19,2.78,0.71,0.0,0.0,0.12
35.75,75.25,Skardu District,Gilgit-Baltistan,1.54,1.29,5.94,4.42,2.29,0.56,1.38,2.48,0.57,0.01,0.0,0.11
35.75,75.5,Shigar District,Gilgit-Baltistan,1.44,1.33,5.88,4.26,2.18,0.58,1.45,2.36,0.51,0.01,0.0,0.11
35.75,75.75,Shigar District,Gilgit-Baltistan,1.6,1.26,5.96,4.51,2.34,0.56,1.36,2.54,0.6,0.01,0.0,0.11
35.75,76.0,Shigar District,Gilgit-Baltistan,0.59,0.42,2.01,1.52,0.78,0.25,0.55,0.92,0.2,0.0,0.0,0.04
35.75,76.25,Shigar District,Gilgit-Baltistan,0.08,0.0,0.04,0.04,0.01,0.09,0.15,0.11,0.01,0.0,0.0,0.0
35.75,76.5,Shigar District,Gilgit-Baltistan,0.08,0.0,0.04,0.04,0.01,0.09,0.15,0.11,0.01,0.0,0.0,0.0
35.75,76.75,Unknown,Xinjiang,0.08,0.0,0.04,0.04,0.01,0.09,0.15,0.11,0.01,0.0,0.0,0.0
35.75,77.0,Unknown,Xinjiang,0.08,0.0,0.04,0.04,0.01,0.09,0.15,0.11,0.01,0.0,0.0,0.0
35.75,77.25,Unknown,Xinjiang,0.08,0.0,0.04,0.04,0.01,0.09,0.15,0.11,0.01,0.0,0.0,0.0
35.75,77.75,Unknown,Xinjiang,0.08,0.0,0.04,0.04,0.01,0.09,0.15,0.11,0.01,0.0,0.0,0.0
35.75,78.0,Unknown,Xinjiang,0.08,0.0,0.04,0.04,0.01,0.09,0.15,0.11,0.01,0.0,0.0,0.0
35.75,78.25,Unknown,Xinjiang,0.08,0.0,0.04,0.04,0.01,0.09,0.15,0.11,0.01,0.0,0.0,0.0
35.75,78.5,Unknown,Xinjiang,0.08,0.0,0.04,0.04,0.01,0.09,0.15,0.11,0.01,0.0,0.0,0.0
35.75,78.75,Hotan County,Xinjiang,0.08,0.0,0.04,0.04,0.01,0.09,0.14,0.13,0.01,0.0,0.0,0.0
35.75,79.0,Hotan County,Xinjiang,0.08,0.02,0.05,0.03,0.0,0.09,0.11,0.17,0.02,0.0,0.0,0.0
35.75,79.25,Hotan County,Xinjiang,0.08,0.04,0.06,0.04,0.0,0.08,0.09,0.21,0.03,0.0,0.0,0.0
35.75,79.5,Hotan County,Xinjiang,0.09,0.07,0.09,0.08,0.0,0.08,0.08,0.25,0.04,0.0,0.0,0.0
35.75,79.75,Hotan County,Xinjiang,0.1,0.13,0.15,0.16,0.01,0.08,0.08,0.33,0.07,0.0,0.0,0.01
35.75,80.0,Hotan County,Xinjiang,0.13,0.21,0.24,0.28,0.04,0.09,0.11,0.43,0.11,0.0,0.0,0.01
35.75,80.25,Chira County,Xinjiang,0.16,0.31,0.38,0.46,0.08,0.11,0.2,0.56,0.16,0.01,0.0,0.02
36.0,72.5,Unknown,Khyber Pakhtunkhwa,0.0,0.0,0.0,0.0,0.0,0.51,0.77,8.05,0.0,0.0,0.0,0.0
36.0,72.75,Gupis-Yasin District,Gilgit-Baltistan,0.0,0.0,0.0,0.0,0.0,0.51,0.77,8.02,0.0,0.0,0.0,0.0
36.0,73.0,Gupis-Yasin District,Gilgit-Baltistan,0.04,0.03,0.16,0.04,0.04,0.51,0.79,7.87,0.0,0.0,0.0,0.01
36.0,73.25,Gupis-Yasin District,Gilgit-Baltistan,0.46,0.3,1.57,0.58,0.4,0.54,0.99,6.87,0.05,0.02,0.0,0.1
36.0,73.5,Gupis-Yasin District,Gilgit-Baltistan,1.36,0.9,4.64,1.7,1.16,0.62,1.41,4.71,0.13,0.06,0.0,0.3
36.0,73.75,Ghizer District,Gilgit-Baltistan,2.16,1.43,7.35,2.69,1.83,0.69,1.78,2.81,0.21,0.09,0.0,0.48
36.0,74.0,Ghizer District,Gilgit-Baltistan,2.56,1.7,8.71,3.19,2.16,0.73,1.96,1.86,0.25,0.11,0.0,0.57
36.0,74.25,Gilgit District,Gilgit-Baltistan,2.76,1.83,9.39,3.43,2.33,0.74,2.06,1.38,0.27,0.11,0.0,0.61
36.0,74.5,Gilgit District,Gilgit-Baltistan,2.86,1.89,9.73,3.56,2.42,0.75,2.1,1.14,0.28,0.12,0.0,0.64
36.0,74.75,Gilgit District,Gilgit-Baltistan,2.91,1.93,9.89,3.62,2.46,0.76,2.12,1.02,0.28,0.12,0.0,0.65
36.0,75.0,Shigar District,Gilgit-Baltistan,2.35,1.55,7.98,4.22,2.5,0.64,1.66,1.9,0.5,0.06,0.0,0.38
36.0,75.25,Shigar District,Gilgit-Baltistan,1.95,1.42,6.96,4.32,2.39,0.6,1.51,2.2,0.53,0.03,0.0,0.25
36.0,75.5,Shigar District,Gilgit-Baltistan,1.7,1.37,6.42,4.29,2.29,0.59,1.48,2.28,0.52,0.02,0.0,0.18
36.0,75.75,Shigar District,Gilgit-Baltistan,1.65,1.32,6.19,4.4,2.31,0.57,1.42,2.41,0.56,0.02,0.0,0.15
36.0,76.0,Shigar District,Gilgit-Baltistan,1.12,0.87,4.1,2.96,1.55,0.41,0.98,1.67,0.38,0.01,0.0,0.09
36.0,76.25,Unknown,Xinjiang,0.6,0.43,2.07,1.5,0.78,0.25,0.57,0.88,0.19,0.0,0.0,0.05
36.0,76.5,Unknown,Xinjiang,0.25,0.14,0.72,0.52,0.26,0.15,0.28,0.37,0.07,0.0,0.0,0.02
36.0,76.75,Unknown,Xinjiang,0.08,0.0,0.04,0.04,0.01,0.09,0.15,0.11,0.01,0.0,0.0,0.0
36.0,77.0,Unknown,Xinjiang,0.08,0.0,0.04,0.04,0.01,0.09,0.15,0.11,0.01,0.0,0.0,0.0
36.0,78.5,Unknown,Xinjiang,0.08,0.0,0.04,0.04,0.01,0.09,0.15,0.11,0.01,0.0,0.0,0.0
36.0,78.75,Hotan County,Xinjiang,0.08,0.0,0.04,0.04,0.01,0.09,0.14,0.12,0.01,0.0,0.0,0.0
36.0,79.0,Hotan County,Xinjiang,0.08,0.01,0.04,0.03,0.01,0.09,0.13,0.14,0.01,0.0,0.0,0.0
36.0,79.25,Hotan County,Xinjiang,0.08,0.03,0.05,0.04,0.0,0.09,0.11,0.17,0.02,0.0,0.0,0.0
36.0,79.5,Hotan County,Xinjiang,0.08,0.05,0.07,0.05,0.0,0.08,0.09,0.21,0.03,0.0,0.0,0.0
36.0,79.75,Hotan County,Xinjiang,0.09,0.09,0.11,0.11,0.0,0.08,0.09,0.26,0.05,0.0,0.0,0.0
36.0,80.0,Hotan County,Xinjiang,0.11,0.15,0.18,0.2,0.01,0.09,0.1,0.35,0.08,0.0,0.0,0.01
36.25,72.5,Unknown,Khyber Pakhtunkhwa,0.0,0.0,0.0,0.0,0.0,0.51,0.76,8.07,0.0,0.0,0.0,0.0
36.25,72.75,Gupis-Yasin District,Gilgit-Baltistan,0.0,0.0,0.0,0.0,0.0,0.51,0.77,8.05,0.0,0.0,0.0,0.0
36.25,73.0,Gupis-Yasin District,Gilgit-Baltistan,0.01,0.01,0.08,0.02,0.01,0.51,0.78,7.96,0.0,0.0,0.0,0.0
36.25,73.25,Gupis-Yasin District,Gilgit-Baltistan,0.24,0.16,0.83,0.29,0.21,0.52,0.89,7.41,0.02,0.01,0.0,0.05
36.25,73.5,Gupis-Yasin District,Gilgit-Baltistan,0.8,0.53,2.73,1.0,0.69,0.57,1.15,6.07,0.08,0.03,0.0,0.18
36.25,73.75,Ghizer District,Gilgit-Baltistan,1.48,0.98,5.04,1.85,1.26,0.63,1.46,4.44,0.14,0.06,0.0,0.33
36.25,74.0,Ghizer District,Gilgit-Baltistan,2.02,1.34,6.87,2.52,1.71,0.68,1.71,3.15,0.2,0.08,0.0,0.45
36.25,74.25,Nagar District,Gilgit-Baltistan,2.39,1.58,8.13,2.97,2.02,0.71,1.88,2.26,0.23,0.1,0.0,0.53
36.25,74.5,Hunza District,Gilgit-Baltistan,2.62,1.74,8.93,3.27,2.22,0.73,1.99,1.7,0.25,0.11,0.0,0.58
36.25,74.75,Nagar District,Gilgit-Baltistan,2.77,1.83,9.41,3.44,2.34,0.74,2.06,1.36,0.27,0.11,0.0,0.62
36.25,75.0,Nagar District,Gilgit-Baltistan,2.56,1.69,8.7,3.83,2.42,0.69,1.86,1.63,0.38,0.09,0.0,0.5
36.25,75.25,Nagar District,Gilgit-Baltistan,2.25,1.55,7.83,4.08,2.41,0.64,1.69,1.91,0.46,0.06,0.0,0.37
36.25,75.5,Hunza District,Gilgit-Baltistan,1.98,1.46,7.13,4.18,2.35,0.61,1.58,2.1,0.49,0.04,0.0,0.28
36.25,75.75,Hunza District,Gilgit-Baltistan,1.81,1.39,6.66,4.29,2.33,0.59,1.5,2.26,0.52,0.03,0.0,0.21
36.25,76.0,Hunza District,Gilgit-Baltistan,1.46,1.13,5.38,3.62,1.94,0.5,1.24,1.96,0.45,0.02,0.0,0.15
36.25,76.25,Unknown,Xinjiang,1.03,0.78,3.73,2.56,1.36,0.37,0.9,1.42,0.32,0.01,0.0,0.1
36.25,76.5,Unknown,Xinjiang,0.64,0.46,2.22,1.54,0.8,0.26,0.59,0.89,0.19,0.0,0.0,0.06
36.25,76.75,Unknown,Xinjiang,0.36,0.23,1.13,0.79,0.41,0.18,0.37,0.49,0.1,0.0,0.0,0.03
36.5,72.5,Unknown,Khyber Pakhtunkhwa,0.0,0.0,0.0,0.0,0.0,0.51,0.76,8.08,0.0,0.0,0.0,0.0
36.5,72.75,Unknown,Khyber Pakhtunkhwa,0.0,0.0,0.0,0.0,0.0,0.51,0.77,8.06,0.0,0.0,0.0,0.0
36.5,73.0,Gupis-Yasin District,Gilgit-Baltistan,0.0,0.0,0.03,0.0,0.0,0.51,0.77,8.01,0.0,0.0,0.0,0.0
36.5,73.25,Gupis-Yasin District,Gilgit-Baltistan,0.13,0.08,0.43,0.15,0.11,0.52,0.83,7.7,0.01,0.01,0.0,0.02
36.5,73.5,Gupis-Yasin District,Gilgit-Baltistan,0.46,0.3,1.58,0.58,0.4,0.54,0.99,6.89,0.05,0.02,0.0,0.1
36.5,73.75,Ghizer District,Gilgit-Baltistan,0.97,0.65,3.31,1.22,0.83,0.59,1.23,5.66,0.09,0.04,0.0,0.22
36.5,74.0,Ghizer District,Gilgit-Baltistan,1.5,0.99,5.09,1.87,1.27,0.64,1.47,4.41,0.15,0.06,0.0,0.33
36.5,74.25,Nagar District,Gilgit-Baltistan,1.94,1.29,6.61,2.42,1.65,0.67,1.68,3.33,0.19,0.08,0.0,0.43
36.5,74.5,Hunza District,Gilgit-Baltistan,2.28,1.51,7.77,2.84,1.93,0.7,1.83,2.52,0.22,0.09,0.0,0.51
36.5,74.75,Hunza District,Gilgit-Baltistan,2.52,1.67,8.59,3.14,2.14,0.72,1.95,1.94,0.24,0.1,0.0,0.56
36.5,75.0,Hunza District,Gilgit-Baltistan,2.54,1.68,8.64,3.49,2.28,0.71,1.9,1.78,0.31,0.1,0.0,0.53
36.5,75.25,Hunza District,Gilgit-Baltistan,2.4,1.62,8.24,3.78,2.34,0.68,1.79,1.85,0.39,0.08,0.0,0.45
36.5,75.5,Hunza District,Gilgit-Baltistan,2.19,1.54,7.68,3.98,2.35,0.64,1.69,1.97,0.44,0.06,0.0,0.36
36.5,75.75,Hunza District,Gilgit-Baltistan,2.0,1.47,7.17,4.13,2.34,0.62,1.59,2.11,0.48,0.04,0.0,0.29
36.5,76.0,Taxkorgan Tajik Autonomous County,Xinjiang,1.73,1.3,6.28,3.88,2.14,0.56,1.42,2.04,0.47,0.03,0.0,0.22
36.5,76.25,Taxkorgan Tajik Autonomous County,Xinjiang,1.38,1.04,5.0,3.22,1.75,0.47,1.16,1.73,0.39,0.02,0.0,0.16
36.75,73.0,Chitrāl District,Khyber Pakhtunkhwa,0.0,0.0,0.0,0.0,0.0,0.51,0.77,8.04,0.0,0.0,0.0,0.0
36.75,73.25,Chitrāl District,Khyber Pakhtunkhwa,0.06,0.04,0.22,0.07,0.05,0.51,0.8,7.87,0.0,0.0,0.0,0.01
36.75,73.5,Unknown,Khyber Pakhtunkhwa,0.26,0.17,0.9,0.32,0.23,0.53,0.89,7.38,0.03,0.01,0.0,0.06
36.75,73.75,Unknown,Khyber Pakhtunkhwa,0.62,0.41,2.11,0.77,0.53,0.56,1.06,6.53,0.06,0.03,0.0,0.14
36.75,74.0,Ghizer District,Gilgit-Baltistan,1.06,0.7,3.6,1.32,0.9,0.6,1.27,5.47,0.1,0.04,0.0,0.23
36.75,74.25,Hunza District,Gilgit-Baltistan,1.5,0.99,5.11,1.87,1.27,0.64,1.47,4.4,0.15,0.06,0.0,0.33
36.75,74.5,Hunza District,Gilgit-Baltistan,1.89,1.25,6.44,2.36,1.6,0.67,1.65,3.46,0.18,0.08,0.0,0.42
36.75,74.75,Hunza District,Gilgit-Baltistan,2.21,1.46,7.51,2.75,1.87,0.7,1.8,2.7,0.21,0.09,0.0,0.49
36.75,75.0,Hunza District,Gilgit-Baltistan,2.38,1.57,8.08,3.12,2.07,0.7,1.85,2.24,0.26,0.09,0.0,0.51
36.75,75.25,Hunza District,Gilgit-Baltistan,2.39,1.59,8.16,3.45,2.21,0.69,1.82,2.05,0.32,0.09,0.0,0.48
36.75,75.5,Taxkorgan Tajik Autonomous County,Xinjiang,2.29,1.57,7.92,3.72,2.28,0.67,1.76,2.01,0.38,0.07,0.0,0.42
36.75,75.75,Taxkorgan Tajik Autonomous County,Xinjiang,2.14,1.52,7.54,3.93,2.31,0.64,1.68,2.06,0.43,0.06,0.0,0.36
37.0,73.5,Unknown,Badakhshan Province,0.15,0.1,0.51,0.18,0.13,0.52,0.84,7.67,0.01,0.01,0.0,0.03
37.0,73.75,Unknown,Badakhshan Province,0.38,0.25,1.3,0.48,0.33,0.54,0.95,7.1,0.04,0.02,0.0,0.09
37.0,74.0,Unknown,Badakhshan Province,0.72,0.48,2.45,0.9,0.61,0.57,1.11,6.28,0.07,0.03,0.0,0.16
37.0,74.25,Unknown,Badakhshan Province,1.11,0.74,3.78,1.39,0.94,0.6,1.29,5.34,0.11,0.05,0.0,0.25
37.0,74.5,Unknown,Badakhshan Province,1.5,1.0,5.11,1.87,1.27,0.64,1.47,4.4,0.15,0.06,0.0,0.33
37.0,74.75,Hunza District,Gilgit-Baltistan,1.85,1.23,6.31,2.31,1.57,0.67,1.64,3.55,0.18,0.08,0.0,0.41
37.0,75.0,Taxkorgan Tajik Autonomous County,Xinjiang,2.12,1.4,7.19,2.71,1.82,0.68,1.74,2.89,0.22,0.09,0.0,0.46
37.0,75.25,Taxkorgan Tajik Autonomous County,Xinjiang,2.25,1.5,7.68,3.08,2.02,0.69,1.78,2.47,0.27,0.09,0.0,0.47
37.0,75.5,Taxkorgan Tajik Autonomous County,Xinjiang,2.27,1.53,7.8,3.4,2.15,0.68,1.77,2.24,0.33,0.08,0.0,0.45
37.25,74.5,Unknown,Badakhshan Province,1.15,0.76,3.91,1.43,0.97,0.6,1.31,5.26,0.11,0.05,0.0,0.25
37.25,74.75,Taxkorgan Tajik Autonomous County,Xinjiang,1.5,1.0,5.11,1.87,1.27,0.64,1.47,4.4,0.15,0.06,0.0,0.33
37.25,75.0,Taxkorgan Tajik Autonomous County,Xinjiang,1.81,1.2,6.15,2.29,1.55,0.66,1.6,3.65,0.18,0.07,0.0,0.4
37.25,75.25,Taxkorgan Tajik Autonomous County,Xinjiang,2.03,1.35,6.92,2.69,1.78,0.67,1.69,3.06,0.23,0.08,0.0,0.43
