Latitude,Longitude,District,State,Jan,Feb,Mar,Apr,May,Jun,Jul,Aug,Sep,Oct,Nov,Dec
12.75,78.25,Gudupalle,Andhra Pradesh,0.26,0,1.8,2.52,6.34,1.62,0.88,8.59,11.6,9.12,0.97,2.54
12.75,78.5,Kuppam,Andhra Pradesh,0.07,0,0.15,0.08,4.12,1.25,0.84,9.81,9.62,9.02,1.12,2.6
13,78.5,Venkatagirikota,Andhra Pradesh,0.19,0,0.1,0.25,3.93,2.51,1.09,8.55,8.38,9.99,0.99,1.43
13.25,78.75,Gangavaram,Andhra Pradesh,0.24,0,0.4,0.35,1.92,4.73,3.76,10.74,9.82,14.98,2.6,1.44
13.25,79,Thavanampalle,Andhra Pradesh,0.34,0,0.57,0.24,1.79,6.44,5.8,12.46,12.86,16.2,3.82,1.9
13.25,79.25,Gangadhara Nellore,Andhra Pradesh,0.53,0,0.55,0,1.2,3.19,2.85,6.33,7.73,7.63,2.72,1.53
13.25,79.75,Vijayapuram,Andhra Pradesh,0.06,0,0.06,0,0.2,1.54,3.29,5.81,1.49,7.71,10.51,1.62
13.5,78.5,Madanapalle,Andhra Pradesh,0.65,0,2,0.35,1.94,3.42,2.89,5.05,5.65,11.49,1.39,0.56
13.5,78.75,Somala,Andhra Pradesh,0.1,0,0.49,0.25,1.83,3.56,3.25,9.81,6.81,9.34,2.06,0.91
13.5,79,Pakala,Andhra Pradesh,0.08,0,0.59,0.32,2.24,3.27,4.05,10.62,6.34,9.13,2.25,0.82
13.5,79.25,Ramachandrapuram,Andhra Pradesh,0.15,0,0.27,0.07,1.06,2.35,2.38,5.09,6.96,6.94,5.14,0.53
13.5,79.5,Vadamalapeta,Andhra Pradesh,0.17,0,0.26,0,1.45,2.22,2.49,6.24,5.04,8.92,7.65,1.53
13.5,79.75,Kumara Venkata Bhupalapuram,Andhra Pradesh,0.2,0,0.62,0,1.04,2.69,5.31,6.68,4.44,8.27,12.09,0.91
13.5,80,Satyavedu,Andhra Pradesh,0.09,0,0.16,0,0.55,2.92,4.02,8.17,3.87,9.49,16.31,1.35
13.5,80.25,Tada,Andhra Pradesh,0.07,0,0,0,0.44,2.98,3.27,9.62,3.82,10.29,16.88,1.67
13.75,77,Agali,Andhra Pradesh,0.03,0,0.44,0.65,2.79,1.12,0.77,3.12,8.42,7.47,0.47,0.01
13.75,77.5,Hindupur,Andhra Pradesh,0,0,0.1,1,2.65,2.35,1.34,3.34,5.68,9.06,0.8,0
13.75,78.25,Pedda Thippasamudram,Andhra Pradesh,0.33,0,1.78,0.23,1.21,4.01,2.01,6.45,6.9,9.76,1.16,0.23
13.75,78.5,Thamballapalle,Andhra Pradesh,0.07,0,0.6,0,0.86,2.78,0.99,6.37,5.1,5.17,1.24,0.39
13.75,78.75,Kalikiri,Andhra Pradesh,0.07,0,0.59,0.03,0.99,2.8,1.18,7.25,5.73,5.99,1.14,0.41
13.75,79,Pileru,Andhra Pradesh,0.17,0,0.31,0.22,1.58,2.58,3.09,6.67,5.26,6.77,3.56,0.33
13.75,79.25,Tirupati (Urban),Andhra Pradesh,0.52,0,0.18,0.11,0.85,2.31,3.4,3.38,5.18,6.01,6.78,0.2
13.75,79.5,Renigunta,Andhra Pradesh,1.67,0,0,0,0.1,1.91,3.97,3.63,7.95,5.32,8.47,0.75
13.75,79.75,Thottambedu,Andhra Pradesh,0.12,0,0,0,0.28,3.44,1.82,9.27,2.09,11.04,15.18,1.04
13.75,80,Doravarisatram,Andhra Pradesh,0.05,0,0.08,0,0.33,3.42,2.24,8.65,2.23,10.32,15.28,1.03
14,77,Amarapuram,Andhra Pradesh,0,0,0.11,0.1,1.48,1.22,1.07,2.63,5.19,8.07,0.51,0
14,77.25,Madakasira,Andhra Pradesh,0,0,0.41,0.06,1.47,0.84,1,2.67,4.26,6.05,0.18,0
14,77.5,Somandepalle,Andhra Pradesh,0,0,0.54,0.32,2.15,1.66,1.02,2.27,4.98,4.48,0.41,0
14,77.75,Gorantla,Andhra Pradesh,0,0,0.22,0.31,2.01,2.33,1.03,2.96,6.09,5.65,0.51,0.01
14,78,Obuladevaracheruvu,Andhra Pradesh,0.01,0,0,0.24,1.31,3.34,1.14,2.66,6.88,7.44,0.5,0.03
14,78.25,Tanakal,Andhra Pradesh,0.08,0,0.7,0.05,0.92,3.01,0.99,6.47,7.18,7.83,0.56,0.2
14,78.5,Galiveedu,Andhra Pradesh,0,0,0.67,0,1.04,3.09,0.7,11.52,7.89,7.8,0.47,0.21
14,78.75,Sambepalle,Andhra Pradesh,0.02,0,0.93,0.04,1.06,3.12,0.87,12.47,6.86,7.25,0.74,0.11
14,79,T Sundupalle,Andhra Pradesh,0.21,0,0.08,0.21,1.13,1.78,1.78,7.55,5.12,6.81,2.15,0.03
14,79.25,Obulavaripalle,Andhra Pradesh,0.61,0,0.2,0.03,0.66,1.45,2.72,6.91,5.56,6.64,7.42,0.35
14,79.5,Venkatagiri,Andhra Pradesh,0.84,0,0.29,0,0.47,1.82,3.19,5.99,6.09,6.88,8.24,0.48
14,79.75,Ojili,Andhra Pradesh,0.42,0,0.45,0,0.35,2.9,2.34,5.65,5.26,8.59,8.62,0.48
14,80,Chittamur,Andhra Pradesh,0.08,0,0.16,0,0.3,3.24,2.09,7.48,3.3,9.23,12.59,0.71
14.25,77,Kundurpi,Andhra Pradesh,0.03,0,0.32,0.91,5.97,1.85,1.18,4.6,11.53,10.29,0.41,0.22
14.25,77.75,Kothacheruvu,Andhra Pradesh,0,0,0.53,0.08,1.41,2.53,1.27,3.31,8.61,6.56,0.28,0
14.25,78,Bukkapatnam,Andhra Pradesh,0.01,0,0.07,0.15,1.03,3.11,1.09,2.91,6.46,8.47,0.84,0.02
14.25,78.25,Talupula,Andhra Pradesh,0,0,0.01,0.02,0.61,3.52,1.36,5.96,6.63,6.11,0.61,0
14.25,78.5,Chakrayapet,Andhra Pradesh,0,0,0.15,0.03,0.88,3.5,1.12,7.46,7.25,6.75,0.76,0.05
14.25,78.75,Ramapuram,Andhra Pradesh,0,0,0.24,0.12,0.76,3.32,1.21,7.71,6.21,7.51,1.04,0.06
14.25,79,Rajampet,Andhra Pradesh,0.06,0,0.17,0.24,0.59,2.06,1.88,8.18,5.19,8.54,1.54,0
14.25,79.25,Penagalur,Andhra Pradesh,0.27,0,0.03,0.04,0.54,1.13,1.55,5.74,5.97,5.27,5.14,0.02
14.25,79.5,Rapur,Andhra Pradesh,0.36,0,0.24,0,0.44,1.75,2.08,5.35,6.13,5.9,6.55,0.16
14.25,79.75,Sydapuram,Andhra Pradesh,0.21,0,0.43,0,0.26,3.24,2.31,5.01,6.51,6.05,6.55,0.16
14.25,80,Venkatachalam,Andhra Pradesh,0.09,0,0.2,0,0.17,3.72,2.08,6.16,6.01,5.36,8.27,0.23
14.5,77,Brahmasamudram,Andhra Pradesh,0,0,0.22,0.21,2.09,3.39,2.12,7.52,7.54,5.39,0.02,0.01
14.5,77.25,Kambadur,Andhra Pradesh,0,0,0,0.65,0.91,1.76,0.93,3.26,6.18,8.83,0.32,0.01
14.5,77.5,Raptadu,Andhra Pradesh,0.02,0,0.05,0.21,0.76,3.16,1.52,1.93,9.61,7.95,0.12,0.03
14.5,77.75,Bathalapalle,Andhra Pradesh,0.06,0,0.21,0.1,0.56,4.71,1.7,2.27,6.19,9.16,0.4,0
14.5,78,Lingala,Andhra Pradesh,0,0,0.01,0.07,0.67,2.97,1.01,3.46,6.28,10.97,1.23,0
14.5,78.25,Thonduru,Andhra Pradesh,0,0,0,0.11,0.64,3.41,1.26,5.77,6.54,7.21,0.89,0
14.5,78.5,Veerapunayunipalle,Andhra Pradesh,0,0,0.1,0.36,1.09,3.57,1.37,7.21,7.69,6.15,0.9,0
14.5,78.75,Vallur,Andhra Pradesh,0.01,0,0.81,0.4,1.26,2.34,1.3,4.81,5.39,4.14,1.87,0.01
14.5,79,Sidhout,Andhra Pradesh,0.04,0,0.45,0.58,1.29,3.18,1.87,5.02,5.72,5.68,2.42,0
14.5,79.25,Gopavaram,Andhra Pradesh,0.26,0,0.07,0.17,1.05,2.09,1.64,4.87,7.91,4.17,5.65,0
14.5,79.5,Chejerla,Andhra Pradesh,0.27,0,0.02,0.1,0.89,2.62,1.61,5.21,8.89,4.13,6.44,0.01
14.5,79.75,Podalakur,Andhra Pradesh,0.02,0,0.02,0,0.08,4.21,2.02,6.09,7.12,2.77,7.16,0.05
14.5,80,Kovur,Andhra Pradesh,0.06,0,0.09,0.01,0.32,3.78,2.39,6.45,7.18,3.44,6.16,0.06
14.75,77,Kanekal,Andhra Pradesh,0,0,0.29,0.22,0.98,3.05,0.74,4.65,5.47,6.15,0.46,0.06
14.75,77.25,Uravakonda,Andhra Pradesh,0.01,0,0.08,0.2,0.48,1.99,0.98,4.08,5.03,6.82,0.14,0.05
14.75,77.5,Kudair,Andhra Pradesh,0.01,0,0.01,0.49,0.52,3.23,0.99,3.22,8.36,7.21,0.11,0.05
14.75,77.75,Narpala,Andhra Pradesh,0.03,0,0.22,0.36,0.85,3.81,1.14,3.72,6.61,8.63,0.2,0
14.75,78,Putlur,Andhra Pradesh,0.01,0,0.1,0.18,1.3,3.47,0.99,4.19,6.52,11.63,0.71,0
14.75,78.25,Muddanur,Andhra Pradesh,0,0,0,0.36,2.55,3.9,1.6,7.27,4.65,8.02,1.04,0
14.75,78.5,Yerraguntla,Andhra Pradesh,0.01,0,0,0.41,1.69,3.18,1.47,7.83,7.37,8.32,0.86,0
14.75,78.75,S.Mydukur,Andhra Pradesh,0.05,0,0.14,0.35,1.4,4.63,1.63,5.51,6.36,5.03,1.66,0
14.75,79,Brahmamgarimattam,Andhra Pradesh,0.11,0,0.13,0.22,1.98,4.68,1.8,4.78,6.43,4.09,1.98,0
14.75,79.25,Marripadu,Andhra Pradesh,0.21,0,0.06,0.08,2.06,3.76,1.95,4.54,7.63,3.2,3.56,0
14.75,79.5,Vinjamur,Andhra Pradesh,0.21,0,0.09,0.1,0.95,2.86,1.96,5.82,8.52,4.41,5.46,0
14.75,79.75,Kaligiri,Andhra Pradesh,0.02,0,0.06,0.02,0.75,3.44,3.18,8.14,7.26,3.28,3.86,0.01
14.75,80,Bogole,Andhra Pradesh,0,0,0.05,0.02,0.54,3.74,2.93,7.7,7.14,3.17,4.36,0.01
15,77,Bommanahal,Andhra Pradesh,0,0,0.27,0.16,0.84,2.18,0.75,4.77,5,5.79,0.29,0.03
15,77.25,Uravakonda,Andhra Pradesh,0.01,0,0.27,0.1,1.54,1.77,0.83,4.86,5.66,5.92,0.27,0.01
15,77.5,Pamidi,Andhra Pradesh,0.06,0,1.63,0.09,1.26,3.65,1.63,4.96,6.31,9.27,0.94,0.12
15,77.75,Peddavadugur,Andhra Pradesh,0.04,0,0.56,0.36,1.22,3.81,1,5.14,6.13,8.6,0.19,0.02
15,78,Tadpatri,Andhra Pradesh,0.02,0,0.22,0.35,1.41,4.64,0.85,6.61,5.84,8.83,0.2,0
15,78.25,Mylavaram,Andhra Pradesh,0.01,0,0,0.41,1.92,3.55,1.58,8.06,4.24,8.73,0.56,0
15,78.5,Peddamudium,Andhra Pradesh,0.02,0,0,0.4,1.49,3.03,1.58,8.59,5.59,9.16,0.37,0
15,78.75,S.Mydukur,Andhra Pradesh,0.01,0,0,0.63,0.65,3.16,2.15,6.05,7.07,3.43,1.41,0
15,79,Porumamilla,Andhra Pradesh,0.11,0,0.05,0.27,1.92,4.11,2.07,4.7,6.8,2.87,1.85,0
15,79.25,Udayagiri,Andhra Pradesh,0.13,0,0.23,0.21,2.26,3.91,2.28,3.76,6.26,2.66,2.49,0
15,79.5,Varikuntapadu,Andhra Pradesh,0,0,0.47,0.11,0.7,3.67,2.59,6.56,6.17,6.4,2.99,0
15,79.75,Kondapuram,Andhra Pradesh,0.01,0,0.07,0.05,0.8,3.46,3.41,8.45,7.24,3.5,2.71,0
15,80,Gudluru,Andhra Pradesh,0,0,0.1,0.05,0.75,3.47,3.27,8.16,6.93,3.85,2.5,0
15.25,77.25,Chippagiri,Andhra Pradesh,0,0,0.06,0.07,2.57,2.5,0.38,4.16,8.31,6.01,0.19,0
15.25,77.5,Maddikera (East),Andhra Pradesh,0,0,0.23,0.14,0.85,3.15,0.92,4.56,5.67,9.51,0.11,0.01
15.25,77.75,Peapally,Andhra Pradesh,0,0,0.04,0.53,0.37,4.35,0.98,7.5,6.39,6.8,0.02,0
15.25,78,Owk,Andhra Pradesh,0,0,0,0.46,0.41,5.96,0.5,8.71,8.92,8.76,0,0
15.25,78.25,Banaganapalle,Andhra Pradesh,0,0,0,0.86,0.92,2.28,0.51,6.98,6.9,9.47,0,0
15.25,78.5,Allagadda,Andhra Pradesh,0,0,0.01,0.7,1.09,3.01,1.77,8.55,5.49,8.97,0.05,0
15.25,78.75,Giddalur,Andhra Pradesh,0.01,0,0.04,1.12,0.64,3.34,2.64,5.15,5.75,3.28,0.9,0
15.25,79,Komarolu,Andhra Pradesh,0,0,0.32,0.84,1.25,3.98,2.11,3.18,4.66,2.72,1.04,0
15.25,79.25,Chandra Sekhara Puram,Andhra Pradesh,0.01,0,0.51,0.63,1.66,4.2,1.84,2.42,4.01,2.43,1.2,0
15.25,79.5,Kanigiri,Andhra Pradesh,0,0,0.35,0.27,0.69,3.56,2.41,6.14,6.38,4.36,1.76,0
15.25,79.75,Ponnaluru,Andhra Pradesh,0,0,0.03,0.17,0.4,4.14,2.9,7.19,7.39,3.96,1.44,0
15.25,80,Singarayakonda,Andhra Pradesh,0.01,0,0.01,0.07,0.59,3.45,3.19,7.4,5.91,3.72,1.44,0
15.5,77,Holagunda,Andhra Pradesh,0,0,0.22,0.07,1.84,2.61,0.92,3.84,7.07,4.33,0.02,0
15.5,77.25,Alur,Andhra Pradesh,0,0,0.03,0.01,0.51,4.78,0.75,3.49,10.06,3.2,0,0
15.5,77.5,Aspari,Andhra Pradesh,0,0,0.41,0.15,0.4,3.3,1.08,4.53,5.51,6.15,0.01,0
15.5,77.75,Krishnagiri,Andhra Pradesh,0,0,0.08,0.58,0.21,3.61,1.44,7.57,5,5.2,0.03,0
15.5,78,Veldurthi,Andhra Pradesh,0,0,0.08,0.16,0.3,3.24,1.88,6.11,4.98,6.2,0,0
15.5,78.25,Panyam,Andhra Pradesh,0,0,0.03,0.48,0.95,5.14,3.81,7.83,4.15,3.67,0.2,0
15.5,78.5,Nandyal,Andhra Pradesh,0,0,0.03,0.75,1.01,4.7,3.1,6.69,3.98,4.57,0.43,0
15.5,78.75,Bandi Atmakur,Andhra Pradesh,0,0,0.05,1.54,0.74,4.09,3.02,4.86,4.21,3.78,0.48,0
15.5,79,Cumbum,Andhra Pradesh,0.03,0,0.15,0.9,0.82,2.1,2.53,3.02,5.16,2.19,0.54,0
15.5,79.25,Hanumanthuni Padu,Andhra Pradesh,0,0,0.73,0.42,1.72,2.78,1.68,3.9,3.94,2.5,0.53,0
15.5,79.5,Kanigiri,Andhra Pradesh,0,0,0.7,0.6,1.01,1.73,1.57,4.69,5.11,1.82,0.39,0
15.5,79.75,Marripudi,Andhra Pradesh,0.01,0,0.05,0.06,0.55,3.33,3.54,6.04,3.67,3.56,0.47,0
15.5,80,Santhanuthala Padu,Andhra Pradesh,0.01,0,0.02,0.01,0.75,3,2.9,6.88,3.18,4.08,0.46,0
15.75,77.25,Adoni,Andhra Pradesh,0,0,1.68,0.35,1.07,3.37,1.25,6.36,6.93,4.13,0,0
15.75,77.5,Yemmiganur,Andhra Pradesh,0,0,1.54,0.11,0.93,2.8,1.42,5.57,5.9,3.19,0,0
15.75,77.75,Guduru,Andhra Pradesh,0,0,0.59,0.08,0.35,4.03,1.92,4.99,4.46,3.63,0,0
15.75,78,Kallur,Andhra Pradesh,0,0,0.21,0.07,0.05,2.68,2.83,5.85,3.83,5.05,0,0
15.75,78.25,Midthur,Andhra Pradesh,0,0,0.17,0.64,1.36,4.38,0.81,5.22,5.02,9.45,1.03,0
15.75,78.5,Pamulapadu,Andhra Pradesh,0,0,0.61,0.48,0.88,2.64,1.03,3.84,5.89,7.11,0.56,0
15.75,78.75,Velgode,Andhra Pradesh,0,0,0.03,0.51,0.8,1.81,1.89,3.46,3.15,4.15,0.47,0
15.75,79,Dornala,Andhra Pradesh,0.02,0,0.14,1,0.59,2.41,2.61,4.44,4.92,3.16,0.74,0
15.75,79.25,Markapur,Andhra Pradesh,0.02,0,0.62,0.43,1.65,1.8,1.99,5.14,3.76,2.59,0.06,0
15.75,79.5,Donakonda,Andhra Pradesh,0.04,0,0.2,0.59,1.42,3.26,1.64,7.1,4.54,2.92,0.21,0
15.75,79.75,Darsi,Andhra Pradesh,0,0,0,0.06,1.87,3.29,2.25,8.88,1.45,2.44,0.24,0
15.75,80,Addanki,Andhra Pradesh,0,0,0.05,0.01,1.02,3,2.42,8.19,2.64,4.29,0.27,0
15.75,80.25,Chinaganjam,Andhra Pradesh,0,0,0.02,0.11,0.55,3.16,2.71,8.58,6.5,5.03,0.84,0
16,78.5,Kothapalle,Andhra Pradesh,0,0,0.99,0.43,0.57,2.11,1.54,3.29,7.25,6.21,0.27,0
16,78.75,Atmakur,Andhra Pradesh,0,0,0.78,0.53,0.38,3.23,3.75,5.28,5.07,5.61,0.52,0
16,79,Dornala,Andhra Pradesh,0,0,1.31,0.41,0.34,3.69,2.88,7.18,4.97,4.44,0.23,0
16,79.25,Yerragondapalem,Andhra Pradesh,0.01,0,1.33,0.32,0.54,4.29,2.18,8.89,4.15,2.94,0.02,0
16,79.5,Tripuranthakam,Andhra Pradesh,0.01,0,0.12,0.19,1.29,10.97,8.51,11.42,4.13,4.93,0.09,0
16,79.75,Nuzendla,Andhra Pradesh,0,0,0.01,0.13,1.15,4.85,4.09,9.51,2.65,2.44,0.07,0
16,80,Ballikurava,Andhra Pradesh,0,0,0.05,0.07,0.7,3.21,2.82,8.49,3.83,4.24,0.3,0
16,80.25,Parchur,Andhra Pradesh,0,0,0.02,0.12,0.61,3.23,2.77,8.53,6.98,5.15,0.91,0
16,80.5,Ponnur,Andhra Pradesh,0,0,0,0.01,1.03,6.71,4.87,7.16,5.81,3.1,0.77,0
16,80.75,Nagaram,Andhra Pradesh,0,0,0,0,0.88,7.15,5.52,8.87,5.45,3.72,0.92,0
16,81,Koduru,Andhra Pradesh,0,0,0.12,0,0.56,6.89,6.07,5.79,3.36,4.09,0.7,0
16.25,79.25,Veldurthi,Andhra Pradesh,0,0,0.96,0.14,1.04,4.52,2.71,6.97,3.93,2.18,0.03,0
16.25,79.5,Pullalacheruvu,Andhra Pradesh,0,0,0.09,0.19,1.43,4.61,4.44,8.41,3.52,2.06,0.04,0
16.25,79.75,Bollapalle,Andhra Pradesh,0,0,0,0.13,1.33,4.53,4.15,8.91,2.84,1.99,0.02,0
16.25,80,Narasaraopet,Andhra Pradesh,0,0,0.09,0.03,2.28,5.65,4.88,5.72,3.72,3.22,0.12,0
16.25,80.25,Edlapadu,Andhra Pradesh,0,0,0.3,0,1.85,5.75,4.59,4.16,4.54,4.43,0.22,0
16.25,80.5,Chebrolu,Andhra Pradesh,0,0,0.06,0,1.95,8.5,4.38,4.93,3.02,2.36,0.07,0
16.25,80.75,Kollipara,Andhra Pradesh,0,0,0.79,0,0.77,7.43,9.24,7.54,3.6,5.06,0.4,0
16.25,81,Movva,Andhra Pradesh,0,0,0.16,0,0.52,6.66,6.45,4.82,2.05,4.59,0.49,0
16.5,79.25,Macherla,Andhra Pradesh,0,0,0.62,0.01,1.46,5.79,3.79,5.51,3.22,1.41,0.01,0
16.5,79.5,Macherla,Andhra Pradesh,0,0,0.1,0.33,2.04,4.85,5.98,8.08,5.67,3.04,0.15,0
16.5,79.75,Dachepalle,Andhra Pradesh,0,0,0.04,0.18,1.58,5.27,4.72,8.4,3.09,2.05,0.01,0
16.5,80,Bellamkonda,Andhra Pradesh,0,0,0.29,0.01,1.99,6.76,5.49,6.31,4.44,2.77,0.07,0
16.5,80.25,Pedakurapadu,Andhra Pradesh,0,0,0.3,0.01,0.94,6.14,6.17,4.35,4.62,4.35,1.34,0
16.5,80.5,Thullur,Andhra Pradesh,0,0,0.28,0.02,0.68,5.93,8.05,5.04,4.29,3.45,2.07,0
16.5,80.75,Kankipadu,Andhra Pradesh,0,0,1.53,0,1.05,7.8,13.78,9.78,3.97,6.07,0.02,0
16.5,81,Nandivada,Andhra Pradesh,0,0,0.16,0,1.2,4.77,6.96,6.9,3.43,5.23,0.03,0
16.5,81.25,Kalidindi,Andhra Pradesh,0,0,0,0,0.14,4.72,8.6,4.68,3.6,3.4,0.05,0
16.5,81.5,Bhimavaram,Andhra Pradesh,0,0,0.01,0,0.64,3.97,6.71,4.58,5.96,5.43,0.15,0
16.5,81.75,Yelamanchili,Andhra Pradesh,0,0,0.03,0,0.67,8.13,8.56,9.27,5.63,7.19,0.26,0
16.5,82,Allavaram,Andhra Pradesh,0,0,0.06,0.15,1.02,8.67,8.07,9.54,4.85,6.34,0.15,0
16.75,80.25,Chandarlapadu,Andhra Pradesh,0,0,0.41,0.01,0.84,6.51,7.26,5.9,3.05,1.53,0.77,0
16.75,80.5,G.Konduru,Andhra Pradesh,0,0,0.1,0.06,0.99,6.45,7.27,6.58,4.51,4.27,0.66,0
16.75,80.75,Agiripalle,Andhra Pradesh,0,0,0.08,0.06,1.08,6.17,7.03,7.57,3.95,4.19,0.12,0
16.75,81,Pedavegi,Andhra Pradesh,0,0,0.1,0.06,0.52,4.96,6.65,8.34,2.36,3.24,0.26,0
16.75,81.25,Bhimadole,Andhra Pradesh,0,0,0.03,0.35,0.12,6.5,8.42,7.14,3.54,3.69,0.07,0
16.75,81.5,Pentapadu,Andhra Pradesh,0,0,0,0.11,1.26,3.58,9.73,7.27,3.29,3.05,0.08,0
16.75,81.75,Peravali,Andhra Pradesh,0,0,0.08,0.59,1.1,8,8.11,8.28,5.8,6.57,0.18,0
16.75,82,K. Gangavaram,Andhra Pradesh,0,0,0.13,0.93,0.95,6.83,7.6,5.53,4.06,4.74,0.09,0
16.75,82.25,Thallarevu,Andhra Pradesh,0,0,0.21,0.78,0.94,7.29,7.3,6.25,4.2,4.27,0.06,0
17,80.25,Vatsavai,Andhra Pradesh,0,0,0.43,0,1.05,7.35,6.4,7.13,3.83,1.33,0.14,0
17,80.5,Gampalagudem,Andhra Pradesh,0,0,0.09,0.02,0.73,6.85,6.55,6.92,4.24,2.69,0.16,0
17,80.75,Vissannapeta,Andhra Pradesh,0,0,0.37,0.04,1.01,6.35,7.61,7.88,3.75,3.7,0.15,0
17,81,Chintalapudi,Andhra Pradesh,0,0,0.75,0,0.4,5.7,8.26,9.56,3.41,4.2,0.23,0
17,81.25,Kamavarapukota,Andhra Pradesh,0,0,1.31,0.02,0.31,4.59,6.45,8.71,1.98,3.63,0.01,0
17,81.5,Devarapalle,Andhra Pradesh,0,0,0.56,0.28,1.27,4.82,6.07,4.17,5.73,7.03,0.09,0
17,81.75,Rajahmundry (Urban),Andhra Pradesh,0,0,0.14,0.14,4.08,7.51,6.94,6.94,4.07,3.08,0.01,0
17,82,Rangampeta,Andhra Pradesh,0,0,0.15,0.54,0.34,5.36,7.48,3.92,3.04,3.15,0.07,0
17,82.25,Kakinada (Rural),Andhra Pradesh,0,0,0.56,0.84,0.59,7.33,6.92,5.19,4.55,3.72,0.06,0
17.25,81.25,Jeelugu Milli,Andhra Pradesh,0,0,0.64,0.55,0.7,5.99,8.17,8.44,4.97,6.07,0.22,0
17.25,81.5,Buttayagudem,Andhra Pradesh,0,0,0.33,0.88,1.28,6.52,7.84,7.4,6.56,7.19,0.24,0
17.25,81.75,Devipatnam,Andhra Pradesh,0,0,0.33,0.4,1.94,7.84,6.76,5.9,5.64,2.4,0.18,0
17.25,82,Jaggampeta,Andhra Pradesh,0,0,0.03,0.41,1.21,9.78,8.3,4.7,6.26,1.53,0.5,0
17.25,82.25,Prathipadu,Andhra Pradesh,0,0,1.31,0.53,0.36,9.96,6.09,6.61,5.62,3.32,0.07,0
17.25,82.5,Thondangi,Andhra Pradesh,0,0,1.27,0.4,0.69,9.46,4.93,7.49,6.18,3.27,0.03,0
17.5,81.25,Velairpadu,Andhra Pradesh,0,0,0.12,0.47,0.74,8.9,10.28,9.91,4.14,2.64,0.09,0
17.5,81.5,Vararamachandrapuram,Andhra Pradesh,0,0,0.12,0.18,1.66,5.81,3.62,7.57,5.9,3.98,0.11,0
17.5,81.75,Maredumilli,Andhra Pradesh,0,0,0.11,0.27,1.78,6.72,4.97,7,5.88,3.7,0.19,0
17.5,82,Addateegala,Andhra Pradesh,0,0,0.45,0.42,1.32,8.9,6.83,5.96,7.05,2.43,0.35,0
17.5,82.25,Rajavommangi,Andhra Pradesh,0,0,1.16,0.43,0.96,9.04,5.09,7.45,7.27,3.57,0.08,0
17.5,82.5,Kotananduru,Andhra Pradesh,0,0,1.14,0.21,1.06,8.91,3.94,8.34,6.46,2.86,0.02,0
17.5,82.75,Yelamanchili,Andhra Pradesh,0,0,0.94,0.16,1.15,7.27,3.3,8.18,4.71,2.33,0.02,0
17.75,81.25,Chintur,Andhra Pradesh,0,0,0,0.02,0.48,10.7,12.23,8.59,4.25,2.19,0,0
17.75,81.5,Chintur,Andhra Pradesh,0,0,0.07,0.12,1.12,7.95,7.63,8.39,5.11,2.98,0.06,0
17.75,81.75,Maredumilli,Andhra Pradesh,0,0,0.16,0.28,1.93,6.14,5.45,6.82,6.83,2.86,0.27,0
17.75,82,Y. Ramavaram,Andhra Pradesh,0,0,0.44,0.43,2.44,4.75,5.12,7.16,8.74,3.03,0.32,0
17.75,82.25,Koyyuru,Andhra Pradesh,0,0,0.51,0.52,2.48,5.66,4.62,7.78,9.24,3.58,0.29,0
17.75,82.5,Koyyuru,Andhra Pradesh,0,0,0.8,0.32,1.6,8.21,3.34,8.5,8.61,3.58,0.05,0
17.75,82.75,Ravikamatham,Andhra Pradesh,0,0,0.64,0.36,1.42,5.69,2.91,7.42,4.87,2.74,0.01,0
17.75,83,Anakapalle,Andhra Pradesh,0,0,0.78,0,1.07,4.8,2.7,7.69,2.31,4.49,0.18,0
17.75,83.25,Visakhapatnam (Urban),Andhra Pradesh,0,0,0.62,0,0.53,4.36,3.12,8.87,1.82,2.44,0.23,0
18,82,Gudem Kotha Veedhi Mandal,Andhra Pradesh,0,0,0.38,0.69,2.49,6.12,7.36,10.91,9.48,3.69,0.31,0
18,82.5,G.Madugula,Andhra Pradesh,0,0,0.56,2.03,3.17,9.17,4.81,9.88,6.38,6.16,0.5,0.01
18,82.75,Paderu,Andhra Pradesh,0,0,1.66,0.99,3.19,4.57,2.34,12.18,5.73,7.5,0.17,0.05
18,83,Devarapalle,Andhra Pradesh,0,0,2.21,0.59,2.54,4.28,2.52,11.73,6.46,6.92,0.2,0.03
18,83.25,Jami,Andhra Pradesh,0,0,1.41,0,0.75,3.37,5.44,10.55,3.11,2.61,0.29,0
18,83.5,Bhogapuram,Andhra Pradesh,0,0,1.87,0.05,0.68,3.4,5.58,10.37,3.33,3.04,0.43,0
18.25,82.5,Peda Bayalu,Andhra Pradesh,0,0,0.34,1.8,1.8,8.04,5.52,9.52,5.66,7.02,0.56,0
18.25,82.75,Dumbriguda,Andhra Pradesh,0,0,0.98,1.31,1.68,5.89,4.58,10.38,5.59,7.83,0.51,0.01
18.25,83,Ananthagiri,Andhra Pradesh,0,0,1.13,0.05,2.52,4.41,4.13,12.51,7.34,6.3,0.87,0
18.25,83.25,Ananthagiri,Andhra Pradesh,0,0,1.21,0,0.84,3.42,4.92,12.01,5.93,3.95,1.02,0
18.25,83.5,Gurla,Andhra Pradesh,0,0,2.48,0.14,0.1,2.83,3.92,7.33,2.62,3.06,0.6,0
18.25,83.75,Laveru,Andhra Pradesh,0,0,0.66,0.3,0.23,4.86,7.21,8.35,2.86,6.29,3.38,0
18.5,82.5,Munchingi Puttu,Andhra Pradesh,0,0,0.08,1.13,1.2,7.67,7.94,10.06,5.36,7.65,0.53,0
18.5,83.25,Ramabhadrapuram,Andhra Pradesh,0,0,0.52,0.02,1.76,5.07,4.52,9.56,6.06,5.76,1.67,0
18.5,83.5,Therlam,Andhra Pradesh,0,0,1.16,0,1.05,4.95,6.3,9.66,6.87,4.93,1.83,0
18.5,83.75,Regidi Amadalavalasa,Andhra Pradesh,0,0,0.74,0.4,0.68,5.37,7.73,10.21,4.48,5.77,3.16,0
18.5,84,Jalumuru,Andhra Pradesh,0,0,0.76,0.79,0.32,5.07,8.82,11.99,3.25,5.74,3.43,0
18.75,83.25,Makkuva,Andhra Pradesh,0,0,1.41,0.29,1.5,4.59,6.97,12.59,8.03,5.06,0.89,0
18.75,83.5,Garugubilli,Andhra Pradesh,0.01,0,0.97,0.17,1.56,3.23,6.8,11.35,5.39,3.94,1.05,0
18.75,83.75,Seethampeta,Andhra Pradesh,0,0,1.59,1.02,1.75,5.85,7.71,11.88,4.87,3.26,2.41,0
18.75,84,Pathapatnam,Andhra Pradesh,0,0,1.52,0.57,1.01,4.64,10.14,16.64,3.57,4.46,3.48,0
18.75,84.25,Meliaputti,Andhra Pradesh,0,0,1.75,0.45,1.71,4.42,10.56,15.71,4.68,4.72,5.16,0.05
19,83.5,Gummalakshmipuram,Andhra Pradesh,0,0,0.85,0.21,2.99,4.32,10.52,11.54,6.11,4.92,3.14,0
19,84.5,Kanchili,Andhra Pradesh,0,0,1.3,1.27,0.92,5.25,11.91,8.4,4.49,5.3,6.48,0.04
26.75,95.25,Pangchao SDO,Arunachal Pradesh,0.04,2.71,4.13,7.57,8.34,7.99,11.7,9.88,8.86,5.92,0.26,0
27,92.25,Shergaon Circle,Arunachal Pradesh,0,1.31,1.39,5.83,5.1,11.98,7.44,10.81,7.69,2.02,0.09,0
27,92.5,Bhalukpong EAC,Arunachal Pradesh,0.01,1.06,1.51,7.15,5.46,10.19,7.29,9.67,6.66,1.75,0.11,0
27,93,Seijosa,Arunachal Pradesh,0.09,1.95,2.96,10.13,10.85,18.44,24.7,13.12,12.39,8.96,0.41,0.01
27,93.25,Pakke Kessang,Arunachal Pradesh,0.11,1.94,2.77,10.93,11.68,21.69,29.73,15.1,13.46,10.15,0.53,0.01
27,93.5,Balijan ADC,Arunachal Pradesh,0.07,1.4,2.1,9.65,12.03,12.91,20.37,9.75,12.87,7.24,0.84,0
27,95.25,Kanubari ADC,Arunachal Pradesh,0.03,2.59,3.73,7.53,7.71,7.83,11.05,9.15,7.99,5.88,0.28,0
27,95.5,Khonsa HQ,Arunachal Pradesh,0.03,2.15,3.9,7.63,7.48,7.63,10.78,9.41,7.99,5.89,0.39,0
27,95.75,Khimiyang EAC,Arunachal Pradesh,0.09,2.04,4.99,8.64,7.43,8.01,12.47,10.66,9.11,6.17,0.57,0
27.25,92.25,Dirang ADC,Arunachal Pradesh,0.01,1.08,1.52,7.07,5.21,10.24,7.14,9.58,7.19,1.9,0.06,0
27.25,92.5,Singchung ADC,Arunachal Pradesh,0,0.39,1.86,9.44,5.61,6.29,6.22,7.68,5.64,1.04,0.02,0
27.25,92.75,Thrizino ADC,Arunachal Pradesh,0,0.38,1.95,9.74,5.89,6.62,7.21,7.88,5.98,1.38,0.03,0
27.25,93,Seppa HQ,Arunachal Pradesh,0.07,1.38,2.47,10.62,9.87,16.35,22.13,12.58,10.69,7.16,0.36,0.01
27.25,93.25,Leporiang Circle,Arunachal Pradesh,0.12,1.91,2.75,10.98,11.93,21.38,29.67,15,13.85,10.22,0.54,0.01
27.25,93.5,Sagalee ADC,Arunachal Pradesh,0.31,1.83,3.01,10.22,13.54,18.02,27.76,13.14,14.45,11.22,0.64,0
27.25,93.75,Toru Circle,Arunachal Pradesh,0.46,1.88,3.36,11.11,14.04,18.59,30.37,13.7,16.35,13.06,0.62,0
27.25,95.75,Namtok EAC,Arunachal Pradesh,0.14,1.79,5.8,9.25,7.82,8.59,13.78,11.71,10.25,6.67,0.67,0
27.25,96,Manmao EAC,Arunachal Pradesh,0.16,1.62,6.26,9.52,7.93,8.57,14.26,12.35,10.84,6.64,0.68,0
27.25,97,Vijoynagar EAC,Arunachal Pradesh,0.17,1.36,6.74,9.8,7.98,8.44,14.83,13.05,11.52,6.61,0.7,0
27.5,91.75,Bongkhar Circle,Arunachal Pradesh,0.04,2.07,1.31,6.66,5.14,12.19,8.13,8.97,8.78,3.48,0.16,0
27.5,92,Jang ADC,Arunachal Pradesh,0.02,1.23,1.51,7.47,5.25,10.07,7.49,8.9,7.58,2.21,0.07,0
27.5,92.25,Dirang ADC,Arunachal Pradesh,0.01,0.82,1.67,8.25,5.37,8.44,6.82,8.52,6.66,1.65,0.04,0
27.5,92.5,Nafra EAC,Arunachal Pradesh,0,0.49,1.88,9.39,5.75,7.22,7.2,8.21,6,1.45,0.04,0
27.5,92.75,Lada Circle,Arunachal Pradesh,0.01,0.51,1.99,9.78,6.23,7.88,8.83,8.51,6.45,2,0.06,0
27.5,93,Bameng ADC,Arunachal Pradesh,0.06,0.97,2.34,10.46,8.5,12.4,16.5,10.68,9.01,5.1,0.23,0.01
27.5,93.25,Gyawe Purang Circle,Arunachal Pradesh,0.17,2.04,3.52,11.45,12.22,20.63,28.85,15.64,13.24,10.58,0.52,0.01
27.5,93.5,Mengio EAC,Arunachal Pradesh,0.18,2.22,4.98,12.71,11.55,17.4,27.76,17.58,14.77,10.95,0.43,0.01
27.5,93.75,Yachuli ADC,Arunachal Pradesh,0.17,1.9,3.42,13.32,10.28,18.94,34.53,17.55,18.99,12.47,0.39,0.02
27.5,94,Dollungmukh Circle,Arunachal Pradesh,0.12,1.84,2.42,12.79,9.49,18.78,36.73,16.7,20.22,12.48,0.31,0.02
27.5,96,Bordumsa ADC,Arunachal Pradesh,0.17,1.52,6.57,9.69,8.04,8.62,14.67,12.81,11.3,6.69,0.69,0
27.5,96.25,Miao ADC,Arunachal Pradesh,0.17,1.7,6.42,9.61,8.13,8.83,14.52,12.58,11.06,6.76,0.7,0
27.5,96.5,Miao ADC,Arunachal Pradesh,0.17,1.49,6.65,9.74,8.06,8.61,14.74,12.9,11.38,6.67,0.7,0
27.5,96.75,Miao ADC,Arunachal Pradesh,0.17,1.37,6.73,9.8,7.98,8.44,14.82,13.04,11.52,6.62,0.7,0
27.75,91.75,Zemithang Circle,Arunachal Pradesh,0.02,1.38,1.49,7.33,5.24,10.5,7.75,9.09,8.05,2.35,0.07,0
27.75,92,Thingbu Circle,Arunachal Pradesh,0.01,0.93,1.63,8,5.34,8.93,7,8.75,6.97,1.67,0.05,0
27.75,92.25,Thingbu Circle,Arunachal Pradesh,0,0.65,1.74,8.61,5.44,7.71,6.56,8.34,6.33,1.36,0.03,0
27.75,92.5,Nafra EAC,Arunachal Pradesh,0,0.57,1.86,9.01,5.82,7.95,7.62,8.64,6.4,1.66,0.05,0
27.75,92.75,Sawa Circle,Arunachal Pradesh,0.02,0.68,2.03,9.7,6.66,9.39,10.7,9.27,7.04,2.74,0.1,0
27.75,93,Sawa Circle,Arunachal Pradesh,0.03,1.35,4.01,11.44,8.43,11.42,14.26,12.83,7.86,4.75,0.2,0
27.75,93.25,Phassang,Arunachal Pradesh,0.08,2.63,6.99,13.15,11.35,16.24,20.83,19.14,9.61,8.62,0.41,0
27.75,93.5,Sangram SDO,Arunachal Pradesh,0.04,2.81,8.18,14.04,10.75,14.46,18.93,20.67,9.17,8.22,0.34,0
27.75,94.75,Likabali SDO,Arunachal Pradesh,0.22,4.09,4.67,10.26,13.34,14.42,17.04,15.09,9.66,7.66,0.03,0.04
27.75,96,Chongkham EAC,Arunachal Pradesh,0.22,2.18,6.94,10.92,9.29,10.66,15.44,14.97,11.23,7.28,0.67,0.01
27.75,96.25,Chongkham EAC,Arunachal Pradesh,0.21,2.01,6.88,10.92,9,10.43,15.23,14.88,11.13,7.09,0.68,0.01
27.75,96.5,Wakro Circle,Arunachal Pradesh,0.18,1.61,6.78,10.15,8.35,9.14,14.98,13.62,11.41,6.81,0.7,0
27.75,96.75,Hawai HQ,Arunachal Pradesh,0.17,1.37,6.73,9.8,7.99,8.46,14.82,13.04,11.51,6.62,0.7,0
27.75,97,Hawai HQ,Arunachal Pradesh,0.17,1.36,6.74,9.8,7.98,8.44,14.83,13.05,11.52,6.61,0.7,0
28,92.75,Sarli Circle,Arunachal Pradesh,0.01,0.9,3.4,10.88,6.86,8.36,9.51,10.68,6.15,2.73,0.1,0
28,93,Sarli Circle,Arunachal Pradesh,0.01,2.14,6.59,12.87,9.42,12.21,14.54,17,7.3,5.82,0.25,0
28,93.25,Sarli Circle,Arunachal Pradesh,0.04,2.81,8.15,13.93,10.83,14.46,18.77,20.59,9.1,8.16,0.34,0
28,93.5,Parsi-Parlo,Arunachal Pradesh,0.03,2.9,8.74,14.18,10.57,13.92,17.3,21.02,8.16,7.79,0.32,0.01
28,93.75,Tali ADC,Arunachal Pradesh,0.01,2.99,9.18,14.23,10.44,13.46,15.8,21.31,7.45,7.34,0.3,0.01
28,94,Chetam Peer Yapu Circle,Arunachal Pradesh,0.08,2.58,6.95,12.01,9.08,14.75,19.92,17.7,11.61,8.37,0.21,0.07
28,94.25,Dumporijo ADC,Arunachal Pradesh,0.2,2.35,5.55,7.73,7.48,14.29,17.1,12.17,12.98,7.85,0.03,0.18
28,94.5,Maro Circle,Arunachal Pradesh,0.18,2.28,5.22,7.8,7.73,14.94,18.1,12.89,12.35,7.55,0.01,0.18
28,94.75,Basar ADC,Arunachal Pradesh,0.08,2.12,5.1,9.68,8.95,17.04,21.46,18.19,11.31,6.95,0.01,0.13
28,95,Koyu EAC,Arunachal Pradesh,0.1,2.36,5.88,15.25,11.91,21.58,25.72,27.2,15.05,9.5,0,0.04
28,95.25,Bilat Circle,Arunachal Pradesh,0.42,3.84,8.77,19.72,15.04,22.38,22.12,31.58,12.14,9.66,0.18,0.09
28,95.5,Namsing Circle,Arunachal Pradesh,0.56,4.5,9.93,22.42,16.35,24.58,21.33,35.15,10.92,9.95,0.31,0.12
28,95.75,Roing HQ,Arunachal Pradesh,0.44,4,8.73,17.88,13.97,19.41,18.82,26.99,10.74,9.12,0.46,0.08
28,96,Koronu Circle,Arunachal Pradesh,0.33,3.06,7.83,14.35,11.57,14.88,17.1,20.87,10.99,8.18,0.57,0.05
28,96.25,Tezu HQ,Arunachal Pradesh,0.27,2.43,7.42,12.7,10.22,12.56,16.27,18.01,11.2,7.62,0.63,0.03
28,96.5,Hayuliang Circle,Arunachal Pradesh,0.21,1.79,7.03,11.06,8.9,10.18,15.44,15.19,11.4,7.03,0.67,0.01
28,96.75,Manchal Circle,Arunachal Pradesh,0.18,1.38,6.75,9.86,8.02,8.52,14.86,13.16,11.51,6.63,0.7,0
28,97,Walong Circle,Arunachal Pradesh,0.17,1.36,6.74,9.8,7.98,8.44,14.83,13.05,11.52,6.61,0.7,0
28,97.25,Hawai HQ,Arunachal Pradesh,0.17,1.36,6.74,9.8,7.98,8.44,14.83,13.05,11.52,6.61,0.7,0
28.25,93,Damin Circle,Arunachal Pradesh,0,2.63,8.3,13.8,9.94,12.38,14.21,19.61,6.69,6.33,0.28,0
28.25,93.25,Damin Circle,Arunachal Pradesh,0.01,2.9,8.9,14.32,10.41,13.38,16.12,21.12,7.51,7.3,0.31,0
28.25,93.5,Pipsorang Circle,Arunachal Pradesh,0.03,2.91,8.73,13.92,10.3,13.8,16.85,20.75,8.38,7.65,0.3,0.02
28.25,93.75,Pipsorang Circle,Arunachal Pradesh,0.05,2.88,8.36,13.7,9.95,14.25,18.11,19.97,9.81,8.27,0.29,0.04
28.25,94,Taliha ADC,Arunachal Pradesh,0.1,2.84,7.88,11.6,9.19,14.07,16.37,17.4,10.39,7.85,0.24,0.11
28.25,94.25,Taliha ADC,Arunachal Pradesh,0.18,2.75,6.71,9.06,7.99,14.51,18.03,12.29,12.42,8.88,0.23,0.23
28.25,94.5,Darak Circle,Arunachal Pradesh,0.1,2.16,5.15,7.5,7.67,14.84,19.17,13.69,10.35,6.35,0.05,0.19
28.25,94.75,Kamba ADC,Arunachal Pradesh,0.03,1.88,4.31,3.62,6.12,11.92,17.07,9.29,5.37,3.22,0.01,0.22
28.25,95,Rebo Perging Circle,Arunachal Pradesh,0.11,2.28,5.77,13.4,10.81,20.29,24,24.52,12.66,8.1,0.02,0.1
28.25,95.25,Katan Circle,Arunachal Pradesh,0.6,4.03,10.37,24.45,16.76,26.78,23.18,39.51,11.37,9.86,0.16,0.15
28.25,95.5,Mebo ADC,Arunachal Pradesh,0.65,4.36,10.86,25.56,17.4,27.33,22.89,40.74,11.22,10.2,0.23,0.15
28.25,95.75,Roing HQ,Arunachal Pradesh,0.56,4.36,9.88,21.79,15.97,23.25,20.65,33.82,10.72,9.66,0.32,0.12
28.25,96,Hunli SDO,Arunachal Pradesh,0.5,3.94,9.44,20.24,14.79,21.26,19.86,31.05,10.87,9.29,0.41,0.1
28.25,96.25,Desali Circle,Arunachal Pradesh,0.44,3.35,8.92,18.24,13.32,18.58,18.86,27.52,11.05,8.74,0.48,0.08
28.25,96.5,Metengliang Circle,Arunachal Pradesh,0.3,2.24,7.79,13.88,10.46,13.21,16.76,20.03,11.33,7.59,0.6,0.04
28.25,96.75,Goiliang Circle,Arunachal Pradesh,0.18,1.43,6.84,10.18,8.2,8.86,15,13.71,11.5,6.69,0.69,0
28.25,97,Kibithu Circle,Arunachal Pradesh,0.17,1.36,6.74,9.8,7.98,8.44,14.83,13.05,11.52,6.61,0.7,0
28.25,97.25,Kibithu Circle,Arunachal Pradesh,0,0,0,0,0,0,0,0,0,0,0,0
28.5,93.25,Taksing Circle,Arunachal Pradesh,0,3.1,9.58,14.62,10.58,13.41,15.33,21.64,7.15,7.45,0.33,0.01
28.5,93.5,Limeking Circle,Arunachal Pradesh,0.06,3.29,9.78,15.03,10.65,14.18,16.35,20.89,8.91,8.84,0.4,0.06
28.5,93.75,Nacho SDO,Arunachal Pradesh,0.12,3.58,10.12,15.43,10.73,15.19,17.33,19.69,11.08,10.65,0.51,0.13
28.5,94,Siyum ADC,Arunachal Pradesh,0.24,4.17,10.87,16.56,10.97,17.26,19.87,17.4,15.56,14.49,0.73,0.28
28.5,94.25,Mechuka ADC,Arunachal Pradesh,0.29,4.32,10.53,16.39,10.87,18.71,21.59,16.1,17.27,15.8,0.81,0.36
28.5,94.5,Tato EAC,Arunachal Pradesh,0.21,3.62,8.82,13.51,9.91,17.66,21.13,15.75,14.36,12.43,0.58,0.31
28.5,94.75,Boleng ADC,Arunachal Pradesh,0.12,2.64,6.52,10.87,9.15,17.17,21.44,17.15,12.09,8.69,0.24,0.21
28.5,95,Riga EAC,Arunachal Pradesh,0.28,2.92,7.39,16.51,12.31,21.87,22.98,28.14,11.54,8.62,0.12,0.15
28.5,95.25,Mariyang ADC,Arunachal Pradesh,0.43,3.43,8.76,19.96,14.41,23.85,22.79,33.12,11.15,8.85,0.11,0.14
28.5,95.5,Dambuk ADC,Arunachal Pradesh,0.54,4.09,9.84,23.31,16.37,25.98,23.08,37.46,11.91,10.13,0.22,0.12
28.5,95.75,Anelih,Arunachal Pradesh,0.57,4.32,10.09,23.47,16.58,25.76,22.37,37.28,11.38,10.1,0.26,0.13
28.5,96,Kronli (Arzoo circle),Arunachal Pradesh,0.61,4.3,10.47,23.93,16.59,25.06,21.57,37.45,10.88,9.88,0.31,0.14
28.5,96.25,Desali Circle,Arunachal Pradesh,0.61,4.03,10.49,23.9,16.23,24.35,21.48,37.26,11,9.7,0.33,0.13
28.5,96.5,Lohit District,Arunachal Pradesh,0.55,3.49,10.09,22.27,15.03,22.02,20.66,34.43,11.15,9.17,0.37,0.12
28.5,96.75,Chaglagam Circle,Arunachal Pradesh,0.24,1.75,7.36,12.11,9.28,10.94,15.91,17.01,11.46,7.08,0.64,0.02
28.75,94,Mechuka ADC,Arunachal Pradesh,0.35,5.21,13.15,20.52,12.41,19.93,22.58,17.65,19.8,19.65,1.12,0.41
28.75,94.25,Monigong EAC,Arunachal Pradesh,0.38,5.47,13.37,21.41,12.76,21.01,23.34,17.95,20.81,20.7,1.22,0.45
28.75,94.5,Payum Circle,Arunachal Pradesh,0.37,5.43,13.23,21.31,12.74,20.94,23.39,18.24,20.75,20.5,1.21,0.44
28.75,94.75,Migging Circle,Arunachal Pradesh,0.31,4.63,11.35,18.55,11.88,20.09,22.9,18.66,17.97,16.93,0.91,0.37
28.75,95,Yingkiong Circle,Arunachal Pradesh,0.27,3.73,9.36,16.4,11.48,20.03,22.6,21.19,14.81,12.73,0.54,0.27
28.75,95.25,Singa Circle,Arunachal Pradesh,0.4,3.41,8.83,19.67,13.89,23.86,23.22,31.98,11.94,9.55,0.19,0.17
28.75,95.5,Etalin Circle,Arunachal Pradesh,0.52,3.79,9.63,22.61,15.67,26.09,23.23,36.97,11.35,9.52,0.17,0.15
28.75,95.75,Etalin Circle,Arunachal Pradesh,0.63,4.25,10.71,25.54,17.29,27.74,23.32,40.94,11.52,10.26,0.22,0.15
28.75,96,Anini Circle,Arunachal Pradesh,0.69,4.41,11.3,26.91,17.9,28.31,23.17,42.83,11.09,10.3,0.23,0.16
28.75,96.25,Etalin Circle,Arunachal Pradesh,0.72,4.41,11.61,27.83,18.17,28.18,23.29,44.06,11,10.29,0.22,0.17
28.75,96.5,Etalin Circle,Arunachal Pradesh,0,0,0,0,0,0,0,0,0,0,0,0
29,94.5,Tuting ADC,Arunachal Pradesh,0.39,5.57,13.53,21.89,12.95,21.06,23.52,18.44,21.16,21.09,1.26,0.45
29,94.75,Tuting ADC,Arunachal Pradesh,0.36,5.23,12.75,20.63,12.54,20.63,23.3,18.53,20.03,19.56,1.13,0.42
29,95,Tuting ADC,Arunachal Pradesh,0.33,4.65,11.53,19.24,12.28,20.62,23.12,20.1,18.07,16.86,0.89,0.36
29,95.25,Etalin Circle,Arunachal Pradesh,0.43,4.12,10.51,21.04,14.04,23.64,23.29,29.31,14.46,12.81,0.49,0.25
29,95.5,Etalin Circle,Arunachal Pradesh,0.56,3.94,10.35,23.96,16.14,26.92,23.59,38.26,11.95,10.29,0.22,0.17
29,95.75,Mipi Circle,Arunachal Pradesh,0.69,4.27,11.26,26.91,17.81,29.19,23.61,43.3,11.25,10.24,0.19,0.17
29,96,Anini Circle,Arunachal Pradesh,0.73,4.43,11.7,27.93,18.33,29.85,23.49,44.71,11.03,10.34,0.21,0.17
29,96.25,Etalin Circle,Arunachal Pradesh,0.74,4.44,11.73,27.94,18.36,28.28,23.48,44.78,11.01,10.34,0.21,0.17
29.25,95.75,Mipi Circle,Arunachal Pradesh,0.73,4.42,11.7,27.88,18.31,30.03,23.5,44.66,11.05,10.35,0.21,0.17
29.25,96,Mipi Circle,Arunachal Pradesh,0.74,4.44,11.73,27.94,18.36,28.28,23.48,44.78,11.01,10.34,0.21,0.17
24.25,92.5,Katlichara,Assam,0,1.27,6.74,13.08,7.48,14.5,9.86,16.79,6.28,9.34,0.19,3.08
24.5,92.25,Patharkandi,Assam,0,1.96,7.86,15.24,9.57,18.89,9.55,15.32,5.04,6.53,0.24,2.95
24.5,92.5,Ramkrishna Nagar,Assam,0,1.19,8.16,12.71,10.05,13.47,11.75,18.15,7.3,12.13,0.25,3.6
24.5,92.75,Katlichara,Assam,0,0.8,7.35,13.64,7.37,16.08,16.81,21.49,11.91,12.3,0.2,3.36
24.5,93,Sonai,Assam,0.02,0.78,8.28,12.92,6.88,16.32,16.8,19.8,11.36,11.55,0.21,3.27
24.75,92.5,Nilambazar,Assam,0,1.72,11.87,16.24,9.37,22.43,15.55,17.2,7.35,11.48,0.35,3.16
24.75,92.75,Silchar,Assam,0,0.69,7.88,14.87,6.92,18.04,19.9,21.36,13.87,11.59,0.14,3.26
24.75,93,Lakhipur,Assam,0.02,0.78,8.18,12.92,6.86,16.27,16.8,19.91,11.43,11.83,0.21,3.27
25,92.5,Katigora,Assam,0,2.22,11.43,16.57,8.58,17.48,11.24,12.79,9.95,11.26,0.68,1.45
25,92.75,Silchar,Assam,0,1.97,10.5,16.05,7.76,16.03,12.07,13.24,11.56,11.15,0.66,1.31
25,93,Udarbond,Assam,0.02,1.36,8.9,14.37,7.24,16.24,14.93,14.64,11.58,10.52,0.42,2.18
25,93.25,Mahur,Assam,0.18,0.87,7.23,9.02,5.43,11.01,12.62,7.15,10.75,8.48,0.19,3.04
25.25,93,Maibong,Assam,0,1.68,6.65,11.74,8.06,12.35,9.7,11.39,10.5,8.61,0.55,0.92
25.25,93.25,Maibong,Assam,0.11,0.53,5.3,7.35,5.39,9.93,13.3,8.49,10.38,6.59,0.31,1.78
25.5,92.75,Umrangso,Assam,0.01,1.59,4.11,8.78,8,9.72,7.1,9.07,9.5,6.73,0.52,0.39
25.5,93,Umrangso,Assam,0,1.48,3.82,8.97,7.7,9.49,7.96,9.59,8.59,6.68,0.53,0.48
25.5,93.25,Maibong,Assam,0.03,0.21,3.67,5.91,5.2,8.5,13.4,10.2,7.73,4.79,0.31,0.84
25.75,91.25,Boko,Assam,0.27,0.13,2.65,4.63,5.41,11.07,7.82,14.48,7.02,6.76,0.7,0.11
25.75,92.25,Donka,Assam,0,0.33,2.83,4.54,4.69,7.28,7.19,7.17,7.51,4.08,0.44,0
25.75,92.5,Donka,Assam,0.01,0.54,3.49,4.25,4.99,7.67,7.21,6.75,8.66,4.28,0.3,0.08
25.75,92.75,Donka,Assam,0,1.19,3.67,4.97,8.72,7.98,6.66,9.41,7.54,4.67,0.3,0.62
25.75,93,Umrangso,Assam,0,0.87,3.61,5.43,7.17,7.74,8.48,9.64,6.77,4.53,0.33,0.64
25.75,93.25,Diphu,Assam,0.01,0.34,3.49,6.36,4.74,7.36,11.88,10.2,5.81,4.42,0.35,0.71
25.75,93.5,Diphu,Assam,0.02,0.03,4.09,7.39,3.75,9.26,15.53,15.25,7.55,4.02,0.52,1
26,90,Dhubri,Assam,0.03,0.25,2.98,11.02,9.22,12.6,10.19,10.73,14.86,5.99,0.01,0
26,90.25,Lakhipur,Assam,0.01,0.74,2.9,13.35,10.52,14.77,14.65,14.17,17.6,5.86,0.03,0
26,90.5,Balijana,Assam,0.01,1.09,2.32,12.92,8.82,15.52,14.98,17.1,17.72,5.67,0.08,0
26,90.75,Dudhnai,Assam,0,1.04,1.93,11.54,6.77,14.79,14.5,16.59,14.08,5.37,0.12,0
26,91,Rangjuli,Assam,0,0.58,2.42,12.66,6.1,13.95,12.38,8.97,6.81,3.72,0.26,0.03
26,91.25,Boko,Assam,0,0.37,2.47,10.31,4.98,11.96,11.13,7.95,5.6,3.7,0.1,0.03
26,91.5,Palasbari,Assam,0.02,0.14,3.19,4.8,2.46,6.2,4.62,5.7,3.55,4.66,0.09,0.05
26,92.25,Donka,Assam,0,0.17,1.67,5.23,4.93,7.23,6.92,8.42,5.67,3.76,0.67,0.01
26,92.5,Donka,Assam,0.09,0.79,2.89,5.77,4.95,9.54,7.69,7.88,9.8,3.79,0.42,0.03
26,92.75,Donka,Assam,0.08,1.19,3.39,5.8,7.14,9.39,7.45,8.9,9.57,4.16,0.35,0.34
26,93,Lanka,Assam,0.07,1.03,3.32,6.3,6.32,8.48,8.89,8.55,8.01,4.24,0.32,0.44
26,93.25,Diphu,Assam,0,0.25,3.19,6.25,4.13,5.59,11.01,6.83,3.51,4.44,0.27,0.42
26,93.5,Diphu,Assam,0.01,0.2,3.32,6.42,4.05,6.09,11.75,7.96,3.91,4.4,0.3,0.49
26,93.75,Diphu,Assam,0.03,0.09,3.81,6,5.07,8.37,14.01,9.55,7.67,4.86,0.3,0.76
26.25,89.75,Agamoni,Assam,0.01,0.01,2.84,13.27,11.23,16.17,16.93,33.4,19.9,9.3,0.01,0
26.25,90,Bagribari (Pt),Assam,0,0.55,2.83,15.83,11.6,16.2,14.05,19.47,15.53,6.47,0,0
26.25,90.25,Bilasipara Pt,Assam,0.02,0.82,2.6,13.4,10.29,15,14.93,14.34,18.67,5.65,0.04,0
26.25,90.5,Boitamari,Assam,0.01,1.27,2.04,12.53,8.17,16.36,16.11,20.33,19.11,6.26,0.14,0
26.25,90.75,Kalgachia,Assam,0,1.41,1.76,12.45,7.21,16.32,15.77,21.35,17.31,6.34,0.24,0
26.25,91,Baghbor,Assam,0,0.88,1.32,12.58,7.51,12.16,11.27,6.88,6.86,4.3,0.61,0
26.25,91.25,Barkhetri,Assam,0,0.89,2.1,13.9,7.26,14.47,12.09,8.41,7.38,2.98,0.33,0.04
26.25,91.5,Hajo,Assam,0,0.65,3.69,14.81,5.75,18.15,13.44,13.94,9.73,3.57,0.18,0.09
26.25,91.75,North Guwahati (Pt),Assam,0,0.22,1.65,7.75,5.42,8.52,7.83,11.14,4.41,4.09,0.77,0.02
26.25,92,Mayong,Assam,0,0.21,0.85,6.78,5.72,7.48,7.29,11.09,3.61,4.64,0.95,0
26.25,92.25,Mayong,Assam,0.01,0.13,1.02,5.82,5.08,7.56,6.95,9.13,4.96,3.35,0.8,0.01
26.25,92.5,Raha,Assam,0.28,1.84,3.07,8.66,5.94,13.54,9.46,9.14,14.81,3.2,0.43,0
26.25,92.75,Nagaon,Assam,0.17,1.56,2.87,7.57,6.46,11.79,8.7,9.29,11.76,3.54,0.45,0.14
26.25,93,Phuloni,Assam,0.12,1.2,3.39,7.11,5.72,8.99,9.75,7.09,9.48,4.05,0.3,0.11
26.25,93.25,Phuloni,Assam,0,0.61,3.67,5.97,5.65,5.72,10.91,6,4.53,4.55,0.22,0.17
26.25,93.5,Silonijan,Assam,0,0.32,4.59,6.02,6.62,6.43,11.41,7.08,5.45,4.16,0.27,0.02
26.25,93.75,Silonijan,Assam,0,0.94,4.03,6.04,6.58,6.53,13.62,6.74,4.84,4.79,0.21,0.09
26.25,94,Golaghat,Assam,0,1.19,4.33,6.29,8,7.21,14.92,7.36,7.07,5.38,0.36,0
26.5,90,Gossaigaon (Pt),Assam,0,0.41,2.64,17.12,12.82,16.96,15.44,26.09,19.06,8.46,0.03,0
26.5,90.25,Kokrajhar,Assam,0,1.43,2.3,13.33,7.85,14.81,12.82,24.89,20.79,8.87,0.22,0
26.5,90.5,Sidli (Pt),Assam,0,1.2,1.78,12.98,9.09,20.53,16.81,28.99,21.52,7.78,0.4,0
26.5,90.75,Bijni (Pt),Assam,0,1.19,1.63,12.23,7.76,18.62,14.98,24.76,18.32,6.87,0.3,0
26.5,91,Sarupeta (Pt),Assam,0,1.02,1.2,13.31,8.14,12.83,10.67,7.61,7.77,4.99,0.81,0
26.5,91.25,Bajali (Pt),Assam,0,1.58,1.36,12.04,8.18,12.42,10.23,8.44,9.53,4.22,0.46,0
26.5,91.5,Ghograpar (Pt),Assam,0,2.09,1.89,10.25,6.4,9.6,5.9,6.78,5.91,3.35,0.42,0
26.5,91.75,Goreswar (Pt),Assam,0.04,2.28,1.4,7.93,5.46,9.83,6.61,7.75,7.13,4.61,0.41,0
26.5,92,Mangaldoi (Pt),Assam,0.09,2.15,0.98,6.4,5.17,12.55,9.5,8.31,8.96,5.41,0.31,0
26.5,92.25,Dalgaon (Pt),Assam,0.07,1.71,0.99,6.81,6.6,11.75,9.65,8.8,5.04,3.38,0.52,0
26.5,92.5,Dhing,Assam,0.08,2.1,1.44,7.99,7.25,12.2,10.94,9.66,7.3,3.53,0.58,0
26.5,92.75,Rupahi,Assam,0.12,1.76,2,7.78,6.58,11.7,9.7,9.29,9.48,3.56,0.54,0
26.5,93,Kaliabor,Assam,0.09,1.81,3.95,6.6,7.69,8.88,9.61,7.05,11.23,4.62,0.24,0
26.5,93.25,Phuloni,Assam,0,2.02,4.09,5.55,8.56,6.74,9.54,5.91,9.71,5.45,0.15,0.02
26.5,93.5,Silonijan,Assam,0,1.9,4.2,5.64,8.27,7.28,15.25,6.99,5.53,4.96,0.09,0
26.5,93.75,Silonijan,Assam,0,1.52,4.36,6.19,8.09,7.59,16,7.52,6.71,5.6,0.27,0
26.5,94,Golaghat,Assam,0,1.63,3.98,6.6,8.52,7.43,16.02,7.06,7.74,5.88,0.42,0
26.75,90.25,Kokrajhar,Assam,0,1.61,2.04,12.66,7.17,14.57,12.93,28.01,24.27,10.13,0.29,0
26.75,90.5,Bengtol,Assam,0.01,1.16,1.65,13.22,11.28,25.12,18.43,32.63,31.62,9.23,0.84,0
26.75,90.75,Bijni (Pt),Assam,0,1.23,1.24,11.51,9.34,23.17,15.5,26.54,31.93,7.83,0.83,0
26.75,91,Barnagar,Assam,0,1.65,1.51,11.31,8.07,14.97,9.79,10.44,12.05,4.79,0.46,0
26.75,91.25,Jalah (Pt),Assam,0,2.13,1.73,10.37,7.76,14.42,7.47,9.34,9.45,4.04,0.18,0
26.75,91.5,Tamulpur,Assam,0,2.3,1.72,9.4,6.26,8.99,4.62,6.94,5.61,3.49,0.39,0
26.75,91.75,Harisinga tehsil,Assam,0.05,2.72,1.34,7.69,5.41,11.94,8.3,7.44,9.52,5.15,0.24,0
26.75,92,Harisinga tehsil,Assam,0.04,3.75,1.22,7.69,5.36,14.4,12.43,8.26,15.4,7.9,0.14,0
26.75,92.25,Mazbat tehsil,Assam,0.09,2.03,0.99,6.59,5.9,12.99,9.57,8.44,6.6,3.87,0.33,0
26.75,92.5,Dhekiajuli (Pt),Assam,0.04,2.21,1.15,7.55,7.2,12.34,10.89,9.73,6.41,3.43,0.48,0
26.75,92.75,Chariduar,Assam,0.08,1.96,1.86,9,7.78,15.61,16.15,11.83,8.38,5.04,0.44,0.01
26.75,93,Na-Duar,Assam,0.06,2.12,3.22,8.51,10.76,14.53,19.28,10.47,12.93,8.09,0.4,0.01
26.75,93.25,Biswanath,Assam,0.01,2.38,3.74,6.38,9.86,9.15,10.93,6.94,12.78,6.62,0.23,0
26.75,93.5,Bokakhat,Assam,0.02,1.94,3.31,7.06,10.11,8.6,13.23,7,11.28,6.13,0.43,0
26.75,93.75,Bokakhat,Assam,0,1.37,4.29,7,8.58,8.24,17.15,8.05,10,7.01,0.58,0
26.75,94,Dergaon,Assam,0,1.54,3.98,6.92,8.86,7.27,15.65,7.5,10.1,6.21,0.59,0
26.75,94.25,Jorhat East,Assam,0,2.17,3.63,7.54,7.43,7.92,12.77,6.03,7.58,5.16,0.14,0
26.75,94.5,Teok,Assam,0.01,2.37,3.58,7.44,7.48,8.19,13.08,6.45,8.27,5.4,0.1,0
27,92.75,Chariduar,Assam,0.05,1.14,2.02,9.54,7.06,13.06,14.4,10.97,7.83,4.14,0.22,0.01
27,93.75,Narayanpur,Assam,0.16,1.41,2.87,8.63,11.73,10.56,19.55,8.67,11.95,7.75,0.82,0
27,94,Bihpuria,Assam,0,2.29,3.78,7.01,9.02,6.97,13.71,7.64,11.03,5.07,0.38,0
27,94.25,Majuli,Assam,0,2.74,4.07,7.06,8.54,7.94,13.6,8.31,11.71,5.02,0.12,0
27,94.5,Sibsagar,Assam,0.11,3.07,3.03,6.99,7.79,9.17,14.56,7.85,10.79,6.69,0.05,0
27,94.75,Dimow,Assam,0.11,3.03,4.71,7.56,9.71,8.51,14.23,10.84,11.36,5.89,0.15,0
27,95,Sonari,Assam,0.07,3.01,5.19,7.72,9.92,8.19,13.15,11.56,10.82,5.63,0.25,0
27.25,94,Naobaicha,Assam,0.17,1.9,2.68,12.29,9.98,18.22,34.45,15.71,19.82,12.25,0.35,0.02
27.25,94.25,Kadam,Assam,0.06,3,2.96,6.35,9.75,8.36,15.61,7.78,9.38,5.87,0.06,0
27.25,94.5,Dhakuakhana (Pt-I),Assam,0.15,3.41,2.66,6.83,8.91,9.88,15.6,8.36,10.63,7.18,0.01,0.01
27.25,94.75,Dibrugarh West,Assam,0.18,3.49,4.57,8.2,11.12,9.17,15.34,10.78,10.46,5.83,0.1,0.01
27.25,95,Tingkhong,Assam,0.08,3.34,5.7,7.77,10.79,8.5,13.81,12.63,12.01,5.55,0.22,0
27.25,95.25,Naharkatiya,Assam,0.01,2.84,2.94,7.45,7.31,9.52,13.33,8.75,9.33,9.57,0.4,0
27.25,95.5,Margherita,Assam,0.04,2.28,3.47,7.85,6.64,7.49,10.41,8.38,6.71,5.65,0.46,0
27.5,94.25,Kadam,Assam,0.09,2.91,2.78,8.73,10.8,13.07,21.92,10.74,11.37,8.07,0.1,0.03
27.5,94.5,Dhemaji,Assam,0.18,3.85,3.58,8.22,12.7,13.49,14.44,9.5,7.13,6.94,0.01,0.07
27.5,94.75,Sissibargaon,Assam,0.22,4.25,4.27,8.79,13.26,12.24,15.23,11.42,8.58,6.75,0.04,0.05
27.5,95,Dibrugarh East,Assam,0.27,4.83,4.8,8.96,13.57,10.16,16.41,13.64,10.54,6.79,0.08,0
27.5,95.25,Tinsukia,Assam,0.11,3.72,4.62,8.14,9.75,10.37,14.05,10.09,9.43,8.66,0.41,0
27.5,95.5,Tinsukia,Assam,0.11,3.9,4.4,8.32,9.13,11.53,13.14,9.76,8.78,8.46,0.67,0
27.5,95.75,Margherita,Assam,0.17,1.67,6.44,9.62,8.12,8.8,14.56,12.62,11.13,6.77,0.69,0
27.75,95,Jonai,Assam,0.21,4.01,5.72,10.07,12.68,12.03,17.46,15.59,10.92,7.74,0.08,0
27.75,95.25,Jonai,Assam,0.21,4.07,6.6,8.7,12.09,9.81,15.01,11.84,9.79,7.49,0.17,0
27.75,95.5,Doom Dooma,Assam,0.24,5.19,6.25,10.46,12.14,15.32,15.63,13.96,10,9.47,0.74,0.01
27.75,95.75,Sadiya,Assam,0.24,2.89,7.02,11.56,10.32,12.32,15.83,16.05,10.95,7.83,0.65,0.02
33,74,Bhimber District,Azad Kashmir,6.13,2.23,1.42,2.82,1.13,5.43,6.63,8.18,2.03,0.01,0.44,2.07
33,74.25,Bhimber District,Azad Kashmir,6.52,2.57,1.67,2.67,0.89,6.27,8.55,8.7,2.27,0.01,0.4,2.22
33.25,73.75,Mirpur District,Azad Kashmir,6.34,1.98,1.47,3.39,1.31,4.46,4.21,6.93,1.76,0,0.47,1.99
33.25,74,Kotli District,Azad Kashmir,6.09,2.03,1.36,3.08,1.19,4.85,5.14,7.59,1.94,0,0.47,2
33.5,73.75,Kotli District,Azad Kashmir,6.84,2.15,1.84,4.02,1.39,4.16,3.53,6.06,1.61,0,0.48,2.03
33.5,74,Kotli District,Azad Kashmir,6.45,1.97,1.51,3.53,1.3,4.22,3.72,6.52,1.62,0,0.47,1.96
33.75,73.75,Sudhanoti District,Azad Kashmir,7.89,2.56,2.61,5.12,1.47,4.07,3.23,4.76,1.53,0,0.47,2.21
33.75,74,Poonch District,Azad Kashmir,8.38,2.5,2.78,5.28,1.53,4.2,3.34,4.48,1.6,0,0.43,2.3
34,73.75,Bagh District,Azad Kashmir,9.12,3.7,3.92,7.13,1.43,3.63,2.54,2.59,1.17,0.01,0.52,2.41
34,74,Haveli District,Azad Kashmir,9.82,3.48,4.08,7.16,1.49,3.91,2.82,2.39,1.34,0.01,0.46,2.54
34,74.25,Haveli District,Azad Kashmir,12.13,3.04,4.75,7.4,1.83,4.88,3.85,1.9,1.93,0.01,0.29,3
34.25,73.5,Muzaffarabad District,Azad Kashmir,9.08,4.31,4.32,7.87,1.35,3.28,2.13,1.98,0.91,0,0.59,2.37
34.25,73.75,Hattian Bala District,Azad Kashmir,9.06,4.22,4.25,7.82,1.29,3.3,2.14,1.86,0.9,0,0.58,2.36
34.5,73.5,Muzaffarabad District,Azad Kashmir,8.6,4.7,4.37,8.19,1.18,2.95,1.75,1.82,0.68,0,0.65,2.26
34.5,73.75,Neelam Valley District,Azad Kashmir,8.68,4.63,4.33,8.16,1.18,3.02,1.85,1.9,0.7,0,0.63,2.24
34.75,73.75,Neelam Valley District,Azad Kashmir,8.3,4.83,4.31,8.25,1.08,2.78,1.62,1.96,0.53,0,0.69,2.11
34.75,74,Neelam Valley District,Azad Kashmir,8.33,4.79,4.24,8.26,1.1,2.86,1.74,2.09,0.54,0,0.68,2.07
34.75,74.25,Neelam Valley District,Azad Kashmir,8.3,4.78,4.14,8.29,1.14,2.91,1.83,2.26,0.52,0,0.68,1.99
34.75,74.75,Neelam Valley District,Azad Kashmir,6.63,4.88,3.29,7.32,1.43,3.2,2.28,2.67,0.52,0,0.56,1.74
35,74.25,Neelam Valley District,Azad Kashmir,8.13,4.9,4.15,8.35,1.09,2.91,1.93,2.45,0.47,0,0.68,1.89
35,74.5,Neelam Valley District,Azad Kashmir,7.16,5.08,3.84,7.94,1.15,2.83,1.92,2.52,0.37,0,0.66,1.76
37,73.5,Unknown,Badakhshan Province,0.38,0.26,0.21,0.42,0.04,1.83,6.47,2.09,0.34,0,0.04,0.11
37,73.75,Unknown,Badakhshan Province,0.98,0.67,0.55,1.09,0.12,1.87,6.02,2.05,0.34,0,0.1,0.27
37,74,Unknown,Badakhshan Province,1.85,1.27,1.04,2.05,0.23,1.93,5.38,2.02,0.33,0,0.19,0.5
37,74.25,Unknown,Badakhshan Province,2.84,1.95,1.6,3.16,0.35,2.04,4.69,2.05,0.33,0,0.28,0.75
37,74.5,Unknown,Badakhshan Province,3.84,2.64,2.16,4.27,0.47,2.2,4.07,2.17,0.33,0,0.38,0.97
37.25,74.5,Unknown,Badakhshan Province,2.94,2.02,1.65,3.27,0.36,2.08,4.67,2.11,0.33,0,0.29,0.76
27.5,84,Chitwan,Bagamati Province,0.12,0,3.02,1.4,3.48,1.77,17.86,38.55,10.04,0.3,0,0
27.5,84.25,Chitwan,Bagamati Province,0.09,0,3.26,1.61,3.59,3.22,15.61,37.05,14.06,0.39,0,0
27.5,84.5,Chitwan,Bagamati Province,0.05,0,3.09,1.48,3.3,3.32,12.06,32.04,13.78,0.34,0,0
24.5,84.5,Dumaria,Bihar,0.19,0,0.36,0,0.23,1.31,9.63,8.36,3.28,0.13,0,0
24.5,84.75,Banke Bazar,Bihar,0.12,0,0.34,0,0.39,1.07,10.17,8.08,3.79,0.17,0,0
24.5,85,Barachati,Bihar,0,0,0.03,0,1,2.35,17.87,6.01,3.04,2.07,0,0
24.5,85.25,Fatehpur,Bihar,0,0,0.02,0,0.89,1.87,13.45,7.64,3.53,1.32,0,0
24.5,86.5,Chakai,Bihar,0.15,0,0.31,0.48,3.26,2.33,10.72,6.85,6.02,6,0.04,0.04
24.75,83.5,Adhaura,Bihar,0,0,0.02,0,0.15,1.03,12.58,5.34,0.73,0.11,0,0
24.75,83.75,Adhaura,Bihar,0.02,0,0.07,0.08,0.49,1,13.89,6.47,0.96,0.2,0.02,0
24.75,84,Rohtas,Bihar,0.02,0,0.21,0.2,0.87,1.89,17.54,8.56,2.88,0.19,0.01,0
24.75,84.25,Nabinagar,Bihar,0,0,0.05,0.04,0.84,1.31,13.33,9.19,3.49,0.17,0,0
24.75,84.5,Madanpur,Bihar,0.02,0,0.19,0,0.75,1,11.07,10.37,3.14,0.19,0.01,0
24.75,84.75,Guraru,Bihar,0.02,0,0.36,0,0.55,0.72,10.81,8.06,4.21,0.2,0.01,0
24.75,85,Gaya Town C.D.Block,Bihar,0,0,0.41,0,0.7,1.55,12.26,7.61,2.69,2.15,0,0
24.75,85.25,Wazirganj,Bihar,0,0,0.1,0.01,0.63,1.61,11.71,6.79,2.31,1.72,0,0
24.75,85.5,Akbarpur,Bihar,0,0,0.23,0.08,1.09,1.93,11.83,6.93,2.91,1.83,0,0
24.75,86.25,Sono,Bihar,0.01,0,0.11,0.59,3.4,2.49,15.26,6.12,4.75,6.92,0,0
24.75,86.5,Jhajha,Bihar,0.01,0,0.26,0.97,2.98,3,14.14,8.03,8.54,5.58,0,0
24.75,86.75,Katoria,Bihar,0,0,0.19,0.35,2.01,2.09,11.11,5.28,6.82,5.52,0,0.02
24.75,87,Bausi,Bihar,0.02,0,0.14,0.06,1.28,1.77,12.39,4.88,6.4,6.08,0,0.02
25,83.5,Chainpur,Bihar,0.01,0,0.01,0,0.13,1.46,13.62,7.2,1.03,0.1,0,0
25,83.75,Bhabua,Bihar,0.02,0,0.05,0.03,0.49,1.45,14.57,8.54,1.22,0.2,0.01,0
25,84,Sasaram,Bihar,0.05,0,0.15,0.11,0.8,1.58,17.15,9.08,2.43,0.2,0.02,0
25,84.25,Dehri,Bihar,0.01,0,0.12,0.2,0.87,1.19,15.32,8.41,3.4,0.1,0,0
25,84.5,Daudnagar,Bihar,0,0,0.1,0.2,0.58,1.1,10.02,7.82,2.43,0.17,0,0
25,84.75,Konch,Bihar,0.01,0,0.14,0.22,0.64,1.32,10.73,7.71,2.73,0.16,0,0
25,85,Belaganj,Bihar,0,0,1.21,1.38,4.37,3.09,12.74,14.57,4.08,1.56,0,0
25,85.25,Neem Chak Bathani,Bihar,0,0,0.37,0.11,0.79,1.69,12.16,5.72,2.6,1.12,0,0
25,85.5,Nardiganj,Bihar,0,0,0.03,0,2.34,2.73,10.06,5.63,2.32,1.24,0,0
25,85.75,Pakribarawan,Bihar,0,0,0.05,0,1.5,3.13,9.42,7.53,2.91,4.26,0,0
25,86,Halsi,Bihar,0.07,0,0,0.14,1.66,3.17,9.64,7.14,2.85,6.81,0,0
25,86.25,Barhat,Bihar,0.12,0,0.04,0.54,2.2,2.66,11.86,6.84,4.33,5.75,0,0
25,86.5,Kharagpur,Bihar,0.18,0,0.26,0.7,2.31,2.86,11.58,6.93,7.06,4.8,0,0
25,86.75,Phulidumar,Bihar,0.07,0,0.21,0.38,1.9,1.64,10.55,5.77,6.76,5.88,0,0.01
25,87,Rajaun,Bihar,0,0,0.05,0,1,1.91,18.71,6.04,4.58,6.79,0,0.01
25.25,83.5,Durgawati,Bihar,0.01,0,0.04,0.01,0.26,1.6,13.47,8.91,1.73,0.02,0,0
25.25,83.75,Mohania,Bihar,0.04,0,0.06,0.24,0.7,1.06,14.23,9.35,2.07,0.27,0,0
25.25,84,Kochas,Bihar,0.07,0,0.15,0.25,0.77,0.57,13.55,9.57,2.25,0.23,0,0
25.25,84.25,Suryapura,Bihar,0.05,0,0.16,0.21,0.56,0.41,11.34,8.1,2.73,0.19,0,0
25.25,84.5,Tarari,Bihar,0.01,0,0.16,0.28,0.5,0.69,8.54,3.64,4.02,0.03,0,0
25.25,84.75,Karpi,Bihar,0,0,0.07,0.41,0.46,0.86,9.81,4.91,2.55,0.3,0,0
25.25,85,Jehanabad,Bihar,0,0,0.3,0.8,1.44,1.49,10.97,7.56,2.99,0.79,0,0
25.25,85.25,Ekangarsarai,Bihar,0,0,0.54,0.44,1.4,1.75,12.38,6.88,3.64,0.74,0,0
25.25,85.5,Noorsarai,Bihar,0,0,0.19,0.01,2.6,3.16,9.23,7.3,2.85,1.37,0,0
25.25,85.75,Barbigha,Bihar,0.04,0,0.01,0,1.29,3.28,8.97,7.34,3.55,3.9,0,0
25.25,86,Barahiya,Bihar,0.16,0,0.07,0.01,1.25,3.32,9.89,6.88,4.06,4.21,0,0
25.25,86.25,Surajgarha,Bihar,0.21,0,0.1,0.32,1.84,2.62,8.74,4.6,4.73,3.62,0,0
25.25,86.5,Dharhara,Bihar,0.2,0,0.27,0.46,1.88,3.49,8.46,5.26,4.09,4.93,0,0
25.25,86.75,Sultanganj,Bihar,0.4,0,0.31,0.41,3.25,1.46,10.12,9.29,4.47,7.66,0,0
25.25,87,Jagdishpur,Bihar,0.12,0,0.23,1.04,3.53,3.05,11.35,9.65,6.17,8.36,0,0
25.25,87.25,Kahalgaon,Bihar,0,0,0.6,2.55,3.77,6.39,13.55,11.86,6.21,7.49,0,0.05
25.5,84,Itarhi,Bihar,0.1,0,0.24,0.37,1.26,0.76,12.12,8.47,2.77,0.42,0,0
25.5,84.25,Chaugain,Bihar,0.07,0,0.14,0.37,0.85,1.43,11.51,7.29,4.53,0.39,0,0
25.5,84.5,Jagdishpur,Bihar,0.03,0,0.16,0.32,0.94,2.23,9.13,3.79,4.6,0.11,0,0
25.5,84.75,Koilwar,Bihar,0,0,0.37,0.28,1.16,2.59,12.59,8.51,2.61,0.31,0,0
25.5,85,Naubatpur,Bihar,0,0,0.42,0.28,1.23,3.09,13.26,8.52,1.79,0.22,0,0
25.5,85.25,Fatwah,Bihar,0,0,1.15,0.51,3.3,4.12,18.14,17.79,6.4,2.41,0,0
25.5,85.5,Raghopur,Bihar,0,0,1.25,0.41,3.45,4.48,17.6,19.73,6.7,2.75,0,0
25.5,85.75,Pandarak,Bihar,0.01,0,0.81,0.53,2.44,4.83,12.24,11.24,4.03,1.65,0,0
25.5,86,Teghra,Bihar,0.17,0,0.18,0.43,1.68,2.7,10,6.98,5.77,2.65,0,0
25.5,86.25,Dandari,Bihar,0.17,0,0.26,0.89,1.87,4.27,11.51,7.36,6.74,2.64,0,0
25.5,86.5,Khagaria,Bihar,0.23,0,0.39,1.4,3.08,4.26,13.16,8.25,4.22,3.61,0,0
25.5,86.75,Gogri,Bihar,0.22,0,0.71,0.65,3.99,2.77,12.27,11.87,8.3,8.08,0,0
25.5,87,Chausa,Bihar,0.19,0,0.64,0.72,4.25,3.16,11.06,10.59,6.59,7.06,0,0
25.5,87.25,Sameli,Bihar,0.13,0,0.49,2.63,3.74,3.33,9.39,10.27,7.51,7.79,0,0
25.5,87.5,Barari,Bihar,0.07,0,0.64,3.51,3.52,5.17,13.27,19.08,6.85,6.33,0,0.03
25.5,87.75,Pranpur,Bihar,0.01,0,0.36,5.99,2.5,6.4,12.13,19.18,6.78,5.89,0,0.02
25.5,88,Barsoi,Bihar,0,0,0.79,7.71,1.72,6.7,10.06,20.22,4.94,5.82,0,0.03
25.75,84.75,Chapra,Bihar,0,0,0.3,0.3,1.54,3.1,17.31,7.11,2.09,0.14,0,0
25.75,85,Dighwara,Bihar,0,0,0.56,0.43,2.01,3.71,12.5,6.9,1.87,0,0,0
25.75,85.25,Hajipur,Bihar,0,0,1.18,0.35,2.6,2.51,13.13,9.4,2.02,0.01,0,0
25.75,85.5,Jandaha,Bihar,0,0,1.29,0.76,3.24,4.83,11.37,10.68,3.19,0.51,0,0
25.75,85.75,Sarairanjan,Bihar,0,0,0.54,1.06,3.1,6.83,13.67,20.24,6.01,1.81,0,0
25.75,86,Bibhutpur,Bihar,0.06,0,0.59,0.91,2.7,4.72,12.84,10.76,4.45,1.05,0,0
25.75,86.25,Hasanpur,Bihar,0.05,0,0.78,1.42,3.81,5.25,13.15,8.72,4.9,2.22,0,0
25.75,86.5,Simri Bakhtiarpur,Bihar,0.1,0,1.42,1.51,4.14,5.78,11.95,8.47,4.46,1.85,0,0
25.75,86.75,Sonbarsa,Bihar,0.19,0,0.17,0.47,2.61,2.6,6.1,3.27,2.24,0.43,0,0
25.75,87,Bihariganj,Bihar,0.19,0,1.27,3.37,4.82,2.98,7.39,9.65,4.14,3.94,0,0
25.75,87.25,Dhamdaha,Bihar,0.18,0,1.68,4.68,5.72,3.52,8.55,13.25,4.95,5.41,0,0
25.75,87.5,Purnia East,Bihar,0.14,0,1.69,3.5,4.74,4.89,16.09,19.21,3,3.17,0,0
25.75,87.75,Kadwa,Bihar,0.08,0,2.39,4.98,4.34,6,13.95,18.26,4.43,4.51,0,0
26,84.25,Raghunathpur,Bihar,0.12,0,0.27,0.28,1.41,1.76,7.38,5.46,2.9,0.04,0,0
26,84.5,Ekma,Bihar,0.03,0,0.15,0.21,1.66,4.21,10.78,5.72,3.39,0,0,0
26,84.75,Baniapur,Bihar,0,0,0.34,0.2,1.85,4.57,16.52,6.52,3.1,0,0,0
26,85,Maker,Bihar,0.01,0,0.43,0.52,2.98,2.73,11.49,7.11,2.23,0.06,0,0
26,85.25,Paterhi Belsar,Bihar,0,0,0.49,0.44,3.36,1.75,10.61,10.02,2.21,0.08,0,0
26,85.5,Sakra,Bihar,0,0,0.82,1.87,4.26,3.32,16.16,14.04,2.15,0.1,0,0
26,85.75,Kalyanpur,Bihar,0,0,0.72,1.89,3.97,4.35,15.76,14.95,3.42,0.66,0,0
26,86,Baheri,Bihar,0,0,1.08,2.18,6.09,3.45,18.6,14.14,4.86,0.62,0,0
26,86.25,Gora Bauram,Bihar,0,0,1.66,2.29,5.82,4.17,14.86,11.79,3.62,0.84,0,0
26,86.5,Nauhatta,Bihar,0.02,0,1.73,1.56,4.57,6.32,12.23,10.67,5.44,1.56,0,0
26,86.75,Singheshwar,Bihar,0.09,0,1.26,1.83,4,4.87,10.64,8.42,5.22,1.73,0,0
26,87,Kumarkhand,Bihar,0.17,0,1.41,2.42,4.37,3.37,9.93,18.89,5.91,2.87,0,0
26,87.25,Raniganj,Bihar,0.18,0,1.8,3.22,5.67,3.15,10.62,18.52,5.73,3.74,0,0
26,87.5,Araria,Bihar,0.14,0,2.83,2.54,4.98,3.89,17.51,21.03,3.86,1.95,0,0
26,87.75,Amour,Bihar,0.07,0,2.68,2.81,5.27,3.6,17.02,19.7,3.83,2.99,0,0
26.25,84.25,Ziradei,Bihar,0.15,0,0.37,0.35,1.68,2.42,6.5,5.11,1.93,0.03,0,0
26.25,84.5,Unknown,Bihar,0.03,0,0.68,0.25,1.71,4.34,9.83,4.79,3.17,0,0,0
26.25,84.75,Baikunthpur,Bihar,0,0,0.67,0.74,3.04,2.51,11.32,6.77,2.62,0.02,0,0
26.25,85,Unknown,Bihar,0,0,0.46,0.28,2.95,2.21,12.29,8.81,3.47,0.01,0,0
26.25,85.25,Minapur,Bihar,0,0,0.84,0.85,3.27,2.45,12.31,11.54,3.23,0.17,0,0
26.25,85.5,Bochaha,Bihar,0,0,0.81,1.82,5,3.81,11.58,13.82,2.09,0.02,0,0
26.25,85.75,Singhwara,Bihar,0,0,0.83,1.97,5.79,3.61,17.44,15.17,3.75,0.18,0,0
26.25,86,Keotiranway,Bihar,0,0,0.82,1.85,7.3,3.18,22.95,16.74,6.31,0.38,0,0
26.25,86.25,Jhanjharpur,Bihar,0,0,0.7,0.79,3.67,4.39,13.09,13.58,3.54,0.15,0,0
26.25,86.5,Ghoghardiha,Bihar,0.01,0,0.98,1.39,5.12,4.32,12.81,14.59,4.53,1.05,0,0
26.25,86.75,Kishanpur,Bihar,0.05,0,1.38,0.98,4.43,5.42,9.27,20.4,5.47,1.76,0,0
26.25,87,Chhatapur,Bihar,0.14,0,1.66,0.46,3.09,6.44,9.86,25.48,5.51,2.11,0,0
26.25,87.25,Forbesganj,Bihar,0.14,0,2.11,0.6,5.06,4.42,14.61,23.74,5.9,2.96,0,0
26.25,87.5,Araria,Bihar,0.12,0,1.98,1.42,5.61,6.07,17.42,32.15,7.13,1.33,0,0
26.25,87.75,Bahadurganj,Bihar,0,0,2.05,1.66,7.03,4.42,15.68,25.01,5.76,8.48,0,0
26.25,88,Thakurganj,Bihar,0,0,2.25,1.51,7.81,4.59,13.82,23.1,6.1,13.8,0.02,0
26.5,84,Bijaipur,Bihar,0.19,0,0.38,0.24,1.76,2.86,11.05,6.44,5.71,0.15,0,0
26.5,84.25,Kuchaikote,Bihar,0.12,0,0.4,0.34,2.29,1.97,10.79,2.87,3.75,0.01,0,0
26.5,84.5,Gopalganj,Bihar,0.05,0,0.71,0.22,3.54,2.88,13.14,7.31,4.37,0,0,0
26.5,84.75,Sangrampur,Bihar,0,0,0.9,1.76,3.74,3.35,12.14,11.2,4.34,0.09,0,0
26.5,85,Chakia(Pipra),Bihar,0,0,1.1,1.43,4.57,3.86,11.35,9.97,4.34,0,0,0
26.5,85.25,Dumri Katsari,Bihar,0,0,1.32,0.29,2.2,2.47,10.06,11.11,5.72,0,0,0
26.5,85.5,Runisaidpur,Bihar,0,0,1.46,0.98,3.2,1.96,10.65,14.96,3.5,0.14,0,0
26.5,85.75,Pupri,Bihar,0,0,1.85,1.47,4.58,4.92,9.77,25.45,3.06,1.69,0,0
26.5,86,Basopatti,Bihar,0,0,1.06,1.75,4.94,4.73,13.85,18.82,4.45,0.9,0,0
26.5,86.25,Babubarhi,Bihar,0,0,0.95,1.31,3.59,4.6,13.42,13.02,4.54,0.23,0,0
26.5,86.5,Laukaha,Bihar,0.01,0,1,1.25,5.16,3.88,6.81,19.53,3.66,1.44,0,0
26.5,87,Basantpur,Bihar,0.08,0,1.72,0.48,3.92,5.29,8.8,24.75,5,2.17,0,0
26.75,84.25,Thakrahan,Bihar,0.1,0,1.01,0.29,2.79,3.28,14.44,7.65,4.29,0.44,0,0
26.75,84.5,Nautan,Bihar,0.05,0,1.04,0.32,3.94,3.14,13.29,14.12,6.76,0.05,0,0
26.75,84.75,Sugauli,Bihar,0,0,0.67,1.26,3.85,3.67,13.35,14.95,6.7,0,0,0
26.75,85,Motihari,Bihar,0,0,0.25,0.93,1.55,4.39,8.97,11.04,2.94,0,0,0
26.75,85.25,Dhaka,Bihar,0,0,0.95,0.55,1.69,2.56,7.35,15.04,1.3,0,0,0
26.75,85.5,Bathnaha,Bihar,0,0,1.45,0.63,2.47,2.2,9.2,14.81,3.22,0.19,0,0
27,84.25,Bagaha,Bihar,0.07,0,3.23,0.4,3.04,3.77,15.6,11.19,5.01,0.64,0,0
27,84.5,Lauriya,Bihar,0.05,0,2.08,0.92,2.63,1.49,8.67,26.41,9.01,0.03,0,0
27,84.75,Sikta,Bihar,0.01,0,1.64,1.26,2.83,2.49,9.76,20.92,7.24,0.03,0,0
27.25,84,Sidhaw,Bihar,0.1,0,3.39,1.17,3.85,4.01,15.03,32.46,11.57,0.76,0,0
27.25,84.25,Ramnagar,Bihar,0.08,0,3.5,2.35,3.56,3.62,12.87,38.95,20.46,0.15,0,0
27.25,84.5,Gaunaha,Bihar,0.05,0,2.74,1.4,2.95,2.51,10.75,27.81,11.33,0.21,0,0
30.75,76.75,Chandigarh,Chandigarh,4.12,0.08,0.68,0.38,0.16,2.62,6.7,8.98,4.9,0,0,0.53
22.25,92.5,Belaichhari Upazila,Chattogram Division,0,0,4.06,8.4,4.77,33.54,32.59,46.25,21.69,6.8,0.13,2.41
22.5,92.5,Belaichhari Upazila,Chattogram Division,0,0,4,8.62,4.79,32.81,32.39,44.69,21.44,7.17,0.21,2.41
23,91.5,Chhagalnaiya Upazila,Chattogram Division,0,0.2,3.17,13.36,5.62,26.42,20.99,14.98,14.61,10.12,0.01,1.76
23.25,91.25,Chauddagram Upazila,Chattogram Division,0,1.58,5.28,11.44,5.53,16.81,20.5,12.64,11.93,12.52,0.07,2.47
23.25,92.25,Bagaichhari Upazila,Chattogram Division,0,0.06,3.58,10.52,5.13,26.52,18.72,31.56,18.85,10.26,0.87,2.65
23.5,92.25,Bagaichhari Upazila,Chattogram Division,0.02,0.38,3.43,12.42,7.06,22.32,12.53,20.47,11.59,11.15,0.61,2.31
23.75,91,Muradnagar Upazila,Chattogram Division,0,0,0,0,0,0,0,0,0,0,0,0
24,91.25,Brahmanbaria Sadar Upazila,Chattogram Division,0,1.01,7.56,17.81,6.94,26.25,8.4,13.08,11.54,9.09,0.14,3.69
18,81,Konta Tahsil,Chhattisgarh,0,0,0.19,0,1.44,10.02,11.22,10.32,4.08,2.34,0,0
18,81.25,Konta Tahsil,Chhattisgarh,0,0,0.01,0.01,0.55,9.79,12.29,11.08,4.84,2.9,0,0
18.25,81,Usur Tahsil,Chhattisgarh,0,0,0.65,0,0.9,11.94,12.45,12.11,4.22,4.88,0,0
18.25,81.25,Konta Tahsil,Chhattisgarh,0,0,0.04,0.05,0.58,15.45,18.96,17.23,9.5,7.08,0,0
18.25,81.5,Konta Tahsil,Chhattisgarh,0,0,0.08,0.11,0.78,14.65,18.99,19.39,10.85,6.81,0,0
18.5,80.75,Usur Tahsil,Chhattisgarh,0,0,0.81,0.01,0.95,9.14,8.3,10.14,3.14,3.43,0,0
18.5,81,Usur Tahsil,Chhattisgarh,0,0,0.31,0,0.54,11.22,12.32,14.34,4.31,4.69,0,0
18.5,81.25,Konta Tahsil,Chhattisgarh,0,0,0.04,0.01,0.66,14.33,17.59,18.1,8.67,6.62,0,0
18.5,81.5,Gadiras Tahsil,Chhattisgarh,0,0,0.07,0.09,0.86,15.34,19.27,19,10.33,7.31,0,0
18.5,81.75,Chhindgarh Tahsil,Chhattisgarh,0,0,0.2,0.24,1.1,11.61,17.41,21.3,12.23,5.2,0.05,0
18.75,80.5,Bhopalpattnam,Chhattisgarh,0,0,0.23,0,0.47,7.27,9.92,10.99,4.32,3.55,0,0
18.75,80.75,Usur Tahsil,Chhattisgarh,0,0,0.32,0,0.79,8.24,9.89,13.7,3.55,3.09,0,0
18.75,81,Bijapur Tahsil,Chhattisgarh,0,0,0.09,0,0.75,8.79,10.75,16.22,3.69,2.99,0,0
18.75,81.25,Dantewada Tahsil,Chhattisgarh,0,0,0.01,0.01,1.11,9.19,11.69,16.95,4.53,3.27,0,0
18.75,81.5,Katekalyan Tahsil,Chhattisgarh,0,0,0.06,0.11,1.19,11.73,15.6,18.26,8.27,5.08,0,0
18.75,81.75,Katekalyan Tahsil,Chhattisgarh,0,0,0.09,0.29,1.92,11.48,16.64,16.94,9.06,5.43,0,0
18.75,82,Darbha Tahsil,Chhattisgarh,0,0,0.91,0.91,2.76,7.38,14.48,13.36,6.31,5.97,0.71,0.01
19,80.5,Bhopalpattnam,Chhattisgarh,0,0,0.11,0,0.42,6.83,11.21,12.46,4.2,3.51,0,0
19,80.75,Bhairamgarh Tahsil,Chhattisgarh,0,0,0.12,0,0.88,8.02,10.52,15.16,3.55,2.98,0,0
19,81,Bhairamgarh Tahsil,Chhattisgarh,0,0,0.01,0,1.07,8.42,10.42,15.79,3.56,2.79,0,0
19,81.25,Gidam Tahsil,Chhattisgarh,0,0,0,0.02,1.22,8.78,10.92,15.98,3.77,3.07,0,0
19,81.5,Bastanar Tahsil,Chhattisgarh,0,0,0.05,0.26,2.02,8.81,12.85,14.54,5.18,3.78,0,0
19,81.75,Tokapal Tahsil,Chhattisgarh,0,0,0.11,0.47,2.57,8.81,14.36,13.66,7,4.47,0.04,0
19,82,Jagdalpur Tahsil,Chhattisgarh,0,0,0.33,0.59,2.74,8.35,14.9,13.88,5.34,4.76,0.2,0
19.25,80.5,Bhopalpattnam,Chhattisgarh,0,0,0,0,0.31,5.77,13.32,9.6,5.21,2.65,0,0
19.25,80.75,Bhairamgarh Tahsil,Chhattisgarh,0,0,0,0,0.8,7.15,10.92,12.37,4.96,2.83,0,0
19.25,81,Orchha Tahsil,Chhattisgarh,0,0,0,0,1.19,8.38,10.47,13.22,4.35,2.98,0,0
19.25,81.25,Gidam Tahsil,Chhattisgarh,0,0,0,0.03,1.3,8.83,10.69,12.43,4.39,3.37,0,0
19.25,81.5,Kondagaon Tahsil,Chhattisgarh,0,0,0.03,0.19,1.81,10.01,12.44,12.48,4.46,4.49,0,0
19.25,81.75,Bastar Tahsil,Chhattisgarh,0,0,0.12,0.41,2.48,8.88,14.41,13.6,6.27,4.19,0,0
19.25,82,Bakavand Tahsil,Chhattisgarh,0,0,0.17,0.51,2.73,8.28,16.06,14.33,2.33,4.31,0,0
19.5,81,Orchha Tahsil,Chhattisgarh,0,0,0,0,1.09,7.46,10.05,9.42,5.75,2.7,0,0
19.5,81.25,Narayanpur Tahsil,Chhattisgarh,0,0,0,0.01,1.19,10.03,10.66,9.16,4.21,4.29,0,0
19.5,81.5,Kondagaon Tahsil,Chhattisgarh,0,0,0.04,0.01,1.27,11.69,11.05,9.05,3.41,5.22,0,0
19.5,81.75,Kondagaon Tahsil,Chhattisgarh,0,0,0.32,0.09,1.74,10.67,11.72,10.45,5.41,3.71,0,0
19.5,82,Makdi Tahsil,Chhattisgarh,0,0,0.48,0.21,1.52,9.04,13.33,11.58,6.2,2.77,0.07,0
19.75,80.75,Orchha Tahsil,Chhattisgarh,0,0,0,0,0.88,6.97,10.1,8.81,6.6,2.4,0,0
19.75,81,Orchha Tahsil,Chhattisgarh,0,0,0,0,0.98,6.42,9.75,8.48,6.66,2.06,0,0
19.75,81.25,Narayanpur Tahsil,Chhattisgarh,0,0,0,0,1.13,9.23,10.49,8.66,4.82,3.95,0,0
19.75,81.5,Farasgaon Tahsil,Chhattisgarh,0,0,0.08,0,1.24,11.4,10.96,8.97,3.83,4.97,0,0
19.75,81.75,Makdi Tahsil,Chhattisgarh,0,0,0.41,0.04,1.47,10.71,11.38,9.94,5.85,3.4,0.02,0
19.75,82,Makdi Tahsil,Chhattisgarh,0,0,0.53,0.02,1.42,9.63,11.55,10.28,7.35,2.35,0.03,0
20,80.75,Pakhanjur Tahsil,Chhattisgarh,0,0,0.01,0,0.76,6.52,10.54,9.01,7.26,2.44,0,0
20,81,Pakhanjur Tahsil,Chhattisgarh,0,0,0,0,0.73,6.73,10.43,8.79,6.96,2.78,0,0
20,81.25,Antagarh Tahsil,Chhattisgarh,0,0,0,0,0.65,7.59,11.05,8,6.04,4.76,0,0
20,81.5,Keskal Tahsil,Chhattisgarh,0,0,0.11,0,0.8,8.37,11.15,8.21,6.06,4.8,0,0
20,81.75,Bade Rajpur Tahsil,Chhattisgarh,0,0,0.29,0,1.2,10.08,11.57,9.77,6.01,3.35,0.03,0
20,82.25,Mainpur Tahsil,Chhattisgarh,0,0,0.32,0,0.02,5.92,10.73,9.79,6.87,2.11,0,0
20,82.5,Mainpur Tahsil,Chhattisgarh,0,0,0.36,0,0.1,5.32,10.25,8.17,6.37,3.01,0,0
20.25,80.5,Manpur Tahsil,Chhattisgarh,0,0,0.22,0,0.24,5.57,12.37,8.26,6.81,1.96,0,0
20.25,80.75,Durgkondal Tahsil,Chhattisgarh,0,0,0.07,0,0.26,7.15,10.94,10.33,8.06,1.59,0,0
20.25,81,Bhanupratappur Tahsil,Chhattisgarh,0,0,0.06,0,0.49,7,10.85,9.92,7.93,2.13,0,0
20.25,81.25,Bhanupratappur Tahsil,Chhattisgarh,0,0,0,0,0.19,6.18,11.56,7.16,6.93,5.76,0,0
20.25,81.5,Kanker Tahsil,Chhattisgarh,0,0,0.13,0,0.33,5.79,10.67,7.68,6.5,4.43,0,0
20.25,81.75,Narharpur Tahsil,Chhattisgarh,0,0,0.27,0,0.5,5.63,9.72,7.98,5.71,3.21,0,0
20.25,82,Nagri Tahsil,Chhattisgarh,0,0,0.12,0,0.15,5.19,8.2,7.5,4.26,2.43,0,0
20.25,82.25,Mainpur Tahsil,Chhattisgarh,0,0,0.13,0,0,7.27,5.57,8.53,6.66,3.08,0,0
20.5,80.75,Mohla Tahsil,Chhattisgarh,0,0,0.3,0,0.29,7.54,12.12,10.44,8.37,1.13,0,0
20.5,81,Dondi Tahsil,Chhattisgarh,0,0,0.48,0,0.4,8.4,12.46,10.87,8.88,1.37,0,0
20.5,81.25,Dondi Tahsil,Chhattisgarh,0,0,0.43,0,0.41,6.29,10.72,9.35,8.42,3.29,0,0
20.5,81.5,Charama Tahsil,Chhattisgarh,0,0,0.36,0,0.43,5.49,9.99,8.67,7.36,3.66,0,0
20.5,81.75,Nagri Tahsil,Chhattisgarh,0,0,0.19,0,0.3,4.57,8.44,7.45,3.94,2.81,0,0
20.5,82,Nagri Tahsil,Chhattisgarh,0,0,0.1,0,0.26,5.32,8.04,7.53,4.27,2.83,0,0
20.5,82.25,Bindranavagarh(Gariyaband) Tahsil,Chhattisgarh,0,0,0,0,0.06,8.6,5.56,9.78,8.42,3.8,0,0
20.75,80.75,Ambagarh Tahsil,Chhattisgarh,0,0,0.75,0,0.36,8.71,15.5,10.42,8.7,0.5,0,0
20.75,81,Dondi Luhara Tahsil,Chhattisgarh,0,0,0.7,0,0.36,8.87,12.25,11.27,9.5,1.37,0,0
20.75,81.25,Balod Tahsil,Chhattisgarh,0,0.01,0.73,0,0.61,6.16,10.33,10.46,9.24,2.03,0,0
20.75,81.5,Dhamtari Tahsil,Chhattisgarh,0.01,0,0.57,0,0.53,5.12,8.78,9.7,7.99,2.62,0,0
20.75,81.75,Dhamtari Tahsil,Chhattisgarh,0,0,0.18,0,0.29,4.62,8.18,7.76,4.27,2.73,0,0
20.75,82,Chhura Tahsil,Chhattisgarh,0,0,0.08,0,0.24,5,8.31,7.74,4.16,2.66,0,0
20.75,82.25,Chhura Tahsil,Chhattisgarh,0,0,0.22,0,0.22,6.51,6.45,10.09,6.53,4.02,0,0
21,80.5,Chhuriya Tahsil,Chhattisgarh,0.02,0,0.28,0,0.35,4.71,9.85,6.22,5.25,1.67,0,0
21,80.75,Dongargaon Tahsil,Chhattisgarh,0,0,0.66,0,0.28,7.33,8.22,7.53,6.75,2.72,0,0
21,81,Dondi Luhara Tahsil,Chhattisgarh,0.03,0,0.57,0,0.44,6.31,7.97,8.76,6.44,2.31,0,0
21,81.25,Gunderdehi Tahsil,Chhattisgarh,0.13,0,0.36,0,0.38,6.41,5.56,7.5,6.8,1.87,0,0
21,81.5,Patan Tahsil,Chhattisgarh,0.07,0,0.33,0,0.27,4.95,5.08,8.86,7.28,3.39,0,0
21,81.75,Kurud Tahsil,Chhattisgarh,0,0,0.24,0,0.12,4.26,6.03,9.96,7.2,3.51,0,0
21,82,Rajim Tahsil,Chhattisgarh,0,0,0.02,0,0.14,5.63,8.47,9.02,6.24,1.74,0,0
21,82.25,Bagbahra Tahsil,Chhattisgarh,0,0,0.08,0,0.24,5.16,8.9,8.55,4.85,1.82,0,0
21,82.5,Bagbahra Tahsil,Chhattisgarh,0.05,0,0.82,0,0.23,6.98,9.71,8.1,5.16,1.99,0.04,0
21.25,80.75,Dongargarh Tahsil,Chhattisgarh,0.02,0,0.41,0,0.37,5.93,6.87,6.98,5.33,2.09,0,0
21.25,81,Khairagarh Tahsil,Chhattisgarh,0.05,0,0.39,0,0.54,4.46,6.22,8.63,5.11,2.23,0,0
21.25,81.25,Durg Tahsil,Chhattisgarh,0.14,0,0.32,0,0.32,6.38,5.12,7.14,6.45,1.84,0,0
21.25,81.5,Dhamdha Tahsil,Chhattisgarh,0.18,0,0.29,0,0.22,7.74,4.34,6.28,7.21,1.69,0,0
21.25,81.75,Raipur Tahsil,Chhattisgarh,0,0,0.01,0,0.23,4.94,4.91,9.68,7.63,2.45,0,0
21.25,82,Arang Tahsil,Chhattisgarh,0,0,0,0,0.12,5.42,7.51,8.71,6.37,1.68,0,0
21.25,82.25,Mahasamund Tahsil,Chhattisgarh,0.01,0,0,0,0.27,5.63,9.53,8.54,5.32,1.63,0.01,0
21.25,82.5,Pithora Tahsil,Chhattisgarh,0.04,0,0.4,0,0.14,6.43,10.17,8,4.98,1.64,0.03,0
21.25,82.75,Pithora Tahsil,Chhattisgarh,0.03,0,0.05,0,0.07,6.33,10.21,6.99,4.64,1.53,0.03,0
21.25,83,Saraipali Tahsil,Chhattisgarh,0.04,0,0.07,0,0.03,8.21,7.75,6.28,4.62,1.39,0.02,0
21.5,80.75,Chhuikhadan Tahsil,Chhattisgarh,0.03,0,0.11,0,0.4,4.82,6.64,5.61,2.47,0.98,0,0
21.5,81,Khairagarh Tahsil,Chhattisgarh,0.03,0,0.1,0,0.37,4.93,6.85,6.6,3.87,1.14,0.02,0
21.5,81.25,Dhamdha Tahsil,Chhattisgarh,0.06,0,0.17,0,0.19,5.72,8.22,8.53,8.19,1.45,0.05,0
21.5,81.5,Berla Tahsil,Chhattisgarh,0.05,0,0.3,0,0.18,4.5,8.2,7.53,5.49,1.49,0.01,0
21.5,81.75,Tilda Tahsil,Chhattisgarh,0,0,0.05,0,0.17,3.54,5.72,7.23,4.95,1.03,0,0
21.5,82,Palari Tahsil,Chhattisgarh,0,0,0.02,0,0.07,3.55,5.4,5.84,4.62,0.74,0,0
21.5,82.25,Palari Tahsil,Chhattisgarh,0,0,0.03,0,0.21,4.03,7.31,7.46,4.46,0.91,0,0
21.5,82.5,Kasdol Tahsil,Chhattisgarh,0.02,0,0,0,0.25,5.71,9.49,6.71,4.99,1.23,0.02,0
21.5,82.75,Pithora Tahsil,Chhattisgarh,0.03,0,0.02,0,0.44,5.11,7.58,4.84,4.53,1.13,0,0
21.5,83,Sarangarh Tahsil,Chhattisgarh,0.12,0,0.08,0,0.43,6.35,7.29,5.17,4.04,1.3,0.01,0
21.5,83.25,Baramkela Tahsil,Chhattisgarh,0.44,0,0.19,0,0.43,11.53,6.79,6.25,2.49,1.37,0.06,0
21.75,80.75,Chhuikhadan Tahsil,Chhattisgarh,0.08,0.06,0.02,0,0.74,4.89,8.28,8.08,2.21,0.81,0,0
21.75,81,Sahaspur Lohara Tahsil,Chhattisgarh,0.01,0,0.01,0,0.67,4.84,7.57,7.89,2.37,0.82,0.01,0
21.75,81.25,Sahaspur Lohara Tahsil,Chhattisgarh,0.03,0,0.06,0,0.2,6.3,9.02,9.99,10,1.32,0.09,0
21.75,81.5,Bemetara Tahsil,Chhattisgarh,0.03,0.01,0.21,0,0.1,4.25,9.22,8.65,5.81,1.23,0.03,0
21.75,81.75,Simga Tahsil,Chhattisgarh,0.01,0,0.12,0,0.07,2.99,7.14,7.53,4.1,0.79,0,0
21.75,82,Bhatapara Tahsil,Chhattisgarh,0.01,0,0.06,0,0.19,2.96,6.41,7.88,3.93,0.49,0,0
21.75,82.25,Baloda Bazar Tahsil,Chhattisgarh,0,0,0.02,0,0.28,6.29,10.33,8.36,5.08,1.06,0,0
21.75,82.5,Pamgarh Tahsil,Chhattisgarh,0,0,0,0,0.36,6.98,11.3,7.06,5.31,1.23,0,0
21.75,82.75,Champa Tahsil,Chhattisgarh,0,0,0,0,0.41,5.54,8.83,5.16,5.1,1.1,0,0
21.75,83,Malkharoda Tahsil,Chhattisgarh,0.08,0,0.05,0,0.4,7.01,9.23,7.4,7.32,1.52,0.02,0
21.75,83.25,Dabhra Tahsil,Chhattisgarh,0.25,0,0.15,0.05,0.4,7.12,8.67,7.99,6.21,2,0.03,0
22,81,Bodla Tahsil,Chhattisgarh,0,0,0,0,1.99,6.07,11.74,20.96,4.34,1.52,0,0
22,81.25,Kawardha Tahsil,Chhattisgarh,0.08,0.03,0.02,0,1.15,5.91,9.67,14.53,4.04,0.85,0.01,0
22,81.5,Bemetara Tahsil,Chhattisgarh,0.17,0.06,0.01,0,0.5,5.75,7.85,9.71,2.43,0.1,0,0
22,81.75,Mungeli Tahsil,Chhattisgarh,0.13,0.02,0.06,0.01,0.1,3.3,8.76,8.86,3.52,0.72,0.04,0
22,82,Takhatpur Tahsil,Chhattisgarh,0.12,0.01,0.06,0.01,0.09,3.03,9.19,8.67,3.95,0.89,0.04,0
22,82.25,Masturi Tahsil,Chhattisgarh,0.02,0,0,0,0.16,7.14,12.06,8.69,5.59,1.29,0,0
22,82.5,Akaltara Tahsil,Chhattisgarh,0.01,0,0,0,0.57,8.23,12.48,8.35,5.63,1.38,0,0
22,82.75,Champa Tahsil,Chhattisgarh,0,0,0,0,0.45,5.42,10.1,3.57,4.71,0.99,0,0
22,83,Sakti Tahsil,Chhattisgarh,0,0,0,0,0.3,7.38,11.91,7.75,7.52,1.65,0.01,0
22,83.25,Raigarh Tahsil,Chhattisgarh,0.09,0,0,0.06,0.14,8.17,12.12,8.6,9.37,1.86,0.03,0
22,83.5,Raigarh Tahsil,Chhattisgarh,0.36,0,0.03,0.25,0.35,8.87,11.95,7.3,9.5,2.08,0.06,0
22.25,81.25,Bodla Tahsil,Chhattisgarh,0.07,0.03,0.02,0,1.13,6.51,9.38,14.46,4.44,0.77,0.01,0
22.25,81.5,Pandariya Tahsil,Chhattisgarh,0.14,0.05,0.01,0,0.37,5.88,8.19,10.22,3.09,0.17,0,0
22.25,81.75,Takhatpur Tahsil,Chhattisgarh,0.1,0.02,0.04,0.01,0.17,4.07,10.09,10.32,4.49,0.52,0.03,0
22.25,82,Takhatpur Tahsil,Chhattisgarh,0.08,0.01,0.04,0.01,0.16,3.56,11.17,9.83,5.17,0.74,0.03,0
22.25,82.25,Bilaspur Tahsil,Chhattisgarh,0.15,0,0,0,0.34,5.64,14.37,8.19,7.77,1.38,0.03,0
22.25,82.5,Baloda Tahsil,Chhattisgarh,0.44,0,0,0,0.6,5.72,15.47,8.85,9.33,1.44,0.09,0
22.25,82.75,Korba Tahsil,Chhattisgarh,0.14,0,0,0,0.48,6.25,12.47,6.39,6.35,1.27,0.03,0
22.25,83,Udaipur (Dharamjaigarh) Tahsil,Chhattisgarh,0,0,0,0,0.55,7.32,12.68,7.06,5.75,1.65,0,0
22.25,83.25,Gharghoda Tahsil,Chhattisgarh,0.02,0,0,0.02,0.62,8.01,14.94,7.8,6.56,1.75,0.01,0
22.25,83.5,Lailunga Tahsil,Chhattisgarh,0.2,0,0.14,0.29,1.06,6.56,16.02,8.06,6.22,0.97,0.04,0
22.25,83.75,Lailunga Tahsil,Chhattisgarh,0.07,0,0.25,0.32,0.84,5.88,17.59,8.51,4.16,0.38,0.02,0
22.5,81.5,Lormi Tahsil,Chhattisgarh,0.02,0.14,0.1,0,0.45,7.96,8.79,12.08,7.14,0.74,0,0
22.5,81.75,Lormi Tahsil,Chhattisgarh,0.02,0.11,0.06,0,0.47,6.26,10.97,12.39,6.92,0.49,0,0
22.5,82,Kota Tahsil,Chhattisgarh,0,0.02,0,0,0.4,4.63,13.38,12.84,6.78,0.19,0,0
22.5,82.25,Pali Tahsil,Chhattisgarh,0.03,0,0,0,0.26,3.83,15.25,7.34,8.28,1.34,0.01,0
22.5,82.5,Poundi-Uproda Tahsil,Chhattisgarh,0.23,0,0,0,0.43,4.79,15.41,8.02,8.81,1.42,0.04,0
22.5,82.75,Korba Tahsil,Chhattisgarh,0.2,0,0,0,0.57,5.06,14.4,7.17,7.92,1.39,0.04,0
22.5,83,Korba Tahsil,Chhattisgarh,0.03,0,0,0,0.89,8.09,18.31,7.95,6.91,1.61,0.01,0
22.5,83.25,Udaipur (Dharamjaigarh) Tahsil,Chhattisgarh,0,0,0,0,1.11,8.82,21.27,8.64,7.62,1.63,0,0
22.5,83.5,Lailunga Tahsil,Chhattisgarh,0.04,0,0.05,0.07,0.97,8.33,20.19,8.95,6.18,1.15,0,0
22.5,83.75,Pathalgaon Tahsil,Chhattisgarh,0.04,0.02,0.1,0.14,0.55,8.29,18.45,9.74,3.96,0.45,0.01,0
22.75,82,Pendra Tahsil,Chhattisgarh,0.02,0.18,0.05,0,0.49,5.55,12.08,10.39,6.97,0.71,0,0
22.75,82.25,Poundi-Uproda Tahsil,Chhattisgarh,0.11,0.02,0,0,0.35,4.14,14.81,8.7,8,1.09,0.02,0
22.75,82.5,Poundi-Uproda Tahsil,Chhattisgarh,0.19,0.03,0,0,0.35,4.03,15.54,7.56,8.26,1.33,0.04,0
22.75,82.75,Poundi-Uproda Tahsil,Chhattisgarh,0.21,0,0.02,0,0.43,6.14,19.23,9.07,7.53,1.43,0.04,0
22.75,83,Udaypur Tahsil,Chhattisgarh,0.06,0,0.01,0,0.75,7.79,20.34,8.94,6.47,1.52,0.01,0
22.75,83.25,Udaipur (Dharamjaigarh) Tahsil,Chhattisgarh,0.03,0,0.01,0,0.96,8.38,21.05,8.84,7.04,1.56,0,0
22.75,83.5,Sitapur Tahsil,Chhattisgarh,0.01,0.02,0,0,0.71,7.79,19.79,8.99,5.83,1.05,0,0
22.75,83.75,Bagicha Tahsil,Chhattisgarh,0,0.05,0.01,0,0.42,5.61,17.43,9.26,3.61,0.4,0.01,0
22.75,84,Kunkuri Tahsil,Chhattisgarh,0,0.04,0.01,0,0.43,6.22,17.82,10.17,4.46,0.89,0.08,0
23,82,Marwahi Tahsil,Chhattisgarh,0.01,0.23,0.04,0,0.21,5.68,9.86,6.47,4.85,0.82,0,0
23,82.25,Khadganva Tahsil,Chhattisgarh,0,0.14,0,0,0.04,3.31,12.55,4.97,4.9,0.93,0,0
23,82.5,Khadganva Tahsil,Chhattisgarh,0.04,0.13,0.01,0,0.08,3.1,16.83,7.02,4.87,0.99,0,0
23,82.75,Premnagar Tahsil,Chhattisgarh,0.11,0.03,0.02,0,0.18,5.13,20.39,9.12,5.35,1.09,0.01,0
23,83,Lakhanpur Tahsil,Chhattisgarh,0.16,0,0.03,0,0.31,6.85,22.07,9.93,5.78,1.33,0.02,0
23,83.25,Ambikapur Tahsil,Chhattisgarh,0.1,0.01,0.02,0,0.53,6.7,21.08,9.47,5.83,1.22,0.01,0
23,83.5,Batouli Tahsil,Chhattisgarh,0.05,0.03,0.01,0,0.53,5.97,19.27,9.3,4.93,0.87,0.01,0
23,83.75,Bagicha Tahsil,Chhattisgarh,0,0.05,0,0,0.46,4.5,17.06,9.37,3.86,0.54,0.04,0
23,84,Manora Tahsil,Chhattisgarh,0,0.04,0,0,0.39,4.25,18.07,9.22,4.45,1.03,0.12,0
23.25,82.25,Manendragarh Tahsil,Chhattisgarh,0,0.28,0,0,0,2,11.96,3.96,4.12,1.2,0,0
23.25,82.5,Baikunthpur Tahsil,Chhattisgarh,0.01,0.12,0,0,0.04,2.42,16.78,7.09,4.51,0.75,0,0
23.25,82.75,Ramanujnagar Tahsil,Chhattisgarh,0.03,0.01,0.01,0,0.1,3.03,20.02,9.19,4.83,0.51,0,0
23.25,83,Bhaiyathan Tahsil,Chhattisgarh,0.16,0.01,0.03,0,0.23,6.2,21.56,9.76,5.52,1.23,0.02,0
23.25,83.25,Rajpur Tahsil,Chhattisgarh,0.11,0,0.02,0,0.23,4.99,20.2,9.7,5.36,1.04,0.01,0
23.25,83.5,Shankargarh Tahsil,Chhattisgarh,0.07,0.02,0.01,0,0.33,3.24,18.18,9.38,4.58,0.81,0.02,0
23.25,83.75,Shankargarh Tahsil,Chhattisgarh,0,0.03,0,0,0.54,3.17,16.55,8.4,4.27,1.13,0.09,0
23.25,84,Samri(Kusmi) Tahsil,Chhattisgarh,0.08,0.03,0,0,0.66,3.55,16.37,7.74,4.69,1.5,0.15,0
23.5,82,Manendragarh Tahsil,Chhattisgarh,0,0.16,0,0,0.02,3.93,10.79,5.02,4.21,0.86,0,0
23.5,82.25,Manendragarh Tahsil,Chhattisgarh,0,0.16,0,0,0.01,2.9,13.38,5.52,4.3,0.82,0,0
23.5,82.5,Sonhat Tahsil,Chhattisgarh,0.01,0.1,0,0,0.03,2.68,16.22,6.92,4.49,0.67,0,0
23.5,82.75,Oudgi Tahsil,Chhattisgarh,0.05,0.06,0.01,0,0.08,2.99,18.67,8.13,4.68,0.69,0,0
23.5,83,Oudgi Tahsil,Chhattisgarh,0.09,0,0.01,0,0.13,3.8,20.03,9.25,4.89,0.73,0.01,0
23.5,83.25,Pratappur Tahsil,Chhattisgarh,0.08,0,0.01,0,0.09,2.66,17.42,9.18,4.66,0.73,0.01,0
23.5,83.5,Balrampur Tahsil,Chhattisgarh,0.24,0,0.04,0,0.32,2.58,16.71,8.47,4.47,2.01,0.01,0
23.5,83.75,Samri(Kusmi) Tahsil,Chhattisgarh,0.41,0,0.02,0,0.58,2.32,16.34,8.25,4.74,2.69,0.03,0
23.5,84,Samri(Kusmi) Tahsil,Chhattisgarh,0.52,0,0.05,0,1.05,3.34,17.29,7.02,5.3,4.08,0.15,0
23.75,81.75,Bharatpur Tahsil,Chhattisgarh,0,0.02,0,0,0.2,2.82,11.45,5.19,4.47,0.45,0,0
23.75,82,Bharatpur Tahsil,Chhattisgarh,0,0.09,0,0,0.11,3.45,11.01,5.24,4.34,0.66,0,0
23.75,82.25,Bharatpur Tahsil,Chhattisgarh,0,0.1,0,0,0.04,2.82,14.42,6.08,4.41,0.63,0,0
23.75,82.5,Sonhat Tahsil,Chhattisgarh,0.12,0.11,0,0,0.01,1.82,15.75,5.26,3.62,0.57,0,0
23.75,82.75,Oudgi Tahsil,Chhattisgarh,0.22,0.04,0,0,0.05,1.82,17.77,5.54,3.25,0.38,0,0
23.75,83,Pratappur Tahsil,Chhattisgarh,0.25,0,0,0,0.04,1.49,16.99,6.06,3.18,0.36,0,0
23.75,83.25,Wadrafnagar Tahsil,Chhattisgarh,0.15,0,0.01,0,0.03,1.22,14.76,7.92,3.84,0.55,0.01,0
23.75,83.5,Ramanujganj Tahsil,Chhattisgarh,0.06,0,0,0,0.03,1.3,15.03,9.15,4.39,0.63,0,0
24,83.25,Ramanujganj Tahsil,Chhattisgarh,0.22,0,0.01,0,0.02,0.96,14.77,6.18,2.98,0.37,0.01,0
24,83.5,Ramanujganj Tahsil,Chhattisgarh,0.19,0.01,0.04,0,0.02,1.25,12.3,7.52,3.29,0.56,0.04,0
24,93.75,Tedim District,Chin,0.23,0.72,6.83,7.13,4.89,9.34,11.72,4.45,10.15,7.7,0.12,3.33
27,89.5,Geling Gewog,Chukha,0,0.02,2.61,5.72,9.58,23.55,20.05,46.79,23.88,10.55,0.09,0.12
20.25,73,Nagar Haveli,Dadra and Nagar Haveli and Daman and Diu,0,0,0,0,0.06,23.86,44.28,22.25,10.51,3.9,0,1.36
26.75,89.75,Lhamoyzingkha Gewog,Dagana District,0,0.15,2.72,10.19,10.69,22.97,20.18,45.08,24.04,10.82,0.03,0
26.75,90,Nichula Gewog,Dagana District,0,1.3,2.26,13.8,8.46,14.51,13.15,26.62,21.96,9.52,0.18,0
27,90,Drukjeygang Gewog,Dagana District,0,1.28,2.13,13.98,9.42,17.35,15.22,30.64,24.58,10.11,0.34,0
34.75,75,Astore District,Gilgit-Baltistan,6.24,4.21,2.95,6.53,1.4,3.24,2.14,2.25,0.59,0,0.47,1.91
34.75,75.25,Astore District,Gilgit-Baltistan,6.22,4.08,2.62,6.5,1.34,3.39,2.5,1.93,0.62,0,0.42,2.07
34.75,75.5,Skardu District,Gilgit-Baltistan,5.12,1.84,1.05,5.28,0.49,1.23,1.67,0.68,0.22,0,0.13,1.23
34.75,75.75,Skardu District,Gilgit-Baltistan,4.89,0.75,0.29,4.64,0.07,0.32,1.34,0.25,0.04,0,0.02,0.86
34.75,76,Kharmang District,Gilgit-Baltistan,4.64,0.55,0.15,4.51,0,0.14,1.26,0.17,0.01,0,0,0.78
34.75,76.25,Kharmang District,Gilgit-Baltistan,0.61,0.61,0.14,2.85,0,0.14,1.23,0.11,0.01,0,0,0.68
35,74.75,Astore District,Gilgit-Baltistan,6.49,4.72,3.36,7.09,1.3,2.98,2.08,2.46,0.44,0,0.56,1.72
35,75,Astore District,Gilgit-Baltistan,6.15,4.23,2.96,6.43,1.39,3.2,2.17,2.38,0.55,0,0.5,1.83
35,75.25,Skardu District,Gilgit-Baltistan,5.57,3.28,2.22,5.74,1.02,2.7,2,2.01,0.43,0,0.42,1.64
35,75.5,Skardu District,Gilgit-Baltistan,4.54,1.46,0.82,4.95,0.35,0.92,1.52,0.54,0.17,0,0.09,1.12
35,75.75,Kharmang District,Gilgit-Baltistan,4.38,0.7,0.27,4.51,0.06,0.28,1.31,0.23,0.03,0,0.01,0.85
35,76,Kharmang District,Gilgit-Baltistan,2.43,0.54,0.15,3.52,0,0.14,1.25,0.14,0.01,0,0,0.73
35,76.25,Kharmang District,Gilgit-Baltistan,0.46,0.67,0.14,2.77,0,0.14,1.2,0.11,0.01,0,0,0.66
35,76.5,Ghanche District,Gilgit-Baltistan,0.45,1.11,0.12,2.58,0,0.21,1.03,0.09,0.02,0,0,0.56
35,76.75,Ghanche District,Gilgit-Baltistan,0.45,2.81,0.06,1.78,0.01,0.42,0.36,0.03,0.04,0,0,0.14
35.25,73.75,Diamer District,Gilgit-Baltistan,7.61,5.17,4.27,8.41,0.91,2.49,1.32,2,0.33,0,0.74,1.98
35.25,74,Diamer District,Gilgit-Baltistan,7.7,5.13,4.27,8.39,0.93,2.64,1.6,2.26,0.35,0,0.72,1.89
35.25,74.25,Diamer District,Gilgit-Baltistan,7.73,5.14,4.25,8.36,0.99,2.81,1.88,2.54,0.38,0,0.7,1.8
35.25,74.5,Diamer District,Gilgit-Baltistan,7.19,5.06,3.93,7.97,1.08,2.86,2,2.65,0.36,0,0.67,1.72
35.25,74.75,Astore District,Gilgit-Baltistan,6.55,4.74,3.49,7.09,1.26,2.99,2.16,2.68,0.41,0,0.61,1.71
35.25,75,Astore District,Gilgit-Baltistan,6,4.41,3.11,6.4,1.35,3.16,2.24,2.56,0.5,0,0.53,1.75
35.25,75.25,Skardu District,Gilgit-Baltistan,4.77,2.55,1.73,5.25,0.73,2.16,1.89,1.7,0.33,0,0.34,1.47
35.25,75.5,Skardu District,Gilgit-Baltistan,3.74,1,0.51,4.54,0.16,0.54,1.36,0.39,0.09,0,0.06,0.95
35.25,75.75,Skardu District,Gilgit-Baltistan,3.53,0.56,0.17,4.28,0.01,0.15,1.26,0.16,0.01,0,0,0.8
35.25,76,Ghanche District,Gilgit-Baltistan,0.49,0.53,0.14,2.85,0,0.13,1.26,0.12,0.01,0,0,0.7
35.25,76.25,Ghanche District,Gilgit-Baltistan,0.46,0.61,0.14,2.8,0,0.14,1.22,0.11,0.01,0,0,0.67
35.25,76.5,Ghanche District,Gilgit-Baltistan,0.46,1.3,0.11,2.49,0,0.23,0.96,0.08,0.02,0,0,0.51
35.25,76.75,Ghanche District,Gilgit-Baltistan,0.45,2.95,0.06,1.75,0.01,0.43,0.32,0.02,0.04,0,0,0.12
35.5,74,Diamer District,Gilgit-Baltistan,7.55,5.2,4.26,8.42,0.91,2.62,1.59,2.3,0.33,0,0.73,1.86
35.5,74.25,Diamer District,Gilgit-Baltistan,7.55,5.2,4.26,8.42,0.91,2.77,1.89,2.62,0.34,0,0.71,1.75
35.5,74.5,Diamer District,Gilgit-Baltistan,7.4,5.13,4.15,8.23,0.94,2.91,2.14,2.87,0.35,0,0.68,1.65
35.5,74.75,Astore District,Gilgit-Baltistan,6.56,4.67,3.61,7.09,1.13,3.03,2.31,2.99,0.38,0,0.65,1.6
35.5,75,Skardu District,Gilgit-Baltistan,5.57,4.1,3.01,5.77,1.28,3.09,2.34,2.89,0.41,0,0.6,1.62
35.5,75.25,Skardu District,Gilgit-Baltistan,3.78,1.67,1.07,4.64,0.42,1.93,1.9,1.72,0.27,0,0.34,1.34
35.5,75.5,Shigar District,Gilgit-Baltistan,3.03,0.57,0.18,4.12,0.01,0.19,1.27,0.17,0.01,0,0,0.83
35.5,75.75,Shigar District,Gilgit-Baltistan,3.15,0.53,0.14,3.13,0,0.13,1.26,0.12,0.01,0,0,0.8
35.5,76,Shigar District,Gilgit-Baltistan,0.46,0.53,0.14,2.84,0,0.13,1.26,0.12,0.01,0,0,0.7
35.5,76.25,Ghanche District,Gilgit-Baltistan,0.46,0.59,0.14,2.81,0,0.14,1.23,0.11,0.01,0,0,0.68
35.5,76.5,Ghanche District,Gilgit-Baltistan,0.46,1.5,0.11,2.4,0,0.25,0.88,0.07,0.02,0,0,0.47
35.5,76.75,Shigar District,Gilgit-Baltistan,0.45,3.18,0.04,1.65,0.02,0.46,0.23,0,0.04,0,0,0.07
35.75,73.25,Tangir District,Gilgit-Baltistan,2.27,1.53,1.27,2.49,0.28,1.95,5.04,1.98,0.33,0,0.23,0.62
35.75,73.5,Darel District,Gilgit-Baltistan,5.79,3.98,3.26,6.45,0.7,2.19,2.35,1.78,0.32,0,0.59,1.59
35.75,73.75,Darel District,Gilgit-Baltistan,7.55,5.2,4.26,8.42,0.91,2.31,1.02,1.69,0.31,0,0.77,2.08
35.75,74,Darel District,Gilgit-Baltistan,7.55,5.2,4.26,8.42,0.91,2.61,1.58,2.29,0.33,0,0.73,1.86
35.75,74.25,Gilgit District,Gilgit-Baltistan,7.55,5.2,4.26,8.42,0.91,2.93,2.18,2.93,0.35,0,0.69,1.63
35.75,74.5,Gilgit District,Gilgit-Baltistan,7.55,5.2,4.26,8.42,0.91,3.06,2.41,3.18,0.36,0,0.67,1.54
35.75,74.75,Astore District,Gilgit-Baltistan,7.55,5.2,4.26,8.42,0.91,3.1,2.48,3.26,0.37,0,0.67,1.52
35.75,75,Skardu District,Gilgit-Baltistan,5.53,4.42,3.61,4.67,1.55,3.1,2.48,3.26,0.37,0,0.67,1.52
35.75,75.25,Skardu District,Gilgit-Baltistan,3.08,0.52,0.14,3.62,0,1.16,1.68,1.2,0.14,0,0.23,1.09
35.75,75.5,Shigar District,Gilgit-Baltistan,3.04,0.52,0.14,3.87,0,0.13,1.26,0.13,0.01,0,0,0.83
35.75,75.75,Shigar District,Gilgit-Baltistan,3.1,0.52,0.14,3.5,0,0.13,1.26,0.12,0.01,0,0,0.82
35.75,76,Shigar District,Gilgit-Baltistan,1.34,0.52,0.14,3.06,0,0.13,1.26,0.12,0.01,0,0,0.74
35.75,76.25,Shigar District,Gilgit-Baltistan,0.46,0.53,0.14,2.84,0,0.13,1.26,0.12,0.01,0,0,0.7
35.75,76.5,Shigar District,Gilgit-Baltistan,0.45,2.31,0.08,2.04,0.01,0.35,0.57,0.04,0.03,0,0,0.28
36,72.75,Gupis-Yasin District,Gilgit-Baltistan,0,0,0,0,0,1.8,6.76,2.11,0.34,0,0,0
36,73,Gupis-Yasin District,Gilgit-Baltistan,0.12,0.07,0.06,0.12,0.01,1.8,6.65,2.09,0.34,0,0,0.03
36,73.25,Gupis-Yasin District,Gilgit-Baltistan,1.19,0.8,0.67,1.31,0.15,1.87,5.85,2.04,0.34,0,0.12,0.33
36,73.5,Gupis-Yasin District,Gilgit-Baltistan,3.49,2.39,1.96,3.88,0.42,2.03,4.1,1.91,0.33,0,0.35,0.96
36,73.75,Ghizer District,Gilgit-Baltistan,5.52,3.8,3.11,6.15,0.67,2.17,2.56,1.8,0.32,0,0.56,1.52
36,74,Ghizer District,Gilgit-Baltistan,6.53,4.5,3.69,7.29,0.79,2.39,2.07,2.05,0.32,0,0.65,1.69
36,74.25,Gilgit District,Gilgit-Baltistan,7.04,4.85,3.97,7.86,0.85,2.81,2.24,2.74,0.34,0,0.67,1.61
36,74.5,Gilgit District,Gilgit-Baltistan,7.29,5.02,4.12,8.14,0.88,3.1,2.48,3.26,0.37,0,0.67,1.52
36,74.75,Gilgit District,Gilgit-Baltistan,7.42,5.11,4.19,8.28,0.89,3.1,2.48,3.26,0.37,0,0.67,1.52
36,75,Shigar District,Gilgit-Baltistan,6.48,4.77,3.9,6.48,1.22,3.1,2.48,3.26,0.37,0,0.67,1.52
36,75.25,Shigar District,Gilgit-Baltistan,4.78,2.65,2.02,5.05,0.61,2.13,2.08,2.23,0.25,0,0.45,1.3
36,75.5,Shigar District,Gilgit-Baltistan,3.7,1.23,0.77,4.23,0.2,0.8,1.53,0.83,0.09,0,0.15,0.99
36,75.75,Shigar District,Gilgit-Baltistan,3.18,0.53,0.14,3.64,0,0.13,1.26,0.12,0.01,0,0,0.83
36,76,Shigar District,Gilgit-Baltistan,2.26,0.52,0.14,3.35,0,0.13,1.26,0.12,0.01,0,0,0.78
36.25,72.75,Gupis-Yasin District,Gilgit-Baltistan,0,0,0,0,0,1.81,6.77,2.11,0.34,0,0,0
36.25,73,Gupis-Yasin District,Gilgit-Baltistan,0.05,0.02,0.02,0.05,0.01,1.8,6.71,2.1,0.34,0,0,0.01
36.25,73.25,Gupis-Yasin District,Gilgit-Baltistan,0.62,0.42,0.35,0.68,0.07,1.84,6.28,2.07,0.34,0,0.06,0.17
36.25,73.5,Gupis-Yasin District,Gilgit-Baltistan,2.06,1.41,1.16,2.28,0.25,1.94,5.19,1.99,0.33,0,0.21,0.57
36.25,73.75,Ghizer District,Gilgit-Baltistan,3.79,2.6,2.13,4.22,0.46,2.05,3.87,1.9,0.32,0,0.38,1.04
36.25,74,Ghizer District,Gilgit-Baltistan,5.16,3.55,2.91,5.75,0.62,2.22,2.97,1.97,0.32,0,0.52,1.37
36.25,74.25,Nagar District,Gilgit-Baltistan,6.1,4.2,3.44,6.8,0.74,2.51,2.61,2.36,0.34,0,0.59,1.49
36.25,74.5,Hunza District,Gilgit-Baltistan,6.7,4.61,3.78,7.47,0.81,2.81,2.55,2.81,0.35,0,0.63,1.5
36.25,74.75,Nagar District,Gilgit-Baltistan,7.06,4.86,3.98,7.88,0.85,2.95,2.51,3.03,0.36,0,0.65,1.51
36.25,75,Nagar District,Gilgit-Baltistan,6.77,4.81,3.94,7.18,1.04,3.02,2.5,3.14,0.36,0,0.66,1.51
36.25,75.25,Nagar District,Gilgit-Baltistan,5.77,3.73,2.98,6.11,0.82,2.58,2.29,2.69,0.3,0,0.55,1.41
36.25,75.5,Hunza District,Gilgit-Baltistan,4.74,2.48,1.87,5.17,0.51,1.68,1.91,1.76,0.2,0,0.35,1.2
36.25,75.75,Hunza District,Gilgit-Baltistan,3.96,1.5,1.01,4.4,0.26,0.91,1.58,0.94,0.11,0,0.18,1.02
36.25,76,Hunza District,Gilgit-Baltistan,3.11,1.01,0.57,3.88,0.12,0.52,1.42,0.53,0.06,0,0.09,0.9
36.5,73,Gupis-Yasin District,Gilgit-Baltistan,0.01,0.01,0,0.02,0,1.8,6.75,2.11,0.34,0,0,0
36.5,73.25,Gupis-Yasin District,Gilgit-Baltistan,0.32,0.22,0.18,0.36,0.04,1.82,6.51,2.09,0.34,0,0.03,0.09
36.5,73.5,Gupis-Yasin District,Gilgit-Baltistan,1.19,0.81,0.67,1.32,0.15,1.88,5.85,2.04,0.33,0,0.12,0.33
36.5,73.75,Ghizer District,Gilgit-Baltistan,2.49,1.71,1.4,2.77,0.3,1.97,4.86,1.97,0.33,0,0.25,0.69
36.5,74,Ghizer District,Gilgit-Baltistan,3.83,2.63,2.16,4.26,0.46,2.09,3.92,1.97,0.33,0,0.38,1.03
36.5,74.25,Nagar District,Gilgit-Baltistan,4.96,3.41,2.8,5.53,0.6,2.3,3.26,2.16,0.33,0,0.49,1.26
36.5,74.5,Hunza District,Gilgit-Baltistan,5.83,4.01,3.29,6.5,0.7,2.55,2.9,2.49,0.34,0,0.56,1.38
36.5,74.75,Hunza District,Gilgit-Baltistan,6.45,4.44,3.64,7.19,0.78,2.75,2.71,2.76,0.35,0,0.6,1.45
36.5,75,Hunza District,Gilgit-Baltistan,6.61,4.63,3.79,7.18,0.91,2.89,2.6,2.95,0.35,0,0.63,1.48
36.5,75.25,Hunza District,Gilgit-Baltistan,6.19,4.18,3.39,6.65,0.87,2.73,2.45,2.82,0.33,0,0.59,1.44
36.5,75.5,Hunza District,Gilgit-Baltistan,5.46,3.33,2.63,5.91,0.69,2.21,2.18,2.29,0.26,0,0.47,1.32
36.5,75.75,Hunza District,Gilgit-Baltistan,4.71,2.42,1.82,5.16,0.47,1.56,1.88,1.61,0.18,0,0.32,1.17
36.75,74,Ghizer District,Gilgit-Baltistan,2.71,1.86,1.52,3.01,0.33,2,4.74,2,0.33,0,0.27,0.73
36.75,74.25,Hunza District,Gilgit-Baltistan,3.84,2.64,2.16,4.27,0.46,2.15,4,2.08,0.33,0,0.38,1
36.75,74.5,Hunza District,Gilgit-Baltistan,4.83,3.32,2.73,5.39,0.58,2.35,3.45,2.28,0.34,0,0.47,1.19
36.75,74.75,Hunza District,Gilgit-Baltistan,5.64,3.88,3.18,6.29,0.68,2.55,3.08,2.52,0.34,0,0.54,1.32
36.75,75,Hunza District,Gilgit-Baltistan,6.12,4.25,3.49,6.74,0.79,2.72,2.84,2.74,0.35,0,0.58,1.4
36.75,75.25,Hunza District,Gilgit-Baltistan,6.16,4.22,3.44,6.69,0.83,2.73,2.65,2.78,0.34,0,0.59,1.42
37,74.75,Hunza District,Gilgit-Baltistan,4.74,3.26,2.67,5.28,0.57,2.38,3.57,2.34,0.34,0,0.46,1.14
15,74.25,Canacona,Goa,0,0,0,0.13,4.99,27.28,35.75,16.68,11.61,3.59,0.42,0.14
15.25,74,Salcete,Goa,0,0,0,0,1.79,23.55,32.41,13.16,11.19,4.19,0,0.54
15.25,74.25,Sanguem,Goa,0,0,0,0.13,4.52,17.45,27.23,9.69,7.78,4.49,0.14,0.13
15.5,74,Ponda,Goa,0,0,0,0,3,34.63,39.68,19.72,14.24,5.55,0,0.13
15.5,74.25,Satari,Goa,0,0,0,0.3,4.01,20.58,27.18,9.8,9.6,4.49,0.1,0.08
20.25,72.75,Umbergaon Taluka,Gujarat,0,0,0,0,0.02,22.05,33.74,19.89,6.98,2.4,0,2.96
20.25,73.25,Kaparada Taluka,Gujarat,0,0,0,0,0.02,18.31,52.94,20.19,11.25,3.72,0,0.47
20.5,72.75,Valsad,Gujarat,0,0,0,0,0.03,21.27,34.9,21.47,5.02,1.59,0,2.71
20.5,73,Pardi Taluka,Gujarat,0,0,0,0,0,11.67,48.27,14.29,6.4,2.4,0,2.79
20.5,73.25,Dharampur Taluka,Gujarat,0,0,0,0,0,12,48.38,16,8.41,3.06,0,1.5
20.75,70.75,Kodinar Taluka,Gujarat,0,0,0,0,0,3.81,22.3,9.9,1.47,0.61,0,0.22
20.75,71,Una Taluka,Gujarat,0,0,0,0,0,2.69,15.52,6.5,1.56,0.71,0,0.34
20.75,72.75,Valsad,Gujarat,0,0,0,0,0,12.92,27.28,11.5,3.59,0.55,0,1.62
20.75,73,Gandevi Taluka,Gujarat,0,0,0,0,0,9.68,29.47,10.43,4.53,0.73,0,1.59
20.75,73.25,Vansda Taluka,Gujarat,0,0,0,0,0,11,29.81,15.26,5.8,2.97,0,2.16
20.75,73.5,Vaghai Taluka,Gujarat,0,0,0,0,0,9.14,35.29,15.26,6.19,3.88,0,1.4
20.75,73.75,Ahava Taluka,Gujarat,0,0,0,0,0.01,4.15,17.84,7.89,3.73,3.8,0,0.94
21,70,Junagadh,Gujarat,0,0,0,0,0,3.73,10.42,13.13,2.34,0.02,0,0.08
21,70.25,Patan Veraval Taluka,Gujarat,0,0,0,0,0,3.98,14.32,10.41,2.74,0.16,0,0.2
21,70.5,Talala Taluka,Gujarat,0,0,0,0,0,6.69,15.01,8.01,5.11,1.15,0,0.04
21,70.75,Amreli,Gujarat,0,0,0,0,0,4.5,19.97,9.02,2.97,0.79,0,0.15
21,71,Amreli,Gujarat,0,0,0,0,0,2.46,10.89,5.62,2.47,1.05,0,0.28
21,71.25,Khambha Taluka,Gujarat,0,0,0,0,0,3.26,7.49,4.73,2.5,2.79,0,0.17
21,71.5,Rajula Taluka,Gujarat,0,0,0,0,0,3.41,7.31,6.47,2.92,4.17,0,0.25
21,72.75,Jalalpore Taluka,Gujarat,0,0,0,0,0,9.26,18.68,9.86,3.18,0.81,0,1.11
21,73,Navsari Taluka,Gujarat,0,0,0,0,0,5.36,21.05,5.27,3.15,1.66,0,1.2
21,73.25,Valod Taluka,Gujarat,0,0,0,0,0,4.08,21.08,7.07,3.56,1.49,0,0.98
21,73.5,Vyara Taluka,Gujarat,0,0,0,0,0,4.62,18.18,7.72,3.86,2.97,0,0.88
21,73.75,Subir Taluka,Gujarat,0,0,0,0,0,3.98,12.32,7.12,4.82,3.11,0,1.21
21.25,69.75,Junagadh,Gujarat,0,0,0,0,0,4.63,7.75,10.42,2.33,0,0,0.05
21.25,70,Porbandar Taluka,Gujarat,0,0,0,0,0,3.95,9.56,13.11,2.62,0,0,0.08
21.25,70.25,Keshhod Taluka,Gujarat,0,0,0,0,0,4.08,10.16,11.67,3.26,0.05,0,0.08
21.25,70.5,Mendarda Taluka,Gujarat,0,0,0,0,0,5.44,15.07,7.89,3.44,0.43,0,0.01
21.25,70.75,Visavadar Taluka,Gujarat,0,0,0,0,0,3.53,15.08,6.36,2.73,0.46,0,0.02
21.25,71,Dhari Taluka,Gujarat,0,0,0,0,0,0.93,7.31,2.58,1.67,0.34,0,0.1
21.25,71.25,Khambha Taluka,Gujarat,0,0,0,0,0,1.8,5.92,4.45,3.7,1.05,0,0.19
21.25,71.5,Savar Kundla Taluka,Gujarat,0,0,0,0,0,2.72,6.42,6.32,3.19,3.28,0,0.26
21.25,71.75,Mahuva Taluka,Gujarat,0,0,0,0,0,3.02,4.93,8.92,3.25,3.21,0,0.34
21.25,72,Talaja Taluka,Gujarat,0,0,0,0,0,3.4,5.77,8.62,1.8,1.46,0,0.24
21.25,72.75,Chorasi Taluka,Gujarat,0,0,0,0,0.01,9.6,12.23,11.56,3.11,1.04,0,0.4
21.25,73,Kamrej Taluka,Gujarat,0,0,0,0,0,7.26,17.76,7.66,3.76,0.76,0,0.35
21.25,73.25,Mandvi Taluka,Gujarat,0,0,0,0,0,4.02,20.33,8.62,5.51,3.65,0,0.89
21.25,73.5,Songadh Taluka,Gujarat,0,0,0,0,0,7.21,14.31,9.58,2.87,2.28,0,1.29
21.25,73.75,Uchchhal Taluka,Gujarat,0,0,0,0,0,5.2,15.97,8.2,5.35,2.75,0,1.24
21.5,69.75,Porbandar Taluka,Gujarat,0,0,0,0,0,5.91,6.57,6.63,2.6,0,0,0.01
21.5,70,Manavadar Taluka,Gujarat,0,0,0,0,0,4.5,7.47,9.18,2.68,0.07,0,0.08
21.5,70.25,Vanthali Taluka,Gujarat,0,0,0,0,0,5.54,12.75,7.68,3.59,1.69,0,0.01
21.5,70.5,Junagadh Taluka,Gujarat,0,0,0,0,0,4.43,12.88,6.9,1.95,0.09,0,0.02
21.5,70.75,Bhesan Taluka,Gujarat,0,0,0,0,0,2.31,13.79,4.33,1.74,0.17,0,0.04
21.5,71,Amreli Taluka,Gujarat,0,0,0,0.01,0,1.5,11.76,2.5,1.87,0.23,0,0.1
21.5,71.25,Amreli Taluka,Gujarat,0,0,0,0.2,0,1.2,9.81,3.45,1.59,0.3,0,0.02
21.5,71.5,Gariadhar Taluka,Gujarat,0,0,0,0,0,1.4,7.36,2.7,1.1,0.21,0,0.06
21.5,71.75,Palitana Taluka,Gujarat,0,0,0,0,0,3.01,7.38,7.82,2.7,0.16,0,0.1
21.5,72,Sihor Taluka,Gujarat,0,0,0,0,0,3.01,6.48,8.21,1.78,0.63,0,0.19
21.5,72.5,Bharūch,Gujarat,0,0,0,0,0,5.34,8.07,9.3,3.44,0.38,0,0.24
21.5,72.75,Hansot Taluka,Gujarat,0,0,0,0,0,6.34,8.97,9.95,3.86,0.28,0,0.18
21.5,73,Mangrol Taluka,Gujarat,0,0,0,0,0,6.47,12.1,13.4,1.66,3.46,0,0.4
21.5,73.25,Valia Taluka,Gujarat,0,0,0,0,0,15.42,19.09,12.35,4.02,2.69,0,0.84
21.5,73.5,Dediapada Taluka,Gujarat,0,0,0,0,0,14.32,18.23,9.85,3.17,2.14,0,0.99
21.5,73.75,Sagbara Taluka,Gujarat,0,0,0,0,0,9.59,35.8,10.73,5.45,0.75,0,1.78
21.5,74,Kukarmunda Taluka,Gujarat,0,0,0,0,0,4.59,11.87,4.5,3.21,0.54,0,0.88
21.5,74.25,Nizar Taluka,Gujarat,0,0,0,0,0,3.63,7.74,3.01,3.65,1.42,0,0.94
21.75,69.5,Porbandar Taluka,Gujarat,0,0,0,0,0,6.23,7.34,6.1,2.21,0,0,0
21.75,69.75,Ranavav Taluka,Gujarat,0,0,0,0,0,5.96,7.34,6.37,2.37,0,0,0
21.75,70,Kutiyana Taluka,Gujarat,0,0,0,0,0,3.58,9.7,7.52,1.49,0,0,0.01
21.75,70.25,Upleta Taluka,Gujarat,0,0,0,0,0,5.52,6.64,8.98,4.8,0.03,0,0
21.75,70.5,Dhoraji Taluka,Gujarat,0,0,0,0,0,6.66,13.09,5,1.8,0,0,0
21.75,70.75,Jetpur Taluka,Gujarat,0,0,0,0,0,4.23,14.42,4.73,1.98,0.02,0,0.01
21.75,71,Gondal Taluka,Gujarat,0,0,0,0,0,2.15,13,3.21,2.58,0.2,0,0.09
21.75,71.25,Babra Taluka,Gujarat,0,0,0,0.01,0,1.8,13.74,3.86,1.85,0.1,0,0.1
21.75,71.5,Lathi Taluka,Gujarat,0,0,0,0,0,5.18,12.96,4.15,1.31,0.05,0,0.21
21.75,71.75,Sihor Taluka,Gujarat,0,0,0,0,0,2.11,9.09,5.45,1.68,0.02,0,0.12
21.75,72,Bhavnagar Taluka,Gujarat,0,0,0,0,0,2.1,8.06,7.87,1.99,0.05,0,0.25
21.75,72.25,Bhavnagar,Gujarat,0,0,0,0,0,2.67,6.07,7.17,2.35,0.15,0,0.27
21.75,72.5,Bharūch,Gujarat,0,0,0,0,0,5.63,7.48,8.3,3.39,0.44,0,0.18
21.75,72.75,Vagra Taluka,Gujarat,0,0,0,0,0,7.55,9.54,8.73,3.75,0.86,0,0.17
21.75,73,Bharuch Taluka,Gujarat,0,0,0,0,0,5.16,6.56,5.19,1.42,0.89,0,0.14
21.75,73.25,Jhagadiya Taluka,Gujarat,0,0,0,0,0,4.92,6.59,4.66,1.6,0.54,0,0.19
21.75,73.5,Nandod Taluka,Gujarat,0,0,0,0,0,8.1,13.8,8.41,1.94,0.69,0,0.6
21.75,73.75,Dediapada Taluka,Gujarat,0,0,0,0,0,9.17,16.55,6.45,2.65,0.72,0,1.08
22,69.25,Kalyanpur Taluka,Gujarat,0,0,0,0,0,3.85,11.73,8.69,0.03,0,0,0
22,69.5,Kalyanpur Taluka,Gujarat,0,0,0,0,0,5.05,10.9,9.27,0.31,0,0,0
22,69.75,Bhanvad Taluka,Gujarat,0,0,0,0,0,5.62,10.6,6.49,0.68,0,0,0
22,70,Jamjodhpur Taluka,Gujarat,0,0,0,0,0,3.24,11.58,6.6,0.37,0,0,0
22,70.25,Jamjodhpur Taluka,Gujarat,0,0,0,0,0,3.49,12.31,5.87,1.33,0,0,0
22,70.5,Jam Kandoma Taluka,Gujarat,0,0,0,0,0,2.76,16.04,4.73,1.34,0,0,0
22,70.75,Gondal Taluka,Gujarat,0,0,0,0,0.01,3.62,16.49,5.26,2.76,0,0,0
22,71,Gondal Taluka,Gujarat,0,0,0,0,0,2.85,13.48,4.19,2.42,0,0,0
22,71.25,Babra Taluka,Gujarat,0,0,0,0,0,3.04,11.95,4.6,2.31,0,0,0.1
22,71.5,Gadhada Taluka,Gujarat,0,0,0,0,0,5.61,8.72,8.35,1.26,0,0,0.56
22,71.75,Vallabhipur Taluka,Gujarat,0,0,0,0,0,3.07,9.69,3.99,3.04,0,0,0.12
22,72,Vallabhipur Taluka,Gujarat,0,0,0,0,0,2.32,9.42,4.57,3.51,0.01,0,0.14
22,72.25,Dholera Taluka,Gujarat,0,0,0,0,0,2.78,7.84,6.97,2.31,0.08,0,0.21
22,72.5,Bharūch,Gujarat,0,0,0,0,0,3.24,8.33,4.77,1.78,0.7,0,0.1
22,72.75,Jambusar Taluka,Gujarat,0,0,0,0,0,2.04,5.28,3.68,1.74,1.86,0,0.04
22,73,Amod Taluka,Gujarat,0,0,0,0,0,3.23,7.73,2.92,1.81,0.22,0,0.01
22,73.25,Karjan Taluka,Gujarat,0,0,0,0,0,3.76,9.21,4.41,1.85,0.02,0,0.12
22,73.5,Dabhoi Taluka,Gujarat,0,0,0,0,0,3.48,13.19,8.82,2.39,0.26,0,0.26
22,73.75,Nasvadi Taluka,Gujarat,0,0,0,0,0,3.83,10.44,5.84,2.16,0.33,0,0.46
22,74,Kavant Taluka,Gujarat,0,0,0,0,0,6.07,13.42,5.74,2.53,0.37,0,0.67
22.25,69,Okhamandal Taluka,Gujarat,0,0,0,0,0,1.51,6.65,5.02,0.11,0,0,0
22.25,69.25,Kalyanpur Taluka,Gujarat,0,0,0,0,0,2.82,9.53,7.02,0.05,0,0,0
22.25,69.5,Khambhalia Taluka,Gujarat,0,0,0,0,0,5.42,10.11,11.02,0.14,0,0,0
22.25,69.75,Khambhalia Taluka,Gujarat,0,0,0,0,0,4.7,9.87,9.46,0.21,0,0,0
22.25,70,Lalpur Taluka,Gujarat,0,0,0,0,0,2.92,10.36,6.41,0.27,0,0,0
22.25,70.25,Kalavad Taluka,Gujarat,0,0,0,0,0,2.38,14.16,4.41,0.44,0,0,0
22.25,70.5,Kalavad Taluka,Gujarat,0,0,0,0,0.04,2.51,17.19,4.51,0.82,0,0,0.01
22.25,70.75,Rajkot South Taluka,Gujarat,0,0,0,0,0.4,7.22,24.61,5.96,1.14,0,0,0.05
22.25,71,Rajkot Taluka,Gujarat,0,0,0,0,0.02,2.88,12.34,5.41,2.23,0,0,0
22.25,71.25,Vinchhiya Taluka,Gujarat,0,0,0,0,0,2.59,11.97,5.21,2.17,0,0,0
22.25,71.5,Botad Taluka,Gujarat,0,0,0,0,0,2.06,9.11,5.99,0.83,0,0,0.15
22.25,71.75,Ranpur Taluka,Gujarat,0,0,0,0,0,2.16,10.02,4.98,2.78,0,0,0.05
22.25,72,Dhandhuka Taluka,Gujarat,0,0,0,0,0,2.91,10.97,5.54,2.52,0,0,0.03
22.25,72.25,Dholera Taluka,Gujarat,0,0,0,0,0,2.56,12.65,6.42,1.36,0,0,0.01
22.25,72.75,Khambhat Taluka,Gujarat,0,0,0,0,0,4.14,10.49,4.97,2.12,0.09,0,0.09
22.25,73,Padra Taluka,Gujarat,0,0,0,0,0,1.88,7.51,2.67,1.27,0,0,0.01
22.25,73.25,Vadodara Rural Taluka,Gujarat,0,0,0,0,0.02,4.66,13.69,6.02,1.52,0.06,0,0.4
22.25,73.5,Vagodhia Taluka,Gujarat,0,0,0,0,0,3.25,16.46,9.08,3.62,0.26,0,0.1
22.25,73.75,Bodeli Taluka,Gujarat,0,0,0,0,0,2.6,15.05,7.58,2.4,0.1,0,0.51
22.25,74,Chhota Udaipur Taluka,Gujarat,0,0,0,0,0,4.41,14.28,7.13,2.58,0.2,0,0.37
22.5,69.5,Jamnagar,Gujarat,0,0,0,0,0,3.25,8.77,6.29,0.87,0,0,0
22.5,69.75,Jamnagar,Gujarat,0,0,0,0,0,3.34,9.39,6.17,0.59,0,0,0
22.5,70,Jamnagar Taluka,Gujarat,0,0,0,0,0,2.62,12.73,4.73,0.23,0,0,0
22.5,70.25,Jamnagar Taluka,Gujarat,0,0,0,0,0,2.33,15.87,3.34,0.25,0,0,0
22.5,70.5,Dhrol Taluka,Gujarat,0,0,0,0,0.01,3.78,17.79,3.55,1.01,0,0,0.01
22.5,70.75,Tankara Taluka,Gujarat,0,0,0,0,0.07,3.87,28.3,6.79,0.58,0,0,0.05
22.5,71,Wankaner Taluka,Gujarat,0,0,0,0,0,2.26,18.66,4.62,0.88,0,0,0.03
22.5,71.25,Chotila Taluka,Gujarat,0,0,0,0,0,1.88,12.27,4.79,1.76,0,0,0.04
22.5,71.5,Sayla Taluka,Gujarat,0,0,0,0,0,2.82,14.51,4.2,0.26,0,0,0.04
22.5,71.75,Chuda Taluka,Gujarat,0,0,0,0,0,1.94,10.71,4.09,0.53,0,0,0.04
22.5,72,Dhandhuka Taluka,Gujarat,0,0,0,0,0,2.78,11.81,6.22,1.34,0,0,0.01
22.5,72.25,Dholka Taluka,Gujarat,0,0,0,0,0,3,14.92,5.9,1.42,0,0,0.01
22.5,72.5,Tarapur Taluka,Gujarat,0,0,0,0,0,2.26,13.57,7.61,1.28,0,0,0.01
22.5,72.75,Petlad Taluka,Gujarat,0,0,0,0,0.02,3.65,11.97,6.67,3.12,0,0,0.09
22.5,73,Anand Rural Taluka,Gujarat,0,0,0,0,0.03,2.26,8.8,3.03,1.46,0.05,0,0.08
22.5,73.25,Savli Taluka,Gujarat,0,0,0,0,0,4.16,15.94,3.93,2.79,0.09,0,0.08
22.5,73.5,Halol Taluka,Gujarat,0,0,0,0,0,3.61,13.7,5.2,3.67,0.16,0,0.26
22.5,73.75,Jetpur Pavi Taluka,Gujarat,0,0,0,0,0,2.84,14.86,9.08,3.78,0.14,0,0.21
22.5,74,Chhota Udaipur Taluka,Gujarat,0,0,0,0,0,4.04,10.82,5.45,2.01,0.22,0,0.37
22.75,69.75,Jamnagar,Gujarat,0,0,0,0,0,2.78,6.19,4.23,1.06,0,0,0
22.75,70,Jamnagar,Gujarat,0,0,0,0,0,2.54,14.99,5.13,0.48,0,0,0
22.75,70.25,Jamnagar,Gujarat,0,0,0,0,0,3.31,20.01,5.27,0.04,0,0,0
22.75,70.5,Jodiya Taluka,Gujarat,0,0,0,0,0,2.93,24.35,6.27,0.41,0,0,0.03
22.75,70.75,Morbi Taluka,Gujarat,0,0,0,0,0,1.86,23.48,5.92,0.89,0,0,0.06
22.75,71,Wankaner Taluka,Gujarat,0,0,0,0,0,2.92,30.23,4.88,0.34,0,0,0.09
22.75,71.25,Muli Taluka,Gujarat,0,0,0,0,0,3.23,29.15,4.51,0.64,0,0,0.1
22.75,71.5,Muli Taluka,Gujarat,0,0,0,0,0,5.12,19.71,6.38,0.35,0,0,0.11
22.75,71.75,Wadhwan Taluka,Gujarat,0,0,0,0,0,3.08,17.9,5.09,1.03,0,0,0.05
22.75,72,Limbdi Taluka,Gujarat,0,0,0,0,0,2.69,17.56,3.58,1.33,0,0,0.03
22.75,72.25,Bavla Taluka,Gujarat,0,0,0,0,0,3.35,19.12,3.71,2.14,0,0,0.03
22.75,72.5,Dholka Taluka,Gujarat,0,0,0,0,0,2.59,12.5,3.39,2.53,0,0,0.03
22.75,72.75,Matar Taluka,Gujarat,0,0,0,0,0,5.22,17.37,5.13,3.63,0,0,0.02
22.75,73,Nadiad Taluka,Gujarat,0,0,0,0,0,2.43,12.32,2.83,1.21,0,0,0.03
22.75,73.25,Thasra Taluka,Gujarat,0,0,0,0,0,3.61,16.75,3.12,2.34,0.01,0,0.02
22.75,73.5,Godhra Taluka,Gujarat,0,0,0,0,0,2.81,21.8,4.68,2.78,0,0,0.44
22.75,73.75,Ghoghamba Taluka,Gujarat,0,0,0,0,0,4.58,13.64,3.73,1.53,0.01,0,0.25
22.75,74,Limkheda Taluka,Gujarat,0,0,0,0,0,3.87,11.76,4.67,1.92,0.05,0,0.24
22.75,74.25,Dahod Taluka,Gujarat,0,0,0,0,0,2.38,10.29,4.52,2.35,0.16,0,0.36
23,69,Abdasa Taluka,Gujarat,0,0.02,0,0,0,1.87,10.37,3.26,1.33,0,0,0
23,69.25,Mandvi Taluka,Gujarat,0,0,0,0,0,1.92,8.74,2.58,2.11,0,0,0
23,69.5,Mandvi Taluka,Gujarat,0,0,0,0,0,2.1,7.24,3.05,1.58,0,0,0
23,69.75,Mundra Taluka,Gujarat,0,0,0,0,0,2.36,5.8,3.88,1.07,0,0,0
23,70,Anjar Taluka,Gujarat,0,0,0,0,0,1.41,10.22,4.39,1.55,0,0,0
23,70.25,Unknown,Gujarat,0,0,0,0,0,1.37,12.53,4.85,1.14,0,0,0
23,70.5,Unknown,Gujarat,0,0,0,0,0,1.02,13.36,4.3,0.71,0,0,0.03
23,70.75,Maliya Taluka,Gujarat,0,0,0,0,0,1.68,20.05,5.81,0.78,0,0,0.05
23,71,Halvad Taluka,Gujarat,0,0,0,0,0,2.43,23.4,6.36,0.42,0,0,0.05
23,71.25,Halvad Taluka,Gujarat,0,0,0,0,0,3.26,27.53,5.58,0.48,0,0,0.07
23,71.5,Dhrangadhra Taluka,Gujarat,0,0,0,0,0,3.39,18.62,5.52,0.91,0,0,0.01
23,71.75,Dasada Taluka,Gujarat,0,0,0,0,0,2.34,16.14,3.79,1.42,0,0,0.03
23,72,Lakhtar Taluka,Gujarat,0,0,0,0,0,4.24,14.48,1.59,0.84,0,0,0.18
23,72.25,Sanand Taluka,Gujarat,0,0,0,0,0,2.49,23.59,4.79,1.97,0,0,0.26
23,72.5,Vejalpur Taluka,Gujarat,0,0,0,0,0.04,2.71,22.45,3.64,2.85,0.01,0,0.28
23,72.75,Daskroi Taluka,Gujarat,0,0,0,0,0,5.25,15,6.17,2,0.16,0,0.16
23,73,Kapadvanj Taluka,Gujarat,0,0,0,0,0,4.11,16.83,4.67,1.74,0,0,0.06
23,73.25,Kapadvanj Taluka,Gujarat,0,0,0,0,0,5.03,20.05,3.69,3.02,0,0,0.12
23,73.5,Lunavada Taluka,Gujarat,0,0,0,0,0,3.57,18.74,3.42,1.76,0.03,0,0.14
23,73.75,Shehera Taluka,Gujarat,0,0,0,0,0,4.76,17.5,2.82,1.05,0.05,0,0.09
23,74,Singvad Taluka,Gujarat,0,0,0,0,0.26,4.65,10.56,3.55,2.64,0,0,0.13
23,74.25,Jhalod Taluka,Gujarat,0,0,0,0,0.03,2.86,12.16,4.22,4.26,0.01,0,0.2
23.25,68.75,Abdasa Taluka,Gujarat,0,0.05,0,0,0,2.33,13.19,4.41,0.63,0,0,0
23.25,69,Abdasa Taluka,Gujarat,0,0.03,0,0,0,2.02,11.24,3.59,1.1,0,0,0
23.25,69.25,Nakhatrana Taluka,Gujarat,0,0,0,0,0,1.37,7.55,2.1,1.78,0,0,0
23.25,69.5,Bhuj Taluka,Gujarat,0,0,0,0,0,1.27,6.76,2.47,1.21,0,0,0
23.25,69.75,Bhuj Taluka,Gujarat,0,0,0,0,0,0.88,6.32,2.59,0.65,0,0,0
23.25,70,Bhuj Taluka,Gujarat,0,0,0,0,0,1.33,8.38,3.65,1.46,0,0,0
23.25,70.25,Bhachau Taluka,Gujarat,0,0,0,0,0,0.66,10.45,2.87,0.66,0,0,0
23.25,70.5,Bhachau Taluka,Gujarat,0,0,0,0,0,1.75,11.71,3.64,0.62,0,0,0.02
23.25,70.75,Unknown,Gujarat,0,0,0,0,0,2.82,13.13,4.2,0.55,0,0,0.02
23.25,71,Unknown,Gujarat,0,0,0,0,0,2.38,20.16,6.58,0.4,0,0,0.03
23.25,71.25,Unknown,Gujarat,0,0,0,0,0,2.74,21.38,6.35,0.48,0,0,0.04
23.25,71.5,Unknown,Gujarat,0,0,0,0,0,2.91,15.79,3.84,1.26,0,0,0
23.25,71.75,Dasada Taluka,Gujarat,0,0,0,0,0,3.34,16.14,3.02,1.59,0,0,0.01
23.25,72,Mandal Taluka,Gujarat,0,0,0,0,0,3.26,13.83,1.38,0.87,0,0,0.08
23.25,72.25,Kadi Taluka,Gujarat,0,0,0,0,0,5.62,20.09,3.01,1.35,0,0,0.03
23.25,72.5,Kalol Taluka,Gujarat,0,0,0,0,0.02,2.47,28.82,4.01,3.63,0,0,0.2
23.25,72.75,Gandhinagar Taluka,Gujarat,0,0,0,0,0,2.64,21.54,5.57,1.87,0.03,0,0.4
23.25,73,Bayad Taluka,Gujarat,0,0,0,0,0,1.98,20.09,3.89,1.67,0,0,0.52
23.25,73.25,Bayad Taluka,Gujarat,0,0,0,0,0,2.12,19.43,3.98,1.7,0,0,0.31
23.25,73.5,Virpur Taluka,Gujarat,0,0,0,0,0,2.82,18.35,3.87,1.17,0.25,0,0.14
23.25,73.75,Kadana Taluka,Gujarat,0,0,0,0,0,6.74,16.94,3.99,1.1,0.05,0,0.06
23.25,74,Fatehpura Taluka,Gujarat,0,0,0,0,1.71,11.22,12.95,4.21,4.6,0,0,0
23.5,68.5,Lakhpat Taluka,Gujarat,0,0.02,0,0,0,2.03,9.85,3.19,0.58,0,0,0
23.5,68.75,Abdasa Taluka,Gujarat,0,0.03,0,0,0,2.07,10.37,3.39,0.62,0,0,0
23.5,69,Nakhatrana Taluka,Gujarat,0,0.01,0,0,0,1.72,8.77,2.69,1.14,0,0,0
23.5,69.25,Nakhatrana Taluka,Gujarat,0,0,0,0,0,1.33,7.36,2.13,1.63,0,0,0
23.5,69.5,Nakhatrana Taluka,Gujarat,0,0,0,0,0,1.31,6.92,2.44,1.61,0,0,0
23.5,69.75,Bhuj Taluka,Gujarat,0,0,0,0,0,1.15,7.28,3,1.1,0,0,0
23.5,70,Bhuj Taluka,Gujarat,0,0,0,0,0,1,8.71,3.12,1,0,0,0
23.5,70.25,Unknown,Gujarat,0,0,0,0,0,2.72,10.71,2.82,0.69,0,0,0
23.5,70.5,Bhachau Taluka,Gujarat,0,0,0,0,0,6.1,11.84,2.53,0.47,0,0,0
23.5,70.75,Rapar Taluka,Gujarat,0,0,0,0,0,5.01,11.92,2.93,0.49,0,0,0
23.5,71,Rapar Taluka,Gujarat,0,0,0,0,0,3.59,15.92,4.94,0.4,0,0,0.02
23.5,71.25,Unknown,Gujarat,0,0,0,0,0,2.47,19.72,4.52,0.41,0,0,0.04
23.5,71.5,Unknown,Gujarat,0,0,0,0,0,3.33,21.89,2.86,1,0,0,0.04
23.5,71.75,Shankheswar Taluka,Gujarat,0,0,0,0,0,4.61,20.26,2.97,1.08,0,0,0.01
23.5,72,Becharaji Taluka,Gujarat,0,0,0,0,0,5.41,19.33,2.03,0.45,0,0,0.01
23.5,72.25,Jotana Taluka,Gujarat,0,0,0,0,0,3.38,18.88,3.39,0.9,0,0,0.01
23.5,72.5,Mahesana Taluka,Gujarat,0,0,0,0,0,1.85,21.89,4.68,1.21,0,0,0.14
23.5,72.75,Mansa Taluka,Gujarat,0,0,0,0,0,2.72,19.69,4.83,0.78,0,0,0.13
23.5,73,Prantij Taluka,Gujarat,0,0,0,0,0,1.9,23.83,5.19,2.04,0,0,0.43
23.5,73.25,Modasa Taluka,Gujarat,0,0,0,0,0,1.61,23.91,5.57,2.54,0,0,0.36
23.5,73.5,Meghraj Taluka,Gujarat,0,0,0,0,0,1.76,19.03,7.45,1.24,0.02,0,0.23
23.75,68.25,Unknown,Gujarat,0,0.01,0,0,0,1.9,7.91,2.52,0.42,0,0,0
23.75,68.5,Unknown,Gujarat,0,0.01,0,0,0,1.85,7.33,2.3,0.41,0,0,0
23.75,68.75,Lakhpat Taluka,Gujarat,0,0,0,0,0,1.8,6.62,2.05,0.35,0,0,0
23.75,69,Lakhpat Taluka,Gujarat,0,0.01,0,0,0,1.79,7.51,2.35,0.58,0,0,0
23.75,69.25,Bhuj Taluka,Gujarat,0,0.01,0,0,0,1.59,7.8,2.39,1.08,0,0,0
23.75,69.5,Bhuj Taluka,Gujarat,0,0,0,0,0,1.26,6.82,2.35,1.22,0,0,0
23.75,69.75,Bhuj Taluka,Gujarat,0,0,0,0,0,1.11,7.63,2.85,1.37,0,0,0
23.75,70,Unknown,Gujarat,0,0,0,0,0,2.43,9.47,2.99,0.89,0,0,0
23.75,70.25,Unknown,Gujarat,0,0,0,0,0,4.13,11,2.78,0.69,0,0,0
23.75,70.5,Rapar Taluka,Gujarat,0,0,0,0,0,5.33,11.65,2.62,0.49,0,0,0
23.75,70.75,Rapar Taluka,Gujarat,0,0,0,0,0,5.01,11.95,2.96,0.49,0,0,0
23.75,71,Unknown,Gujarat,0,0,0,0,0,4.42,19.13,2.88,0.47,0,0,0.03
23.75,71.25,Santalpur Taluka,Gujarat,0,0,0,0,0,2.56,25.32,2.33,0.52,0,0,0.06
23.75,71.5,Radhanpur Taluka,Gujarat,0,0,0,0,0,3.28,27.81,1.87,0.45,0,0,0.11
23.75,71.75,Sami Taluka,Gujarat,0,0,0,0,0,3.17,21.42,2.1,0.36,0,0,0.04
23.75,72,Patan Taluka,Gujarat,0,0,0,0,0,2.05,17.06,3.21,0.64,0,0,0.05
23.75,72.25,Patan Taluka,Gujarat,0,0,0,0,0,2.36,22.39,4.21,0.71,0,0,0
23.75,72.5,Visnagar Taluka,Gujarat,0,0,0,0,0,1.25,13.85,3.9,0.51,0,0,0
23.75,72.75,Vijapur Taluka,Gujarat,0,0,0,0,0,1.6,18.83,5.98,0.99,0,0,0.11
23.75,73,Idar Taluka,Gujarat,0,0,0,0,0,2.75,18.82,5.96,1.57,0,0,0.06
23.75,73.25,Bhiloda Taluka,Gujarat,0,0,0,0,0,2.48,20.1,5.34,2.13,0,0,0.08
24,69,Unknown,Gujarat,0,0,0,0,0,1.78,7.13,2.22,0.51,0,0,0
24,69.25,Unknown,Gujarat,0,0.01,0,0,0,1.67,7.34,2.27,0.77,0,0,0
24,69.5,Unknown,Gujarat,0,0,0,0,0,1.43,6.78,2.2,1.08,0,0,0
24,69.75,Unknown,Gujarat,0,0,0,0,0,1.07,7.64,2.72,1.31,0,0,0
24,70,Unknown,Gujarat,0,0,0,0,0,3.14,10.12,2.91,0.81,0,0,0
24,70.25,Unknown,Gujarat,0,0,0,0,0,4.34,11.03,2.74,0.66,0,0,0
24,70.5,Unknown,Gujarat,0,0,0,0,0,4.83,11.53,2.66,0.5,0,0,0
24,70.75,Unknown,Gujarat,0,0,0,0,0,5.47,14.6,2.53,0.47,0,0,0.01
24,71,Unknown,Gujarat,0,0,0,0,0,2.38,21.99,2.68,0.46,0,0,0.04
24,71.25,Unknown,Gujarat,0,0,0,0,0,2.19,24.69,2.6,0.53,0,0,0.06
24,71.5,Bhabhar Taluka,Gujarat,0,0,0,0,0,2.09,26.15,2.89,0.57,0,0,0.04
24,71.75,Kankrej Taluka,Gujarat,0,0,0,0,0,2.33,34.46,4.17,1.21,0,0,0
24,72,Kankrej Taluka,Gujarat,0,0,0,0,0.04,2.36,29.46,4.32,1.17,0,0,0.09
24,72.25,Sidhpur Taluka,Gujarat,0,0,0,0.01,0,3.84,34.14,6.1,1.12,0,0,0
24,72.5,Vadgam Taluka,Gujarat,0,0,0,0,0,2.06,26.5,3.42,0.73,0,0,0
24,72.75,Satlasana Taluka,Gujarat,0,0,0,0,0,5.96,25.69,4.48,0.71,0,0,0.02
24,73,Vadali Taluka,Gujarat,0,0,0,0,0,5.88,22.35,6.11,1.38,0,0,0.01
24,73.25,Vijayanagar Taluka,Gujarat,0.06,0,0.16,0,0.34,3.29,17.26,3.86,1.53,0,0,0
24.25,69.25,Unknown,Gujarat,0,0,0,0,0,1.71,6.9,2.12,0.61,0,0,0
24.25,69.5,Unknown,Gujarat,0,0,0,0,0,1.51,6.73,2.11,0.82,0,0,0
24.25,70.25,Unknown,Gujarat,0,0,0,0,0,4.94,11.33,2.62,0.57,0,0,0
24.25,70.5,Unknown,Gujarat,0,0,0,0,0,4.57,13.05,2.65,0.48,0,0,0
24.25,71,Unknown,Gujarat,0,0,0,0,0,1.26,22.36,2.46,0.44,0,0,0.02
24.25,71.25,Unknown,Gujarat,0,0,0,0,0,0.91,20.49,2.67,0.46,0,0,0.01
24.25,71.5,Vav Taluka,Gujarat,0,0,0,0,0,0.73,21.07,2.33,0.43,0,0,0
24.25,71.75,Deodar Taluka,Gujarat,0,0,0,0,0,1.29,24.87,2.7,0.75,0,0,0
24.25,72,Deesa Taluka,Gujarat,0,0,0,0,0.07,2.96,33.65,3.79,1.02,0,0,0.09
24.25,72.25,Deesa Taluka,Gujarat,0,0,0,0.01,0.06,3.4,38.26,4.23,0.86,0,0,0.06
24.25,72.5,Palanpur Taluka,Gujarat,0,0,0,0.01,0,4.04,35.76,2.66,1.11,0,0,0
24.25,72.75,Amirgadh Taluka,Gujarat,0,0,0,0,0,5.66,28.16,3.97,0.96,0,0,0.01
24.25,73,Danta Taluka,Gujarat,0.07,0,0.06,0,0.15,3.65,27.06,5.7,2.01,0,0,0
24.5,71.25,Unknown,Gujarat,0,0,0,0,0.11,1.37,21.43,2.47,0.4,0,0,0
24.5,71.5,Vav Taluka,Gujarat,0,0,0,0,0.08,1.09,21.52,2.23,0.39,0,0,0
24.5,71.75,Tharad Taluka,Gujarat,0,0,0,0,0.15,2.52,27.2,1.79,0.71,0,0,0.06
24.5,72,Dhanera Taluka,Gujarat,0,0,0,0,0.01,2.71,30.34,1.68,1.05,0,0,0.12
24.5,72.25,Dhanera Taluka,Gujarat,0,0,0,0,0.18,3.1,43.43,2.94,0.85,0,0,0.03
27.75,77,Ferozepur Jhirka,Haryana,0.51,0,0.26,0,0.74,2.33,2.56,2.15,2.64,0,0,0.07
28,76,Narnaul,Haryana,0.76,0,0.15,0.65,1.66,6.09,1.64,2.15,1.04,0,0,0.01
28,77,Nuh,Haryana,0.48,0,0.7,0.06,0.97,4.53,3.61,2.08,7.48,0,0,0.13
28,77.25,Hathin,Haryana,0.42,0,0.27,0,0.32,3.49,2.03,1.03,4.09,0,0,0.16
28,77.5,Hassanpur,Haryana,0.36,0,0.5,0.01,0.29,2.99,3.5,1.67,6.66,0,0,0.09
28.25,76.25,Mahendragarh,Haryana,0.59,0.09,0.03,0.01,0.32,3.82,1.87,1.45,0.55,0,0,0.03
28.25,76.5,Rewari,Haryana,0.99,0.03,0.1,0,0.58,4.79,2.51,1.95,1.08,0,0,0.04
28.25,76.75,Pataudi,Haryana,0.96,0,0.13,0.02,0.26,6.12,1.57,3.28,2.85,0,0,0.15
28.25,77,Taoru,Haryana,0.48,0,0.21,0.07,0.34,2.18,3.68,1.25,4.34,0,0,0.08
28.25,77.25,Palwal,Haryana,0.55,0,0.21,0.07,0.61,3.26,3.2,1.27,7.94,0,0.02,0.15
28.25,77.5,Palwal,Haryana,0.34,0,0.18,0.13,0.23,2.25,1.58,2.59,6.22,0,0,0.05
28.5,75.75,Loharu,Haryana,0.79,0,0.13,0.8,0.82,3.47,1.38,1.64,0.63,0,0.47,0.07
28.5,76,Badhra,Haryana,0.48,0,0.01,0.19,0.26,4.46,2.15,1.59,0.62,0,0.02,0.06
28.5,76.25,Dadri,Haryana,0.6,0.01,0.03,0.2,0.12,5.54,1.95,1.64,0.59,0,0.03,0.06
28.5,76.5,Matenhail,Haryana,0.93,0.01,0.02,0.1,0.32,6.33,2.28,1.51,0.77,0,0,0.05
28.5,76.75,Jhajjar,Haryana,1.64,0,0.12,0.24,0.25,5.27,2.01,0.81,1.79,0,0,0.08
28.5,77,Gurgaon,Haryana,1.25,0,0.56,0.76,0.75,4.46,5.05,5.02,3.96,0,0.02,0.22
28.75,75.75,Tosham,Haryana,0.56,0,0.37,0.09,0.09,2.29,1.48,1.31,0.86,0,0.27,0.09
28.75,76,Bhiwani,Haryana,0.51,0,0.14,0.12,0.07,3.36,1.67,0.98,0.64,0,0.12,0.24
28.75,76.25,Bhiwani,Haryana,0.51,0,0.06,0.14,0.12,4.74,1.99,1.59,1.03,0,0.03,0.07
28.75,76.5,Kalanaur,Haryana,0.78,0,0.03,0.03,0.43,7.48,3.44,1.75,0.69,0,0.01,0.04
28.75,76.75,Bahadurgarh,Haryana,1.37,0,0.17,0.65,0.67,5,3.82,2.45,3.5,0,0,0.09
29,75.75,Hisar,Haryana,0.5,0,0.19,0.04,0.13,3.4,1.04,1.24,0.65,0,0.19,0.07
29,76,Bawani Khera,Haryana,0.56,0,0.11,0,0.1,2.89,1.05,0.7,0.94,0,0.15,0.06
29,76.25,Maham,Haryana,0.76,0,0.19,0,0.08,3.95,1.44,1.61,1.36,0,0.07,0.07
29,76.5,Lakhan Majra,Haryana,1.08,0,0.25,0.06,0.32,3.53,1.73,2.78,2.26,0,0.01,0.11
29,76.75,Gohana,Haryana,2.05,0,0.39,0.17,0.49,5.56,3.02,1.32,3.7,0,0,0.12
29,77,Sonipat,Haryana,2.05,0,0.51,0.06,0.49,4.5,4.67,2.24,5.55,0,0,0.25
29.25,75.5,Adampur,Haryana,1.06,0,0.17,0.05,0.16,6.54,1.78,1.7,0.92,0,0.06,0.16
29.25,75.75,Hisar,Haryana,0.93,0,0.14,0.04,0.18,5.62,1.1,1.6,0.83,0,0.11,0.13
29.25,76,Hansi,Haryana,1.17,0,0.24,0.05,0.07,4.79,1.11,2.02,1.33,0,0.14,0.14
29.25,76.25,Jind,Haryana,1.36,0,0.32,0.05,0.11,4.77,1.27,1.62,1.21,0,0.1,0.09
29.25,76.5,Phillukhera,Haryana,1.19,0,0.35,0.03,0.44,3.15,0.88,1.58,1.51,0,0.01,0.04
29.25,76.75,Gohana,Haryana,1.53,0.02,0.32,0.02,0.2,2.55,1.84,2.03,2.63,0,0,0.13
29.25,77,Samalkha,Haryana,1.56,0.01,0.23,0.09,0.33,3.44,2.8,1.4,4.45,0,0,0.03
29.5,74.75,Ellenabad,Haryana,0.32,0,0.02,0,0.11,1.42,0.06,0.46,1.4,0,0.18,0.07
29.5,75,Sirsa,Haryana,0.33,0,0.14,0,0.09,2.35,0.49,0.79,1.72,0,0.18,0.1
29.5,75.25,Nathusari Chopta,Haryana,0.37,0,0.02,0,0,1.63,1.05,0.63,0.96,0,0.02,0.07
29.5,75.5,Fatehabad,Haryana,0.42,0,0.08,0,0,1.6,1.09,0.69,0.88,0,0,0.1
29.5,75.75,Bhuna,Haryana,1.62,0,0.16,0.04,0.07,3.77,0.47,2.45,2.02,0,0.02,0.16
29.5,76,Narwana,Haryana,1.64,0,0.28,0.02,0.04,5.05,0.5,2.58,2.13,0,0.06,0.16
29.5,76.25,Uchana,Haryana,1.67,0.01,0.36,0.05,0.14,4.81,2.03,2.25,2.82,0,0.09,0.13
29.5,76.5,Alewa,Haryana,2.2,0,0.45,0.01,0.32,4.39,2.6,1.26,3.77,0,0.06,0.07
29.5,76.75,Assandh,Haryana,2.02,0,0.29,0.08,0.33,5.6,2.65,5.24,5.38,0,0.02,0.15
29.5,77,Gharaunda,Haryana,1.43,0,0.08,0.08,0.31,3.73,1.82,2.85,4.38,0,0.01,0.05
29.75,74.5,Dabwali,Haryana,0.22,0,0,0,0.36,2.93,1.35,0.69,1.18,0,0.12,0.13
29.75,74.75,Dabwali,Haryana,0.33,0,0.12,0,0.05,3.34,1.14,1.17,1.66,0,0.27,0.18
29.75,75,Goriwala,Haryana,0.49,0,0.15,0.01,0.08,2.74,1.17,1.77,1.4,0,0.21,0.15
29.75,75.5,Ratia,Haryana,0.56,0,0.13,0,0.01,1.35,1.02,0.83,0.79,0,0.01,0.18
29.75,75.75,Jakhal,Haryana,1.54,0,0.07,0.01,0.01,1.99,0.32,1.17,1.57,0,0,0.13
29.75,76.25,Kalayat,Haryana,2.37,0.09,0.16,0.06,0.46,5.14,1.04,5.4,7.03,0,0,0.22
29.75,76.5,Kaithal,Haryana,1.88,0.01,0.36,0.1,0.18,4.84,2.01,3.31,4.64,0,0.01,0.18
29.75,76.75,Nissang,Haryana,2.85,0,0.24,0.07,0.17,7.22,2.54,3.28,5.55,0,0.12,0.3
29.75,77,Karnal,Haryana,1.81,0,0.16,0.19,0.12,5.84,2.61,4.4,6.17,0,0.05,0.17
30,76.25,Guhla,Haryana,2.12,0,0.06,0.02,0.04,3.45,2.01,3.69,1.52,0,0.07,0.09
30,76.5,Pehowa,Haryana,1.74,0.01,0.33,0.2,0.02,5.14,1.71,4.42,4.97,0,0,0.26
30,76.75,Thanesar,Haryana,1.29,0.03,0.42,0.27,0.03,1.86,1.28,1.48,2.23,0,0,0.12
30,77,Ladwa,Haryana,3.15,0.06,0.6,0.82,0.27,7.32,3.32,6.46,6.84,0,0,0.39
30,77.25,Radaur,Haryana,1.35,0.1,0.31,0.23,0.1,3.61,2.53,4.64,3.04,0,0,0.03
30.25,76.75,Ambala,Haryana,2.13,0.08,0.31,0.19,0.11,3.03,1.99,2.44,1.33,0,0,0.14
30.25,77,Barara,Haryana,2.39,0.11,0.6,0.83,0.02,3.15,1.77,5.91,3.3,0,0,0.26
30.25,77.25,Saraswati Nagar,Haryana,2.2,0.15,1.02,0.93,0.53,6.5,9.88,15.16,9.07,0,0,0.65
30.25,77.5,Chhachhrauli,Haryana,2.25,0.19,0.85,0.91,1.3,7.64,6.96,11.29,9.56,0,0,0.3
30.5,77,Raipur Rani,Haryana,4.84,0.03,0.73,1.01,1.21,7.24,4.88,21.21,6.21,0,0,0.45
30.75,77,Kalka,Haryana,4.3,0.25,1.71,1.58,2.81,4.02,5.76,14.27,7.98,0,0,0.39
30.5,77.25,Nahan,Himachal Pradesh,3.58,0.55,1.38,1.35,2.47,10.16,11.93,14.86,10.73,0,0,1.01
30.5,77.5,Paonta Sahib,Himachal Pradesh,2.6,0.28,1.01,1.01,1.26,10.53,8.76,12.38,11.23,0,0,0.5
30.5,77.75,Paonta Sahib,Himachal Pradesh,1.59,0.89,1.68,2.08,3.27,11.05,18.87,10.42,9.12,0,0,0.57
30.75,77.25,Pachhad,Himachal Pradesh,4.4,0.27,1.16,1.5,1.6,7.62,6.22,8.58,7.86,0,0,0.85
30.75,77.5,Renuka,Himachal Pradesh,3.88,0.37,1.34,1.33,1.61,8.39,7,7.32,7.16,0,0,0.92
31,76.75,Baddi,Himachal Pradesh,8.95,0.31,1.23,1.52,2.54,4.9,6.6,11.33,5.13,0,0.02,1.17
31,77,Solan,Himachal Pradesh,7.75,1.5,1.54,2.97,2.98,7.24,9.31,7.73,3,0,0.06,1.25
31,77.25,Junga,Himachal Pradesh,4.14,0.59,1.77,2.2,4.33,5.61,5.77,7.47,4.04,0,0.14,0.69
31,77.5,Chaupal,Himachal Pradesh,3.67,0.76,2.6,2.69,4.45,4.49,5.72,4.58,3.75,0,0.14,1.19
31,77.75,Nerua,Himachal Pradesh,2.24,0.89,2.13,1.66,3.72,4.69,6.17,3.34,4.61,0,0.01,1.14
31.25,76.75,Naina Devi,Himachal Pradesh,13.65,0.61,1.44,2.08,4.28,4.05,8.99,11.29,6.76,0,0.03,1.22
31.25,77,Darlaghat,Himachal Pradesh,4.52,1.18,1.41,2.7,4.03,5.56,8.12,6.51,4.81,0,0.04,1.25
31.25,77.25,Seoni,Himachal Pradesh,3.18,0.76,1.76,3.11,4.18,5.45,5.36,3.89,4.56,0,0.1,0.67
31.25,77.5,Nankhari,Himachal Pradesh,4.42,0.55,2.6,2.64,5.34,3.86,5.86,5.24,3.56,0,0.16,1.04
31.25,77.75,Rohru,Himachal Pradesh,3.49,0.75,2.56,2.55,4.04,3.5,6.32,4.77,4.03,0,0.11,1.08
31.25,78,Chirgaon,Himachal Pradesh,4.16,1.46,2.74,3.6,1.6,2.35,3.24,2.13,3.38,0,0.78,1.03
31.25,78.25,Dodra Kwar,Himachal Pradesh,4.2,1.5,2.77,3.66,1.58,2.42,4.23,1.73,3.45,0,0.77,0.92
31.25,78.5,Sangla,Himachal Pradesh,3.2,1.16,2.56,3.02,3.01,3.52,8.23,5.12,3.69,0,0.37,1.05
31.25,78.75,Sangla,Himachal Pradesh,2.49,0.94,2.38,2.46,3.87,4.16,10.4,6.72,3.79,0,0.16,1.18
31.5,76.25,Una,Himachal Pradesh,4.46,0.3,1.42,0.91,1.52,4.99,6.08,17.82,4.93,0,0,1.6
31.5,76.5,Barsar,Himachal Pradesh,6.27,0.31,0.99,1.15,1.61,3.57,9.95,16.82,3.45,0,0,1.28
31.5,76.75,Ghumarwin,Himachal Pradesh,4.58,0.72,1.17,1.31,1.56,4.77,6.57,12.48,5.94,0,0.02,1.42
31.5,77,Chachyot,Himachal Pradesh,2.67,1.1,1.21,2.1,2.68,2.92,6.75,5.59,3.59,0,0.15,0.91
31.5,77.25,Thunag,Himachal Pradesh,4.63,2.13,2.74,3.94,3.76,5.33,12.1,5.49,4.13,0,0.32,1.47
31.5,77.5,Ani,Himachal Pradesh,2.61,0.9,1.82,3.05,2.84,4.87,6.13,4.2,2.99,0,0.03,0.66
31.5,77.75,Rampur,Himachal Pradesh,3.2,1,2.18,2.68,2.6,4.11,7.16,4.58,3.38,0,0.14,0.79
31.5,78,Nichar,Himachal Pradesh,4.99,1.68,2.84,4.25,0.96,1.61,1.83,1.2,2.98,0.01,1.04,0.91
31.5,78.25,Kalpa,Himachal Pradesh,4.97,1.7,2.86,4.28,0.92,1.58,1.78,1.14,2.98,0.01,1,0.85
31.5,78.5,Moorang,Himachal Pradesh,4.39,1.53,2.78,3.88,1.6,2.22,4.01,2.35,3.24,0.01,0.47,0.81
31.75,76,Amb,Himachal Pradesh,2.69,0.6,0.33,3.14,0.63,6.51,6.33,15.66,2.41,0,0,0.99
31.75,76.25,Rakkar,Himachal Pradesh,4.59,0.4,0.88,1.32,0.84,4.83,10.57,16.5,2.25,0,0,2.09
31.75,76.5,Tira Sujanpur,Himachal Pradesh,4.23,0.75,1.11,1.74,2.16,5.05,13.76,22.31,4.15,0,0,2.61
31.75,76.75,Sarkaghat,Himachal Pradesh,3.97,1.24,0.95,2.04,3.47,7.48,10.9,9.76,3.52,0,0,1.64
31.75,77,Mandi,Himachal Pradesh,4.39,2,2.54,3.06,2.95,4.73,6.88,4.39,2.93,0,0.4,0.94
31.75,77.25,Sainj,Himachal Pradesh,5.2,2.51,3.11,4.01,3.63,5.58,12.42,5.35,3.96,0,0.42,1.48
31.75,77.5,Sainj,Himachal Pradesh,3.62,1.43,2.36,3.31,3.09,5.09,9.15,4.83,3.59,0,0.15,0.98
31.75,77.75,Nichar,Himachal Pradesh,3.76,1.36,2.39,3.44,2.19,3.8,6.25,3.71,3.2,0,0.41,0.84
31.75,78,Nichar,Himachal Pradesh,4.47,1.52,2.64,3.91,1.27,2.24,3.01,1.95,3.07,0,0.67,0.79
31.75,78.25,Moorang,Himachal Pradesh,4.74,1.61,2.75,4.1,1.08,1.9,2.39,1.53,3.03,0.01,0.29,0.76
31.75,78.5,Poo district,Himachal Pradesh,4.63,1.59,2.74,4,1.35,2,3.07,2.17,3.06,0.01,0.18,0.74
32,76,Dehra,Himachal Pradesh,2.91,0.85,1.32,1.27,1.5,6.02,10.38,20.26,2.9,0,0.02,1.72
32,76.25,Kangra,Himachal Pradesh,4.07,1.54,1.7,2.2,2.08,7.59,18,18.31,3.53,0.16,0.08,1.84
32,76.5,Palampur,Himachal Pradesh,5.57,1.95,1.91,1.98,3.9,6.73,29.92,17.66,4.85,0.12,0.03,2.27
32,76.75,Jogindarnagar,Himachal Pradesh,4.44,1.88,1.86,2.31,3.57,7.18,22.47,13.81,3.26,0,0.14,1.66
32,77,Kullu,Himachal Pradesh,5.52,2.48,3.3,3.33,3.04,4.52,5.9,3.25,3.52,0.04,0.62,1.16
32,77.25,Bhuntar,Himachal Pradesh,6.36,2.83,3.82,3.64,3.33,4.55,7.4,3.67,4.07,0.05,0.74,1.43
32,77.5,Bhuntar,Himachal Pradesh,4.32,1.95,2.75,3.46,2.99,5.12,8.93,4.45,3.37,0,0.31,1.06
32,77.75,Bhuntar,Himachal Pradesh,3.94,1.49,2.5,3.58,2.26,3.84,6.55,3.58,3.26,0,0.48,0.92
32,78,Spiti,Himachal Pradesh,4.36,1.55,2.62,3.85,1.62,2.86,4.49,2.61,3.12,0,0.48,0.77
32,78.25,Spiti,Himachal Pradesh,4.58,1.56,2.69,3.98,1.2,2.12,2.85,1.81,3.04,0,0.35,0.76
32,78.5,Hangrang,Himachal Pradesh,4.83,1.66,2.79,4.17,1.07,1.8,2.33,1.51,2.98,0.01,0.29,0.75
32,78.75,Hangrang,Himachal Pradesh,4.92,1.69,2.83,4.25,1.06,1.65,2.09,1.45,2.97,0.01,0.32,0.76
32.25,75.75,Nurpur,Himachal Pradesh,5.27,0.64,1.66,1.21,2.85,2.49,7.06,14.64,2.76,0,0,2.08
32.25,76,Jawali,Himachal Pradesh,4.57,1.86,2.04,1.84,1.43,6.11,10.15,8.95,2.86,0,0.22,1.86
32.25,76.25,Dharamshala,Himachal Pradesh,5.8,2.05,1.82,1.96,1.78,14.24,39.56,28.23,7.21,0,0,3.8
32.25,76.5,Holi,Himachal Pradesh,6.19,1.86,1.84,2.28,3.05,6.99,26.98,17.55,5.49,0.29,0.03,2.29
32.25,76.75,Holi,Himachal Pradesh,7.75,3.05,3.56,3.25,3.26,4.1,11.46,6.86,3.99,0.13,0.83,2.17
32.25,77,Multhan,Himachal Pradesh,10.43,3.9,5.7,4.08,4.06,4.27,7.31,4.43,5.56,0.16,1.27,2.37
32.25,77.25,Manali,Himachal Pradesh,7.54,3.13,4.2,3.64,3.4,3.94,5.56,3.36,3.98,0.09,0.92,1.71
32.25,77.5,Lahaul,Himachal Pradesh,7.3,3.07,4.22,3.8,3.56,4.35,7.75,3.79,4.19,0.07,0.83,1.67
32.25,77.75,Spiti,Himachal Pradesh,6.58,2.59,3.88,3.86,3.19,4.4,8.7,4.52,4.37,0.06,0.61,1.61
32.25,78,Spiti,Himachal Pradesh,4.3,1.55,2.61,3.8,1.71,3.1,4.93,2.81,3.16,0,0.41,0.76
32.25,78.25,Spiti,Himachal Pradesh,4.68,1.62,2.73,4.06,1.2,2.11,2.92,1.76,3.02,0,0.37,0.76
32.25,78.5,Spiti,Himachal Pradesh,4.98,1.71,2.84,4.28,0.91,1.61,1.84,1.14,2.95,0.01,0.32,0.75
32.5,76,Bhattiyat,Himachal Pradesh,4.04,2.36,1.74,2.59,1.48,6.34,9.81,5.58,1.73,0,0.05,1.67
32.5,76.25,Chamba,Himachal Pradesh,3.56,1.86,1.37,2.43,1.77,3.53,4.88,3.71,2.17,0,0.01,1.59
32.5,76.5,Brahmaur,Himachal Pradesh,6.61,2.58,2.11,3.5,2.26,2.36,5.68,4.1,2.17,0,0.13,1.06
32.5,76.75,Brahmaur,Himachal Pradesh,6.28,2.9,2.21,3.37,1.89,1.93,1.65,1.71,1.49,0.02,0.7,1.7
32.5,77,Lahaul,Himachal Pradesh,6.96,3.05,2.79,3.26,2.32,2.22,2.31,2.05,2.16,0.05,0.85,1.86
32.5,77.25,Lahaul,Himachal Pradesh,7.29,3.11,3.36,3.37,2.73,3,3.87,2.58,2.98,0.07,0.9,1.84
32.5,77.5,Lahaul,Himachal Pradesh,7.19,3.1,3.5,3.41,2.95,3.1,4.24,2.72,3.13,0.07,0.89,1.79
32.5,77.75,Spiti,Himachal Pradesh,7.12,2.97,3.56,3.38,2.93,3.28,4.79,3.16,3.37,0.07,0.85,1.75
32.5,78,Spiti,Himachal Pradesh,5.75,2.15,3.29,3.74,2.11,2.86,4.62,2.83,3.53,0.03,0.5,0.98
32.5,78.25,Spiti,Himachal Pradesh,4.92,1.71,2.85,4.12,1.15,1.96,2.62,1.61,3.06,0.01,0.33,0.76
32.75,76,Saluni,Himachal Pradesh,5.89,4.83,3.32,5.13,2.04,5.37,8.33,4.7,0.68,0,0,1.44
32.75,76.25,Chaurah,Himachal Pradesh,4.9,3.56,2.4,4.38,1.92,3.62,10.77,4.9,1.6,0,0.06,1.54
32.75,76.5,Udaipur,Himachal Pradesh,5.01,3.04,1.96,5.26,1.43,2.74,3.73,2.3,1.3,0,0.3,1.58
32.75,76.75,Udaipur,Himachal Pradesh,5.37,2.53,1.58,3.18,1.55,2.25,5.44,3.96,1.93,0,0.49,1.7
32.75,77,Lahaul,Himachal Pradesh,6.37,2.88,2.37,3.31,2.04,2.33,3.69,2.83,2.12,0.03,0.73,1.84
32.75,77.25,Lahaul,Himachal Pradesh,7.16,3.08,3.1,3.44,2.51,2.82,5.03,3.45,2.99,0.06,0.84,1.97
32.75,77.5,Lahaul,Himachal Pradesh,7.24,3.17,3.24,3.53,2.6,2.73,3.4,2.44,2.7,0.06,0.88,1.89
32.75,77.75,Spiti,Himachal Pradesh,7.42,3.18,3.42,3.38,2.78,2.75,3.57,2.63,2.89,0.07,0.93,1.92
33,76.25,Pangi,Himachal Pradesh,4.6,2.13,1.63,2.48,1.82,5.18,25.87,14.8,6,0,0.05,2.09
33,76.5,Pangi,Himachal Pradesh,4.1,0.84,0.89,0.9,1.7,6.07,35.78,21.49,9.17,0,0.04,2.47
33,76.75,Pangi,Himachal Pradesh,4.83,1.82,1.34,2.5,1.65,4.07,19.16,11.83,5.25,0,0.23,2
32.5,74.75,Ranbir Singh Pora,Jammu and Kashmir,4.92,1.62,1.17,1.43,0.49,6.27,9.55,9.4,1.64,0,0.14,1.85
32.5,75,Samba,Jammu and Kashmir,3.54,1.02,1.16,0.49,0.27,4.21,7.71,7.14,1.5,0,0.11,1.4
32.5,75.25,Samba,Jammu and Kashmir,4.02,0.9,1.22,0.91,0.74,4.28,8.9,14.6,2.85,0,0.05,2.38
32.5,75.5,Kathua,Jammu and Kashmir,4.27,0.58,1.38,0.84,0.95,5.82,10.32,18.32,5.19,0,0,3.17
32.5,75.75,Bashohli,Jammu and Kashmir,4.46,0.51,1.56,0.75,0.87,7.35,10.12,15.82,5.84,0,0.05,3.23
32.75,74.75,Jammu,Jammu and Kashmir,5.56,1.58,1.16,1.36,0.44,6.82,8.77,9.26,1.86,0,0.16,1.93
32.75,75,Jammu,Jammu and Kashmir,4.56,1.43,1.28,1.03,0.37,6.72,9.56,8.86,2.06,0,0.15,1.82
32.75,75.25,Ramnagar,Jammu and Kashmir,7.79,3.6,3.21,3.13,0.97,5.4,6.74,5.38,1.67,0,0.26,2.94
32.75,75.5,Billawar,Jammu and Kashmir,8.06,3.79,2.27,3.73,1.31,6.39,7,7.82,2.45,0,0.24,3.5
32.75,75.75,Bani,Jammu and Kashmir,6.95,3.71,2.58,3.71,1.44,6.38,8.41,8.19,2.55,0,0.15,2.91
33,74.5,Akhnoor,Jammu and Kashmir,7.86,3.67,2.54,1.96,0.53,9.46,15.38,10.48,3.23,0.03,0.24,2.77
33,74.75,Akhnoor,Jammu and Kashmir,7.18,3.33,2.79,2.26,0.57,13.64,23.11,16.5,6.85,0.01,0.3,3.99
33,75,Reasi,Jammu and Kashmir,10.38,5.02,4.8,3.61,0.99,8.28,11,6.6,3.05,0.02,0.34,3.61
33,75.25,Chenani,Jammu and Kashmir,11.73,5.82,5.79,5.06,1.42,6.81,6.4,3.11,2.32,0,0.4,4.11
33,75.5,Doda,Jammu and Kashmir,9.97,5.38,2.85,5.18,1.51,6.49,5.32,2.77,1.02,0.01,0.36,3.64
33,75.75,Bhaderwah,Jammu and Kashmir,8.93,5.02,2.89,4.97,1.51,6.62,6.47,4.01,1.31,0.01,0.28,3.23
33,76,Gandoh,Jammu and Kashmir,6.53,4.49,2.88,4.75,1.91,5.44,12.19,6.09,1.69,0,0.08,2.02
33.25,74.25,Rajauri,Jammu and Kashmir,5.73,1.85,1.13,3.03,1.11,4.34,4.09,7.37,1.71,0,0.49,1.87
33.25,74.5,Kalakote,Jammu and Kashmir,7.59,3.43,2.23,2.79,0.81,7.3,10.52,8.47,2.54,0.03,0.39,2.46
33.25,74.75,Gool-Gulabgarh,Jammu and Kashmir,9.48,4.87,3.21,2.7,0.61,9.21,14.82,8.67,2.81,0.05,0.3,2.91
33.25,75,Gool-Gulabgarh,Jammu and Kashmir,12.26,6.2,5.05,5.57,1.19,6.14,6.28,3.16,1.37,0.02,0.45,3.56
33.25,75.25,Ramban,Jammu and Kashmir,12.1,6.07,5.98,6.64,1.77,6.31,4.66,2.43,2.01,0,0.51,4.07
33.25,75.5,Doda,Jammu and Kashmir,10.58,5.67,4,6.52,1.86,6.4,4.51,2.33,1.26,0.01,0.47,3.68
33.25,75.75,Kishtwar,Jammu and Kashmir,8.89,5.34,3.47,6.93,2.13,6.5,5.6,2.72,0.97,0.01,0.4,2.98
33.25,76,Kishtwar,Jammu and Kashmir,6.5,3.55,2.28,4.09,1.8,6.08,17.36,10.49,4,0,0.16,2.5
33.25,76.25,Atholi (Paddar),Jammu and Kashmir,4.95,2.34,1.69,2.87,1.76,5.36,23.69,13.46,5.5,0,0.09,2.14
33.25,76.5,Atholi (Paddar),Jammu and Kashmir,4.57,1.84,1.43,2.26,1.74,5.08,26.45,15.44,6.43,0,0.1,2.16
33.5,74.25,Rajauri,Jammu and Kashmir,6.1,1.92,1.31,3.34,1.19,4.18,3.64,6.82,1.62,0,0.49,1.9
33.5,74.5,Darhal,Jammu and Kashmir,7.73,3.41,2,4.2,1.06,4.72,4.39,5.61,1.23,0.01,0.5,2.17
33.5,74.75,Damhal Hanjipora,Jammu and Kashmir,9.92,5.69,3.19,7.94,1.18,4.92,2.4,1.94,0.55,0.01,0.54,2.74
33.5,75,Gool-Gulabgarh,Jammu and Kashmir,14.27,7.19,4.65,9.22,1.49,4.63,2.11,2.24,0.45,0.01,0.63,4.05
33.5,75.25,Dooru tehsil,Jammu and Kashmir,9.15,5.44,3.87,10.81,3.06,6.14,1.43,1.67,1.01,0.02,0.77,2.92
33.5,75.5,Chhatroo,Jammu and Kashmir,9.16,5.4,4.11,10.75,3.29,6.49,1.79,1.74,1.2,0.02,0.78,3.04
33.5,75.75,Chhatroo,Jammu and Kashmir,9.76,5.52,3.99,8.97,2.68,6.43,2.93,2,1.18,0.01,0.65,3.31
33.5,76,Marwah,Jammu and Kashmir,7.59,4.36,2.93,6.9,2.58,6.43,12.09,6.27,2.62,0.01,0.44,2.75
33.5,76.25,Atholi (Paddar),Jammu and Kashmir,5.12,2.43,1.73,3.11,1.75,5.6,23.54,13.4,5.45,0,0.1,2.2
33.5,76.5,Atholi (Paddar),Jammu and Kashmir,4.61,1.96,1.5,2.44,1.74,5.11,25.72,14.87,6.15,0,0.1,2.12
33.75,74.25,Surankote tehsil,Jammu and Kashmir,9.19,2.52,3.03,5.58,1.54,4.35,3.43,3.86,1.71,0.01,0.36,2.45
33.75,74.5,Khansahib Tehsil,Jammu and Kashmir,9.69,2.89,3.09,6.71,1.4,3.81,2.38,1.6,1.16,0.01,0.3,2.74
33.75,74.75,Shopian,Jammu and Kashmir,7.6,3.47,2.13,7.04,1.06,3.9,1.55,1.57,0.46,0,0.44,2.61
33.75,75,Kulgam,Jammu and Kashmir,6.39,4.16,2.23,8.14,1.11,4.59,1,1.19,0.52,0,0.39,2.11
33.75,75.25,Anantnag,Jammu and Kashmir,8.58,5.31,3.3,10.22,2.57,5.5,2.03,1.64,0.91,0.01,0.62,2.68
33.75,75.5,Marwah,Jammu and Kashmir,8.8,5.38,3.64,10.81,3.05,5.97,1.86,1.67,1.03,0.02,0.72,2.8
33.75,75.75,Marwah,Jammu and Kashmir,9.01,5.47,3.55,10.57,2.85,5.72,2.06,1.7,0.97,0.01,0.68,2.82
33.75,76,Marwah,Jammu and Kashmir,7.38,3.86,2.49,8.45,2.27,4.48,4.49,2.79,1.42,0.01,0.49,2.22
33.75,76.25,Marwah,Jammu and Kashmir,4.78,1.59,1.22,3.58,1.49,4.3,18.76,10.76,4.56,0,0.14,1.89
34,74.5,Khag tehsil,Jammu and Kashmir,9.94,2.91,3.49,7.21,1.59,3.88,2.46,1.6,1.25,0.01,0.3,2.56
34,74.75,Badgam tehsil,Jammu and Kashmir,7.67,2.94,2.17,7.11,1.24,2.84,1.13,1.35,0.55,0,0.33,2.23
34,75,Pampore,Jammu and Kashmir,7.86,3.18,2.1,7.21,1.26,3.48,2.12,1.65,0.54,0,0.38,2.95
34,75.25,Pahalgam,Jammu and Kashmir,9.5,5.94,2.84,9.76,2.15,4.48,4.07,1.99,0.87,0,0.48,2.67
34,75.5,Marwah,Jammu and Kashmir,8.44,5.4,3.12,9.72,2.44,5.07,2.81,1.82,0.9,0.01,0.55,2.63
34,75.75,Marwah,Jammu and Kashmir,7.46,3.7,2.21,8.46,1.89,3.69,2.05,1.19,0.67,0.01,0.43,2.01
34.25,74,Boniyar,Jammu and Kashmir,8.72,4.58,4.28,8.15,1.2,3.1,1.91,1.84,0.77,0,0.61,2.29
34.25,74.25,Rafiabad,Jammu and Kashmir,8.89,4.52,4.32,8.12,1.21,3.25,2.08,1.84,0.88,0,0.59,2.36
34.25,74.5,Sopore,Jammu and Kashmir,9.03,4.26,3.41,8.33,1.65,3.47,2.06,2.17,0.8,0,0.48,2.04
34.25,74.75,Lar,Jammu and Kashmir,8,5.07,3.12,8.71,1.72,3.56,1.71,1.71,0.89,0,0.43,2.19
34.25,75,Kangan,Jammu and Kashmir,5.48,4.14,3.02,5.5,1.31,3.16,1.98,1.73,0.59,0,0.35,1.99
34.25,75.25,Kangan,Jammu and Kashmir,8.08,5.22,2.82,7.98,1.76,3.8,3.09,1.82,0.79,0,0.42,2.42
34.5,74,Kupwara,Jammu and Kashmir,8.2,4.85,4.25,8.27,1.05,2.76,1.55,1.86,0.54,0,0.68,2.15
34.5,74.25,Handwara tehsil,Jammu and Kashmir,7.78,5.06,4.23,8.37,0.96,2.46,1.23,1.82,0.36,0,0.74,2.06
34.5,74.5,Bandipora,Jammu and Kashmir,8.32,4.62,3.78,8.31,1.28,3.07,2.39,3.15,0.37,0,0.67,1.56
34.5,74.75,Bandipora,Jammu and Kashmir,6.47,4.25,2.93,6.8,1.42,3.17,2.32,2.81,0.48,0,0.59,1.68
34.5,75,Bāramūla,Jammu and Kashmir,6.37,4.63,3.06,6.8,1.48,3.21,1.95,1.81,0.65,0,0.4,1.97
34.5,75.25,Bāramūla,Jammu and Kashmir,6.88,4.8,2.99,7.22,1.59,3.55,2.51,1.77,0.72,0,0.4,2.2
34.75,74.5,Kupwara,Jammu and Kashmir,7.24,5.15,3.84,8.06,1.18,3.01,2.1,2.73,0.42,0,0.66,1.79
22.25,85.25,Manoharpur,Jharkhand,0.16,0,0.52,0.18,3.7,5.75,16.8,7.19,4.52,2.72,0.31,0
22.25,85.5,Noamundi,Jharkhand,0.24,0,0.62,0.22,4.66,5.58,16.76,7.43,4.31,3.58,0.31,0
22.25,85.75,Hat Gamharia,Jharkhand,0.06,0,1.26,0.26,5.94,4.45,11.55,8.3,4.74,5.65,1.04,0
22.25,86.75,Baharagora,Jharkhand,0.35,0,1.61,0.54,4.53,6.12,13.47,9.6,7.91,7.8,1.23,0.37
22.5,84.25,Bolba,Jharkhand,0,0,0.05,0,1.33,11.6,12.38,15.62,7.71,1.19,0.01,0
22.5,84.5,Thethaitangar,Jharkhand,0,0,0.02,0.02,1.38,9.27,14.64,13.82,6.96,1.86,0.03,0
22.5,84.75,Jaldega,Jharkhand,0,0,0.03,0.06,1.46,7.78,15.16,11.74,6.27,1.95,0.08,0
22.5,85,Bano,Jharkhand,0,0,0.19,0.19,2.67,4.89,13.06,6.79,4.16,2.26,0.28,0
22.5,85.25,Goilkera,Jharkhand,0.03,0,0.32,0.23,3.3,4.86,13.09,6.62,3.18,2.8,0.23,0
22.5,85.5,Tonto,Jharkhand,0,0,0.44,0.38,3.38,5.4,11.1,5.98,2.63,3.34,0.28,0
22.5,85.75,Tonto,Jharkhand,0.03,0,0.6,0.29,6.72,4.49,13.62,9.12,4.83,4.68,0.59,0
22.5,86.25,Potka,Jharkhand,0.02,0,1.01,0.52,4.57,4.75,16.79,5.79,6.29,4.56,0.77,0
22.5,86.5,Musabani,Jharkhand,0.06,0,1.43,0.44,5.38,4.55,14.15,7.47,7.8,5.36,0.72,0.15
22.5,86.75,Chakulia,Jharkhand,0.17,0,1.18,0.55,4.57,4.01,13.63,8.3,7.94,5.28,0.86,0.3
22.75,84.25,Simdega,Jharkhand,0,0,0.03,0,0.7,9.23,14.82,13.55,6.7,1.29,0.07,0
22.75,84.5,Pakar Tanr,Jharkhand,0,0,0,0,1.19,6.2,15.44,12.93,6.27,1.75,0,0
22.75,84.75,Kolebira,Jharkhand,0,0,0.01,0.02,1.42,7.13,13.37,12.36,6,1.46,0.01,0
22.75,85,Bano,Jharkhand,0,0,0.14,0.21,1.58,4.38,12.75,6.95,3.83,2.13,0.18,0
22.75,85.25,Gudri,Jharkhand,0,0,0.13,0.31,3.59,4.15,11.96,6.6,3.5,2.32,0.19,0
22.75,85.5,Bandgaon,Jharkhand,0,0,0.25,0.34,6.41,4.87,13,7.12,3.38,2.84,0.2,0
22.75,85.75,Kuchai,Jharkhand,0,0,0.15,0.38,12.42,5.01,22.73,16.23,8.21,4.1,0.1,0
22.75,86,Adityapur(Gamharia),Jharkhand,0,0,0.29,0.81,12.89,3.83,23.49,17.16,9.54,4.87,0.19,0
22.75,86.25,Golmuri-Cum-Jugsalai,Jharkhand,0,0,0.72,0.64,4.1,4.24,18.06,5.77,5.65,4.35,0.65,0.03
23,84.25,Albert Ekka(Jari),Jharkhand,0,0,0,0,0.43,6.17,18.09,10.39,5.43,1.58,0.17,0
23,84.5,Raidih,Jharkhand,0.01,0,0,0,0.66,5.67,14.87,10.38,5.27,1.43,0.07,0
23,84.75,Basia,Jharkhand,0.02,0,0.02,0.08,0.84,4.59,15.63,10.37,5.14,1.83,0.02,0
23,85,Karra,Jharkhand,0,0,0.02,0.15,1,3.18,11.82,5.58,3.12,1.34,0.08,0
23,85.25,Murhu,Jharkhand,0,0,0,0.18,1.14,3.1,6.95,4.82,2.24,0.97,0.1,0
23,85.5,Erki(Tamar II),Jharkhand,0,0,0.05,0.48,9.06,5.32,13.86,9.04,3.69,2.14,0.1,0
23,85.75,Tamar I,Jharkhand,0,0,0.03,0.21,11.7,6.07,19.3,13.19,5.53,2.98,0.05,0
23,86,Chandil,Jharkhand,0,0,0.13,0.82,7.07,5.38,18.52,10.53,6.32,4.72,0.17,0.03
23.25,84.25,Chainpur,Jharkhand,0.05,0,0.04,0,0.8,4.63,16.49,6.82,5.62,2.29,0.27,0
23.25,84.5,Ghaghra,Jharkhand,0.12,0,0.1,0,0.82,5.04,16.9,6.78,5.56,2.34,0.29,0
23.25,84.75,Sisai,Jharkhand,0.06,0,0.09,0.09,0.88,3.79,16.26,6.71,4.27,1.65,0.12,0
23.25,85,Bero,Jharkhand,0.01,0,0.08,0.22,1.07,3.87,16.99,7.37,4.55,1.76,0.05,0
23.25,85.25,Namkum,Jharkhand,0,0,0.04,0.16,0.91,3.18,13.24,4.89,2.72,1.36,0.06,0
23.25,85.5,Namkum,Jharkhand,0.01,0,0,0.62,0.76,5.81,17.63,8.82,2.77,3.03,0.1,0
23.25,85.75,Sonahatu,Jharkhand,0,0,0.17,0.86,2.62,6.93,20.05,11.23,3.46,3.96,0.17,0
23.5,84.25,Mahuadanr,Jharkhand,0.03,0,0,0,1.18,3.62,12.31,5.99,4.54,2.47,0.13,0
23.5,84.5,Peshrar,Jharkhand,0.23,0,0.2,0,0.58,7.19,19.47,8.81,4.84,2.47,0.26,0
23.5,84.75,Lohardaga,Jharkhand,0.14,0,0.17,0.05,0.75,4.97,19.28,11.01,4.15,1.53,0.17,0
23.5,85,Chanho,Jharkhand,0,0,0.09,0.05,1.39,3.31,15.84,7.42,4.15,2.65,0.03,0
23.5,85.25,Kanke,Jharkhand,0,0,0.09,0.13,0.52,3.36,11.49,1.69,0.97,1.5,0.07,0
23.5,85.5,Ormanjhi,Jharkhand,0.04,0,0,0.57,1.02,5.07,20.52,11.02,2.92,3.12,0.08,0
23.5,85.75,Gola,Jharkhand,0.08,0,0.11,0.1,0.39,5.9,22.7,8.69,2.06,4.12,0.05,0
23.5,86,Jaridih,Jharkhand,0.1,0,0.26,0.72,1.82,8.15,19.15,8.3,3.94,6.79,0.32,0
23.5,86.25,Chas,Jharkhand,0.09,0,0.28,2.08,1.92,5.15,22.37,4.64,3.1,6.66,0.24,0.05
23.75,83.75,Bhandaria,Jharkhand,0.63,0.01,0.05,0,0.24,2.44,17.17,8.08,3.98,1.65,0.01,0
23.75,84,Bhandaria,Jharkhand,0.88,0.01,0.04,0,1.4,3.89,19.24,7.26,5.15,6.17,0.01,0
23.75,84.25,Barwadih,Jharkhand,1.34,0,0,0,0.01,1.38,22.49,9.4,4.31,2.07,0,0
23.75,84.5,Latehar,Jharkhand,0.41,0,0.01,0,1.17,4.03,17.91,6.17,4.2,2.8,0.01,0
23.75,84.75,Chandwa,Jharkhand,0.21,0,0.04,0,1.02,3.65,19.24,11.1,4.21,1.26,0.02,0
23.75,85,Tandwa,Jharkhand,0.16,0,0.09,0.02,1.51,3.32,15.85,7.43,4.12,2.65,0.03,0
23.75,85.25,Barkagaon,Jharkhand,0.24,0,0.09,0.06,1.03,3.1,14.06,4.99,2.21,2.09,0.06,0
23.75,85.5,Mandu,Jharkhand,0.08,0,0.01,0.19,1.6,4.16,18.89,9.32,2.72,2.17,0,0
23.75,85.75,Gumia,Jharkhand,0.2,0,0.11,0.2,1.35,4.45,18.94,6.74,4.02,2.91,0.01,0
23.75,86,Peterwar,Jharkhand,0.24,0,0.25,0.78,1.73,5.86,19.97,7.57,3.78,4.42,0.05,0
23.75,86.25,Baghmara-Cum-Katras,Jharkhand,0.24,0,0.23,0.86,1.46,4.02,15.65,7.73,3.19,6.6,0,0
23.75,86.5,Baliapur,Jharkhand,0.14,0,0.32,0.16,1.86,4.38,18.89,4.54,3.61,10.92,0,0.05
23.75,86.75,Nirsa-Cum-Chirkunda,Jharkhand,0.15,0,0.53,0.44,4.82,5.26,20.36,4.79,4.45,10.39,0.01,0.13
24,83.75,Ranka Kalan,Jharkhand,0.96,0.03,0.13,0,0.11,3.25,17.91,6.55,2.5,0.52,0.02,0
24,84,Chainpur,Jharkhand,0.84,0.05,0.07,0,0.68,3.14,17.69,6.59,3.41,2.68,0.01,0
24,84.25,Nilambar-Pitambarpur(Lesliganj),Jharkhand,0.16,0.01,0,0,1.16,0.24,15.87,7.08,2.51,1.2,0,0
24,84.5,Panki,Jharkhand,0.51,0.01,0,0,0.92,2.24,17.98,7.15,3.5,2.08,0,0
24,84.75,Bariyatu,Jharkhand,0.41,0,0.03,0,1.22,4.59,19.38,7.13,3.82,2.38,0.01,0
24,85,Tandwa,Jharkhand,0.64,0,0.01,0,1.2,5.77,22.14,4.78,3.56,2.56,0,0
24,85.25,Katamdag,Jharkhand,0.46,0,0.03,0.03,1.4,4.55,20.98,4.39,3.17,2.63,0,0
24,85.5,Daru,Jharkhand,0.17,0,0.16,0.17,1.99,2.46,13.54,3.84,3.78,3.74,0,0
24,85.75,Bishungarh,Jharkhand,0.38,0,0.19,0.37,1.39,3.91,11.45,3.94,2.2,3.16,0,0
24,86,Dumri,Jharkhand,0.26,0,0.31,0.38,1.66,5.04,18.4,5.02,4.35,4.02,0.03,0
24,86.25,Pirtanr,Jharkhand,0.41,0,0.55,0.57,2.39,3.11,14.24,3.49,3.04,5.15,0.01,0
24,86.5,Narayanpur,Jharkhand,0.28,0,0.14,0.23,2.68,5.34,12.5,6.03,4.54,8.81,0,0
24,86.75,Jamtara,Jharkhand,0.25,0,0.15,0.41,2.54,5.34,15.26,5.52,5.27,7.83,0,0.05
24,87,Fatehpur,Jharkhand,0.38,0,0.09,0.64,2.49,5.43,19.39,5.36,6.42,7.14,0.1,0.17
24.25,83.5,Nagaruntari,Jharkhand,0.23,0.01,0.08,0,0,0.52,7.69,5.52,2.21,0.53,0.09,0
24.25,83.75,Majhiaon,Jharkhand,0.25,0.02,0.03,0,0.01,1.4,16.42,7.25,2.5,0.14,0.01,0
24.25,84,Nawa Bazar,Jharkhand,0.69,0.09,0.01,0,0.21,2.28,15.04,6,2.78,0.64,0,0
24.25,84.25,Chhatarpur,Jharkhand,0.58,0.1,0.02,0,0.35,1.58,14.28,6.06,2.89,0.71,0,0
24.25,84.5,Pratappur,Jharkhand,0.28,0.02,0.25,0,0.41,1.44,10.83,7.89,3.34,0.32,0,0
24.25,84.75,Kunda,Jharkhand,0.26,0,0.21,0,0.64,2.06,12.81,7.46,3.17,0.68,0,0
24.25,85,Kanha Chatti,Jharkhand,0.22,0,0,0,1.37,3.66,21.24,5.5,2.44,2.15,0,0
24.25,85.25,Mayur Hand,Jharkhand,0.04,0,0.02,0.01,1.46,2.82,18.7,6.79,2.23,1.71,0,0
24.25,85.5,Barhi,Jharkhand,0.07,0,0.04,0,0.72,1.52,15.11,6.66,3.35,2.28,0,0
24.25,85.75,Chalkusa,Jharkhand,0.03,0,0.07,0.09,0.56,1.99,17.38,7.27,1.48,2.47,0,0
24.25,86,Birni,Jharkhand,0.04,0,0.35,0.21,1,2.62,13.9,3.2,3.99,5.2,0,0
24.25,86.25,Giridih,Jharkhand,0.21,0,0.37,0.3,2.7,4.3,15.61,3.98,3.13,5.69,0,0
24.25,86.5,Gande,Jharkhand,0.29,0,0.01,0.03,2.55,3.36,9.88,3.77,4.82,3.75,0,0
24.25,86.75,Sarath,Jharkhand,0.35,0,0.01,0.32,2.62,3.99,18.22,9.51,8.34,10.95,0,0
24.25,87,Palojori,Jharkhand,0.42,0,0.02,0.42,1.74,5.26,26.15,14.11,14.21,15.5,0,0
24.25,87.25,Dumka,Jharkhand,0.12,0,0.53,1.05,2.48,6.79,23.42,8.76,6.99,4.86,0,0.08
24.25,87.5,Unknown,Jharkhand,0.25,0,0.48,1.2,5.9,8.19,16.68,11.79,6.95,5.5,0.01,0.12
24.5,83.5,Ketar,Jharkhand,0.09,0,0.02,0,0.01,0.46,12.33,5.17,1.5,0.16,0.03,0
24.5,83.75,Unknown,Jharkhand,0,0,0,0,0,0,11.24,2.2,0.37,0,0,0
24.5,84,Hussainabad,Jharkhand,0.07,0,0.1,0.11,0.37,1.83,14.87,5.23,2.83,0.13,0,0
24.5,84.25,Hariharganj,Jharkhand,0.18,0.04,0.13,0.08,0.3,2.21,13.52,6.63,3.51,0.22,0,0
24.5,85.5,Koderma,Jharkhand,0.02,0,0.1,0.04,0.96,2.21,13.36,10.1,2.13,1.33,0,0
24.5,85.75,Domchanch,Jharkhand,0.02,0,0.33,0.28,0.88,2.7,14.95,7.27,2.05,3.44,0,0
24.5,86,Deori,Jharkhand,0,0,0.2,0.37,3.57,2.71,15.94,5.64,2.17,6.62,0,0
24.5,86.25,Deori,Jharkhand,0.11,0,0.26,0.58,3.88,2.92,12.45,6.21,5.11,6.18,0.03,0.03
24.5,86.75,Mohanpur,Jharkhand,0.32,0,0.02,0.19,2.82,3.16,16.43,8.36,7.13,9.1,0,0
24.5,87,Saraiyahat,Jharkhand,0.28,0,0.35,0.39,2.42,4.7,18.67,11.01,12.56,12.16,0,0.02
24.5,87.25,Ramgarh,Jharkhand,0.13,0,1.03,0.28,3.4,4.6,15.39,11.5,15.72,11.92,0,0.06
24.5,87.5,Gopikandar,Jharkhand,0.29,0,0.01,0.59,2.94,8.11,29.94,19.72,13.49,6.25,0,0.13
24.5,87.75,Maheshpur,Jharkhand,0.23,0,0.18,1.14,5.53,5.01,10.22,12.85,3.85,2.39,0.01,0.39
24.75,85.75,Satgawan,Jharkhand,0,0,0.25,0.3,2.39,2.9,12.01,7.99,2.54,4.19,0,0
24.75,86,Tisri,Jharkhand,0,0,0.01,0.25,6.29,3.93,19.11,3.93,1.81,9.94,0,0
24.75,87.25,Godda,Jharkhand,0.1,0,0.28,0.22,1.59,3.67,12.07,8.14,6.79,5.3,0,0.1
24.75,87.5,Litipara,Jharkhand,0.16,0,0.05,1.53,2.48,4.39,13.01,9.42,5.12,3.53,0.01,0.11
24.75,87.75,Hiranpur,Jharkhand,0.09,0,0.23,2.31,3.44,2.95,9.89,13.24,5.63,3.48,0,0.26
25,87.25,Mahagama,Jharkhand,0,0,0.13,1.38,1.77,2.14,14.37,10.69,5.28,6.06,0.05,0.07
25,87.5,Borio,Jharkhand,0.01,0,0.01,2.42,2.3,2.61,11.35,22.27,6.08,4.35,0.14,0.16
25,87.75,Rajmahal,Jharkhand,0.01,0,0.42,2.67,2.34,2.02,10.73,13.86,5.74,4.65,0,0.24
25.25,87.5,Mandro,Jharkhand,0,0,0.11,3.47,1.97,3.42,13.05,23.33,7.33,5.37,0.04,0.07
25.25,87.75,Sahibganj (block),Jharkhand,0,0,0.19,3.57,1.67,2.81,12.71,22.1,6.95,5.11,0.02,0.1
27.5,97,Putao District,Kachin State,0.17,1.36,6.74,9.8,7.98,8.44,14.83,13.05,11.52,6.61,0.7,0
11.75,76.5,Gundlupet taluk,Karnataka,0.15,0,0.99,1.93,4.4,3.91,6.15,7.06,8.27,2.31,1.42,2.22
11.75,76.75,Gundlupet taluk,Karnataka,0.11,0,1.18,3.08,8.09,0.48,0.82,4.46,8.56,3.22,0.94,1.46
12,75.25,Kodagu,Karnataka,0.17,0,0.05,1.14,5.9,23.14,21.71,21.19,13.84,5.12,3.56,0.17
12,76,Ponnampete taluk,Karnataka,0.74,0,0.58,2.47,6.55,6.27,2.41,5.13,8.37,3.59,0.11,0.9
12,76.25,Heggadadevanakote taluk,Karnataka,1.45,0,1.61,2.49,7.38,2.47,5.69,7.21,10.53,2.99,0.36,2.11
12,76.5,Nanjanagudu taluk,Karnataka,0.31,0,1.64,3.33,7.91,1.23,2.91,5.6,10.03,4.72,0.18,1.64
12,76.75,Chamarajanagara taluk,Karnataka,0.01,0,0.79,1.69,6.3,0.28,0.94,5.51,7.65,4.27,0.62,0.57
12,77,Chamarajanagara taluk,Karnataka,0.06,0,0.74,2.03,7.59,0.55,0.66,6.37,7.81,7.61,0.5,0.68
12,77.25,Hanur taluk,Karnataka,0.12,0,0.31,0.48,6.69,1.07,0.68,4.02,9.41,10.26,1.65,0.82
12,77.5,Hanur taluk,Karnataka,0.29,0,0.45,0.24,6.47,0.98,0.52,5.07,9.32,9.53,2.27,1.34
12.25,75.75,Virajpet taluk,Karnataka,1.53,0,0.59,3.95,5.67,11.59,13.2,11.13,11.41,2.15,0.17,1.32
12.25,76,Ponnampete taluk,Karnataka,1.62,0,0.04,3.99,6.71,3.53,3.12,3.69,7.2,1.58,0.03,0.25
12.25,76.25,Hunasuru taluk,Karnataka,0.66,0,0.42,3.01,6.77,1.63,2.75,4.65,8.78,2.69,0.13,1.44
12.25,76.5,Heggadadevanakote taluk,Karnataka,0.11,0,0.57,4.76,7.79,0.95,1.6,4.78,12.14,4.71,0.19,0.87
12.25,76.75,Mysuru taluk,Karnataka,0.02,0,0.14,1.98,7.75,0.65,1.19,9.34,11.62,4.79,0.29,0.68
12.25,77,Malavalli taluk,Karnataka,0.11,0,0.7,1.42,7.47,0.41,0.61,6.29,9.27,6.16,0.68,0.73
12.25,77.25,Hanur taluk,Karnataka,0.08,0,0.1,0.69,7.65,0.9,0.4,5.47,10.23,9.64,1.84,0.39
12.5,75.5,Sulya taluk,Karnataka,0.94,0,0.75,2.98,6.17,19.86,25.14,28.48,14.11,3.48,0.87,0.49
12.5,75.75,Madikeri taluku,Karnataka,1.99,0,0.33,3.75,5.01,6.86,9.24,12.72,8.61,2.46,0.33,0.43
12.5,76,Piriyapattana taluk,Karnataka,1.21,0,0.24,4.11,4.83,2.68,2.14,3.81,7.66,2.55,0.23,0.43
12.5,76.25,Saligrama taluku,Karnataka,0.03,0,0.86,3.37,6.27,1.48,0.95,4.47,9.6,3.9,0.33,0.62
12.5,76.5,Krishnarajapete taluk,Karnataka,0.04,0,0.05,3.19,8.04,1.29,0.28,5.01,11.92,4.03,0.32,0.71
12.5,76.75,Pandavapura taluk,Karnataka,0.18,0,0.13,2.21,7,1.19,1.57,9.11,7.52,4.81,0.65,0.54
12.5,77,Madduru taluk,Karnataka,0.14,0,0.66,1.75,8.27,0.85,0.69,6.83,11.58,6.72,0.84,0.5
12.5,77.25,Kanakapura taluk,Karnataka,0.05,0,0.19,1.01,12.78,0.58,0.34,6.7,12.24,8.87,1.78,0.1
12.5,77.5,Harohalli taluk,Karnataka,0.03,0,1.41,2.4,10.31,0.51,0.71,7.15,10.45,7.5,1.39,1.06
12.75,74.75,Dakshina Kannada,Karnataka,0.03,0,0,0.72,3.74,29.15,22.8,24.48,11.42,4.81,1.56,0.6
12.75,75,Bantwal taluk,Karnataka,0.6,0,0.11,0.66,4.81,27.09,21.55,22.73,8.05,4.65,1,0.07
12.75,75.25,Putturu taluk,Karnataka,1.02,0,0.36,0.51,6.99,23.65,21.87,22.22,11.7,6.76,0.82,0.22
12.75,75.5,Kadaba taluk,Karnataka,1.8,0,0.4,1.5,5.4,8.74,14.45,16.49,10.34,2.85,0.43,0.57
12.75,75.75,Sakaleshapura taluk,Karnataka,1.38,0,0.22,2.09,4.1,5.63,8.42,8.58,7.41,2.84,0.39,0.45
12.75,76,Arakalagudu taluk,Karnataka,0.47,0,0.29,2.19,3.99,1.64,2.02,3.43,7.09,3.66,0.39,0.57
12.75,76.25,Hole Narasipura taluk,Karnataka,0.06,0,1.67,2,6.21,0.99,0.88,3.13,8.72,4.59,0.25,0.59
12.75,76.5,Krishnarajapete taluk,Karnataka,0.05,0,1.36,2.07,5.77,5.26,7.2,7.47,9.79,6.12,0.78,0.44
12.75,76.75,Nagamangala taluk,Karnataka,0.13,0,0.47,1.03,6.19,6.34,7.76,8.39,9.48,6.51,0.84,0.05
12.75,77,Madduru taluk,Karnataka,0,0,1.03,1.39,7.57,1.43,1.18,6.45,11.95,7.58,0.45,0.45
12.75,77.25,Ramanagara taluk,Karnataka,0.01,0,1.23,1.24,8.95,1.19,0.77,7.19,13.1,8.29,0.9,0.51
12.75,77.5,Bangalore South,Karnataka,0,0,0.56,1.7,8.38,1.2,0.73,5.81,14.28,6.23,1,0.66
12.75,77.75,Anekal,Karnataka,0.03,0,2.01,0.71,8.72,0.66,0.2,5.3,13.29,7.99,1.38,1.93
13,74.75,Dakshina Kannada,Karnataka,0.02,0,0,0.16,3.07,30.35,24.86,23.4,12.59,4.3,1.95,0.81
13,75,Moodabidri taluk,Karnataka,0.16,0,0.11,1.17,3.68,29.51,24.85,24.92,8.7,7.81,1.19,0.1
13,75.25,Beltangadi taluk,Karnataka,0.11,0,0.61,0.78,9.11,29.35,26.46,24.55,14.38,11.24,0.9,0.09
13,75.5,Beltangadi taluk,Karnataka,1.03,0,1.1,1.06,5.57,16.44,18.79,17.23,9.42,5.3,0.52,0.3
13,75.75,Beluru taluk,Karnataka,0.12,0,0.31,1.75,5.54,5.16,6.54,6.04,7.08,2.49,0.74,0.11
13,76,Aluru taluk,Karnataka,0.07,0,0.2,1.18,8.12,2,2.37,5.97,7.36,3.07,0.75,0.19
13,76.25,Hasana taluk,Karnataka,0.13,0,1.04,0.99,3.62,1.16,1.16,4.01,7.75,5.09,0.25,0.44
13,76.5,Channarayapattana taluk,Karnataka,0.16,0,1.13,1.8,7.86,5.95,4.78,5.06,8.61,6.32,0.66,0.41
13,76.75,Nagamangala taluk,Karnataka,0.12,0,0.75,1.7,8.76,3.1,5.26,6.48,10.38,5.73,0.39,0.22
13,77,Kunigal taluk,Karnataka,0.11,0,0.87,1.19,8.12,0.96,1.26,6.77,15,5.5,0.27,0.46
13,77.25,Magadi taluku,Karnataka,0.02,0,0.82,1.59,6.23,0.78,1.41,7.41,12.71,9.13,0.5,0.22
13,77.5,Bangalore North,Karnataka,0.01,0,1.11,1,6.02,1.07,1.51,10.78,15.35,8.79,0.43,0.52
13,77.75,Bangalore East,Karnataka,0.01,0,1.03,1.18,6.49,0.87,1.06,8.88,14.98,9.05,0.89,0
13,78,Maluru taluk,Karnataka,0.25,0,0.8,1.79,5.17,1.99,1.34,4.58,9.35,13,1.9,0.68
13,78.25,Bangarapet taluk,Karnataka,0.29,0,0.33,0.79,5,2.62,1.2,6.65,9.6,10.75,0.93,0.7
13.25,74.5,Dakshina Kannada,Karnataka,0,0,0,0.22,2.86,28.87,23.7,23.52,11.04,7.66,0.83,0.44
13.25,74.75,Kapu taluku,Karnataka,0,0,0,0.3,2.93,34.27,28.87,27.76,11.6,9.55,0.49,0.47
13.25,75,Karkala taluk,Karnataka,0,0,0.19,0.74,4.62,28.22,29.19,26.79,9.33,7.13,0.63,0.14
13.25,75.25,Kalasa taluk,Karnataka,0.01,0,0.58,1.21,3.68,19.81,18.27,18.13,8.08,4.66,0.19,0.02
13.25,75.5,Mudigere taluk,Karnataka,0.07,0,0.67,1.75,5.44,6.2,8.48,8.49,7.68,3.69,0.94,0.07
13.25,75.75,Chikkamagaluru taluku,Karnataka,0.01,0,0.71,2.04,5.69,1.81,3.24,3.28,6.12,1.77,1,0.04
13.25,76,Beluru taluk,Karnataka,0.19,0,0.47,1.95,6.32,1.33,1.69,4.2,6.99,3.54,0.45,0.14
13.25,76.25,Arasikere taluku,Karnataka,0.45,0,0.97,0.99,4.98,1.21,1.09,3.55,11.25,5.29,0.26,0.11
13.25,76.5,Tipaturu taluk,Karnataka,0.5,0,0.56,1.11,5,1.1,1.07,3.49,9.14,7.76,0.4,0.14
13.25,76.75,Turuvekere taluk,Karnataka,0.2,0,0.76,1.58,7.8,1.56,1.74,4.17,8.64,8.1,0.6,0.1
13.25,77,Tumkur taluk,Karnataka,0.1,0,1.25,1.64,7.63,2.02,1.51,3.83,8.44,7.9,0.69,0.04
13.25,77.25,Nelamangala taluk,Karnataka,0.03,0,0.96,1.48,5.98,0.99,1.15,6.52,11.42,8.28,0.53,0.18
13.25,77.5,Doddaballapura taluk,Karnataka,0.01,0,0.86,1.41,5.26,1.21,0.75,5.14,13.06,6.3,0.61,0.14
13.25,77.75,Devanahalli taluku,Karnataka,0.04,0,1.25,2.21,5.34,1.45,0.9,3.38,9.88,7.57,0.78,0.13
13.25,78,Kolar taluk,Karnataka,0.24,0,0.84,2.14,3.91,2.51,1.26,3.98,9.32,11.03,1.22,0.24
13.25,78.25,Srinivasapura taluku,Karnataka,0.74,0,1.5,0.55,3.11,3.22,2.46,4.99,8.08,11.46,1.38,0.61
13.25,78.5,Mulubagilu taluk,Karnataka,0.48,0,0.6,0.52,1.88,2.76,1.37,6.74,7.29,14.72,1.19,0.99
13.5,74.75,Brahmavara taluku,Karnataka,0,0,0.57,1.04,6.29,37.68,36.45,35.93,11.97,8.69,1.13,0.44
13.5,75,Hebri taluku,Karnataka,0,0,0.37,1.06,7.05,42.23,49.19,46.21,11.37,8.23,0.75,0.45
13.5,75.25,Koppa taluk,Karnataka,0,0,0.32,0.95,4.78,13.96,18.47,19.05,7.62,3.41,0.77,0.09
13.5,75.5,Narasimharajapura taluk,Karnataka,0,0,0.35,0.79,3.44,3.47,7.2,7.13,5.51,1.83,0.73,0.03
13.5,75.75,Chikkamagaluru taluku,Karnataka,0,0,0.12,0.37,3.73,1.26,2.02,3.53,5.38,2.94,0.3,0.02
13.5,76,Kaduru taluk,Karnataka,0.09,0,0.11,0.31,3.26,1.07,0.59,1.58,6.55,3.35,0.34,0.02
13.5,76.25,Arasikere taluku,Karnataka,0.5,0,0.31,0.97,2.97,1.92,0.56,2.53,7.75,2.93,0.23,0.01
13.5,76.5,Chikkanayakanahalli taluk,Karnataka,0.7,0,0.07,0.52,3.18,1,0.41,1.56,7.66,10.14,0.41,0.08
13.5,76.75,Gubbi taluk,Karnataka,0.38,0,0,0.4,4.45,2.06,0.73,1.72,8.16,7.97,0.54,0.06
13.5,77,Tumkur taluk,Karnataka,0.06,0,1.18,1.03,5.11,1.58,0.96,2.64,7.68,7.52,0.81,0.01
13.5,77.25,Koratagere taluku,Karnataka,0.01,0,0.89,1.28,6.65,1.42,0.36,3.05,8.63,6.61,0.78,0
13.5,77.5,Gauribidanuru taluk,Karnataka,0,0,0.85,1.62,5.34,1.93,1.25,3.43,7.59,6.91,0.68,0.04
13.5,77.75,Chikkaballapura taluk,Karnataka,0.05,0,1.36,2.14,3.86,1.95,0.92,2.8,8.08,7.67,0.84,0.16
13.5,78,Sidlaghatta taluk,Karnataka,0.26,0,1.35,1.93,3.21,3.44,1.28,4.86,8.37,11.42,1.21,0.17
13.5,78.25,Srinivasapura taluku,Karnataka,0.5,0,2.2,0.48,1.8,5.07,3.24,6.81,6.94,12.55,1.59,0.37
13.75,74.75,Kundapura,Karnataka,0,0,0.24,0.19,4.25,39.77,40.3,26.79,10.53,10.47,1.11,0.51
13.75,75,Hosanagara taluk,Karnataka,0,0,1.4,0.93,7.1,19.41,21.81,18.24,9.2,3.15,1.05,0.04
13.75,75.25,Tirthahalli taluk,Karnataka,0,0,0.58,1.26,4.28,12.53,18.29,17,8.77,2.98,0.91,0
13.75,75.5,Narasimharajapura taluk,Karnataka,0.01,0,0.16,1.02,2.24,3.52,6.93,5.11,5.88,1.35,1.14,0
13.75,75.75,Tarikere taluku,Karnataka,0,0,0.09,0.43,2.52,2.26,3.9,5.1,5.46,4.33,0.42,0
13.75,76,Ajjampura taluku,Karnataka,0,0,0.12,0.53,3.5,1.09,1.77,2.28,6.17,6.21,0.11,0
13.75,76.25,Hosadurga taluku,Karnataka,0.07,0,0.08,0.74,2.87,1.41,0.84,2.04,6.9,3.58,0.19,0
13.75,76.5,Hosadurga taluku,Karnataka,0.55,0,0,0.24,3.03,1.96,0.37,1.36,7.18,7.03,0.28,0.03
13.75,76.75,Sira taluk,Karnataka,0.13,0,0.02,0.25,4.85,2.03,0.41,1.43,10.11,8.48,0.22,0.19
13.75,77.25,Madhugiri taluk,Karnataka,0,0,0.07,0.61,2.89,1.44,0.64,3.46,6.31,9.03,0.87,0
13.75,77.75,Gudibande taluk,Karnataka,0,0,0.13,1.03,1.9,2.81,1.56,2.67,5.85,5.78,0.8,0.02
13.75,78,Bagepalli taluk,Karnataka,0.29,0,0.65,0.67,1.66,3.62,1.42,3.65,7.55,8.24,0.82,0.02
14,74.75,Sagara taluk,Karnataka,0,0,0.23,0.09,6.23,38.03,39.67,24.88,8.59,8.29,0.65,0.33
14,75,Sagara taluk,Karnataka,0,0,0.49,0.22,7.17,19.31,20.79,13.72,6.77,2.76,0.57,0
14,75.25,Hosanagara taluk,Karnataka,0,0,0.37,1.27,3.54,9.63,9.88,7.46,5.96,2.6,0.53,0
14,75.5,Shivamogga taluk,Karnataka,0.08,0,0.32,1.61,2.69,3.49,3.81,5,4.04,4.25,0.25,0
14,75.75,Bhadravati taluk,Karnataka,0.02,0,0.05,0.88,3.5,2,3.85,4.94,7.48,5.37,0.17,0
14,76,Channagiri taluku,Karnataka,0,0,0.01,0.71,1.91,1.73,2.29,3.36,5.61,5.55,0,0
14,76.25,Holalkere taluk,Karnataka,0,0,0,0.33,1.41,1.66,2.38,2.53,6.39,8.02,0.15,0.01
14,76.5,Hiriyuru taluk,Karnataka,0.01,0,0,0.04,1.67,0.81,0.6,1.81,6.08,8.06,0.14,0.02
14,76.75,Hiriyuru taluk,Karnataka,0.03,0,0.05,0.11,2.91,1.01,0.79,2.22,6.6,6.57,0.12,0.02
14.25,74.5,Honnavar taluku,Karnataka,0,0,0,0.02,3.51,37.93,46.45,29.95,11.21,6.87,0.13,0
14.25,74.75,Sagara taluk,Karnataka,0,0,0,0.04,2.59,20.87,27.63,17.92,5.21,1.47,0.44,0.04
14.25,75,Sagara taluk,Karnataka,0,0,0.01,0.23,2.35,9.42,13.2,8.3,6.27,2.16,0.5,0
14.25,75.25,Sagara taluk,Karnataka,0,0,0,0.94,3.06,3.98,6.64,4.71,7.33,2.68,0.46,0
14.25,75.5,Shikaripura taluk,Karnataka,0.03,0,0,0.35,4.35,1.76,2.62,2.44,7.03,3.4,0.06,0
14.25,75.75,Honnali taluku,Karnataka,0,0,0.02,0.51,1.34,2.16,2.28,3.26,8.76,6.69,0.02,0
14.25,76,Channagiri taluku,Karnataka,0,0,0.04,0.62,1.21,2.49,2.33,3.45,6.56,6.39,0.01,0
14.25,76.25,Chitradurga taluku,Karnataka,0,0,0.04,0.7,1.31,1.72,2.24,1.65,7.17,10.49,0.33,0
14.25,76.5,Chitradurga taluku,Karnataka,0,0,0,0.25,1.32,0.84,1.3,1.32,5.78,6.16,0.1,0
14.25,76.75,Challakere taluku,Karnataka,0,0,0,0.03,1.05,0.07,0.63,0.45,1.83,4.65,0,0
14.25,77.25,Pavagada taluk,Karnataka,0,0,0,0.24,1.38,1.64,0.97,3.76,7.22,10.64,0.65,0
14.25,77.5,Pavagada taluk,Karnataka,0,0,0.01,0.62,0.84,0.89,0.96,1.31,5.26,4.44,0.05,0
14.5,74.25,Uttara Kannada,Karnataka,0,0,0,0.01,2.68,37.15,23.24,21.39,12.16,4.67,0.76,0.34
14.5,74.5,Kumata taluk,Karnataka,0,0,0,0.02,2.77,37.12,30.08,24.11,9.99,5.48,0.42,0.06
14.5,74.75,Siddapura taluk,Karnataka,0,0,0,0.41,2.48,12.19,17.35,8.27,4.52,2.7,0.56,0
14.5,75,Shirasi Taluk,Karnataka,0,0,0,0.49,2.67,5.74,9.17,5.6,6.17,3.58,0.86,0
14.5,75.25,Shikaripura taluk,Karnataka,0,0,0,1.62,3.3,3.06,4.71,2.98,11.95,4.97,0.24,0
14.5,75.5,Rattihalli taluk,Karnataka,0,0,0.25,1.32,1.58,1.29,2.5,1.92,9.97,7.31,0.07,0
14.5,75.75,Harihara taluku,Karnataka,0,0,0,0.42,0.9,1.35,1.88,2.77,10.46,8.72,0.01,0
14.5,76,Davanagere Taluku,Karnataka,0.01,0,0.16,0.99,2.78,1.66,1.57,3.06,6.73,6.03,0.15,0
14.5,76.25,Jagaluru taluku,Karnataka,0,0,0.26,0.8,3.64,1.16,1.49,2.97,5.09,5.59,0.12,0
14.5,76.5,Challakere taluku,Karnataka,0,0,0.03,0.4,1.58,0.5,0.9,2.83,9.36,3.44,0.02,0
14.5,76.75,Challakere taluku,Karnataka,0,0,0.25,0.08,1.74,0.68,0.68,2.51,7.13,3.81,0,0
14.75,74.25,Karwar taluk,Karnataka,0,0,0,0.13,2.97,31.23,27.04,17.95,13.87,5.04,0.79,0.46
14.75,74.5,Ankola taluk,Karnataka,0,0,0,1,2.85,16.42,22.62,8.64,8.73,3.35,0.22,0.11
14.75,74.75,Shirasi Taluk,Karnataka,0,0,0.04,1.99,2.91,9.42,14.78,5.69,7.26,4.95,0.23,0.05
14.75,75,Mundagoda taluk,Karnataka,0,0,0.03,4.31,2.25,3.21,6.65,2.98,5.46,8.55,0.55,0
14.75,75.25,Hanagal taluk,Karnataka,0,0,0,0.87,2.74,1.03,3.19,2.36,6.52,4.78,0.06,0
14.75,75.5,Byadagi taluk,Karnataka,0,0,0.25,1.37,0.95,0.89,2.63,1.83,8.7,5.61,0.11,0
14.75,75.75,Huvina Hadagali taluk,Karnataka,0.01,0,0.01,0.81,2.7,2.22,2.02,2.76,8.06,4.89,0.4,0.03
14.75,76,Harapanahalli taluku,Karnataka,0.02,0,0.42,1.27,3.18,1.36,1.45,3.95,9.34,4.26,0.37,0
14.75,76.25,Kotturu taluku,Karnataka,0.01,0,0.36,0.93,3.1,0.91,1.48,3.85,8.61,4.71,0.15,0
14.75,76.5,Kudligi taluku,Karnataka,0,0,0.23,0.28,1.14,0.33,1.12,2.82,6.73,3.13,0.07,0
14.75,76.75,Molakalmuru taluku,Karnataka,0,0,0.3,0.29,2.24,1.1,0.88,3.64,6.92,3.19,0.11,0.03
15,74,Uttara Kannada,Karnataka,0,0,0,0,1.24,27,27.29,17.98,10.47,3.78,0.14,0.67
15,74.5,Supa taluk,Karnataka,0,0,0.01,0.63,3.68,15,23.04,7.55,8.31,2.97,0.17,0.08
15,74.75,Yallapura taluk,Karnataka,0,0,0.04,0.72,4.2,4.38,8.49,4.24,7.01,4.58,0.2,0.03
15,75,Mundagoda taluk,Karnataka,0,0,0.08,0.71,2.98,2.97,6.51,3.04,4.57,4,0.13,0
15,75.25,Shiggaon taluk,Karnataka,0,0,0.02,0.39,3.9,1.65,3.62,2.19,5.82,4.38,0.08,0
15,75.5,Savanura taluk,Karnataka,0,0,0.02,0.83,2.64,1.99,2.23,1.9,7.08,4.52,0.38,0.04
15,75.75,Shirahatti taluku,Karnataka,0,0,0.02,1.06,3.2,2.77,2.61,1.35,7.54,5.14,0.53,0.07
15,76,Huvina Hadagali taluk,Karnataka,0,0,0.5,0.33,2.22,0.46,1.98,4.16,8.19,6.15,0.01,0
15,76.25,Hagari Bommanahalli taluk,Karnataka,0,0,0.64,0.33,2.06,0.6,1.77,3.8,7.54,5.11,0.04,0
15,76.5,Sanduru taluk,Karnataka,0,0,0.76,0.28,1.06,1.69,1.37,3.77,7.24,6.04,0,0
15,76.75,Sanduru taluk,Karnataka,0,0,0.9,0.15,1.19,2.51,1.42,3.92,7.06,7.62,0.1,0.01
15.25,74.5,Supa taluk,Karnataka,0,0,0.08,0.53,5.1,13.09,20.97,7.08,7.57,5.17,0.04,0.07
15.25,74.75,Haliyala taluku,Karnataka,0,0,0.06,0.69,4.06,4.5,6.57,2.03,6.36,3.63,0.29,0.03
15.25,75,Kalaghatagi taluku,Karnataka,0,0,0.15,0.32,2.22,1.75,2.8,1.6,5.55,3.32,0.16,0
15.25,75.25,Kundagola taluku,Karnataka,0,0,0.21,0.15,3.01,1.24,1.85,1.87,5.72,4.29,0.04,0
15.25,75.5,Gadag taluk,Karnataka,0,0,0.11,0.09,3.01,1.47,1.22,2.75,6.85,4.5,0.18,0.01
15.25,75.75,Mundargi taluku,Karnataka,0,0,0.16,0.88,1.55,0.86,1.48,2.12,6.62,1.93,0.02,0
15.25,76,Koppala taluku,Karnataka,0,0,1.72,0.45,1.8,0.68,1.58,2.88,7.01,3.77,0.01,0
15.25,76.25,Koppala taluku,Karnataka,0,0,0.78,0.33,1.52,1.97,1.46,4.96,7.8,3.21,0,0
15.25,76.5,Hosapete taluk,Karnataka,0,0,0.6,0.27,2.01,2.14,1.54,4.79,7.35,3.47,0,0
15.25,76.75,Bellary taluk,Karnataka,0,0,0.7,0.08,1.72,1.83,1.64,4.36,7.96,7.87,0,0
15.25,77,Bellary taluk,Karnataka,0,0,0.26,0.2,1.88,2.58,0.68,3.78,7.51,5.7,0.12,0
15.5,74.5,Khanapura taluku,Karnataka,0,0,0.04,0.45,4,13.39,18.59,5.26,8.16,4.68,0.09,0.07
15.5,74.75,Kitturu taluku,Karnataka,0,0,0.05,0.5,3.67,2.63,4.84,1.51,6.76,3.64,0.35,0.03
15.5,75,Dharawada taluku,Karnataka,0,0,0.05,0.39,2.69,1.24,2.78,1.24,6.43,2.79,0.55,0.02
15.5,75.25,Hubballi Taluku,Karnataka,0,0,0.23,0.12,1.66,1.24,1.38,2.56,6.94,4.67,0.67,0.15
15.5,75.5,Gadag taluk,Karnataka,0,0,0.23,0.04,1.46,2.43,1.69,3.46,6.9,4.46,0.12,0.06
15.5,75.75,Gadag taluk,Karnataka,0,0,0.25,0.72,1.23,2.49,1.3,3.66,7.5,5.12,0.01,0.02
15.5,76,Kukunoor taluku,Karnataka,0,0,1.15,0.81,0.97,3.4,1.1,3.8,7.89,5.25,0,0
15.5,76.25,Koppala taluku,Karnataka,0,0,0.49,0.31,0.77,2.8,1.26,5.16,8.43,2.3,0,0
15.5,76.5,Gangavati taluku,Karnataka,0,0,0.36,0.4,1.81,2.55,1.29,4.94,7.53,2.43,0,0
15.5,76.75,Karatagi taluku,Karnataka,0,0,0.26,0.12,2.4,2.38,1.14,4.36,7.61,4.4,0.01,0
15.75,74.5,Belagavi taluku,Karnataka,0,0,0.03,0.26,0.82,5.08,1.87,4.04,6.62,5.32,0,0.02
15.75,74.75,Bailahongala taluku,Karnataka,0,0,0.01,0.36,1.91,3.33,5,2.72,6.54,4.09,0.19,0.02
15.75,75,Savadatti taluku,Karnataka,0,0,0.07,0.17,1.45,1.52,1.64,2.22,8.22,4.38,0.91,0.09
15.75,75.25,Savadatti taluku,Karnataka,0,0,0.02,0.05,1.73,0.41,0.86,2.54,7.58,5.35,1.19,0.26
15.75,75.5,Naragunda taluk,Karnataka,0,0,0.1,0.09,2.56,2.73,1.47,1.67,5.25,4.5,0.29,0.05
15.75,75.75,Rona taluku,Karnataka,0,0,0.12,0.66,1.91,3.45,1.21,2.91,6.58,5.48,0,0
15.75,76,Gajendragad taluku,Karnataka,0,0,0.21,0.49,1.36,5.68,0.95,2.52,7.55,5.45,0,0
15.75,76.25,Kushtagi taluk,Karnataka,0,0,0.21,0.75,1.6,2.89,0.19,3.05,5.68,5.81,0,0
15.75,76.5,Sindhanuru taluku,Karnataka,0,0,0.5,0.48,1.78,2.42,0.7,3.82,8.08,6.41,0,0
15.75,76.75,Sindhanuru taluku,Karnataka,0,0,0.51,0.26,2.1,2.72,1.13,4.77,7.72,3.13,0.03,0
15.75,77,Siruguppa taluku,Karnataka,0,0,0.72,0.11,1.5,3.15,0.98,5,6.59,3.4,0,0
16,74.5,Belagavi taluku,Karnataka,0,0,0,0.63,1.99,2.28,4.15,2.3,6.19,3.58,0.32,0.02
16,74.75,Gokak taluku,Karnataka,0,0,0,0.14,1.48,1.86,2.3,1.39,6.64,3.91,0.73,0.09
16,75,Yaragatti taluku,Karnataka,0,0,0.05,0.03,0.94,1.92,1.72,2.02,8.98,4.92,0.93,0.02
16,75.25,Ramadurga taluku,Karnataka,0,0,0.07,0.05,0.85,1.96,1.53,2.24,9,4.08,0.52,0.02
16,75.5,Badami taluku,Karnataka,0,0,0.23,0.07,2.97,3.12,1.43,1.12,5.25,3.74,0.07,0.01
16,75.75,Guledgudda taluku,Karnataka,0,0,0.3,0.53,1.92,3.67,1,1.61,6.08,4.61,0,0
16,76,Kushtagi taluk,Karnataka,0,0,0.33,0.7,2.36,4.45,1.06,2.01,7.06,4.36,0,0
16,76.25,Ilkal taluka,Karnataka,0,0,0.83,0.25,2.31,2.11,0.56,2.94,10.47,9.37,0,0
16,76.5,Maski taluku,Karnataka,0,0,0.56,0.23,2.02,2.28,0.36,2.9,9.22,7.04,0,0
16,76.75,Maski taluku,Karnataka,0,0,0.67,0.14,0.71,3.59,0.68,5.11,8.55,5.57,0,0
16,77,Manvi taluku,Karnataka,0,0,0.81,0.25,0.46,4.7,0.99,5.9,8.53,4.75,0,0
16,77.25,Manvi taluku,Karnataka,0,0,1.33,0.22,0.65,3.77,1.06,5.18,5.37,2.67,0,0
16,77.5,Rayachuru taluku,Karnataka,0,0,0.71,0.11,0.29,4.27,1.81,4.93,3.51,3.7,0.01,0
16.25,74.5,Hukkeri taluk,Karnataka,0,0,0.01,0.53,1.35,2.7,4.04,1.27,8.39,4.25,0.48,0.03
16.25,74.75,Gokak taluku,Karnataka,0,0,0,0.05,1.41,0.9,1.67,0.69,6.94,3.97,0.87,0.13
16.25,75,Mudalagi taluku,Karnataka,0,0,0,0.01,1.41,2.03,1.97,1.28,7.86,5.7,0.47,0.06
16.25,75.25,Mudhola taluku,Karnataka,0,0,0.26,0.12,1.6,1.98,1.56,1.63,8.57,3.86,0.12,0.01
16.25,75.5,Bilagi,Karnataka,0,0,0.49,0.2,2.25,2.44,1,1.55,8.26,2.21,0,0.01
16.25,75.75,Bagalakote taluk,Karnataka,0,0,0.8,0.19,2.2,4.22,0.65,1.86,7.34,4.02,0,0
16.25,76,Bagalakote taluk,Karnataka,0,0,0.32,0.53,1.92,2.5,0.54,2.7,6.41,5.8,0,0
16.25,76.25,Muddebihala taluku,Karnataka,0,0,0.12,0.35,0.69,4.29,0.59,2.29,7.43,4.49,0,0
16.25,76.5,Lingasuguru taluku,Karnataka,0,0,0.07,0.06,1.57,2.45,0.76,2.81,9.31,4.49,0.06,0
16.25,76.75,Unknown,Karnataka,0,0,0.2,0.13,0.51,3.51,1.13,5.82,6.55,5.31,0,0
16.25,77,Unknown,Karnataka,0,0,0.93,0.24,0.27,5.13,1,6.1,8.24,6.29,0,0
16.25,77.25,Rayachuru taluku,Karnataka,0,0,0.85,0.3,0.27,5.68,1.46,5.67,6.6,5.57,0.01,0
16.5,74.5,Chikodi taluk,Karnataka,0,0,0.01,0.47,0.77,2.5,4.45,1.85,9.1,5.99,0.05,0.03
16.5,74.75,Raybag taluk,Karnataka,0,0,0,0.13,1.39,1.96,1.68,0.93,7.21,5.63,0.28,0.06
16.5,75,Rabakavi Banahatti taluku,Karnataka,0,0,0,0,1.45,1.58,1.66,0.81,7.8,5.55,0.17,0.07
16.5,75.25,Jamakhandi taluku,Karnataka,0,0,0,0.22,0.74,3.02,0.81,1.47,7.09,5.42,0.07,0.08
16.5,75.5,Babaleshwara taluk,Karnataka,0,0,0.27,0.43,1.48,3.4,1.19,2.52,6.59,5.82,0,0.23
16.5,75.75,Kolahara Taluku,Karnataka,0,0,0.59,0.2,2.28,3.97,0.55,2.39,6.7,4.26,0,0.02
16.5,76,Basavana Bagevadi Taluku,Karnataka,0,0,0.17,0.08,2.7,3.71,0.3,3.12,5.22,3.75,0,0
16.5,76.25,Talakoti Taluku,Karnataka,0,0,0.04,0.22,1.09,4.17,1.65,1.93,8.54,3.39,0.24,0
16.5,76.5,Hunasagi taluka,Karnataka,0,0,0.03,0.03,1.5,3.85,2.67,1.72,9.44,2.77,0.47,0
16.5,76.75,Shorapur,Karnataka,0,0,0.13,0.11,0.51,3.44,0.99,5.59,5.68,5.45,0,0
16.5,77,Unknown,Karnataka,0,0,0.24,0.2,0.35,5.76,1.23,7.01,8.27,8.83,0,0
16.5,77.25,Yadagiri taluku,Karnataka,0,0,1.16,0.59,0.54,6.73,1.16,5.46,9.95,6.32,0.04,0
16.75,75,Athani taluku,Karnataka,0,0,0,0.09,1.52,2.32,1.02,0.78,6.42,4.19,0.1,0
16.75,75.25,Athani taluku,Karnataka,0,0,0,0.37,1.03,2.86,0.97,1.71,6.36,5.77,0.03,0.23
16.75,75.5,Tikota taluka,Karnataka,0,0,0,0.53,0.53,4.36,1.58,3.65,6.13,5.87,0,0.41
16.75,75.75,Bijapur Taluk,Karnataka,0,0,0,0.3,0.62,4.69,2.06,5.24,5.28,3.99,0,0.18
16.75,76,Basavana Bagevadi Taluku,Karnataka,0,0,0.11,0.24,0.86,5.67,3.02,3.73,6.13,4.7,0,0
16.75,76.25,Sindagi taluku,Karnataka,0,0,0.04,0.02,0.47,5.84,1.44,3.2,7.96,4.05,0,0
16.75,76.5,Yadrami taluku,Karnataka,0,0,0.2,0,0.68,4.39,0.84,3.42,8.76,4.26,0.04,0
16.75,76.75,Shahapura taluku,Karnataka,0,0,0,0.3,0.16,3.03,0.15,2.01,3.37,7.04,0,0
16.75,77,Shahapura taluku,Karnataka,0,0,0.09,0.2,0.3,5.62,1.14,4.88,6.12,7.93,0,0
16.75,77.25,Yadagiri taluku,Karnataka,0,0,0.23,0.01,0.63,7.91,2.38,5.5,6.49,6.07,0.13,0
17,75.75,Bijapur Taluk,Karnataka,0,0,0,0.2,0.62,4.69,1.53,4.83,4.97,3.86,0,0.05
17,76,Indi taluku,Karnataka,0,0,0.07,0.11,0.57,6.44,3.15,3.65,6.59,4.81,0,0
17,76.25,Sindagi taluku,Karnataka,0,0,0.18,0.1,0.69,6.65,1.79,4.29,6.96,4.56,0,0
17,76.5,Jevargi taluku,Karnataka,0,0,0.5,0.02,0.65,3.86,0.21,4.79,8.79,4.84,0,0
17,76.75,Jevargi taluku,Karnataka,0,0,0.45,0.15,0.51,4.67,0.91,3.34,7.46,5.46,0,0
17,77,Chitapura taluku,Karnataka,0,0,0.09,0.43,0.74,6.07,1.73,4.19,6.95,5.52,0.01,0
17,77.25,Sedam taluku,Karnataka,0,0,0.25,0,0.69,7.73,2.45,5.47,5.84,6.71,0.54,0
17.25,75.75,Chadachana taluku,Karnataka,0,0,0.02,0.08,0.77,4.79,0.97,4.19,6,4.37,0,0
17.25,76,Indi taluku,Karnataka,0,0,0.08,0.11,0.76,5.79,1.4,3.97,5.69,4.26,0,0
17.25,76.25,Afzalpura taluku,Karnataka,0,0,0.17,0.19,1.24,7.89,1.57,4.16,6.02,4.28,0,0
17.25,76.5,Afzalpura taluku,Karnataka,0,0,0.69,0.13,0.58,6.2,1.84,4.26,8.41,4.35,0,0
17.25,76.75,Kalaburagi taluku,Karnataka,0,0,0.71,0.32,0.62,6.67,2.67,3.92,8.33,4.66,0.01,0
17.25,77,Chitapura taluku,Karnataka,0,0,0.26,0.59,1.12,7.79,2.26,4.78,6.3,5.83,0.01,0
17.25,77.25,Kalagi taluku,Karnataka,0,0,0.19,0.17,1.8,8.51,2.18,5.44,5.62,6.59,0.91,0
17.5,76.5,Alanda taluku,Karnataka,0,0,0.84,0.13,0.4,10.19,2.2,4.47,7.6,3.75,0.05,0
17.5,76.75,Alanda taluku,Karnataka,0,0,0.76,0.28,0.24,5.61,3.02,4.8,6.01,3.38,0.09,0
17.5,77,Kamalapura Taluku,Karnataka,0,0,0.54,0.45,0.96,7.86,2.33,4.89,5.84,6.06,0.28,0
17.5,77.25,Chincholi taluku,Karnataka,0,0,0.37,0.56,1.79,8.41,2.21,6.32,5.4,7.91,0.66,0
17.5,77.5,Chincholi taluku,Karnataka,0,0,0.07,0.12,0.99,5.81,3.23,5.01,3.6,5.47,1.13,0
17.75,76.75,Basavakalyana taluku,Karnataka,0,0,0.96,0.05,0.31,7.98,2.5,5.39,5.35,3.68,0.32,0
17.75,77,Basavakalyana taluku,Karnataka,0,0,1.2,0.19,0.69,7.31,2.56,6.15,4.69,4.82,0.67,0
17.75,77.25,Humanabad taluku,Karnataka,0,0,0.8,0.31,0.88,7.7,2.53,7.17,5.05,4.18,1,0
17.75,77.5,Bidar taluku,Karnataka,0,0,0.38,0.04,0.67,9.24,4.27,8.59,3.4,3.42,1.19,0
18,77,Hulasura taluku,Karnataka,0,0,0.89,0.13,0.58,6.48,2.15,5.65,4.82,4.96,0.43,0
18,77.25,Bhalki taluku,Karnataka,0,0,0.75,0.14,0.32,7.85,3.43,8.22,3.82,3.52,1.3,0
18,77.5,Bidar taluku,Karnataka,0,0,0.45,0.04,0.15,10.27,4.37,9.74,2.39,3.72,1.3,0
18.25,77.25,Kamalnagar taluku,Karnataka,0,0,0.25,0.01,0.12,5.43,2.48,6.7,3.58,6.43,0.49,0
18.25,77.5,Aurad taluku,Karnataka,0,0,0.11,0,0.11,12.09,4.36,10.03,1.93,4.66,0.72,0
8.5,77,Thiruvananthapuram,Kerala,0.08,0,1.7,0.76,5.41,7.67,0.86,2.01,8.64,6.83,7.66,7.36
8.75,76.75,Varkala,Kerala,0.08,0,4.29,3.98,8.6,12.7,2.08,5.6,10.88,9.83,10.98,4.49
8.75,77,Nedumangad,Kerala,0.63,0.02,1.5,4.12,7.57,11.01,1.62,5.03,9.1,6.79,10.77,7.42
9,76.75,Kottarakkara,Kerala,0.15,0,7.63,6.79,10.3,16.19,3.45,8.63,16.6,12.88,11.06,5.08
9,77,Punalur,Kerala,1.55,0,2.16,4.51,10.38,19.62,5.08,10.86,16.14,9.14,14.73,16.82
9.25,76.5,Karthikappally,Kerala,1.01,0,4.62,1.71,10.49,20.67,7.85,12.32,17.02,8.89,9.11,2.01
9.25,76.75,Unknown,Kerala,0.56,0,12.21,2.86,9.37,18.19,6.85,13.67,19.46,16.29,12.11,3.26
9.25,77,Konni,Kerala,1.41,0.01,3.11,2.89,6.49,7.74,1.86,4.49,8.58,4.07,9.88,10.42
9.25,77.25,Konni,Kerala,1.23,0.04,3.3,1.37,3.02,0.41,0.11,1.2,5.74,1.87,5.82,6.64
9.5,76.5,Kuttanad,Kerala,0.69,0.01,6.51,2.93,9.81,18.4,7.92,15.09,14.91,8.07,10.44,1.52
9.5,76.75,Changanassery,Kerala,0.17,0,4.84,2.68,7.69,20.05,8,23.72,25.25,13.52,6.26,1.67
9.5,77,Peerumade,Kerala,0.75,0.09,2.98,2.19,4.73,14.38,5.65,19.49,19.47,9.7,4,5.2
9.5,77.25,Peerumade,Kerala,0.79,0.08,2.48,0.92,2.9,0.24,0.13,2.27,5.8,2.29,4.2,7.17
9.75,76.5,Vaikom,Kerala,1.35,0,4.28,2.59,9.82,22.92,10.65,17.4,17.09,10.31,8.76,1.52
9.75,76.75,Meenachil,Kerala,0.22,0,5.27,1.63,7.68,19.68,11.84,25.89,18.42,10.2,4,1.56
9.75,77,Peerumade,Kerala,1.27,0.17,3.39,2.51,3.71,12.04,5.23,17.87,14.56,7.66,3.44,7.98
10,76.25,Kanayannur,Kerala,0.21,0,3.15,1.12,7.46,22.66,14.07,12.8,15.26,9.47,5.77,0.4
10,76.5,Kunnathunad,Kerala,0.33,0,5.02,3.69,10.44,20.08,11.51,16.59,15.32,9.79,8.22,1.27
10,76.75,Kothamangalam,Kerala,0.19,0,4.66,2.16,7.65,18.03,11.57,24.14,15.67,8.14,3.6,1.31
10,77,Devikulam,Kerala,0.38,0.01,3.39,1.17,4.43,12.58,7.51,18.24,12.5,5.44,2.1,1.65
10,77.25,Udumbanchola,Kerala,0.75,0,3.38,0.24,2.76,0.57,0.06,1.81,5,4.59,2.41,1.34
10.25,76.25,Chalakkudy,Kerala,0.02,0,2.64,0.73,7.84,21.75,13.64,14.26,14.5,6.22,6.76,0.41
10.25,76.5,Aluva,Kerala,0.09,0,5.18,2.37,5.52,15.68,10.33,11.72,13.42,4.63,3.66,0.59
10.25,76.75,Kothamangalam,Kerala,0.2,0,6.44,2.75,5.56,11.76,8.09,13.23,12.12,5.39,1.79,0.81
10.25,77.25,Devikulam,Kerala,2.15,0.09,3.97,0.54,7.57,3.75,1.3,7.43,10.77,4.14,3.91,4.59
10.5,76,Pālghāt,Kerala,0,0,1.2,0.43,4.75,21.89,12.71,13.47,10.31,6.43,2.19,0.49
10.5,76.25,Thrissur,Kerala,0,0,1.72,0.63,6.05,22.97,11.15,13.63,10.8,7.07,1.73,0.54
10.5,76.5,Alathur,Kerala,0,0,2.77,1.6,4.1,12.24,9.43,12.79,11.89,1.87,1.08,0.85
10.5,76.75,Chittur,Kerala,0.09,0,4.5,2.16,5.14,8.04,6.67,8.53,10.99,3.33,1.14,0.83
10.75,76,Ponnani,Kerala,0,0,1.5,0.3,5.83,20.05,12.51,12.44,10.56,3.61,2.4,1.08
10.75,76.25,Ottappalam,Kerala,0,0,5.36,1.31,6,19.77,14.54,16.53,11.94,6.45,0.82,2.1
10.75,76.5,Alathur,Kerala,0.01,0,1.85,0.51,3.77,14.16,8.61,11.61,10.63,4.05,1.17,1.41
10.75,76.75,Palakkad,Kerala,0,0,0.76,0.62,4.98,5.89,4.81,5.06,7.23,2.01,0.65,1.03
11,76,Ernad,Kerala,0.19,0,0.46,0.61,4.34,15.86,12.96,15.18,18.24,6.07,3.07,1.82
11,76.25,Perinthalmanna,Kerala,0.04,0,3.02,0.48,4.67,15.13,9.18,15.86,26.03,6.55,0.55,2.6
11,76.5,Mannarkad,Kerala,0.04,0,2.34,0.5,3.81,12.6,8.06,12.51,17.67,4.79,0.53,1.9
11.25,76,Ernad,Kerala,0.06,0,1.07,1.16,3.65,16.32,13.04,13.45,17.48,7.24,3.01,0.25
11.25,76.25,Nilambur,Kerala,0.14,0,0.97,1.29,2.97,10.86,9.67,9.78,12.44,5.06,2.36,0.82
11.5,75.75,Koyilandi,Kerala,0.56,0,0.43,1.72,5.6,19.59,17.62,17.88,17.65,5.95,1.23,0.29
11.5,76,Thamarassery,Kerala,0.6,0,1.1,2.01,5.15,13.31,13.72,15.79,17.57,4.84,1.48,0.29
11.5,76.25,Nilambur,Kerala,0.12,0,0.44,0.48,2.61,2.01,3.13,3.01,3.26,3.47,0.78,0.75
11.75,75.5,Thalassery,Kerala,0.48,0,0.51,1.71,6.74,28.1,22.25,18.72,16.22,5.91,1.57,0.16
11.75,75.75,Vadakara,Kerala,0.28,0,1.14,1.06,5.69,13.96,14.42,14.21,13.52,3.55,0.53,0.25
11.75,76,Mananthavady,Kerala,0.37,0,2.09,2.9,7.25,9.31,9.52,9.98,13.25,3.38,1.37,0.31
11.75,76.25,Sulthanbathery,Kerala,0.6,0,2.31,2.86,7.14,5.17,7.54,8.26,11.71,3.16,1.42,1.18
12,75.5,Taliparamba,Kerala,0.7,0,0.2,1.76,7.24,22.08,17.93,18.49,15.7,5.86,1.61,0.21
12,75.75,Iritty,Kerala,0.81,0,0.87,1.86,5.81,11.7,8.47,8.66,9.66,3.62,0.13,0.83
12.25,75.25,Hosdurg,Kerala,0.72,0,0.17,1.95,6.61,24.96,28.91,27.43,15.41,4.73,1.85,0.33
12.25,75.5,Taliparamba,Kerala,1.4,0,0.52,4.81,5.37,16.36,18.9,18.81,15.28,3.78,0.44,0.57
12.5,75,Kasaragod,Kerala,0.54,0,0.02,0.49,2.91,28.1,23.43,22.94,10.57,3.78,1.12,0.38
12.5,75.25,Kasaragod,Kerala,0.77,0,0.65,2.37,7.37,24.76,29.3,28.98,15.83,3.69,0.88,0.3
22.5,89,Kaliganj Upazila (Satkhira),Khulna Division,0,0,2.05,0.06,2.66,8.69,15.23,10.51,5.31,8.72,0.8,1.14
22.75,89,Satkhira Sadar Upazila,Khulna Division,0,0,1.94,0.1,2.65,8.84,14.99,9.22,5.52,8.48,0.81,1.16
23.25,88.75,Maheshpur Upazila,Khulna Division,0,0,1.11,0.36,2.98,7.88,14.53,6.72,6.33,7.7,0.95,0.84
23.5,88.75,Damurhuda Upazila,Khulna Division,0,0,0.79,0.48,3.36,8.34,14.32,6.8,6.34,7.48,1.06,0.89
34.5,73.25,Mansehra District,Khyber Pakhtunkhwa,8.33,4.83,4.35,8.25,1.17,2.74,1.5,1.73,0.58,0,0.69,2.23
34.75,73.25,Mansehra District,Khyber Pakhtunkhwa,7.8,5.08,4.29,8.37,0.99,2.46,1.18,1.71,0.39,0,0.74,2.13
34.75,73.5,Mansehra District,Khyber Pakhtunkhwa,8.12,4.93,4.32,8.3,1.05,2.68,1.47,1.82,0.51,0,0.7,2.16
35,73.75,Mansehra District,Khyber Pakhtunkhwa,7.92,5.02,4.29,8.34,0.98,2.62,1.48,2,0.42,0,0.72,2.03
35,74,Mansehra District,Khyber Pakhtunkhwa,8.05,4.95,4.26,8.32,1.02,2.76,1.68,2.19,0.45,0,0.7,1.98
35.5,73.5,Upper Kohistan District,Khyber Pakhtunkhwa,7.55,5.2,4.26,8.42,0.91,2.31,1.02,1.69,0.31,0,0.77,2.08
35.5,73.75,Upper Kohistan District,Khyber Pakhtunkhwa,7.55,5.2,4.26,8.42,0.91,2.42,1.22,1.91,0.31,0,0.76,2
35.75,73,Upper Kohistan District,Khyber Pakhtunkhwa,0.25,0.15,0.13,0.25,0.04,1.81,6.55,2.08,0.34,0,0.02,0.07
36,72.5,Unknown,Khyber Pakhtunkhwa,0,0,0,0,0,1.81,6.78,2.11,0.34,0,0,0
36.25,72.5,Unknown,Khyber Pakhtunkhwa,0,0,0,0,0,1.81,6.78,2.12,0.34,0,0,0
36.5,72.5,Unknown,Khyber Pakhtunkhwa,0,0,0,0,0,1.82,6.79,2.12,0.34,0,0,0
36.5,72.75,Unknown,Khyber Pakhtunkhwa,0,0,0,0,0,1.81,6.78,2.11,0.34,0,0,0
36.75,73,Chitrāl District,Khyber Pakhtunkhwa,0,0,0,0,0,1.81,6.77,2.11,0.34,0,0,0
36.75,73.25,Chitrāl District,Khyber Pakhtunkhwa,0.16,0.11,0.09,0.18,0.02,1.82,6.64,2.1,0.34,0,0.01,0.05
36.75,73.5,Unknown,Khyber Pakhtunkhwa,0.68,0.47,0.38,0.75,0.08,1.85,6.24,2.07,0.34,0,0.07,0.19
36.75,73.75,Unknown,Khyber Pakhtunkhwa,1.59,1.09,0.89,1.76,0.2,1.91,5.56,2.02,0.33,0,0.16,0.44
26.5,87.25,Morang,Koshi Province,0.1,0,2.05,0.59,5.06,5.14,14.84,25.78,5.92,2.68,0,0
26.5,87.5,Morang,Koshi Province,0,0,2.04,0.98,6.19,5.5,17.23,28.96,6.77,2.22,0,0
26.5,87.75,Jhapa,Koshi Province,0,0,1.52,1.29,8.98,5.82,21.07,31.54,9.87,2.25,0,0
26.5,88,Jhapa,Koshi Province,0,0.05,2.32,1,8.56,11.58,20.25,26.91,14.73,2.54,0.08,0
26.75,87,Udayapur,Koshi Province,0.04,0,1.82,0.52,4.6,4.54,8.65,24.05,4.84,2.3,0,0
26.75,88,Jhapa,Koshi Province,0.01,0.33,2.38,1.07,8.86,16.96,21.45,26.25,18.31,2.47,0.28,0
27,88,Ilam District,Koshi Province,0.06,0.01,2.5,2.25,7.96,9.55,17.62,20.6,12.99,1.92,0.47,0
27.25,88,Panchthar,Koshi Province,0.19,0,2.25,5.38,8.75,6.62,17.29,14.5,15.29,3.84,0.15,0
27.5,88,Taplejung,Koshi Province,0.29,0.67,6.12,10.94,9.63,17.08,17.66,19.39,15.31,6.5,0.31,0
27.75,88,Taplejung,Koshi Province,0.3,0.73,6.28,11.51,10.18,19.2,16.67,19.04,13.22,6.63,0.32,0
32.5,79,Unknown,Ladakh,5.13,1.76,2.89,4.41,0.8,1.41,1.37,0.86,2.92,0.01,0.16,0.73
32.75,78,Unknown,Ladakh,7.4,3.1,3.5,3.47,2.68,2.75,3.78,2.68,3.1,0.05,0.55,1.3
32.75,78.25,Unknown,Ladakh,5.43,1.91,3.07,4.28,1.13,1.76,2.12,1.32,3.13,0.01,0.22,0.75
32.75,78.5,Unknown,Ladakh,5.13,1.76,2.89,4.41,0.8,1.41,1.37,0.86,2.92,0.01,0.17,0.73
32.75,78.75,Unknown,Ladakh,5.13,1.76,2.89,4.41,0.8,1.41,1.37,0.86,2.92,0.01,0.15,0.73
32.75,79,Unknown,Ladakh,5.13,1.76,2.89,4.41,0.8,1.41,1.37,0.86,2.92,0.01,0.15,0.73
32.75,79.25,Unknown,Ladakh,5.13,1.76,2.89,4.41,0.8,1.41,1.37,0.86,2.92,0.01,0.15,0.73
33,77,Zanskar,Ladakh,5.43,2.38,1.77,3.06,1.76,3.19,10.99,7.01,3.45,0.01,0.47,1.92
33,77.25,Zanskar,Ladakh,6.36,2.78,2.45,3.24,2.14,2.83,7.02,4.57,2.95,0.04,0.69,1.92
33,77.5,Unknown,Ladakh,6.83,2.96,2.78,3.28,2.34,2.65,4.88,3.42,2.72,0.05,0.8,1.93
33,77.75,Unknown,Ladakh,6.9,3.01,3.06,3.24,2.45,2.47,3.13,2.36,2.56,0.06,0.86,1.81
33,78,Unknown,Ladakh,6.99,3.02,3.15,3.23,2.51,2.53,3.28,2.43,2.69,0.06,0.68,1.46
33,78.25,Unknown,Ladakh,0.93,1.01,0.25,1.8,0.33,0.9,0.39,0.49,0.19,0,0.15,0.73
33,78.5,Unknown,Ladakh,2.14,1.19,1.04,2.62,0.43,1.03,0.65,0.56,1.03,0,0.15,0.73
33,78.75,Unknown,Ladakh,3.63,1.47,1.96,3.52,0.61,1.22,1.01,0.71,1.98,0,0.15,0.73
33,79,Unknown,Ladakh,4.38,1.61,2.43,3.96,0.71,1.31,1.19,0.79,2.45,0.01,0.15,0.73
33.25,76.75,Zanskar,Ladakh,4.66,1.88,1.36,2.46,1.67,4.42,21.25,12.64,5.4,0,0.22,2.08
33.25,77,Zanskar,Ladakh,5,1.97,1.49,2.62,1.65,3.97,17.14,10.6,4.86,0,0.33,2.04
33.25,77.25,Zanskar,Ladakh,4.55,2.13,1.33,2.84,1.37,2.94,9.89,6.35,2.94,0,0.36,1.71
33.25,77.5,Unknown,Ladakh,2.32,1.4,0.69,1.98,0.74,1.46,3.23,2.3,1.11,0,0.23,0.74
33.25,77.75,Unknown,Ladakh,1.14,1.09,0.3,1.84,0.37,0.93,0.47,0.57,0.23,0,0.1,0.3
33.25,78,Unknown,Ladakh,0.43,0.84,0.02,1.69,0.18,0.79,0.21,0.35,0.02,0,0,0.09
33.25,78.25,Unknown,Ladakh,0.35,0.82,0.01,1.67,0.17,0.78,0.21,0.35,0.02,0,0,0.07
33.25,78.5,Unknown,Ladakh,0.35,0.82,0.01,1.67,0.17,0.78,0.21,0.35,0.02,0,0,0.06
33.25,78.75,Unknown,Ladakh,1.99,1.14,0.99,2.59,0.38,1,0.6,0.52,1,0,0.08,0.4
33.25,79,Unknown,Ladakh,3.19,1.38,1.7,3.27,0.55,1.16,0.9,0.66,1.72,0,0.11,0.57
33.5,76.75,Zanskar,Ladakh,4.28,1.55,1.15,2.13,1.51,4.47,22.23,13.53,5.89,0,0.19,2.06
33.5,77,Zanskar,Ladakh,2.46,1.08,0.56,1.7,0.92,2.93,14.11,8.65,3.66,0,0.08,1.2
33.5,77.25,Zanskar,Ladakh,0.95,0.94,0.17,1.75,0.35,1.17,2.71,1.86,0.69,0,0.04,0.33
33.5,77.5,Unknown,Ladakh,0.6,0.89,0.07,1.7,0.22,0.91,0.96,0.81,0.23,0,0.02,0.17
33.5,77.75,Unknown,Ladakh,0.39,0.84,0.01,1.67,0.17,0.78,0.2,0.34,0.02,0,0,0.08
33.5,78,Unknown,Ladakh,0.35,0.82,0.01,1.67,0.17,0.78,0.21,0.35,0.01,0,0,0.07
33.5,78.25,Unknown,Ladakh,0.35,0.82,0.01,1.67,0.17,0.78,0.21,0.35,0.02,0,0,0.07
33.5,78.5,Unknown,Ladakh,0.35,0.82,0.01,1.67,0.17,0.78,0.21,0.35,0.02,0,0,0.07
33.5,78.75,Unknown,Ladakh,0.9,0.93,0.33,1.97,0.24,0.85,0.32,0.4,0.34,0,0.03,0.18
33.75,76.5,Zanskar,Ladakh,3.3,0.83,0.64,1.63,1.15,4.08,23.46,14.08,5.99,0,0.03,1.79
33.75,76.75,Zanskar,Ladakh,1.87,1.17,0.38,1.43,0.75,2.76,14.13,8.53,3.55,0,0.02,1.01
33.75,77,Unknown,Ladakh,0.6,1.21,0.07,1.57,0.23,1.03,2.14,1.45,0.52,0,0,0.2
33.75,77.25,Unknown,Ladakh,0.4,1.1,0.01,1.6,0.15,0.8,0.56,0.52,0.11,0,0,0.09
33.75,77.5,Unknown,Ladakh,0.36,1.05,0.01,1.62,0.15,0.76,0.22,0.32,0.02,0,0,0.06
33.75,77.75,Unknown,Ladakh,0.36,1.01,0.01,1.63,0.16,0.76,0.2,0.32,0.01,0,0,0.06
33.75,78,Unknown,Ladakh,0.35,0.85,0.01,1.66,0.17,0.78,0.2,0.34,0.01,0,0,0.06
33.75,78.25,Unknown,Ladakh,0.35,0.82,0.01,1.67,0.17,0.78,0.21,0.35,0.01,0,0,0.06
33.75,78.5,Unknown,Ladakh,0.35,0.82,0.01,1.67,0.17,0.78,0.21,0.35,0.02,0,0,0.07
33.75,78.75,Unknown,Ladakh,0.35,0.82,0.01,1.67,0.17,0.78,0.21,0.35,0.02,0,0,0.07
34,76,Sankoo tehsil,Ladakh,6.42,1.75,0.95,6.24,0.73,1.52,1.54,0.57,0.26,0,0.17,1.24
34,76.25,Sankoo tehsil,Ladakh,4.94,0.94,0.48,4.37,0.39,1.05,3.9,1.89,0.78,0,0.06,1.03
34,76.5,Sankoo tehsil,Ladakh,0.88,1.13,0.14,2.36,0.11,0.6,2.77,1.28,0.51,0,0,0.58
34,76.75,Unknown,Ladakh,0.5,1.63,0.05,1.62,0.13,0.73,1.28,0.76,0.26,0,0,0.2
34,77,Unknown,Ladakh,0.42,1.6,0.02,1.48,0.12,0.73,0.55,0.44,0.11,0,0,0.09
34,77.25,Unknown,Ladakh,0.37,1.16,0.01,1.59,0.14,0.74,0.21,0.3,0.02,0,0,0.06
34,77.5,Unknown,Ladakh,0.36,1.03,0.01,1.62,0.15,0.76,0.2,0.32,0.01,0,0,0.06
34,77.75,Unknown,Ladakh,0.36,1,0.01,1.63,0.16,0.76,0.21,0.32,0.01,0,0,0.06
34,78,Unknown,Ladakh,0.36,0.95,0.01,1.64,0.16,0.76,0.2,0.33,0.01,0,0,0.06
34,78.25,Unknown,Ladakh,0.35,0.86,0.01,1.66,0.16,0.78,0.2,0.34,0.01,0,0,0.06
34,78.5,Unknown,Ladakh,0.35,0.82,0.01,1.67,0.17,0.78,0.21,0.35,0.01,0,0,0.06
34.25,75.5,Drass,Ladakh,7.17,4.45,2.57,7.34,1.51,3.32,2.72,1.58,0.65,0,0.37,2.08
34.25,75.75,Sankoo tehsil,Ladakh,6.15,1.66,0.86,5.8,0.57,1.24,1.68,0.59,0.22,0,0.13,1.22
34.25,76,Sankoo tehsil,Ladakh,6.01,0.8,0.32,5.01,0.15,0.42,1.35,0.29,0.06,0,0.03,0.87
34.25,76.25,Sankoo tehsil,Ladakh,3.22,0.72,0.18,3.86,0.03,0.22,1.24,0.18,0.02,0,0,0.73
34.25,76.5,Kargil Tehsil,Ladakh,0.44,0.97,0.12,2.7,0.02,0.24,1.07,0.15,0.02,0,0,0.55
34.25,76.75,Unknown,Ladakh,0.4,1.78,0.04,1.71,0.08,0.56,0.37,0.18,0.03,0,0,0.15
34.25,77,Unknown,Ladakh,0.41,2.05,0.02,1.39,0.09,0.62,0.21,0.17,0.03,0,0,0.06
34.25,77.25,Unknown,Ladakh,0.37,1.11,0.01,1.57,0.15,0.75,0.2,0.31,0.02,0,0,0.06
34.25,77.5,Unknown,Ladakh,0.35,0.88,0.01,1.65,0.16,0.77,0.2,0.34,0.01,0,0,0.06
34.25,77.75,Unknown,Ladakh,0.36,1.13,0.01,1.6,0.15,0.74,0.2,0.3,0.02,0,0,0.06
34.25,78,Unknown,Ladakh,0.36,1.13,0.01,1.6,0.15,0.74,0.2,0.3,0.02,0,0,0.06
34.25,78.25,Unknown,Ladakh,0.36,0.99,0.01,1.63,0.16,0.76,0.21,0.32,0.01,0,0,0.06
34.25,78.5,Unknown,Ladakh,0.35,0.83,0.01,1.66,0.17,0.78,0.21,0.35,0.01,0,0,0.06
34.25,78.75,Unknown,Ladakh,0.35,0.82,0.01,1.67,0.17,0.78,0.21,0.35,0.02,0,0,0.07
34.5,75.5,Drass,Ladakh,5.83,2.4,1.34,5.82,0.72,1.68,1.96,0.87,0.32,0,0.18,1.44
34.5,75.75,Drass,Ladakh,5.13,0.78,0.3,4.76,0.1,0.34,1.36,0.27,0.05,0,0.02,0.87
34.5,76,Drass,Ladakh,5.61,0.53,0.14,4.59,0,0.13,1.26,0.18,0.01,0,0,0.77
34.5,76.25,Kargil Tehsil,Ladakh,1.3,0.6,0.14,3.09,0,0.15,1.24,0.13,0.01,0,0,0.7
34.5,76.5,Kargil Tehsil,Ladakh,0.43,0.95,0.12,2.72,0.01,0.21,1.05,0.11,0.02,0,0,0.57
34.5,76.75,Unknown,Ladakh,0.43,2.44,0.04,1.46,0.05,0.52,0.28,0.1,0.03,0,0,0.09
34.5,77,Unknown,Ladakh,0.44,2.71,0.04,1.24,0.05,0.54,0.2,0.08,0.03,0,0,0.05
34.5,77.25,Unknown,Ladakh,0.45,2.93,0.04,1.21,0.04,0.51,0.2,0.05,0.03,0,0,0.05
34.5,77.5,Unknown,Ladakh,0.42,2.54,0.03,1.33,0.06,0.56,0.2,0.11,0.03,0,0,0.05
34.5,77.75,Unknown,Ladakh,0.38,1.55,0.02,1.52,0.12,0.69,0.2,0.25,0.02,0,0,0.06
34.5,78,Unknown,Ladakh,0.38,1.46,0.01,1.54,0.13,0.7,0.2,0.26,0.02,0,0,0.06
34.5,78.25,Unknown,Ladakh,0.37,1.26,0.01,1.58,0.14,0.73,0.2,0.29,0.02,0,0,0.06
34.5,78.5,Unknown,Ladakh,0.35,0.92,0.01,1.65,0.16,0.77,0.2,0.33,0.01,0,0,0.06
34.75,76.5,Unknown,Ladakh,0.45,0.98,0.13,2.65,0,0.19,1.08,0.1,0.02,0,0,0.59
34.75,76.75,Unknown,Ladakh,0.44,2.69,0.06,1.81,0.02,0.42,0.39,0.03,0.03,0,0,0.16
34.75,77,Unknown,Ladakh,0.45,3.05,0.04,1.23,0.03,0.5,0.2,0.03,0.04,0,0,0.05
34.75,77.25,Unknown,Ladakh,0.45,3.18,0.04,1.19,0.02,0.48,0.19,0.02,0.04,0,0,0.05
34.75,77.5,Unknown,Ladakh,0.44,2.92,0.04,1.25,0.04,0.52,0.2,0.05,0.03,0,0,0.05
34.75,77.75,Unknown,Ladakh,0.42,2.54,0.03,1.33,0.06,0.56,0.2,0.11,0.03,0,0,0.05
34.75,78,Unknown,Ladakh,0.41,2.24,0.03,1.39,0.08,0.6,0.2,0.15,0.03,0,0,0.05
35,77,Unknown,Ladakh,0.45,3.07,0.04,1.26,0.03,0.49,0.2,0.03,0.04,0,0,0.05
35,77.25,Unknown,Ladakh,0.44,2.99,0.04,1.21,0.03,0.51,0.2,0.04,0.04,0,0,0.05
35,77.5,Unknown,Ladakh,0.44,3.01,0.04,1.23,0.03,0.51,0.19,0.04,0.04,0,0,0.05
35,77.75,Unknown,Ladakh,0.44,2.88,0.04,1.26,0.04,0.52,0.2,0.06,0.03,0,0,0.05
35,78,Unknown,Ladakh,0.43,2.73,0.04,1.29,0.05,0.54,0.2,0.08,0.03,0,0,0.05
35.25,77,Unknown,Ladakh,0.45,3.21,0.04,1.27,0.02,0.47,0.19,0.01,0.04,0,0,0.05
35.25,77.25,Unknown,Ladakh,0.45,3.16,0.04,1.19,0.02,0.49,0.19,0.02,0.04,0,0,0.05
35.25,77.5,Unknown,Ladakh,0.45,3.17,0.04,1.2,0.02,0.48,0.19,0.02,0.04,0,0,0.05
35.25,77.75,Unknown,Ladakh,0.45,3.14,0.04,1.21,0.03,0.49,0.19,0.02,0.04,0,0,0.05
35.25,78,Unknown,Ladakh,0.45,3.14,0.04,1.21,0.03,0.49,0.19,0.02,0.04,0,0,0.05
35.5,77,Unknown,Ladakh,0.45,3.28,0.05,1.5,0.02,0.47,0.19,0,0.04,0,0,0.05
35.5,77.25,Unknown,Ladakh,0.45,3.28,0.05,1.18,0.02,0.47,0.19,0,0.04,0,0,0.05
27.5,83,Kapilvastu,Lumbini Province,0.16,0,0.03,0.32,2.05,1.43,9.89,14.54,4.56,0.12,0,0
27.5,83.25,Rupandehi,Lumbini Province,0.18,0,0.04,0.37,2.22,1.64,11.9,21.38,4.38,0.11,0,0
27.5,83.5,Rupandehi,Lumbini Province,0.18,0,0.42,0.43,2.53,1.58,14.14,26.68,4.99,0.11,0,0
27.5,83.75,Nawalparasi W,Lumbini Province,0.15,0,2.42,1.2,3.4,1.68,17.86,37.58,9.29,0.3,0,0
27.75,82.5,Dang,Lumbini Province,0.14,0,0.12,0.01,0.56,1.22,8.08,8.96,3.41,0.32,0,0
27.75,82.75,Kapilvastu,Lumbini Province,0.12,0,0.08,0.08,0.82,0.62,7.56,9.72,4.66,0.14,0,0
28,81.75,Banke,Lumbini Province,0.5,0.01,0.58,0.33,2.55,3.19,9.81,11.21,3.63,1.16,0,0
28,82,Banke,Lumbini Province,0.36,0.01,0.28,0.18,1.97,2.51,8.83,10.89,2.97,0.96,0,0
28,82.25,Dang,Lumbini Province,0.19,0,0.17,0.03,0.69,2.09,8.41,9.92,3.06,0.77,0,0
28.25,81.5,Bardiya,Lumbini Province,0.62,0.01,0.32,0.2,2.83,3.75,9.62,10.97,2.93,1.37,0,0
28.5,81.25,Bardiya,Lumbini Province,1,0,0.32,0.02,2.55,4.16,10.84,11.7,2.94,1.22,0,0
26.5,86.75,Saptari,Madhesh Province,0.03,0,1.37,0.52,5.08,3.53,5.42,22.55,3.67,1.85,0,0
26.75,85.75,Mahottari,Madhesh Province,0,0,1.66,1.02,3.9,4.08,9.65,22.15,3.37,1.26,0,0
26.75,86,Dhanusha,Madhesh Province,0,0,1.3,1.25,4.39,4.29,11.8,19.71,4.41,1,0,0
26.75,86.25,Siraha,Madhesh Province,0,0,1.18,1.46,4.08,4.49,9.01,17.76,3.52,0.96,0,0
26.75,86.5,Siraha,Madhesh Province,0,0,0.95,0.9,4.39,3.99,7.67,18.68,3.79,1.26,0,0
27,85,Bara,Madhesh Province,0,0,0.84,0.75,2.01,3.18,8.13,15.93,3.39,0,0,0
27,85.25,Rautahat,Madhesh Province,0,0,1.12,0.55,1.71,2.7,7.26,15.19,1.51,0.02,0,0
27,85.5,Sarlahi,Madhesh Province,0,0,1.42,0.6,2.22,2.51,7.87,16.43,2.04,0.23,0,0
27.25,84.75,Parsa,Madhesh Province,0.02,0,1.94,1.15,2.55,2.57,9.77,23.57,8.67,0.07,0,0
21.25,76.25,Burhanpur Tahsil,Madhya Pradesh,0.09,0.04,0,0,0,4.93,7.54,6.44,7.7,1.66,0,0
21.25,76.5,Khaknar Tahsil,Madhya Pradesh,0,0.12,0,0,0,4.62,7.26,5.81,8.33,2.31,0,0
21.5,75.25,Varla,Madhya Pradesh,0,0,0,0,0.1,5.14,7.04,5.48,2.84,1.03,0,0.17
21.5,75.5,Bhagwanpura Tahsil,Madhya Pradesh,0,0,0,0,0.36,4.26,6.8,5.53,3.1,0.98,0,0.03
21.5,75.75,Jhiranya Tahsil,Madhya Pradesh,0.05,0,0,0,0.36,4.34,6.86,6.68,6.69,1.23,0,0
21.5,76,Nepanagar Tahsil,Madhya Pradesh,0.09,0,0,0,0,4.98,6.58,5.99,5.63,1.02,0,0
21.5,76.25,Nepanagar Tahsil,Madhya Pradesh,0.17,0.01,0,0,0,6.72,9.11,7.1,8.95,2.39,0,0
21.5,76.5,Nepanagar Tahsil,Madhya Pradesh,0.05,0.12,0,0,0,5.09,8.28,6.25,9.21,2.08,0,0
21.5,76.75,Khaknar Tahsil,Madhya Pradesh,0,0.08,0,0,0.02,3.57,8.22,6.8,7.23,2.81,0,0
21.5,77.5,Bhainsdehi Tahsil,Madhya Pradesh,0,0.1,0,0,0.05,2.68,7.47,5.56,6.43,2.94,0,0
21.5,77.75,Bhainsdehi Tahsil,Madhya Pradesh,0,0.08,0,0,0,3.35,6.95,4.79,4.46,2.03,0,0
21.5,78,Prabhatpattan Tahsil,Madhya Pradesh,0,0.03,0,0,0,4.15,7.16,6.39,5.65,0.94,0.46,0
21.5,78.75,Sausar Tahsil,Madhya Pradesh,0.02,0,0,0,0.92,6,6.97,10.37,6.27,1.25,0.21,0
21.5,80.5,Lanji Tahsil,Madhya Pradesh,0.03,0.02,0.17,0,0.24,3.53,9.43,6.34,2.85,1.31,0,0
21.75,74.75,Pansemal Tahsil,Madhya Pradesh,0,0,0,0,0,4.4,9.12,6.37,3.94,0.7,0,0.28
21.75,75,Barwani Tahsil,Madhya Pradesh,0,0,0,0,0,6.76,8.4,5.33,4.14,1.09,0,0.39
21.75,75.25,Sendhwa Tahsil,Madhya Pradesh,0,0,0,0,0,4.59,8.97,5.8,4.6,0.7,0,0.34
21.75,75.5,Khargone Tahsil,Madhya Pradesh,0,0,0,0,0,3.87,8.44,6.96,6.61,1.05,0,0.12
21.75,75.75,Bhagwanpura Tahsil,Madhya Pradesh,0,0,0,0,0,4.77,7.96,6.94,7.5,1.55,0,0
21.75,76,Jhiranya Tahsil,Madhya Pradesh,0.01,0,0,0,0,5.48,7.17,5.15,4.72,1.09,0,0
21.75,76.25,Pandhana Tahsil,Madhya Pradesh,0.04,0.03,0,0,0,5.72,7.65,5.4,5.8,1.42,0,0
21.75,76.5,Khandwa Tahsil,Madhya Pradesh,0.04,0.04,0,0,0,3.8,9.47,5.13,5.99,1.41,0,0
21.75,76.75,Khalwa Tahsil,Madhya Pradesh,0,0.12,0,0,0,2.34,10.56,4.27,5.28,1.1,0,0
21.75,77,Khalwa Tahsil,Madhya Pradesh,0,0.11,0,0,0.02,2.72,11.5,5.92,6.47,2.49,0,0
21.75,77.25,Bhimpur Tahsil,Madhya Pradesh,0.04,0.14,0,0,0.03,3.81,11.2,5.98,7.19,2.88,0,0
21.75,77.5,Bhimpur Tahsil,Madhya Pradesh,0.02,0.17,0,0,0,3.21,9.84,5.91,7.8,3.32,0,0
21.75,77.75,Bhainsdehi Tahsil,Madhya Pradesh,0.01,0.15,0,0,0,3.48,8.22,4.4,4.71,2.37,0,0
21.75,78,Betul Tahsil,Madhya Pradesh,0,0.27,0,0,0,3.49,8.21,3.59,2.79,1.48,0.02,0
21.75,78.25,Multai Tahsil,Madhya Pradesh,0,0.22,0,0,0.14,3.58,8.04,4.68,3.69,1.43,0.15,0
21.75,78.5,Pandhurna Tahsil,Madhya Pradesh,0,0.07,0,0,1,3.71,7.73,8.24,5.96,1.46,0.44,0
21.75,78.75,Sausar Tahsil,Madhya Pradesh,0.04,0.16,0,0,0.35,4.39,9.93,8.16,5.69,0.59,0.13,0
21.75,79,Bichhua Tahsil,Madhya Pradesh,0.04,0.17,0,0,0.21,4.49,10.4,8.24,5.16,0.42,0.03,0
21.75,79.25,Kurai Tahsil,Madhya Pradesh,0.38,0.07,0,0,0.14,4.08,8.03,8.23,7.26,0.78,0,0
21.75,79.5,Kurai Tahsil,Madhya Pradesh,0.62,0,0,0,0.01,2.85,4.36,7.03,11.4,1.11,0,0
21.75,79.75,Katangi Tahsil,Madhya Pradesh,0.23,0,0.01,0,0.02,2.34,7.52,7.6,7.97,1.45,0,0
21.75,80,Waraseoni Tahsil,Madhya Pradesh,0.1,0,0.49,0,0.25,2.49,9.32,7.05,5.75,1.38,0,0
21.75,80.25,Kirnapur Tahsil,Madhya Pradesh,0.07,0.02,1.4,0,0.63,3.02,8.54,5.06,5.03,1.41,0,0
21.75,80.5,Birsa Tahsil,Madhya Pradesh,0.15,0.21,0.44,0,0.67,4.23,10.46,6.68,3.75,1.17,0,0
22,74.25,Sondwa Tehsil,Madhya Pradesh,0,0,0,0,0,5.52,12.49,5.2,2.93,0.51,0,0.67
22,74.5,Pati Tahsil,Madhya Pradesh,0,0,0,0,0,4.18,9.65,5.85,3.66,0.27,0,0.24
22,74.75,Pati Tahsil,Madhya Pradesh,0,0,0,0,0,3.62,9.9,6.92,3.71,0.17,0,0.11
22,75,Barwani Tahsil,Madhya Pradesh,0.01,0,0,0,0,3.33,9.72,7.21,3.78,0.05,0,0.13
22,75.25,Thikri Tahsil,Madhya Pradesh,0,0,0,0,0,2.87,8.49,6.64,5.01,0.09,0,0.49
22,75.5,Kasrawad Tahsil,Madhya Pradesh,0,0,0,0,0,2.96,9,6.52,5.28,0.57,0,0.16
22,75.75,Kasrawad Tahsil,Madhya Pradesh,0,0,0,0,0,4.3,8.06,7.52,7.31,1.77,0,0
22,76,Bhikangaon Tahsil,Madhya Pradesh,0,0,0,0,0,4.25,7.61,6.87,5.36,1.66,0,0
22,76.25,Khandwa Tahsil,Madhya Pradesh,0,0,0,0,0,3.29,8.85,4.97,3.81,1.08,0,0
22,76.5,Khandwa Tahsil,Madhya Pradesh,0,0.06,0,0,0,1.8,10.71,3.82,3.71,0.7,0,0
22,76.75,Harsud Tahsil,Madhya Pradesh,0,0.18,0,0,0,1.84,10.79,3.41,4.56,0.63,0,0
22,77,Sirali Tahsil,Madhya Pradesh,0.01,0.17,0,0,0,2.17,10.99,3.63,4.73,0.92,0,0
22,77.25,Rehatgarh Tahsil,Madhya Pradesh,0.08,0.23,0,0,0,4.61,12.24,4.78,6.84,2.14,0,0
22,77.5,Bhimpur Tahsil,Madhya Pradesh,0.14,0.26,0,0,0,5.98,13.39,4.35,6.7,1.84,0,0
22,77.75,Betul Tahsil,Madhya Pradesh,0.07,0.23,0,0,0,4.77,11.08,4.31,5.6,2,0,0
22,78,Betul Tahsil,Madhya Pradesh,0.02,0.28,0,0,0.03,3.82,9.33,3.94,3.9,1.64,0,0
22,78.25,Amla Tahsil,Madhya Pradesh,0,0.32,0,0,0.32,3.18,9.55,5.49,4.87,1.23,0.13,0
22,78.5,Jamai Tahsil,Madhya Pradesh,0,0.2,0,0,0.52,3.7,9.33,7.2,5.44,1.03,0.22,0
22,78.75,Mohkhed Tahsil,Madhya Pradesh,0,0.2,0,0,0.39,4.38,9.22,7.11,6.09,0.8,0.16,0
22,79,Chhindwara Tahsil,Madhya Pradesh,0.11,0.24,0,0,0.23,4.59,9.42,6.59,6.06,0.69,0.07,0
22,79.25,Chand Tahsil,Madhya Pradesh,0.37,0.2,0,0,0.11,4.32,7.73,6.13,7.85,0.77,0,0
22,79.5,Seoni Tahsil,Madhya Pradesh,0.45,0.04,0,0,0.09,3.1,5.95,6.87,9.89,1.08,0,0
22,79.75,Barghat Tahsil,Madhya Pradesh,0.27,0.03,0,0,0.05,2.8,7.22,7.22,8.52,1.43,0,0
22,80,Lalbarra Tahsil,Madhya Pradesh,0.21,0.05,0.53,0,0.22,3.42,8.95,6.2,6.51,1.7,0,0
22,80.25,Balagat Tahsil,Madhya Pradesh,0.16,0.3,0.43,0,0.85,4.72,11.21,7.4,4.77,1.07,0,0
22,80.5,Baihar Tahsil,Madhya Pradesh,0.21,0.5,0.15,0,1.17,6.14,12.85,8.38,4.67,0.59,0,0
22,80.75,Birsa Tahsil,Madhya Pradesh,0.12,0.23,0.12,0,1.29,5.72,11.21,11.87,3.96,0.93,0,0
22.25,74.25,Kathiwada Tehsil,Madhya Pradesh,0,0,0,0,0,6.15,9.07,5.91,3.14,0.45,0,0.45
22.25,74.5,Alirajpur Tehsil,Madhya Pradesh,0,0,0,0,0,5.77,8.03,5.48,3.5,0.43,0,0.35
22.25,74.75,Kukshi Tahsil,Madhya Pradesh,0.01,0,0,0,0,5.12,7.37,7.44,3.33,0.14,0,0.09
22.25,75,Manawar Tahsil,Madhya Pradesh,0.03,0,0,0,0,5.81,6.51,8.97,2.81,0,0,0.02
22.25,75.25,Manawar Tahsil,Madhya Pradesh,0,0,0,0,0,3.48,8.5,6.81,4.84,0.43,0,0.18
22.25,75.5,Dharampuri Tahsil,Madhya Pradesh,0,0,0,0,0,4.09,8.05,7.04,4.56,0.61,0,0.01
22.25,75.75,Maheshwar Tahsil,Madhya Pradesh,0,0,0,0,0,2.53,7.87,8.21,3.7,1.8,0,0
22.25,76,Barwaha Tahsil,Madhya Pradesh,0,0,0,0,0,2.58,7.95,8.35,4.2,2.21,0,0
22.25,76.25,Punasa Tahsil,Madhya Pradesh,0.01,0.02,0,0,0,3.71,9.46,6.35,4.45,1.1,0,0
22.25,76.5,Punasa Tahsil,Madhya Pradesh,0,0.06,0,0,0,1.89,10.74,4.16,4.07,0.65,0,0
22.25,76.75,Harsud Tahsil,Madhya Pradesh,0,0.16,0,0,0,1.92,10.77,3.65,4.61,0.62,0,0
22.25,77,Harda Tahsil,Madhya Pradesh,0,0.11,0,0,0.17,3.51,10.46,5.05,5.17,0.48,0,0
22.25,77.25,Rehatgarh Tahsil,Madhya Pradesh,0.07,0.19,0,0,0.12,5.13,12.19,5.19,5.86,1.15,0,0
22.25,77.5,Chicholi Tahsil,Madhya Pradesh,0.09,0.19,0,0,0.09,5.67,13.03,5.91,6.37,1.49,0,0
22.25,77.75,Shahpur Tahsil,Madhya Pradesh,0.07,0.25,0,0,0.09,4.62,13.74,6.62,6.23,1.19,0,0
22.25,78,Ghodadongri Tahsil,Madhya Pradesh,0.01,0.48,0,0,0.31,3.02,12.38,6.2,6.64,1,0,0
22.25,78.25,Ghodadongri Tahsil,Madhya Pradesh,0,0.52,0,0,0.44,2.58,12.31,6.82,7.17,0.79,0.03,0
22.25,78.5,Jamai Tahsil,Madhya Pradesh,0,0.5,0,0,0.31,3.11,11.01,6.19,7.4,0.64,0,0
22.25,78.75,Parasia Tahsil,Madhya Pradesh,0.01,0.37,0,0,0.14,4.52,8.46,4.67,6.8,0.79,0,0
22.25,79,Amarwara Tahsil,Madhya Pradesh,0.05,0.37,0,0,0.23,5.4,7.51,3.8,6.95,1.2,0,0
22.25,79.25,Amarwara Tahsil,Madhya Pradesh,0.14,0.4,0,0,0.36,5.08,9.15,4.54,6.71,1.06,0,0
22.25,79.5,Seoni Tahsil,Madhya Pradesh,0.15,0.36,0,0,0.45,5.15,11.3,5.31,5.46,0.83,0,0
22.25,79.75,Seoni Tahsil,Madhya Pradesh,0.15,0.22,0,0,0.36,4.72,10.67,5.57,4.66,0.95,0,0
22.25,80,Keolari Tahsil,Madhya Pradesh,0.07,0.24,0.01,0,0.14,6.03,11.36,5.02,5.44,1.68,0,0
22.25,80.25,Paraswada Tahsil,Madhya Pradesh,0.16,0.32,0.34,0,0.7,5.62,11.63,6.72,5.3,1.22,0,0
22.25,80.5,Paraswada Tahsil,Madhya Pradesh,0.15,0.36,0.19,0,1.16,6.02,12.29,10.02,4.87,0.95,0,0
22.25,80.75,Baihar Tahsil,Madhya Pradesh,0.14,0.27,0.08,0,1.33,5.89,11.47,11.65,4,0.83,0,0
22.25,81,Baihar Tahsil,Madhya Pradesh,0.07,0.07,0.01,0,1.55,5.94,10.67,16.26,3.66,1.03,0,0
22.5,74.25,Bhavra Tehsil,Madhya Pradesh,0,0,0,0,0,7.09,11.46,6.8,1.85,0.56,0,0.89
22.5,74.5,Jobat Tehsil,Madhya Pradesh,0,0,0,0,0,5.86,6.88,5.29,3.67,0.44,0,0.28
22.5,74.75,Kukshi Tahsil,Madhya Pradesh,0,0,0,0,0,4.48,6.89,6.03,5.06,0.19,0,0.24
22.5,75,Gangdhwani Tahsil,Madhya Pradesh,0.01,0,0,0,0,4.47,6.98,7.71,5.46,0.47,0,0.16
22.5,75.25,Dhar Tahsil,Madhya Pradesh,0,0,0,0,0,4.95,7.85,9.32,6.53,1.6,0,0.09
22.5,75.5,Pithampur Tahsil,Madhya Pradesh,0,0,0,0,0,5,7.57,8.9,5.18,0.89,0,0.05
22.5,75.75,Mhow Tahsil,Madhya Pradesh,0,0,0,0,0,4.44,7.35,8.43,3.67,0.55,0,0
22.5,76,Mhow Tahsil,Madhya Pradesh,0.02,0,0,0,0,6.24,8.53,7.9,5.31,0.72,0,0
22.5,76.25,Udaynagar Tahsil,Madhya Pradesh,0.03,0,0,0,0,7.33,8.83,7.58,6.71,0.45,0,0
22.5,76.5,Satwas Tahsil,Madhya Pradesh,0.02,0,0,0,0,5.43,9.51,7.25,7.6,0.52,0,0
22.5,76.75,Satwas Tahsil,Madhya Pradesh,0.01,0.02,0,0,0.02,3.63,10.63,6.79,7.41,0.38,0,0
22.5,77,Khategaon Tahsil,Madhya Pradesh,0,0.01,0,0,0.4,5.93,9.72,7.24,5.88,0.37,0,0
22.5,77.25,Timarni Tahsil,Madhya Pradesh,0.01,0.01,0,0,0.37,5.76,11.71,8.64,5.19,0.22,0.1,0
22.5,77.5,Seoni-Malwa Tahsil,Madhya Pradesh,0.04,0.06,0,0,0.16,4.98,14.01,9.22,5.41,0.5,0.05,0
22.5,77.75,Itarsi Tahsil,Madhya Pradesh,0.02,0.22,0,0,0.19,3.8,14.5,9.2,6.2,0.53,0,0
22.5,78,Sohagpur Tahsil,Madhya Pradesh,0.03,0.52,0,0,0.37,3.25,14.01,7.49,7.53,0.65,0,0
22.5,78.25,Sohagpur Tahsil,Madhya Pradesh,0,0.58,0,0,0.46,2.43,13.58,7.19,7.8,0.66,0,0
22.5,78.5,Pipariya Tahsil,Madhya Pradesh,0,0.51,0,0,0.35,2.8,11.16,6.19,7.47,0.64,0,0
22.5,78.75,Tamia Tahsil,Madhya Pradesh,0,0.44,0,0,0.09,3.59,8,4.17,7.12,0.54,0,0
22.5,79,Harrai Tahsil,Madhya Pradesh,0.02,0.45,0,0,0.13,4.16,8.15,4.05,7.24,0.71,0,0
22.5,79.25,Harrai Tahsil,Madhya Pradesh,0.11,0.6,0,0,0.42,5.68,10.96,4.55,8.08,1.09,0,0
22.5,79.5,Chhapara Tahsil,Madhya Pradesh,0.13,0.61,0,0,0.53,6.3,12.27,4.75,7.73,1.14,0,0
22.5,79.75,Dhanora Tahsil,Madhya Pradesh,0.08,0.26,0.01,0,0.28,5.67,11.09,4.58,4.34,0.65,0,0
22.5,80,Keolari Tahsil,Madhya Pradesh,0.08,0.27,0,0,0.06,6.72,11.78,4.91,6.15,1.06,0,0
22.5,80.25,Nainpur Tahsil,Madhya Pradesh,0.11,0.33,0.04,0,0.37,6.48,11.83,5.33,5.04,1.02,0,0
22.5,80.5,Bichhya Tahsil,Madhya Pradesh,0.12,0.3,0.06,0,0.95,6.44,12.24,9.97,5.08,1.18,0,0
22.5,80.75,Bichhya Tahsil,Madhya Pradesh,0.11,0.25,0.08,0,1.28,6.35,11.72,13.49,4.7,0.9,0,0
22.5,81,Bichhya Tahsil,Madhya Pradesh,0.06,0.05,0.04,0,1.19,6.92,9.77,14.79,5.01,0.85,0,0
22.5,81.25,Bajag Tahsil,Madhya Pradesh,0.05,0.18,0.09,0,0.82,7.83,8.4,12.2,6.17,0.81,0,0
22.75,74.5,Jhabua Tahsil,Madhya Pradesh,0,0,0,0,0,2.74,12.21,4.01,4.04,0.16,0,0.19
22.75,74.75,Rama Tahsil,Madhya Pradesh,0,0,0,0,0,3.2,8.72,5.71,5.91,0.07,0,0.23
22.75,75,Sardarpur Tahsil,Madhya Pradesh,0,0,0,0,0.05,3.19,8.2,6.38,6.02,0.12,0,0.23
22.75,75.25,Dhar Tahsil,Madhya Pradesh,0,0,0,0,0.13,4.03,9.05,8.35,6.67,1.26,0,0.14
22.75,75.5,Depalpur Tahsil,Madhya Pradesh,0,0,0,0,0,4.57,7.94,8.16,5.82,0.79,0,0.05
22.75,75.75,Hatod Tahsil,Madhya Pradesh,0,0,0,0,0,4.5,7.8,7.48,4.92,0.18,0,0.01
22.75,76,Kanadiya Tahsil,Madhya Pradesh,0.03,0,0,0,0.06,5.74,7.55,6.91,6.58,0,0,0
22.75,76.25,Bagli Tahsil,Madhya Pradesh,0.04,0,0,0,0.02,7.86,8.62,7.29,7.06,0.07,0,0
22.75,76.5,Bagli Tahsil,Madhya Pradesh,0.05,0,0,0,0.01,5.23,8.8,6.86,8.03,0.63,0,0
22.75,76.75,Kannod Tahsil,Madhya Pradesh,0.02,0.02,0,0,0,4.34,9.97,6.99,7.76,0.43,0,0
22.75,77,Khategaon Tahsil,Madhya Pradesh,0.02,0.02,0,0,0.48,6.81,10.1,7.2,5.14,0.29,0.17,0
22.75,77.25,Nasrullaganj Tahsil,Madhya Pradesh,0.02,0.01,0,0,0.42,6.26,11.49,8.65,4.96,0.22,0.11,0
22.75,77.5,Rehti Tahsil,Madhya Pradesh,0,0,0,0,0.05,3.52,15.98,12.17,5.16,0,0,0
22.75,77.75,Narmadapuram Tahsil,Madhya Pradesh,0.01,0.09,0,0,0.16,3.93,14.99,10.87,5.56,0.14,0,0
22.75,78,Babai Tahsil,Madhya Pradesh,0.05,0.47,0,0,0.28,3.97,13.82,7.65,7.17,0.49,0,0
22.75,78.25,Sohagpur Tahsil,Madhya Pradesh,0.04,0.58,0,0,0.37,3.55,12.46,5.98,7.65,0.66,0,0
22.75,78.5,Bankhedi Tahsil,Madhya Pradesh,0.04,0.48,0,0,0.27,3.89,9.62,4.98,7.18,0.65,0,0
22.75,78.75,Gadarwara Tahsil,Madhya Pradesh,0,0.51,0,0,0.2,3.16,8.11,4.58,6.91,0.46,0,0
22.75,79,Gadarwara Tahsil,Madhya Pradesh,0.03,0.47,0,0,0.15,3.72,8.55,4.31,7.26,0.57,0,0
22.75,79.25,Harrai Tahsil,Madhya Pradesh,0.1,0.59,0,0,0.39,6,11.3,4.19,7.63,0.97,0,0
22.75,79.5,Narsimhapur Tahsil,Madhya Pradesh,0.14,0.59,0.01,0,0.48,6.53,12.25,4.42,7.42,1.08,0,0
22.75,79.75,Lakhnadon Tahsil,Madhya Pradesh,0.06,0.33,0.02,0,0.18,6.92,11.27,2.91,3.76,0.46,0,0
22.75,80,Ghansaur Tahsil,Madhya Pradesh,0.09,0.31,0.01,0,0.18,6.57,11.43,3.93,4.76,0.71,0,0
22.75,80.25,Ghansaur Tahsil,Madhya Pradesh,0.09,0.28,0.02,0,0.24,6.28,11.4,4.52,4.62,0.92,0,0
22.75,80.5,Gughari Tahsil,Madhya Pradesh,0.11,0.35,0.06,0,0.48,6.42,11.98,5.8,5.03,0.91,0,0
22.75,80.75,Gughari Tahsil,Madhya Pradesh,0.09,0.14,0.07,0,0.97,7.2,10.7,13.4,5.98,0.98,0,0
22.75,81,Dindori Tahsil,Madhya Pradesh,0.03,0.19,0.1,0,0.92,7.95,8.68,12.99,6.53,0.95,0,0
22.75,81.25,Dindori Tahsil,Madhya Pradesh,0.03,0.21,0.1,0,0.45,7.88,8.26,11.01,6.66,0.91,0,0
22.75,81.5,Bajag Tahsil,Madhya Pradesh,0.01,0.07,0.1,0,0.4,8.52,8.37,12.49,7.61,0.81,0,0
22.75,81.75,Pushparajgarh Tehsil,Madhya Pradesh,0.05,0.48,0.15,0,0.8,7.98,8.44,10.49,6.93,1.04,0,0
23,74.5,Meghnagar Tahsil,Madhya Pradesh,0,0,0,0,0,2.65,12.53,3.29,4.06,0.04,0,0.19
23,74.75,Petlawad Tahsil,Madhya Pradesh,0,0,0,0,0,2.36,15.04,4.58,5.58,0.14,0,0.14
23,75,Petlawad Tahsil,Madhya Pradesh,0,0,0,0,0.11,2.42,11.78,6.04,4.94,0.01,0,0.16
23,75.25,Badnawar Tahsil,Madhya Pradesh,0,0,0,0,0.49,3.52,10.2,6.5,5.4,0.01,0,0.13
23,75.5,Depalpur Tahsil,Madhya Pradesh,0,0,0,0,0.05,3.48,8.76,6.09,5.93,0.05,0,0.02
23,75.75,Sanwer Tahsil,Madhya Pradesh,0,0,0,0,0.04,3.38,8.22,6.14,5.95,0.02,0,0
23,76,Dewas Tahsil,Madhya Pradesh,0.01,0,0,0,0.13,1.99,6.54,6.21,5.84,0.01,0,0
23,76.25,Sonkatch Tahsil,Madhya Pradesh,0.06,0,0,0,0.09,4.4,5.72,6.28,7.95,0.01,0,0
23,76.5,Jawar Tahsil,Madhya Pradesh,0.15,0,0,0,0.03,4.22,7.35,3.47,7.22,0.29,0,0
23,76.75,Ashta Tahsil,Madhya Pradesh,0.1,0.11,0,0,0.02,6.09,9.15,5.97,6.85,0.13,0.13,0
23,77,Ichhawar Tahsil,Madhya Pradesh,0.14,0.1,0,0,0.14,7.13,12.55,5.68,4.23,0.21,0.95,0
23,77.25,Ichhawar Tahsil,Madhya Pradesh,0.12,0.07,0.01,0,0.31,5.63,12.86,5.72,4.78,0.16,0.67,0
23,77.5,Goharganj Tahsil,Madhya Pradesh,0.04,0.02,0.01,0,0.19,4.07,14.51,9.82,5.33,0.05,0.13,0
23,77.75,Goharganj Tahsil,Madhya Pradesh,0.04,0.13,0.01,0,0.19,3.76,14.22,9.23,5.98,0.07,0,0
23,78,Goharganj Tahsil,Madhya Pradesh,0.08,0.59,0,0,0.23,4.78,12.33,5.33,7.16,0.39,0,0
23,78.25,Baraily Tahsil,Madhya Pradesh,0.15,0.73,0,0,0.25,6.39,11.17,4.12,8.01,0.71,0,0
23,78.5,Saikheda Tahsil,Madhya Pradesh,0.05,0.59,0,0,0.29,4.21,9.11,4.64,7.14,0.59,0,0
23,78.75,Saikheda Tahsil,Madhya Pradesh,0.01,0.71,0,0,0.38,3.15,8.78,5,6.88,0.43,0,0
23,79,Gadarwara Tahsil,Madhya Pradesh,0.05,0.71,0,0,0.41,3.36,9.56,4.72,6.87,0.41,0,0
23,79.25,Narsimhapur Tahsil,Madhya Pradesh,0.29,0.8,0.08,0,0.48,5.01,11.2,4.58,6.16,0.6,0,0
23,79.5,Gotegaon Tahsil,Madhya Pradesh,0.27,0.72,0.1,0,0.42,5.72,11.23,3.92,4.52,0.44,0,0
23,79.75,Shahpura Tahsil,Madhya Pradesh,0.24,0.67,0.09,0,0.33,6.02,11.18,3.79,4.33,0.42,0,0
23,80,Narayanganj Tahsil,Madhya Pradesh,0.2,0.49,0.06,0,0.23,6.08,11.14,4.04,4.25,0.52,0,0
23,80.25,Niwas Tahsil,Madhya Pradesh,0.16,0.41,0.05,0,0.19,6.29,11.27,4.1,4.54,0.63,0,0
23,80.5,Niwas Tahsil,Madhya Pradesh,0.12,0.31,0.03,0,0.26,6.68,11.64,4.49,4.71,0.82,0,0
23,80.75,Shahpura Tahsil,Madhya Pradesh,0.04,0.21,0.09,0,0.59,8.09,9.05,11.53,7.08,1.02,0,0
23,81,Dindori Tahsil,Madhya Pradesh,0.02,0.22,0.09,0,0.44,7.51,8.52,10.43,6.61,0.95,0,0
23,81.25,Pushparajgarh Tehsil,Madhya Pradesh,0.02,0.24,0.09,0,0.44,7.67,8.46,10.35,6.57,0.96,0,0
23,81.5,Pushparajgarh Tehsil,Madhya Pradesh,0.02,0.25,0.1,0,0.45,7.71,8.45,10.38,6.61,0.96,0,0
23,81.75,Jaithari Tehsil,Madhya Pradesh,0.02,0.29,0.05,0,0.26,6.14,9.09,7.55,5.02,0.99,0,0
23.25,74.75,Rawti Tahsil,Madhya Pradesh,0,0,0,0,0.02,3.28,14.78,9.62,4.43,0.05,0,0.05
23.25,75,Ratlam Nagar Tahsil,Madhya Pradesh,0,0,0,0,0.62,3.78,12.51,8.44,4.22,0.09,0,0.14
23.25,75.25,Ratlam Tahsil,Madhya Pradesh,0,0,0,0,0.85,3.63,11.4,6.08,4.83,0.1,0,0.18
23.25,75.5,Badnagar Tahsil,Madhya Pradesh,0,0,0,0,0.68,2.62,10.78,4.82,4.51,0.02,0,0.09
23.25,75.75,Ghatiya Tahsil,Madhya Pradesh,0,0,0,0,0.35,3.17,8.11,7.41,5.28,0.15,0,0.01
23.25,76,Tarana Tahsil,Madhya Pradesh,0,0,0,0,0.33,3.29,7.56,7.69,5.49,0.16,0,0
23.25,76.25,Shajapur Tahsil,Madhya Pradesh,0.03,0,0,0,0.08,3.76,7.12,5.47,6.02,0.01,0,0.01
23.25,76.5,Polayakala Tahsil,Madhya Pradesh,0.04,0,0,0,0.02,4.76,8.38,3.6,3.82,0.11,0,0
23.25,76.75,Kalapipal Tahsil,Madhya Pradesh,0.06,0.05,0,0,0.02,5.27,8.74,4.47,4.52,0.11,0.08,0
23.25,77,Sehore Tahsil,Madhya Pradesh,0.12,0.1,0.01,0,0.23,5.81,11.96,5.25,5.45,0.15,0.53,0
23.25,77.25,Huzur Tahsil,Madhya Pradesh,0.11,0.1,0.03,0,0.56,3.43,10.79,4.07,7.24,0,0,0.01
23.25,77.5,Huzur Tahsil,Madhya Pradesh,0.1,0.07,0.02,0,0.37,4.35,12.46,5.75,5.88,0.06,0.29,0
23.25,77.75,Raisen Tahsil,Madhya Pradesh,0.04,0.17,0.01,0,0.4,3.56,12.84,6.81,6.5,0.03,0,0
23.25,78,Sultanpur Tahsil,Madhya Pradesh,0.08,0.59,0,0,0.42,5.01,11.35,3.61,7.5,0.36,0,0
23.25,78.25,Silwani Tahsil,Madhya Pradesh,0.02,0.68,0,0,0.31,3.38,11.54,2.96,6.81,0.08,0,0
23.25,78.5,Silwani Tahsil,Madhya Pradesh,0.04,0.88,0,0,0.37,3.95,10.34,4.46,7.3,0.32,0,0
23.25,78.75,Silwani Tahsil,Madhya Pradesh,0.02,0.99,0,0,0.5,3.18,9.68,5.25,7.05,0.31,0,0
23.25,79,Deori Tahsil,Madhya Pradesh,0.09,0.77,0,0,0.49,3.65,10.63,4.53,6.41,0.48,0,0
23.25,79.25,Tendukheda Tahsil,Madhya Pradesh,0.25,0.7,0.11,0,0.55,4.4,10.95,4.12,3.89,0.35,0,0
23.25,79.5,Shahpura Tahsil,Madhya Pradesh,0.45,0.96,0.17,0,0.47,4.55,10.6,4.65,3.78,0.16,0,0
23.25,79.75,Patan Tahsil,Madhya Pradesh,0.33,0.67,0.11,0,0.46,4.53,10.69,3.98,4.32,0.24,0,0
23.25,80,Panagar Tahsil,Madhya Pradesh,0.25,0.56,0.08,0,0.28,5.09,10.6,3.5,4.81,0.22,0,0
23.25,80.25,Kundam Tahsil,Madhya Pradesh,0.23,0.53,0.06,0,0.18,5.28,10.6,3.66,5.47,0.29,0,0
23.25,80.5,Kundam Tahsil,Madhya Pradesh,0.24,0.47,0.07,0,0.17,5.82,11.41,3.74,4.16,0.5,0,0
23.25,80.75,Karkeli Tahsil,Madhya Pradesh,0.01,0.09,0.04,0,0.18,5.3,9.8,7.97,5.2,0.73,0,0
23.25,81,Nowrozabad Tahsil,Madhya Pradesh,0.01,0.16,0.04,0,0.29,5.29,9.67,7.86,5.35,0.81,0,0
23.25,81.25,Pali Tahsil,Madhya Pradesh,0.01,0.17,0.03,0,0.26,4.9,9.82,7.34,5.05,0.82,0,0
23.25,81.5,Sohagpur Tahsil,Madhya Pradesh,0.01,0.2,0.01,0,0.13,4.71,9.8,6.39,4.38,0.89,0,0
23.25,81.75,Jaitpur Tahsil,Madhya Pradesh,0,0.28,0,0,0,4.94,8.97,6.75,3.91,1.2,0,0
23.25,82,Kotma Tehsil,Madhya Pradesh,0,0.01,0,0,0,5.36,10.96,5.05,4.45,0.39,0,0
23.5,74.75,Sailana Tahsil,Madhya Pradesh,0,0,0,0,0.01,3.84,14.03,12.51,3.63,0,0,0
23.5,75,Ratlam Tahsil,Madhya Pradesh,0,0,0,0,0.66,4.43,11.61,8.45,4.04,0.14,0,0.1
23.5,75.25,Khacharod Tahsil,Madhya Pradesh,0,0,0,0,1.32,4.23,11.99,6.09,4.2,0.2,0,0.19
23.5,75.5,Nagda Tahsil,Madhya Pradesh,0,0,0,0,0.94,1.52,12.08,3.57,3.42,0,0,0.1
23.5,75.75,Mahidpur Tahsil,Madhya Pradesh,0.01,0,0,0,0.53,2.9,10.79,6.31,4.45,0.11,0,0.04
23.5,76,Maakdon Tahsil,Madhya Pradesh,0.01,0,0,0,0.25,4.03,9.49,7.37,5.39,0.14,0,0.02
23.5,76.25,Shajapur Tahsil,Madhya Pradesh,0,0,0,0,0.01,5.79,10.61,3.66,4.53,0.01,0,0.03
23.5,76.5,Gulana Tahsil,Madhya Pradesh,0,0,0,0,0,5.01,9.43,3.56,2.76,0.06,0,0.01
23.5,76.75,Pachore Tahsil,Madhya Pradesh,0,0.01,0,0,0.02,3.87,12.38,3.77,2.89,0.28,0,0
23.5,77,Narsinghgarh Tahsil,Madhya Pradesh,0.03,0.03,0.01,0,0.17,3.15,15.26,3.79,4.53,0.49,0,0
23.5,77.25,Shayampur Tahsil,Madhya Pradesh,0.09,0.07,0.02,0,0.36,3.95,12.77,4.14,5.79,0.21,0.21,0
23.5,77.5,Berasia Tahsil,Madhya Pradesh,0.07,0.08,0.02,0,0.45,3.84,10.56,3.75,6.64,0,0,0
23.5,77.75,Raisen Tahsil,Madhya Pradesh,0.03,0.16,0.01,0,0.59,4.42,10.95,3.36,6.73,0.07,0,0
23.5,78,Vidisha Tahsil,Madhya Pradesh,0.03,0.3,0,0,0.77,4.57,11.03,3.33,7.37,0.17,0,0
23.5,78.25,Gairatganj Tahsil,Madhya Pradesh,0.04,0.37,0,0,0.85,4.67,11.11,3.42,7.79,0.22,0,0
23.5,78.5,Begamganj Tahsil,Madhya Pradesh,0.03,0.55,0,0,0.67,3.79,11.01,3.59,7.26,0.18,0,0
23.5,78.75,Kesli Tahsil,Madhya Pradesh,0.04,0.67,0.02,0,0.28,3.94,10.9,4.15,5.94,0.74,0,0
23.5,79,Deori Tahsil,Madhya Pradesh,0.12,0.54,0.02,0,0.38,4.04,11.07,3.87,5.32,0.75,0,0
23.5,79.25,Rehli Tahsil,Madhya Pradesh,0.06,0.19,0.02,0,0.81,4.26,11.52,2.98,3.09,0.54,0,0
23.5,79.5,Tendukheda Tahsil,Madhya Pradesh,0.3,0.61,0.1,0,0.55,4.38,10.87,3.9,3.99,0.28,0,0
23.5,79.75,Jabera Tahsil,Madhya Pradesh,0.27,0.54,0.07,0,0.32,4.15,10.44,3.8,5.8,0.22,0,0
23.5,80,Majholi Tahsil,Madhya Pradesh,0.25,0.52,0.07,0,0.31,4.14,10.44,3.74,5.9,0.22,0,0
23.5,80.25,Dhimarkheda Tahsil,Madhya Pradesh,0.28,0.48,0.09,0,0.2,3.71,10.87,3.51,5.02,0.16,0,0
23.5,80.5,Dhimarkheda Tahsil,Madhya Pradesh,0.29,0.29,0.1,0,0.07,2.91,12.02,2.99,3.39,0.11,0,0
23.5,80.75,Bandhogarh Umaria Tahsil,Madhya Pradesh,0.04,0.11,0.07,0,0.07,2.62,11.96,3.71,2.89,0.32,0,0
23.5,81,Manpur Tahsil,Madhya Pradesh,0.01,0.09,0.03,0,0.13,3.29,11.01,5.25,3.95,0.56,0,0
23.5,81.25,Pali Tahsil,Madhya Pradesh,0,0.08,0,0,0.19,3.55,10.85,5.68,4.49,0.59,0,0
23.5,81.5,Shahdol,Madhya Pradesh,0,0.05,0,0,0.19,3.19,11.16,5.42,4.48,0.51,0,0
23.5,81.75,Jaitpur Tahsil,Madhya Pradesh,0,0.08,0,0,0.14,3.49,10.88,5.48,4.34,0.63,0,0
23.75,75,Piploda Tahsil,Madhya Pradesh,0,0,0,0,0.21,4.2,11.63,9.64,3.81,0.08,0,0.05
23.75,75.25,Jaora Tahsil,Madhya Pradesh,0,0,0,0,0.4,3.52,12.21,6.28,3.21,0.08,0,0.06
23.75,75.5,Alot Tahsil,Madhya Pradesh,0,0,0,0,0.31,2.48,15.07,4.68,2.41,0,0,0.03
23.75,75.75,Badod Tahsil,Madhya Pradesh,0.02,0,0,0,0,3.3,13.49,5.93,4.7,0,0,0.03
23.75,76,Agar Tahsil,Madhya Pradesh,0.01,0,0,0,0,3.72,10.04,7.65,6.84,0,0,0.02
23.75,76.25,Nalkheda Tahsil,Madhya Pradesh,0,0,0,0,0.01,4.97,9.94,6.04,6.17,0,0,0.02
23.75,76.5,Sarangpur Tahsil,Madhya Pradesh,0,0.02,0.01,0,0.21,4.43,12.3,5.04,4.17,0,0,0.02
23.75,76.75,Khujner Tahsil,Madhya Pradesh,0,0.03,0.01,0,0.16,2.33,15.95,5,3.69,0.35,0,0
23.75,77,Narsinghgarh Tahsil,Madhya Pradesh,0,0.01,0.01,0,0.01,2.82,18.17,3.7,3.73,0.77,0,0
23.75,77.25,Berasia Tahsil,Madhya Pradesh,0.01,0.02,0,0,0.11,3.54,12.6,3.79,4.97,0.32,0,0
23.75,77.5,Berasia Tahsil,Madhya Pradesh,0,0.04,0,0,0.24,4.63,10.21,3.43,5.85,0.02,0,0
23.75,77.75,Nateran Tahsil,Madhya Pradesh,0,0.06,0,0,0.34,5.04,10.8,3,5.94,0.01,0,0
23.75,78,Basoda Tahsil,Madhya Pradesh,0.02,0.15,0,0,0.84,5.47,11.39,3.5,7.56,0.13,0,0
23.75,78.25,Tyonda Tahsil,Madhya Pradesh,0.02,0.22,0.01,0,0.9,5.57,11.75,3.51,7.74,0.14,0,0
23.75,78.5,Jaisinagar Tahsil,Madhya Pradesh,0.01,0.37,0.02,0,0.53,5.37,11.69,3.67,6.74,0.48,0,0
23.75,78.75,Jaisinagar Tahsil,Madhya Pradesh,0.02,0.6,0.03,0,0.19,4.05,10.81,3.97,5.22,0.91,0,0
23.75,79,Rehli Tahsil,Madhya Pradesh,0.08,0.51,0.02,0,0.24,4.16,11.04,3.72,5.01,0.87,0,0
23.75,79.25,Garhakota Tahsil,Madhya Pradesh,0.05,0.16,0.01,0,0.61,4.16,11.31,2.9,4.04,0.57,0,0
23.75,79.5,Damoh Tahsil,Madhya Pradesh,0.09,0.29,0.01,0,0.14,3.86,10.19,3.29,7.61,0.21,0,0
23.75,79.75,Jabera Tahsil,Madhya Pradesh,0.19,0.37,0.02,0,0.11,3.86,10.04,3.52,7.77,0.19,0,0
23.75,80,Bahoriband Tahsil,Madhya Pradesh,0.2,0.4,0.05,0,0.19,4.05,10.42,3.4,6.64,0.19,0,0
23.75,80.25,Rithi Tahsil,Madhya Pradesh,0.27,0.24,0.08,0,0.02,3.03,12.52,3.63,4.19,0.1,0,0
23.75,80.5,Katni,Madhya Pradesh,0.18,0.17,0.09,0,0,2.78,13.04,3.28,3.18,0.09,0,0
23.75,80.75,Barhi Tahsil,Madhya Pradesh,0.05,0.1,0.08,0,0.04,2.8,13.35,3.26,2.36,0.14,0,0
23.75,81,Manpur Tahsil,Madhya Pradesh,0.02,0.07,0.03,0,0.11,3.47,13.47,3.91,3.09,0.26,0,0
23.75,81.25,Jaisinghnagar Tahsil,Madhya Pradesh,0,0.06,0,0,0.17,3.47,11.91,5.16,4.09,0.49,0,0
23.75,81.5,Jaisinghnagar Tahsil,Madhya Pradesh,0,0.01,0,0,0.21,2.76,11.57,5.16,4.48,0.42,0,0
24,75,Daloda Tahsil,Madhya Pradesh,0,0,0,0,0.08,3.38,17.79,10.96,2.93,0.02,0,0.27
24,75.25,Mandsaur Tahsil,Madhya Pradesh,0.01,0,0,0,0,2.59,12.93,4.54,1.92,0,0,0
24,75.75,Suwasra Tahsil,Madhya Pradesh,0.01,0,0,0,0.04,3.4,17.97,6.37,2.82,0,0,0
24,76,Susner Tahsil,Madhya Pradesh,0.01,0,0,0,0.04,3.46,9.73,4.71,5.89,0,0,0
24,76.25,Susner Tahsil,Madhya Pradesh,0,0,0.01,0,0.11,4.47,10.97,5.97,5.57,0,0,0.03
24,76.5,Khilchipur Tahsil,Madhya Pradesh,0,0,0.04,0,0.57,4.45,12.33,7.38,3.77,0,0,0.03
24,76.75,Rajgarh Tahsil,Madhya Pradesh,0.01,0.08,0.04,0,0.26,1.86,14.49,5.68,3.95,0,0,0
24,77,Biaora Tahsil,Madhya Pradesh,0.06,0.13,0.11,0,0.03,2.84,13.12,4.68,4.79,0.1,0,0
24,77.25,Maksoodangarh Tahsil,Madhya Pradesh,0,0.04,0,0,0.01,3.42,9.91,4.48,5.24,0.07,0,0
24,77.5,Lateri Tahsil,Madhya Pradesh,0,0.01,0,0,0.27,4.62,8.92,3.14,5.84,0.03,0,0
24,77.75,Nateran Tahsil,Madhya Pradesh,0.01,0.06,0,0,0.4,5.47,10.84,3.34,6.73,0.01,0,0
24,78,Kurwai Tahsil,Madhya Pradesh,0.01,0.07,0.02,0,0.69,7.8,13.19,3.91,7.96,0,0,0
24,78.25,Pathardi Tahsil,Madhya Pradesh,0.01,0.07,0.02,0,0.72,8.45,13.93,3.84,7.84,0.02,0,0
24,78.5,Malthon Tahsil,Madhya Pradesh,0.01,0.27,0.04,0,0.56,6.43,12.27,3.57,6.68,0.34,0,0
24,78.75,Banda Tahsil,Madhya Pradesh,0.02,0.35,0.04,0,0.05,4.94,11.58,2.87,5.3,0.53,0,0
24,79,Banda Tahsil,Madhya Pradesh,0.06,0.17,0.02,0,0.06,4.73,12.09,2.27,5.35,0.31,0,0
24,79.25,Patharia Tahsil,Madhya Pradesh,0.1,0.09,0.05,0,0.08,4.57,12.1,1.84,5.29,0.09,0,0
24,79.5,Patera Tahsil,Madhya Pradesh,0.11,0.18,0.06,0,0.07,4.31,11.38,2.17,5.69,0.12,0,0
24,79.75,Patera Tahsil,Madhya Pradesh,0.14,0.24,0.02,0,0.09,4,10.59,2.9,7.16,0.17,0,0
24,80,Raipura Tahsil,Madhya Pradesh,0.18,0.24,0.05,0,0,3.76,11.29,3.13,6.41,0.11,0,0
24,80.25,Shahnagar Tahsil,Madhya Pradesh,0.15,0.15,0.1,0,0,2.39,13.81,3.8,2.71,0.07,0,0
24,80.5,Vijayraghavgarh Tahsil,Madhya Pradesh,0.09,0.14,0.1,0,0,2.9,13.6,3.3,2.31,0.08,0,0
24,80.75,Vijayraghavgarh Tahsil,Madhya Pradesh,0.06,0.13,0.1,0,0.01,3.12,14.25,3.23,1.93,0.07,0,0
24,81,Manpur Tahsil,Madhya Pradesh,0.03,0.09,0.05,0,0.07,4.16,14.71,3.48,2.52,0.16,0,0
24,81.25,Beohari Tahsil,Madhya Pradesh,0.01,0.06,0.02,0,0.11,4.13,14.82,4.03,3.03,0.23,0,0
24,81.5,Beohari Tahsil,Madhya Pradesh,0,0.05,0,0,0.16,3.57,13.34,4.83,3.8,0.36,0,0
24,81.75,Kusmi Tahsil,Madhya Pradesh,0,0.06,0,0,0.16,3.08,13.27,5,3.84,0.33,0,0
24,82,Kusmi Tahsil,Madhya Pradesh,0,0.08,0,0,0.12,2.66,12.59,5.19,4.05,0.36,0,0
24,82.25,Sarai Tahsil,Madhya Pradesh,0.08,0.11,0,0,0.22,1.76,13.01,3.73,3.45,0.61,0,0
24,82.5,Mada Tahsil,Madhya Pradesh,0.24,0,0.02,0,0.29,1.31,18.3,4.7,2.49,0.25,0,0
24,82.75,Singrauli Tahsil,Madhya Pradesh,0.33,0,0.02,0,0.22,1.19,17.74,2.8,1.63,0.42,0,0
24.25,74.75,Jiran Tehsil,Madhya Pradesh,0.01,0,0.01,0,0.16,2.73,22.52,12.45,2.49,0,0,0.43
24.25,75,Malhargarh Tahsil,Madhya Pradesh,0,0,0,0,0.04,3.4,14.89,7.65,2.17,0,0,0.2
24.25,75.25,Malhargarh Tahsil,Madhya Pradesh,0.02,0,0,0,0,2.69,11.84,4.7,1.9,0,0,0.05
24.25,75.5,Shamgarh Tahsil,Madhya Pradesh,0.07,0,0,0,0.07,1.52,11.1,3.45,2.06,0,0,0.04
24.25,75.75,Garoth Tahsil,Madhya Pradesh,0.13,0,0,0,0.37,2.91,11.51,2.86,2.41,0,0,0.14
24.25,77,Chachaura Tahsil,Madhya Pradesh,0.09,0.17,0.16,0,0.18,3.39,12.91,4.82,4.74,0.02,0,0
24.25,77.25,Maksoodangarh Tahsil,Madhya Pradesh,0.01,0.05,0.02,0,0.11,3.77,9.88,4,5.39,0.04,0,0
24.25,77.5,Sironj Tahsil,Madhya Pradesh,0,0.02,0.01,0,0.36,4.62,8.91,3.36,6.13,0.03,0,0
24.25,77.75,Sironj Tahsil,Madhya Pradesh,0.03,0.06,0.05,0,1.27,5.74,9.42,4.05,8.78,0,0,0
24.25,78,Bahadurpur Tahsil,Madhya Pradesh,0.03,0.05,0.07,0,1.59,6.15,9.51,4.08,8.96,0,0,0
24.25,78.25,Bina Tahsil,Madhya Pradesh,0.02,0.09,0.05,0,0.97,7.49,12.18,3.87,8.13,0,0,0
24.25,78.5,Malthon Tahsil,Madhya Pradesh,0,0.27,0.15,0,0.39,5.86,10.68,2.32,5.38,0,0,0
24.25,79,Shahgarh Tahsil,Madhya Pradesh,0.05,0.04,0.01,0,0,4.78,12.6,1.62,5.73,0.02,0,0
24.25,79.25,Buxwaha Tahsil,Madhya Pradesh,0.08,0.03,0.02,0,0.01,4.67,12.59,1.66,5.78,0.02,0,0
24.25,79.5,Batiyagarh Tahsil,Madhya Pradesh,0.09,0.14,0.07,0,0,4.41,11.79,1.92,5.41,0.07,0,0
24.25,79.75,Hatta Tahsil,Madhya Pradesh,0.06,0.18,0.04,0,0,3.83,11.31,2.84,5.95,0.08,0,0
24.25,80,Simariya Tahsil,Madhya Pradesh,0.1,0.16,0.09,0,0,2.46,14.05,4.21,3.23,0.06,0,0
24.25,80.25,Pawai Tahsil,Madhya Pradesh,0.1,0.14,0.09,0,0.01,1.76,14.5,4.46,2.34,0.05,0,0
24.25,80.5,Pawai Tahsil,Madhya Pradesh,0.07,0.13,0.11,0,0,2.43,12.72,2.3,1.85,0.09,0,0
24.25,80.75,Maihar Tahsil,Madhya Pradesh,0.06,0.13,0.1,0,0,3.35,13.91,2.97,1.87,0.07,0,0
24.25,81,Amarpatan Tahsil,Madhya Pradesh,0.03,0.12,0.05,0,0.01,4.99,17.58,3.42,1.71,0.04,0,0
24.25,81.25,Ramnagar Tahsil,Madhya Pradesh,0.01,0.11,0.01,0,0.03,5.9,18.69,3.27,1.76,0.06,0,0
24.25,81.5,Rampur Naikin Tahsil,Madhya Pradesh,0,0.1,0,0,0.06,5.13,17.43,3.82,2.28,0.11,0,0
24.25,81.75,Gopadbanas Tahsil,Madhya Pradesh,0,0.11,0,0,0.09,3.16,15.36,4.69,2.9,0.15,0,0
24.25,82,Gopadbanas Tahsil,Madhya Pradesh,0,0.11,0,0,0.15,1.48,14.08,4.75,2.92,0.15,0,0
24.25,82.25,Deosar Tahsil,Madhya Pradesh,0.04,0.1,0.02,0,0.32,1.15,16.88,3.58,1.8,0.31,0,0
24.25,82.5,Chitrangi Tahsil,Madhya Pradesh,0.2,0,0.03,0,0.43,1.13,17.39,2.24,1.17,0.44,0,0
24.25,82.75,Chitrangi Tahsil,Madhya Pradesh,0.36,0,0.02,0,0.31,0.99,17.54,2.31,1.32,0.31,0,0
24.5,74.75,Neemuch Tehsil,Madhya Pradesh,0.04,0,0.03,0.02,0.2,2.88,13.33,4.49,1.85,0,0,0.05
24.5,75,Neemuch Tehsil,Madhya Pradesh,0,0,0,0,0,3.94,11.88,5.94,1.86,0,0,0.13
24.5,75.25,Manasa Tehsil,Madhya Pradesh,0.02,0,0,0,0.04,3.43,11.59,4.98,2.18,0,0,0.11
24.5,75.5,Rampura Tehsil,Madhya Pradesh,0.05,0,0,0,0.1,2.83,11.09,3.18,3.07,0,0,0.05
24.5,75.75,Bhanpura Tahsil,Madhya Pradesh,0.06,0,0.04,0,0.19,2.74,11.62,3.61,3.04,0,0,0.11
24.5,77.25,Raghogarh Tahsil,Madhya Pradesh,0.06,0.11,0.1,0,0.18,3.74,10.54,4.39,6.05,0.03,0,0
24.5,77.5,Ashoknagar Tahsil,Madhya Pradesh,0.03,0,0.06,0,0.83,5.35,7.34,3.72,8.54,0.01,0,0
24.5,77.75,Ashoknagar Tahsil,Madhya Pradesh,0.06,0.01,0.12,0,1.41,6.14,6.93,4.57,9.86,0,0,0
24.5,78,Piprai Tahsil,Madhya Pradesh,0.06,0.02,0.17,0,1.66,6.06,7.02,4.32,8.77,0,0,0
24.5,79,Badgaon Dhasan Tahsil,Madhya Pradesh,0.03,0.14,0.06,0,0,4.61,11.68,1.74,5.07,0.01,0,0
24.5,79.25,Bada Malhera Tahsil,Madhya Pradesh,0.06,0.07,0.04,0,0,4.43,11.97,2.18,5.41,0.02,0,0
24.5,79.5,Bijawar Tahsil,Madhya Pradesh,0.06,0.05,0.04,0,0.06,3.72,12.52,2.79,4.48,0.02,0,0
24.5,79.75,Bijawar Tahsil,Madhya Pradesh,0.05,0.06,0.02,0,0.19,1.82,13.15,5.13,3.15,0.01,0,0
24.5,80,Amanganj Tahsil,Madhya Pradesh,0.09,0.1,0.05,0,0.09,1.41,15.3,6.28,2.68,0,0,0
24.5,80.25,Gunnor Tahsil,Madhya Pradesh,0.09,0.14,0.09,0,0,1.44,16.32,6.11,2.3,0.02,0,0
24.5,80.5,Nagod Tahsil,Madhya Pradesh,0.08,0.14,0.1,0,0,1.82,15.63,5.37,2.23,0.03,0,0
24.5,80.75,Unchahara Tahsil,Madhya Pradesh,0.06,0.13,0.09,0,0,3.49,15.39,4.14,1.97,0.05,0,0
24.5,81,Rampur Baghelan Tahsil,Madhya Pradesh,0.02,0.12,0.02,0,0,5.85,19.14,3.48,1.51,0.01,0,0
24.5,81.25,Huzur Tahsil,Madhya Pradesh,0,0.13,0,0,0,6.84,20.59,3.04,1.3,0,0,0
24.5,81.5,Gurh Tahsil,Madhya Pradesh,0,0.13,0,0,0,6.08,19.83,3.25,1.39,0,0,0
24.5,81.75,Mauganj Tahsil,Madhya Pradesh,0,0.17,0,0,0.02,2.66,16.73,4.51,2,0.01,0,0
24.5,82,Sihawal Tahsil,Madhya Pradesh,0,0.14,0,0,0.11,0.74,14.93,4.28,1.85,0.01,0,0
24.5,82.25,Bahari Tahsil,Madhya Pradesh,0,0.07,0,0,0.27,0.96,15.58,2.92,1.31,0.23,0,0
24.5,82.5,Chitrangi Tahsil,Madhya Pradesh,0.09,0,0.03,0,0.55,1.13,17.3,2.1,0.9,0.46,0,0
24.75,75.75,Bhanpura Tahsil,Madhya Pradesh,0,0,0.13,0,0,1.5,7.71,5.53,1.77,0,0,0.01
24.75,77,Bamori Tahsil,Madhya Pradesh,0.03,0,0.3,0,0.04,2.44,9.28,5.18,5.59,0,0,0.1
24.75,77.25,Guna Tahsil,Madhya Pradesh,0.07,0,0.11,0,0.39,2.67,7.42,4.17,8.42,0,0,0.03
24.75,77.5,Guna Tahsil,Madhya Pradesh,0.07,0,0.07,0,0.71,4.25,6.23,4.09,10.12,0,0,0.01
24.75,77.75,Isagarh Tahsil,Madhya Pradesh,0.02,0,0.03,0,0.8,4.65,6.48,4.03,12.18,0,0,0
24.75,78,Chanderi Tahsil,Madhya Pradesh,0.17,0.01,0.27,0,0.32,10.08,7.07,6.64,8.55,0,0,0
24.75,79,Baldeogarh Tahsil,Madhya Pradesh,0.03,0.18,0.08,0,0.03,3.31,7.25,3.56,3.77,0,0,0
24.75,79.25,Baldeogarh Tahsil,Madhya Pradesh,0.03,0.12,0.07,0,0.1,3.51,9.61,4.93,5.09,0,0,0
24.75,79.5,Bijawar Tahsil,Madhya Pradesh,0.02,0.07,0.04,0,0.22,2.34,11.33,5.65,3.7,0,0,0
24.75,79.75,Rajnagar Tahsil,Madhya Pradesh,0.01,0.02,0.01,0,0.18,1.75,12.88,5.29,2.81,0,0,0
24.75,80,Rajnagar Tahsil,Madhya Pradesh,0.05,0.09,0.01,0,0.17,1.21,13.61,5.77,3,0,0,0
24.75,80.25,Panna Tahsil,Madhya Pradesh,0.08,0.12,0.06,0,0.05,1.28,15.36,6.39,2.46,0,0,0
24.75,80.5,Nagod Tahsil,Madhya Pradesh,0.08,0.13,0.08,0,0.02,1.53,15.71,6.11,2.44,0.02,0,0
24.75,80.75,Kothi Tahsil,Madhya Pradesh,0.05,0.08,0.06,0,0.04,2.34,15.46,6.77,2.48,0.02,0,0
24.75,81,Kotar Tahsil,Madhya Pradesh,0.01,0.1,0.02,0,0.02,4.98,18.33,4.89,1.86,0.01,0,0
24.75,81.25,Semaria Tahsil,Madhya Pradesh,0,0.12,0,0,0.01,6.02,19.6,3.35,1.37,0,0,0
24.75,81.5,Mangawan Tahsil,Madhya Pradesh,0,0.13,0,0,0.02,4.34,18.18,3.88,1.53,0.01,0,0
24.75,81.75,Naigarhi Tahsil,Madhya Pradesh,0,0.21,0,0,0.01,0.9,15.66,5.47,2.43,0.01,0,0
24.75,82,Hanumana Tahsil,Madhya Pradesh,0.02,0.19,0,0,0.02,0.92,15.06,5.12,2.27,0.01,0,0
24.75,82.25,Hanumana Tahsil,Madhya Pradesh,0.05,0.05,0,0,0.29,0.97,15.01,2.75,1.09,0.01,0,0
25,75.25,Singoli Tehsil,Madhya Pradesh,0.09,0,0.4,0,0.13,3.3,5.87,5.85,2.04,0,0,0
25,77,Bamori Tahsil,Madhya Pradesh,0.08,0,0.1,0,0.08,1.73,7.39,5.55,3.68,0,0,0.08
25,77.25,Guna Tahsil,Madhya Pradesh,0.11,0,0.07,0,0.27,1.96,6.15,4.52,5.76,0,0,0.05
25,77.5,Badarwas Tahsil,Madhya Pradesh,0.14,0,0.1,0,0.4,3.21,5.89,4.07,7.7,0,0,0.02
25,77.75,Rannod Tahsil,Madhya Pradesh,0.1,0,0.07,0,0.62,4.99,6.29,4.29,10.87,0,0,0
25,78,Khaniyadhana Tahsil,Madhya Pradesh,0.15,0.03,0.16,0,0.37,6.31,7.1,4.49,9.6,0,0,0
25,78.25,Khaniyadhana Tahsil,Madhya Pradesh,0.09,0.07,0.25,0,0.19,6.46,7.48,4.74,7.61,0,0,0.01
25,78.75,Mohangarh Tahsil,Madhya Pradesh,0.04,0.14,0.12,0,0,2.74,6.18,3.11,2.66,0,0,0
25,79,Jatara Tahsil,Madhya Pradesh,0.04,0.1,0.06,0,0.03,2.82,5.5,3.85,3.18,0.05,0,0
25,79.25,Palera Tahsil,Madhya Pradesh,0.04,0.23,0.12,0,0.09,3.68,6.42,6.12,5.66,0.01,0,0
25,79.5,Nowgong Tahsil,Madhya Pradesh,0.02,0.07,0.05,0,0.27,2.41,10.9,5.66,3.88,0,0,0
25,79.75,Maharajpur Tahsil,Madhya Pradesh,0.01,0.01,0.03,0,0.57,1.81,13.66,5.82,3.2,0,0,0
25,80,Chandla Tahsil,Madhya Pradesh,0.05,0.09,0,0,0.13,1.06,13.1,5.61,2.94,0,0,0
25,80.25,Ajaigarh Tahsil,Madhya Pradesh,0.02,0.05,0,0,0.24,1.39,9.14,4.68,1.88,0,0,0
25,80.5,Majhgawan Tahsil,Madhya Pradesh,0.01,0.01,0.01,0,0.25,1.5,10.83,6.84,2.19,0,0,0
25,80.75,Majhgawan Tahsil,Madhya Pradesh,0.01,0.01,0.01,0,0.21,1.2,13.77,9,2.77,0,0,0
25,81.25,Jawa Tahsil,Madhya Pradesh,0,0.06,0.01,0.06,0.04,4.41,16.84,3.52,1.91,0.01,0,0
25,81.5,Jawa Tahsil,Madhya Pradesh,0,0,0,0,0.03,1.49,15.76,4.31,1.41,0.02,0,0
25,81.75,Teonthar Tahsil,Madhya Pradesh,0,0.02,0,0,0.07,0.56,12.93,3.9,1.18,0.03,0,0
25.25,77.5,Kolaras Tahsil,Madhya Pradesh,0.25,0,0.12,0,0.23,1.51,5.35,3.51,5.42,0,0,0.03
25.25,77.75,Kolaras Tahsil,Madhya Pradesh,0.71,0,0.05,0,0.17,3.33,4.39,3.03,6.54,0,0,0.03
25.25,78,Pichhore Tahsil,Madhya Pradesh,0.84,0.02,0.06,0,0.11,3.83,3.79,3.07,5.76,0,0,0.03
25.25,78.25,Pichhore Tahsil,Madhya Pradesh,0.36,0.07,0.18,0,0.17,4.04,4.69,4.37,4.67,0,0,0.03
25.25,78.75,Niwari Tahsil,Madhya Pradesh,0.06,0.02,0.04,0,0.05,1.92,4.91,3.12,1.89,0,0,0
25.25,79,Lidhaura Tahsil,Madhya Pradesh,0.03,0.01,0.01,0,0.01,1.97,5,2.78,1.65,0.03,0,0
25.25,80,Gaurihar Tahsil,Madhya Pradesh,0.01,0.01,0.08,0,0.44,1.13,6.26,4.46,1.97,0,0,0
25.25,80.25,Gaurihar Tahsil,Madhya Pradesh,0,0,0.01,0,0.36,1.63,5.87,3.54,1.12,0,0,0
25.5,76.75,Karahal Tahsil,Madhya Pradesh,0.1,0,0.06,0,0.09,1.22,6.6,5.56,1.8,0,0,0.1
25.5,77,Karahal Tahsil,Madhya Pradesh,0.11,0,0.09,0,0.09,1.68,5.93,5.89,2.24,0,0,0.1
25.5,77.25,Pohri Tahsil,Madhya Pradesh,0.18,0,0.11,0,0.13,1.75,5.54,5.29,3.1,0,0,0.08
25.5,77.5,Pohri Tahsil,Madhya Pradesh,0.48,0,0.09,0,0.14,2.13,4.8,3.76,4.75,0,0,0.05
25.5,77.75,Shivpuri Tahsil,Madhya Pradesh,0.9,0,0.03,0,0.06,3.03,3.76,2.76,5.67,0,0,0.03
25.5,78,Karera Tahsil,Madhya Pradesh,1.16,0,0,0,0,3.7,3.18,2.28,5.86,0,0,0.03
25.5,78.25,Karera Tahsil,Madhya Pradesh,0.44,0.03,0.11,0,0.31,4.1,4.18,4.18,4.21,0,0,0.04
25.75,76.75,Sheopur Tahsil,Madhya Pradesh,0.2,0,0.08,0.04,0.04,2.89,5.81,3.34,1.53,0,0,0.19
25.75,77,Karahal Tahsil,Madhya Pradesh,0.23,0,0.17,0,0.18,2.15,4.76,6.22,1.05,0,0,0.14
25.75,77.25,Vijaypur Tahsil,Madhya Pradesh,0.2,0,0.28,0,0.28,2.68,4.44,5.56,1.14,0,0,0.2
25.75,77.5,Bairrad Tahsil,Madhya Pradesh,0.49,0,0.19,0,0.18,2.81,4.18,4.17,3.15,0,0,0.11
25.75,77.75,Shivpuri Tahsil,Madhya Pradesh,0.97,0,0.03,0,0.14,3.42,3.55,4.16,5.23,0,0,0.05
25.75,78,Bhitarwar Tahsil,Madhya Pradesh,0.94,0,0.02,0,0.09,3.36,3.47,4.16,5.26,0,0,0.04
25.75,78.25,Narwar Tahsil,Madhya Pradesh,0.67,0,0.01,0,0.21,3.06,3.49,5,4.29,0,0,0.01
25.75,78.5,Datia Tahsil,Madhya Pradesh,0.45,0,0,0,1.06,3.57,4.14,4.13,1.74,0,0,0.03
25.75,78.75,Bhander Tahsil,Madhya Pradesh,0.24,0,0.01,0,0.37,1.63,2.83,3.77,0.8,0.01,0,0
26,77,Beerpur Tahsil,Madhya Pradesh,0.38,0,0.23,0,0.29,2.48,3.71,5.02,0.64,0,0,0.17
26,77.25,Vijaypur Tahsil,Madhya Pradesh,0.2,0,0.34,0,0.22,2.94,4.18,6.05,0.6,0,0,0.17
26,77.5,Vijaypur Tahsil,Madhya Pradesh,0.51,0,0.25,0,0.27,2.41,3.72,5.78,0.79,0,0,0.22
26,77.75,Ghatigaon Tahsil,Madhya Pradesh,0.88,0,0.15,0,0.37,2.45,3.98,7.78,2.59,0,0,0.21
26,78,Ghatigaon Tahsil,Madhya Pradesh,0.72,0,0.06,0,0.29,2.97,3.88,6.52,4.27,0,0,0.09
26,78.25,Chinour Tahsil,Madhya Pradesh,0.8,0,0.01,0,0.08,2.68,3.11,5.64,4.4,0,0,0.01
26,78.5,Dabra Tahsil,Madhya Pradesh,0.68,0,0,0,1.04,3.42,9.13,3.42,3.18,0,0,0.04
26,78.75,Bhander Tahsil,Madhya Pradesh,0.74,0,0.02,0,0.84,3.06,8.76,3,2.43,0,0,0.03
26.25,77.25,Sabalgarh Tahsil,Madhya Pradesh,0.29,0,0.22,0,0.54,2.69,3.92,2.65,0.7,0,0,0.35
26.25,77.5,Kailaras Tahsil,Madhya Pradesh,0.81,0,0.19,0,0.24,2.01,3.47,6.48,1.14,0,0,0.25
26.25,77.75,Joura Tahsil,Madhya Pradesh,0.96,0,0.25,0,0.36,1.97,3.85,8.1,1.54,0,0,0.26
26.25,78,Ghatigaon Tahsil,Madhya Pradesh,0.77,0,0.29,0,1.06,3.2,5.44,11.25,2.5,0,0,0.34
26.25,78.25,Gird Tahsil,Madhya Pradesh,0.97,0,0.09,0,0.69,2.7,4.03,6.71,2.91,0,0,0.3
26.25,78.5,Tansen Tahsil,Madhya Pradesh,0.84,0,0.02,0,0.92,3.13,10.01,2.86,3.19,0,0,0.1
26.25,78.75,Seondha Tahsil,Madhya Pradesh,0.86,0,0.06,0,0.45,3.1,7.03,2.97,2.31,0,0,0.01
26.25,79,Mihona Tahsil,Madhya Pradesh,0.73,0,0.02,0,0.38,2,3.49,3.23,1.58,0,0,0
26.5,77.75,Joura Tahsil,Madhya Pradesh,0.88,0,0.33,0.02,0.14,1.45,3.9,6.51,1.33,0,0,0.17
26.5,78,Morena Nagar Tahsil,Madhya Pradesh,0.74,0,0.19,0.01,0.52,2.75,6.52,5.85,1.96,0,0,0.27
26.5,78.25,Gohad Tahsil,Madhya Pradesh,1.02,0,0.03,0,0.53,2.36,4.91,4.18,3.31,0,0,0.32
26.5,78.5,Gormi Tahsil,Madhya Pradesh,0.87,0,0,0,0.4,2.2,7.7,2.63,5.68,0,0,0.29
26.5,78.75,Mehgaon Tahsil,Madhya Pradesh,0.48,0,0.09,0,0.39,2.1,8.01,3.66,2.62,0,0,0.07
26.5,79,Bhind Tahsil,Madhya Pradesh,0.41,0,0.19,0,0.37,2.68,4.63,5.26,1.82,0,0,0
26.75,78.25,Porsa Tahsil,Madhya Pradesh,0.39,0,0.22,0.02,0.12,2.26,5.12,3.02,5.03,0,0,0.09
26.75,78.5,Porsa Tahsil,Madhya Pradesh,0.29,0,0.08,0,0.13,1.26,3.81,2.3,8.05,0,0,0.08
26.75,78.75,Ater Tahsil,Madhya Pradesh,0.13,0,0.21,0,0.27,1.36,5.83,4.93,1.68,0,0,0
15.75,73.75,Sawantwadi Taluka,Maharashtra,0,0,0,0,2.13,32.04,29.97,18.49,19.51,4.97,0,0.12
15.75,74,Dodamarg Taluka,Maharashtra,0,0,0,0,3.02,30.72,35.02,15.15,15.12,3.22,0,0.13
15.75,74.25,Chandgad,Maharashtra,0,0,0.01,0.68,3.86,10.44,19.88,5.15,8.6,3.61,0.11,0.12
16,73.5,Kudal Taluka,Maharashtra,0,0,0,0,1.6,26.98,28.74,15.71,19.74,4.8,0.03,0.76
16,73.75,Kudal Taluka,Maharashtra,0,0,0,0,2.32,31.28,35.39,18.83,20.45,4.93,0,0.48
16,74,Sawantwadi Taluka,Maharashtra,0,0,0,0.47,3.57,14.18,27.86,7.02,10.32,3.3,0.04,0.17
16,74.25,Chandgad,Maharashtra,0,0,0.01,0.72,2.93,9.95,20.27,5.41,9.5,2.78,0.26,0.12
16.25,73.5,Malvan Taluka,Maharashtra,0,0,0,0.01,4.8,30.04,37.65,21.7,25.87,9.4,0.21,0.51
16.25,73.75,Kankavli Taluka,Maharashtra,0,0,0,0.02,5.57,24.86,45.56,19.29,20.67,7.46,0.39,0.23
16.25,74,Radhanagari,Maharashtra,0,0,0.01,0.45,2.72,5.54,12.41,5.26,8.13,4.37,0.08,0.02
16.25,74.25,Ajra,Maharashtra,0,0,0.01,0.56,0.92,3.33,5.56,1.56,8.11,2.22,0.28,0.03
16.5,73.5,Devgad Taluka,Maharashtra,0,0,0,0.01,6.02,27.13,36.34,20.47,21.01,8.38,0.08,0.2
16.5,73.75,Vaibhavwadi Taluka,Maharashtra,0,0,0,0.1,4.55,21.79,35.98,19.75,21.68,9.32,0.11,0.17
16.5,74,Radhanagari,Maharashtra,0,0,0,0.1,2.76,10,25.55,8.41,11.29,3.9,0.28,0.07
16.5,74.25,Unknown,Maharashtra,0,0,0.01,0.26,0.98,2.98,7.82,2.3,8.26,4.23,0.04,0
16.75,73.5,Rajapur Taluka,Maharashtra,0,0,0,0,7.98,28.58,36.65,20.13,18.82,6.14,0.05,0.1
16.75,73.75,Rajapur Taluka,Maharashtra,0,0,0,0.02,2.26,17.03,27.45,10.98,14.4,7.74,0.41,0.1
16.75,74,Unknown,Maharashtra,0,0,0,0.02,0.98,14.05,17.98,5.95,15.85,5.86,0.44,0.02
16.75,74.25,Karvir,Maharashtra,0,0,0,0.04,1.17,2.75,5.75,2.21,7.58,7.02,0,0.06
16.75,74.5,Shirol,Maharashtra,0,0,0,0.1,1.31,2.17,4.44,0.92,11.02,10.45,0.01,0
16.75,74.75,Miraj,Maharashtra,0,0,0,0.19,1.44,3.26,1.58,1.17,6.84,5.14,0.07,0
17,73.5,Ratnagiri Taluka,Maharashtra,0,0,0,0,5.4,26.14,34.53,23.93,19.91,6.72,0.07,0.07
17,73.75,Sangameshwar Taluka,Maharashtra,0,0,0,0,1.96,15.13,21.81,8.03,12.74,6.31,0.54,0.05
17,74,Shirala,Maharashtra,0,0,0,0.04,1.27,5.51,8.78,3.16,7.06,3.72,0.46,0.05
17,74.25,Walwa,Maharashtra,0,0,0,0.07,0.8,2.29,4.6,1.28,6.71,3.16,0.1,0.04
17,74.5,Palus,Maharashtra,0,0,0,0.12,0.86,2.03,2.12,1.62,6.11,3.89,0.01,0
17,74.75,Kavathemahankal,Maharashtra,0,0,0,0.44,1.19,4.86,1.35,2.08,5.8,5.66,0.07,0
17,75,Kavathemahankal,Maharashtra,0,0,0,0.27,1.02,4.76,1.82,1.46,7.4,5.41,0.07,0.05
17,75.25,Jat,Maharashtra,0,0,0,0.26,0.64,5.38,1.87,2.42,7.8,5.5,0.03,0.23
17,75.5,Jat,Maharashtra,0,0,0,0.25,0.7,5.04,1.16,7.57,8.7,3.52,0,0.16
17.25,73.25,Ratnagiri Taluka,Maharashtra,0,0,0,0,2.79,27.14,27.7,21.29,19.91,4.35,0.06,0.15
17.25,73.5,Sangameshwar Taluka,Maharashtra,0,0,0,0.04,4.16,23.48,34.12,23.25,21.04,6.82,0.12,0.1
17.25,73.75,Shirala,Maharashtra,0,0,0,0.08,1.96,7.33,21.71,7.74,9.62,3.22,0.13,0.09
17.25,74,Patan,Maharashtra,0,0,0,0.09,0.95,2.68,10.17,3.82,12.64,3.55,0.37,0.25
17.25,74.25,Karad,Maharashtra,0,0,0,0.18,1.14,1.93,4.53,1.89,8.75,3.51,0.37,0.11
17.25,74.5,Khanapur,Maharashtra,0,0,0,0.2,1.56,2.23,2.36,1.51,6.5,4.29,0.49,0.01
17.25,74.75,Khanapur,Maharashtra,0,0,0,0.28,0.8,4.39,1.28,2.43,5.34,3.3,0.17,0
17.25,75,Sangole,Maharashtra,0,0,0.08,0.21,0.63,5.38,1.5,3.5,6.76,4.74,0.05,0.06
17.25,75.25,Sangole,Maharashtra,0,0,0.17,0.2,0.3,6.55,1.24,3.76,7.37,6.39,0.03,0.14
17.25,75.5,Mangalvedhe,Maharashtra,0,0,0.26,0.12,0.49,7.16,0.69,5.7,7.75,6.3,0,0.09
17.5,73.25,Guhagar Taluka,Maharashtra,0,0,0,0.01,1.82,28.92,29.77,21.11,23.01,4.36,0.13,0.18
17.5,73.5,Chiplun Taluka,Maharashtra,0,0,0,0.14,3.57,29.33,37.74,26.09,31.07,7.64,0.24,0.19
17.5,73.75,Patan,Maharashtra,0,0,0,0.17,1.86,8.58,20.71,8.16,11.23,3.55,0.11,0.11
17.5,74,Patan,Maharashtra,0,0,0,0.2,0.9,2.88,8.5,3.48,8.35,3.02,0.15,0.13
17.5,74.25,Koregaon,Maharashtra,0,0,0,0.15,1.77,3.18,2.66,1.85,7.87,3.32,0.44,0
17.5,74.5,Khatav,Maharashtra,0,0,0,0.25,1.61,3.15,1.92,1.77,7.29,4,0.43,0
17.5,74.75,Man,Maharashtra,0,0,0.04,0.2,0.27,4.81,1.04,2.93,5.23,2.7,0.11,0
17.5,75,Sangole,Maharashtra,0,0,0.05,0.16,0.11,5.7,1.15,4.77,6.3,4.64,0.09,0
17.5,75.25,Sangole,Maharashtra,0,0,0.38,0,0.08,8.23,0.54,4,6.8,7.8,0.01,0
17.5,75.5,Mangalvedhe,Maharashtra,0,0,0.37,0.02,0.27,8.68,0.42,4.72,5.86,7.19,0,0.02
17.5,75.75,Solapur South,Maharashtra,0,0,0.28,0.03,0.6,7.7,0.52,5.33,4.2,4.71,0.01,0.02
17.5,76,Solapur South,Maharashtra,0,0,0.06,0.01,0.23,4.82,0.22,4.86,4.76,3.47,0,0.02
17.5,76.25,Akkalkot,Maharashtra,0,0,0.26,0.08,0.53,7.8,1.05,4.82,5.53,3.74,0.01,0
17.75,73.25,Dapoli Taluka,Maharashtra,0,0,0,0.01,1.22,21.6,31.71,24.22,17.68,3.53,0.14,0.12
17.75,73.5,Khed Taluka,Maharashtra,0,0,0,0.04,3.25,32.39,53.63,32.41,23.33,5.4,0.17,0.3
17.75,73.75,Jaoli,Maharashtra,0,0,0,0.13,0.92,5.22,10.75,5.52,9.35,3.84,0.41,0.19
17.75,74,Satara,Maharashtra,0,0,0,0.29,0.5,2,5.43,2.49,5.93,2.57,0.11,0.03
17.75,74.25,Koregaon,Maharashtra,0,0,0,0.14,1.46,2.87,2.64,1.91,7.59,3.63,0.23,0
17.75,74.5,Man,Maharashtra,0,0,0,0.14,1.16,3.1,1.04,1.67,7.45,4.83,0.27,0
17.75,74.75,Man,Maharashtra,0,0,0,0.08,0.16,5.67,0.93,3.18,6.08,3.97,0.18,0
17.75,75,Malshiras,Maharashtra,0,0,0.03,0.03,0.06,5.54,0.64,3.94,5.72,5.17,0.14,0
17.75,75.25,Pandharpur,Maharashtra,0,0,0.08,0,0.12,5.82,0.18,3.69,5.08,6.83,0,0.03
17.75,75.5,Mohol,Maharashtra,0,0,0.05,0,0.57,8.35,0.22,7.12,4.78,5.65,0,0.05
17.75,75.75,Mohol,Maharashtra,0,0,0.38,0.04,0.61,9.31,0.64,5.99,3.78,5.03,0.02,0.02
17.75,76,Solapur South,Maharashtra,0,0,0.2,0.01,0.33,7.26,0.65,5.64,4.51,4.14,0.08,0.08
17.75,76.25,Tuljapur,Maharashtra,0,0,0.84,0.01,0.21,9.24,1.47,5.11,6.84,4.64,0.16,0.02
17.75,76.5,Umarga,Maharashtra,0,0,0.87,0.07,0.26,10.86,1.83,4.85,7.18,4.86,0.33,0
18,73.25,Mandangad Taluka,Maharashtra,0,0,0,0,2.71,29.44,42.15,26.99,21.09,6.79,0.04,0.38
18,73.5,Poladpur Taluka,Maharashtra,0,0,0,0.01,3.95,36.1,64.69,35.34,22.92,5.43,0.24,0.31
18,73.75,Wai,Maharashtra,0,0,0,0.09,1.46,3.03,7.88,3.99,8.04,4.21,0.49,0.21
18,74,Wai,Maharashtra,0,0,0,0.17,0.73,4.04,3.91,2.77,8.1,5.39,0.25,0.12
18,74.25,Phaltan,Maharashtra,0,0,0,0.18,0.34,3.16,0.82,2.04,11.54,6.76,0.26,0
18,74.5,Phaltan,Maharashtra,0,0,0,0.07,0.19,4.89,0.98,2.81,10.68,4.48,0.29,0
18,74.75,Malshiras,Maharashtra,0,0,0,0.01,0.02,6.19,0.81,3.61,6.83,3.46,0.19,0
18,75,Indapur,Maharashtra,0,0,0.02,0,0.04,6.17,0.31,4.19,6.44,2.39,0.05,0.02
18,75.25,Madha,Maharashtra,0,0,0.12,0,0.09,9.84,1.1,5.47,7.25,5.01,0.03,0.13
18,75.5,Madha,Maharashtra,0,0,0.11,0,0.35,9.95,0.94,6.42,6.66,5.94,0.11,0.18
18,75.75,Barshi,Maharashtra,0,0,0.14,0,0.24,9.93,1.53,7.82,5.93,5.14,0.48,0.14
18,76,Tuljapur,Maharashtra,0,0,0.22,0,0.12,10.54,1.9,7.11,5.29,4.63,0.51,0.19
18,76.25,Tuljapur,Maharashtra,0,0,0.83,0,0.21,9.36,1.83,7.19,6.48,5.22,0.36,0.06
18,76.5,Lohara,Maharashtra,0,0,0.78,0.02,0.3,9.83,2.03,7.99,6.2,4.33,0.39,0
18,76.75,Nilanga,Maharashtra,0,0,0.8,0.02,0.42,9.23,2.21,8.53,5.46,4.46,0.48,0
18.25,73.25,Mangaon Taluka,Maharashtra,0,0,0,0,1.81,25.09,43.39,30.11,23.62,5.55,0.02,0.4
18.25,73.5,Mahad Taluka,Maharashtra,0,0,0,0,3.42,17.2,40.81,13.93,10.3,3.93,0.13,0.03
18.25,73.75,Velhe,Maharashtra,0,0,0,0,1.23,7.3,14.21,5.89,6.8,3.65,0.29,0.01
18.25,74,Purandhar,Maharashtra,0,0,0,0.03,0.57,4.45,3.82,3.24,6.08,3.89,0.21,0.02
18.25,74.25,Baramati,Maharashtra,0,0,0,0.12,0.31,4.08,0.86,2.73,9.46,4.56,0.29,0
18.25,74.5,Baramati,Maharashtra,0,0,0,0.07,0.08,5.49,1,3.42,10.24,3.39,0.12,0
18.25,74.75,Indapur,Maharashtra,0,0,0,0.01,0.07,6.62,0.76,4.89,7.79,2.67,0.06,0
18.25,75,Karmala,Maharashtra,0,0,0,0,0.03,5.28,0.46,4.28,7.24,1.94,0.02,0
18.25,75.25,Karmala,Maharashtra,0,0,0.01,0,0.15,7.56,1.35,7.95,11.04,3.44,0.1,0.01
18.25,75.5,Paranda,Maharashtra,0,0,0,0,0.42,8.74,1.81,7.46,11.73,6.85,0.58,0.28
18.25,75.75,Barshi,Maharashtra,0,0,0.06,0,0.28,9.59,1.62,8.76,8.22,6.03,0.6,0.21
18.25,76,Dharashiv,Maharashtra,0,0,0.15,0,0.21,9.65,1.41,9.61,6.31,5.4,0.63,0.1
18.25,76.25,Dharashiv,Maharashtra,0,0,0.42,0,0.12,8.69,2.86,9.19,5.76,3.07,0.52,0.08
18.25,76.5,Ausa,Maharashtra,0,0,0.5,0.01,0.14,8.32,3.06,8.99,5.51,2.68,0.31,0
18.25,76.75,Nilanga,Maharashtra,0,0,0.49,0.01,0.31,8.85,1.87,7.39,4.6,4.18,0.1,0
18.25,77,Deoni,Maharashtra,0,0,0.63,0,0.2,6.85,2.23,6.57,3.28,4.67,0.08,0
18.5,73,Alibag Taluka,Maharashtra,0,0,0,0,0.43,35.08,35.89,28.38,15.35,6.22,0,0.84
18.5,73.25,Sudhagad Taluka,Maharashtra,0,0,0,0,0.61,33.48,56.46,39.21,20.13,4.09,0,0.76
18.5,73.5,Mulshi Subdistrict,Maharashtra,0,0,0,0,0.71,11.3,30.47,10.51,10.22,4.65,0.24,0.01
18.5,73.75,Mulshi Subdistrict,Maharashtra,0,0,0,0,0.27,5.91,7.05,5.41,5.22,5.27,0.42,0.09
18.5,74,Haveli Subdistrict,Maharashtra,0,0,0,0,0.41,5.3,4.53,4.34,5.37,3.91,0.64,0.05
18.5,74.25,Daund,Maharashtra,0,0,0,0,0.24,4.34,1,5.88,6.31,4.03,0.43,0
18.5,74.5,Daund,Maharashtra,0,0,0,0,0.18,2.63,0.36,3.01,5.49,4.25,0.07,0
18.5,74.75,Shrigonda,Maharashtra,0,0,0,0,0.09,6.74,0.95,7.55,5.24,3.77,0.01,0
18.5,75,Karjat,Maharashtra,0,0,0,0,0.1,8.22,1.57,6.72,6.54,3.09,0.01,0.03
18.5,75.25,Karmala,Maharashtra,0,0,0.04,0,0.12,7.46,1.68,8.91,9.12,4.21,0.07,0.15
18.5,75.5,Bhum,Maharashtra,0,0,0.02,0,0.09,9.63,2.49,9.59,9.59,7.01,0.31,0.24
18.5,75.75,Washi,Maharashtra,0,0,0.38,0,0.03,7.17,2.27,8.03,8.39,4.51,0.47,0.35
18.5,76,Kalamb,Maharashtra,0,0,0.61,0,0.03,6.06,3.01,8.32,6.02,5.21,0.51,0.15
18.5,76.25,Kalamb,Maharashtra,0,0,0.39,0,0,6.28,3.51,8.43,5.59,3.62,0.4,0.05
18.5,76.5,Renapur,Maharashtra,0,0,0.42,0,0,7.26,3.5,8.94,5.44,2.29,0.15,0.01
18.5,76.75,Chakur,Maharashtra,0,0,0.03,0,0.02,7.72,2.76,10.02,4.61,3.04,0.02,0
18.5,77,Chakur,Maharashtra,0,0,0.54,0,0.22,7.12,2.34,6.93,3.3,3.71,0.03,0
18.5,77.25,Mukhed,Maharashtra,0,0,0.04,0,0.29,6.76,4.23,6.88,2.81,4,0.28,0
18.5,77.5,Deglur,Maharashtra,0,0,0.05,0,0.07,8.05,5.26,6.81,1.9,3.69,0.08,0
18.75,73,Pen Taluka,Maharashtra,0,0,0,0,0.03,34.46,46.92,39.51,19.34,9.31,0.02,1.05
18.75,73.25,Khalapur Taluka,Maharashtra,0,0,0,0,0.22,39.09,63,40.08,13.72,3.59,0.11,0.91
18.75,73.5,Mawal,Maharashtra,0,0,0,0,1.2,11.94,24.4,12.98,5.54,3.46,0.57,0.02
18.75,73.75,Mawal,Maharashtra,0,0,0,0,0.71,5.69,6.75,7.16,6.19,3.96,0.78,0.02
18.75,74,Khed,Maharashtra,0,0,0,0,0.39,6.03,4.64,7.33,6.44,3.97,0.64,0.03
18.75,74.25,Shirur,Maharashtra,0,0,0,0,0.28,5.81,2.02,8.17,6.43,3.95,0.53,0
18.75,74.5,Shrigonda,Maharashtra,0,0,0,0,0.22,4.67,0.84,7.35,5.95,4.35,0.11,0
18.75,74.75,Shrigonda,Maharashtra,0,0,0.03,0,0.1,7.04,0.8,9.17,5.43,3.44,0,0.03
18.75,75,Karjat,Maharashtra,0,0,0.02,0,0.01,8.98,0.99,9.96,5.57,2.41,0.02,0.03
18.75,75.25,Ashti,Maharashtra,0,0,0.37,0,0,6.84,1.44,11.43,8.22,4.07,0.04,0.35
18.75,75.5,Patoda,Maharashtra,0,0,0.41,0,0.16,7.7,2.16,7.38,7.58,3.46,0.08,0.47
18.75,75.75,Unknown,Maharashtra,0,0,0.41,0,0.04,6.26,3.56,7.95,6.22,4.84,0.13,0.25
18.75,76,Unknown,Maharashtra,0,0,0.4,0,0.05,6.29,3.83,8.06,5.21,5.18,0.3,0.14
18.75,76.25,Unknown,Maharashtra,0,0,0.01,0,0,4.49,2.61,7.97,4.68,7.14,0.14,0
18.75,76.5,Ambejogai,Maharashtra,0,0,0.18,0,0,5.83,1.95,8.37,3.68,4.19,0.02,0
18.75,76.75,Ahmadpur,Maharashtra,0,0,0.05,0,0,7.72,1.34,9.14,3.92,5.19,0,0
18.75,77,Ahmadpur,Maharashtra,0,0,0.13,0,0.15,5.44,4.51,5.98,2.38,2.15,0,0
18.75,77.25,Kandhar,Maharashtra,0,0,0.02,0,0.6,5.28,3.86,6.41,2.89,2.55,0,0
18.75,77.5,Naigaon (Khairgaon),Maharashtra,0,0,0.06,0,0.02,6.49,3.7,7.99,3.21,3.12,0,0
18.75,77.75,Biloli,Maharashtra,0,0,0.25,0,0.49,8.09,5.34,10.47,2.26,3.71,0.1,0
18.75,80.25,Sironcha Taluka,Maharashtra,0,0,0.12,0,0.27,6.47,12.12,11.87,4.83,3.7,0,0
19,73.25,Panvel Subdistrict,Maharashtra,0,0,0,0,0.07,33.95,55.31,33.65,18.98,5.75,0.03,0.87
19,73.5,Karjat Taluka,Maharashtra,0,0,0,0,0.7,12.56,15.83,14.09,7.51,5.24,0.39,0.13
19,73.75,Khed,Maharashtra,0,0,0,0,0.77,8.35,14.54,8.49,5.87,4.83,0.61,0
19,74,Ambegaon,Maharashtra,0,0,0,0,0.48,6.13,10.42,6.82,6.54,4.07,0.59,0
19,74.25,Parner,Maharashtra,0,0,0,0,0.25,7.1,2.32,6.84,6.74,4.88,0.25,0
19,74.5,Parner,Maharashtra,0,0,0,0,0.18,6.91,1.86,7.82,6.64,4.28,0.04,0.08
19,74.75,Ahmednagar,Maharashtra,0,0,0,0,0.06,7.13,0.84,10.92,6.44,1.89,0.03,0.02
19,75,Ashti,Maharashtra,0,0,0.03,0,0.03,6.59,0.81,9.9,6.43,2.67,0.01,0.12
19,75.25,Ashti,Maharashtra,0,0,0.05,0,0.01,4.72,1.41,7.68,6.99,1.5,0.02,0.78
19,75.5,Unknown,Maharashtra,0,0,0.39,0,0.43,6.04,2.67,6.93,5.87,2.49,0,0.62
19,75.75,Unknown,Maharashtra,0,0,0.4,0,0.48,5.85,3.21,6.98,4.6,3.99,0.01,0.48
19,76,Unknown,Maharashtra,0,0,0.32,0,0.04,5.09,2.73,7.41,4.62,4.08,0.06,0.13
19,76.25,Unknown,Maharashtra,0,0,0.04,0,0.15,5.55,1.91,9.29,6.4,4.4,0.04,0.02
19,76.5,Sonpeth,Maharashtra,0,0,0.22,0,0.08,6.35,2.28,9.7,4.76,3.2,0,0
19,76.75,Gangakhed,Maharashtra,0,0,0.13,0,0,2.88,2.09,9.6,2.39,0.68,0,0
19,77,Palam,Maharashtra,0,0,0.1,0,0.21,5.72,4.56,7.72,2.4,1.7,0,0
19,77.25,Loha,Maharashtra,0,0,0.04,0,0.52,7.21,4.71,8.67,2.4,2.15,0,0
19,77.5,Naigaon (Khairgaon),Maharashtra,0,0,0.36,0,0.19,6.9,3.78,8.98,2.38,2.29,0,0
19,77.75,Dharmabad,Maharashtra,0,0,0.88,0,0.45,6.47,4.39,8.92,1.4,1.56,0.23,0
19,80,Sironcha Taluka,Maharashtra,0,0,0.5,0,0.1,4.32,11.4,11.41,4.13,3.05,0,0
19,80.25,Aheri Taluka,Maharashtra,0,0,0.11,0,0.1,5.61,12.08,11.97,4.55,3.49,0,0
19.25,73,Bhiwandi Subdistrict,Maharashtra,0,0,0,0,0.03,24.52,39.14,34.33,16.87,6.15,0.01,0.92
19.25,73.25,Kalyan Subdistrict,Maharashtra,0,0,0,0,0.08,20.9,36.79,29.05,15.96,7.06,0.06,0.43
19.25,73.5,Murbad Subdistrict,Maharashtra,0,0,0,0,0.39,16.27,31.22,21.46,10.53,5.73,0.39,0.2
19.25,73.75,Junnar,Maharashtra,0,0,0,0,0.6,5.05,19.09,5.13,4.66,3.1,0.5,0
19.25,74,Junnar,Maharashtra,0,0,0,0,0.52,4.85,12.98,5.09,4.43,3.63,0.58,0
19.25,74.25,Parner,Maharashtra,0,0,0,0,0.17,5.63,2.35,5.91,5.73,3.93,0.16,0.02
19.25,74.5,Parner,Maharashtra,0,0,0,0,0.12,6,1.58,7.81,6.75,2.84,0.04,0.1
19.25,74.75,Ahmednagar,Maharashtra,0,0,0,0,0.05,6.23,1.38,9.3,6.97,2.37,0.02,0.07
19.25,75,Pathardi,Maharashtra,0,0,0,0,0.03,4.93,1.53,9.35,6.99,3.42,0,0.23
19.25,75.25,Pathardi,Maharashtra,0,0,0.02,0,0.03,3.73,1.39,7.49,5.54,1.76,0,0.69
19.25,75.5,Georai,Maharashtra,0,0,0.07,0,0.11,4.75,2.45,7,4.34,1.6,0,0.36
19.25,75.75,Georai,Maharashtra,0,0,0.11,0,0.13,4.79,2.48,7.47,4.02,2.43,0,0.28
19.25,76,Unknown,Maharashtra,0,0,0.01,0,0.02,4.33,1.74,6.84,4.24,3.6,0,0.16
19.25,76.25,Pathri,Maharashtra,0,0,0.01,0,0.05,6.19,1.6,7.15,5.52,4.84,0,0.04
19.25,76.5,Manwath,Maharashtra,0,0,0.02,0,0.07,6.43,2.68,9.42,5.78,4.43,0,0
19.25,76.75,Parbhani,Maharashtra,0,0,0.02,0,0,5.74,4.18,8.64,3.91,2.57,0,0
19.25,77,Purna,Maharashtra,0,0,0,0,0.06,5.34,3.37,7.42,1.75,2.73,0,0
19.25,77.25,Nanded,Maharashtra,0,0,0.02,0,0.4,7.48,4.08,9.2,2.16,2.4,0,0
19.25,77.5,Mudkhed,Maharashtra,0,0,0.13,0,0,7.56,3.12,9.43,2.91,2.72,0.01,0
19.25,77.75,Bhokar,Maharashtra,0,0,0.26,0.03,0.18,5,3.17,7.64,2.26,1.65,0.44,0
19.25,80,Aheri Taluka,Maharashtra,0,0,0.11,0,0.1,5.56,14.61,9.3,4.7,2.52,0,0
19.25,80.25,Aheri Taluka,Maharashtra,0,0,0.13,0,0.07,5.4,14.26,10.24,4.81,2.82,0,0
19.5,73,Vasai Subdistrict,Maharashtra,0,0,0,0,0.04,23.66,37,26.48,13.86,4.08,0.01,0.69
19.5,73.25,Shahapur Subdistrict,Maharashtra,0,0,0,0,0.01,20.69,36.46,27.06,9.04,6.19,0.01,0.13
19.5,73.5,Shahapur Subdistrict,Maharashtra,0,0,0,0,0.04,22.75,49.54,26.23,10.02,6.91,0.13,0.41
19.5,73.75,Akola,Maharashtra,0,0,0,0,0.34,8.55,22.01,9.64,6.04,4.55,0.09,0.12
19.5,74,Akola,Maharashtra,0,0,0,0,0.24,4.35,8.23,4.9,4.59,3.93,0.08,0.04
19.5,74.25,Sangamner,Maharashtra,0,0,0,0,0.08,5.8,3.11,4.65,5.35,3.02,0.09,0.01
19.5,74.5,Rahuri,Maharashtra,0,0,0,0,0.06,6.26,1.64,7.1,7.04,2.36,0.01,0.09
19.5,74.75,Rahuri,Maharashtra,0,0,0,0,0.04,6.59,2.65,8.09,7.34,3.1,0.01,0.08
19.5,75,Nevasa,Maharashtra,0,0,0,0,0.04,5.4,2.94,7.36,7.67,3.49,0.01,0.15
19.5,75.25,Shevgaon,Maharashtra,0,0,0,0,0,1.97,0.58,5.92,2.58,1.28,0.01,0.28
19.5,75.5,Unknown,Maharashtra,0,0,0,0,0,3.34,1.04,8.06,4.44,1.99,0,0.26
19.5,75.75,Unknown,Maharashtra,0,0,0,0,0,4.05,1.45,9.93,3.9,4.91,0,0.11
19.5,76,Ghansawangi,Maharashtra,0,0,0,0,0.02,4.15,2.57,9.46,3.38,3.43,0,0.03
19.5,76.25,Partur,Maharashtra,0,0,0,0,0.02,4.71,2.59,8.07,3.96,2.69,0,0
19.5,76.5,Selu,Maharashtra,0,0,0,0,0.02,3.43,2.04,7.41,5.63,1.62,0,0
19.5,76.75,Jintur,Maharashtra,0,0,0.01,0,0,5.21,2.76,6.46,3.41,2.05,0,0
19.5,77,Aundha (Nagnath),Maharashtra,0,0,0.01,0,0.1,6.15,3.08,6.15,2.1,2,0,0
19.5,77.25,Basmath,Maharashtra,0,0,0,0,0.15,6.26,3.2,6.36,1.8,1.51,0,0
19.5,77.5,Hadgaon,Maharashtra,0,0,0,0,0,7.4,3.9,7.36,1.81,1.96,0,0
19.5,77.75,Umarkhed,Maharashtra,0,0,0.03,0.03,0.11,3.68,2.67,6.39,2.23,1.37,0.02,0
19.5,78,Umarkhed,Maharashtra,0,0,0.76,0.09,0.41,10.09,3.83,8.97,2.68,1.49,0.35,0
19.5,78.25,Kinwat,Maharashtra,0,0,0.84,0.05,0.89,14.18,4.28,9.19,4.94,1.59,0.35,0
19.5,80,Aheri Taluka,Maharashtra,0,0,0.12,0,0.06,6.4,15.96,6.24,4.39,1.58,0,0
19.5,80.25,Etapalli Taluka,Maharashtra,0,0,0.3,0,0.06,6.07,15.9,7.06,4.55,1.65,0,0
19.5,80.5,Bhamragad Taluka,Maharashtra,0,0,0,0,0.47,6.28,13.19,7.56,5.37,1.94,0,0
19.5,80.75,Bhamragad Taluka,Maharashtra,0,0,0,0,1.02,7.59,10.42,9.61,5.45,2.65,0,0
19.75,72.75,Palghar Subdistrict,Maharashtra,0,0,0,0,0.03,25.74,29.83,21.79,11.38,2.91,0,2.5
19.75,73,Vikramgad Taluka,Maharashtra,0,0,0,0,0.03,23.42,46.41,26.15,11.32,3.81,0,1.71
19.75,73.25,Wada Subdistrict,Maharashtra,0,0,0,0,0.01,22.32,54.92,25.06,10.82,5.78,0,0.67
19.75,73.5,Mokhada Taluka,Maharashtra,0,0,0,0,0.18,26.01,61.68,27.46,9.8,7.5,0,0.6
19.75,73.75,Igatpuri Subdistrict,Maharashtra,0,0,0,0,0.22,8.78,20.44,9.3,6.56,4.44,0,0.2
19.75,74,Sinnar Taluka,Maharashtra,0,0,0,0,0.24,4.09,8.26,4.4,5.14,3.56,0.02,0.08
19.75,74.25,Sangamner,Maharashtra,0,0,0,0,0.17,7.46,2.6,3.97,5.99,2.95,0.06,0.05
19.75,74.5,Rahta,Maharashtra,0,0,0,0,0.1,8.12,2.38,4.73,6.72,2.73,0.08,0.04
19.75,74.75,Vaijapur,Maharashtra,0,0,0,0,0.04,5.08,2.06,7.98,7.07,3.35,0.04,0.03
19.75,75,Unknown,Maharashtra,0,0,0,0,0.02,3.71,1.52,6.84,8.67,4.67,0.03,0.05
19.75,75.25,Unknown,Maharashtra,0,0,0,0,0.13,4.31,2.1,5.38,9.61,3.34,0.02,0.02
19.75,75.5,Chhatrapati Sambhajinagar,Maharashtra,0,0,0,0,0.05,4.26,1.54,6.77,6.81,2.24,0,0
19.75,75.75,Badnapur,Maharashtra,0,0,0,0,0.05,4.68,1.89,5.19,5.87,2.23,0,0
19.75,76,Jalna,Maharashtra,0,0,0,0,0.02,5.12,2.81,6.7,5.76,1.86,0,0
19.75,76.25,Mantha,Maharashtra,0,0,0,0,0.01,5.59,3.32,6.31,5.43,1.55,0,0
19.75,76.5,Jintur,Maharashtra,0,0,0,0,0,4.73,2.76,6.44,4.53,1.67,0,0
19.75,76.75,Sengaon,Maharashtra,0,0,0.01,0,0,7.93,3.86,5.94,1.78,3.12,0,0
19.75,77,Hingoli,Maharashtra,0,0,0,0,0.03,8.03,3.47,5.14,3.07,1.46,0,0
19.75,77.25,Hingoli,Maharashtra,0,0,0,0,0.22,8.1,3.66,5.64,2.63,1.2,0,0
19.75,77.5,Pusad,Maharashtra,0,0,0.01,0,0,8.97,4.24,6.19,1.63,2.06,0,0
19.75,77.75,Mahagaon,Maharashtra,0,0,0.21,0,0.06,4.88,5.32,4.95,1.49,3.88,0,0
19.75,78,Mahoor,Maharashtra,0,0,0.88,0.02,0.45,8.79,4.53,8.3,2.53,1.41,0.1,0
19.75,78.25,Kinwat,Maharashtra,0,0,0.93,0.01,1.01,12.76,4.66,7.99,6.2,0.85,0.21,0
19.75,79,Korpana Taluka,Maharashtra,0,0,1.25,0,0.52,3.16,8.25,5.95,4.61,1.5,0,0
19.75,79.25,Rajura Taluka,Maharashtra,0,0,1.25,0,0.6,2.96,10.92,5.86,6.04,1.34,0,0
19.75,79.5,Gondpipri Taluka,Maharashtra,0,0,0.46,0,0.12,3.9,9.06,4.8,3.39,1.43,0,0
19.75,79.75,Gondpipri Taluka,Maharashtra,0,0,1.19,0,0,4.94,15.85,9.19,4.92,1.47,0,0
19.75,80,Mulchera Taluka,Maharashtra,0,0,0.45,0,0.03,5.97,16.44,7.02,4.7,1.45,0,0
19.75,80.25,Etapalli Taluka,Maharashtra,0,0,0.44,0,0.06,5.92,16.04,6.66,4.66,1.58,0,0
19.75,80.5,Etapalli Taluka,Maharashtra,0,0,0.05,0,0.52,6.32,13.11,6.67,5.47,1.86,0,0
20,72.75,Dahanu Taluka,Maharashtra,0,0,0,0,0.02,23.16,34.35,18.65,10.97,2.6,0,3.31
20,73,Dahanu Taluka,Maharashtra,0,0,0,0,0.05,22.65,50.16,22.82,10.29,4.57,0,1.69
20,73.25,Jawhar Taluka,Maharashtra,0,0,0,0,0.04,20.68,50.44,24.24,10.37,5.4,0,0.65
20,73.5,Trimbakeshwar Subdistrict,Maharashtra,0,0,0,0,0.21,18.96,45.54,20.86,8.19,6.35,0,0.47
20,73.75,Nashik Subdistrict,Maharashtra,0,0,0,0,0.28,5.33,12.86,4.66,3.72,4.57,0,0.26
20,74,Niphad Taluka,Maharashtra,0,0,0,0,0.27,3.39,7.14,3.13,1.99,2.03,0.03,0.12
20,74.25,Niphad Taluka,Maharashtra,0,0,0,0,0.18,3.6,3.98,3.61,3.45,3.82,0.11,0.12
20,74.5,Yeola Taluka,Maharashtra,0,0,0,0,0.1,4.19,3.04,4.91,4.66,3.76,0.15,0.13
20,74.75,Vaijapur,Maharashtra,0,0,0,0,0.09,4.38,2.02,6.08,6.43,4.14,0.12,0.12
20,75,Unknown,Maharashtra,0,0,0,0,0.01,2.68,1.14,2.3,7.24,8.19,0.05,0.01
20,75.25,Khuldabad,Maharashtra,0,0,0,0,0.06,6.93,3.87,4.81,7.5,3.05,0.03,0.01
20,75.5,Chhatrapati Sambhajinagar,Maharashtra,0,0,0,0,0.08,6.8,3.36,4.03,5.76,2.23,0,0
20,75.75,Badnapur,Maharashtra,0,0,0,0,0.05,5.3,2.31,3.97,7.84,2.09,0,0
20,76,Deulgaon Raja,Maharashtra,0,0,0,0,0.01,6.73,2.48,3.42,9.78,1.55,0,0
20,76.25,Sindkhed Raja,Maharashtra,0,0,0,0,0,7.83,4.22,4.38,5.17,1.82,0,0
20,76.5,Lonar,Maharashtra,0,0,0,0,0,7.82,4.4,4.63,4.23,1.94,0,0
20,76.75,Risod,Maharashtra,0,0,0.01,0,0.02,7.79,5.1,5.29,2.9,3.18,0,0
20,77,Sengaon,Maharashtra,0,0,0.01,0,0.02,7.14,5.21,4.51,3.11,3.25,0,0
20,77.25,Washim,Maharashtra,0,0,0.02,0,0,11.06,4.88,4.21,2.68,2.54,0,0
20,77.5,Pusad,Maharashtra,0,0,0,0,0,10.65,4.72,4.51,3.38,1.49,0,0
20,77.75,Mahagaon,Maharashtra,0,0,0.04,0,0.01,6.59,5.44,3.94,2.84,1.88,0,0
20,78,Arni,Maharashtra,0,0,0.08,0,0.03,6.67,5.87,5.04,3.39,1.14,0,0
20,78.25,Ghatanji,Maharashtra,0,0,0.07,0,0.1,6.83,5.56,5.19,5.51,1.25,0.02,0
20,78.5,Kelapur,Maharashtra,0,0,0.03,0,0.25,5.38,5.45,5.22,5.03,1.49,0.01,0
20,78.75,Zari-Jamani,Maharashtra,0,0,0.02,0,1,3.97,7.15,7.77,3.8,1.29,0,0
20,79,Wani,Maharashtra,0,0,0.38,0,1,5.06,9,5.84,4.78,2.4,0,0
20,79.25,Chandrapur Taluka,Maharashtra,0,0,0.85,0,0.98,4.98,9.78,6.63,4.28,1.68,0,0
20,79.5,Chandrapur Taluka,Maharashtra,0,0,0.52,0,0.03,3.78,10.41,6.43,4.98,2.56,0,0
20,79.75,Mul Taluka,Maharashtra,0,0,0.66,0,0.03,4.73,15.49,7.54,5.26,1.88,0,0
20,80,Chamorshi Taluka,Maharashtra,0,0,0.53,0,0.17,4.62,14.86,7.02,5.28,2.36,0,0
20,80.25,Gadchiroli Taluka,Maharashtra,0,0,0.3,0,0.25,5.09,14.17,5.86,5,2.53,0,0
20,80.5,Etapalli Taluka,Maharashtra,0,0,0.1,0,0.54,6.01,11.53,7.75,6.34,2.14,0,0
20.25,73.5,Peth Taluka,Maharashtra,0,0,0,0,0.17,8.78,30.2,11.11,5.12,5.34,0,0.54
20.25,73.75,Dindori Taluka,Maharashtra,0,0,0,0,0.27,12.99,38.72,12.84,6.8,5.02,0,0.3
20.25,74,Chandwad Taluka,Maharashtra,0,0,0,0,0.25,4.54,7.03,3.21,2.56,2.8,0.03,0.4
20.25,74.25,Chandwad Taluka,Maharashtra,0,0,0,0,0.19,4.66,4.21,3.09,3.7,2.61,0.11,0.27
20.25,74.5,Nandgaon Taluka,Maharashtra,0,0,0,0,0.26,5.91,3.65,5.42,6.74,1.72,0.17,0.18
20.25,74.75,Nandgaon Taluka,Maharashtra,0,0,0,0,0.18,5.24,4.05,5.21,5.39,2.94,0.21,0.14
20.25,75,Unknown,Maharashtra,0,0,0,0,0,4.55,4.44,4.57,3.24,4.68,0.19,0.06
20.25,75.25,Unknown,Maharashtra,0,0,0,0,0.01,6.47,4.13,4.22,5.16,3.19,0.14,0
20.25,75.5,Unknown,Maharashtra,0,0,0,0,0.07,6.34,3.3,3.4,6.57,2.24,0.03,0
20.25,75.75,Bhokardan,Maharashtra,0,0,0,0,0.19,6.29,2.42,2.93,5.62,3.24,0.02,0
20.25,76,Jafferabad,Maharashtra,0,0,0.02,0,0.07,6.51,2.92,3.41,6.84,2.83,0.03,0
20.25,76.25,Unknown,Maharashtra,0,0,0.02,0,0,8.1,4.05,3.94,6.43,1.91,0.01,0
20.25,76.5,Mehkar,Maharashtra,0,0,0,0,0,8.32,4.44,3.85,4.85,1.87,0,0
20.25,76.75,Mehkar,Maharashtra,0,0,0,0,0,6.54,5.02,3.37,2.81,3.05,0,0
20.25,77,Malegaon,Maharashtra,0,0,0.08,0,0,6.14,4.69,2.99,2.43,4.14,0,0
20.25,77.25,Mangrulpir,Maharashtra,0,0,0.2,0,0,6.28,3.97,1.59,2.34,4.94,0,0
20.25,77.5,Manora,Maharashtra,0,0,0,0,0.04,7.44,3.63,1.75,3.44,1.78,0,0
20.25,77.75,Darwha,Maharashtra,0,0,0,0,0.09,6.24,4.23,2.96,3.38,1.62,0,0
20.25,78,Yavatmal,Maharashtra,0,0,0.01,0,0.1,5.15,4.6,4.29,3.99,1.24,0,0
20.25,78.25,Yavatmal,Maharashtra,0,0,0,0,0.01,5.47,5.2,4.1,4.2,0.88,0,0
20.25,78.5,Kelapur,Maharashtra,0,0,0.04,0,0.13,4.3,5.2,3.6,3.64,1.12,0,0
20.25,78.75,Unknown,Maharashtra,0,0,0.43,0,0.59,4.69,9.33,3.52,3.14,1.68,0,0
20.25,79,Warora Taluka,Maharashtra,0,0,0.27,0,0.69,4.4,9.25,4.07,4.51,2.3,0,0
20.25,79.25,Bhadravati Taluka,Maharashtra,0,0,0.31,0,0.57,6.61,9.89,6.43,6.39,1.65,0,0
20.25,79.5,Sindewahi Taluka,Maharashtra,0,0,0.02,0,0.06,6.95,13.17,5.44,5.88,1.35,0,0
20.25,79.75,Sindewahi Taluka,Maharashtra,0,0,0.36,0,0.1,3.77,13.74,6.94,5.4,2.39,0,0
20.25,80,Gadchiroli Taluka,Maharashtra,0,0,0.29,0,0.35,4.48,12.82,5.73,5.21,3,0,0
20.25,80.25,Unknown,Maharashtra,0,0,0.37,0,0.34,4.55,13.29,6.17,5.49,2.93,0,0
20.5,73.5,Surgana Taluka,Maharashtra,0,0,0,0,0.08,9.25,39.32,16.31,6.72,4.42,0,1.22
20.5,73.75,Surgana Taluka,Maharashtra,0,0,0,0,0.15,6.84,24.98,8.79,4.17,5.19,0.01,0.81
20.5,74,Kalwan Taluka,Maharashtra,0,0,0,0,0.22,3.09,9.36,3.18,2.36,4.49,0.07,0.73
20.5,74.25,Deola Taluka,Maharashtra,0,0,0,0,0.08,4.33,3.59,2.54,3.47,2.22,0.11,0.27
20.5,74.5,Malegaon Taluka,Maharashtra,0,0,0,0,0.05,4.66,4.09,3.33,3.47,2.13,0.15,0.06
20.5,74.75,Nandgaon Taluka,Maharashtra,0,0,0,0,0.1,4.65,4.05,5.16,5.32,3.12,0.22,0.1
20.5,75,Chalisgaon,Maharashtra,0,0,0,0,0.32,3.8,3.49,5.04,4.84,3.13,0.29,0
20.5,75.25,Soegaon,Maharashtra,0,0,0,0,0.04,3.44,3.31,3.71,5.49,1.71,0.26,0
20.5,75.5,Unknown,Maharashtra,0,0,0,0,0.1,5.75,3.22,3.29,6.43,2.31,0.15,0
20.5,75.75,Unknown,Maharashtra,0,0,0.12,0,0.06,6.48,3.42,4.09,7.56,2.7,0.05,0
20.5,76,Unknown,Maharashtra,0,0,0.3,0,0,8.82,4.69,5.86,9.96,2.29,0.14,0
20.5,76.25,Unknown,Maharashtra,0,0,0.11,0,0,7.22,4.42,4.88,7.61,2.12,0.05,0
20.5,76.5,Khamgaon,Maharashtra,0,0,0,0,0,4.79,5.47,3.99,3.6,1.72,0,0
20.5,76.75,Patur,Maharashtra,0,0,0,0,0,5.52,5.17,2.9,1.97,3.12,0,0
20.5,77,Patur,Maharashtra,0,0,0.06,0,0,5.16,5.24,3.3,2.18,3.02,0,0
20.5,77.25,Barshitakli,Maharashtra,0,0,0.11,0,0.01,5.77,6.23,3.22,2.52,3.65,0,0
20.5,77.5,Karanja,Maharashtra,0,0,0,0,0.17,6.86,4.52,1.87,3.57,1.8,0,0
20.5,77.75,Ner,Maharashtra,0,0,0,0,0.31,6.61,5.88,2.56,4.54,1.54,0,0
20.5,78,Yavatmal,Maharashtra,0,0,0,0,0.21,5.07,5.84,3.33,5.69,2.98,0,0
20.5,78.25,Babulgaon,Maharashtra,0,0,0,0,0.06,4.64,4.98,2.82,3.67,1.3,0,0
20.5,78.5,Kalamb,Maharashtra,0,0,0,0,0.41,5.84,7.8,4.16,5.53,1.02,0,0
20.5,78.75,Hinganghat,Maharashtra,0,0,0.07,0,0.35,6.59,8.87,5.21,5.3,1.13,0,0
20.5,79,Samudrapur,Maharashtra,0,0,0.37,0,0.73,7.29,7.63,6.12,6.3,1.22,0,0
20.5,79.25,Chimur Taluka,Maharashtra,0,0,0.47,0,0.94,7.39,7.27,6.87,7.57,1.14,0,0
20.5,79.5,Chimur Taluka,Maharashtra,0,0,0.53,0,0.27,4.06,11.33,8.34,4.03,0.81,0,0
20.5,79.75,Nagbhir Taluka,Maharashtra,0,0,0.21,0,0.22,3.42,14.69,7.37,6.57,1.01,0,0
20.5,80,Armori Taluka,Maharashtra,0,0,0.21,0,0.15,3.9,14.21,8.91,6.59,1.73,0,0
20.5,80.25,Kurkheda Taluka,Maharashtra,0,0,0.55,0,0.23,4.23,15.22,7.93,6.51,2.27,0,0
20.5,80.5,Korchi Taluka,Maharashtra,0,0,0.55,0,0.26,4.68,15.46,8.44,7.12,1.49,0,0
20.75,74,Baglan Taluka,Maharashtra,0,0,0,0,0.04,2.18,9.62,5.25,2.73,2.93,0.06,0.78
20.75,74.25,Baglan Taluka,Maharashtra,0,0,0,0,0.08,3.39,4.61,3.15,4.41,2.61,0.09,0.63
20.75,74.5,Malegaon Taluka,Maharashtra,0,0,0,0,0.07,4.5,3.81,2.81,2.96,2.7,0.16,0.24
20.75,74.75,Dhule Taluka,Maharashtra,0,0,0,0,0.33,5.6,4.4,3.32,3.69,3.37,0.37,0.15
20.75,75,Parola,Maharashtra,0,0,0,0,0.76,5.5,4.31,4.12,5.96,2.05,1.08,0.02
20.75,75.25,Bhadgaon,Maharashtra,0,0,0,0,0.46,3.7,4.23,3.83,6.28,1.38,0.29,0
20.75,75.5,Pachora,Maharashtra,0,0,0,0,0.09,3.16,4.67,4.11,3.91,1.74,0.05,0
20.75,75.75,Jamner,Maharashtra,0,0,0.13,0,0,2.3,4.34,4.32,3.42,1.83,0,0
20.75,76,Motala,Maharashtra,0,0,0.03,0,0,4.88,4.54,6.17,4.21,2.26,0.01,0
20.75,76.25,Nandura,Maharashtra,0,0,0,0,0,6.47,5.25,5.87,3.86,1.47,0,0
20.75,76.5,Khamgaon,Maharashtra,0,0,0,0,0,3.87,5.66,3.91,3.6,0.89,0,0
20.75,76.75,Shegaon,Maharashtra,0,0,0.01,0,0,3.93,5.03,4.41,3.2,1.54,0,0
20.75,77,Akola,Maharashtra,0,0,0.02,0,0,4.02,5.59,4.8,2.48,1.46,0,0
20.75,77.25,Akola,Maharashtra,0,0,0,0,0,4.86,9.09,5.65,2.73,1.99,0,0
20.75,77.5,Unknown,Maharashtra,0,0,0,0,0.34,3.77,4.99,4.65,2.5,2.54,0.04,0
20.75,77.75,Nandgaon-Khandeshwar,Maharashtra,0,0,0,0,0.35,4.06,5.41,3.84,2.14,1.77,0.02,0
20.75,78,Chandur Railway,Maharashtra,0,0,0,0,0.02,4.29,5.82,3.03,2.47,0.39,0,0
20.75,78.25,Dhamangaon Railway,Maharashtra,0,0,0,0,0.22,7.22,6.79,4.97,4.12,1.28,0,0
20.75,78.5,Wardha,Maharashtra,0,0,0,0,0.47,7.2,6.43,4.42,4.88,1.08,0,0
20.75,78.75,Seloo,Maharashtra,0,0,0,0,0.07,6.39,7.52,6.23,4.28,1.23,0,0
20.75,79,Unknown,Maharashtra,0,0,0.18,0,0.56,5.51,7.1,10.21,5.45,0.89,0,0
20.75,79.25,Bhiwapur Taluka,Maharashtra,0,0,0.26,0,0.65,3.68,8.04,13.01,5.82,0.95,0,0
20.75,79.5,Bhiwapur Taluka,Maharashtra,0,0,0.41,0,0.55,3.33,9.77,12.08,5.62,1.26,0,0
20.75,79.75,Lakhandur Taluka,Maharashtra,0,0,0.61,0,0.41,3.27,11.34,11.6,4.38,1.25,0,0
20.75,80,Arjuni Morgaon Taluka,Maharashtra,0,0,0.38,0,0.27,3.91,13.88,9.29,6.31,1.76,0,0
20.75,80.25,Arjuni Morgaon Taluka,Maharashtra,0,0,0.93,0,0.2,4.07,17.2,9.35,7.34,1.89,0,0
20.75,80.5,Korchi Taluka,Maharashtra,0,0,0.19,0,0.13,3.21,14.87,5.55,5.85,1.43,0,0
21,74,Sakri Taluka,Maharashtra,0,0,0,0,0.01,2.58,7.95,4.81,5.05,3.08,0,0.99
21,74.25,Sakri Taluka,Maharashtra,0,0,0,0,0.01,2.6,5.7,3.61,6.66,3.53,0.04,0.95
21,74.5,Dhule Taluka,Maharashtra,0,0,0,0,0.14,4.08,4.09,3.36,2.88,3.21,0.18,0.42
21,74.75,Dhule Taluka,Maharashtra,0,0,0,0,0.16,5,3.91,3.34,2.91,3.01,0.18,0.16
21,75,Amalner,Maharashtra,0,0,0,0,0.73,4.46,4.01,3.64,3.77,1.65,0.66,0.01
21,75.25,Dharangaon,Maharashtra,0,0,0,0,0.33,3.63,7.55,6.32,2.59,1.25,0.19,0
21,75.5,Erandol,Maharashtra,0,0,0,0,0.21,5.98,7.51,5.1,2.62,1.23,0.01,0
21,75.75,Bhusawal,Maharashtra,0.01,0,0,0,0.33,1.31,4.62,3.84,3.07,0.95,0,0
21,76,Muktainagar (Edlabad),Maharashtra,0.02,0,0,0,0,1.67,5.2,5.11,2.94,0.99,0,0
21,76.25,Muktainagar (Edlabad),Maharashtra,0,0,0,0,0,5.83,6.57,6.32,3.93,1.88,0,0
21,76.5,Jalgaon Jamod,Maharashtra,0,0,0,0,0,3.51,3.98,4.95,4.9,2.65,0,0
21,76.75,Sangrampur,Maharashtra,0,0,0,0,0,2.91,3.72,6.25,5.27,3.52,0,0
21,77,Akot,Maharashtra,0,0,0,0,0,1.91,3.37,5.95,2.81,2.83,0,0
21,77.25,Unknown,Maharashtra,0,0,0,0,0.01,2.63,3.87,4.27,2.84,2.17,0,0
21,77.5,Unknown,Maharashtra,0,0,0,0,0.29,3.34,4.46,4.9,2.85,2.8,0.05,0
21,77.75,Amravati,Maharashtra,0,0,0,0,0.29,4.43,5.43,4.49,2.99,2.4,0.21,0
21,78,Teosa,Maharashtra,0,0,0,0,0.01,4.5,5.82,4.49,3.23,1.45,0.19,0
21,78.25,Arvi,Maharashtra,0,0,0,0,0.13,6.84,6.12,6.67,5.65,1.77,0,0
21,78.5,Karanja,Maharashtra,0,0,0,0,0.25,6.19,6.54,6.86,6.01,1.75,0,0
21,78.75,Unknown,Maharashtra,0.02,0,0.03,0,0.61,5.04,8,9.24,4.16,2.27,0,0
21,79,Unknown,Maharashtra,0,0,0.06,0,0.66,5.23,8.52,11.75,4.72,1.2,0,0
21,79.25,Kuhi Taluka,Maharashtra,0,0,0.07,0,0.2,2.6,6.74,12.78,7.14,2.64,0,0
21,79.5,Kuhi Taluka,Maharashtra,0,0,0.57,0,0.6,4.44,10.49,5.98,4.19,1.7,0,0
21,79.75,Pauni Taluka,Maharashtra,0,0,0.18,0,0.88,3.64,8.61,8.5,2.58,1.46,0,0
21,80,Sakoli Taluka,Maharashtra,0,0,0.2,0,1.16,2.99,7.85,7,2.11,2.55,0,0
21,80.25,Sadak-Arjuni Taluka,Maharashtra,0.01,0.01,0.48,0,0.99,2.56,10.15,6.62,3.61,3.04,0,0
21.25,74,Navapur Taluka,Maharashtra,0,0,0,0,0,3.43,8.73,4.64,3.8,1.54,0,0.87
21.25,74.25,Nandurbar Taluka,Maharashtra,0,0,0,0,0,3.02,7.86,4.64,4.02,1.95,0,0.88
21.25,74.5,Shindkheda Taluka,Maharashtra,0,0,0,0,0.06,3.79,4.11,5.71,2.43,1.61,0.07,0.46
21.25,74.75,Shindkheda Taluka,Maharashtra,0,0,0,0,0.31,3.48,4.21,6.75,2.87,1.56,0.31,0.29
21.25,75,Shirpur Taluka,Maharashtra,0,0,0,0,0.2,3.09,4.66,5.6,2.11,1.09,0.21,0.09
21.25,75.25,Chopda,Maharashtra,0,0,0,0,0.09,3.25,5.75,6.05,1.65,0.9,0.01,0.02
21.25,75.5,Chopda,Maharashtra,0.01,0,0,0,0.78,3.61,7.36,4.72,3.1,0.92,0,0.01
21.25,75.75,Yawal,Maharashtra,0.04,0,0,0,0.59,3.71,6.09,5.85,5.46,0.92,0,0
21.25,76,Raver,Maharashtra,0.1,0,0,0,0,3.76,5.62,6.31,6.09,0.83,0,0
21.25,76.75,Unknown,Maharashtra,0,0.01,0,0,0,2.51,3.89,6.71,4.56,3.32,0,0
21.25,77,Chikhaldara,Maharashtra,0,0,0,0,0.02,1.94,4.5,6.25,3.53,2.98,0,0
21.25,77.25,Chikhaldara,Maharashtra,0,0,0,0,0.11,2.61,5.5,4.58,4.21,1.98,0,0
21.25,77.5,Achalpur,Maharashtra,0,0,0,0,0.08,2.78,4.98,4.78,4,2.4,0,0
21.25,77.75,Chandurbazar,Maharashtra,0,0,0,0,0.03,3.3,5.27,5.54,4.14,1.5,0.04,0
21.25,78,Unknown,Maharashtra,0,0,0,0,0.01,3.89,5.98,5.89,4.47,1.38,0.24,0
21.25,78.25,Unknown,Maharashtra,0,0,0,0,0.14,4.97,7.45,9.95,8.59,1.95,0.14,0
21.25,78.5,Katol,Maharashtra,0.01,0,0,0,0.23,4.99,7.64,11.58,9.39,2.17,0,0
21.25,78.75,Katol,Maharashtra,0.09,0,0,0,0.25,5.37,6.47,10.53,4.5,0.93,0,0
21.25,79,Nagpur Rural Taluka,Maharashtra,0,0,0,0,0.47,4.12,7.56,10.08,3.65,0.99,0,0
21.25,79.25,Parseoni,Maharashtra,0.02,0,0.07,0,0.54,4.27,9.71,12.53,5.63,1.07,0,0
21.25,79.5,Mauda Taluka,Maharashtra,0.02,0,0.13,0,0.29,2.64,10.61,8.6,3.55,2.5,0,0
21.25,79.75,Mohadi Taluka,Maharashtra,0.04,0,0.09,0,0.57,3.01,9.22,8.33,2.82,1.67,0,0
21.25,80,Tiroda Taluka,Maharashtra,0,0,0.21,0,0.84,4.03,11.92,7.14,2.2,1.94,0,0
21.25,80.25,Goregaon Taluka,Maharashtra,0.06,0.1,0.13,0,0.49,3.81,11.74,6.81,2.43,1.03,0,0
21.25,80.5,Salekasa Taluka,Maharashtra,0.03,0.01,0.16,0,0.42,5.04,8.05,6.64,4.27,0.76,0,0
21.5,74.5,Shahada Taluka,Maharashtra,0,0,0,0,0,3.5,5.67,3.54,3.7,1.75,0,0.74
21.5,74.75,Shahada Taluka,Maharashtra,0,0,0,0,0.01,3.87,4.68,7.12,3.38,1.7,0.05,0.34
21.5,75,Shirpur Taluka,Maharashtra,0,0,0,0,0.03,5.67,7.09,6.09,3.74,1.28,0.03,0.31
21.5,77,Unknown,Maharashtra,0,0,0,0,0.07,2.92,9.12,6.35,5.13,2.64,0,0
21.5,77.25,Chikhaldara,Maharashtra,0,0.03,0,0,0.07,3.15,10.57,6.58,6.22,2.82,0,0
21.5,78.25,Unknown,Maharashtra,0,0.05,0,0,0.12,4.27,7.59,7.45,6.48,1.31,0.37,0
21.5,78.5,Narkhed,Maharashtra,0.03,0,0,0,1.06,4.19,7.03,9.96,7.24,1.74,0.43,0
21.5,79,Parseoni,Maharashtra,0.04,0,0,0,0.76,4.76,8.23,10.58,4.06,0.92,0,0
21.5,79.25,Ramtek Taluka,Maharashtra,0.08,0,0,0,0.56,4.61,9.57,10.42,3.46,1.16,0,0
21.5,79.5,Tumsar Taluka,Maharashtra,0.13,0,0.03,0,0.17,1.92,9.78,8.77,3.88,2.12,0,0
21.5,79.75,Tumsar Taluka,Maharashtra,0.09,0,0.06,0,0.24,2.32,9.45,7.79,2.99,1.84,0,0
21.5,80,Tiroda Taluka,Maharashtra,0,0,0.3,0,0.49,3.53,13.73,8.19,3.32,0.33,0,0
21.5,80.25,Gondiya Taluka,Maharashtra,0.01,0.01,0.19,0,0.13,2.72,9.92,6.11,2.11,1.76,0,0
21.75,74,Akkalkuwa Taluka,Maharashtra,0,0,0,0,0,7.23,12.79,5.19,2.45,0.36,0,0.82
21.75,74.25,Akrani Taluka,Maharashtra,0,0,0,0,0,4.42,12.28,4.7,3.01,0.78,0,0.78
21.75,74.5,Shahada Taluka,Maharashtra,0,0,0,0,0,3.73,9.89,3.68,3.21,1.05,0,0.8
24,93.5,Singngat subdivision,Manipur,0.19,0.71,6.69,8.18,5.21,10.51,12.53,7.52,10.5,8.6,0.14,3.3
24,94,Chakpikarong subdivision,Manipur,0.23,0.72,6.84,6.96,4.86,9.17,11.55,4.01,10.06,7.58,0.12,3.33
24.25,93.25,Thanlon subdivision,Manipur,0.14,0.73,7.17,9.68,5.71,12.25,13.95,11.53,10.87,9.57,0.16,3.32
24.25,93.5,Henglep subdivision,Manipur,0.2,0.72,6.92,7.96,5.14,10.28,12.48,6.74,10.43,8.31,0.13,3.32
24.25,93.75,Churachandpur Subdivision,Manipur,0.23,0.72,6.84,7.19,4.91,9.41,11.78,4.61,10.18,7.74,0.12,3.33
24.25,94,Chandel subdivision,Manipur,0.23,0.72,6.84,6.97,4.87,9.18,11.56,4.03,10.07,7.58,0.12,3.33
24.25,94.25,Tengnoupal subdivision,Manipur,0.23,0.72,6.84,6.96,4.86,9.17,11.55,4,10.06,7.58,0.12,3.33
24.5,93.25,Thanlon subdivision,Manipur,0.17,0.73,7.12,8.71,5.4,11.19,13.15,8.65,10.58,8.78,0.14,3.32
24.5,93.5,Henglep subdivision,Manipur,0.22,0.72,6.9,7.39,4.98,9.66,11.97,5.14,10.22,7.87,0.12,3.33
24.5,93.75,Bishnupur block,Manipur,0.22,0.7,6.77,7.15,4.92,9.41,11.86,4.64,10.24,7.71,0.12,3.29
24.5,94,Kakching subdivision,Manipur,0.23,0.7,6.77,6.93,4.9,9.21,11.66,4.13,10.11,7.55,0.12,3.28
24.5,94.25,Machi subdivision,Manipur,0.23,0.71,6.79,6.93,4.89,9.19,11.62,4.06,10.09,7.55,0.12,3.29
24.75,93.25,Tamenglong West,Manipur,0.2,0.72,7.04,7.87,5.14,10.26,12.42,6.29,10.34,8.19,0.13,3.32
24.75,93.5,Nungba subdivision,Manipur,0.23,0.72,6.84,6.96,4.86,9.17,11.56,4.01,10.06,7.58,0.12,3.33
24.75,93.75,Bungte Chiru Subdivision,Manipur,0.22,0.69,6.71,6.98,4.93,9.31,11.83,4.44,10.18,7.57,0.12,3.24
24.75,94,Keirao Bitra,Manipur,0.22,0.65,6.56,6.78,4.98,9.27,11.94,4.48,10.24,7.42,0.13,3.11
24.75,94.25,Kasom Khullen,Manipur,0.21,0.63,6.49,6.7,5.04,9.3,12.02,4.44,10.33,7.37,0.12,3.06
24.75,94.5,Kamjong subdivision,Manipur,0.21,0.61,6.38,6.6,5.07,9.34,12.17,4.54,10.44,7.32,0.12,2.97
25,93.5,Tamenglong Subdivision,Manipur,0.21,0.64,6.52,6.96,4.92,9.36,12.13,5.09,10.19,7.42,0.14,3.08
25,93.75,Tamenglong North,Manipur,0.21,0.62,6.43,6.74,4.98,9.26,12.08,4.75,10.15,7.27,0.14,3.01
25,94,Saikul subdivision,Manipur,0.19,0.53,6.04,6.46,5.15,9.4,12.62,5.32,10.43,7.02,0.14,2.7
25,94.25,Ukhrul subdivision,Manipur,0.17,0.43,5.65,6.14,5.36,9.57,13.15,5.72,10.83,6.83,0.15,2.41
25,94.5,Kamjong subdivision,Manipur,0.13,0.27,4.99,5.54,5.73,9.84,14.03,6.27,11.5,6.51,0.14,1.91
25.25,93.5,Tamenglong West,Manipur,0.14,0.36,5.27,6.17,5.21,9.37,13.4,6.82,10.05,6.38,0.19,2.11
25.25,93.75,Tamenglong North,Manipur,0.12,0.26,4.86,5.76,5.56,9.63,14.04,7.14,10.71,6.21,0.18,1.79
25.25,94,Kangpoki subdivision,Manipur,0.11,0.2,4.64,5.58,5.68,9.75,14.38,7.44,10.9,6.08,0.18,1.62
25.25,94.25,Senapati tehsil,Manipur,0.1,0.14,4.43,5.36,5.8,9.9,14.72,7.64,11.19,5.99,0.18,1.47
25.25,94.5,Chingai,Manipur,0.09,0.07,4.16,5.02,6.06,10.1,15.14,7.68,11.66,5.92,0.16,1.26
25.5,94,Senapati tehsil,Manipur,0.06,0.04,3.86,5.32,5.66,9.56,14.99,8.83,10.12,5.4,0.22,1.03
25.5,94.5,Chingai,Manipur,0.07,0.01,3.88,5.02,5.96,10.05,15.43,8.68,10.86,5.55,0.19,1.04
25.25,90.25,Gasuapara,Meghalaya,0,0.12,6.5,20.48,20.09,18.76,24.71,32.88,23.41,12.31,0.04,0.07
25.25,90.5,Baghmara,Meghalaya,0,3.56,9.15,28.28,20.82,31.07,34.98,43.27,28.27,15.08,0.11,0.41
25.25,90.75,Rongara,Meghalaya,0,10.86,13.15,39.97,17.52,54.66,50.36,56.45,33.76,18.15,0.26,1.12
25.25,91,Ranikor,Meghalaya,0.05,12.8,13.48,40.2,14.73,60.04,52.57,58.06,33.02,18.22,0.4,1.33
25.25,91.25,Ranikor,Meghalaya,0.01,14.98,15.31,46.06,15.96,67.61,60.01,64.25,38.13,19.95,0.3,1.53
25.25,91.5,Unknown,Meghalaya,0.02,14.18,14.74,44.44,15.57,64.97,57.05,61.84,35.97,19.4,0.36,1.45
25.25,91.75,Shella Bholaganj,Meghalaya,0.02,9.63,11.44,32.81,14.34,50.33,42.81,49.71,26.62,16.65,0.32,1.53
25.25,92,Amlarem,Meghalaya,0.08,1.79,9.36,21.12,14.37,27.55,16.64,24.12,13.55,12.61,0.46,2.84
25.25,92.25,Khliehriat,Meghalaya,0,2.32,11.19,20.79,11.76,22.45,13.89,16.95,12.48,12.32,0.58,2.13
25.25,92.5,Saipung,Meghalaya,0,2.31,10.8,16.04,8.07,15.16,9.64,11.11,10.95,10.84,0.79,0.79
25.25,92.75,Saipung,Meghalaya,0,2.23,8.27,14.8,8.04,13.56,8.77,10.28,11.35,10.12,0.78,0.57
25.5,90,Betasing,Meghalaya,0,0.09,7.06,21.94,21.75,19.69,26.84,36.29,24.54,13.28,0.05,0.09
25.5,90.25,Gambegre,Meghalaya,0,0.13,6.66,20.94,20.6,19.07,25.44,33.94,23.75,12.58,0.05,0.08
25.5,90.5,Samanda,Meghalaya,0,0.29,5.73,18.8,17.93,17.92,22.83,29.62,22.42,11.09,0.05,0.06
25.5,90.75,Baghmara,Meghalaya,0,9.59,12.21,37.53,17.43,49.9,47.35,52.4,31.14,17.04,0.21,0.99
25.5,91,Mawshynrut,Meghalaya,0.11,10.82,11.75,34.58,13.55,53.05,45.97,52.48,28.69,16.63,0.49,1.16
25.5,91.25,Nongstoin,Meghalaya,0.08,10.58,11.58,34.04,13.49,52.43,45.16,51.99,28.64,16.45,0.45,1.14
25.5,91.5,Mawthadraishan,Meghalaya,0.14,0.77,3.13,6.51,8.05,18.86,12.44,25.42,11.38,8.65,0.62,0.32
25.5,91.75,Mawphlang,Meghalaya,0.34,2.97,4.81,14.32,8.56,24.43,17.91,27.64,14.58,10.25,0.95,0.39
25.5,92,Mawkynrew,Meghalaya,0.27,0.37,3.52,6.67,7.44,14.31,9.86,17.72,10.29,7.53,0.79,0.43
25.5,92.25,Thadlaskein,Meghalaya,0,1.21,3.98,8.43,6.23,9.47,7.2,8.1,9.36,6.52,0.54,0.14
25.5,92.5,Laskein,Meghalaya,0,1.29,4.8,8.05,6.92,9.68,7.39,8.46,9.23,6.48,0.47,0.33
25.75,90,Selsella,Meghalaya,0.01,0.09,5.77,18.58,17.86,17.5,21.39,28.14,21.51,11.08,0.03,0.06
25.75,90.25,Dadenggiri,Meghalaya,0,0.24,5.84,19.05,18.22,17.91,22.67,29.26,21.97,11.07,0.04,0.06
25.75,90.5,Songsak,Meghalaya,0.01,0.65,4.38,16.43,14.28,16.99,20.23,25.3,21.01,9.11,0.07,0.04
25.75,90.75,Dambo Rongjeng,Meghalaya,0,0.77,2.58,12.42,8.36,14.23,15.5,15.3,13.51,5.7,0.1,0.01
25.75,91,Mawshynrut,Meghalaya,0.02,0.28,4.21,8.49,5.02,12.84,10.1,12.43,6.7,6.56,0.18,0.11
25.75,91.5,Mairang,Meghalaya,0.44,0.06,2.4,4.08,5.37,10.9,7.25,15.6,7.66,7.5,1,0.1
25.75,91.75,Mairang,Meghalaya,0.41,0.08,2.36,4.26,5.83,11.67,7.77,16.84,7.95,7.44,1.01,0.12
25.75,92,Umsning,Meghalaya,0.33,0.16,2.02,5.36,5.88,9.34,7.89,13.08,7.14,5.79,1.13,0.02
26,91.75,Jirang,Meghalaya,0.15,0.15,2.16,5.72,4.25,8,6.25,10.66,4.58,5.3,0.76,0.03
26,92,Umling,Meghalaya,0,0.19,0.98,6.52,5.62,7.44,7.21,10.48,4,4.48,0.92,0
22,93,Tipa,Mizoram,0,0,4.13,8.12,4.77,34.51,34.73,48.22,21.92,6.28,0,2.35
22.25,92.75,Lawngtlai,Mizoram,0,0,4.07,8.35,4.77,33.72,32.95,46.6,21.73,6.71,0.11,2.41
22.25,93,Tipa,Mizoram,0,0,4.08,8.33,4.77,33.8,33.14,46.78,21.75,6.66,0.09,2.4
22.5,92.75,Lawngtlai,Mizoram,0,0,4,8.63,4.78,32.75,32.88,44.6,21.47,7.22,0.23,2.45
22.5,93,Saiha,Mizoram,0,0,3.98,8.69,4.77,32.51,32.37,44.14,21.44,7.35,0.26,2.48
22.75,92.5,Lungsen,Mizoram,0,0.01,4.04,8.47,4.81,33.34,33.79,45.78,21.48,6.87,0.13,2.28
22.75,92.75,Lunglei,Mizoram,0,0.01,3.91,8.99,4.85,31.67,30.18,42.21,20.95,7.76,0.34,2.43
22.75,93,Sangau,Mizoram,0,0.01,3.86,9.19,4.83,30.93,28.7,40.72,20.85,8.17,0.44,2.51
23,92.5,Lungsen,Mizoram,0,0.02,3.99,8.71,4.87,32.6,32.08,44.19,21.11,7.22,0.2,2.28
23,92.75,Lunglei,Mizoram,0,0.05,3.78,9.64,5.04,29.74,25.82,37.91,19.87,8.68,0.52,2.44
23,93,Hnahthial,Mizoram,0,0.05,3.7,9.9,5.03,28.88,24.03,36.08,19.71,9.16,0.63,2.52
23.25,92.5,West Bunghmun,Mizoram,0,0.01,3.41,11.01,4.84,24.39,13.61,27.55,19.31,11.61,1.27,2.99
23.25,92.75,Serchhip,Mizoram,0.01,0.1,3.56,10.67,5.32,26.55,19,30.93,18.21,10.19,0.81,2.58
23.25,93,East Lungdar,Mizoram,0.01,0.12,3.54,10.79,5.46,26.54,19.02,30.46,17.73,10.15,0.77,2.5
23.25,93.25,Khawbung,Mizoram,0.01,0.11,3.48,10.92,5.38,26.15,18.02,29.6,17.9,10.44,0.86,2.56
23.5,92.5,West Phaileng,Mizoram,0.01,0.25,3.36,12.02,6.23,23.16,12.7,22.66,14.46,11.37,0.88,2.64
23.5,92.75,Aibawk,Mizoram,0.02,0.29,3.43,12.01,6.49,23.2,13.29,22.76,13.65,11.13,0.75,2.5
23.5,93,Serchhip,Mizoram,0.02,0.29,3.4,12,6.44,23.56,13.66,23.11,13.84,11.06,0.75,2.44
23.5,93.25,Khawzawl,Mizoram,0.01,0.26,3.33,11.99,6.23,23.79,13.57,23.33,14.54,11.15,0.82,2.44
23.75,92.5,West Phaileng,Mizoram,0.03,0.54,3.25,13.19,7.65,22.04,11.77,17.47,9.21,11.05,0.42,1.89
23.75,92.75,Tlangnuam,Mizoram,0.02,0.37,3.52,12.34,6.88,21.8,11.71,20.51,11.93,11.43,0.69,2.39
23.75,93,Thingsulthliah,Mizoram,0.02,0.41,3.62,12.33,6.95,21.5,11.72,20.37,11.7,11.46,0.66,2.39
23.75,93.25,Ngopa,Mizoram,0.04,0.38,3.66,11.95,6.65,21.09,11.78,19.29,12.19,10.99,0.67,2.43
24,92.5,Zawlnuam,Mizoram,0.03,0.7,3.82,13,7.62,19.85,10.7,16.7,7.17,10.44,0.28,2.06
24,92.75,'N' Thingdawl,Mizoram,0.02,0.61,4.24,12.93,7.83,19.13,12.45,18.58,8.51,11.51,0.29,2.36
24,93,Phullen,Mizoram,0.01,0.67,5.09,13.35,7.27,17.97,14.72,20.55,10.4,12.38,0.25,2.71
24,93.25,Ngopa,Mizoram,0.1,0.72,6.25,10.49,6.03,13.39,13.9,14.01,10.8,10.57,0.18,3.15
24.25,92.75,'N' Thingdawl,Mizoram,0,0.96,8,13.28,8.42,15.31,14.96,19.87,9.74,11.98,0.22,3.43
24.25,93,Darlawn,Mizoram,0,0.9,8.03,13.52,8.03,15.9,15.96,20.37,10.72,12,0.21,3.39
25.5,93.5,Kebai Khelma,Nagaland,0.04,0.08,3.78,6.03,4.79,8.73,14.39,10.09,8.21,4.9,0.3,0.95
25.5,93.75,Peren,Nagaland,0.06,0.02,3.83,4.98,6.06,9.87,15.24,8.29,10.75,5.57,0.18,1.02
25.5,94.25,Zuketsa,Nagaland,0.06,0.04,3.89,5.32,5.64,9.7,15.12,8.99,10.27,5.41,0.22,1.04
25.75,93.75,Chumukedima,Nagaland,0.06,0.01,3.84,4.93,6.17,9.98,15.36,8.4,10.75,5.59,0.18,1
25.75,94,Sechu-Zubza,Nagaland,0.05,0.04,3.84,5.31,5.75,9.48,14.96,8.88,9.79,5.35,0.23,0.93
25.75,94.25,Kezocha,Nagaland,0.05,0.04,3.85,5.39,5.62,9.45,14.96,9.09,9.68,5.31,0.24,0.92
25.75,94.5,Phek Sadar,Nagaland,0.06,0.17,3.82,5.32,5.92,9.81,15.18,8.64,10.11,5.52,0.2,0.92
25.75,94.75,Phor,Nagaland,0.06,0.35,3.77,5.19,6.36,9.85,14.99,7.48,10.06,5.88,0.16,0.84
25.75,95,Khongsa,Nagaland,0.04,0.72,3.67,5.64,6.58,9.43,14.28,6.52,8.88,5.83,0.14,0.61
26,94,Ralan,Nagaland,0.04,0.08,3.9,5.8,5.41,8.62,14.18,9.18,8.2,5.03,0.27,0.76
26,94.25,Chunlika,Nagaland,0.04,0.35,3.92,5.93,5.86,9.33,14.77,9.04,9.3,5.4,0.24,0.75
26,94.5,Zunheboto Sadar,Nagaland,0.04,0.8,3.79,5.69,6.86,9.41,14.78,6.96,9.71,6.03,0.18,0.56
26,94.75,Amahator,Nagaland,0.02,1.58,3.64,6.65,7.04,8.61,13.39,6.22,8.17,5.49,0.13,0.25
26,95,Thonoknyu,Nagaland,0.01,2.13,4.04,7.34,7.91,7.95,12.72,7.03,7.61,5.21,0.15,0
26.25,94.25,Sanis,Nagaland,0,1.8,3.87,6.71,7.82,8.34,14.73,6.58,8.01,5.6,0.22,0
26.25,94.5,Akuluto,Nagaland,0,2.23,3.9,7.42,7.68,8.1,13.6,6.89,8.77,5.45,0.16,0
26.25,94.75,Longkhim,Nagaland,0.02,2.41,3.58,7.29,7.57,8.23,13.19,6.61,8.6,5.43,0.1,0
26.25,95,Noklak,Nagaland,0.03,2.23,4.3,7.59,8.24,7.73,12.2,8.15,7.68,4.83,0.18,0
26.5,94.25,Changpang,Nagaland,0,2.28,3.98,7.42,7.76,8.09,13.76,7.16,9.11,5.52,0.17,0
26.5,94.5,Alongkima,Nagaland,0.02,2.5,3.64,7.43,7.69,8.2,13.27,6.91,9.05,5.43,0.1,0
26.5,94.75,Longleng,Nagaland,0.03,2.54,3.5,7.15,7.65,8.39,13.45,6.91,9.16,5.62,0.1,0
26.5,95,Mon,Nagaland,0.04,2.37,4.58,7.66,8.7,7.68,12.13,9.16,8.32,4.72,0.21,0
26.75,94.75,Namsang,Nagaland,0.07,2.63,3.91,7.39,8.32,8.55,13.68,8.1,9.3,5.86,0.12,0
26.75,95,Mon,Nagaland,0.06,2.69,4.7,7.77,9.28,7.77,12.65,10.72,9.74,5.71,0.25,0
18,81.5,M.V. 79,Odisha,0,0,0.09,0.11,0.89,12.63,16.91,17.17,9.77,5.02,0,0
18,81.75,Kalimela,Odisha,0,0,0.19,0.25,1.53,9.6,13.29,15.91,10.57,4.8,0.12,0
18,82.25,Paparmetla,Odisha,0,0,0.5,1.25,2.93,7.21,4.87,8.59,7.94,4.63,0.41,0
18.25,81.75,Kalimela,Odisha,0,0,0.18,0.24,1.07,11.03,16.92,21.76,12.71,4.7,0.01,0
18.25,82,Orkel,Odisha,0,0,0.34,0.89,1.82,9.05,10.93,15.35,10.09,4.65,0.25,0
18.25,82.25,Jodamba,Odisha,0,0,0.36,1.56,2.57,7.52,5.37,8.98,6.67,5.66,0.51,0
18.5,82,Malkangiri,Odisha,0,0,0.6,0.57,1.7,8.62,15.89,19.53,10.82,4.95,0.36,0.01
18.5,82.25,Mudulipada,Odisha,0,0,1.08,1.19,2.53,6.28,13.33,11.88,5.53,7.07,0.91,0.01
18.5,82.75,Nandapur,Odisha,0,0,0.02,0.4,1.63,8.87,7.36,10.51,5.6,8.79,0.68,0
18.5,83,Pottangi,Odisha,0,0,0.14,0,1.79,3.65,4.67,7.53,3.91,4.76,1.27,0
18.75,82.25,Boipariguda,Odisha,0,0,1.4,1.19,3.04,6.43,14.41,13.16,5.79,7.07,1.12,0.02
18.75,82.5,Boipariguda,Odisha,0,0,0.85,0.84,2.41,5.8,14.97,10.69,5.25,6.9,0.49,0
18.75,82.75,Koraput,Odisha,0,0,0.25,0.38,1.9,6.85,9.26,10.52,5.19,7.45,1.08,0
18.75,83,Pottangi,Odisha,0,0,0.84,0.26,1.64,4.44,5.84,9.33,6.35,5.01,1.33,0
19,82.25,Kotpad,Odisha,0,0,1.23,1.26,2.57,6.77,14.01,14.53,6.21,6.7,0.91,0.01
19,82.5,Boriguma,Odisha,0,0,1.18,1.11,3.07,6.42,14.96,13.01,5.69,7.05,0.97,0.01
19,82.75,Bhairabsingipur,Odisha,0,0,0.81,0.39,2.13,5.37,10.45,12.43,5.85,6.75,3.12,0
19,83,Kakiriguma,Odisha,0,0,1.02,0.39,1.57,1.74,5.63,18.94,5.23,5.48,7.73,0
19,83.25,Bandhugaon,Odisha,0,0,0.8,0.24,1.58,2.14,3.84,7.14,2.81,4.04,0.53,0
19,83.75,Gunupur,Odisha,0,0,2.05,0.5,6.32,6.57,10.57,11.03,6.78,6.52,2,0
19,84,Serango,Odisha,0,0,2.76,0.25,5.87,6.86,10.21,12.66,5.47,6.49,2.35,0.01
19,84.25,Ramagiri,Odisha,0,0,1.56,0.76,1.93,5.07,10.3,11.41,5.3,4.91,6.15,0.07
19.25,82.25,Kosagumuda,Odisha,0,0,0.47,1.35,1.17,7.57,13.11,17.88,6.86,5.68,0.01,0
19.25,82.5,Nabarangapur P.S,Odisha,0,0,0.38,0.92,2.85,10.27,18.57,21.51,6.92,3.71,0.31,0
19.25,82.75,Tentulikhunti,Odisha,0,0,0.63,0.18,2.51,8.4,12.18,9.24,6.9,7.41,0.88,0
19.25,83,Andirakanch,Odisha,0,0,0.62,0.17,2.1,7.44,13.25,9.06,7.7,5.89,0.7,0
19.25,83.25,Rayagada,Odisha,0,0,1.28,0.11,1.69,6.8,10.16,9.65,5.29,4.21,0.38,0
19.25,83.5,Rayagada,Odisha,0,0,2.66,0.11,2.84,6.23,12.98,11.52,5.39,5.25,1.36,0
19.25,83.75,Gudari,Odisha,0,0,2.73,0.32,6.07,7.22,10.62,10.95,5.49,6.65,1.58,0
19.25,84,R.Udayagiri,Odisha,0,0,2.91,0.36,5.4,7.95,9.94,9.64,4.83,7.76,2.19,0
19.25,84.25,Mohana,Odisha,0,0,2.48,0.95,1.58,6.44,10.37,7.58,4.26,6.21,4.38,0
19.25,84.5,Chikiti,Odisha,0,0,4.11,0.91,0.45,6.65,8.88,7.09,3.79,6.58,2.79,0.02
19.25,84.75,Rangeilunda,Odisha,0,0,3.99,1.29,0.56,5.54,8.34,7.51,5.78,9.13,2.57,0.15
19.5,82.25,Dabugan,Odisha,0,0,0.27,0.6,1.33,8.09,15,13.79,5.36,3.14,0.09,0
19.5,82.5,Paparahandi,Odisha,0,0,0.07,0.12,0.8,8.91,13.86,17.83,6.62,3.55,0.04,0
19.5,82.75,Jayapatna,Odisha,0,0,0.25,0.1,1.39,7.83,15.5,12.25,8.05,4.63,0.45,0
19.5,83,Thuamul Rampur,Odisha,0,0,0.83,0.1,1.82,7.38,16.49,8.98,9.03,4.87,0.58,0
19.5,83.25,Kalyanasingpur,Odisha,0,0,1.25,0.13,1.46,8.99,9.8,7.45,3.47,6.7,1.06,0
19.5,83.5,Bishamakatak,Odisha,0,0,3.04,0.08,1.9,7.24,13,10.96,4.4,5.59,0.52,0
19.5,83.75,Chandrapur,Odisha,0,0,2.92,0.65,2.95,7.63,11.62,9.56,4.28,6.22,1.67,0
19.5,84,Adava,Odisha,0,0,2.6,0.67,2.99,8.67,10.11,7.81,4.09,8.8,3.08,0
19.5,84.25,Mohana,Odisha,0,0,2,0.82,2.96,7.72,9.43,7.67,6.53,6.67,3.59,0.02
19.5,84.5,Badagada,Odisha,0,0,1.9,1.43,2.29,7.75,10.85,8.54,8.36,6.16,2.46,0.02
19.5,84.75,Hinjili,Odisha,0,0,2.45,1.41,0.98,6.45,10.72,9.06,6.89,8.67,2.46,0.42
19.5,85,Rambha,Odisha,0,0,0.63,0.21,0.13,6.45,10.73,10.98,4.81,10.75,2.87,1.49
19.75,82.25,Umarkote,Odisha,0,0,0.44,0,0.33,6.73,12.84,10.53,7.91,1.93,0.1,0
19.75,82.5,Jharigan,Odisha,0,0,0.28,0,0.07,4.52,8.39,8.92,7.89,3.89,0,0
19.75,82.75,Kokasara,Odisha,0,0,0.32,0.05,0.21,5.01,12.23,9.39,5.74,3.26,0,0
19.75,83,Junagarh,Odisha,0,0,1.18,0.15,1.66,7.21,15.44,8.96,5.99,5.58,0.17,0
19.75,83.25,Sadar,Odisha,0,0,0.73,0.39,1.83,7.39,15.42,7.38,5.53,6.13,0.33,0
19.75,83.5,Ambadala,Odisha,0,0,0.24,0.03,0.24,7.71,10.47,9.05,4.62,7.51,0.41,0
19.75,83.75,Kotagarh,Odisha,0,0,1.19,1,2.91,7.39,9.03,8.38,6.35,7.25,1.89,0
19.75,84,Brahmanigaon,Odisha,0,0,1.19,1.57,3.44,7.49,8.6,7.53,5.4,6.4,2.32,0
19.75,84.25,Badagada,Odisha,0,0,1.02,1.05,2.53,8.72,9.39,8.94,7.56,5.01,2.31,0.02
19.75,84.5,Surada,Odisha,0,0,1.3,1.36,2.5,8.64,10.03,8.95,8.02,5.08,2.34,0.02
19.75,84.75,Buguda,Odisha,0,0,0.76,0.52,0.74,4.23,9.54,7.59,6.47,7.76,2.09,0.24
19.75,85,Polasara,Odisha,0,0,0.51,0.01,0.02,4.95,9.38,9.77,5.3,9.67,2.58,1
19.75,85.25,Balugaon,Odisha,0,0,1.69,0.22,0.53,7.37,10.56,11.33,8.45,9.83,3.28,1.64
19.75,85.5,Krushna Prasad,Odisha,0,0,1.18,0.4,1.49,6.75,8.56,12.96,6.24,10.19,4.81,3.08
20,82,Raighar,Odisha,0,0,0.45,0,0.76,7.85,11.53,9.88,7.25,2.14,0.06,0
20,82.75,Golamunda,Odisha,0,0,0.33,0.04,0.35,7.05,9.54,6.02,5.96,5.27,0,0
20,83,Kegaon,Odisha,0,0,0.66,0.16,1.01,5.97,13.25,8.82,5.55,4.73,0,0
20,83.25,Sadar,Odisha,0,0,0.48,0.11,0.42,7.31,13.4,9.83,5.14,5,0.17,0
20,83.5,Narala,Odisha,0,0,0.3,0.03,0.29,6.76,10.52,8.59,5.41,7.42,0.35,0
20,83.75,Tumudibandha,Odisha,0,0,1.57,0.5,2.45,6.31,8.16,8.45,7.89,9.17,1.35,0
20,84,Baliguda,Odisha,0,0,1.21,0.95,1.72,5.4,5.41,7.62,4.1,8.33,1,0
20,84.25,Raikia,Odisha,0,0,0.84,0.88,1.74,8.74,8.89,9.29,4.79,4.7,1.59,0
20,84.5,Bhanjanagar,Odisha,0,0,1.14,1.04,1.66,8.28,9.54,8.84,5.37,4.81,1.67,0
20,84.75,Jagannath Prasad,Odisha,0,0,1.48,0.42,1.51,4.35,10.92,5.26,8.08,6.93,1.69,0
20,85,Odagaon,Odisha,0,0,1.56,0.21,0.13,5.57,9.29,9.17,8.04,7.25,1.75,0.29
20,85.25,Ranapur,Odisha,0,0,1.62,0.15,0.2,6.14,8.94,10.02,8.49,6.64,1.69,0.43
20,85.5,Nirakarpur,Odisha,0,0,0.75,0.25,0.13,5.42,7.69,8.86,5.22,8.95,3.51,2.24
20,85.75,Delanga,Odisha,0,0,0.2,0.07,0.05,4.41,9.07,8.95,7.24,11.62,4.46,3.43
20,86,Nimapada,Odisha,0,0,1.13,0.01,0.84,9.05,16.26,7.01,5.94,6.69,4.19,3.17
20,86.25,Kakatpur,Odisha,0,0,1.74,0.01,0.68,7.09,12.09,9.9,5.15,9.46,5.02,3.05
20.25,82.5,Boden,Odisha,0,0,0,0,0,5.75,3.79,5.31,3.71,2.91,0,0
20.25,82.75,Khariar,Odisha,0,0,0.31,0.16,0.23,4.01,6.26,7.88,5.21,2.94,0,0
20.25,83,Sindhekela,Odisha,0,0,0.01,0.01,0.14,1.95,9.8,3.36,3.08,0.77,0,0
20.25,83.25,Kesinga,Odisha,0.02,0,0.51,0,0.02,7.27,12.45,11.04,5.74,3.69,0.06,0
20.25,83.5,Madanpur Rampur,Odisha,0,0,0.61,0,0.34,6.52,9.72,8.16,6.57,7.09,0.32,0
20.25,83.75,Baliguda,Odisha,0,0,0.88,0.01,0.67,6.25,7.72,6.78,7.23,8.58,0.54,0
20.25,84,Baliguda,Odisha,0,0,0.63,0.05,1.45,8.79,5.75,8.44,7.99,5.45,1.49,0
20.25,84.25,Tikabali,Odisha,0,0,0.41,0.14,1.38,8.84,5.91,9.3,7.27,5.43,1.57,0
20.25,84.5,Chakapada,Odisha,0.12,0,1.43,0.15,0.86,4.78,12.33,6.71,6.78,4.52,1.92,0
20.25,84.75,Dasapalla,Odisha,0,0,1.8,0.35,0.93,4.05,9.76,8.92,5.61,5.53,1.9,0
20.25,85,Nayagarh Sadar,Odisha,0,0,1.24,0.14,0.39,4.67,10.48,8.32,5.5,6.44,1.7,0.02
20.25,85.25,Fategarh,Odisha,0,0,0.58,0.02,0.52,4.76,11.86,13.54,10.34,4.01,0.78,0.08
20.25,85.5,Khordha,Odisha,0,0,1.2,1.07,1.81,4.25,13.46,9.93,10.2,8.03,1.83,0.94
20.25,85.75,Tamando,Odisha,0,0,1.56,0.06,0.23,6.41,17.42,11.56,7.24,9.84,2.52,1.53
20.25,86,Gobindpur,Odisha,0,0,1.46,0.03,0.33,4.48,11.99,14.28,6.14,12.31,6.38,2.31
20.25,86.25,Tirtol,Odisha,0,0,2.33,0.13,0.07,4.78,6.66,12.49,5.33,11.34,5.62,2.85
20.25,86.5,Kujang,Odisha,0.02,0,2.23,0.17,0.45,7.49,7.85,13.52,5.51,10.13,4.56,2.86
20.5,82.5,Komna,Odisha,0,0,0,0,0,10.73,5.19,11.64,11.34,3.85,0,0
20.5,82.75,Turekela,Odisha,0,0,0.46,0.05,1.66,7.32,7.18,5.85,6.96,6.95,0.49,0
20.5,83,Belpara,Odisha,0.15,0,0.4,0.06,1.54,5.69,7.31,6.46,6.85,5.96,0.38,0
20.5,83.25,Saintala,Odisha,0.5,0,0.06,0.06,0.56,6.23,9.41,8.04,8.27,3.33,0,0
20.5,83.5,Tushura,Odisha,0.08,0,0.14,0.01,0.36,7.86,9.96,8.28,6.71,4.71,0.1,0
20.5,83.75,Kantamal,Odisha,0,0,0.87,0.02,0.95,8.16,6.53,7.72,8.62,7.02,0.82,0
20.5,84,Gochhapada,Odisha,0,0,1.3,0.04,1.28,7.52,5.82,8.22,9.48,8.03,1.09,0
20.5,84.25,Khajuripada,Odisha,0.25,0,0.41,0,0.61,10.44,7.76,6.18,7.81,4.62,1.03,0
20.5,84.5,Puruna Katak,Odisha,0.38,0,0.72,0.02,0.79,6.07,10.93,5.28,6.85,5.82,1.95,0
20.5,84.75,Gania,Odisha,0.1,0,2.02,0,0.49,3.88,10.39,6.23,4.2,4.46,1.54,0
20.5,85,Narasinghpur,Odisha,0,0,1.77,0.01,1.22,4.14,12.59,8.94,7.9,5.87,1.32,0
20.5,85.25,Kanpur,Odisha,0,0,1.86,0.04,1.18,5.18,12.57,11.97,9.12,6.11,1.04,0.08
20.5,85.5,Tigiria,Odisha,0,0,1.64,0.17,1.03,3.38,14.13,8.86,7.69,6.9,1.73,0.44
20.5,85.75,Choudwar,Odisha,0,0,1.13,0.04,1.78,3.69,6.59,9.53,4.86,8.32,1.77,0.25
20.5,86,Jagatpur,Odisha,0,0,2.52,0,0.92,3.76,9.81,11.66,7.31,7.9,3.77,0.94
20.5,86.25,Nischintakoili,Odisha,0.05,0,2.54,0.46,1.49,6.37,11.61,12.4,6.27,8.61,3.56,1.17
20.5,86.5,Kendrapara Sadar,Odisha,0.06,0,1.87,0.74,1.16,5.43,7.94,13.74,5.21,8.37,3.14,1.3
20.5,86.75,Mahakalapada,Odisha,0.05,0,1.95,0.5,0.99,5.13,9.15,11.99,5.21,8.18,3.53,1.23
20.75,82.5,Nuapada,Odisha,0.01,0,0.67,0,0.39,6.96,7.28,9.14,4.46,4.34,0.02,0
20.75,82.75,Khaprakhol,Odisha,0,0,0.06,0,0.19,7.17,8.68,8.23,4.39,4.14,0.12,0
20.75,83,Patnagarh,Odisha,0.03,0,0.09,0,0.39,8.3,9.36,7.42,5.9,2.59,0.17,0
20.75,83.25,Balangir,Odisha,0.16,0,0,0,1.2,8.08,12.84,7.82,4.31,2.52,0.01,0
20.75,83.5,Balangir,Odisha,0.01,0,0.05,0,0.15,8.51,8.72,7.64,6.35,4.48,0.07,0
20.75,83.75,Tarbha,Odisha,0,0,0.13,0,0.21,9.23,7.52,5.3,6.72,5.76,0.1,0
20.75,84,Manamunda,Odisha,0.03,0,0.2,0.01,0.23,10.54,8.63,6.06,5.54,5.37,0.45,0
20.75,84.25,Baudh Sadar,Odisha,0.69,0,0.17,0,0.97,10.4,7.12,7.82,5.51,2.98,0.68,0
20.75,84.5,Athmallik,Odisha,0.27,0,0.65,0.01,1.09,8.64,10.23,7.42,7.83,3.95,0.78,0
20.75,84.75,Purunakot,Odisha,0.05,0,0.95,0.47,1.04,5.88,7.05,8.31,5.55,3.83,1.66,0.32
20.75,85,Bantala,Odisha,0.02,0,1.48,0.02,1.54,5.35,8.07,8.06,7.38,5.07,1.31,0
20.75,85.25,Bhusan Steel Limited,Odisha,0,0,1.25,0.39,1.28,3.59,7.11,7,7.89,5.17,2.02,0.02
20.75,85.5,Dhenkanal Sadar,Odisha,0,0,1.05,0.51,2.32,4.21,5.86,9.73,5,7.5,1.34,0
20.75,85.75,Gandia,Odisha,0,0,1.46,0.2,2.87,4.68,7.28,9.49,3.71,9.11,3.22,0.3
20.75,86,Nihalprasad,Odisha,0,0,2.36,0.03,2.48,9.64,8.67,6.99,3.56,9.34,3.57,1.16
20.75,86.25,Jajpur Sadar,Odisha,0,0,2.39,0.11,0.74,6.72,12.02,5.69,4.38,8.62,4.91,1.35
20.75,86.5,Binjharpur,Odisha,0.01,0,2.1,0.32,0.83,4.31,10.31,7.96,5.91,9.34,4.82,1.23
20.75,86.75,Rajkanika,Odisha,0.03,0,1.82,0.53,1,4.35,9.9,9.64,5.68,8.72,4.12,1.02
20.75,87,Rajnagar,Odisha,0.03,0,1.8,0.51,1.06,4.42,9.96,9.75,5.76,8.71,4.05,0.99
21,82.75,Jharbandha,Odisha,0,0,0.15,0,0,5.8,9.39,7.19,3.26,2.05,0,0
21,83,Paikamal,Odisha,0,0,0.18,0,0.1,6.71,7.46,6.91,4.4,1.46,0.01,0
21,83.25,Gaisilet,Odisha,0,0,0.03,0,0.05,6.4,7.82,6.4,3.96,0.56,0.13,0
21,83.5,Dunguripali,Odisha,0,0,0.01,0,0.19,7.89,17.99,8.72,3.19,3.25,0.17,0
21,83.75,Binika,Odisha,0,0,0.08,0,0.19,9.11,9.01,5.71,6.35,5.45,0.13,0
21,84,Biramaharajpur,Odisha,0.42,0,0.05,0,0.23,9.94,8.48,5.87,5.48,2.56,0.24,0
21,84.25,Rairakhol,Odisha,1.02,0,0.1,0,0.66,8.43,7.29,5.3,4.67,2.95,0.34,0
21,84.5,Kishorenagar,Odisha,0.03,0,1.39,0.03,1.96,6.18,12.74,10.33,9,2.55,0.13,0
21,84.75,Handapa,Odisha,0,0,0.83,0.99,1.75,6.87,8.41,9.44,4.9,4.89,2.11,0.55
21,85,Kaniha,Odisha,0.01,0,1.44,0.32,2.66,5.43,5.2,5.47,5.97,4.86,1.18,0
21,85.25,Talcher Sadar,Odisha,0,0,0.32,0.42,2.53,4.68,5.86,9.7,6.97,5.24,2.32,0
21,85.5,Kankadahad,Odisha,0,0,0.97,0.3,3.32,4.57,6.88,11.26,5.83,10.71,1.46,0
21,85.75,Kaliapani,Odisha,0.03,0,1.33,0.78,3.87,4.82,7.41,11.59,9.05,8.23,1.78,0.06
21,86,Kalinganagar,Odisha,0,0,2.31,0.16,2.45,8.82,7.4,7.81,5.65,7.02,2.19,0.18
21,86.25,Korai,Odisha,0,0,1.3,0.04,1.22,3.96,7.67,6.25,3.6,6.73,1,0.98
21,86.5,Bhadrak Rural,Odisha,0,0,1.68,0.1,1.07,3.87,9.99,5.49,5.04,8.24,3.06,1.18
21,86.75,Naikanidihi,Odisha,0,0,2.98,0.69,2.94,3.81,9.35,7.69,6.4,8.73,2.47,0.94
21.25,83.25,Sohela,Odisha,0.02,0,0.03,0,0.51,8.04,7.23,7.95,4.01,2.29,0.03,0
21.25,83.5,Barapali,Odisha,0.1,0,0.09,0,1.14,8.73,12.66,9.15,3.01,3.15,0.08,0
21.25,83.75,Bheden,Odisha,0.96,0,0.61,0.05,1.11,10.36,11.47,5.38,10.5,2.17,0.7,0
21.25,84,Dhama,Odisha,0.74,0,0.36,0,1.14,10.1,10.98,5.28,8.25,2.32,0.6,0
21.25,84.25,Rairakhol,Odisha,0.87,0,0.12,0,3.13,12.4,13.5,7.67,2.58,3.52,1.02,0
21.25,84.5,Naktideul,Odisha,0.06,0,0.57,0,1.13,8.83,10.63,8.53,3.49,1.72,0.61,0
21.25,84.75,Naktideul,Odisha,0.01,0,0.01,0,0.3,6.26,6.89,4.21,8.96,2.04,0.2,0
21.25,85,Rengali Damsite,Odisha,0.04,0,0.53,0.45,1.78,5.79,9.76,5.97,4.67,3.88,0.18,0
21.25,85.25,Khamar,Odisha,0,0,0.58,0.41,4.37,5.72,9.12,8.44,5.91,5.59,0.91,0
21.25,85.5,Telkoi,Odisha,0.01,0,1.85,0.51,5.06,5.57,8.97,10.12,7.26,9.03,1.09,0
21.25,85.75,Harichandanpur,Odisha,0.17,0,2.21,1.73,4.79,6.91,10.96,9.81,7.2,7.19,1.17,0.04
21.25,86,Ghasipura,Odisha,0.1,0,2.21,1.22,3.57,7.09,8.97,8.53,6.37,6.7,1.49,0.06
21.25,86.25,Soso,Odisha,0,0,1.43,0.27,2.98,3.89,8.07,6.56,4.86,9.24,1.43,0.14
21.25,86.5,Khaira,Odisha,0,0,2.08,0.48,4.47,2.37,6.62,6.37,5.91,9.29,1.63,0.1
21.25,86.75,Soro,Odisha,0,0,4.2,1.29,6.1,3.9,9.72,7.92,7.91,8.6,1.39,0.21
21.5,83.5,Bhatli,Odisha,0.62,0,0.69,0.08,1.38,13.03,12.81,9.7,6.04,0.61,0.12,0
21.5,83.75,Attabira,Odisha,0.66,0,0.88,0.05,1.22,12.48,11.33,10.15,7.24,0.59,0.16,0
21.5,84,Ainthapali,Odisha,0.29,0,0.97,0.01,1.58,7.78,13.27,5.87,6.63,2.88,0.14,0
21.5,84.25,Jamankira,Odisha,0.26,0,0.88,0,2.04,9.12,12.87,7.01,4.54,2.96,0.42,0
21.5,84.5,Reamal,Odisha,0.13,0,1.06,0,1.78,10.82,14.57,12.02,5.46,1.52,0.68,0
21.5,84.75,Debagarh,Odisha,0.01,0,1.78,0.01,2.09,9.87,16.58,14.07,8.84,1.13,0.07,0
21.5,85,Barkot,Odisha,0,0,1.21,0.28,1.7,8.05,13.16,8.39,5.89,3.84,0.15,0
21.5,85.25,Palalahada,Odisha,0.01,0,1.08,0.43,4.33,6.77,8.87,8.44,5.2,5.39,0.62,0
21.5,85.5,Kanjipani,Odisha,0,0,1.86,0.65,4.71,6.13,8.04,9.4,7.44,5.17,1.21,0
21.5,85.75,Ghatgaon,Odisha,0,0,0.43,0.5,2.2,1.76,17.56,8.26,3.39,5.78,0.56,0
21.5,86,Ghatgaon,Odisha,0,0,1.37,0.75,2.43,4.36,10.78,7.8,4.74,6.31,1.11,0.02
21.5,86.25,Mahuldiha,Odisha,0,0,1.77,0.49,3.45,6.55,12.74,7.32,5.32,8.85,1.33,0.02
21.5,86.5,Kaptipada,Odisha,0,0,4.13,1.36,7.22,4.99,10.49,8.54,7.49,7.86,2.01,0.09
21.5,86.75,Nilagiri,Odisha,0,0,4.67,1.38,4.84,4.02,9.49,6.97,6.4,6.88,1.35,0.18
21.5,87,Baleshwar Sadar,Odisha,0,0,4.49,0.37,4.67,6.41,11.87,5.34,6.23,7.3,1.49,0.32
21.75,83.5,Rengali,Odisha,0.48,0,0.27,0.18,0.19,8.49,12.36,10.08,3.6,2.28,0,0
21.75,83.75,Lakhanpur,Odisha,0.18,0,0.32,0.1,2.82,6.29,12.46,9.78,7.9,2.33,0.01,0
21.75,84,Thelkoloi,Odisha,0.11,0,0.38,0.01,1.83,6.79,18.39,8.84,7.8,2.99,0.03,0
21.75,84.25,Katarbaga,Odisha,0.08,0,0.53,0,1.7,7.45,18.32,7.71,6.48,3.02,0.05,0
21.75,84.5,Mahulpalli,Odisha,0,0,0.68,0.01,2.51,9.21,21.34,8.48,6.43,2.84,0.12,0
21.75,84.75,Tikaetpali,Odisha,0,0,0.65,0.03,2.55,9.37,20.47,8.01,7.2,3.12,0.2,0
21.75,85,Lahunipara,Odisha,0,0,1.11,0.16,3.91,8.87,21.76,6.83,5.74,4.38,0.5,0
21.75,85.25,Nayakote,Odisha,0,0,0.76,0.12,4.99,6.9,12.19,7.23,4.57,4.34,0.58,0
21.75,85.5,Kendujhar Sadar,Odisha,0,0,1.45,0.29,4.64,6.89,8.53,7.71,6.18,3.66,1.11,0
21.75,85.75,Turumunga,Odisha,0,0,1.28,0.21,4.4,8.82,9.37,7.76,5.36,4.34,0.8,0
21.75,86,Karanjia,Odisha,0.03,0,2.08,0.7,4.7,6.44,12.92,8.3,4.91,8.45,1.45,0
21.75,86.25,Karanjia,Odisha,0.01,0,2.86,0.82,2.74,6.86,10.82,9.75,6.02,8.63,1.77,0.01
21.75,86.5,Baripada Sadar,Odisha,0.01,0,2.82,0.82,4.28,5.75,11.85,11.58,6.11,8.82,1.68,0.06
21.75,86.75,Barsahi,Odisha,0,0,3.54,0.28,4.09,4.44,10.11,5.79,4.19,4.8,1.32,0.2
21.75,87,Baisinga,Odisha,0.01,0,4.25,0.32,5.6,6.75,13.1,6.4,7.1,7.19,1.38,0.38
21.75,87.25,Jaleswar,Odisha,0.04,0,3.03,0.46,3.83,5.67,12.35,6.48,7.74,7.56,1.19,0.53
22,83.75,Hemgir,Odisha,0.27,0,0.28,0.31,2.57,5.1,14.74,9.31,6.29,1.46,0.05,0
22,84,Bhasma,Odisha,0.08,0,0.15,0.09,0.91,6.85,14.35,14.89,5.91,2.19,0,0
22,84.25,Dharuadihi,Odisha,0.02,0,0.03,0,0.98,7.1,12.99,13.84,5.18,2.26,0.07,0
22,84.5,Govindpur,Odisha,0,0,0.04,0.06,2.46,8.3,18.3,8.35,6.18,2.53,0.12,0
22,84.75,Chandiposh,Odisha,0,0,0.09,0.03,2.63,8.85,20.31,6.51,6.52,3.39,0.21,0
22,85,Kamarposh Balang,Odisha,0.02,0,0.28,0.03,2.91,6.88,17.91,7.08,5.61,2.74,0.49,0
22,85.25,Bolani,Odisha,0.13,0,0.49,0.08,3.51,5.87,17.08,7.48,5.29,2.51,0.38,0
22,85.5,Champua,Odisha,0.26,0,0.68,0.16,4.97,6.22,17.77,7.65,4.82,3.52,0.31,0
22,85.75,Ghagarbeda,Odisha,0,0,3.14,1.19,2.93,7.34,11.89,10.61,5.84,5.63,1.11,0
22,86,Jashipur,Odisha,0.05,0,1.94,0.78,5.1,6.45,14.18,9.3,5.22,8.77,1.53,0
22,86.25,Jashipur,Odisha,0.07,0,1.31,0.72,4.12,5.38,12.62,12.06,6.48,7.06,1.26,0.04
22,86.5,Bangiriposi,Odisha,0.05,0,1.37,0.59,6.67,5.1,14.11,13.28,6.44,8.9,1.53,0.08
22,86.75,Chandua,Odisha,0.01,0,2.66,0.23,5.72,4.99,12.15,7.76,5.8,5.87,1.32,0.29
22,87,Suliapada,Odisha,0.05,0,2.21,0.22,5.4,7.61,13,7.31,6.72,5.92,1.12,0.37
22.25,84,Kinjirkela,Odisha,0.03,0,0.03,0.04,1.16,6.74,13.3,12.04,3.97,1.3,0,0
22.25,84.25,Baragaon,Odisha,0,0,0,0,1.09,8.14,13.55,13.18,6.26,2.64,0.11,0
22.25,84.5,Rajagangapur,Odisha,0.01,0,0.05,0.07,1.62,7.98,14.65,11.18,6.04,2.03,0.14,0
22.25,84.75,Biramitrapur,Odisha,0.01,0,0.05,0.07,1.91,8.23,16.23,9.59,6.15,2.22,0.16,0
22.25,85,Bisra,Odisha,0.12,0,0.22,0.06,3.32,6.65,19.11,7.54,5.47,2.72,0.35,0
22.25,86,Jamda,Odisha,0.07,0,1.21,0.29,5.74,4.42,11.55,8.76,5.47,5.88,1.12,0
22.25,86.25,Rairangpur,Odisha,0.14,0,1.24,0.8,3.63,5.92,12.65,10.71,8.72,5.19,1.09,0.02
22.25,86.5,Jharpokharia,Odisha,0.15,0,2.49,0.5,6.34,6.15,13.77,7.73,9.28,6.24,1,0.05
22.5,84,Talasara,Odisha,0,0.01,0.02,0,0.77,11.05,16.71,12.04,4.9,0.7,0,0
22.5,86,Tiring,Odisha,0.03,0,0.73,0.51,6.99,4.26,15.29,7.98,6.15,5.07,0.77,0
9.5,79.25,Outside India,Outside India,4.8,0.04,1.01,0,0.47,0.56,0.01,1.97,3.45,1.19,11.92,3.09
10,76,Outside India,Outside India,0.12,0,1.38,0.51,7.12,22,14.86,12.36,15.81,10.13,4.2,0.39
10.75,79.5,Outside India,Outside India,3.9,0,1.15,0,0.37,1.54,2.38,3.04,5.09,6.77,15.44,8.71
18.25,72.75,Outside India,Outside India,0,0,0,0,0.4,32.97,29.56,20.98,15.21,3.67,0,1.55
27.75,93.75,Outside India,Outside India,0.05,2.83,8.35,14.1,10.59,14.29,18.52,20.74,8.84,8.15,0.33,0.01
27.75,94,Outside India,Outside India,0.08,2.41,5.79,12.38,9.16,15.7,24.39,17.79,14.17,9.43,0.23,0.05
27.75,94.25,Outside India,Outside India,0.2,2.47,4.94,7.85,8.18,14.3,17.97,11.68,13.22,8.16,0.03,0.16
27.75,94.5,Outside India,Outside India,0.2,2.82,4.8,7.72,9.19,13.68,16.64,11.15,11.5,7.67,0.02,0.14
27,91.25,Dungmaed Gewog,Pemagatshel District,0,1.99,1.65,10.29,7.32,12.55,7.38,8.5,8.79,3.86,0.34,0
11,79.75,Thirunallar Taluk,Puducherry,4.24,0,3.36,0,0.38,1.3,1.07,1.9,2.05,6.13,21.09,6.67
12,79.75,Villianur Taluk,Puducherry,2.06,0,0.17,0,0.35,2.82,3.22,6.27,2.24,8.83,12.88,3.91
27.75,70.75,Rahim Yar Khan District,Punjab,0.04,0,0.16,0.01,0.81,0.4,4.01,1.04,0,0,0,0.13
27.75,71,Rahim Yar Khan District,Punjab,0.07,0,0.23,0.02,0.92,0.56,4.5,1.1,0,0,0,0.14
28,70,Rahim Yar Khan District,Punjab,0,0,0.03,0,0.67,0.14,3.31,0.99,0,0,0,0.13
28,70.25,Rahim Yar Khan District,Punjab,0,0,0.04,0,0.68,0.16,3.36,0.99,0,0,0,0.13
28,71,Rahim Yar Khan District,Punjab,0.05,0,0.16,0.01,0.86,0.4,4.06,1.07,0,0,0,0.14
28,71.25,Bahawalpur District,Punjab,0.04,0,0.09,0.48,1.18,1.29,3.31,0.66,0.02,0,0,0.06
28,71.5,Bahawalpur District,Punjab,0.05,0,0.12,0.78,1.38,1.86,3.36,0.46,0.08,0,0,0.01
28,71.75,Bahawalpur District,Punjab,0.04,0,0.06,0.75,1.44,1.95,2.78,0.59,0.14,0,0,0
28.25,71.75,Bahawalpur District,Punjab,0.02,0,0,0.47,1.49,2.17,1.64,0.78,0.31,0,0,0
28.25,72,Bahawalpur District,Punjab,0.01,0,0,0.31,1.5,2.26,1.3,0.94,0.52,0,0,0
28.5,72,Bahawalpur District,Punjab,0.01,0,0,0.1,1.54,2.35,0.76,1.17,0.7,0,0,0
28.75,72.25,Bahawalpur District,Punjab,0.01,0,0,0,1.47,2.31,0.59,1.2,0.93,0,0,0.01
29,72.25,Bahawalpur District,Punjab,0.03,0.01,0,0,1.36,2.17,0.67,1.07,1.04,0,0,0.01
29,72.5,Bahawalnagar District,Punjab,0.04,0.01,0,0,1.28,2.1,0.72,1,1.16,0,0,0.01
29,72.75,Bahawalnagar District,Punjab,0.14,0.04,0,0.01,0.85,1.47,1.1,0.48,1.68,0,0,0.04
29.25,72.75,Bahawalnagar District,Punjab,0.13,0.03,0,0,0.56,1.17,0.72,0.14,1.07,0,0.03,0.02
29.25,73,Bahawalnagar District,Punjab,0.12,0.03,0,0.02,0.51,1.42,0.86,0.18,1.08,0,0.02,0.03
29.5,73,Bahawalnagar District,Punjab,0.05,0.04,0,0.07,0.29,1.42,0.53,0.35,1.23,0,0.05,0.02
29.75,73,Bahawalnagar District,Punjab,0.12,0.13,0,0.12,0.12,1.24,1.21,0.25,1.07,0,0.01,0.06
29.75,73.25,Bahawalnagar District,Punjab,0.15,0.15,0,0.15,0.08,1.31,1.64,0.37,1,0,0,0.09
29.75,75.25,Sardulgarh Tehsil,Punjab,0.58,0,0.06,0.01,0.01,2.02,1.34,1.17,0.85,0,0.12,0.15
29.75,76,Moonak Tahsil,Punjab,1.56,0.04,0.07,0.06,0.17,4.02,0.7,3.92,2.7,0,0,0.14
30,73.25,Bahawalnagar District,Punjab,0.14,0.14,0,0.17,0.11,1.43,1.64,0.45,1.09,0,0.01,0.1
30,73.5,Bahawalnagar District,Punjab,0.16,0.12,0,0.25,0.2,1.78,1.8,0.75,1.33,0,0.06,0.15
30,74,Abohar Tahsil,Punjab,0.13,0.04,0,0.21,0.38,1.34,1.22,0.49,1.27,0,0.13,0.27
30,74.25,Abohar Tahsil,Punjab,0.13,0.02,0,0.09,0.43,1.7,1.33,0.71,1.18,0,0.09,0.25
30,74.5,Malout Tahsil,Punjab,0.21,0,0.01,0.02,0.19,4.07,1.11,0.68,1.21,0,0.23,0.19
30,74.75,Bathinda Tahsil,Punjab,0.35,0,0.13,0.19,0.06,4.24,1.41,2.16,1.24,0,0.35,0.24
30,75,Talwandi Sabo Tahsil,Punjab,0.51,0,0.16,0.18,0.07,3.46,1.72,2.96,1.14,0,0.38,0.26
30,75.25,Maur Tahsil,Punjab,0.84,0,0,0.03,0.08,2.87,1.8,1.81,0.84,0,0.27,0.16
30,75.5,Mansa Tehsil,Punjab,0.86,0.04,0.26,0.03,0.39,3.04,0.96,1.86,1.4,0,0.13,0.25
30,75.75,Sunam Tahsil,Punjab,1.54,0.07,0.42,0.16,0.48,3.05,1.01,1.95,1.86,0,0.08,0.35
30,76,Dirba Tahsil,Punjab,2.26,0.01,0.15,0.05,0.03,2.42,1.8,2.62,1.32,0,0.05,0.19
30.25,73.5,Pakpattan District,Punjab,0.19,0.07,0,0.31,0.24,1.67,1.42,0.67,1.02,0,0.04,0.13
30.25,73.75,Bahawalnagar District,Punjab,0.19,0.01,0,0.34,0.3,1.55,0.84,0.56,0.77,0,0.07,0.15
30.25,74,Fazilka Tahsil,Punjab,0.18,0,0,0.23,0.21,1.16,0.51,0.29,0.48,0,0.13,0.19
30.25,74.25,Abohar Tahsil,Punjab,0.08,0,0.03,0.14,0.13,3.43,0.27,1.25,1.68,0,0.2,0.4
30.25,74.5,Malout Tahsil,Punjab,0.12,0,0.17,0.15,0.02,6.37,0.3,1.41,1.88,0,0.24,0.43
30.25,74.75,Bathinda Tahsil,Punjab,0.3,0,0.05,0.52,0.01,5.72,0.31,2.88,1.16,0,0.45,0.2
30.25,75,Bathinda Tahsil,Punjab,0.42,0.01,0.09,0.37,0.03,4.9,0.85,2.97,1.11,0,0.41,0.22
30.25,75.25,Rampura Phul Tahsil,Punjab,1,0.09,0.22,0.19,0.16,4.22,1.34,1.79,1.51,0,0.22,0.21
30.25,75.5,Tapa Tahsil,Punjab,0.97,0.13,0.37,0.23,0.25,4.61,0.93,1.85,1.68,0,0.19,0.26
30.25,75.75,Sangrur Tahsil,Punjab,1.85,0.12,0.56,0.46,0.28,2.68,2.05,1.55,1.44,0,0.12,0.45
30.25,76,Bhawanigarh Tahsil,Punjab,2.09,0.02,0.48,0.22,0.05,2.84,1.97,3.51,1.94,0,0.04,0.5
30.25,76.25,Patiala Tahsil,Punjab,2.19,0.07,0.91,0.97,0.04,3.35,2.17,6.62,4.81,0,0,0.55
30.25,76.5,Patiala Tahsil,Punjab,2.43,0.09,0.62,0.35,0.08,3.75,3.56,4.97,3.71,0,0,0.4
30.5,73.75,Okara District,Punjab,0.2,0,0,0.34,0.29,1.42,0.66,0.42,0.55,0,0.05,0.12
30.5,74,Fazilka Tahsil,Punjab,0.21,0,0.02,0.34,0.25,1.48,0.53,0.38,0.46,0,0.03,0.12
30.5,74.25,Jalalabad Tahsil,Punjab,0.2,0,0.12,0.26,0.1,3.46,0.56,0.73,1.39,0,0.26,0.33
30.5,74.5,Muktsar Tahsil,Punjab,0.31,0,0.34,0.32,0.03,5.05,0.78,0.54,1.94,0,0.36,0.38
30.5,74.75,Kotkapura Tahsil,Punjab,0.37,0,0.19,0.57,0.02,5.45,0.77,0.97,2.3,0,0.36,0.33
30.5,75,Bagha Purana Tahsil,Punjab,0.64,0,0.29,0.53,0.01,6.52,0.96,2.9,3.27,0,0.47,0.22
30.5,75.25,Rampura Phul Tahsil,Punjab,1.09,0.1,0.38,0.31,0.08,4.6,1.72,2.1,2.1,0,0.21,0.26
30.5,75.5,Barnala Tahsil,Punjab,2.22,0.05,0.53,0.25,0.26,3.55,3.31,2.28,4.03,0,0.07,0.2
30.5,75.75,Dhuri Tahsil,Punjab,1.04,0.07,0.29,0.23,0.03,1.64,1.11,1.77,0.35,0,0,0.13
30.5,76,Malerkotla Tahsil,Punjab,1.45,0.07,0.55,0.19,0.02,2.33,2.18,3.82,2.29,0,0.05,0.41
30.5,76.25,Nabha Tahsil,Punjab,2.7,0.06,0.67,0.5,0.25,2.62,4.06,3.8,6.11,0,0,0.57
30.5,76.5,Rajpura Tahsil,Punjab,1.34,0.05,0.8,0.29,0.04,3.29,4.9,5.2,6.81,0,0,0.47
30.5,76.75,Rajpura Tahsil,Punjab,2.1,0.05,0.4,0.25,0.18,2.33,1.79,4.39,2.72,0,0,0.38
30.75,74,Okara District,Punjab,0.25,0,0.13,0.27,0.18,1.48,0.52,0.36,0.49,0,0.07,0.19
30.75,74.25,Kasur District,Punjab,0.35,0.01,0.29,0.4,0.04,3.31,0.66,0.45,1.49,0,0.17,0.34
30.75,74.5,Faridkot Tahsil,Punjab,0.41,0.01,0.32,0.41,0.01,3.27,0.68,0.45,1.5,0,0.15,0.36
30.75,74.75,Faridkot Tahsil,Punjab,0.5,0,0.16,0.69,0,4.18,0.8,0.57,2.46,0,0.2,0.31
30.75,75,Bagha Purana Tahsil,Punjab,0.91,0,0.46,0.44,0.01,5.91,1.4,3.64,4.32,0,0.51,0.18
30.75,75.25,Moga Tahsil,Punjab,0.65,0.04,0.39,0.32,0.17,3.98,1.72,2.63,1.99,0,0.36,0.22
30.75,75.5,Jagraon Tahsil,Punjab,0.99,0.01,0.58,0.4,0.13,4.57,3.81,4.54,3.93,0,0.14,0.51
30.75,75.75,Ludhiana (East) Tahsil,Punjab,1.3,0.13,1.06,0.43,0.39,3.63,3.33,5.09,2.67,0,0.25,0.55
30.75,76,Payal Tahsil,Punjab,1.52,0.12,0.93,0.34,0.49,2.41,2.12,3.98,3.97,0,0.11,0.67
30.75,76.25,Khanna Tahsil,Punjab,3.14,0,0.56,0.39,0.35,3.25,3.73,6.01,4.13,0,0,0.6
30.75,76.5,Morinda Tahsil,Punjab,3.77,0.06,0.52,0.25,0.09,4.03,1.29,4.44,3.55,0,0,0.74
31,74.25,Kasur District,Punjab,0.42,0.01,0.35,0.34,0.01,2.58,0.56,0.42,1.2,0,0.13,0.35
31,74.5,Kasur District,Punjab,0.5,0.01,0.44,0.22,0,1.8,0.49,0.46,0.64,0,0.03,0.36
31,74.75,Firozpur Tahsil,Punjab,0.47,0,0.3,0.28,0,1.12,0.7,0.36,0.83,0,0.14,0.18
31,75,Zira Tahsil,Punjab,0.87,0.03,0.4,0.34,0.23,2.69,1.8,2.77,2.29,0,0.26,0.43
31,75.25,Dharamkot Tahsil,Punjab,1.87,0.28,0.71,0.62,0.95,4.53,5.63,10.02,3.34,0,0.3,1.89
31,75.5,Nakodar Tahsil,Punjab,1.04,0.22,1.2,0.38,0.63,2.53,2.38,5.3,1.36,0,0.32,0.64
31,75.75,Ludhiana (West) Tahsil,Punjab,1.38,0.17,1.56,0.49,0.5,3.2,3.39,5.48,2.43,0,0.3,0.58
31,76,Ludhiana (East) Tahsil,Punjab,2.22,0.13,0.8,0.64,1.55,4.06,5.81,7.5,4.98,0,0.12,0.9
31,76.25,Samrala Tahsil,Punjab,3.14,0.08,0.92,0.38,1.04,3.84,5.69,8.86,5.24,0,0.11,0.71
31,76.5,Balachaur Tahsil,Punjab,4.28,0.11,0.69,0.61,0.52,4.56,4.37,9.94,4.34,0,0,0.7
31.25,74.5,Kasur District,Punjab,1.06,0.07,0.46,0.46,0.31,2.67,2.7,1.36,0.36,0,0.04,0.48
31.25,74.75,Patti Tahsil,Punjab,0.99,0.08,0.25,0.21,0.39,2.21,2.82,0.96,0.16,0,0.05,0.45
31.25,75,Tarn Taran Tahsil,Punjab,0.86,0.07,0.43,0.19,0.95,4.1,5.37,3.8,1.67,0,0.04,0.64
31.25,75.25,Sultanpur Lodhi Tahsil,Punjab,2.18,0.2,0.92,0.82,1.9,6.34,6.66,11.52,2.68,0,0.07,1.78
31.25,75.5,Jalandhar II Tahsil,Punjab,1.11,0.14,1.19,0.56,0.65,4.24,5.7,10.01,1.43,0,0.16,0.91
31.25,75.75,Phagwara Tahsil,Punjab,1.07,0.09,1.26,0.46,0.17,3.68,5.71,9.46,1.74,0,0.04,0.73
31.25,76,Garhshankar Tahsil,Punjab,1.38,0.16,0.28,0.32,0.62,2.17,2.66,3.45,2.19,0,0.05,0.64
31.25,76.25,Garhshankar Tahsil,Punjab,6.07,0.6,1.25,1.63,1.77,4.54,7.06,15.38,6.69,0,0.02,0.78
31.25,76.5,Anandpur Sahib Tahsil,Punjab,6.1,0.81,1.43,1.95,1.7,4.21,6.93,14.64,5.74,0,0,1.28
31.5,74.5,Lahore District,Punjab,1.36,0.11,0.51,0.77,0.58,4.01,5.23,2.31,0.26,0,0.06,0.58
31.5,74.75,Tarn Taran Tahsil,Punjab,1.56,0.15,0.37,0.55,0.7,3.58,4.14,2.19,0.16,0,0.04,0.71
31.5,75,Khadur Sahib Tahsil,Punjab,1.5,0.13,0.48,0.62,1.04,4.28,4.17,3.58,0.21,0,0.04,0.68
31.5,75.25,Khadur Sahib Tahsil,Punjab,1.44,0.06,0.7,0.72,2.28,6.7,5.01,7.13,0.41,0,0.04,0.74
31.5,75.5,Bhulath Tahsil,Punjab,1.29,0.13,0.55,0.79,0.96,4.45,4.36,8.63,0.78,0,0.02,1.12
31.5,75.75,Hoshiarpur Tahsil,Punjab,2.04,0.78,0.32,0.31,0.92,4.76,4.22,4.39,1.38,0,0,0.8
31.5,76,Hoshiarpur Tahsil,Punjab,2.98,0.48,0.54,0.76,1.27,4.21,6.44,13.65,2.06,0,0.05,1.35
31.75,74.5,Sheikhupura District,Punjab,1.67,0.11,0.51,0.87,0.62,4.48,6.28,3.29,0.45,0,0.09,0.57
31.75,74.75,Ajnala Tahsil,Punjab,1.61,0.11,0.64,1.15,0.64,5.22,7.53,3.58,0.46,0,0.09,0.54
31.75,75,Majitha Tahsil,Punjab,2.7,0.09,0.22,0.26,0.27,2.98,4.98,5.68,1.18,0,0.2,0.55
31.75,75.25,Batala Tahsil,Punjab,2.42,0.22,0.29,0.26,0.3,2.36,5.9,5.85,1.3,0,0.14,0.68
31.75,75.5,Batala Tahsil,Punjab,1.13,0.48,0.29,0.37,0.36,1.9,4.78,2.79,0.41,0,0,0.47
31.75,75.75,Dasua Tahsil,Punjab,2.08,0.7,0.57,0.91,0.97,4.18,5.13,11.05,1.7,0,0.02,1.27
32,74.5,Sheikhupura District,Punjab,2.14,0.28,0.49,0.87,0.57,4.2,6.02,4.06,0.55,0,0.1,0.74
32,74.75,Narowal District,Punjab,2.16,0.14,0.48,0.7,0.49,3.92,6.18,4.19,0.72,0,0.11,0.66
32,75,Dera Baba Nanak Tahsil,Punjab,2.75,0.18,0.54,0.54,0.34,3.47,7.6,6.16,1.31,0,0.14,0.76
32,75.25,Kalanaur Tahsil,Punjab,3.24,0.41,0.91,0.52,0.42,3.18,10.16,7.71,1.86,0,0.02,1.35
32,75.5,Gurdaspur Tahsil,Punjab,2.67,0.45,0.64,0.58,0.38,2.73,10.78,9.71,2.53,0,0.01,1.61
32,75.75,Mukerian Tahsil,Punjab,2.18,0.76,1.19,1.47,0.89,4.69,7.25,12.85,2.73,0,0,1.87
32.25,74.75,Sialkot District,Punjab,4.63,1.34,1.04,1.14,0.41,5.37,8.27,8.31,1.5,0,0.15,1.62
32.25,75,Narowal District,Punjab,3.67,0.86,1.08,0.63,0.39,4.03,8.6,9.54,1.6,0,0.08,1.73
32.25,75.25,Narowal District,Punjab,4.21,0.84,1.2,1.09,0.76,4.75,11.02,14.56,2.32,0,0.03,2.39
32.25,75.5,Pathankot Tahsil,Punjab,4,0.23,1.42,1.12,0.68,3.42,7.3,11.01,5.08,0,0.01,2.75
32.75,74.5,Sialkot District,Punjab,6.05,2.28,1.52,1.83,0.56,7.57,11.64,10.46,2.17,0.01,0.18,2.24
33,73.75,Jhelum District,Punjab,5.84,1.97,1.22,2.95,1.24,4.74,5.05,7.73,1.82,0,0.47,1.94
33.25,73.5,Rawalpindi District,Punjab,6.02,1.83,1.28,3.32,1.36,4.15,3.58,6.91,1.66,0,0.49,1.9
33.5,73.5,Rawalpindi District,Punjab,6.6,2.01,1.66,3.82,1.41,4.15,3.47,6.32,1.64,0,0.48,2
33.75,73.5,Murree District,Punjab,7.92,2.62,2.66,5.17,1.45,4.08,3.25,4.77,1.54,0,0.48,2.22
34,73.5,Murree District,Punjab,9.01,3.8,3.94,7.17,1.41,3.61,2.57,2.83,1.17,0,0.54,2.37
23.25,74.25,Sajjangarh Tehsil,Rajasthan,0,0,0,0,0.3,3.55,15.42,4.84,5.92,0,0,0
23.25,74.5,Kushalgarh Tehsil,Rajasthan,0,0,0,0,0.02,3.06,15.62,5.49,5.75,0.02,0,0.05
23.5,73.75,Simalwara Tehsil,Rajasthan,0,0,0,0,0,3.58,13.69,5.27,2.32,0,0,0.13
23.5,74,Galiakot Tehsil,Rajasthan,0,0,0,0,0,2.99,14.37,6.19,1.79,0,0,0.01
23.5,74.25,Garhi Tehsil,Rajasthan,0,0,0,0,0.03,2.61,18.71,7.55,3.91,0,0,0
23.5,74.5,Abapura Tehsil,Rajasthan,0,0,0,0,0.09,2.81,17.49,9.25,5.09,0,0,0
23.75,73.5,Bichiwara Tehsil,Rajasthan,0,0,0,0,0.04,1.86,15.26,7.24,3.18,0,0,0.11
23.75,73.75,Jhonthtri Tehsil,Rajasthan,0,0,0,0,0,1.93,15.6,7.03,3.15,0,0,0.16
23.75,74,Sagwara Tehsil,Rajasthan,0,0,0,0,0,3.33,14.38,8.56,2.74,0,0,0.25
23.75,74.25,Garhi Tehsil,Rajasthan,0,0,0,0,0,1.57,15.98,8.34,1.85,0,0,0
23.75,74.5,Ghatol Tehsil,Rajasthan,0,0,0,0,0.21,1.66,21.29,12.96,2.7,0,0,0.12
23.75,74.75,Peepal Khoont Tehsil,Rajasthan,0,0,0,0,0.11,3.27,19.02,12.47,3.84,0.02,0,0.23
24,73.5,Kherwara Tehsil,Rajasthan,0,0,0,0,0.38,1.99,15.14,5.16,1.68,0,0,0
24,73.75,Rishabhdeo Tehsil,Rajasthan,0,0,0,0,0,2.33,15.74,8.22,2.62,0,0,0.14
24,74,Salumbar Tehsil,Rajasthan,0.01,0,0.01,0.01,0.09,3.2,13.84,8.08,2.99,0,0,0.14
24,74.25,Salumbar Tehsil,Rajasthan,0,0,0,0,0.23,3.77,12.43,8.37,2.44,0,0,0.12
24,74.5,Dhariawad Tehsil,Rajasthan,0,0,0,0,0.33,2.99,23.09,13.88,2.77,0,0,0.42
24,74.75,Pratapgarh Tehsil,Rajasthan,0,0,0,0,0.25,2.65,26.82,15.8,2.86,0,0,0.57
24,75.5,Gangdhar Tehsil,Rajasthan,0,0,0,0,0,2.83,14.27,4.38,1.75,0,0,0
24.25,73.25,Kotra Tehsil,Rajasthan,0.1,0,0.18,0,0.39,3.78,16.86,4.01,2.17,0,0,0
24.25,73.5,Jhadol Tehsil,Rajasthan,0.03,0,0.03,0,0.16,2.86,14.62,4.54,1.94,0,0,0
24.25,73.75,Sarada Tehsil,Rajasthan,0,0,0,0,0.11,2.36,14.87,6.36,1.58,0,0,0.02
24.25,74,Salumbar Tehsil,Rajasthan,0.01,0,0.02,0.01,0.24,2.52,17.01,7.01,2.22,0,0,0.02
24.25,74.25,Lasadiya Tehsil,Rajasthan,0.01,0,0.01,0.1,0.44,2.78,14.1,4.96,2.57,0,0,0.08
24.25,74.5,Pratapgarh Tehsil,Rajasthan,0,0,0.01,0.01,0.4,2.51,18.36,7.9,2.93,0,0,0.23
24.25,76,Sunel Tehsil,Rajasthan,0.08,0,0,0,0.26,3.02,16.54,3.45,3.9,0,0,0
24.25,76.25,Bakani Tehsil,Rajasthan,0.04,0,0,0,0.23,2.94,16.79,5.16,4.92,0,0,0.02
24.25,76.5,Aklera Tehsil,Rajasthan,0,0,0.02,0,0.82,3.62,13.64,5.65,3.73,0,0,0.03
24.25,76.75,Manoharthana Tehsil,Rajasthan,0.05,0.09,0.11,0,0.86,4.47,13.91,4.93,3.56,0,0,0
24.5,72.5,Reodar Tehsil,Rajasthan,0,0,0,0,0.18,2.41,48.37,1.93,1.56,0,0,0.07
24.5,72.75,Abu Road Tehsil,Rajasthan,0,0,0,0,0.05,2.83,45.19,2.27,1.83,0,0,0.08
24.5,73,Abu Road Tehsil,Rajasthan,0.04,0,0.03,0,0.04,2.82,31.17,4.96,2.14,0,0,0.02
24.5,73.25,Kotra Tehsil,Rajasthan,0.05,0,0,0,0.05,3.13,21.21,4.91,2.5,0,0,0
24.5,73.5,Jhadol Tehsil,Rajasthan,0.08,0,0,0,0.33,3.33,13.2,4.5,2.03,0,0,0
24.5,73.75,Girwa Tehsil,Rajasthan,0.24,0,0.01,0,0.61,4.22,10.68,4.37,1.63,0,0,0.08
24.5,74,Girwa Tehsil,Rajasthan,0.1,0,0.01,0.69,0.72,2.19,13.85,2.72,1.79,0,0,0.04
24.5,74.25,Dungla Tehsil,Rajasthan,0,0,0,1.1,0.72,0.9,16.22,1.96,2.14,0,0,0
24.5,74.5,Bari Sadri Tehsil,Rajasthan,0.08,0,0.06,0.02,0.43,2.07,16.48,3.69,1.61,0,0,0.07
24.5,76,Pachpahar Tehsil,Rajasthan,0.09,0,0.08,0,0.24,3.12,11.84,7.49,3.61,0,0,0.14
24.5,76.25,Asnawar Tehsil,Rajasthan,0.06,0,0.02,0,0.09,3.08,12.81,6.52,5.56,0,0,0.03
24.5,76.5,Khanpur Tehsil,Rajasthan,0,0,0.25,0,0.25,2.11,9.71,5.43,4.98,0,0,0.09
24.5,76.75,Chhipabarod Tehsil,Rajasthan,0.01,0.02,0.36,0,0.16,2.98,10.77,4.62,6.88,0,0,0.07
24.5,77,Chhabra Tehsil,Rajasthan,0.05,0.08,0.29,0,0.29,3.27,12.49,4.78,6.09,0,0,0.04
24.75,71.25,Sedwa Tehsil,Rajasthan,0.05,0,0,0,0.15,2.12,19.91,2.23,0.42,0,0,0
24.75,71.5,Chitalwana Tehsil,Rajasthan,0,0,0,0,0.41,3.05,24.49,2.23,0.44,0,0,0
24.75,71.75,Sanchore Tehsil,Rajasthan,0,0,0,0,0.62,4.35,27.89,2.17,0.36,0,0,0
24.75,72,Sanchore Tehsil,Rajasthan,0.01,0,0,0,0.33,2.48,34.9,2.1,0.59,0,0,0.03
24.75,72.25,Raniwara Tehsil,Rajasthan,0,0,0,0,0.35,1.96,36.85,1.71,0.65,0,0,0.01
24.75,72.5,Reodar Tehsil,Rajasthan,0,0,0,0,0.26,1.88,44.71,1.63,1.28,0,0,0.1
24.75,72.75,Sirohi Tehsil,Rajasthan,0,0,0.06,0,0.18,3.21,45.99,3.53,1.58,0,0,0.12
24.75,73,Pindwara Tehsil,Rajasthan,0,0,0.12,0,0.06,3.27,29.1,3.71,2.38,0,0,0.09
24.75,73.25,Kotra Tehsil,Rajasthan,0.01,0,0.03,0,0.03,4.23,20.27,3.57,4.09,0,0,0.03
24.75,73.5,Gogunda Tehsil,Rajasthan,0.02,0,0,0,0.08,4.82,17.1,3.49,4.81,0,0,0
24.75,73.75,Nathdwara Tehsil,Rajasthan,0.17,0,0.03,0,0.55,3.86,12.51,3.81,1.71,0,0,0.07
24.75,74,Mavli Tehsil,Rajasthan,0.09,0,0.05,0.04,0.54,3.17,11.93,3.79,1.03,0,0,0.01
24.75,74.25,Kapasan Tehsil,Rajasthan,0.13,0,0.06,0.33,0.25,2.66,15.72,3.66,1.16,0,0,0.01
24.75,74.5,Bhadesar Tehsil,Rajasthan,0.12,0,0.17,0.06,0.49,4.14,15.74,4.74,1.24,0,0,0.14
24.75,74.75,Chittaurgarh Tehsil,Rajasthan,0.04,0,0.06,0,0.25,2.91,13.54,4.61,1.77,0,0,0.06
24.75,75,Nimbahera Tehsil,Rajasthan,0.11,0,0.2,0,0.62,2.67,10.98,4.58,1.23,0,0,0.03
24.75,75.25,Rawatbhata Tehsil,Rajasthan,0.06,0,0.41,0,0.27,3.58,6.63,5.93,1.66,0,0,0.01
24.75,75.5,Rawatbhata Tehsil,Rajasthan,0.03,0,0.32,0,0.09,3.68,7.18,5.07,2.51,0,0,0
24.75,76,Ramganj Mandi Tehsil,Rajasthan,0.06,0,0.16,0,0.09,2.38,7.22,6.93,1.7,0,0,0.08
24.75,76.25,Khanpur Tehsil,Rajasthan,0.19,0,0.19,0,0,2.41,6.72,6.3,3.37,0,0,0.19
24.75,76.5,Atru Tehsil,Rajasthan,0.08,0,0.36,0,0.01,2.71,8.44,5.47,3.44,0,0,0.14
24.75,76.75,Atru Tehsil,Rajasthan,0.01,0,0.36,0,0.05,2.66,11.6,4.67,7.71,0,0,0.08
25,71,Sedwa Tehsil,Rajasthan,0.06,0,0,0,0.11,1.55,14.17,1.66,0.83,0,0,0
25,71.25,Sedwa Tehsil,Rajasthan,0.08,0,0,0,0.23,2.68,18.63,1.85,0.73,0,0,0
25,71.5,Chitalwana Tehsil,Rajasthan,0.08,0,0,0,0.29,2.78,19.43,1.77,0.92,0,0,0
25,71.75,Chitalwana Tehsil,Rajasthan,0.04,0,0,0,0.49,3.07,22.94,1.71,1.04,0,0,0
25,72,Bhinmal Tehsil,Rajasthan,0.17,0,0,0,0.2,2.29,22.75,1.24,0.52,0,0,0.02
25,72.25,Bhinmal Tehsil,Rajasthan,0.06,0,0,0,0.2,1.71,26.5,1.31,0.29,0,0,0.03
25,72.5,Jaswantpura Tehsil,Rajasthan,0.04,0,0.02,0,0.23,1.98,29.42,1.34,0.39,0,0,0.02
25,72.75,Sirohi Tehsil,Rajasthan,0,0,0.04,0,0.36,2.75,31.93,2.87,0.63,0,0,0.02
25,73,Sheoganj Tehsil,Rajasthan,0,0,0.01,0,0.69,2.59,20.99,2.65,0.6,0,0,0.07
25,73.25,Bali Tehsil,Rajasthan,0,0,0,0,0.67,3.59,20.35,2.72,0.96,0,0,0.03
25,73.5,Gogunda Tehsil,Rajasthan,0,0,0,0,0,4.44,16.49,3.77,3.05,0,0,0.01
25,73.75,Nathdwara Tehsil,Rajasthan,0,0,0.01,0,0.02,2.99,12.99,4.16,3.82,0,0,0.09
25,74,Rajsamand Tehsil,Rajasthan,0.01,0,0,0.01,0.01,2.83,11.66,3.89,1.7,0,0,0.01
25,74.25,Railmagra Tehsil,Rajasthan,0.32,0,0.32,0.05,0.34,2.76,13.4,5.45,2.4,0,0,0
25,74.5,Gangrar Tehsil,Rajasthan,0.4,0,0.59,0,0.37,4.94,14.43,5.47,2.71,0,0,0.06
25,74.75,Chittaurgarh Tehsil,Rajasthan,0.18,0,0.41,0.01,0.69,3.87,12.05,5.32,1.58,0,0,0.09
25,75,Begun Tehsil,Rajasthan,0.16,0,0.31,0,0.89,2.33,10.12,4.31,0.92,0,0,0
25,75.5,Rawatbhata Tehsil,Rajasthan,0.05,0,0.44,0,0.11,3.64,5.23,5.87,1.75,0,0,0.01
25,75.75,Ladpura Tehsil,Rajasthan,0.01,0,0.09,0,0.01,2.02,4.82,6.86,0.66,0,0,0.05
25,76,Ladpura Tehsil,Rajasthan,0,0,0.01,0,0,2.43,5.41,5.67,0.94,0,0,0.07
25,76.25,Sangod Tehsil,Rajasthan,0.03,0,0.03,0,0.1,2.47,4.99,4.47,0.91,0,0,0.04
25,76.5,Baran Tehsil,Rajasthan,0.13,0,0.21,0,0.06,1.72,8.05,4.49,2.26,0,0,0.18
25,76.75,Kishanganj Tehsil,Rajasthan,0.1,0,0.19,0,0.02,1.87,8.28,5.29,2.69,0,0,0.14
25.25,71,Dhanaoo Tehsil,Rajasthan,0.04,0,0,0,0.02,0.98,11.51,1.62,0.6,0,0,0.01
25.25,71.25,Dhanaoo Tehsil,Rajasthan,0.1,0,0,0,0.05,2.08,15.2,1.78,0.63,0,0,0
25.25,71.5,Dhorimanna Tehsil,Rajasthan,0.11,0,0,0,0.17,2.33,16.84,1.69,0.88,0,0,0
25.25,71.75,Gudha Malani Tehsil,Rajasthan,0.08,0,0,0,0.49,2.49,19.52,1.34,1.57,0,0,0.01
25.25,72,Bagora Tehsil,Rajasthan,0.21,0,0,0,0.14,1.98,18.29,1.15,0.56,0,0,0.01
25.25,72.25,Sayla Tehsil,Rajasthan,0.33,0,0,0.01,0.3,3.58,19.42,0.71,0.79,0,0,0.01
25.25,72.5,Jalor Tehsil,Rajasthan,0.29,0,0,0.01,1.19,3.36,20.12,0.74,0.29,0,0,0
25.25,72.75,Jalor Tehsil,Rajasthan,0.25,0,0,0,1.29,3.38,18.53,0.91,0.51,0,0,0
25.25,73,Sumerpur Tehsil,Rajasthan,0,0,0.01,0,0.66,2.84,20.25,2.11,0.33,0,0,0.04
25.25,73.25,Bali Tehsil,Rajasthan,0.01,0,0,0,0.73,4.38,21.26,2.67,0.35,0,0,0
25.25,73.5,Desuri Tehsil,Rajasthan,0.05,0,0,0,0.65,7.57,21.08,5.52,0.98,0,0,0
25.25,73.75,Gadbor Tehsil,Rajasthan,0,0,0,0,0,3.43,11.75,3.62,1,0,0,0.02
25.25,74,Amet Tehsil,Rajasthan,0.1,0,0.37,0,1.31,4.59,14.45,5.85,2.45,0,0,0.01
25.25,74.25,Sahara Tehsil,Rajasthan,0.3,0,0.45,0.02,0.99,3.73,13.95,5.81,2.45,0,0,0
25.25,74.5,Bhilwara Tehsil,Rajasthan,0.37,0,0.49,0,0.37,4.28,12.34,4.63,1.78,0,0,0.02
25.25,74.75,Hameergarh Tehsil,Rajasthan,0.21,0,0.67,0,0.16,2.48,7.51,5.42,0.85,0,0,0
25.25,75,Mandalgarh Tehsil,Rajasthan,0.06,0,0.72,0,0.32,2.18,6.68,6.4,0.97,0,0,0
25.25,75.25,Mandalgarh Tehsil,Rajasthan,0.18,0,0.36,0,0.08,2.5,6.77,6.55,2.84,0,0,0.02
25.25,75.5,Bundi Tehsil,Rajasthan,0.14,0,0.35,0,0.74,3.9,5.38,6.69,0.99,0,0,0.23
25.25,75.75,Talera Tehsil,Rajasthan,0.07,0,0.25,0,0.34,3.83,3.87,7.11,0.85,0,0,0.24
25.25,76,Ladpura Tehsil,Rajasthan,0.29,0,0.15,0,0,0.78,3.41,5.77,0.59,0,0,0.15
25.25,76.25,Digod Tehsil,Rajasthan,0.07,0,0.08,0,0.07,1.38,5.37,4.73,1.57,0,0,0.02
25.25,76.5,Mangrol Tehsil,Rajasthan,0.13,0,0.12,0,0.1,1.03,6.98,4.22,1.85,0,0,0.11
25.25,76.75,Kishanganj Tehsil,Rajasthan,0.09,0,0.04,0,0.07,1.32,6.65,5.76,1.94,0,0,0.11
25.25,77,Shahbad Tehsil,Rajasthan,0.07,0,0,0,0.03,1.46,6.32,6.49,1.85,0,0,0.1
25.25,77.25,Shahbad Tehsil,Rajasthan,0.16,0,0.08,0,0.17,1.52,5.73,4.6,4.26,0,0,0.05
25.5,70.75,Chohtan Tehsil,Rajasthan,0.01,0,0,0,0.01,0.53,7.89,1.01,0.59,0,0,0.03
25.5,71,Chohtan Tehsil,Rajasthan,0,0,0,0,0.03,0.18,10.49,1.86,0.7,0,0,0
25.5,71.25,Chohtan Tehsil,Rajasthan,0.05,0,0,0,0.01,2.92,11.14,1.13,0.52,0,0,0.04
25.5,71.5,Barmer Tehsil,Rajasthan,0.08,0,0,0,0.07,3.71,12.85,0.97,0.63,0,0,0.05
25.5,71.75,Sindhari Tehsil,Rajasthan,0.21,0,0,0,0.96,2.28,13.86,0.48,0.64,0,0,0.11
25.5,72,Sindhari Tehsil,Rajasthan,0.25,0,0,0.01,0.77,2.4,14.81,0.69,0.58,0,0,0.08
25.5,72.25,Siwana Tehsil,Rajasthan,0.37,0,0,0.1,1.3,2.93,15.35,1.5,0.37,0,0,0
25.5,72.5,Siwana Tehsil,Rajasthan,0.31,0,0,0.05,1.38,3.28,18.23,0.97,0.29,0,0,0
25.5,72.75,Ahore Tehsil,Rajasthan,0.24,0,0.01,0.02,1.24,3.32,17.76,0.88,0.42,0,0,0
25.5,73,Ahore Tehsil,Rajasthan,0.22,0,0.01,0,1.25,3.88,17.97,2.46,0.36,0,0,0
25.5,73.25,Pali Tehsil,Rajasthan,0.17,0,0,0,1.22,5.16,19.96,3.85,0.31,0,0,0
25.5,73.5,Rani Tehsil,Rajasthan,0.03,0,0,0,0.62,6.15,20.69,4.96,0.76,0,0,0
25.5,73.75,Marwar Junction Tehsil,Rajasthan,0,0,0.04,0,0.06,4.73,15.16,3.92,1.43,0,0,0
25.5,74,Deogarh Tehsil,Rajasthan,0.12,0,0.51,0,1.73,5.28,15.94,6.65,2.7,0,0,0
25.5,74.25,Kareda Tehsil,Rajasthan,0.19,0,0.64,0,1.28,4.11,11.39,4.87,1.57,0,0,0
25.5,74.5,Mandal Tehsil,Rajasthan,0.22,0,0.76,0,0.51,3.83,9.92,3.37,0.3,0,0,0
25.5,74.75,Banera Tehsil,Rajasthan,0.21,0,0.84,0,0.1,2.09,6.26,5.6,0.67,0,0,0
25.5,75,Kotri Tehsil,Rajasthan,0.19,0,0.63,0,0.13,2.74,6.79,5.86,0.5,0,0,0
25.5,75.25,Jahazpur Tehsil,Rajasthan,0.19,0,0.48,0,0.17,2.93,7.1,5.74,0.8,0,0,0.15
25.5,75.5,Hindoli Tehsil,Rajasthan,0.23,0,0.65,0,0.44,2.96,7.05,6.37,1.49,0,0,0.29
25.5,75.75,Hindoli Tehsil,Rajasthan,0.09,0,0.33,0,0.54,4.14,4.33,6.55,0.71,0,0,0.23
25.5,76,Keshoraipatan Tehsil,Rajasthan,0.14,0,0.15,0,0.09,2.29,3.69,6.29,0.98,0,0,0.15
25.5,76.25,Digod Tehsil,Rajasthan,0.16,0,0.1,0,0.07,0.79,5.39,5,0.99,0,0,0.05
25.5,76.5,Pipalda Tehsil,Rajasthan,0.13,0,0.09,0,0.11,0.98,6.25,4.53,1.22,0,0,0.07
25.75,70.5,Gadraroad Tehsil,Rajasthan,0.03,0,0,0,0,0.63,5.47,0.71,0.59,0,0,0
25.75,70.75,Ramsar Tehsil,Rajasthan,0.01,0,0,0,0,0.63,6.73,0.49,0.5,0,0,0.07
25.75,71,Ramsar Tehsil,Rajasthan,0.01,0,0,0,0.01,1.05,8.25,0.73,0.51,0,0,0.07
25.75,71.25,Barmer Tehsil,Rajasthan,0.07,0,0,0,0,4.22,10.84,0.69,0.44,0,0,0.07
25.75,71.5,Barmer Tehsil,Rajasthan,0.07,0,0,0,0.11,3.97,10.86,0.67,0.45,0,0,0.06
25.75,71.75,Baytoo Tehsil,Rajasthan,0.13,0,0,0,0.79,2.73,11.69,0.55,0.49,0,0,0.07
25.75,72,Sindhari Tehsil,Rajasthan,0.19,0,0.01,0.01,0.86,2.56,12.61,0.85,0.24,0,0,0.04
25.75,72.25,Unknown,Rajasthan,0.26,0,0.01,0.08,1.18,2.54,12.97,1.57,0.11,0,0,0
25.75,72.5,Samdhari Tehsil,Rajasthan,0.25,0,0.01,0.08,1.16,2.24,13.32,1.44,0.14,0,0,0
25.75,72.75,Ahore Tehsil,Rajasthan,0.41,0,0.2,0.01,1.49,4.29,12.48,1.55,0.41,0,0,0
25.75,73,Rohat Tehsil,Rajasthan,0.41,0,0.13,0,1.54,4.77,13.46,2.38,0.46,0,0,0
25.75,73.25,Pali Tehsil,Rajasthan,0.38,0,0,0,1.78,4.64,16.31,4.11,0.4,0,0,0
25.75,73.5,Pali Tehsil,Rajasthan,0.06,0,0.01,0,0.87,4.01,19.39,4.19,0.08,0,0,0
25.75,73.75,Marwar Junction Tehsil,Rajasthan,0,0,0.27,0,0.66,3.84,16.4,4.81,0.43,0,0,0
25.75,74,Beawar Tehsil,Rajasthan,0,0,0.05,0,0.41,4.51,11.89,6.03,0.61,0,0,0
25.75,74.25,Badnor Tehsil,Rajasthan,0.12,0,0.57,0,0.95,3.53,6.37,4.07,1.43,0,0,0
25.75,74.5,Hurda Tehsil,Rajasthan,0.16,0,0.56,0,1.05,4.87,9.42,3.13,1.02,0,0,0
25.75,74.75,Hurda Tehsil,Rajasthan,0.06,0,0.97,0,0.39,3,5.83,5.62,0.8,0,0,0
25.75,75,Phooliya Kalan Tehsil,Rajasthan,0.12,0,0.22,0,0.4,3.31,4.14,4.64,0.66,0,0,0
25.75,75.25,Sawar Tehsil,Rajasthan,0.19,0,0.35,0,0.29,2.4,2.92,2.46,0,0,0,0.1
25.75,75.5,Deoli Tehsil,Rajasthan,0.18,0,0.39,0,0.29,2.87,4.34,4.93,0.58,0,0,0.21
25.75,75.75,Nainwa Tehsil,Rajasthan,0.13,0,0.43,0.01,0.44,3.21,3.8,4.54,0.22,0,0,0.28
25.75,76,Nainwa Tehsil,Rajasthan,0.37,0,0.29,0.04,0.87,2.62,5.57,4.92,0.54,0,0.03,0.3
25.75,76.25,Indargarh Tehsil,Rajasthan,0.38,0,0.18,0.05,0.54,2.75,6.77,3.63,1.04,0,0.06,0.33
25.75,76.5,Pipalda Tehsil,Rajasthan,0.26,0,0.11,0.06,0.12,2.65,6.33,3.19,1.03,0,0.03,0.27
26,70.25,Gadraroad Tehsil,Rajasthan,0.02,0,0.02,0,0.02,0.62,5.57,0.61,0.5,0,0,0.02
26,70.5,Gadraroad Tehsil,Rajasthan,0.02,0,0,0.03,0.02,0.67,6.17,0.68,0.52,0,0,0.05
26,70.75,Gadraroad Tehsil,Rajasthan,0.01,0,0,0.07,0.05,0.74,6.62,0.62,0.44,0,0,0.09
26,71,Sheo Tehsil,Rajasthan,0.01,0,0,0.2,0.13,1.75,7.85,0.5,0.2,0,0,0.18
26,71.25,Sheo Tehsil,Rajasthan,0.02,0,0,0.23,0.16,2.46,8.6,0.57,0.17,0,0,0.18
26,71.5,Baytoo Tehsil,Rajasthan,0.03,0,0,0.03,0.41,3,10.04,0.66,0.46,0,0,0.04
26,71.75,Baytoo Tehsil,Rajasthan,0,0,0,0,0.71,2.43,9.89,0.68,0.53,0,0,0
26,72,Gira Tehsil,Rajasthan,0.08,0,0.09,0,0.56,2.33,11.17,0.72,0.27,0,0,0
26,72.25,Unknown,Rajasthan,0.09,0,0.19,0.01,0.46,1.96,11.2,0.62,0.27,0,0,0
26,72.5,Unknown,Rajasthan,0.24,0,0.08,0.05,1.04,2.38,11.94,1.26,0.13,0,0,0
26,72.75,Unknown,Rajasthan,0.47,0,0.47,0.01,1.68,3.9,9.87,1.33,0.4,0,0,0.01
26,73,Unknown,Rajasthan,0.43,0,0.26,0,1.5,4.59,11.56,1.62,0.44,0,0,0
26,73.25,Rohat Tehsil,Rajasthan,0.3,0,0.05,0,1.21,4.29,13.63,2.98,0.36,0,0,0
26,73.5,Sojat Tehsil,Rajasthan,0.15,0,0,0,0.64,3.26,11.59,3.05,0.2,0,0,0
26,73.75,Sojat Tehsil,Rajasthan,0.18,0,0,0,1.13,4.75,9.32,3.73,0.26,0,0,0
26,74,Raipur Tehsil,Rajasthan,0.12,0,0.28,0,1.34,5.49,8.89,4.88,0.6,0,0,0
26,74.25,Beawar Tehsil,Rajasthan,0.06,0,0.55,0,1.71,4.77,9.69,4.94,1.51,0,0,0.02
26,74.5,Masuda Tehsil,Rajasthan,0.09,0,0.33,0,1.18,4.84,7.95,3.85,1.64,0,0,0.01
26,74.75,Bhinay Tehsil,Rajasthan,0.14,0,0.2,0.02,0.77,3.14,4.92,5.59,1.28,0,0,0
26,75,Sarwar Tehsil,Rajasthan,0.58,0,0.45,0.01,0.63,5.43,4.41,6.53,1,0,0,0
26,75.25,Kekri Tehsil,Rajasthan,0.36,0,0.27,0,0.25,4.01,4.56,5.95,0.22,0,0,0.07
26,75.5,Todaraisingh Tehsil,Rajasthan,0.39,0,0.21,0.03,0.49,3.98,4.87,6.41,0.28,0,0,0.09
26,75.75,Tonk Tehsil,Rajasthan,0.4,0,0.23,0.09,0.97,3.6,4.93,6.02,0.39,0,0,0.19
26,76,Uniara Tehsil,Rajasthan,0.45,0,0.24,0.06,1.04,2.32,6.06,5.07,0.57,0,0.03,0.29
26,76.25,Sawai Madhopur Tehsil,Rajasthan,0.51,0,0.23,0,0.47,2.91,7.71,3.38,1.22,0,0.13,0.39
26,76.5,Khandar Tehsil,Rajasthan,0.18,0,0.1,0.1,0.01,3.7,6.17,1.81,1.34,0,0,0.32
26,76.75,Khandar Tehsil,Rajasthan,0.46,0,0.04,0.06,0.08,2.71,4.59,3.15,1.17,0,0,0.18
26.25,70.25,Jaisalmer Tehsil,Rajasthan,0.03,0,0.11,0,0.1,0.69,4.41,0.46,0.27,0,0,0.02
26.25,70.5,Fatehgarh Tehsil,Rajasthan,0.02,0,0.07,0,0.05,0.96,4.79,0.43,0.31,0,0,0.02
26.25,70.75,Fatehgarh Tehsil,Rajasthan,0,0,0,0.11,0.1,2.34,6.21,0.32,0.12,0,0,0.09
26.25,71,Sheo Tehsil,Rajasthan,0,0,0,0.19,0.14,2.41,6.65,0.34,0.03,0,0,0.14
26.25,71.25,Sheo Tehsil,Rajasthan,0,0,0,0.3,0.19,1.87,7.11,0.45,0.01,0,0,0.21
26.25,71.5,Sheo Tehsil,Rajasthan,0,0,0,0.12,0.36,2.53,8.13,0.5,0.23,0,0,0.09
26.25,71.75,Gira Tehsil,Rajasthan,0.02,0,0.32,0.02,0.56,2.12,10.03,0.53,0.54,0,0,0.02
26.25,72,Gira Tehsil,Rajasthan,0.06,0,1.02,0,0.58,2.25,10.84,0.47,0.76,0,0,0
26.25,72.25,Shergarh Tehsil,Rajasthan,0.07,0,1.55,0,0.61,2.3,10.96,0.37,0.98,0,0,0
26.25,72.5,Unknown,Rajasthan,0.28,0,1.14,0.02,1.26,2.59,9.63,0.67,0.99,0,0,0.02
26.25,72.75,Unknown,Rajasthan,0.55,0,0.73,0.03,2.1,3.31,8.33,1.17,0.96,0,0,0.03
26.25,73,Jodhpur Tehsil,Rajasthan,0.57,0,0.78,0.04,2.19,3.25,8.12,1.11,1.07,0,0,0.04
26.25,73.25,Jodhpur Tehsil,Rajasthan,0.53,0,0.49,0.02,2.01,3.51,8.45,1.73,0.92,0,0,0.02
26.25,73.5,Bilara Tehsil,Rajasthan,0.4,0,0.02,0,1.43,3.76,8.31,2.98,0.49,0,0,0
26.25,73.75,Bilara Tehsil,Rajasthan,0.27,0,0,0,1.17,4.34,7.4,3.78,0.42,0,0,0
26.25,74,Jaitaran Tehsil,Rajasthan,0.17,0,0.09,0,1.54,4.92,8.69,4.43,0.69,0,0,0
26.25,74.25,Raipur Tehsil,Rajasthan,0.18,0,0.28,0,2.04,3.61,7.88,4.5,0.77,0,0,0.01
26.25,74.5,Peesangan Tehsil,Rajasthan,0.21,0,0.22,0.01,1.58,6.01,6.65,4.4,0.89,0,0,0.14
26.25,74.75,Nasirabad Tehsil,Rajasthan,0.16,0,0.19,0.01,1.02,4.96,5.19,4.88,1.11,0,0,0.1
26.25,75,Sarwar Tehsil,Rajasthan,0.34,0,0.15,0.02,0.43,4.11,5.64,4.36,0.3,0,0,0.02
26.25,75.25,Malpura Tehsil,Rajasthan,0.36,0,0,0,0.01,4.51,6.32,3.43,0.63,0,0,0.22
26.25,75.5,Malpura Tehsil,Rajasthan,0.62,0,0.04,0.06,1.42,3.32,5.58,4.37,1.1,0,0,0.15
26.25,75.75,Peeplu Tehsil,Rajasthan,0.48,0,0.13,0.12,0.86,3.95,4.62,3.58,0.83,0,0,0.14
26.25,76,Niwai Tehsil,Rajasthan,0.31,0,0.24,0.02,0.26,2.01,5.85,1.73,0.26,0,0.01,0.1
26.25,76.25,Bonli Tehsil,Rajasthan,0.43,0,0.08,0.14,0.14,2.39,4.56,4.45,0.33,0,0.02,0.41
26.25,76.5,Malarna Doongar Tehsil,Rajasthan,0.45,0,0.02,0.06,0.06,2.97,4.65,2.86,1.4,0,0,0.19
26.25,76.75,Sapotra Tehsil,Rajasthan,0.5,0,0.03,0,0.22,3.24,3.6,3.19,1.36,0,0,0.07
26.25,77,Sapotra Tehsil,Rajasthan,0.76,0,0.04,0,0.36,1.46,2.08,5.53,0.32,0,0,0.05
26.5,70.25,Jaisalmer Tehsil,Rajasthan,0.08,0,0.31,0.01,0.54,0.85,4.04,0.63,0.03,0,0,0.06
26.5,70.5,Jaisalmer Tehsil,Rajasthan,0.08,0,0.3,0.02,0.55,1.15,4.25,0.6,0,0,0,0.06
26.5,70.75,Fatehgarh Tehsil,Rajasthan,0.08,0,0.26,0.02,0.64,2.24,5.53,0.64,0,0,0,0.07
26.5,71,Fatehgarh Tehsil,Rajasthan,0.01,0,0.03,0.04,0.15,3.36,5.79,0.21,0,0,0,0.04
26.5,71.25,Fatehgarh Tehsil,Rajasthan,0.01,0,0.03,0.08,0.17,3.1,5.98,0.26,0,0,0,0.07
26.5,71.5,Pokaran Tehsil,Rajasthan,0.06,0,0.23,0.15,0.39,2.4,7.29,0.33,0.08,0,0,0.1
26.5,71.75,Bhaniyana Tehsil,Rajasthan,0.13,0,0.89,0.07,0.77,2.13,9.59,0.4,0.48,0,0,0.04
26.5,72,Bhaniyana Tehsil,Rajasthan,0.11,0,1.24,0.05,0.72,2.04,10.32,0.37,0.69,0,0,0.03
26.5,72.25,Shergarh Tehsil,Rajasthan,0.08,0,1.41,0.01,0.61,2.27,10.55,0.34,0.89,0,0,0.01
26.5,72.5,Shekhata Tehsil,Rajasthan,0.17,0,1.21,0.01,0.91,3.34,8.77,0.49,1.05,0,0,0.01
26.5,72.75,Tinwari Tehsil,Rajasthan,0.25,0,0.61,0.01,1.15,4.98,5.68,0.59,1.03,0,0,0.01
26.5,73,Tinwari Tehsil,Rajasthan,0.46,0,0.72,0.03,1.78,3.93,7.11,0.93,1.05,0,0,0.03
26.5,73.25,Baori Tehsil,Rajasthan,0.47,0,0.53,0.01,1.12,5.06,7.36,1.17,0.42,0,0,0.01
26.5,73.5,Bhopalgarh Tehsil,Rajasthan,0.41,0,0.33,0,0.82,5.54,6.95,1.58,0.31,0,0,0
26.5,73.75,Bhopalgarh Tehsil,Rajasthan,0.35,0,0.03,0,1.18,4.99,5.53,2.77,1.16,0,0,0
26.5,74,Riyan Badi Tehsil,Rajasthan,0.33,0,0.04,0,1.3,4.91,4.68,2.95,1.25,0,0,0
26.5,74.25,Riyan Badi Tehsil,Rajasthan,0.33,0,0.27,0.01,2.26,3.1,5.35,4.13,0.19,0,0,0.02
26.5,74.5,Pushkar Tehsil,Rajasthan,0.64,0,0.22,0.06,2.08,4.59,5.21,4.33,0.9,0,0,0.12
26.5,74.75,Ajmer Tehsil,Rajasthan,0.16,0,0.16,0,0.18,3.62,2.62,3.05,0.54,0,0,0
26.5,75,Arain Tehsil,Rajasthan,0.43,0,0.04,0,0.04,5.4,6.58,2.99,0.24,0,0,0.01
26.5,75.25,Malpura Tehsil,Rajasthan,0.23,0,0.08,0,0.02,2.48,4.04,2.19,0.3,0,0,0.09
26.5,75.5,Phagi Tehsil,Rajasthan,0.31,0,0.03,0,0.3,2.12,4.33,2.01,0.52,0,0,0.11
26.5,75.75,Phagi Tehsil,Rajasthan,0.56,0,0.19,0.03,0.43,2.94,3.18,2.47,1.13,0,0,0.18
26.5,76,Niwai Tehsil,Rajasthan,0.43,0,0.28,0.01,0.14,1.71,3.34,2.69,0.44,0,0,0.1
26.5,76.25,Lalsot Tehsil,Rajasthan,0.47,0,0.3,0,0.02,1.45,1.93,3.69,0.4,0,0,0.1
26.5,76.5,Bamanwas Tehsil,Rajasthan,0.42,0,0.08,0,0.13,3.18,2.01,3.2,0.59,0,0,0.26
26.5,76.75,Gangapur Tehsil,Rajasthan,0.36,0,0.03,0,0.66,3.77,2.18,3.12,0.48,0,0,0.07
26.5,77,Karauli Tehsil,Rajasthan,0.48,0,0.03,0,0.62,2.42,1.99,4.2,0.66,0,0,0.01
26.5,77.25,Sarmathura Tehsil,Rajasthan,0.12,0,0.24,0,0.62,1.98,2.93,6.11,1.3,0,0,0.04
26.5,77.5,Sarmathura Tehsil,Rajasthan,0.59,0,0.89,0,0.25,1.35,3.11,5.66,1.07,0,0,0.1
26.75,69.75,Jaisalmer Tehsil,Rajasthan,0.04,0,0.18,0,0.32,0.62,3.11,0.48,0,0,0,0.04
26.75,70,Jaisalmer Tehsil,Rajasthan,0.05,0,0.22,0.01,0.42,0.67,3.41,0.56,0,0,0,0.05
26.75,70.25,Jaisalmer Tehsil,Rajasthan,0.06,0,0.25,0.01,0.4,0.75,3.46,0.5,0,0,0,0.04
26.75,70.5,Jaisalmer Tehsil,Rajasthan,0.05,0,0.22,0,0.25,0.74,3.07,0.36,0,0,0,0.02
26.75,70.75,Jaisalmer Tehsil,Rajasthan,0.15,0,0.47,0.03,1.11,1.18,5.64,1.07,0,0,0,0.13
26.75,71,Fatehgarh Tehsil,Rajasthan,0.13,0,0.39,0.03,1,1.9,6.07,0.95,0,0,0,0.12
26.75,71.25,Fatehgarh Tehsil,Rajasthan,0.09,0,0.26,0.05,0.7,2.41,6.05,0.69,0,0,0,0.1
26.75,71.5,Pokaran Tehsil,Rajasthan,0.18,0,0.67,0.15,0.76,1.92,8.15,0.36,0.09,0,0,0.1
26.75,71.75,Pokaran Tehsil,Rajasthan,0.22,0,0.96,0.25,1.05,1.73,8.91,0.5,0.23,0,0,0.08
26.75,72,Bhaniyana Tehsil,Rajasthan,0.19,0,0.91,0.37,1.14,1.79,8.74,0.73,0.3,0,0,0.07
26.75,72.25,Dechoo Tehsil,Rajasthan,0.11,0,0.91,0.48,1.16,2.63,8.27,1.01,0.56,0,0,0.05
26.75,72.5,Shekhata Tehsil,Rajasthan,0.08,0,0.65,0.38,1.03,4.46,6.06,0.95,0.88,0,0,0.01
26.75,72.75,Osian Tehsil,Rajasthan,0.1,0,0.53,0,0.65,5.9,4.52,0.33,1.06,0,0,0
26.75,73,Osian Tehsil,Rajasthan,0.17,0,0.45,0,0.63,5.83,4.7,0.61,0.84,0,0,0
26.75,73.25,Baori Tehsil,Rajasthan,0.39,0,0.32,0,0.6,5.75,5.91,1.25,0.23,0,0,0
26.75,73.5,Bhopalgarh Tehsil,Rajasthan,0.4,0,0.34,0,0.6,5.79,6.28,1.27,0.24,0,0,0
26.75,73.75,Merta Tehsil,Rajasthan,0.35,0,0.09,0,0.91,5.23,4.88,2.06,1.25,0,0,0.01
26.75,74,Merta Tehsil,Rajasthan,0.33,0,0.03,0,1.15,4.95,4.59,2.59,1.59,0,0,0.02
26.75,74.25,Degana Tehsil,Rajasthan,0.29,0,0.04,0,0.77,3.93,5.57,2.96,1.69,0,0,0.1
26.75,74.5,Degana Tehsil,Rajasthan,0.48,0,0.07,0.01,1.02,6.07,4.81,2.79,1.04,0,0,0.02
26.75,74.75,Roopangarh Tehsil,Rajasthan,0.34,0,0.09,0,0.5,5.5,4.1,2.82,0.86,0,0,0
26.75,75,Roopangarh Tehsil,Rajasthan,0.65,0,0.03,0,0.02,1.8,3.96,2.66,0.46,0,0,0.17
26.75,75.25,Phulera Tehsil,Rajasthan,0.16,0,0.17,0,0,1.29,2.19,1.94,0.08,0,0,0.02
26.75,75.5,Phagi Tehsil,Rajasthan,0.57,0,0.36,0.03,0.42,2.84,5.06,5.07,1.72,0,0,0.17
26.75,75.75,Sanganer Tehsil,Rajasthan,0.69,0,0.4,0.03,0.52,3.06,4.9,5.32,1.97,0,0,0.2
26.75,76,Bassi Tehsil,Rajasthan,0.77,0,0.21,0,0.68,2.88,3.6,2.61,1.07,0,0,0.14
26.75,76.25,Lawan Tehsil,Rajasthan,0.53,0,0.21,0,0.23,2.33,2.35,3.12,1.3,0,0,0.18
26.75,76.5,Nadoti Tehsil,Rajasthan,0.36,0,0.4,0,0.72,3.49,4.45,5.35,0.63,0,0,0.08
26.75,76.75,Nadoti Tehsil,Rajasthan,0.47,0,0.03,0,0.46,3.11,4.07,3.86,1.17,0,0,0.02
26.75,77,Hindaun Tehsil,Rajasthan,0.61,0,0.31,0,0.48,3.22,3.22,4.33,1.37,0,0,0
26.75,77.25,Karauli Tehsil,Rajasthan,0.56,0,0.8,0,0.26,1.98,2.99,3.68,0.76,0,0,0.02
26.75,77.5,Baseri Tehsil,Rajasthan,0.5,0,0.68,0,0.14,1.09,3.57,3.34,1,0,0,0.03
26.75,77.75,Bari Tehsil,Rajasthan,0.69,0,0.31,0.06,0.06,1.09,5.12,5.55,1.53,0,0,0.07
26.75,78,Rajakhera Tehsil,Rajasthan,0.47,0,0.27,0.02,0.16,2.87,8.07,3.46,1.58,0,0,0.16
27,69.75,Jaisalmer Tehsil,Rajasthan,0.03,0,0.15,0,0.41,0.51,3.18,0.61,0,0,0,0.06
27,70,Jaisalmer Tehsil,Rajasthan,0.04,0,0.18,0.01,0.47,0.56,3.4,0.65,0,0,0,0.07
27,70.25,Jaisalmer Tehsil,Rajasthan,0.04,0,0.2,0.01,0.42,0.62,3.36,0.58,0,0,0,0.05
27,70.5,Jaisalmer Tehsil,Rajasthan,0.07,0,0.29,0.01,0.53,0.8,3.81,0.61,0,0,0,0.06
27,70.75,Jaisalmer Tehsil,Rajasthan,0.18,0,0.54,0.04,1.36,1.13,6.14,1.27,0,0,0,0.17
27,71,Jaisalmer Tehsil,Rajasthan,0.17,0,0.49,0.04,1.23,1.38,6.23,1.18,0,0,0,0.16
27,71.25,Jaisalmer Tehsil,Rajasthan,0.15,0,0.46,0.04,1.04,1.84,6.43,0.94,0.01,0,0,0.13
27,71.5,Pokaran Tehsil,Rajasthan,0.22,0,0.85,0.14,0.98,1.73,8.48,0.43,0.1,0,0,0.1
27,71.75,Pokaran Tehsil,Rajasthan,0.24,0,0.94,0.23,1.07,1.61,8.83,0.39,0.14,0,0,0.09
27,72,Pokaran Tehsil,Rajasthan,0.2,0,0.82,0.39,1.18,1.68,8.19,0.65,0.19,0,0,0.08
27,72.25,Phalodi Tehsil,Rajasthan,0.05,0,0.37,1.09,1.69,2.29,6.19,1.94,0.42,0,0,0.05
27,72.5,Lohawat Tehsil,Rajasthan,0.05,0,0.39,0.79,1.36,4.09,5.44,1.45,0.61,0,0,0.03
27,72.75,Lohawat Tehsil,Rajasthan,0.11,0,0.4,0.35,0.97,5.18,4.88,1.08,0.79,0,0,0.01
27,73,Bapini Tehsil,Rajasthan,0.24,0,0.27,0,0.54,5.69,4.47,1.02,0.6,0,0,0
27,73.25,Kheenvsar Tehsil,Rajasthan,0.35,0,0.01,0,0.54,5.42,4.04,1.7,0.3,0,0,0
27,73.5,Mundwa Tehsil,Rajasthan,0.31,0,0.05,0,0.45,4.58,4.33,1.48,0.35,0,0,0
27,73.75,Mundwa Tehsil,Rajasthan,0.3,0,0,0,0.37,3.86,3.88,1.43,0.63,0,0,0
27,74,Mundwa Tehsil,Rajasthan,0.35,0,0,0,0.37,4.23,4.54,1.87,1.26,0,0,0.05
27,74.25,Sanju Tehsil,Rajasthan,0.3,0,0,0,0.44,3.93,5.66,2.42,1.87,0,0,0.1
27,74.5,Makrana Tehsil,Rajasthan,0.5,0,0,0,0.82,3.81,4.91,2.86,1.42,0,0,0.02
27,74.75,Parbatsar Tehsil,Rajasthan,0.61,0,0,0,0.67,4.48,4.91,2.48,1.02,0,0,0.01
27,75,Nawa Tehsil,Rajasthan,0.69,0,0.02,0,0.2,3.04,4.35,2.46,0.96,0,0,0.14
27,75.25,Phulera Tehsil,Rajasthan,0.45,0,0.07,0,0.04,1.83,3.21,2.37,0.52,0,0,0.12
27,75.5,Phulera Tehsil,Rajasthan,0.43,0,0.19,0.06,0.4,2.58,3.91,3.59,0.77,0,0,0.15
27,75.75,Jaipur Tehsil,Rajasthan,0.92,0,0.25,0,0.3,3.02,4.81,3.78,0.24,0,0,0.24
27,76,Jamwa Ramgarh Tehsil,Rajasthan,0.52,0,0.12,0,0.26,3.53,5.18,2.37,0.71,0,0,0.12
27,76.25,Dausa Tehsil,Rajasthan,0.56,0,0.15,0.01,0.42,2.8,2.78,2.66,1.67,0,0,0.2
27,76.5,Baswa Tehsil,Rajasthan,0.48,0,0.29,0,0.99,3.45,3.83,3.61,1.05,0,0,0.12
27,76.75,Baswa Tehsil,Rajasthan,0.56,0,0.19,0,0.33,2.95,4.66,3.84,1.14,0,0,0.12
27,77,Mahwa Tehsil,Rajasthan,0.71,0,0.55,0,0.44,2.72,5.04,3.19,0.59,0,0,0.02
27,77.25,Bayana Tehsil,Rajasthan,0.71,0,0.58,0,0.33,2.98,4.38,3.61,0.79,0,0,0
27,77.5,Rupbas Tehsil,Rajasthan,0.44,0,0.22,0,0.29,1.82,3.41,2.71,0.57,0,0,0.01
27,77.75,Rupbas Tehsil,Rajasthan,0.46,0,0.53,0.09,0.87,1.05,2.58,1.85,1.03,0,0,0.14
27.25,69.75,Jaisalmer Tehsil,Rajasthan,0.01,0,0.1,0,0.53,0.34,3.25,0.78,0,0,0,0.09
27.25,70,Jaisalmer Tehsil,Rajasthan,0.03,0,0.12,0,0.59,0.38,3.44,0.83,0,0,0,0.1
27.25,70.25,Jaisalmer Tehsil,Rajasthan,0.02,0,0.09,0,0.66,0.29,3.48,0.93,0,0,0,0.12
27.25,70.5,Jaisalmer Tehsil,Rajasthan,0.01,0,0.06,0,0.68,0.19,3.43,0.98,0,0,0,0.13
27.25,70.75,Jaisalmer Tehsil,Rajasthan,0.09,0,0.28,0.02,0.95,0.65,4.66,1.09,0,0,0,0.14
27.25,71,Jaisalmer Tehsil,Rajasthan,0.15,0,0.45,0.04,1.19,0.99,5.7,1.2,0,0,0,0.16
27.25,71.25,Jaisalmer Tehsil,Rajasthan,0.19,0,0.6,0.07,1.22,1.45,6.89,1.04,0.03,0,0,0.15
27.25,71.5,Jaisalmer Tehsil,Rajasthan,0.22,0,0.77,0.17,1.2,1.45,7.66,0.69,0.07,0,0,0.12
27.25,71.75,Pokaran Tehsil,Rajasthan,0.15,0,0.63,0.58,1.31,1.71,7.11,0.88,0.21,0,0,0.07
27.25,72,Bap Tehsil,Rajasthan,0.07,0,0.31,0.87,1.48,1.85,5.16,1.09,0.22,0,0,0.03
27.25,72.25,Bap Tehsil,Rajasthan,0.04,0,0.31,1.13,1.71,1.99,5.77,1.92,0.39,0,0,0.04
27.25,72.5,Phalodi Tehsil,Rajasthan,0.04,0,0.28,0.95,1.52,2.64,5.02,1.45,0.4,0,0,0.03
27.25,72.75,Phalodi Tehsil,Rajasthan,0.14,0,0.25,0.48,1.04,4.34,4.67,1.39,0.55,0,0,0.02
27.25,73,Bapini Tehsil,Rajasthan,0.16,0,0.13,0,0.42,4.41,3.93,0.91,0.42,0,0,0.07
27.25,73.25,Kheenvsar Tehsil,Rajasthan,0.23,0,0.02,0,0.39,4.04,3.99,1.2,0.23,0,0,0.07
27.25,73.5,Nagaur Tehsil,Rajasthan,0.22,0,0,0,0.27,3.29,3.92,1.16,0.33,0,0,0.03
27.25,73.75,Nagaur Tehsil,Rajasthan,0.25,0,0,0,0.2,3.18,3.87,1.14,0.38,0,0,0.01
27.25,74,Deh Tehsil,Rajasthan,0.43,0,0,0,0.04,4.17,3.44,1.11,0.49,0,0,0.01
27.25,74.25,Jayal Tehsil,Rajasthan,0.39,0,0,0,0.11,4.13,4.34,1.33,1.01,0,0,0.02
27.25,74.5,Didwana Tehsil,Rajasthan,0.28,0,0,0,0.32,4.08,5.54,1.63,1.57,0,0,0
27.25,74.75,Maulasar Tehsil,Rajasthan,0.44,0,0,0,0.71,3.25,4.29,2.69,1.02,0,0,0
27.25,75,Nawa Tehsil,Rajasthan,0.01,0,0,0,0.74,3.38,3.52,1.7,1.03,0,0,0
27.25,75.25,Danta Ramgarh Tehsil,Rajasthan,0,0,0,0.01,0.62,2.98,3.21,2.34,0.77,0,0,0.02
27.25,75.5,Chomu Tehsil,Rajasthan,0.14,0,0.04,0.07,0.49,2.52,3.3,3.17,0.55,0,0,0.12
27.25,75.75,Chomu Tehsil,Rajasthan,0.43,0,0.03,0.02,0.54,4.91,3.35,3.6,0.76,0,0,0.09
27.25,76,Amber Tehsil,Rajasthan,0.78,0,0.06,0.01,0.6,4.67,4.56,2.85,0.6,0,0,0.09
27.25,76.25,Thanagazi Tehsil,Rajasthan,0.52,0,0.27,0.08,1.07,3.47,4.2,2.3,1.11,0,0,0.07
27.25,76.5,Rajgarh Tehsil,Rajasthan,0.44,0,0.14,0.1,0.54,2.59,3.35,2.53,0.44,0,0,0.05
27.25,76.75,Reni Tehsil,Rajasthan,0.44,0,0.4,0,0.25,1.56,4.03,3.28,0.72,0,0,0.12
27.25,77,Kathumar Tehsil,Rajasthan,0.7,0,0.33,0,0.64,1.42,5.97,2.42,0.33,0,0,0.04
27.25,77.25,Nadbai Tehsil,Rajasthan,1.03,0,0.23,0,0.61,2.47,3.39,5.05,2.43,0,0,0
27.25,77.5,Bharatpur Tehsil,Rajasthan,0.67,0,0.22,0,0.42,2.09,2.94,3.74,1.41,0,0,0
27.5,70,Jaisalmer Tehsil,Rajasthan,0.01,0,0.08,0,0.63,0.28,3.4,0.9,0,0,0,0.11
27.5,70.25,Jaisalmer Tehsil,Rajasthan,0.01,0,0.08,0,0.68,0.25,3.47,0.96,0,0,0,0.12
27.5,70.5,Jaisalmer Tehsil,Rajasthan,0.01,0,0.07,0,0.69,0.21,3.48,0.99,0,0,0,0.13
27.5,70.75,Jaisalmer Tehsil,Rajasthan,0.05,0,0.19,0.01,0.84,0.47,4.16,1.04,0,0,0,0.13
27.5,71,Jaisalmer Tehsil,Rajasthan,0.1,0,0.31,0.02,1.01,0.73,4.94,1.12,0,0,0,0.15
27.5,71.25,Jaisalmer Tehsil,Rajasthan,0.19,0,0.63,0.08,1.2,1.19,6.91,0.99,0.04,0,0,0.15
27.5,71.5,Pokaran Tehsil,Rajasthan,0.12,0,0.44,0.62,1.3,1.72,5.8,0.74,0.14,0,0,0.05
27.5,71.75,Pokaran Tehsil,Rajasthan,0.08,0,0.31,0.79,1.42,1.81,4.96,0.86,0.17,0,0,0.03
27.5,72,Bap Tehsil,Rajasthan,0.05,0,0.09,0.83,1.4,1.88,3.25,0.5,0.08,0,0,0.01
27.5,72.25,Bajju Tehsil,Rajasthan,0.03,0,0.02,0.84,1.39,1.9,2.68,0.38,0.05,0,0,0
27.5,72.5,Bap Tehsil,Rajasthan,0.03,0,0.14,0.93,1.5,2.16,3.87,1.05,0.25,0,0,0.02
27.5,72.75,Bap Tehsil,Rajasthan,0.03,0,0.13,0.83,1.39,2.06,4.02,1.27,0.25,0,0,0.06
27.5,73,Nokha Tehsil,Rajasthan,0.05,0,0,0.2,0.88,3,2.2,1.01,0.32,0,0.05,0.14
27.5,73.25,Nokha Tehsil,Rajasthan,0.04,0,0,0.05,0.37,2.49,3.36,0.65,0.11,0,0,0.19
27.5,73.5,Nokha Tehsil,Rajasthan,0.06,0,0,0.01,0.27,2.54,3.61,0.62,0.11,0,0,0.18
27.5,73.75,Nagaur Tehsil,Rajasthan,0.23,0,0,0,0.19,2.84,3.73,0.87,0.32,0,0,0.09
27.5,74,Deh Tehsil,Rajasthan,0.67,0,0,0.1,0.29,3.39,4.01,1.51,0.86,0,0,0.01
27.5,74.25,Ladnu Tehsil,Rajasthan,0.76,0,0,0.07,0.32,3.04,4.6,1.61,1.37,0,0.01,0.01
27.5,74.5,Ladnu Tehsil,Rajasthan,0.25,0,0,0.03,0.25,3.88,5.62,1.36,1.64,0,0.02,0.01
27.5,74.75,Didwana Tehsil,Rajasthan,0.16,0,0.06,0,0.53,3.07,3.96,1.55,1.32,0,0,0.01
27.5,75,Dhod Tehsil,Rajasthan,0.14,0,0.08,0,0.67,2.5,2.86,1.78,1.14,0,0,0.01
27.5,75.25,Danta Ramgarh Tehsil,Rajasthan,0.33,0,0.03,0.02,0.76,3.2,3.81,3.47,1.09,0,0,0.1
27.5,75.5,Khandela Tehsil,Rajasthan,0.03,0,0,0,0.85,2.94,4.3,5.14,1.25,0,0,0.15
27.5,75.75,Sri Madhopur Tehsil,Rajasthan,0.4,0,0,0,0.76,5.24,3.61,4.09,1.16,0,0,0.08
27.5,76,Shahpura Tehsil,Rajasthan,1.48,0,0.03,0.01,0.97,4.15,3.41,2.73,0.58,0,0,0.14
27.5,76.25,Thanagazi Tehsil,Rajasthan,0.7,0,0.35,0.06,1.29,3.91,3.9,2.4,0.89,0,0,0.08
27.5,76.5,Alwar Tehsil,Rajasthan,0.64,0,0.5,0,0.9,2.23,3.01,2.81,0.56,0,0,0.13
27.5,76.75,Ramgarh Tehsil,Rajasthan,0.42,0,0.26,0,0.76,1.84,3.29,3.22,0.88,0,0,0.16
27.5,77,Govindgarh Tehsil,Rajasthan,0.41,0,0.23,0,0.69,2.17,2.83,2.13,1.52,0,0,0.14
27.5,77.25,Deeg Tehsil,Rajasthan,0.43,0,0.2,0,0.47,1.84,3.79,1.11,1.26,0,0,0.03
27.75,70.25,Jaisalmer Tehsil,Rajasthan,0.01,0,0.07,0,0.68,0.24,3.47,0.97,0,0,0,0.12
27.75,70.5,Jaisalmer Tehsil,Rajasthan,0.02,0,0.1,0.01,0.73,0.29,3.67,1,0,0,0,0.13
27.75,71.25,Jaisalmer Tehsil,Rajasthan,0.11,0,0.33,0.13,1.19,0.95,4.97,1.1,0,0,0,0.14
27.75,71.5,Pokaran Tehsil,Rajasthan,0.08,0,0.26,0.73,1.35,1.8,4.46,0.62,0.11,0,0,0.03
27.75,71.75,Pokaran Tehsil,Rajasthan,0.09,0,0.28,0.72,1.35,1.81,4.55,0.56,0.11,0,0,0.03
27.75,72,Pokaran Tehsil,Rajasthan,0.05,0,0.13,0.82,1.4,1.86,3.52,0.55,0.1,0,0,0.01
27.75,72.25,Bajju Tehsil,Rajasthan,0.04,0,0.07,0.85,1.42,1.88,3.13,0.55,0.09,0,0,0.01
27.75,72.5,Kolayat Tehsil,Rajasthan,0.03,0,0.07,0.88,1.48,2.01,3.16,0.87,0.18,0,0.01,0.02
27.75,72.75,Kolayat Tehsil,Rajasthan,0.02,0,0,0.49,1.3,2.67,1.63,0.94,0.33,0,0.05,0.09
27.75,73,Kolayat Tehsil,Rajasthan,0.02,0,0,0.28,1.03,3.09,1.77,1.06,0.4,0,0.06,0.14
27.75,73.25,Nokha Tehsil,Rajasthan,0.01,0,0,0.13,0.6,2.66,2.76,0.71,0.2,0,0.02,0.18
27.75,73.5,Nokha Tehsil,Rajasthan,0.01,0,0,0.12,0.61,2.38,2.74,0.78,0.28,0,0.03,0.2
27.75,73.75,Nokha Tehsil,Rajasthan,0.18,0,0,0.12,0.7,1.5,2.96,1.91,1.27,0,0,0.29
27.75,74,Bidasar Tehsil,Rajasthan,0.5,0,0,0.15,0.78,1.83,3.32,2.33,1.61,0,0.02,0.2
27.75,74.25,Bidasar Tehsil,Rajasthan,0.77,0,0,0.12,0.55,2.86,4.31,1.92,1.24,0,0.03,0.02
27.75,74.5,Sujangarh Tehsil,Rajasthan,0.48,0,0,0.03,1.21,2.37,3.48,2.65,1.41,0,0.2,0.06
27.75,74.75,Lachhmangarh Tehsil,Rajasthan,0.23,0,0.05,0,0.78,2.75,3.66,1.93,0.99,0,0.08,0.05
27.75,75,Lachhmangarh Tehsil,Rajasthan,0.2,0,0.07,0,0.58,2.62,2.95,1.66,1.01,0,0,0.02
27.75,75.25,Sikar Tehsil,Rajasthan,0.64,0,0.01,0.03,0.47,3.65,3.43,1.73,0.73,0,0,0.06
27.75,75.5,Udaipurwati Tehsil,Rajasthan,0.35,0,0,0.03,0.69,4.12,4.81,2.6,1.11,0,0,0.06
27.75,75.75,Neem Ka Thana Tehsil,Rajasthan,0.16,0,0,0.02,0.67,4.15,5.08,2.13,1.19,0,0,0.01
27.75,76,Patan Tehsil,Rajasthan,1.02,0,0.02,0.01,0.67,3.32,3.17,2.86,1.08,0,0,0.06
27.75,76.25,Bansur Tehsil,Rajasthan,1.19,0,0.13,0.01,2.13,4.59,3.21,2.94,0.87,0,0,0.03
27.75,76.5,Bansur Tehsil,Rajasthan,0.59,0,0.31,0,1.76,1.65,3.11,3.69,0.88,0,0,0.13
27.75,76.75,Kishangarh Bas Tehsil,Rajasthan,0.49,0,0.59,0,0.61,1.92,1.58,2.53,2.69,0,0,0.27
27.75,77.25,Kaman Tehsil,Rajasthan,0.16,0,0.1,0,0.14,1.37,5.53,0.41,1.84,0,0,0.14
28,70.5,Jaisalmer Tehsil,Rajasthan,0.01,0,0.06,0,0.7,0.2,3.48,1,0,0,0,0.13
28,72,Bajju Tehsil,Rajasthan,0.03,0,0.03,0.7,1.44,2.01,2.43,0.6,0.17,0,0,0
28,72.25,Bajju Tehsil,Rajasthan,0.03,0,0.02,0.69,1.46,2.07,2.37,0.71,0.2,0,0,0.01
28,72.5,Bajju Tehsil,Rajasthan,0.02,0,0,0.56,1.44,2.28,1.75,0.75,0.27,0,0.02,0.02
28,72.75,Kolayat Tehsil,Rajasthan,0.02,0,0,0.44,1.34,2.82,1.2,1.11,0.66,0,0.07,0.09
28,73,Kolayat Tehsil,Rajasthan,0.02,0,0.01,0.36,1.25,3.66,1.3,1.26,0.53,0,0.07,0.11
28,73.25,Bikaner Tehsil,Rajasthan,0.02,0,0,0.38,1.38,3.18,0.93,1.27,0.54,0,0.09,0.11
28,73.5,Bikaner Tehsil,Rajasthan,0.01,0,0,0.35,1.14,4.25,1.66,1.38,0.75,0,0.06,0.12
28,73.75,Sri Dungargarh Tehsil,Rajasthan,0,0,0,0.26,1.12,1.03,2.01,2.76,1.93,0,0.01,0.4
28,74,Sri Dungargarh Tehsil,Rajasthan,0.06,0,0,0.23,1.16,0.74,2.2,2.92,1.99,0,0,0.42
28,74.25,Ratangarh Tehsil,Rajasthan,0.51,0,0,0.1,0.57,3.11,2.83,1.66,1.05,0,0.06,0.02
28,74.5,Ratangarh Tehsil,Rajasthan,0.39,0,0,0.08,0.37,3.4,1.9,1.21,0.89,0,0.04,0.01
28,74.75,Ratangarh Tehsil,Rajasthan,0.1,0,0,0.01,0.35,3.47,4.13,1.38,0.63,0,0.02,0.05
28,75,Fatehpur Tehsil,Rajasthan,0.19,0,0,0.06,0.41,2.98,3.83,1.32,0.62,0,0.05,0.08
28,75.25,Nawalgarh Tehsil,Rajasthan,0.39,0,0,0.22,0.65,1.97,3.27,1.27,0.68,0,0.15,0.16
28,75.5,Gudhagorji Tehsil,Rajasthan,0.45,0,0,0.34,0.9,2.98,3.15,1.72,0.44,0,0.09,0.1
28,75.75,Khetri Tehsil,Rajasthan,0.59,0,0.02,0.21,1.15,3.94,2.22,1.98,0.24,0,0,0.03
28,76.25,Unknown,Rajasthan,0.8,0,0.13,0,0.09,2.56,0.76,3.51,2.11,0,0,0.03
28,76.5,Mandawar Tehsil,Rajasthan,1.51,0,0.21,0,0.79,2.3,2.86,5.28,2.14,0,0,0.07
28,76.75,Kotkasim Tehsil,Rajasthan,0.8,0,0.13,0,0.38,2.56,2.44,2.65,2.34,0,0,0.06
28.25,72.25,Bajju Tehsil,Rajasthan,0.01,0,0,0.25,1.47,2.26,1.14,0.98,0.66,0,0,0
28.25,72.5,Bajju Tehsil,Rajasthan,0,0,0,0.07,1.35,2.42,0.72,1.22,1.26,0,0.01,0.02
28.25,72.75,Kolayat Tehsil,Rajasthan,0.02,0,0,0.26,1.18,2.69,1,1.25,1.4,0,0.04,0.07
28.25,73,Poogal Tehsil,Rajasthan,0.02,0,0.01,0.34,1.12,4.02,1.47,1.25,0.94,0,0.05,0.09
28.25,73.25,Bikaner Tehsil,Rajasthan,0.01,0,0,0.36,0.88,5.85,2.22,1.15,0.7,0,0.04,0.07
28.25,73.5,Bikaner Tehsil,Rajasthan,0,0,0,0.36,0.39,6.39,2.52,0.84,0.95,0,0.07,0.03
28.25,73.75,Sri Dungargarh Tehsil,Rajasthan,0,0,0,0.31,0.82,1.8,1.78,2.08,1.7,0,0.07,0.28
28.25,74,Sri Dungargarh Tehsil,Rajasthan,0.07,0,0,0.24,0.96,1.26,1.78,2.3,1.77,0,0.04,0.28
28.25,74.25,Sardarshahar Tehsil,Rajasthan,0.34,0,0,0.05,1.06,2.81,2.14,1.86,1.36,0,0.02,0.06
28.25,74.5,Sardarshahar Tehsil,Rajasthan,0.44,0,0,0.05,0.74,3.18,2.09,1.52,1.03,0,0.05,0
28.25,74.75,Churu Tehsil,Rajasthan,0.79,0,0,0.11,1.19,2.41,3.52,2.41,0.75,0,0.19,0
28.25,75,Churu Tehsil,Rajasthan,0.67,0,0,0.17,1,2.15,3.54,2.15,0.76,0,0.22,0.05
28.25,75.25,Malesar Tehsil,Rajasthan,0.38,0.02,0,0.29,0.76,2.19,3.58,0.97,0.82,0,0.2,0.18
28.25,75.5,Chirawa Tehsil,Rajasthan,0.45,0,0,0.78,0.67,2.93,4.07,1.63,0.73,0,0.17,0.13
28.25,75.75,Surajgarh Tehsil,Rajasthan,0.72,0,0.06,0.65,0.93,3.64,2.64,2,0.95,0,0.27,0.08
28.25,76,Buhana Tehsil,Rajasthan,0.83,0,0,0.13,1.54,4.79,3.69,3.14,2.16,0,0,0.06
28.5,72.25,Khajuwala Tehsil,Rajasthan,0.02,0.01,0,0.02,1.42,2.26,0.67,1.15,1.03,0,0,0.01
28.5,72.5,Khajuwala Tehsil,Rajasthan,0.01,0,0,0,1.46,2.32,0.6,1.2,0.98,0,0,0.01
28.5,72.75,Poogal Tehsil,Rajasthan,0.04,0.01,0,0.02,1.07,1.96,0.91,0.91,1.86,0,0.01,0.03
28.5,73,Poogal Tehsil,Rajasthan,0.03,0.01,0,0.07,0.42,2.35,1.61,0.63,3.33,0,0.01,0.04
28.5,73.25,Chhatargarh Tehsil,Rajasthan,0,0,0,0.24,0.36,5.12,2.3,0.76,2.02,0,0.04,0.03
28.5,73.5,Lunkaransar Tehsil,Rajasthan,0,0,0,0.43,0.13,3.41,1.28,0.64,1.31,0,0.17,0.01
28.5,73.75,Lunkaransar Tehsil,Rajasthan,0,0,0,0.47,0.09,2.26,0.84,0.69,1.32,0,0.2,0.02
28.5,74,Lunkaransar Tehsil,Rajasthan,0.15,0,0,0.24,0.76,2.43,1.66,1.52,1.46,0,0.09,0.08
28.5,74.25,Bhanipura Tehsil,Rajasthan,0.37,0,0,0.02,1.25,2.89,2.26,1.92,1.39,0,0.01,0.03
28.5,74.5,Sardarshahar Tehsil,Rajasthan,0.45,0,0,0.03,1.24,2.96,2.45,1.93,1.28,0,0.04,0
28.5,74.75,Sardarshahar Tehsil,Rajasthan,0.7,0,0.08,0.14,1.3,2.04,2.58,2.57,1.14,0,0.18,0.05
28.5,75,Churu Tehsil,Rajasthan,0.8,0,0.09,0.11,2.06,1.86,3.42,2.56,1.03,0,0.18,0.14
28.5,75.25,Taranagar Tehsil,Rajasthan,0.99,0.02,0,0.04,2.98,2.82,6.14,1.69,0.61,0,0.14,0.23
28.5,75.5,Rajgarh Tehsil,Rajasthan,0.64,0.04,0.06,0.43,0.73,4.29,3.44,0.88,0.94,0,0.24,0.08
28.75,72.5,Khajuwala Tehsil,Rajasthan,0,0,0,0,1.6,2.46,0.48,1.31,0.69,0,0,0
28.75,72.75,Khajuwala Tehsil,Rajasthan,0.03,0.01,0,0.01,1.13,2.03,0.82,0.97,1.69,0,0,0.02
28.75,73,Rawla Mandi Tehsil,Rajasthan,0.01,0,0,0.03,0.34,1.52,1.37,0.64,4,0,0,0.03
28.75,73.25,Chhatargarh Tehsil,Rajasthan,0.06,0.02,0,0.09,0.43,3.19,1.87,0.55,2.58,0,0,0.04
28.75,73.5,Lunkaransar Tehsil,Rajasthan,0.01,0.01,0,0.36,0.17,3.63,1.59,0.81,1.84,0,0.14,0.03
28.75,73.75,Lunkaransar Tehsil,Rajasthan,0,0.01,0,0.41,0.13,3.15,1.22,0.69,1.38,0,0.17,0.02
28.75,74,Lunkaransar Tehsil,Rajasthan,0.17,0,0,0.29,0.6,2.24,1.55,1.11,1.27,0,0.1,0.01
28.75,74.25,Bhanipura Tehsil,Rajasthan,0.32,0,0,0.12,1,2.61,2.03,1.36,1.05,0,0.01,0.03
28.75,74.5,Bhanipura Tehsil,Rajasthan,0.44,0,0.04,0.04,1.17,2.37,1.74,1.64,1.1,0,0.05,0.06
28.75,74.75,Taranagar Tehsil,Rajasthan,0.58,0,0.13,0.11,1.35,1.92,1.66,2.37,1.26,0,0.13,0.1
28.75,75,Taranagar Tehsil,Rajasthan,0.67,0,0.13,0.1,1.88,2.15,2.41,2.54,1.23,0,0.12,0.14
28.75,75.25,Rajgarh Tehsil,Rajasthan,1.05,0,0.12,0.01,3.03,2.12,5.52,1.96,0.58,0,0.15,0.23
28.75,75.5,Rajgarh Tehsil,Rajasthan,0.88,0,0.4,0.06,1.14,2.2,3.01,1.3,0.73,0,0.17,0.13
29,73,Gharsana Tehsil,Rajasthan,0.25,0.07,0,0,0.7,0.91,1.37,0.06,1.57,0,0,0.06
29,73.25,Anupgarh Tehsil,Rajasthan,0.14,0.04,0,0.05,0.45,1.32,0.95,0.38,1.44,0,0.06,0.05
29,73.5,Chhatargarh Tehsil,Rajasthan,0.07,0.04,0,0.14,0.34,1.83,1.09,0.98,2.07,0,0.11,0.07
29,73.75,Lunkaransar Tehsil,Rajasthan,0.08,0.03,0,0.14,0.32,2.46,0.82,1.1,2.07,0,0.08,0.09
29,74,Suratgarh Tehsil,Rajasthan,0.11,0,0,0.23,0.47,2.16,1.67,0.89,1.14,0,0,0.07
29,74.25,Pallu Tehsil,Rajasthan,0.21,0,0,0.27,0.53,2.46,1.89,1.06,1.07,0,0,0.09
29,74.5,Nohar Tehsil,Rajasthan,0.28,0,0,0.11,0.61,2.12,1.2,0.57,0.86,0,0,0.09
29,74.75,Nohar Tehsil,Rajasthan,0.42,0,0.04,0.03,0.96,2.54,1.23,1.11,0.73,0,0.04,0.09
29,75,Bhadra Tehsil,Rajasthan,0.5,0,0.02,0.01,1.16,4.7,2.27,1.65,0.64,0,0.01,0.05
29,75.25,Bhadra Tehsil,Rajasthan,0.59,0,0.21,0,0.74,3.17,2.31,1.12,0.75,0,0.04,0.06
29,75.5,Bhadra Tehsil,Rajasthan,0.92,0,0.5,0.02,0.3,3.28,2.03,1.14,0.87,0,0.11,0.11
29.25,73.25,Anupgarh Tehsil,Rajasthan,0.06,0,0,0,0.16,0.5,0,0,1.1,0,0.1,0
29.25,73.5,Vijayanagar Tehsil,Rajasthan,0.08,0.06,0.01,0.21,0.33,2.23,1.48,1.48,2.6,0,0.14,0.11
29.25,73.75,Suratgarh Tehsil,Rajasthan,0.04,0.01,0,0.02,0.4,1.75,0.47,0.45,1.66,0,0.01,0.04
29.25,74,Suratgarh Tehsil,Rajasthan,0.13,0,0,0.18,0.42,2.65,1.31,1.04,1.27,0,0,0.08
29.25,74.25,Rawatsar Tehsil,Rajasthan,0.16,0,0,0.55,0.57,2.19,3.19,1.29,0.65,0,0,0.07
29.25,74.5,Rawatsar Tehsil,Rajasthan,0.29,0,0,0.1,0.61,2.08,1.14,0.54,0.86,0,0,0.09
29.25,74.75,Nohar Tehsil,Rajasthan,0.34,0,0.01,0,0.62,2.14,0.78,0.44,0.64,0,0.04,0.09
29.25,75,Nohar Tehsil,Rajasthan,0.45,0,0.02,0,0.85,4.33,1.88,1.34,0.82,0,0.04,0.05
29.25,75.25,Bhadra Tehsil,Rajasthan,0.32,0,0.05,0,0.17,2.75,1.48,0.78,0.88,0,0,0.01
29.5,73.25,Raisinghnagar Tehsil,Rajasthan,0.03,0.08,0,0.09,0.18,1.15,0.37,0.28,1.39,0,0.04,0.02
29.5,73.5,Raisinghnagar Tehsil,Rajasthan,0.1,0.14,0,0.12,0.22,1.52,1.05,0.26,1.38,0,0.01,0.02
29.5,73.75,Padampur Tehsil,Rajasthan,0.11,0.03,0,0.02,0.33,2.61,0.37,0.73,1.58,0,0,0.07
29.5,74,Pilibanga Tehsil,Rajasthan,0.16,0,0,0.01,0.3,3.76,0.22,1.33,1.69,0,0,0.13
29.5,74.25,Hanumangarh Tehsil,Rajasthan,0.12,0,0,0.05,0.4,1.86,2.14,0.98,1.44,0,0,0.11
29.5,74.5,Tibi Tehsil,Rajasthan,0.37,0,0,0,0.39,1.93,0.17,0.35,2.3,0,0,0.07
29.75,73.5,Karanpur Tehsil,Rajasthan,0.2,0.22,0,0.16,0.17,1.83,1.85,0.29,1.22,0,0,0.05
29.75,73.75,Padampur Tehsil,Rajasthan,0.17,0.09,0,0.34,0.39,2.37,1.74,1.06,1.77,0,0.11,0.2
29.75,74,Sadulshahar Tehsil,Rajasthan,0.11,0.04,0,0.2,0.46,1.72,1.62,0.72,1.51,0,0.07,0.24
29.75,74.25,Hanumangarh Tehsil,Rajasthan,0.14,0.01,0,0.03,0.6,1.62,1.99,0.89,1.2,0,0.01,0.17
30,73.75,Ganganagar Tehsil,Rajasthan,0.16,0.03,0,0.41,0.43,2.34,1.68,1.31,1.86,0,0.18,0.26
24.5,88.25,Nawabganj Upazila,Rajshahi Division,0.08,0,0.7,1.79,3.56,4.97,9.47,9.76,4.81,3.38,0.05,0.54
24.5,88.5,Godagari Upazila,Rajshahi Division,0.06,0,0.89,1.59,3.01,4.93,7.04,6.99,4.14,2.7,0.05,0.36
25.5,88.75,Dinajpur Sadar Upazila,Rangpur Division,0,0,1.88,4.21,3.14,7.65,6.19,17.73,7.94,2.91,0,0
25.5,89.75,Char Rajibpur Upazila,Rangpur Division,0.01,0.08,5.39,18.02,16.89,17.15,19.84,25.99,20.47,10.49,0.03,0.05
25.75,89.75,Ulipur Upazila,Rangpur Division,0.03,0.02,3.68,14.05,11.99,14.56,12.56,15.78,15.27,7.76,0.01,0.02
26,88.25,Ranishankail Upazila,Rangpur Division,0.11,0,2.34,4.47,8.87,7.32,11.73,31.66,6.44,9.26,0,0
26,89.5,Fulbari Upazila,Rangpur Division,0,0,0,0,0,0,0,0,0,0,0,0
26,89.75,Nageshwari Upazila,Rangpur Division,0.03,0,2.63,11.9,9.07,13.27,8.38,10.01,11.97,6.11,0,0
26.25,88.75,Debiganj Upazila,Rangpur Division,0.05,0,2.76,4.46,11.26,18.65,13.67,30.7,13.22,5,0,0
26.5,88.5,Tentulia Upazila,Rangpur Division,0.19,0,2.75,2.49,9.29,12.51,13.4,29.56,10.79,6.8,0,0
27.25,96.75,Naga Self-Administered Zone,Sagaing Region,0.17,1.36,6.74,9.8,7.98,8.44,14.83,13.04,11.52,6.61,0.7,0
27,91.5,Orong Gewog,Samdrup Jongkhar District,0.01,2.41,1.67,9.03,6.53,12.29,7.67,8.19,9.61,4.67,0.24,0
27,91.75,Martshala Gewog,Samdrup Jongkhar District,0.04,2.58,1.38,7.57,5.35,11.56,7.86,7.65,8.91,4.39,0.25,0
27,92,Serthig Gewog,Samdrup Jongkhar District,0.07,2.43,1.14,6.58,5.19,13.4,9.76,8.7,10.11,4.79,0.17,0
27,89,Sang-Ngag-Chhoeling Gewog,Samtse District,0.06,0.07,2.39,3.81,8.14,23.07,21.8,37.05,20.4,4.8,0.29,0
27,89.25,Duenchhukha Gewog,Samtse District,0.02,0.05,2.26,4.04,8.01,22.9,20.35,44.04,22.12,8.97,0.15,0.11
27,90.25,Gakidling Gewog,Sarpang District,0,1.48,1.88,12.73,8.43,17.97,14.58,29.43,27.08,9.75,0.48,0
27,90.5,Jigme Chhoeling Gewog,Sarpang District,0,1.35,1.49,12.04,9.34,21.95,15.58,28.75,32.15,8.84,0.75,0
27.25,88.25,Gyalshing,Sikkim,0.26,0.48,4.38,11.22,12.98,13.25,18.28,16,11.17,3.36,0.28,0
27.25,88.5,Gangtok subdivision,Sikkim,0.26,0.46,4.3,10.86,12.75,12.99,18.53,16.04,11.34,3.28,0.25,0
27.25,88.75,Rongli subdivision,Sikkim,0.16,0.18,3.16,6.98,11.46,23.41,20.22,31.35,19.91,3.47,0.25,0
27.5,88.25,Gyalshing,Sikkim,0.29,1,8.51,11.79,9.27,23.28,17.28,21.86,16.2,7.72,0.38,0
27.5,88.5,Mangan,Sikkim,0.31,0.72,5.82,12.04,10.6,17.18,16.4,17.59,12.08,6.07,0.32,0
27.5,88.75,Mangan,Sikkim,0.3,0.69,5.68,11.54,11.43,17.32,17.13,18.09,12.14,5.91,0.27,0
27.75,88.25,Chungthang,Sikkim,0.33,0.82,6.66,11.82,8.71,18.24,15.28,17.7,12.99,6.8,0.34,0
27.75,88.5,Chungthang,Sikkim,0.33,0.76,6.16,11.8,9.38,17.77,15.74,17.62,12.53,6.53,0.32,0
27.75,88.75,Chungthang,Sikkim,0.31,0.72,5.9,11.91,10.52,17.75,16.55,18.04,12.32,6.22,0.31,0
28,88.5,Chungthang,Sikkim,0.32,0.78,6.39,11.92,9.78,18.23,16.12,18.1,12.8,6.51,0.33,0
28,88.75,Chungthang,Sikkim,0.32,0.78,6.29,12.07,9.85,17.97,16.08,17.92,12.54,6.43,0.33,0
23.75,68,Sujawal District,Sindh,0,0.01,0,0,0,1.91,7.86,2.51,0.39,0,0,0
24,68,Sujawal District,Sindh,0,0,0,0,0,1.84,7.01,2.2,0.35,0,0,0
24,68.25,Sujawal District,Sindh,0,0,0,0,0,1.85,7.18,2.25,0.37,0,0,0
24,68.5,Sujawal District,Sindh,0,0,0,0,0,1.83,7.06,2.2,0.39,0,0,0
24,68.75,Sujawal District,Sindh,0,0,0,0,0,1.81,6.8,2.11,0.38,0,0,0
24.25,68.75,Sujawal District,Sindh,0,0,0,0,0,1.8,6.85,2.12,0.4,0,0,0
24.25,69.75,Tharparkar District,Sindh,0,0,0,0,0,1.86,7.97,2.35,1.05,0,0,0
24.25,70,Tharparkar District,Sindh,0,0,0,0,0,3.86,10.53,2.74,0.67,0,0,0
24.25,70.75,Tharparkar District,Sindh,0,0,0,0,0,3.35,16.76,2.64,0.45,0,0,0
24.5,69.25,Tharparkar District,Sindh,0,0,0,0,0,1.76,6.6,2.03,0.45,0,0,0
24.5,69.5,Tharparkar District,Sindh,0,0,0,0,0,1.69,6.59,2.03,0.56,0,0,0
24.5,70,Tharparkar District,Sindh,0,0,0,0,0,4.58,10.75,2.51,0.52,0,0,0
24.5,70.25,Tharparkar District,Sindh,0,0,0,0,0,5.07,11.99,2.52,0.49,0,0,0
24.5,70.5,Tharparkar District,Sindh,0,0,0,0,0,3.53,15.17,2.45,0.45,0,0,0
24.5,70.75,Tharparkar District,Sindh,0.01,0,0,0,0,1.04,20.64,2.52,0.44,0,0,0.01
24.5,71,Tharparkar District,Sindh,0,0,0,0,0.07,1.29,21.91,2.51,0.42,0,0,0.01
24.75,71,Tharparkar District,Sindh,0.05,0,0,0,0.09,1.82,19.17,2.13,0.43,0,0,0
25,70.75,Tharparkar District,Sindh,0.05,0,0,0,0.01,0.98,10.91,1.47,0.58,0,0,0.02
25.25,70.75,Tharparkar District,Sindh,0.02,0,0,0,0.01,0.56,8.43,1.16,0.6,0,0,0.02
25.5,70.5,Tharparkar District,Sindh,0.03,0,0,0,0,0.63,6.09,0.76,0.59,0,0,0.01
28.5,81,Kailali,Sudurpashchim Province,1.12,0,0.34,0.01,2.67,3.97,12.03,12.5,3.69,0.99,0,0
28.75,80.5,Kanchanpur District,Sudurpashchim Province,0.95,0.05,0.23,0.13,1.79,4.7,16.32,16.56,6.07,0.01,0,0
28.75,80.75,Kailali,Sudurpashchim Province,1.22,0.02,0.33,0.05,2.58,4.17,13.7,14.65,4.96,0.46,0,0
24.25,91.25,Lakhai Upazila,Sylhet Division,0,0,0,0,0,0,0,0,0,0,0,0
24.25,91.5,Chunarughat Upazila,Sylhet Division,0,0,0,0,0,0,0,0,0,0,0,0
24.25,91.75,Kamalganj Upazila,Sylhet Division,0,0.26,7.16,17.33,13.18,25.35,10.09,19.37,9.86,12.22,0.09,3.49
24.5,91.75,Moulvibazar Sadar Upazila,Sylhet Division,0,0.29,7.14,17.53,14.48,25.4,9.95,20.22,9.43,12.13,0.08,3.33
24.5,92,Kulaura Upazila,Sylhet Division,0,1.3,6.84,16.24,10.8,21.14,8.53,17.14,6.26,7.59,0.14,2.74
24.75,92.25,Barlekha Upazila,Sylhet Division,0,2.34,10.55,17.96,13.67,23.23,14.03,17.69,7.13,9.67,0.36,3.47
25,92.25,Kanaighat Upazila,Sylhet Division,0,2.43,11.96,22.1,14.05,27.28,16.04,20.43,10.87,12.15,0.41,3.27
8.25,77,Kanyakumari,Tamil Nadu,0.14,0,0.73,0.43,5.41,6.59,0.7,1.62,6.67,6.13,6.77,8.04
8.25,77.25,Kalkulam,Tamil Nadu,0,0,0.93,0.17,2.27,3.07,0.3,2.59,5.29,6.94,5.06,8.23
8.25,77.5,Thovalai,Tamil Nadu,0.45,0,0.24,0,0.02,0.79,0.29,0.02,1.38,1.8,8.46,4.75
8.25,77.75,Radhapuram,Tamil Nadu,0.87,0.01,0.67,0,0.14,0.4,0.17,0.53,0.73,1.64,8.05,6.11
8.5,76.75,Kanyakumari,Tamil Nadu,0.34,0,2.24,1.72,6.98,11.21,2.04,3.96,9.97,6.89,8.54,5.05
8.5,77.25,Vilavancode,Tamil Nadu,1.75,0.19,2.06,0.59,3.24,3.53,0.47,1.17,7,4.01,12.94,12.29
8.5,77.5,Nanguneri,Tamil Nadu,0.59,0.07,2.79,0.01,1.7,0.66,0,1.25,1.18,2.78,9.94,3
8.5,77.75,Nanguneri,Tamil Nadu,1.16,0,0.57,0,0.4,0.2,0.16,1.04,0.52,2,8.05,6.71
8.5,78,Tiruchendur,Tamil Nadu,1.05,0,0.98,0,0.16,0.01,0.01,0.12,0.47,0.6,7.36,8.25
8.75,77.25,Ambasamudram,Tamil Nadu,2.56,0.29,1.71,0.22,0.85,0.74,0,0.45,5.06,2.49,14.56,6.24
8.75,77.5,Cheranmahadevi,Tamil Nadu,1,0.07,1.01,0.13,0.58,0.38,0,1.63,2.51,3.24,11.34,4.62
8.75,77.75,Palayamkottai,Tamil Nadu,0.56,0.01,1.19,0.01,1.44,0.06,0,1.19,3.26,2.05,7.96,5.29
8.75,78,Thoothukkudi,Tamil Nadu,0.55,0.06,0.21,0,0.07,0,0.01,0.13,3.96,0.94,6.85,6.12
9,77.25,Shenkottai,Tamil Nadu,1.19,0.03,2.26,2.07,5.09,2.89,0.27,1.65,3.51,0.86,7.47,7.59
9,77.5,Veerakeralamputhur,Tamil Nadu,0.21,0,0.55,0.25,1.19,0.15,0,0.65,1.64,1.64,2.79,4
9,77.75,Kovilpatti,Tamil Nadu,0.85,0.25,0.4,0.01,1.15,0.17,0.07,2.59,3.94,1.86,2.85,3.16
9,78,Ottapidaram,Tamil Nadu,1.04,0.1,0.29,0,0.75,0.13,0.14,2.23,3.06,1.64,4.19,3.63
9.25,77.5,Sankarankoil,Tamil Nadu,0.64,0.09,1.21,0.64,3.65,0.12,0.09,1.62,4.5,1.88,4.06,5.04
9.25,77.75,Sankarankoil,Tamil Nadu,0.55,0.04,0.74,0,1.4,0.01,0.08,2.83,3.6,3.11,3.88,4.49
9.25,78,Ettayapuram,Tamil Nadu,1.4,0.03,0.72,0,0.89,0.19,0.39,2.87,2.38,1.94,3.4,3.46
9.25,78.25,Vilathikulam,Tamil Nadu,0.86,0.07,0.78,0,0.97,0.09,0.38,1.69,2.86,2.85,4.75,1.01
9.25,78.5,Kadaladi,Tamil Nadu,0.53,0.03,0.47,0,0.39,0.15,0.4,1.72,2.31,3.22,4.41,1.01
9.25,78.75,Ramanathapuram,Tamil Nadu,1.79,0.04,0.63,0,0.16,0.2,0.11,2.23,1.58,2.95,6.53,1.71
9.5,77.5,Rajapalayam,Tamil Nadu,0.58,0.3,1.42,0.79,5.31,0.04,0.49,4.42,5.6,3.96,3.45,6.58
9.5,77.75,Sivakasi,Tamil Nadu,0.87,0.16,1,1.06,2.7,0.81,0.87,3.52,4.66,5.97,2.07,3.05
9.5,78,Virudhunagar,Tamil Nadu,0.82,0.23,1.82,0.06,2.99,0.66,2.23,4.85,4.4,5.16,1.76,2.21
9.5,78.25,Tiruchuli,Tamil Nadu,1.4,0.41,1.9,0,1.83,0.52,0.98,2.44,4.39,2.45,2.82,1.12
9.5,78.5,Mudukulathur,Tamil Nadu,1.94,0.74,1.05,0,0.35,0.91,1.55,3.2,3.07,2.38,3.01,0.92
9.5,78.75,Paramakudi,Tamil Nadu,1.79,0.24,1.3,0,0.54,1.1,0.66,2.74,1.17,2.95,3.31,0.93
9.5,79,Ramnathapuram,Tamil Nadu,4.35,0.09,1.15,0,0.54,0.77,0.17,2.01,3.23,1.29,10.95,2.83
9.75,77.25,Uthamapalayam,Tamil Nadu,0.99,0.11,3.29,1.2,3.4,4.04,1.61,7.73,7.25,5.49,2.95,6.16
9.75,77.5,Andipatti,Tamil Nadu,1.02,0.08,3.06,0.62,3.39,0.13,0.62,5.01,4.94,4.78,1.95,3.71
9.75,77.75,Peraiyur,Tamil Nadu,1.39,0.07,1.59,0.41,2.68,1.08,0.63,5.83,8.56,5.01,1.64,2.3
9.75,78,Thirumangalam,Tamil Nadu,1.75,0.15,0.72,0.23,1.72,2.57,2.81,7.13,5.16,3.78,1.54,2.48
9.75,78.25,Tiruchuli,Tamil Nadu,1.61,0,1.39,0.23,1.66,3.48,1.82,3.61,4.06,3.64,2.58,1.77
9.75,78.5,Sivaganga,Tamil Nadu,1.75,0.34,0.73,0.17,1.07,2.63,2.07,4.43,3.11,2.59,2.82,1.26
9.75,78.75,Tiruvadanai,Tamil Nadu,1.46,0.12,2.97,0,1.22,4.2,0.42,4.14,2.12,1.07,1.3,2.48
10,77.5,Theni,Tamil Nadu,0.68,0,2.65,0.01,3.57,0.03,0.07,3.68,5.41,4.25,0.83,1.19
10,77.75,Usilampatti,Tamil Nadu,1.11,0,5.02,1.38,2.68,0.66,0.67,3.54,4.49,5.2,1.22,3.35
10,78,Madurai North,Tamil Nadu,0.89,0,2.36,0.02,1.75,2.26,1.14,3.38,6.02,4.97,1.76,1.15
10,78.25,Melur,Tamil Nadu,1.13,0,1.25,0.25,2.81,3.9,2.03,4.32,4.22,4.65,2.7,1.97
10,78.5,Sivaganga,Tamil Nadu,2.67,0.04,1.77,0.26,1.88,4.15,3.44,6.14,3.35,4.34,2.83,1.84
10,78.75,Karaikkudi,Tamil Nadu,2.78,0.06,0.86,0.03,1.46,2.67,2.76,5.53,2.63,2.89,2.91,1.81
10,79,Avudayarkoil taluk,Tamil Nadu,3.62,0.03,1.22,0,0.14,1.19,0.17,5.1,1.08,2.4,3.74,0.47
10.25,77,Valparai,Tamil Nadu,0.46,0.01,4.99,1.89,5.64,12.36,7.7,16.82,12.21,5.64,2.14,1.49
10.25,77.5,Kodaikanal,Tamil Nadu,1.49,0.04,3.01,0.47,3.66,1.46,0.47,4.8,8.46,6.01,2.47,3.22
10.25,77.75,Athoor,Tamil Nadu,0.81,0,1.28,0.94,1.55,0.72,0.38,5.17,4.5,7.34,2.54,1.83
10.25,78,Dindigul,Tamil Nadu,1.13,0.03,2.02,1.4,2.9,3.31,0.76,3.89,9.11,6.3,1.72,2.31
10.25,78.25,Natham,Tamil Nadu,1.12,0,1.44,0.21,2.22,3.09,1.39,6.2,3.65,5.06,2.66,1.82
10.25,78.5,Ponnamaravathi taluk,Tamil Nadu,2.15,0.32,0.77,0.1,1.3,3.54,1.46,7.08,3,4.6,3.01,0.93
10.25,78.75,Thirumayam taluk,Tamil Nadu,1.74,0.01,0.92,0,0.34,1.67,2.31,9.48,2.63,3.28,2.85,0.98
10.25,79,Aranthangi taluk,Tamil Nadu,2.76,0.4,1.45,0,0.08,1.03,0.99,7.98,0.48,0.61,4.7,0.82
10.25,79.25,Peravurani,Tamil Nadu,3.63,0.92,0.75,0,0.44,1.59,1.07,8.13,3.08,2.31,7.83,2.93
10.5,77,Valparai,Tamil Nadu,0.16,0,1.32,1.05,3.2,2.44,1.86,2.61,6.08,4.75,1.98,0.77
10.5,77.25,Udumalaipettai,Tamil Nadu,0.91,0.06,1.4,0.54,1.58,0.24,0.05,1.77,5.97,4.97,3.58,1.47
10.5,77.5,Palani,Tamil Nadu,1.11,0.05,1.32,0.5,1.68,0.49,0,2.79,7.64,4.54,3.93,1.73
10.5,77.75,Oddanchatram,Tamil Nadu,1.24,0,0.83,0.21,0.97,0.2,0.1,6.59,7.66,5.25,2.91,1.3
10.5,78,Vedasandur,Tamil Nadu,1.13,0,1.04,0.35,0.99,1.6,0.1,4.61,3.63,4.73,2.45,1.77
10.5,78.25,Manapparai,Tamil Nadu,0.68,0,0.77,0.24,1.53,1.86,0.2,5.31,3.71,5.11,2.8,1.52
10.5,78.5,Iluppur taluk,Tamil Nadu,1.21,0,0.7,0.17,1.46,1.81,0.39,5.34,4.69,3,2.07,1.61
10.5,78.75,Kulathur taluk,Tamil Nadu,1.05,0,1.47,0,0.21,1.17,0.87,9.14,4.7,3.22,3.21,0.65
10.5,79,Pudukkottai taluk,Tamil Nadu,2.62,0.04,1.2,0,0.24,1.4,1.29,8.19,1.5,1.93,4.04,1.53
10.5,79.25,Pattukkottai,Tamil Nadu,3.63,0.24,0.61,0,0.73,0.99,0.79,9.61,1.71,2.76,8.32,3.1
10.5,79.5,Mannargudi,Tamil Nadu,3.75,0.15,0.7,0,0,1.26,1.41,4.25,3.39,5.92,17.51,5.8
10.5,79.75,Vedaranyam,Tamil Nadu,4.05,0.88,3.37,0,0.09,0.97,1.21,5.41,3.71,6.66,24.35,4.62
10.75,77,Pollachi,Tamil Nadu,0.06,0,0.32,0.68,3.49,1.27,1.19,1.01,6.4,3.44,1.46,0.84
10.75,77.25,Madathukulam,Tamil Nadu,0.09,0,1.62,0.48,0.98,0.16,0.1,0.8,6.53,4.33,3.03,1.32
10.75,77.5,Dharapuram,Tamil Nadu,0.07,0,0.8,2.21,1.37,0.05,0.04,2.68,7.44,3.38,3,2.29
10.75,77.75,Dharapuram,Tamil Nadu,0.13,0,0.55,1.17,1.72,0.09,0.35,5.07,14.58,5.28,1.8,1.53
10.75,78,Vedasandur,Tamil Nadu,0.98,0,2.2,0.1,2.32,0.53,0.14,4.57,4.79,3.43,1.57,3.32
10.75,78.25,Kadavur,Tamil Nadu,0.36,0,0.27,0.02,0.37,0.26,0.13,2.65,4.2,2.99,1.45,2.86
10.75,78.5,Kulithalai,Tamil Nadu,0.58,0,1.66,0.17,1.59,0.54,1.14,5.78,5.07,2.66,2.8,2.12
10.75,78.75,Thiruverumbur,Tamil Nadu,1.67,0,0.44,0,1.92,1.2,0.81,7.7,4.9,4.94,5.56,2.7
10.75,79,Thanjavur,Tamil Nadu,2.23,0,1.12,0.01,1,1.69,0.64,8.42,3.58,3.21,6.85,2.65
10.75,79.25,Papanasam,Tamil Nadu,2.71,0,0.18,0,1.37,1.8,1.77,6.44,3.49,2.87,10.67,6.27
10.75,79.75,Kilvelur,Tamil Nadu,4.67,0,3.29,0,0.44,1.88,2.14,3.41,1.76,7.62,24.4,8.31
11,76.75,Coimbatore South,Tamil Nadu,0.29,0,0.92,0.54,1.43,0.23,0.35,2.04,9.05,2.17,1.21,1.01
11,77,Coimbatore North,Tamil Nadu,0.08,0,0.15,0.09,1.74,0.06,0.02,1.31,10.2,1.84,1.15,1
11,77.25,Palladam,Tamil Nadu,0.55,0,0.53,0.73,2.13,0.67,0.64,3.86,7.79,4.11,1.74,2.28
11,77.5,Kangeyam,Tamil Nadu,0.59,0,1.87,0.52,1.24,0.65,0.33,3.14,8.25,4.1,2.66,2.91
11,77.75,Kangeyam,Tamil Nadu,0.41,0,2.12,0.65,1.52,0.06,0.41,4.83,6.31,2.13,2.41,2.71
11,78,Aravakurichi,Tamil Nadu,0.42,0,2.35,0.4,3.37,0.24,1.17,4.76,5.43,1.95,2.39,3.61
11,78.25,Thottiyam,Tamil Nadu,0.19,0,0.77,0.02,1.59,0,0.63,3.74,4.29,1.91,1.26,2.88
11,78.5,Musiri,Tamil Nadu,0.93,0,1.71,0.16,2.2,0.53,0.35,5.47,4.3,2.72,2.3,2.82
11,78.75,Manachanallur,Tamil Nadu,2.06,0,3.53,0.06,3.84,0.32,0.3,10.37,5.93,3.11,4.13,2.26
11,79,Ariyalur,Tamil Nadu,2.95,0,0.89,0.01,1.17,5.05,1.3,8.94,7.88,6.12,7.49,4.66
11,79.25,Ariyalur,Tamil Nadu,5.51,0,0.91,0,0.39,3.42,2.55,2.65,7.01,3.44,11.61,4.56
11,79.5,Thiruvidaimarudur,Tamil Nadu,4.34,0.02,1.46,0,0.32,1.62,1.26,2.59,3.19,4.25,17.86,5.66
11.25,76.5,Kundah,Tamil Nadu,2.98,0,4.5,2.26,6,3.79,3.23,4.35,10.59,4,4.64,5.14
11.25,76.75,Mettupalayam,Tamil Nadu,1.22,0,1.68,0.6,1.28,0.61,0.68,3.38,7.84,2.5,2.57,2.75
11.25,77,Mettupalayam,Tamil Nadu,0.23,0,3.41,0.83,3.96,1.2,0.26,1.35,5.98,6.62,2.54,0.75
11.25,77.25,Avanashi,Tamil Nadu,0.41,0,0.3,1.2,2.93,0.65,0.77,3.28,8,3.77,1.01,2.51
11.25,77.5,Perundurai,Tamil Nadu,0.37,0,0.81,1.08,3.58,0.8,0.46,2.66,5.57,4.14,0.58,2.33
11.25,77.75,Modakkurichi,Tamil Nadu,0.27,0,1.14,0.51,2.43,0.69,0.79,2.85,5.07,4.07,1.28,2.24
11.25,78,Paramathi-Velur,Tamil Nadu,0.22,0,0.56,0.65,3.24,0.23,2.02,3.8,7.54,4.4,1.43,1.23
11.25,78.25,Sendamangalam,Tamil Nadu,0.24,0,0.6,0.44,2.8,0.41,1.9,2.75,6.04,3.89,1.94,1.77
11.25,78.5,Thuraiyur,Tamil Nadu,0.61,0,0.59,0.36,2.6,1.67,0.72,4.71,6,4.16,2.84,1.89
11.25,78.75,Perambalur,Tamil Nadu,1.18,0,2.08,0.52,1.93,4.15,1.06,8.55,8.16,4.6,4.74,2.97
11.25,79,Kunnam,Tamil Nadu,3.35,0,0.32,0,0.58,2.78,2.43,7.83,1.63,2.35,4.58,4.86
11.25,79.25,Sendurai,Tamil Nadu,4.89,0,0.38,0,0.48,2.71,2.21,6.83,6.68,5.17,11.93,5.92
11.25,79.5,Kattumannarkoil,Tamil Nadu,6.35,0,0.11,0,0.02,1.4,1.02,4.88,2.97,12.13,25.87,7.98
11.25,79.75,Sirkali,Tamil Nadu,4,0.01,0.4,0,0.07,1.42,1.25,3.52,2.03,7.9,21.5,6.02
11.5,76.5,Gudalur,Tamil Nadu,0.83,0,1.56,2.1,5.07,4.83,6.75,6.27,9.69,2.62,2.23,3.44
11.5,76.75,Udhagamandalam,Tamil Nadu,2.1,0,6.47,2.03,4.95,4.06,1.98,2.23,10.98,4.62,5.74,5.97
11.5,77,Sathyamangalam,Tamil Nadu,0.75,0,2.23,2.44,4.35,1,0.13,1.5,6.89,2.78,2.14,1.32
11.5,77.25,Sathyamangalam,Tamil Nadu,0.36,0,1.32,3.09,4.41,0.35,0.68,4.21,8.79,3.98,0.72,3.83
11.5,77.5,Gobichettipalayam,Tamil Nadu,0.19,0,1.09,2.29,4.33,0.97,0.33,2.24,5.48,3.8,0.94,1.23
11.5,77.75,Sankari,Tamil Nadu,0.24,0,0.58,1.18,3.85,1,1.05,2.16,5.38,5.73,0.71,1.15
11.5,78,Tiruchengode,Tamil Nadu,0.37,0,0.74,0.94,3.5,1.3,2.91,4.83,7.27,5.75,1.3,2.11
11.5,78.25,Rasipuram,Tamil Nadu,0.13,0,0.57,0.76,4.81,0.38,0.46,7.38,6.71,5.38,2.86,3.07
11.5,78.5,Attur,Tamil Nadu,0.39,0,0.51,0.79,4.1,0.44,0.45,6.5,7,6.95,2.08,3.02
11.5,78.75,Gangavalli,Tamil Nadu,1.58,0,0.31,0.06,1.83,1.49,2.19,7.85,6.82,6,5.16,4.19
11.5,79,Veppur,Tamil Nadu,2.96,0,0.08,0,0.83,2.05,2.24,6.67,5.93,3.83,6.41,5.15
11.5,79.25,Virudhachalam,Tamil Nadu,3.7,0,0.28,0,0.13,2.66,1.97,6.49,4.84,2.83,8.38,5.73
11.5,79.5,Bhuvanagiri,Tamil Nadu,4.57,0.01,0.44,0,0,3.09,2.34,7.45,3.49,9.11,21.35,7.56
11.5,79.75,Bhuvanagiri,Tamil Nadu,4.81,0.02,0.21,0,0.01,2.91,2.62,6.33,3.08,10.98,22.68,7.02
11.75,77,Thalavadi,Tamil Nadu,0.26,0,1.33,3.37,8.3,0.39,0.48,3.78,7.94,2.85,1.02,1.05
11.75,77.25,Thalavadi,Tamil Nadu,0.5,0,1.44,2.26,4.62,0.68,0.42,2.78,8.11,4.31,1.6,2.26
11.75,77.5,Anthiyur,Tamil Nadu,0.34,0,0.66,0.9,3.54,0.35,0.45,2.67,7.61,3.02,1.11,1.51
11.75,77.75,Mettur,Tamil Nadu,0.46,0,0.52,0.55,3.47,0.45,0.93,4.05,8.06,3.77,1.36,1.38
11.75,78,Omalur,Tamil Nadu,0.62,0,1.21,1.6,5.31,1.45,2.85,8.58,10.64,9.92,2.66,1.7
11.75,78.25,Yercaud,Tamil Nadu,0.29,0,2.14,0.46,3.56,1.04,0.89,6.26,7.67,7.48,2.71,2.33
11.75,78.5,Attur,Tamil Nadu,0.86,0,0.85,0.35,1.83,0.84,0.81,6.29,5.84,8.99,2.36,3.61
11.75,78.75,Sankarapuram,Tamil Nadu,1.82,0,0.03,0.03,2.12,3.17,1.9,5.14,4.74,11.01,4.17,3.98
11.75,79,Kallakkurichi,Tamil Nadu,2.05,0,0.3,0,1.89,1.77,1.21,4.37,3.4,5.31,3.97,4.42
11.75,79.25,Ulundurpettai,Tamil Nadu,1.67,0,0.29,0,0.91,2.01,1.87,4.85,4.38,6.56,6.36,4.59
11.75,79.5,Panruti,Tamil Nadu,3.62,0.03,0.33,0,0.2,1.93,3.27,6.83,1.71,11.2,14.97,4.59
11.75,79.75,Cuddalore,Tamil Nadu,3.99,0.01,0.21,0,0.16,2.4,3.57,6.5,2.38,10.33,17.44,5.43
12,77.75,Pennagaram,Tamil Nadu,0.15,0,0.65,0.75,4.8,0.26,0.36,4.74,4.65,3.63,0.91,0.93
12,78,Nallampalli,Tamil Nadu,0.19,0,0.71,1.95,3.29,0.58,1.04,6.27,6.65,4.31,1.82,1.68
12,78.25,Dharmapuri,Tamil Nadu,0.79,0,0.26,1.47,4.79,0.51,2,5.11,5.33,5.07,3.2,2.82
12,78.5,Harur,Tamil Nadu,1.25,0,0.26,1.08,4.14,0.66,2.15,6.6,4.91,6.77,3.18,4.42
12,78.75,Sankarapuram,Tamil Nadu,1.12,0,0.53,0.45,2.29,0.99,1.42,6.68,5.63,7.48,2.11,4.21
12,79,Sankarapuram,Tamil Nadu,1.54,0,1.51,0,3.63,1.16,0.45,2.3,1.38,3.11,2.96,4.92
12,79.25,Kandachipuram,Tamil Nadu,1.14,0,0.2,0,1.23,1.76,2.02,6.82,3.19,6.6,4.55,5.32
12,79.5,Vikravandi,Tamil Nadu,2.14,0,0.24,0,1.43,2.7,3.45,6.14,1.93,8.17,10.74,4.3
12.25,77.5,Anchetty,Tamil Nadu,0.1,0,0.84,0.78,7.21,0.85,0.44,5.84,8.33,8.76,1.99,1.22
12.25,77.75,Anchetty,Tamil Nadu,0.14,0,0.77,0.93,5.76,0.36,0.42,5.27,7.27,5.95,1.43,1.39
12.25,78,Pennagaram,Tamil Nadu,0.23,0,0.86,1.49,5.12,0.41,1.09,5.62,7.35,5.73,2.2,1.55
12.25,78.25,Karimangalam,Tamil Nadu,0.49,0,0.07,1,5.61,1.01,1.78,6.38,8.58,8.39,2.87,2.28
12.25,78.5,Uthangarai,Tamil Nadu,0.88,0,0.4,0.35,4.29,2.31,1.36,13.74,5.95,9.53,2.15,5.44
12.25,78.75,Chengam,Tamil Nadu,1.28,0,0.26,0.1,2.55,1.43,1.42,13.61,4.12,8.83,2.29,6.58
12.25,79,Chengam,Tamil Nadu,0.93,0,0.09,0.01,0.85,1.01,1.26,11.01,3.7,6.26,2.26,4.91
12.25,79.25,Gingee,Tamil Nadu,1.02,0,0,0,1.16,3.85,3.5,11.6,4.45,5.12,3.45,5.16
12.25,79.5,Gingee,Tamil Nadu,1.32,0,0.54,0,1.45,3.8,5.45,7.46,5.34,8.85,8.78,3.63
12.25,79.75,Tindivanam,Tamil Nadu,0.33,0,0,0,0.11,3.12,1.57,5.59,1.77,7.97,9.62,2.19
12.5,77.75,Denkanikottai,Tamil Nadu,0.11,0,1.8,1.49,6.28,0.41,0.76,5.99,8.4,7.52,0.99,2.18
12.5,78,Palakkodu,Tamil Nadu,0.33,0,3.22,1.49,4.9,1.07,0.99,7.07,10.3,5.69,2.69,1.92
12.5,78.25,Krishnagiri,Tamil Nadu,0.38,0,0.98,0.88,5.59,0.8,1.4,7.05,9.89,7.73,2.34,2.09
12.5,78.5,Tirupathur,Tamil Nadu,0.47,0,0.08,0.08,3.94,2.3,0.6,8.16,10.16,4.69,1.36,3.38
12.5,78.75,Vaniyambadi,Tamil Nadu,1.06,0,0.21,0.09,3.08,2.74,1.12,14.26,8.13,8.73,1.37,5.17
12.5,79,Kalasapakkam,Tamil Nadu,1.62,0,0.13,0.09,2.02,2.11,1.77,15.92,6.16,12.79,2.17,5.75
12.5,79.25,Chetpet,Tamil Nadu,1.65,0,0,0.09,0.37,2.3,3.33,8.17,4.08,7.34,3.72,4.14
12.5,79.5,Vandavasi,Tamil Nadu,0.97,0,0,0,0.5,3.23,3.81,8.67,4.72,7.86,5.23,3.74
12.5,79.75,Unknown,Tamil Nadu,0.73,0,0,0,1.01,1.67,2.65,6.78,2.39,7.58,6.04,2.89
12.5,80,Cheyyur,Tamil Nadu,0.13,0,0,0,0.02,1.92,2.95,4.91,1.15,8.92,13.31,0.89
12.75,78,Shoolagiri,Tamil Nadu,0.23,0,2.73,1.64,6.32,1.16,0.75,6.56,12.03,7.79,1.93,2.07
12.75,78.75,Ambur,Tamil Nadu,0.37,0,0.05,0.13,3.71,2.15,1.34,9.27,7.32,8.05,1.41,1.8
12.75,79,Vellore,Tamil Nadu,1.58,0,0.01,0.18,0.77,2.17,1.97,8.15,4.35,9.72,7.47,3.14
12.75,79.25,Arani,Tamil Nadu,1.09,0,0,0.05,0.37,1.71,2.61,9.13,3.46,11.38,8.22,2.43
12.75,79.5,Vembakkam,Tamil Nadu,2.41,0,0,0,1.83,3.9,6.46,12.93,8.25,9.29,8.34,3
12.75,79.75,Kanchipuram,Tamil Nadu,0.34,0,0,0,0.24,1.69,4.87,6.81,2.86,9.92,9.92,1.24
12.75,80,Chengalpattu,Tamil Nadu,0.17,0,0,0,0,2.04,1.84,7.72,1.71,9.54,13.9,0.86
13,78.75,Gudiyatham,Tamil Nadu,0.45,0,0.08,0.15,3.27,3.04,1.71,8.71,6.29,7.64,1.52,1.4
13,79,Katpadi,Tamil Nadu,1.29,0,0.09,0.23,1.76,3.21,2.67,8.68,9.06,8.56,2.65,1.78
13,79.25,Katpadi,Tamil Nadu,1.74,0,0,0.11,0.85,2.25,1.73,8.34,4.48,5.99,2.61,1.46
13,79.5,Arakonam,Tamil Nadu,1.43,0,0.04,0.24,0.91,2.54,5.59,6.73,4.77,7,6.63,1.83
13,79.75,Kanchipuram,Tamil Nadu,0.44,0,0,0,0.31,1.98,4.77,8.64,4.16,11.14,6.13,1.05
13,80,Kanchipuram,Tamil Nadu,0.25,0,0,0,0.01,2.31,4.65,5.75,2.89,10.17,17.42,1.84
13.25,79.5,Pallipattu,Tamil Nadu,0.43,0,0.55,0,0.58,2.24,3.6,6.41,3.75,6.93,5.45,1.62
13.25,80,Thiruvallur,Tamil Nadu,0.09,0,0,0,0.52,2.33,3.48,10.26,4.05,10.87,17.25,2.04
13.25,80.25,Ponneri,Tamil Nadu,0.11,0,0,0,0.45,2.29,3.57,10.39,4.07,10.68,17.94,1.99
16,77.75,Aiza mandal,Telangana,0,0,0.43,0.12,0.22,3.74,2.41,4.42,3.83,3.84,0.06,0
16,78,Manopad mandal,Telangana,0,0,0.16,0.35,0.22,3.1,4.19,4.95,5.05,5.56,0.08,0
16,78.25,Chinnambavi mandal,Telangana,0,0,0.56,0.52,0.75,3.45,3.58,5.03,5.85,4.86,0.1,0
16.25,77.5,Kaloor_Thimmandoddi mandal,Telangana,0,0,0.62,0.15,0.08,5.05,2.2,4.3,2.59,4.32,0.08,0
16.25,77.75,Gadwal mandal,Telangana,0,0,0.75,0.19,0.15,3.85,2.99,2.93,3.08,5.2,0.12,0
16.25,78,Pebbair mandal,Telangana,0,0,0.39,0.37,0.78,2.58,4.33,5.24,3.84,5.74,0.02,0
16.25,78.25,Kodair mandal,Telangana,0,0,0.11,0.4,1.3,3.76,3.69,4.77,5.13,3.98,0.04,0
16.25,78.5,Lingal mandal,Telangana,0,0,0.17,0.21,0.85,4.68,2.74,3.5,6.15,2.83,0,0
16.25,78.75,Amrabad mandal,Telangana,0,0,0.55,0.19,0.52,4.2,3.56,5.48,5.34,4.7,0,0
16.25,79,Amrabad mandal,Telangana,0,0,0.9,0.18,0.55,3.52,3.22,6.63,4.85,4.56,0.21,0
16.5,77.5,Unknown,Telangana,0,0,0.96,0.18,0.42,5.01,2.48,4.78,6.22,4.91,0.09,0
16.5,77.75,CC Kunta mandal,Telangana,0,0,0.91,0.07,0.09,3.66,3.57,4.04,4.54,4.97,0.02,0
16.5,78,Ghanpur mandal,Telangana,0,0,0.13,0.42,0.82,3.49,3.3,3.27,2.79,4.84,0.02,0
16.5,78.25,Bijinapalle mandal,Telangana,0,0,0.03,0.38,1.47,3.84,2.76,2.92,4.3,4.09,0.04,0
16.5,78.5,Uppunuthala mandal,Telangana,0,0,0.11,0.23,0.75,4.49,2.52,3.11,5.12,2.65,0,0
16.5,78.75,Uppunuthala mandal,Telangana,0,0,0.02,0.47,0.21,2.53,1.58,2.47,2.8,2.7,0,0
16.5,79,Chandampet mandal,Telangana,0,0,0.32,0.07,0.22,1.92,1.3,3.68,3.75,2.09,0.01,0
16.75,77.5,Narayanpet mandal,Telangana,0,0,0.22,0.02,0.51,7.83,2.44,4.93,5.81,6.74,0.2,0
16.75,77.75,Koilkonda mandal,Telangana,0,0,0.12,0.06,0.4,4.05,3.97,4.77,5.68,5.21,0.02,0
16.75,78,Mahabubnagar_Urban mandal,Telangana,0,0,0.01,0.13,0.53,5.98,3.81,3.98,3.61,8.24,0.05,0
16.75,78.25,Midjil mandal,Telangana,0,0,0.06,0.62,0.93,4.4,2.82,3.36,3.01,3.53,0.01,0
16.75,78.5,Veldanda mandal,Telangana,0,0,0.12,0.54,0.62,3.5,2.27,2.83,3.15,2.78,0,0
16.75,78.75,Charakonda mandal,Telangana,0,0,0.01,0.66,0.21,2.95,1.48,2.04,2.14,2.39,0,0
16.75,79,Kondamallapally mandal,Telangana,0,0,0,0.16,0.13,2.6,1.82,3.9,6.38,2.17,0.02,0
16.75,79.25,Peddavoora mandal,Telangana,0,0,0.06,0.07,0.52,3.89,4.31,5.39,4.05,3.22,0.12,0
16.75,79.5,Tripuraram mandal,Telangana,0,0,0.07,0.11,0.86,4.54,5.02,6.35,4.31,3,0.08,0
16.75,79.75,Palakeedu mandal,Telangana,0,0,0.42,0.08,1.09,6.73,5.46,5.99,3.67,2.75,0.01,0
16.75,80,Chinthala palem mandal,Telangana,0,0,0.45,0,0.79,6.8,7.11,5.59,3.89,2.23,0,0
17,77.5,Doulthabad mandal,Telangana,0,0,0.11,0.1,0.38,7.69,2.58,3.96,6.18,9.8,0.45,0
17,77.75,Kosgi mandal,Telangana,0,0,0.04,0.19,0.78,6.86,3.22,4.41,5.53,8.79,0.4,0
17,78,Chowdergudem mandal,Telangana,0,0,0.01,0.05,1.91,8.25,3.98,4.54,5.58,8.07,0,0
17,78.25,Keshampeta mandal,Telangana,0,0,0,0.2,1.21,6.04,3.99,6.08,3.76,4.94,0,0
17,78.5,Kadthal mandal,Telangana,0,0,0,0.38,2.07,6.94,3.26,5.36,4.47,4.76,0,0
17,78.75,Yacharam mandal,Telangana,0,0,0,0.49,1.06,4.79,2.31,3.78,4.67,3.62,0,0
17,79,Chandur mandal,Telangana,0,0,0,0.01,0.27,4.92,3.5,6.18,11.53,2.49,0.01,0
17,79.25,Kanagal mandal,Telangana,0,0,0.02,0,0.35,4.15,4.72,5.89,6.93,2.9,0.07,0
17,79.5,Madugulapally mandal,Telangana,0,0,0.03,0,0.56,4.74,5.76,6.21,4.13,3.02,0.03,0
17,79.75,Penpahad mandal,Telangana,0,0,0,0,2.73,6.25,5.82,4.61,2.41,2.82,0,0
17,80,Kodad mandal,Telangana,0,0,0.11,0,1.63,7.05,6.7,7.2,5.94,1.94,0.01,0
17.25,77.5,Basheerabad mandal,Telangana,0,0,0.1,0,1.1,5.95,2.48,4.68,3.85,5.75,1.19,0
17.25,77.75,Dharoor mandal,Telangana,0,0,0.02,0.23,0.68,6.7,4.3,4,4.43,5.45,0.58,0
17.25,78,Pudur mandal,Telangana,0,0,0,0.02,2.16,7.36,4.3,4.87,5.18,7.63,0,0
17.25,78.25,Moinabad mandal,Telangana,0,0,0,0.13,0.5,6.07,4.73,5.52,4.48,8.18,0,0
17.25,78.5,Balapur mandal,Telangana,0,0,0,0.05,0.36,5.63,5.34,8.23,2.69,3.63,0.01,0
17.25,78.75,Ibrahimpatnam mandal,Telangana,0,0,0.01,0.22,0.7,8.57,3.14,4.63,5.67,4.78,0,0
17.25,79,Chityal mandal,Telangana,0,0,0.02,0.01,0.63,7.89,3.26,5.13,7.01,4.28,0.01,0
17.25,79.25,Narketpally mandal,Telangana,0,0,0.06,0,0.78,6.32,5.54,6.67,5.47,2.98,0.02,0
17.25,79.5,Nakrekal mandal,Telangana,0,0,0,0,0.63,5.92,6.01,6.58,4.18,2.69,0,0
17.25,79.75,Atmakur (S) mandal,Telangana,0,0,0,0,1.42,7.39,6.34,7.78,3.67,1.9,0,0
17.25,80,Kusumanchi mandal,Telangana,0,0,0.01,0,5.21,7.49,5.87,9.44,4.22,1.4,0,0
17.25,80.25,Konijerla mandal,Telangana,0,0,0.28,0,2.15,8.23,6.88,7.63,3.79,3.55,0.07,0
17.25,80.5,Thallada mandal,Telangana,0,0,0.22,0,1.15,7.09,6.78,7.76,3.46,1.95,0.1,0
17.25,80.75,Penuballi mandal,Telangana,0,0,1,0.07,1.3,8.06,9.44,7.87,3.55,2.24,0,0
17.25,81,Dammapeta mandal,Telangana,0,0,1.08,0.04,1.03,7.21,9.55,8.23,3.68,3.02,0.07,0
17.5,77.75,Marpalle mandal,Telangana,0,0,0.15,0.03,1.03,6.76,4.56,4.64,4.26,3.64,0.45,0
17.5,78,Kondapur mandal,Telangana,0,0,0,0.04,0.5,5.32,5.01,4.3,3,2.93,0,0
17.5,78.25,Patancheruvu mandal,Telangana,0,0,0.18,0.78,0.66,5.45,5.26,7.1,5.63,7.29,0,0
17.5,78.5,Alwal mandal,Telangana,0,0,0.23,0.62,0.97,7.51,4.63,5.95,6.66,7.4,0.01,0
17.5,78.75,Bibinagar mandal,Telangana,0,0,0.04,0.82,0.73,10.79,3.08,2.9,5.99,5.64,0.01,0
17.5,79,Bhongiri mandal,Telangana,0,0,0.19,0.05,1.31,9.32,4.95,6.66,3.86,3.13,0.07,0
17.5,79.25,Gundala mandal,Telangana,0,0,0.16,0.18,0.99,7.88,5.43,7.14,3.9,3.4,0.06,0
17.5,79.5,Kodakandla mandal,Telangana,0,0,0,0.19,0.48,7.56,6.44,8.19,5.46,2.72,0,0
17.5,79.75,Danthalapalle mandal,Telangana,0,0,0,0,0.93,8.08,5.61,7.17,3.51,2.28,0,0
17.5,80,Kuravi mandal,Telangana,0,0,0.02,0,1.06,7.08,7.23,7.37,5.72,2.27,0,0
17.5,80.25,Singareni mandal,Telangana,0,0,0.88,0.01,1.58,9.82,7.85,7.7,2.84,2.04,0,0
17.5,80.5,Julurupad mandal,Telangana,0,0,0.81,0.03,1.45,10.42,8.07,8.85,3.01,1.24,0,0
17.5,80.75,Mulakalapally mandal,Telangana,0,0,0.51,0.13,1.68,9.29,8.69,8.35,3.59,2.15,0,0
17.5,81,Dammapeta mandal,Telangana,0,0,0.07,0.44,0.7,9.41,9.26,8.53,4.09,1.67,0,0
17.75,77.75,Jharasangam mandal,Telangana,0,0,0.17,0.04,0.55,7.55,4.64,6.59,5.3,5.5,0.88,0
17.75,78,Pulkal mandal,Telangana,0,0,0.05,0,0.32,6.38,5,6.49,5.12,4.91,0,0
17.75,78.25,Unknown,Telangana,0,0,0.15,0.36,0.65,7.95,4.73,4.42,5.91,7.12,0.01,0
17.75,78.5,Manoharabad mandal,Telangana,0,0,0.19,0.44,0.82,7.79,4.49,4.81,6.44,7.05,0.01,0
17.75,78.75,Markook mandal,Telangana,0,0,0.01,0.29,0.57,8.42,4.05,3.21,3.99,4.93,0.01,0
17.75,79,Bachannapet mandal,Telangana,0,0,0,0.14,0.27,7.44,4.41,2.9,3.85,3.99,0,0
17.75,79.25,Ragunathpally mandal,Telangana,0,0,0,0.17,0.02,4.92,4.95,5.66,5.18,4.29,0,0
17.75,79.5,Wardhannapet mandal,Telangana,0,0,0.04,0.11,0.41,8.76,8.7,11.59,10.26,1.81,0,0
17.75,79.75,Parvathagiri mandal,Telangana,0,0,0.06,0,2.29,7.6,8.7,8.68,5.72,2.34,0,0
17.75,80,Gudur mandal,Telangana,0,0,0.11,0,1.72,7.33,8.27,8.96,3.74,2.41,0,0
17.75,80.25,Gangaram mandal,Telangana,0,0,0.71,0.02,1.25,9.62,8.03,8.57,2.52,1.49,0,0
17.75,80.5,Tekulapalle mandal,Telangana,0,0,0.93,0.07,2.57,10.36,6.6,10.37,3.08,1.89,0,0
17.75,80.75,Aswapuram mandal,Telangana,0,0,0.82,0.1,2.78,10.46,7.28,10.15,3.1,2.17,0,0
17.75,81,Dummugudem mandal,Telangana,0,0,0.04,0.09,0.79,9.22,11.25,10.9,4.23,2.53,0,0
18,77.75,Unknown,Telangana,0,0,0.4,0,0.13,8.71,4.67,11.11,1.74,5.3,0.81,0
18,78,Tekmal mandal,Telangana,0,0,0.39,0,0.24,5.45,6.19,12.18,0.46,2.09,0.01,0
18,78.25,Medak mandal,Telangana,0,0,0.89,0,0.32,7.34,5.44,7.82,1.14,2.89,0.01,0
18,78.5,Chegunta mandal,Telangana,0,0,0.36,0.04,0.17,7.19,5.44,4.43,2.83,3.52,0.01,0
18,78.75,Thoguta mandal,Telangana,0,0,0,0.25,0.51,7.43,4.87,3.84,3.58,4.35,0.01,0
18,79,Maddur mandal,Telangana,0,0,0,0.02,0.55,6.82,4.96,4.11,3.87,5.05,0.05,0
18,79.25,Velair mandal,Telangana,0,0,0,0,0,5.88,4.41,5.91,6.1,4.85,0.01,0
18,79.5,Khaazipet mandal,Telangana,0,0,0,0.03,0.74,7.85,6.02,7.56,5.16,5.08,0.01,0
18,79.75,Geesugonda mandal,Telangana,0,0,0.51,0.12,0.42,8.68,6.38,7.18,5.55,2.96,0,0
18,80,Kothaguda mandal,Telangana,0,0,0.52,0,0.71,6.86,7.03,9.93,4.48,4.72,0,0
18,80.25,Gangaram mandal,Telangana,0,0,0.44,0.09,2.31,9.7,8.47,8.52,6.03,2.59,0,0
18,80.5,Allapalli mandal,Telangana,0,0,0.7,0.05,3.45,11.16,9,8.46,5.57,2.38,0,0
18,80.75,Manuguru mandal,Telangana,0,0,0.83,0.05,2.99,10.88,6.38,10.99,2.61,2.53,0,0
18.25,77.75,Pedda Kodapgal mandal,Telangana,0,0,0.31,0,0.14,7.29,4.77,10.91,1.87,4.35,0.23,0
18.25,78,Yellareddy mandal,Telangana,0,0,0.33,0,0.58,8.69,7.83,12.58,1.1,3.51,0.15,0
18.25,78.25,Tadwai mandal,Telangana,0,0,0.47,0,0.38,8.8,7.63,6.94,2.46,3.65,0,0
18.25,78.5,Domakonda mandal,Telangana,0,0,0,0.16,0.11,8.36,5.37,3.34,2.75,3.9,0.08,0
18.25,78.75,Mustabad mandal,Telangana,0,0,0,0.65,0.39,8.74,3.83,4.95,4.02,4,0.5,0
18.25,79,Bejjanki mandal,Telangana,0,0,0.02,0.4,0.5,8.37,4.63,4.95,3.77,5.25,0.28,0
18.25,79.25,Chigurumamidi mandal,Telangana,0,0,0,0,0.55,9.27,4.12,5.73,4.92,5.03,0.11,0
18.25,79.5,Ellandakunta mandal,Telangana,0,0,0.29,0,0.36,10.76,6.59,10.1,5.58,6.08,0.05,0
18.25,79.75,Regonda mandal,Telangana,0,0,0.08,0,0.14,2.31,2.67,5.79,2.47,4.18,0,0
18.25,80,Venkatapur mandal,Telangana,0,0,0.69,0,0.28,6.57,7.15,11.5,4.2,6.49,0,0
18.25,80.25,Tadvai mandal,Telangana,0,0,0.13,0,0.83,8.05,6.81,7.68,5.6,3.65,0,0
18.25,80.5,Unknown,Telangana,0,0,0.26,0.09,1.07,8.11,7.32,8.34,6.16,2.91,0,0
18.25,80.75,Venkatapuram mandal,Telangana,0,0,1.12,0.02,1.27,9.6,8.54,10.77,2.12,3.57,0,0
18.5,77.75,Madnur mandal,Telangana,0,0,0.49,0,0.13,6.19,4.34,11.11,4.72,3.84,0.03,0
18.5,78,Varni mandal,Telangana,0,0,0.31,0,0.51,6.33,5.1,10.31,2.32,4.21,0.16,0
18.5,78.25,Indalwai mandal,Telangana,0,0,0.49,0,0.24,5.61,4.86,9.52,2.09,5.94,0.25,0
18.5,78.5,Sirikonda mandal,Telangana,0,0,0.05,0.05,0.2,7.72,4.46,6.77,2.72,3.56,0.36,0
18.5,78.75,Konaraopet mandal,Telangana,0,0,0.01,0,0.1,7.55,5.67,4.68,3.53,4.87,0.63,0
18.5,79,Gangadhara mandal,Telangana,0,0,0.04,0,0.34,7.24,6.16,4.79,2.27,5.07,0.75,0
18.5,79.25,Sultanabad mandal,Telangana,0,0,0.17,0,0.21,6.92,5.18,4.97,2.05,3.39,0.67,0
18.5,79.5,Srirampur mandal,Telangana,0,0,0.37,0,0.44,6.07,6.33,5.86,2.55,3.77,0.33,0
18.5,79.75,Malharrao mandal,Telangana,0,0,0.68,0,0.26,7.09,5.49,6.88,4.44,4.52,0.05,0
18.5,80,Mutharam_Mahadevpur mandal,Telangana,0,0,0.41,0,0.29,8.13,7.28,9.59,3.54,4.49,0,0
18.5,80.25,Kannaigudem mandal,Telangana,0,0,0.18,0,0.28,8.03,7.13,9.43,3.84,3.68,0,0
18.5,80.5,Wazeed mandal,Telangana,0,0,0.55,0.03,0.77,8.72,7.4,9.15,3.86,3.61,0,0
18.75,78,Renjal mandal,Telangana,0,0,0.74,0,0.39,7.04,4.98,9.35,2.06,4.46,0.36,0
18.75,78.25,Armoor mandal,Telangana,0,0,0.02,0,0.17,5.06,5,3.98,1.79,2.33,0.58,0
18.75,78.5,Kammarpally mandal,Telangana,0,0,0.01,0,0.14,5.32,5.57,4.86,1.85,3.76,0.77,0
18.75,78.75,Kathlapur mandal,Telangana,0,0,0,0,0.02,7.69,4.34,6.26,0.76,3.62,0.6,0
18.75,79,Mallial mandal,Telangana,0,0,0.26,0,0.15,6.64,3.55,4.97,0.99,4.49,0.75,0
18.75,79.25,Dharmaram mandal,Telangana,0,0,1.31,0.01,0.47,7.61,3.45,2.73,3.21,5.13,0.93,0
18.75,79.5,Ramagundam mandal,Telangana,0,0,0.77,0,0.32,3.5,6.39,6.43,1.33,2.12,0.52,0
18.75,79.75,Chennur mandal,Telangana,0,0,1.3,0,0.04,3.49,8.37,9.1,2.36,2.06,0.02,0
18.75,80,Mahadevpur mandal,Telangana,0,0,0.43,0,0.09,5.78,10.26,11.11,3.71,3.27,0,0
19,78,Mudhole mandal,Telangana,0,0,0.11,0,0.7,5.56,4.04,6.76,2.48,4.62,0.77,0
19,78.25,Nandipet mandal,Telangana,0,0,0.01,0,0.81,6.88,4.05,6.74,3.46,3.82,1.03,0
19,78.5,Laxmanchanda mandal,Telangana,0,0,0,0,0.38,5.33,3.71,10.08,1.58,2.95,0.68,0
19,78.75,Mallapur mandal,Telangana,0,0,0.1,0,0.18,6.63,3.45,10.47,3.8,3.38,0.63,0
19,79,Beerpur mandal,Telangana,0,0,0.39,0,0.24,7.59,3.61,8.61,2.17,4.72,0.52,0
19,79.25,Kasipet mandal,Telangana,0,0,0.81,0.06,0.38,5.55,3.53,5.22,2.41,4.88,0.8,0
19,79.5,Mandamarri mandal,Telangana,0,0,1.39,0,0.17,2.89,5.62,8.67,2.45,1.4,0.47,0
19,79.75,Kotapalle mandal,Telangana,0,0,1.22,0,0.09,3.39,7.58,9.52,2.49,1.68,0.03,0
19.25,78,Kubeer mandal,Telangana,0,0,0.27,0.11,0.57,12.85,3.3,9.05,3.32,3.5,0.55,0
19.25,78.25,Sarangapur mandal,Telangana,0,0,0.27,0.09,0.69,14.39,3.47,9.74,3.42,3.78,0.62,0
19.25,78.5,Neradigonda mandal,Telangana,0,0,0.01,0,1.47,9.02,5.35,11.3,2.48,2.4,0.64,0
19.25,78.75,Kaddampeddur mandal,Telangana,0,0,0.09,0,1.17,8.39,4.82,11.46,2.63,2.41,0.51,0
19.25,79,Lingapur mandal,Telangana,0,0,0.33,0.5,0.41,5.91,3.8,8.76,2.61,2.6,0.53,0
19.25,79.25,Tiryani mandal,Telangana,0,0,0.39,0.5,0.42,6.36,4.03,7.06,2.53,2.31,0.62,0
19.25,79.5,Rebbena mandal,Telangana,0,0,0.46,0.21,0.26,6.14,9.37,7.16,3.13,2.02,0.08,0
19.25,79.75,Dahegaon mandal,Telangana,0,0,0.4,0,0.15,5.52,13.44,9.1,4.18,2.56,0,0
19.5,78.5,Gudihathnur mandal,Telangana,0,0,0.42,0.01,1.43,10.66,5.23,10.12,3.92,1.62,0.25,0
19.5,78.75,Utnur mandal,Telangana,0,0,0.45,0.11,1.01,6.97,4.98,8.94,3.07,1.78,0.08,0
19.5,79,Kerameri mandal,Telangana,0,0,0.6,0.44,0.42,4.67,4.9,7.78,3.26,1.97,0,0
19.5,79.25,Wankidi mandal,Telangana,0,0,0.5,0.44,0.46,5.95,5.89,6.41,2.98,1.88,0,0
19.5,79.5,Sirpur_T mandal,Telangana,0,0,0.51,0.06,0.11,7.15,11.53,5.31,2.79,1.81,0,0
19.5,79.75,Kouthala mandal,Telangana,0,0,0.27,0,0.15,5.5,14.94,9.15,4.62,2.27,0,0
19.75,78.5,Unknown,Telangana,0,0,0.81,0,0.91,11.14,4.78,6.81,6.63,1.05,0.19,0
19.75,78.75,Bela mandal,Telangana,0,0,1,0,0.19,2.33,4.76,4.72,3.85,1.49,0,0
28,88,Dinggyê County,Tibet,0.31,0.75,6.35,11.61,9.95,18.89,16.4,18.7,13.12,6.63,0.33,0
28,88.25,Unknown,Tibet,0.32,0.77,6.41,11.86,9.76,18.54,16.11,18.32,12.89,6.58,0.33,0
28,91.5,Unknown,Tibet,0,1.48,1.51,7.05,5.27,10.81,7.42,9.67,8.01,2.14,0.1,0
28,91.75,Unknown,Tibet,0,0.89,1.65,7.92,5.35,8.94,6.92,9.03,6.96,1.37,0.04,0
28,92,Unknown,Tibet,0,0.65,1.74,8.53,5.44,7.79,6.53,8.51,6.35,1.19,0.03,0
28,92.25,Unknown,Tibet,0,0.48,1.82,9.05,5.51,6.88,6.28,8.06,5.95,1.08,0.02,0
28,92.5,Unknown,Tibet,0,0.49,1.96,9.33,5.71,7.13,6.93,8.32,5.98,1.35,0.03,0
28.25,88.5,Unknown,Tibet,0.33,0.85,6.8,12.12,9.18,18.4,15.67,17.97,13.1,6.69,0.35,0
28.25,88.75,Unknown,Tibet,0.33,0.85,6.81,12.23,9.02,18.11,15.45,17.67,12.86,6.67,0.35,0
28.25,92.5,Unknown,Tibet,0,0.41,2.19,9.87,5.8,6.13,6.42,8.04,5.63,1.18,0.02,0
28.25,92.75,Lhuntse County,Tibet,0,1.15,4.36,11.46,7.33,8.15,9.33,11.97,5.97,3.02,0.11,0
28.5,93,Lhuntse County,Tibet,0,2.96,9.27,14.36,10.38,12.88,14.62,21.27,6.6,6.85,0.3,0
28.5,97,Unknown,Tibet,0,0,0,0,0,0,0,0,0,0,0,0
28.75,93.25,Nang County,Tibet,0,0,0,0,0,0,0,0,0,0,0,0
28.75,93.5,Nang County,Tibet,0.15,3.98,11.24,17.24,11.4,15.76,18.18,20.2,12.17,12.58,0.66,0.17
28.75,93.75,Unknown,Tibet,0.31,4.96,12.91,19.98,12.24,18.75,21.65,18.3,18.19,18.34,1.03,0.36
29,94,Unknown,Tibet,0.38,5.54,13.74,21.78,12.88,20.75,23.4,17.77,21.18,21.14,1.24,0.45
29,94.25,Unknown,Tibet,0.39,5.58,13.59,21.92,12.95,21.11,23.5,18.21,21.17,21.14,1.26,0.45
29,96.5,Unknown,Tibet,0,0,0,0,0,0,0,0,0,0,0,0
29.25,94,Unknown,Tibet,0.39,5.63,13.67,22.15,13.03,20.91,23.57,17.91,21.65,21.33,1.28,0.46
29.25,94.25,Unknown,Tibet,0.39,5.61,13.56,22.02,12.99,20.88,23.53,18.35,21.22,21.14,1.27,0.46
29.25,94.5,Unknown,Tibet,0.39,5.57,13.45,21.86,12.93,20.83,23.48,18.64,21.06,21.01,1.26,0.45
29.25,94.75,Mêdog County,Tibet,0.38,5.48,13.28,21.51,12.82,20.78,23.44,18.52,20.86,20.65,1.22,0.45
29.25,95,Mêdog County,Tibet,0.37,5.31,13.01,21.08,12.73,20.81,23.43,18.81,20.47,19.85,1.15,0.43
29.25,95.25,Mêdog County,Tibet,0.4,5.03,12.69,21.5,13.32,21.94,23.61,22.17,19.11,17.95,0.97,0.38
29.25,95.5,Mêdog County,Tibet,0.6,4.52,11.8,25.31,16.45,26.99,23.64,36.77,13.74,12.65,0.44,0.23
29.25,96.25,Unknown,Tibet,0,0,0,0,0,0,0,0,0,0,0,0
29.25,96.5,Unknown,Tibet,0,0,0,0,0,0,0,0,0,0,0,0
29.5,94.5,Bayi District,Tibet,0.39,5.64,13.6,22.16,13.04,20.86,23.58,18.84,21.35,21.26,1.28,0.46
29.5,95.5,Mêdog County,Tibet,0.44,5.46,14.1,23.01,13.85,21.09,24.11,22,20.8,19.62,1.11,0.42
29.5,95.75,Mêdog County,Tibet,0.74,4.44,11.73,27.94,18.36,28.28,23.48,44.78,11.01,10.34,0.21,0.17
29.5,96,Mêdog County,Tibet,0.74,4.44,11.73,27.94,18.36,28.28,23.48,44.78,11.01,10.34,0.21,0.17
29.5,96.25,Bomê County,Tibet,0,0,0,0,0,0,0,0,0,0,0,0
30.5,80.5,Unknown,Tibet,1.2,0.83,2.51,4.8,4.31,7.34,26.41,26.08,6.32,1.28,0.02,0.71
30.5,80.75,Purang County,Tibet,1.17,0.85,2.45,4.65,4.54,7.91,28.09,25.59,6.37,1.33,0.01,0.75
30.75,80.25,Unknown,Tibet,1.31,0.98,3.04,5.5,3.75,6.11,20.42,23.53,6.29,1.15,0.03,0.72
31,80,Unknown,Tibet,1.15,1,3.1,5.04,3.28,5.5,13.86,15.5,5.87,0.54,0.04,0.67
31.25,79.25,Unknown,Tibet,1.49,0.84,2.67,3.22,4.33,6.52,13.23,11.08,6.29,0.03,0.04,1.06
31.25,79.5,Unknown,Tibet,1.11,0.88,2.85,3.81,3.83,6.91,12.77,11.25,6.35,0.04,0.03,0.72
31.5,78.75,Unknown,Tibet,3.67,1.3,2.62,3.35,2.5,2.98,6.51,4.18,3.45,0,0.39,0.86
31.5,79,Unknown,Tibet,2.93,1.05,2.5,3,3.73,4.28,9.53,7.56,3.96,0,0.29,0.96
31.75,78.75,Unknown,Tibet,4.5,1.56,2.76,3.95,1.57,2.09,3.6,2.43,3.13,0.01,0.34,0.78
32.5,78.5,Unknown,Tibet,5.08,1.74,2.87,4.36,0.83,1.48,1.54,0.96,2.93,0.01,0.25,0.75
32.5,78.75,Unknown,Tibet,5.13,1.76,2.89,4.41,0.8,1.41,1.37,0.86,2.92,0.01,0.19,0.74
32.75,79.5,Gar County,Tibet,4.67,1.65,2.88,4.31,1.13,1.73,2.47,1.79,3.05,0.01,0.15,0.73
33,79.25,Rutog County,Tibet,4.75,1.69,2.66,4.18,0.75,1.36,1.28,0.83,2.69,0.01,0.15,0.73
33,79.5,Rutog County,Tibet,4.71,1.67,2.77,4.25,0.93,1.54,1.87,1.3,2.87,0.01,0.15,0.73
33.25,79.25,Rutog County,Tibet,3.97,1.53,2.18,3.73,0.65,1.26,1.09,0.74,2.2,0,0.13,0.65
33.5,79,Rutog County,Tibet,2.04,1.15,1.02,2.62,0.39,1,0.61,0.53,1.03,0,0.07,0.37
33.5,79.25,Rutog County,Tibet,3.01,1.34,1.6,3.18,0.52,1.13,0.85,0.64,1.62,0,0.1,0.51
33.75,79,Rutog County,Tibet,1.2,0.99,0.51,2.15,0.28,0.89,0.4,0.44,0.52,0,0.03,0.22
34,78.75,Rutog County,Tibet,0.35,0.82,0.01,1.67,0.17,0.78,0.21,0.35,0.01,0,0,0.06
34,79,Rutog County,Tibet,0.77,0.9,0.26,1.9,0.22,0.84,0.29,0.39,0.27,0,0.02,0.14
34.25,79,Rutog County,Tibet,0.56,0.86,0.13,1.78,0.19,0.81,0.24,0.36,0.14,0,0.01,0.1
34.25,79.25,Rutog County,Tibet,1,0.95,0.4,2.03,0.25,0.87,0.35,0.42,0.41,0,0.03,0.18
34.25,79.5,Rutog County,Tibet,1.58,1.06,0.75,2.37,0.33,0.95,0.51,0.49,0.76,0,0.05,0.27
34.75,80,Rutog County,Tibet,1.74,1.09,0.86,2.47,0.36,0.99,0.64,0.57,0.89,0,0.05,0.3
27.25,92,Merag Gewog,Trashigang District,0.05,1.8,1.25,6.47,5.02,12.35,8.4,9.04,8.56,3.33,0.12,0
27.75,91.5,Boomdeling Gewog,Trashiyangtse District,0.01,2.33,1.52,7.72,5.75,12.37,7.89,9.08,9.5,3.75,0.17,0
23.25,91.5,Belonia,Tripura,0,0.55,3.89,12.52,5.36,22.1,20.43,14.57,13.4,10.76,0.04,2.16
23.25,91.75,Karbook,Tripura,0,0.59,3.89,11.95,5.28,19.78,19.02,15.75,13.35,11.02,0.17,2.63
23.5,91.25,Sonamura,Tripura,0,0.64,5.14,10.94,4.34,12.5,18.51,15.95,10.65,10.67,0.15,3.62
23.5,91.5,Udaipur,Tripura,0,0.66,4.44,11.39,4.67,16.01,19.07,14.91,11.73,11.02,0.09,2.92
23.5,91.75,Amarpur,Tripura,0.01,0.2,3.48,12.96,5.95,20.08,15.89,16.79,10.85,10.47,0.16,2.6
23.75,91.25,Sadar,Tripura,0,0.74,6.36,13.35,5.99,19.24,16.16,15.99,12.37,9.04,0.17,3.56
23.75,91.5,Jampuijala,Tripura,0,0.4,6.71,15.31,5.88,21.37,12.55,16.15,10.9,10.98,0.13,4.16
23.75,91.75,Teliamura,Tripura,0.02,0.47,6.38,15.48,8.65,23.09,10.62,17.92,9.4,12.23,0.22,3.6
23.75,92,Longtharai Valley,Tripura,0.03,0.65,3.92,12.69,7.28,19.41,10.38,17.24,7.56,10.01,0.34,2.3
23.75,92.25,Kanchanpur,Tripura,0.03,0.48,3.94,12.34,8.06,19.08,11.14,18.15,7.82,11.18,0.34,2.49
24,91.5,Khowai,Tripura,0,0.66,8.52,18.96,8.07,24.58,9.21,15.89,10.41,12.92,0.13,4.34
24,91.75,Khowai,Tripura,0,0.35,7.75,18.03,11.67,24.95,9.86,18.67,10.03,12.91,0.1,3.85
24,92,Longtharai Valley,Tripura,0.02,0.63,4.96,13.6,9.37,19.48,8.86,17.63,6.54,9.57,0.19,2.57
24,92.25,Kanchanpur,Tripura,0.03,0.57,4.02,12.63,8,19.08,10.52,17.48,7.21,10.62,0.29,2.4
24.25,92,Kailashahar,Tripura,0,1.11,5.9,14.85,8.18,19.95,7.09,15.44,5.61,6.69,0.1,2.6
24.25,92.25,Panisagar,Tripura,0,1.62,6.23,13.98,6.59,16.4,6.96,13.57,3.82,5.5,0.14,2.6
8.75,76.5,Unknown,Unknown,0.06,0.02,5.66,1.35,9.93,12.21,2.49,5.27,7.19,8.36,11.56,4.3
9,76.5,Unknown,Unknown,0.63,0.09,4.52,3.06,12.15,16.82,4.68,8.02,10.75,9.17,10.36,2.91
9.25,76.25,Unknown,Unknown,1.12,0,3.36,1.97,11.25,18.85,9.2,11.74,16.89,6.33,7.92,2.26
9.25,79.25,Unknown,Unknown,5,0.02,0.95,0,0.53,0.38,0,1.87,3.39,1.12,13.13,3.47
9.5,76.25,Unknown,Unknown,0.77,0.06,1.47,0.39,7.64,17.6,9.31,11.37,11.52,6.25,4.69,1.86
9.75,76.25,Unknown,Unknown,0.32,0,2.39,1.5,10.63,29.9,20.13,17.71,19.83,14.97,12.2,5.35
10.25,76,Unknown,Unknown,0.2,0,0.86,0.58,6.73,21.3,14.34,13.16,13.39,4.99,5.12,0.32
10.75,75.75,Unknown,Unknown,0.16,0,1.5,1.25,3.82,31.86,14.96,11.99,8.59,8.23,2.88,0.36
11,75.75,Unknown,Unknown,0.12,0,1.92,1.23,10.41,20.38,14.89,12.97,12.32,9.39,4.44,1.41
11.25,75.75,Unknown,Unknown,0.05,0.01,1.31,2.16,7.19,19.97,15.16,14,14.67,7.98,3.52,1.15
11.5,75.5,Unknown,Unknown,0.34,0,0.44,1.59,9.19,27.09,21.5,17.39,14.17,6.45,1.19,0.1
11.75,75.25,Unknown,Unknown,0.22,0,0.43,2.1,6.53,24.78,21.35,15.68,14.9,5.85,1.71,0.26
12,75,Unknown,Unknown,0.14,0,0.16,1.39,5.47,23.52,23,19.36,14.01,5.58,2.45,0.33
12.25,75,Unknown,Unknown,0.76,0,0,0.44,2.33,28.64,26.53,22.55,12.75,5.22,1.93,0.64
13.5,74.5,Unknown,Unknown,0,0,0,0.2,5.38,36.8,28.69,26.51,11.33,9.98,1.39,0.51
13.75,74.5,Unknown,Unknown,0,0,0.05,0.08,6.07,38.46,32.4,26.06,11.26,9.93,1.38,0.49
13.75,80.25,Unknown,Unknown,0.06,0,0.12,0,0.28,3.15,2.44,8.81,2.59,10.01,16.19,1.16
14,74.5,Unknown,Unknown,0,0,0,0.07,4.92,42.3,36.11,28.31,11.2,5.89,0.22,0.2
14.25,74.25,Unknown,Unknown,0,0,0,0.01,2.35,38.25,29.73,27.3,10.24,4.67,0.31,0.06
15.25,73.75,Unknown,Unknown,0,0,0,0,1.4,23.47,21.76,14.24,11.05,4.25,0,0.23
15.5,73.75,Unknown,Unknown,0,0,0,0,1.27,27.29,21.3,14.69,12.72,4.55,0,0.23
15.75,73.5,Unknown,Unknown,0,0,0,0,1.53,30.29,24.74,17.45,14.34,4.35,0,0.64
15.75,80.75,Unknown,Unknown,0,0,0,0.01,0.67,6.43,5.13,7.18,5.26,3.65,0.88,0
16.25,73.25,Unknown,Unknown,0,0,0,0.01,1.02,26.94,19.27,16.54,15.88,4.83,0.08,0.82
16.5,73.25,Unknown,Unknown,0,0,0,0,2.2,24.2,18.48,15.17,18.88,3.87,0.04,0.62
16.75,73.25,Unknown,Unknown,0,0,0,0,4.5,27.51,28.11,17.52,18.05,3.61,0.02,0.34
17,73.25,Unknown,Unknown,0,0,0,0,1.49,27.31,22.46,19.37,18.83,2.62,0,0.2
17.5,73,Unknown,Unknown,0,0,0,0,0.94,30.16,25.2,17.05,18.65,2.02,0.03,0.22
17.75,73,Unknown,Unknown,0,0,0,0,0.69,47.57,45.64,24.1,37.85,3.66,0,0.74
18,73,Unknown,Unknown,0,0,0,0,1.19,31.71,34.97,22.85,23.88,5.97,0.02,1.32
18.25,73,Unknown,Unknown,0,0,0,0,0.74,33.66,33.67,25.97,15.86,6.05,0,1.28
18.5,72.75,Unknown,Unknown,0,0,0,0,0.09,28.96,26.53,19.74,16.92,2.55,0,0.99
18.75,72.75,Unknown,Unknown,0,0,0,0,0.01,24.32,23.74,21.86,17.85,3.03,0,1.66
19,72.75,Unknown,Unknown,0,0,0,0,0.03,19.5,22.66,25.71,18,3.29,0,2.57
19,73,Unknown,Unknown,0,0,0,0,0.03,27.82,35.57,29.67,17.11,3.9,0.02,1
19.25,72.75,Unknown,Unknown,0,0,0,0,0.06,20.49,31.99,31.03,17.33,4.32,0,1.74
19.5,72.75,Unknown,Unknown,0,0,0,0,0.05,25.53,31.69,24.11,12.45,3.74,0,1.95
19.75,72.5,Unknown,Unknown,0,0,0,0,0.03,25.11,29.2,20.62,11.11,2.74,0,2.81
20,72.5,Unknown,Unknown,0,0,0,0,0.02,21.3,31.63,18.18,11.54,2.07,0,3.49
21.25,72.5,Unknown,Unknown,0,0,0,0,0,7.63,11.9,9.89,3.68,0.91,0,0.33
21.5,69.5,Unknown,Unknown,0,0,0,0,0,6.15,6.75,6.17,2.42,0,0,0
21.75,69.25,Unknown,Unknown,0,0,0,0,0,5.12,9.97,7.51,1.1,0,0,0
21.75,88,Unknown,Unknown,0,0,2.17,1.31,2.99,6.15,18.63,7.41,7.78,6.52,1.03,1.05
21.75,88.5,Unknown,Unknown,0,0,1.82,0.32,2.08,6.3,16.13,10.64,7.22,10.09,1.12,0.86
21.75,89,Unknown,Unknown,0,0,1.74,0.15,2.25,6.29,16.92,12.68,5.78,11.34,0.84,1.03
22,69,Unknown,Unknown,0,0,0,0,0,2.68,9.06,6.81,0.06,0,0,0
22.25,68.75,Unknown,Unknown,0,0,0,0,0,1.76,7.49,5.12,0.17,0,0,0
22.25,72.5,Unknown,Unknown,0,0,0,0,0,2.03,11.91,5.03,1.24,0.01,0,0.04
22.5,68.75,Unknown,Unknown,0,0.01,0,0,0,1.73,8.45,4.59,0.34,0,0,0
22.5,69,Unknown,Unknown,0,0,0,0,0,1.57,7.57,4.41,0.43,0,0,0
22.5,69.25,Unknown,Unknown,0,0,0,0,0,2.08,8.59,4.65,0.89,0,0,0
23,68.75,Unknown,Unknown,0,0.04,0,0,0,2.12,11.95,3.98,0.87,0,0,0
23.25,68.5,Unknown,Unknown,0,0.03,0,0,0,2.14,11.41,3.74,0.7,0,0,0
23.5,68.25,Unknown,Unknown,0,0.02,0,0,0,1.99,9.2,2.97,0.51,0,0,0
24.25,69,Badin District,Unknown,0,0,0,0,0,1.78,6.91,2.14,0.48,0,0,0
24.5,68.75,Badin District,Unknown,0,0,0,0,0,1.8,6.6,2.05,0.35,0,0,0
25.75,70.25,Umerkot District,Unknown,0.02,0,0,0,0.01,0.6,6.05,0.73,0.58,0,0,0.02
26,70,Sanghar District,Unknown,0.03,0,0.03,0,0.02,0.63,5.28,0.6,0.48,0,0,0.02
26.25,70,Khairpur District,Unknown,0.03,0,0.12,0,0.09,0.68,4.05,0.44,0.24,0,0,0.01
26.5,70,Khairpur District,Unknown,0.06,0,0.26,0.01,0.38,0.8,3.64,0.5,0.03,0,0,0.04
26.75,69.5,Khairpur District,Unknown,0.03,0,0.17,0,0.23,0.6,2.85,0.39,0,0,0,0.02
27,69.5,Khairpur District,Unknown,0.02,0,0.13,0,0.35,0.48,2.98,0.55,0,0,0,0.05
27.25,69.5,Sukkur District,Unknown,0.01,0,0.08,0,0.5,0.31,3.14,0.76,0,0,0,0.09
27.5,69.5,Ghotki District,Unknown,0,0,0.05,0,0.61,0.2,3.25,0.91,0,0,0,0.11
27.5,69.75,Ghotki District,Unknown,0.01,0,0.06,0,0.6,0.24,3.27,0.89,0,0,0,0.11
27.75,70,Ghotki District,Unknown,0,0,0.05,0,0.65,0.19,3.34,0.95,0,0,0,0.12
28.5,77.25,South East Delhi,Unknown,0.41,0,0.1,0.08,0.47,2.64,3.56,1.1,5.96,0,0.02,0.18
28.75,77,North West Delhi,Unknown,1.19,0,0.18,0.57,0.56,4.77,4.17,3.19,3.78,0,0.01,0.15
28.75,77.25,North East Delhi,Unknown,0.58,0,0.17,0.13,0.51,3.05,2.33,2.29,2.12,0,0,0.12
24,83,Dudhi,Uttar Pradesh,0.39,0,0.01,0,0.08,0.73,15.74,3.47,1.99,0.19,0.01,0
24.25,78.75,Mahroni Tehsil,Uttar Pradesh,0.03,0.24,0.08,0,0.04,5.03,11.55,1.81,4.77,0.12,0,0
24.25,83,Dudhi,Uttar Pradesh,0.48,0,0,0,0.18,0.62,16.92,2.1,1.38,0.01,0,0
24.25,83.25,Dudhi,Uttar Pradesh,0.36,0,0.02,0,0,0.65,14.86,3.88,1.9,0.16,0.02,0
24.5,78.25,Lalitpur Tehsil,Uttar Pradesh,0.02,0.2,0.21,0,0.36,5.03,8.69,2.8,6.76,0,0,0
24.5,78.5,Lalitpur Tehsil,Uttar Pradesh,0,0.44,0.19,0,0.03,4.7,9.78,1.28,3.14,0,0,0
24.5,78.75,Mahroni Tehsil,Uttar Pradesh,0,0.31,0.15,0,0.01,4.56,10.3,1.48,4.1,0,0,0
24.5,82.75,Robertsganj,Uttar Pradesh,0.13,0,0.06,0,0.56,1.65,18.16,2.63,1.38,0.86,0,0
24.5,83,Robertsganj,Uttar Pradesh,0.25,0,0.06,0,0.47,1.61,18.47,2.8,1.52,0.81,0,0
24.5,83.25,Robertsganj,Uttar Pradesh,0.29,0,0.06,0,0.19,0.91,12.79,3.75,1.82,0.57,0.05,0
24.75,78.25,Lalitpur Tehsil,Uttar Pradesh,0.01,0.12,0.23,0,0.13,4.77,8.71,3.13,8.3,0,0,0
24.75,78.5,Lalitpur Tehsil,Uttar Pradesh,0.01,0.36,0.21,0,0.04,4.98,9.33,1.98,4.28,0,0,0
24.75,78.75,Mahroni Tehsil,Uttar Pradesh,0.01,0.31,0.16,0,0.02,4.08,8.66,2.01,3.88,0,0,0
24.75,82.5,Lalganj,Uttar Pradesh,0,0,0,0,0.58,0.59,16.41,1.49,0.19,0.04,0,0
24.75,82.75,Ghorawal,Uttar Pradesh,0.08,0,0.04,0,0.48,1.89,17.97,2.53,1.28,1.04,0,0
24.75,83,Robertsganj,Uttar Pradesh,0.12,0,0.07,0,0.49,2.02,18.03,3.63,1.6,1.01,0,0
24.75,83.25,Chakia,Uttar Pradesh,0.03,0,0.04,0,0.17,1.45,13.96,6.02,1.29,0.3,0,0
25,78.5,Talbehat,Uttar Pradesh,0.06,0.23,0.24,0,0.07,4.3,7.52,3.37,4.82,0,0,0.01
25,81,Karwi,Uttar Pradesh,0,0.03,0,0,0.1,2.36,14.9,6.59,2.54,0,0,0
25,82,Koraon,Uttar Pradesh,0.04,0.05,0,0,0.07,0.36,12.42,3.56,1.41,0.04,0,0
25,82.25,Koraon,Uttar Pradesh,0.31,0,0,0,0.16,1.35,11.09,3.28,0.98,0.03,0,0
25,82.5,Marihan,Uttar Pradesh,0.02,0,0.02,0,0.2,1.42,13.64,2.7,0.71,0,0,0
25,82.75,Chunar,Uttar Pradesh,0.05,0,0.06,0,0.07,1.42,13.95,3.93,2.01,0.07,0,0
25,83,Chunar,Uttar Pradesh,0.04,0,0.1,0,0.05,1.28,15.8,5.49,3.34,0.31,0,0
25,83.25,Chakia,Uttar Pradesh,0.01,0,0.06,0,0.09,1.83,13.08,8.93,1.98,0.02,0,0
25.25,78.5,Jhansi,Uttar Pradesh,0.13,0.1,0.26,0,0.15,3.84,5.19,4.95,4.18,0,0,0.01
25.25,79.25,Mauranipur,Uttar Pradesh,0.06,0.15,0.08,0,0.1,3.44,5.72,4.82,4.32,0.08,0,0
25.25,79.5,Kulpahar,Uttar Pradesh,0.04,0.05,0.04,0,0.48,2.2,8.33,4.71,3.28,0.02,0,0
25.25,79.75,Mahoba,Uttar Pradesh,0,0,0,0,0.51,1.7,7.89,4.8,2.31,0,0,0
25.25,80.5,Naraini,Uttar Pradesh,0,0,0,0,0.3,1.51,10.57,6.77,2.11,0,0,0
25.25,80.75,Karwi,Uttar Pradesh,0,0,0,0,0.24,1.13,15.51,10.02,3.09,0,0,0
25.25,81,Karwi,Uttar Pradesh,0,0,0,0,0.17,0.72,12.47,7.73,2.69,0,0,0
25.25,81.25,Mau,Uttar Pradesh,0.01,0,0.01,0.1,0.24,1.35,13.56,4.42,2.7,0.02,0,0
25.25,81.5,Mau,Uttar Pradesh,0.01,0,0.01,0.13,0.25,2.61,17.22,4.62,2.38,0.02,0,0
25.25,81.75,Bara,Uttar Pradesh,0,0,0,0,0,3.11,17.29,6.31,1.25,0,0,0
25.25,82,Karchhana,Uttar Pradesh,0.22,0,0,0,0,0.04,13.11,3.57,1.27,0.02,0,0
25.25,82.25,Gyanpur,Uttar Pradesh,0.64,0,0,0,0,0.7,9.26,3.77,1.41,0.05,0,0
25.25,82.5,Aurai,Uttar Pradesh,0.1,0,0.06,0.02,0.16,1.85,12.97,3.29,1.11,0.05,0,0
25.25,82.75,Sadar,Uttar Pradesh,0.13,0,0.16,0,0.13,1.79,17.02,6.65,5.09,0.01,0,0
25.25,83,Sadar,Uttar Pradesh,0.04,0,0.01,0,0,0.5,10.56,3.46,2.42,0,0,0
25.25,83.25,Chandauli,Uttar Pradesh,0.01,0,0.05,0.01,0.51,1.4,12.06,6.53,2.44,0.02,0,0
25.5,78.5,Jhansi,Uttar Pradesh,0.18,0.06,0.17,0,0.34,4.05,4.66,4.86,3.75,0,0,0.03
25.5,78.75,Tahrauli,Uttar Pradesh,0.25,0.03,0.08,0,0.44,2.5,3.85,4.06,1.8,0,0,0.01
25.5,79,Tahrauli,Uttar Pradesh,0.13,0,0,0,0.06,3.99,3.89,2.69,2.05,0.33,0,0
25.5,79.25,Garautha,Uttar Pradesh,0.21,0.01,0.03,0,0.29,3.73,4.64,3.29,2.24,0.35,0,0
25.5,79.5,Hamirpur,Uttar Pradesh,0.28,0,0.04,0,0.53,2.67,5.49,3.92,2.21,0.25,0,0
25.5,79.75,Charkhari,Uttar Pradesh,0.11,0,0.02,0,0.54,1.44,6.31,4.17,2.19,0.05,0,0
25.5,80,Mahoba,Uttar Pradesh,0.05,0,0.13,0,0.52,0.55,6.49,5.14,2.81,0,0,0
25.5,80.25,Banda,Uttar Pradesh,0,0,0.19,0,0.5,0.71,7.49,5.69,2.82,0,0,0
25.5,80.5,Banda,Uttar Pradesh,0,0,0,0,0.57,1.44,9.91,5.71,1.36,0,0,0
25.5,80.75,Baberu,Uttar Pradesh,0,0,0,0,0.33,0.87,11.11,6.59,2.03,0,0,0
25.5,81,Baberu,Uttar Pradesh,0,0,0,0,0.11,0.5,10.46,4.4,2.16,0,0,0
25.5,81.25,Khaga,Uttar Pradesh,0,0,0,0.02,0.09,0.63,12.96,5.02,2.65,0,0,0
25.5,81.5,Chail,Uttar Pradesh,0.02,0,0.02,0.27,0.24,2.21,17.37,3.21,2.83,0.05,0,0
25.5,81.75,Soraon,Uttar Pradesh,0.01,0,0,0,0.25,2.07,14.69,3.98,1.63,0,0,0
25.5,82,Phulpur,Uttar Pradesh,0.04,0,0,0,0,0.29,12.7,4.37,1.81,0,0,0
25.5,82.25,Handia,Uttar Pradesh,0.22,0,0,0,0,0.95,6.99,3.35,1.35,0,0,0
25.5,82.5,Mariahu,Uttar Pradesh,0.3,0,0.02,0.06,0.28,1.13,12.49,4,3.45,0.18,0,0
25.5,82.75,Pindra,Uttar Pradesh,0.2,0,0.04,0.03,0.27,1.72,11.04,3.6,3.34,0.13,0,0
25.5,83,Pindra,Uttar Pradesh,0.08,0,0.09,0,0.25,1.31,13.78,5.25,3.09,0.01,0,0
25.5,83.25,Sakaldiha,Uttar Pradesh,0.01,0,0.03,0.01,1,1.03,12.27,4.39,3.02,0.07,0,0
25.5,83.5,Zamania,Uttar Pradesh,0.01,0,0.01,0.11,1.21,0.45,13.78,5.27,4.04,0.22,0,0
25.5,83.75,Zamania,Uttar Pradesh,0.08,0,0.17,0.53,1.81,0.61,13.43,6.91,3.21,0.72,0,0
25.75,79,Moth,Uttar Pradesh,0.37,0,0,0,0.24,3.05,3.17,3.16,1.46,0.2,0,0
25.75,79.25,Garautha,Uttar Pradesh,0.4,0,0.03,0,0.54,3.21,4.05,3.64,1.65,0.24,0,0
25.75,79.5,Hamirpur,Uttar Pradesh,0.48,0,0.05,0,0.71,2.54,4.89,4.03,1.67,0.18,0,0
25.75,79.75,Hamirpur,Uttar Pradesh,0.18,0,0.01,0,0.62,0.68,5.25,2.92,1.89,0.23,0,0.01
25.75,80,Hamirpur,Uttar Pradesh,0.11,0,0.03,0,0.58,0.39,5.6,3.26,2.11,0.19,0,0.01
25.75,80.25,Hamirpur,Uttar Pradesh,0.03,0,0.08,0,0.59,2.85,8.45,9.61,2.04,0,0,0
25.75,80.5,Banda,Uttar Pradesh,0.07,0,0.12,0,0.4,1.68,10.23,8.47,2.13,0,0,0
25.75,80.75,Fatehpur,Uttar Pradesh,0.03,0,0.05,0.02,0.22,0.58,6.68,5.13,1.38,0,0,0
25.75,81,Fatehpur,Uttar Pradesh,0,0,0,0.02,0.13,0.3,6.48,3.56,1.22,0,0,0
25.75,81.25,Sirathu,Uttar Pradesh,0.03,0,0,0,0.18,0.06,23.9,6.58,2.22,0,0,0
25.75,81.5,Pratapgarh,Uttar Pradesh,0.02,0,0,0.04,0.16,0.66,19.11,5.44,1.95,0.01,0,0
25.75,81.75,Pratapgarh,Uttar Pradesh,0.04,0,0,0,0.26,1.65,11.26,5.01,2.44,0.13,0,0
25.75,82,Pratapgarh,Uttar Pradesh,0.03,0,0,0,0.23,1.59,11.83,5.76,2.05,0,0,0
25.75,82.25,Machhlishahr,Uttar Pradesh,0.02,0,0,0,0,0.98,5.79,4.28,1.77,0.02,0,0
25.75,82.5,Jaunpur,Uttar Pradesh,0.27,0,0,0.05,0.33,0.84,12.52,8.36,5.54,0,0,0
25.75,82.75,Jaunpur,Uttar Pradesh,0.52,0,0,0.42,0.69,4.79,19.81,9.31,5.14,0,0,0
25.75,83,Lalganj,Uttar Pradesh,0.35,0,0,0.17,0.5,2.62,12.99,6.9,3.08,0.01,0,0
25.75,83.25,Jakhania,Uttar Pradesh,0.07,0,0,0.02,0.6,0.55,11.28,4.52,3.2,0.08,0,0
25.75,83.5,Ghazipur,Uttar Pradesh,0.11,0,0.01,0.03,1.32,0.93,11.32,5.77,4.19,0.23,0,0
25.75,83.75,Mohammadabad,Uttar Pradesh,0.16,0,0.27,0.22,1.79,1.11,9.09,7.04,2.33,0.34,0,0
25.75,84,Ballia,Uttar Pradesh,0.11,0,0.37,0.08,1.42,1.23,7.48,6.58,2.3,0.08,0,0
25.75,84.25,Ballia,Uttar Pradesh,0.08,0,0.12,0.24,1.24,1.82,12.81,6.25,6.12,0.73,0,0
25.75,84.5,Bairia,Uttar Pradesh,0.04,0,0.19,0.2,2.37,1.49,13.52,9,0.9,0,0,0
26,79,Konch,Uttar Pradesh,0.7,0,0.02,0,0.46,1.47,2.76,3.04,0.93,0,0,0
26,79.25,Konch,Uttar Pradesh,0.65,0,0.03,0,1.07,2.45,3.1,4.47,0.66,0,0,0
26,79.5,Orai,Uttar Pradesh,0.57,0,0,0,0.51,2.16,4.45,3.11,1.16,0,0,0
26,79.75,Kalpi,Uttar Pradesh,0.26,0,0.01,0,0.54,0.91,4.74,1.98,0.93,0.35,0,0.01
26,80,Hamirpur,Uttar Pradesh,0.12,0,0.03,0,0.76,0.37,5.43,1.98,0.93,0.64,0,0.03
26,80.25,Bindki,Uttar Pradesh,0.19,0,0.03,0.09,0.74,1.62,7.69,6.74,1.68,0.19,0,0.01
26,80.5,Bindki,Uttar Pradesh,0.13,0,0.15,0.04,0.52,1.21,11.25,8.94,2.59,0,0,0
26,80.75,Fatehpur,Uttar Pradesh,0.11,0,0.1,0.05,0.39,1.66,8.97,7.33,1.79,0,0,0
26,81,Fatehpur,Uttar Pradesh,0.14,0,0.01,0.01,0.2,0.87,7.15,5.03,1.61,0,0,0
26,81.25,Unchahar,Uttar Pradesh,0.07,0,0,0,0.04,0.26,3.12,1.77,0.54,0,0,0
26,81.5,Salon,Uttar Pradesh,0.12,0,0,0,0.25,1.14,6.11,3.03,1.31,0.05,0,0
26,81.75,Pratapgarh,Uttar Pradesh,0.1,0,0,0.01,0.31,2.03,8.54,4.52,2.85,0.19,0,0
26,82,Pratapgarh,Uttar Pradesh,0.07,0,0,0,0.35,1.85,13.5,5.48,2.03,0.05,0,0
26,82.25,Pratapgarh,Uttar Pradesh,0.03,0,0,0,0.54,0.8,7.01,3.01,2.45,0.1,0,0
26,82.5,Kadipur,Uttar Pradesh,0.04,0,0,0,0.69,0.97,9.63,4.55,4.19,0,0,0
26,82.75,Phulpur,Uttar Pradesh,0.13,0,0,0.1,0.5,1.23,13.26,7.37,2.67,0.02,0,0
26,83,Nizamabad,Uttar Pradesh,0.18,0,0,0.06,0.26,0.9,17.33,7.23,3.42,0.04,0,0
26,83.25,Azamgarh,Uttar Pradesh,0.14,0,0,0.05,0.26,1.72,8.77,3.87,2.39,0,0,0
26,83.5,Maunath Bhanjan,Uttar Pradesh,0.19,0,0.01,0,1.07,3.36,8.72,4.52,5.21,0.02,0,0
26,83.75,Maunath Bhanjan,Uttar Pradesh,0.18,0,0.19,0.17,2.83,2.43,10.74,5.45,4.1,0.03,0,0
26,84,Sikanderpur,Uttar Pradesh,0.1,0,0.17,0.23,2.04,0.88,7.14,4.89,3.12,0,0,0
26.25,79.25,Madhogarh,Uttar Pradesh,0.65,0,0.01,0,0.34,2.04,2.88,4.04,1.49,0,0,0
26.25,79.5,Kalpi,Uttar Pradesh,0.4,0,0,0,0.29,2.55,4.93,3.27,1.45,0,0,0
26.25,79.75,Bhognipur,Uttar Pradesh,0.26,0,0,0,0.17,0.88,3.69,1.67,0.89,0,0,0
26.25,80,Bhognipur,Uttar Pradesh,0.38,0,0.01,0.03,0.33,0.49,6.33,3.61,1.21,0.03,0,0.01
26.25,80.25,Ghatampur,Uttar Pradesh,0.45,0,0.02,0.26,1.22,0.55,10.08,5.21,1.8,0,0,0.01
26.25,80.5,Unknown,Uttar Pradesh,0.24,0,0.02,0.23,1.04,0.29,9.08,5.83,1.95,0,0,0
26.25,80.75,Bighapur,Uttar Pradesh,0.19,0,0.07,0.08,0.49,1.17,8.83,6.04,1.92,0,0,0
26.25,81,Raebareli,Uttar Pradesh,0.3,0,0.04,0,0.28,0.47,9.64,4.98,2.71,0,0,0
26.25,81.25,Raebareli,Uttar Pradesh,0.37,0,0.04,0,0.36,1.85,10.08,6.45,2.66,0,0,0
26.25,81.5,Tiloi,Uttar Pradesh,0.13,0,0,0.01,0.3,1.37,6.76,4.68,1.76,0.02,0,0
26.25,81.75,Gauriganj,Uttar Pradesh,0.52,0,0.07,0.13,0.13,2.67,9.52,4.18,2.58,0.01,0,0
26.25,82,Sultanpur,Uttar Pradesh,0.43,0,0.03,0.08,0.51,2.29,11.12,4.39,2.78,0,0,0
26.25,82.25,Jaisinghpur,Uttar Pradesh,0.34,0,0,0.02,1.3,1.72,11.52,4.31,3.3,0,0,0
26.25,82.5,Kadipur,Uttar Pradesh,0.12,0,0,0,0.86,0.97,8.9,5.76,2.45,0,0,0
26.25,82.75,Jalalpur,Uttar Pradesh,0.04,0,0,0,0.47,0.72,12.2,6.57,2.73,0.02,0,0
26.25,83,Burhanpur,Uttar Pradesh,0.16,0,0,0.03,0.85,1.25,13.69,6.36,2.62,0.04,0,0
26.25,83.25,Sagri,Uttar Pradesh,0.19,0,0,0.06,0.34,1.75,10.21,3.55,2.59,0,0,0
26.25,83.5,Ghosi,Uttar Pradesh,0.24,0,0.01,0.01,1.62,2.86,9.8,6.23,3.09,0.02,0,0
26.25,83.75,Madhuban,Uttar Pradesh,0.3,0,0.13,0.12,2.36,3.04,10.94,8.2,3.28,0.02,0,0
26.25,84,Bhatpar Rani,Uttar Pradesh,0.18,0,0.49,0.45,3.15,3.03,8.64,6.3,1.93,0.01,0,0
26.5,79.25,Chakarnagar,Uttar Pradesh,0.33,0,0.11,0.02,0.35,3.12,3.6,6.17,2.05,0,0,0
26.5,79.5,Auraiya,Uttar Pradesh,0.17,0,0.01,0.01,0.1,1.64,2.23,2.1,0.55,0,0,0
26.5,79.75,Derapur,Uttar Pradesh,0.15,0,0,0,0.05,0.83,2.56,1.4,0.6,0,0,0
26.5,80,Akbarpur,Uttar Pradesh,0.95,0,0.03,0.09,1.17,1.88,11.15,4.61,1.89,0,0,0.03
26.5,80.25,Unknown,Uttar Pradesh,0.78,0,0.04,0.15,1.09,1.15,11.32,5.32,1.52,0,0,0
26.5,80.5,Unnao,Uttar Pradesh,0.23,0,0,0.05,0.21,0.53,7.33,3.78,1.02,0,0,0
26.5,80.75,Purwa,Uttar Pradesh,0.23,0,0.05,0,0.06,0.95,6.35,4.13,0.78,0,0,0
26.5,81,Maharajganj,Uttar Pradesh,0.22,0,0.06,0,0.21,0.61,8.87,4.62,5.01,0,0,0
26.5,81.25,Maharajganj,Uttar Pradesh,0.18,0,0.06,0,0.22,0.92,10.29,5.23,6.8,0,0,0
26.5,81.5,Tiloi,Uttar Pradesh,0.09,0,0.01,0.01,0.32,1.18,5.24,3.15,2.64,0,0,0
26.5,81.75,Musafirkhana,Uttar Pradesh,0.22,0,0,0.03,0.37,1.02,4.08,3.02,1.83,0,0,0
26.5,82,Bikapur,Uttar Pradesh,0.43,0,0,0.05,0.52,1.22,7.31,4.62,3.64,0,0,0
26.5,82.25,Bikapur,Uttar Pradesh,0.38,0,0,0.02,1.4,1.76,11.7,4.48,3.31,0.04,0,0
26.5,82.5,Akbarpur,Uttar Pradesh,0.42,0,0.02,0.02,1.56,1.82,11.97,4.75,3.59,0.12,0,0
26.5,82.75,Tanda,Uttar Pradesh,0.25,0,0.03,0.13,2.34,2.26,14.12,6.54,4.67,0.05,0,0
26.5,83,Ghanghata,Uttar Pradesh,0.22,0,0.03,0.07,2.09,3.22,14.57,7.11,3.67,0.08,0,0
26.5,83.25,Khajni,Uttar Pradesh,0.2,0,0.03,0.01,1.85,2.99,13.03,6.29,3.13,0.07,0,0
26.5,83.5,Chauri Chaura,Uttar Pradesh,0.07,0,0.03,0,1.76,1.11,5.35,2.3,1.99,0,0,0
26.5,83.75,Deoria,Uttar Pradesh,0.21,0,0.33,0.11,1.47,2.77,9.44,5.43,5.12,0.21,0,0
26.75,79,Etawah,Uttar Pradesh,0.46,0,0.33,0,0.5,2.19,4.55,3.83,1.47,0,0,0
26.75,79.25,Bharthana,Uttar Pradesh,0.21,0,0.1,0.06,0.51,1.4,2.37,1.45,0.88,0,0,0
26.75,79.5,Bidhuna,Uttar Pradesh,0.2,0,0.06,0.04,0.39,1.15,2.63,1.33,0.65,0,0,0
26.75,79.75,Rasulabad,Uttar Pradesh,0.35,0,0.03,0,0.33,1.71,7.08,3.33,1.68,0,0,0.01
26.75,80,Bilhaur,Uttar Pradesh,0.76,0,0,0.01,1.07,2.69,9.43,2.98,3.07,0,0,0.03
26.75,80.25,Safipur,Uttar Pradesh,1.16,0,0.01,0,1.81,3.44,9.84,2.53,3.45,0,0,0.04
26.75,80.5,Hasanganj,Uttar Pradesh,0.17,0,0.01,0,0.23,0.85,3.81,3.01,1.13,0,0,0
26.75,80.75,Sarojani Nagar,Uttar Pradesh,0.28,0,0.08,0,0.11,2.42,7.83,6.42,1.69,0.08,0,0.01
26.75,81,Mohanlalganj,Uttar Pradesh,0.27,0,0.34,0,0.19,0.71,9.77,6.24,5.54,0,0,0
26.75,81.25,Haidergarh,Uttar Pradesh,0.2,0,0.15,0.01,0.18,0.6,10.73,5.39,6.94,0,0,0
26.75,81.5,Ramsanehighat,Uttar Pradesh,0.19,0,0.01,0,0.68,1.5,8.14,3.95,3.72,0,0,0
26.75,81.75,Rudauli,Uttar Pradesh,0.42,0,0,0.02,0.51,1.42,8.71,4.56,4.18,0,0,0
26.75,82,Sohawal,Uttar Pradesh,0.53,0,0.02,0.02,0.49,1.51,10.07,4.35,5.67,0.01,0,0
26.75,82.25,Faizabad,Uttar Pradesh,0.71,0,0.03,0.05,2.03,1.96,11.26,6.23,4.08,0.87,0,0
26.75,82.5,Harraiya,Uttar Pradesh,0.45,0,0.12,0.04,2.26,1.72,13.84,6.9,5.79,0.38,0,0
26.75,82.75,Basti,Uttar Pradesh,0.2,0,0.02,0.29,2.9,1.89,14.29,9.64,6.61,0.02,0,0
26.75,83,Khalilabad,Uttar Pradesh,0.18,0,0.1,0.12,1.78,3.17,14.2,8.61,4.61,0.08,0,0
26.75,83.25,Sahjanwa,Uttar Pradesh,0.17,0,0.12,0.05,1.45,3.56,14.25,8.19,3.48,0.04,0,0
26.75,83.5,Gorakhpur,Uttar Pradesh,0.1,0,0.03,0,1.25,2.46,12.23,3.21,0.92,0,0,0
26.75,83.75,Hata,Uttar Pradesh,0.08,0,0.08,0.06,1.08,1.49,6.76,3.27,2.14,0.06,0,0
26.75,84,Kasya,Uttar Pradesh,0.1,0,0.52,0.22,1.69,1.44,5.65,4.43,3.18,0.07,0,0
27,78,Kheragarh,Uttar Pradesh,0.57,0,0.52,0.1,0.34,2.69,2.42,4.86,3.03,0,0,0.04
27,78.25,Fatehabad,Uttar Pradesh,0.37,0,0.32,0.03,0.14,1.92,2.94,4.58,6.4,0,0,0.01
27,78.5,Shikohabad,Uttar Pradesh,0.3,0,0.27,0,0.15,1.4,3.88,4.5,7.55,0,0,0.02
27,78.75,Shikohabad,Uttar Pradesh,0.55,0,0.53,0,0.42,1.41,11.8,7.86,4.72,0,0,0
27,79,Karhal,Uttar Pradesh,0.27,0,0.26,0,0.33,1.45,6.72,4.22,3.32,0,0,0
27,79.25,Bhogaon,Uttar Pradesh,0.54,0,0.31,0.02,1.02,1.43,5.61,3.65,3.62,0,0,0
27,79.5,Chhibramau,Uttar Pradesh,0.42,0,0.29,0.03,0.77,1.98,6.94,4.83,2.14,0,0,0
27,79.75,Kannauj,Uttar Pradesh,0.38,0.01,0.22,0,0.12,2.69,8.88,6.57,1.13,0,0,0
27,80,Kannauj,Uttar Pradesh,0.55,0,0.19,0,0.37,1.74,7.87,3.33,1.98,0,0,0.01
27,80.25,Safipur,Uttar Pradesh,0.61,0,0.22,0,0.08,0.63,8.53,3.05,1.3,0,0,0
27,80.5,Sandila,Uttar Pradesh,0.15,0,0.07,0,0.04,1.24,5.33,3.74,1.41,0,0,0
27,80.75,Sarojani Nagar,Uttar Pradesh,0.26,0,0.21,0.01,0.16,2.93,8.4,6.69,3.51,0.22,0,0
27,81,Bakshi Ka Talab,Uttar Pradesh,0.42,0,0.54,0.03,0.24,1.01,11.85,8.72,4.83,0.02,0,0
27,81.25,Nawabganj,Uttar Pradesh,0.53,0,1.01,0.3,0.43,0.79,11.57,5.51,3.59,0,0,0
27,81.5,Sirauli Gauspur,Uttar Pradesh,0.53,0,0.92,0.27,0.96,1.27,11.26,5.53,3.06,0,0,0
27,81.75,Colonelganj,Uttar Pradesh,0.32,0,0.01,0,1.24,2.2,10.08,4.46,2.58,0,0,0
27,82,Tarabganj,Uttar Pradesh,0.36,0,0.36,0,1.48,1.87,10.31,5.81,2.17,0,0,0
27,82.25,Mankapur,Uttar Pradesh,0.48,0,0.13,0.02,1.55,2.48,11.15,7.78,2.35,0.24,0,0
27,82.5,Mankapur,Uttar Pradesh,0.3,0,0.07,0.03,1.49,1.38,11.67,11.74,6.15,0.15,0,0
27,82.75,Rudhauli,Uttar Pradesh,0.19,0,0.03,0.16,1.96,1.26,12.01,14.36,6.75,0.13,0,0
27,83,Mehdawal,Uttar Pradesh,0.12,0,0.02,0.12,1.31,0.97,7.36,6.31,3.23,0.15,0,0
27,83.25,Campierganj,Uttar Pradesh,0.2,0,0.06,0.41,2.44,2.59,11.37,17.19,2.93,0.04,0,0
27,83.5,Maharajganj,Uttar Pradesh,0.15,0,0.05,0.27,1.88,2.07,9.17,10.44,1.84,0,0,0
27,83.75,Maharajganj,Uttar Pradesh,0.08,0,0.34,0.15,1.29,1.13,4.64,5.2,2.18,0.1,0,0
27,84,Padrauna,Uttar Pradesh,0.08,0,2.67,0.38,2.36,0.77,4.56,5.82,2.77,0.05,0,0
27.25,77.75,Mathura,Uttar Pradesh,0.63,0,0.92,0.13,1.25,1.79,3.61,2.84,1.07,0,0,0.14
27.25,78,Unknown,Uttar Pradesh,0.69,0,0.65,0.09,0.77,2.17,3.81,2.95,1.18,0,0,0.09
27.25,78.25,Tundla,Uttar Pradesh,0.58,0,0.39,0,0.27,2.85,5.11,5.76,4.05,0,0,0.01
27.25,78.5,Jasrana,Uttar Pradesh,0.45,0,0.46,0,0.29,2.18,7.51,8.01,4.41,0,0,0.07
27.25,78.75,Mainpuri,Uttar Pradesh,0.36,0,0.39,0,0.31,1.83,8.13,6.3,4.36,0,0,0.03
27.25,79,Mainpuri,Uttar Pradesh,0.03,0,0.03,0,0.29,1.2,3.67,1.19,3.65,0,0,0
27.25,79.25,Bhogaon,Uttar Pradesh,0.58,0,0.43,0,1.09,1.52,8.29,5.65,5.56,0,0,0
27.25,79.5,Farrukhabad,Uttar Pradesh,0.32,0,0.44,0,0.57,1.4,9.51,5.63,3.25,0,0,0
27.25,79.75,Sawayajpur,Uttar Pradesh,0.59,0.02,0.47,0.01,0.15,2.15,8.53,4.51,1.58,0,0,0
27.25,80,Bilgram,Uttar Pradesh,0.68,0.05,0.46,0.02,0.49,2,9.36,11.39,4.46,0.01,0,0.01
27.25,80.25,Hardoi,Uttar Pradesh,0.47,0.02,0.29,0.01,0.99,1.51,10.58,3.56,4.14,0,0,0
27.25,80.5,Sandila,Uttar Pradesh,0.75,0,0.26,0.04,1.14,4.39,9.91,8.97,3.33,0,0,0
27.25,80.75,Sidhauli,Uttar Pradesh,0.64,0,0.18,0.06,0.81,2.93,9.46,6.6,2.68,0,0,0
27.25,81,Mahmudabad,Uttar Pradesh,0.3,0,0.07,0.1,0.17,0.53,10.74,4.78,1.76,0,0,0
27.25,81.25,Fatehpur,Uttar Pradesh,0.7,0,1.76,0.56,0.87,2.38,13.5,7.43,4.43,0,0,0
27.25,81.5,Kaiserganj,Uttar Pradesh,0.63,0.01,1.23,0.46,1.61,1.91,12.96,6.74,4.1,0,0,0
27.25,81.75,Colonelganj,Uttar Pradesh,0.43,0,0.66,0.16,1.14,1.36,11.35,6.01,2.65,0.09,0,0
27.25,82,Gonda,Uttar Pradesh,0.28,0,0.22,0,0.9,1.9,9.04,7.84,1.85,0.33,0,0
27.25,82.25,Gonda,Uttar Pradesh,0.19,0,0.17,0,0.49,1.23,7.44,6.36,1.75,0.19,0,0
27.25,82.5,Utraula,Uttar Pradesh,0.05,0,0.05,0,0.49,0.6,7.38,7.96,4.7,0.04,0,0
27.25,82.75,Itwa,Uttar Pradesh,0.11,0,0.02,0.07,1.17,0.85,10.45,16.03,7.01,0.14,0,0
27.25,83,Naugarh,Uttar Pradesh,0.15,0,0.02,0.21,1.61,0.94,8.02,11.34,3.93,0.14,0,0
27.25,83.25,Pharenda,Uttar Pradesh,0.23,0,0.06,0.54,2.95,2.73,11.77,19.89,2.69,0.02,0,0
27.25,83.5,Maharajganj,Uttar Pradesh,0.19,0,0.05,0.43,2.49,2.06,11.97,21.61,3.61,0.05,0,0
27.25,83.75,Nichlaul,Uttar Pradesh,0.12,0,2.2,0.61,2.65,1.57,16.03,31.56,7.18,0.33,0,0
27.5,77.5,Mathura,Uttar Pradesh,0.49,0,0.16,0,0.34,1.84,4.66,1.95,1.62,0,0,0
27.5,77.75,Mathura,Uttar Pradesh,0.65,0,0.6,0.02,0.22,2.94,2.16,1.87,1.72,0,0,0.04
27.5,78,Hathras,Uttar Pradesh,0.75,0,0.55,0,0.2,3.73,4.73,3.66,2.32,0,0,0.01
27.5,78.25,Jalesar,Uttar Pradesh,0.75,0.01,0.33,0,0.29,3.9,5.78,4.05,2.62,0,0,0
27.5,78.5,Etah,Uttar Pradesh,0.7,0,0.62,0,0.76,3.16,4.23,2.77,2.48,0,0,0
27.5,78.75,Etah,Uttar Pradesh,0.33,0,0.46,0,0.51,3.07,4.66,3.78,3.25,0,0,0.01
27.5,79,Aliganj,Uttar Pradesh,0.1,0,0.45,0,0.3,4.1,5.61,4.81,3.64,0,0,0
27.5,79.25,Aliganj,Uttar Pradesh,0.23,0,0.54,0,0.4,3.49,6.44,7.4,6.1,0,0,0
27.5,79.5,Kaimganj,Uttar Pradesh,0.2,0,0.37,0,0.18,1.2,9.14,4.04,3.37,0,0,0
27.5,79.75,Sawayajpur,Uttar Pradesh,0.57,0.01,0.34,0.01,0.14,1.54,8.91,6.25,3.3,0,0,0
27.5,80,Hardoi,Uttar Pradesh,0.71,0.07,0.4,0.03,0.86,1.88,10.39,17.4,6.75,0.02,0,0.02
27.5,80.25,Hardoi,Uttar Pradesh,0.37,0.01,0.3,0.15,1.65,1.88,9.73,4.19,4.48,0,0,0
27.5,80.5,Unknown,Uttar Pradesh,0.88,0,0.29,0.65,1.09,1.55,5.35,4.17,2.9,0,0,0
27.5,80.75,Sitapur,Uttar Pradesh,0.67,0,0.17,0.27,0.39,1.57,9.16,7.09,5.19,0,0,0
27.5,81,Biswan,Uttar Pradesh,0.37,0,0.32,0.14,0.26,0.96,9.42,4.88,2.87,0,0,0
27.5,81.25,Biswan,Uttar Pradesh,0.64,0.02,0.63,0.47,3.11,2.92,12.84,8.09,5.63,0.18,0,0
27.5,81.5,Mahasi,Uttar Pradesh,0.64,0.02,0.58,0.47,3.34,2.73,12.83,8.49,6.05,0.15,0,0
27.5,81.75,Bahraich,Uttar Pradesh,0.54,0.01,0.73,0.34,2.17,2.46,10.02,10.84,3.49,0.82,0,0
27.5,82,Ikauna,Uttar Pradesh,0.21,0,0.18,0,0.69,2.46,9.48,10.31,2.38,0.7,0,0
27.5,82.25,Tulsipur,Uttar Pradesh,0.19,0,0.16,0,0.58,1.54,7.9,7.45,2,0.37,0,0
27.5,82.5,Tulsipur,Uttar Pradesh,0.12,0,0.11,0.01,0.55,0.95,8.23,9.51,4.07,0.13,0,0
27.5,82.75,Shohratgarh,Uttar Pradesh,0.11,0,0.07,0.07,0.81,0.62,7.83,10.48,4.98,0.13,0,0
27.75,77.5,Mathura,Uttar Pradesh,0.29,0,0.24,0,0.13,1.89,4.97,0.78,2.9,0,0,0.1
27.75,77.75,Mathura,Uttar Pradesh,0.66,0,0.42,0,0.04,3.76,1.95,1.52,2.26,0,0,0.01
27.75,78,Iglas,Uttar Pradesh,0.83,0,0.88,0,0.54,6.55,3.25,2.78,3.54,0,0,0.14
27.75,78.25,Koil,Uttar Pradesh,0.75,0.03,0.53,0,0.61,4.55,5.87,3.34,2.46,0,0,0.02
27.75,78.5,Kasganj,Uttar Pradesh,0.69,0.06,0.26,0,0.44,3.42,7.69,2.75,2.82,0,0,0
27.75,78.75,Sahawar,Uttar Pradesh,0.56,0.02,0.46,0.02,0.61,3.3,7.34,4.41,2.74,0,0,0
27.75,79,Patiyali,Uttar Pradesh,0.23,0,0.52,0.01,0.36,3.82,6.82,6.56,4.24,0,0,0
27.75,79.25,Dataganj,Uttar Pradesh,0.56,0,0.34,0,0.14,2.06,5.01,4.76,5.4,0,0,0
27.75,79.5,Jalalabad,Uttar Pradesh,0.75,0,0.12,0,0.57,0.93,2.82,2.35,6.11,0,0,0
27.75,79.75,Shahjahanpur,Uttar Pradesh,0.75,0.02,0.33,0,0.61,1.79,5.66,4.98,3.3,0,0,0
27.75,80,Shahjahanpur,Uttar Pradesh,1.42,0.01,0.4,0,0.73,1.08,10.95,9.79,6.24,0.01,0,0
27.75,80.25,Shahabad,Uttar Pradesh,1.1,0,0.36,0.24,1.23,1.47,8.99,4.86,4.38,0,0,0
27.75,80.5,Unknown,Uttar Pradesh,0.61,0,0.25,0.24,1.25,2,5.23,6.17,3,0,0,0
27.75,80.75,Sitapur,Uttar Pradesh,0.23,0,0.15,0.15,0.8,1.66,4.71,2.94,2.28,0,0,0
27.75,81,Laharpur,Uttar Pradesh,0.32,0,0.21,0.15,1.91,3.1,7.92,5.93,2.51,0.65,0,0
27.75,81.25,Dhaurahara,Uttar Pradesh,0.57,0.01,0.53,0.38,2.67,4.22,10.08,8.61,2.5,1.28,0,0
27.75,81.5,Nanpara,Uttar Pradesh,0.6,0.01,0.7,0.44,2.85,3.41,10.28,10.61,3.86,1.14,0,0
27.75,81.75,Bhinga,Uttar Pradesh,0.55,0.01,0.66,0.36,2.45,2.81,9.47,12.83,4.19,1.23,0,0
27.75,82,Bhinga,Uttar Pradesh,0.32,0.01,0.26,0.13,1.55,2.55,9.16,11.56,3.3,0.95,0,0
27.75,82.25,Balrampur,Uttar Pradesh,0.18,0,0.17,0.02,0.72,1.88,8.07,9.14,2.81,0.68,0,0
28,77.75,Khair,Uttar Pradesh,0.56,0,0.76,0.01,0.51,4.48,3.45,2.01,7.22,0,0,0.12
28,78,Gabhana,Uttar Pradesh,0.93,0,1.16,0,1.07,7.46,3.77,3.54,4.04,0,0,0.16
28,78.25,Atrauli,Uttar Pradesh,0.9,0.01,1.1,0,0.89,5,4.46,4.2,4.2,0,0,0.04
28,78.5,Atrauli,Uttar Pradesh,0.81,0.01,0.72,0,0.49,3.18,8.31,3.95,5.11,0,0,0
28,78.75,Sahaswan,Uttar Pradesh,0.69,0,0.64,0.03,0.56,2.97,9.25,5.95,4.15,0.05,0,0
28,79,Budaun,Uttar Pradesh,0.48,0,0.54,0.05,0.59,3.04,10.33,7.79,3.11,0.04,0,0
28,79.25,Budaun,Uttar Pradesh,0.7,0,0.35,0,0.02,1.05,7.16,4.39,3.44,0,0,0
28,79.5,Tilhar,Uttar Pradesh,0.59,0.02,0.2,0,0.64,1.22,4.08,4.18,3.66,0,0,0.01
28,79.75,Tilhar,Uttar Pradesh,0.84,0.04,0.37,0,1.13,1.54,6.05,5.81,3.54,0,0,0
28,80,Powayan,Uttar Pradesh,1.86,0,0.44,0,0.73,0.53,11.67,4.81,5.31,0,0,0
28,80.25,Mohammdi,Uttar Pradesh,1.45,0,0.4,0,1.01,1.16,10.11,6.16,4.6,0,0,0
28,80.5,Lakhimpur,Uttar Pradesh,0.94,0,0.33,0.01,1.96,3.01,9.98,11.61,4.53,0,0,0
28,80.75,Lakhimpur,Uttar Pradesh,0.63,0,0.24,0.01,2.45,2.71,8.36,7.88,3.42,0,0,0
28,81,Dhaurahara,Uttar Pradesh,0.34,0,0.18,0.01,2.56,3.1,8.44,6.47,2.44,0.5,0,0
28,81.25,Nanpara,Uttar Pradesh,0.48,0.01,0.28,0.19,2.51,4.37,9.98,9,2.15,1.46,0,0
28,81.5,Nanpara,Uttar Pradesh,0.5,0.01,0.57,0.34,2.75,3.73,10.28,9.8,3.37,1.19,0,0
28.25,77.75,Khurja,Uttar Pradesh,0.23,0,0.41,0.05,0.09,1.71,1.5,2.88,5.93,0,0,0.01
28.25,78,Shikarpur,Uttar Pradesh,1.27,0,1.1,0,0.38,3.69,4.13,2.66,5.35,0,0,0.01
28.25,78.25,Debai,Uttar Pradesh,1.16,0,1.57,0,0.61,2.13,5.1,3.41,5.72,0,0,0
28.25,78.5,Gunnaur,Uttar Pradesh,1.1,0,0.91,0,0.41,1.94,6.07,3.59,5.44,0.03,0,0
28.25,78.75,Bisauli,Uttar Pradesh,1.53,0,0.32,0,0.08,0.23,2.34,3.06,4.53,0.04,0,0
28.25,79,Bisauli,Uttar Pradesh,0.82,0,0.58,0.01,0.07,1.64,7.03,3.09,5.2,0.7,0,0.05
28.25,79.25,Aonla,Uttar Pradesh,0.81,0.01,0.31,0.01,0.09,1.25,11.44,4.24,6.92,0,0,0.02
28.25,79.5,Faridpur,Uttar Pradesh,0.27,0,0.04,0,0.01,0.17,4.02,1.93,2.62,0,0,0.05
28.25,79.75,Bisalpur,Uttar Pradesh,0.22,0,0.08,0,0.23,0.42,4.25,3.37,2.48,0,0,0.04
28.25,80,Powayan,Uttar Pradesh,0.81,0,0.23,0,0.33,0.82,9.24,6.22,4.45,0,0,0
28.25,80.25,Powayan,Uttar Pradesh,1.06,0,0.29,0,0.64,2.6,12.84,11.49,5.54,0,0,0
28.25,80.5,Gola Gokaran Nath,Uttar Pradesh,1.64,0,0.44,0,2.78,3.93,15.18,13.9,5.66,0,0,0
28.25,80.75,Nighasan,Uttar Pradesh,1.75,0,0.46,0,2.91,4.55,14.82,14.48,4.91,0.6,0,0
28.25,81,Nighasan,Uttar Pradesh,0.8,0,0.28,0.01,2.61,3.95,10.82,12.6,2.96,1.42,0,0
28.25,81.25,Nanpara,Uttar Pradesh,0.83,0,0.31,0.08,2.66,4.16,10.41,11.31,2.73,1.3,0,0
28.5,77.5,Gautam Buddha Nagar,Uttar Pradesh,0.86,0,0.12,0.39,0.53,2.9,2.55,4.08,8,0,0,0.12
28.5,77.75,Sikandrabad,Uttar Pradesh,0.79,0,0.39,0.19,0.26,2.42,2.18,4.22,7.59,0,0,0.11
28.5,78,Syana,Uttar Pradesh,1.1,0,0.81,0,0.14,2.34,6.8,3.87,6.99,0.03,0,0
28.5,78.25,Anupshahr,Uttar Pradesh,1.02,0,0.88,0,0.18,1.47,9.18,3.1,6.56,0.31,0,0.04
28.5,78.5,Sambhal,Uttar Pradesh,0.75,0,0.22,0,0.06,0.56,10.75,3.26,6.03,0.36,0,0.04
28.5,78.75,Unknown,Uttar Pradesh,0.62,0,0.11,0,0.08,0.41,4.32,2.88,3.61,0,0,0
28.5,79,Shahabad,Uttar Pradesh,0.57,0.01,0.37,0.01,0.13,0.91,5.54,2.46,4.49,0.21,0,0.03
28.5,79.25,Meerganj,Uttar Pradesh,1.23,0.03,0.48,0.02,0.24,1.65,12.91,5.43,9.92,0,0,0.02
28.5,79.5,Nawabganj,Uttar Pradesh,1.19,0,0.24,0,0,0.86,11.93,5.69,10.02,0,0,0.01
28.5,79.75,Nawabganj,Uttar Pradesh,0.31,0.01,0.05,0.03,0.11,1.19,9.3,8.37,6.51,0.01,0,0.02
28.5,80,Puranpur,Uttar Pradesh,0.04,0.01,0,0.02,0.08,1.59,11.15,12.23,6.67,0,0,0
28.5,80.25,Puranpur,Uttar Pradesh,0.67,0.05,0.16,0.14,1.2,4.01,14.04,15.51,5.86,0,0,0
28.5,80.5,Palia,Uttar Pradesh,1.21,0,0.33,0,2.09,4.07,13.41,15.11,5.5,0.04,0,0
28.5,80.75,Palia,Uttar Pradesh,1.39,0,0.39,0.01,2.69,4.33,13.73,14.68,4.65,0.73,0,0
28.75,77.5,Modinagar,Uttar Pradesh,1.01,0,0.39,0.18,0.18,2.97,2.44,4.37,6.97,0,0,0.2
28.75,77.75,Meerut,Uttar Pradesh,1.67,0,0.49,0.16,0.3,2.75,3.45,4.87,8.5,0,0,0.21
28.75,78,Garhmukteshwar,Uttar Pradesh,0.93,0,0.68,0,0.61,1.54,10.34,7.59,8.85,0,0,0.02
28.75,78.25,Hasanpur,Uttar Pradesh,0.74,0,0.55,0.01,1.01,0.95,10.07,5.89,7.92,0.08,0,0.04
28.75,78.5,Sambhal,Uttar Pradesh,0.65,0.02,0.23,0,0.48,1.41,11.38,5.36,7.75,0.11,0,0.05
28.75,78.75,Bilari,Uttar Pradesh,0.56,0,0.55,0,1.07,2.35,8.39,6.54,6.74,0,0,0.06
28.75,79,Unknown,Uttar Pradesh,0.65,0.01,0.37,0,0.57,1.88,8.01,4.95,5,0,0,0.03
28.75,79.25,Milak,Uttar Pradesh,2.3,0.1,0.66,0.04,0.69,4.03,24.25,11.72,10.15,0,0,0.01
28.75,79.5,Baheri,Uttar Pradesh,1.82,0.05,0.41,0.03,0.38,2.41,18.28,9.26,11.6,0,0,0.01
28.75,79.75,Pilibhit,Uttar Pradesh,0.69,0.11,0.12,0.28,1.18,4.56,19.93,17.4,7.61,0.02,0,0
28.75,80.25,Puranpur,Uttar Pradesh,0.69,0.1,0.17,0.25,1.43,4.45,16.33,16.75,6.35,0.01,0,0.01
29,77.25,Baghpat,Uttar Pradesh,1.79,0,0.33,0.14,0.37,3.38,3.58,2.82,5.35,0,0,0.25
29,77.5,Meerut,Uttar Pradesh,1.01,0,0.19,0.42,0.24,4,4.52,3.05,6.55,0,0,0.28
29,77.75,Meerut,Uttar Pradesh,3.44,0,0.37,0.23,1,1.49,6.08,2.07,10.88,0,0,0.33
29,78,Mawana,Uttar Pradesh,2.05,0,0.43,0.05,1.31,1.2,8.25,4.35,9.99,0,0,0.16
29,78.25,Dhanaura,Uttar Pradesh,0.78,0,0.34,0.02,1.25,0.66,7.87,4.04,7.3,0,0,0.07
29,78.5,Amroha,Uttar Pradesh,0.54,0.02,0.29,0.09,0.9,1.96,9.32,5.96,8.22,0,0,0.07
29,78.75,Thakurdwara,Uttar Pradesh,0.33,0.01,0.18,0.07,0.19,2.26,8.92,4.64,4.92,0,0,0.02
29,79,Tanda,Uttar Pradesh,0.64,0.01,0.21,0.02,0.32,1.85,10.28,5.55,5.29,0,0,0.02
29.25,77.25,Baraut,Uttar Pradesh,2.05,0,0.04,0.01,0.37,1.45,1.01,3.74,6.56,0,0,0.12
29.25,77.5,Budhana,Uttar Pradesh,1.08,0.02,0.26,0.1,0.4,1.46,1.89,3.83,5.52,0,0,0.19
29.25,77.75,Khatauli,Uttar Pradesh,2.85,0.02,0.28,0.19,1.39,2.36,7.42,3.92,12.15,0,0,0.29
29.25,78,Mawana,Uttar Pradesh,1.79,0.05,0.07,0.2,1.91,4.24,9.94,5.55,13.63,0,0,0.17
29.25,78.25,Bijnor,Uttar Pradesh,1.44,0.08,0.03,0.04,0.7,3.96,11.86,3.68,9,0,0,0.14
29.25,78.5,Dhampur,Uttar Pradesh,0.81,0.08,0.07,0.23,0.28,3.67,12.4,6.56,7.54,0,0,0.09
29.25,78.75,Thakurdwara,Uttar Pradesh,0.15,0,0.1,0.19,0.02,3.07,6.22,6.26,3.32,0,0,0.01
29.5,77.25,Shamli,Uttar Pradesh,1.58,0.01,0.09,0.05,0.38,2.63,1.92,3.72,6.17,0,0,0.12
29.5,77.5,Muzaffarnagar,Uttar Pradesh,1.34,0.06,0.45,0.01,0.71,2.39,3.92,8.13,9.48,0,0,0.36
29.5,77.75,Muzaffarnagar,Uttar Pradesh,1.24,0.05,0.35,0.26,1.1,3.75,6.15,6.39,11.21,0,0,0.28
29.5,78,Bijnor,Uttar Pradesh,1.28,0.08,0.08,0.2,1.43,4.6,8.97,6.76,12.37,0,0,0.17
29.5,78.25,Najibabad,Uttar Pradesh,1.38,0.32,0.09,0.11,0.54,4.82,6.84,5.12,9.81,0,0,0.19
29.5,78.5,Nagina,Uttar Pradesh,1.33,0.12,0.07,0.12,0.5,3.25,10.9,7.99,8.63,0,0,0.14
29.75,77.25,Nakur,Uttar Pradesh,1.54,0.08,0.19,0.3,0.04,5.53,3.73,5.12,5.6,0,0,0.08
29.75,77.5,Rampur Maniharan,Uttar Pradesh,1.06,0.03,0.18,0.28,0.03,9.76,5.26,4.73,9.71,0,0,0.26
29.75,77.75,Deoband,Uttar Pradesh,1.05,0.12,0.54,0.7,0.26,5.71,3.48,5.45,9.51,0,0,0.44
30,77.5,Saharanpur,Uttar Pradesh,1.24,0.25,0.35,0.27,0.12,5.9,3.95,7.38,6.23,0,0,0.12
30,77.75,Saharanpur,Uttar Pradesh,0.9,0.21,0.62,1.17,0.86,7.08,5.68,9.01,10.26,0,0,0.46
30.25,77.75,Behat,Uttar Pradesh,1.26,0.38,0.93,1.54,3.3,14.32,18.26,16.34,11.47,0,0,0.62
28.75,80,Khatīma,Uttarakhand,0.68,0.16,0.12,0.43,1.75,6.03,22.59,20.87,6.96,0.03,0,0
29,79.25,Gadarpur,Uttarakhand,2.01,0.1,0.18,0.11,1.14,2.54,17.65,13.17,11.7,0,0,0.07
29,79.5,Kichha,Uttarakhand,2.21,0.35,0.34,0.07,2.98,3.38,23.14,16.64,15.14,0,0,0.04
29,79.75,Sitarganj,Uttarakhand,1.05,0.2,0.28,0.48,1.83,4.85,19.17,15.34,6.71,0.05,0,0.08
29,80,Khatīma,Uttarakhand,0.71,0.18,0.22,0.49,1.83,5.26,19.83,16.96,6.32,0.04,0,0.06
29.25,79,Kashipur,Uttarakhand,0.72,0.03,0.35,0.14,0.58,2.9,9.65,10,4.54,0,0,0.01
29.25,79.25,Kaladhungi,Uttarakhand,2.29,0.83,0.62,0.15,7.52,6.65,31.07,23.21,20.72,0,0,0.06
29.25,79.5,Nainital,Uttarakhand,1.89,0.61,0.7,0.6,6.34,5.97,23.82,17.08,16.88,0,0,0.13
29.25,79.75,Dhari,Uttarakhand,1.07,0.31,0.74,0.8,2.84,3.53,11.92,4.96,4.8,0.07,0,0.25
29.25,80,Purnagiri,Uttarakhand,0.97,0.31,0.73,0.75,2.85,3.58,12.9,5.59,3.85,0.07,0,0.25
29.25,80.25,Champawat,Uttarakhand,0.82,0.27,0.62,0.88,3.51,4.8,16.43,9.55,4.35,0.05,0,0.22
29.5,78.75,Kotdwara,Uttarakhand,0.7,0,0.31,0.28,0.17,3.26,9.78,10.64,5.43,0,0,0.02
29.5,79,Ramnagar,Uttarakhand,1.09,0.07,0.52,0.28,1.3,3.49,12.15,12.95,6,0,0,0.05
29.5,79.25,Nainital,Uttarakhand,1.48,0.32,0.65,0.6,5.92,7.4,20.27,11.32,9.85,0,0,0.24
29.5,79.5,Ranikhet,Uttarakhand,1.05,0.28,0.88,1.27,4.77,5.64,11.98,6.53,9.28,0,0,0.22
29.5,79.75,Lamgara Tehsil,Uttarakhand,0.79,0.33,0.96,0.86,3.58,3.97,12.93,5.23,3.88,0.04,0,0.23
29.5,80,Bhanoli,Uttarakhand,0.72,0.27,0.82,1.29,5.22,4.98,15.43,6.14,3.15,0.04,0,0.35
29.5,80.25,Pithoragarh Tehsil,Uttarakhand,0.75,0.37,1.32,2.02,4.82,6.23,21.28,13.89,3.74,0.37,0,0.48
29.75,78,Laksar,Uttarakhand,0.87,0.17,0.92,1.34,0.92,3.27,6.46,8.26,9.91,0,0,0.33
29.75,78.25,Hardwar,Uttarakhand,1.3,0.15,0.25,0.32,0.14,1.7,5.71,14.41,6.74,0,0,0.19
29.75,78.5,Kotdwara,Uttarakhand,1.48,0.21,0.37,0.3,0.7,1.33,7.2,13.85,5.42,0,0,0.3
29.75,78.75,Lansdowne,Uttarakhand,0.89,0.06,0.56,0.72,0.68,2,7.78,13.83,5.26,0,0,0.21
29.75,79,Dhoomakot,Uttarakhand,0.9,0.15,0.43,0.83,3.12,4.13,16.14,7.7,7.97,0,0,0.19
29.75,79.25,Bhikiasain,Uttarakhand,0.84,0.32,0.61,0.6,2.53,3.2,14.38,4.87,6.84,0,0,0.2
29.75,79.5,Dwarahat,Uttarakhand,0.45,0.11,0.6,0.93,3.36,5.15,11.82,6.62,4.96,0.01,0,0.15
29.75,79.75,Bageshwar,Uttarakhand,0.46,0.21,0.96,0.88,2.94,4.26,14.7,8.02,3.89,0.02,0,0.13
29.75,80,Gangolihat,Uttarakhand,0.57,0.19,1.65,1.61,3.72,4.9,17.34,17.28,2.15,0.02,0,0.3
29.75,80.25,Didihat,Uttarakhand,0.85,0.64,1.83,3.18,4.93,8.41,30.12,20.93,5.44,1,0,0.71
30,78,Hardwar,Uttarakhand,0.63,0.37,1.21,2.25,1.29,5.38,8.4,13.46,12.4,0,0,0.35
30,78.25,Yamkeshwar,Uttarakhand,1.46,0.36,1.82,3.1,4.68,4.99,10.56,12.6,10.36,0,0,0.93
30,78.5,Yamkeshwar,Uttarakhand,1.48,0.23,1.23,1.11,1.75,2.77,9.04,9.73,5.29,0,0,0.5
30,78.75,Pauri,Uttarakhand,0.98,0.17,1.18,1.06,2.9,5.61,11.21,6.51,5.36,0.01,0.01,0.58
30,79,Thailisain,Uttarakhand,0.67,0.26,0.84,1.7,3.01,4.61,17.85,9.38,8.72,0,0,0.33
30,79.25,Gairsain,Uttarakhand,0.79,0.23,0.65,1.45,3.05,4.45,18,9.02,8.86,0,0,0.25
30,79.5,Garud,Uttarakhand,0.43,0.04,0.5,1.24,3.05,4.89,19.57,10.89,5.65,0.04,0,0.16
30,79.75,Kapkot,Uttarakhand,0.47,0.08,0.67,1.75,3,4.82,25.31,15.17,5.58,0.18,0,0.19
30,80,Kapkot,Uttarakhand,1.38,0.88,2.79,5.53,3.92,6.18,22.39,27.73,6.52,1.3,0.02,0.65
30,80.25,Munsiari tehsil,Uttarakhand,1.08,0.8,2.28,4.25,4.68,8.2,29.25,24.41,6.21,1.26,0.01,0.75
30,80.5,Dharchula Tehsil,Uttarakhand,0.98,0.74,2.09,3.81,4.78,8.36,29.92,23.07,5.92,1.17,0.01,0.74
30.25,78,Dehradun,Uttarakhand,0.93,0.25,1.17,0.98,2.52,14,17.94,16.72,9.91,0,0,0.6
30.25,78.25,Unknown,Uttarakhand,1.58,0.53,2.3,4.35,8.39,7.39,14.18,11.94,10.11,0,0.01,1.44
30.25,78.5,Narendra Nagar,Uttarakhand,1.27,0.24,1.32,1.13,2.51,4.54,10.92,5.46,5.31,0,0.01,0.58
30.25,78.75,Devprayag,Uttarakhand,0.71,0.24,1.81,1.65,3.49,6.65,13.88,7.77,7.15,0.03,0,0.8
30.25,79,Rudraprayag,Uttarakhand,0.7,0.45,1.7,3.21,3.08,4.65,17.39,12.47,7.23,0,0.01,0.68
30.25,79.25,Karnaprayag,Uttarakhand,0.81,0.79,2.06,3.53,4.05,7.06,15.72,14.01,6.35,0.02,0.01,0.55
30.25,79.5,Chamoli Tehsil,Uttarakhand,0.65,0.66,2.02,3.33,3.47,5.79,17.04,12.85,5.11,0.05,0.01,0.38
30.25,79.75,Tharali,Uttarakhand,0.94,0.54,1.86,3.79,3.4,5.45,20.64,19.27,6.06,0.72,0.02,0.44
30.25,80,Kapkot,Uttarakhand,1.4,0.9,2.78,5.63,3.95,6.32,23.13,27.77,6.8,1.36,0.02,0.66
30.25,80.25,Munsiari tehsil,Uttarakhand,1.28,0.86,2.63,5.1,4.18,6.95,24.99,26.77,6.42,1.3,0.02,0.69
30.25,80.5,Dharchula Tehsil,Uttarakhand,1.11,0.79,2.34,4.35,4.56,7.64,27.02,24.5,5.97,1.2,0.01,0.71
30.25,80.75,Dharchula Tehsil,Uttarakhand,1.07,0.78,2.27,4.19,4.63,8,28.49,24.22,6.03,1.21,0.01,0.73
30.25,81,Dharchula Tehsil,Uttarakhand,1.03,0.79,2.2,4.06,4.74,8.54,30.68,24.11,6.23,1.27,0.01,0.77
30.5,78,Dhanaulti,Uttarakhand,1.33,0.63,1.37,1.7,3.03,12.37,23.57,13.1,8.11,0,0,0.67
30.5,78.25,Dhanaulti,Uttarakhand,2.2,1.03,2.13,2.06,2.95,6.25,10.39,6.29,7.1,0,0.03,1.21
30.5,78.5,Pratapnagar,Uttarakhand,1.51,0.63,0.94,0.78,1.28,3.49,8.38,4.31,6.46,0,0,1.06
30.5,78.75,Ghansali,Uttarakhand,1.29,0.34,2.68,2.95,5.53,9.14,17.8,13.49,8.55,0.01,0,1.03
30.5,79,Jakholi,Uttarakhand,1.43,0.4,2.95,3.36,6.29,10.79,19.3,16.49,9.38,0.02,0.02,1.04
30.5,79.25,Chamoli Tehsil,Uttarakhand,0.91,1,2.56,3.87,4.18,7.61,13.11,12.92,5.48,0.04,0.02,0.51
30.5,79.5,Joshimath Tehsil,Uttarakhand,0.89,0.93,3.04,4.2,2.78,4.66,10.36,8.6,5.07,0.03,0.04,0.63
30.5,79.75,Joshimath Tehsil,Uttarakhand,0.97,0.93,2.86,4.71,3.36,5.49,15.06,15.39,5.42,0.46,0.02,0.55
30.5,80,Joshimath Tehsil,Uttarakhand,1.21,0.85,2.8,5.06,3.43,5.36,19.24,21.89,6.04,0.92,0.03,0.61
30.5,80.25,Munsiari tehsil,Uttarakhand,1.22,0.8,2.51,4.84,4.13,6.86,25.13,26.08,6.27,1.22,0.02,0.66
30.75,77.75,Tyuni,Uttarakhand,1.86,1.1,2.03,1.5,3.44,6.5,10.38,4.11,5.84,0,0,1.08
30.75,78,Chakrata,Uttarakhand,1.71,1.08,2.28,1.79,4.49,6.94,13.5,5.29,6.33,0,0,1.13
30.75,78.25,Dunda,Uttarakhand,1.46,0.55,3,2.25,7.11,7.05,18.89,7.15,6.81,0,0,1.36
30.75,78.5,Bhatwari,Uttarakhand,1.6,0.68,2.2,1.58,3.94,4.48,11.59,5.4,4.02,0,0.01,1.16
30.75,78.75,Bhatwari,Uttarakhand,1.95,0.73,2.28,2.39,5.2,5.62,13.3,10.96,4.6,0,0.03,1.4
30.75,79,Ghansali,Uttarakhand,1.69,0.62,2.56,2.76,5.61,9.08,16.46,14.42,7.77,0.02,0.03,1.14
30.75,79.25,Bhatwari,Uttarakhand,1.08,0.85,2.86,3.76,3.9,7.09,12.91,11.49,6.38,0.04,0.03,0.71
30.75,79.5,Joshimath Tehsil,Uttarakhand,0.98,0.89,2.99,4.01,3.4,5.95,11.6,10.07,5.69,0.03,0.03,0.67
30.75,79.75,Joshimath Tehsil,Uttarakhand,1.09,0.95,2.78,4.09,3.56,6.54,12.93,12.73,6.14,0.2,0.03,0.67
30.75,80,Joshimath Tehsil,Uttarakhand,1.17,0.98,2.97,5.28,3.51,5.68,17.16,19.63,6.03,0.8,0.03,0.61
31,78,Mori,Uttarakhand,2.08,1.01,2.35,1.71,4.24,5.04,8.37,4.14,4.56,0,0.01,1.21
31,78.25,Puraula,Uttarakhand,1.64,0.71,2.45,1.84,5.12,5.38,13.59,6.34,4.85,0,0.01,1.31
31,78.5,Rajgarhi,Uttarakhand,1.81,0.72,2.22,1.95,4.83,4.89,12.79,7.96,4.35,0,0.02,1.35
31,78.75,Bhatwari,Uttarakhand,1.88,0.7,2.39,2.35,5.3,5.75,13.71,10.26,4.68,0,0.02,1.36
31,79,Bhatwari,Uttarakhand,1.76,0.76,2.46,2.78,5.16,7.04,14.44,12.3,6.21,0.02,0.03,1.25
31,79.25,Bhatwari,Uttarakhand,1.18,0.83,2.74,3.65,4.35,7.9,14.06,12.56,6.91,0.03,0.03,0.76
31,79.5,Joshimath Tehsil,Uttarakhand,1.06,0.86,2.87,3.82,3.89,7.02,12.86,11.45,6.3,0.04,0.03,0.7
31,79.75,Joshimath Tehsil,Uttarakhand,1.09,0.96,2.92,3.98,3.46,6.4,12.41,11.73,6.08,0.14,0.04,0.68
31.25,79,Bhatwari,Uttarakhand,1.79,0.74,2.57,2.74,5.1,6.66,14.04,11.96,5.81,0.02,0.05,1.24
21.75,87.5,Egra-I,West Bengal,0.01,0,3.55,0.56,3.86,5.63,13.16,6.58,7.43,7.59,1.41,0.71
21.75,87.75,Contai-I,West Bengal,0,0,3.28,2.25,3.57,4.69,21.96,6.38,6.4,6.67,1.16,1.03
21.75,88.25,Namkhana,West Bengal,0,0,1.9,0.75,2.44,6.11,17.91,9.65,7.33,8.58,1.03,0.97
21.75,88.75,Unknown,West Bengal,0,0,1.77,0.2,2.19,5.94,17.25,12.35,6.83,11.3,0.9,0.96
22,87.25,Dantan-I,West Bengal,0.06,0,2.13,0.48,4.08,8.41,13.27,9.24,6.18,5.74,1.04,0.42
22,87.5,Potashpur-I,West Bengal,0.01,0,3.49,0.53,4.24,5.09,18.12,7.36,6.67,7.71,1.17,0.75
22,87.75,Bhagwanpur-II,West Bengal,0,0,2.71,0.71,2.58,5.24,19.1,7.79,7.18,7.62,1.07,1.03
22,88,Nandigram-I,West Bengal,0,0,1.57,0.21,2.8,7.73,15.4,8.77,8.69,5.87,0.84,0.87
22,88.25,Kulpi,West Bengal,0,0,1.76,0.32,2.34,6.38,16.01,10.86,7.12,10.52,1.12,0.88
22,88.5,Jaynagar - II,West Bengal,0,0,1.68,0.22,2.13,5.64,16.72,12.19,7.33,11.75,0.94,0.88
22,88.75,Twenty-four Parganas,West Bengal,0,0,1.73,0.17,2.22,6.38,16.85,12.57,6.08,11.02,0.75,0.95
22,89,Unknown,West Bengal,0,0,1.83,0.12,2.37,6.81,16.45,12.26,5.62,10.67,0.72,1.06
22.25,87,Gopiballavpur-II,West Bengal,0.4,0,1.33,0.58,4.35,8.22,12.65,11.01,8.45,9.53,1.49,0.38
22.25,87.25,Kharagpur-I,West Bengal,0.36,0,1.23,0.84,4.35,6.25,14.14,14.2,6.7,6.02,1.03,0.19
22.25,87.5,Kharagpur-II,West Bengal,0,0.01,2.22,0.65,2.67,5.34,16.7,11.13,6.59,6.49,1.04,0.43
22.25,87.75,Moyna,West Bengal,0,0.01,1.99,1.34,2.85,6.28,16.92,6.89,6.8,7.45,1.07,1.03
22.25,88,Shyampur - I,West Bengal,0,0.01,1.25,1.03,3,7,14.98,7.38,7.6,9,1.19,0.55
22.25,88.25,Diamond Harbour - I,West Bengal,0,0,1.64,0.25,1.98,5.38,17.54,13.13,6.23,13.2,1.12,0.87
22.25,88.5,Unknown,West Bengal,0,0,1.77,0.2,2.07,5.59,17.64,13.23,6.22,12.58,0.9,0.93
22.25,88.75,Basanti,West Bengal,0,0,1.99,0.11,2.29,6.88,16.34,12.22,5.78,10.5,0.67,1.03
22.25,89,Hingalganj,West Bengal,0,0,2.04,0.09,2.54,7.46,15.83,11.76,5.29,9.59,0.61,1.12
22.5,87,Binpur-I,West Bengal,0.46,0,1.08,0.69,4.55,9.75,11.34,10.53,8.2,8.77,1.05,0.4
22.5,87.25,Salbani,West Bengal,0.38,0,1.3,0.76,4.31,7.9,12.92,12.35,7.6,7.52,1.06,0.29
22.5,87.5,Keshpur,West Bengal,0.02,0.01,1.8,0.5,2.88,6.27,18.88,8.99,5.36,6.39,1.11,0.51
22.5,87.75,Daspur-II,West Bengal,0,0,2.63,0.54,2.29,5.57,20.49,8.54,5.73,7.25,1.13,0.59
22.5,88,Bagnan - I,West Bengal,0,0,4.26,0.22,1.43,7.92,19.8,12.09,6.12,8.06,1.38,0.52
22.5,88.25,Thakurpukur Maheshtala,West Bengal,0,0,2.1,0.12,0.62,3.86,18.44,14.19,10.05,13.24,0.04,0.57
22.5,88.5,Bhangar - I,West Bengal,0,0,2.2,0.05,2.83,8.54,15.42,10.71,5.08,8.64,0.67,1.25
22.5,88.75,Minakhan,West Bengal,0,0,2.18,0.05,2.78,8.82,15.19,10.71,4.99,8.57,0.72,1.17
22.75,86.5,Bundwan,West Bengal,0,0,0.81,0.64,3.96,6.55,14.68,6.86,8.22,5.58,0.86,0.11
22.75,86.75,Ranibundh,West Bengal,0.01,0,0.94,0.24,4.93,5.02,13.24,7.96,8.16,5.98,0.4,0.05
22.75,87,Sarenga,West Bengal,0.23,0,1.03,0.76,4.72,8.43,11.87,9.52,8.01,7.59,0.73,0.27
22.75,87.25,Garbeta-III,West Bengal,0.35,0,1.2,0.82,4.41,5.43,16.57,7.34,6.54,6.53,0.85,0.47
22.75,87.5,Chandrakona-II,West Bengal,0,0,1.36,0.63,3.55,5.48,17.01,7.77,5.92,6.45,0.73,0.6
22.75,87.75,Khanakul - I,West Bengal,0,0,2.65,0.4,2.85,7.08,15.77,8.19,4.78,6.59,1.14,0.48
22.75,88,Jangipara,West Bengal,0,0,1.28,0.09,3,9.56,16.82,6.29,4.6,9.74,1.5,0.9
22.75,88.25,Chanditala - II,West Bengal,0,0,1.08,0.05,2.16,9.9,17.27,7.89,8.84,10.86,1.79,0.68
22.75,88.5,Barasat - I,West Bengal,0,0,2.19,0.04,3.16,9.18,14.86,10.01,5.17,8.09,0.72,1.18
22.75,88.75,Baduria,West Bengal,0,0,2,0.08,2.78,8.83,14.86,9.66,5.18,8.21,0.73,1.2
23,86.25,Barabazar,West Bengal,0,0,0.21,0.95,2.67,4.47,19.28,9.59,4.28,3.77,0.19,0.03
23,86.5,Barabazar,West Bengal,0,0,0.14,0.7,2.43,6.94,16.35,7.87,6.22,5.31,0.92,0.14
23,86.75,Ranibundh,West Bengal,0,0,0.56,1.41,3.08,8.96,26.17,14.85,6.22,10.22,0.55,0.13
23,87,Taldangra,West Bengal,0,0,0.92,1.31,3.45,7.07,17.72,9.33,6.98,7.32,1.01,0.2
23,87.25,Taldangra,West Bengal,0,0,0.75,0.95,4.22,6.09,15.47,7.4,6.33,6.38,1.13,0.26
23,87.5,Jaypur,West Bengal,0,0,0.45,1.1,4.25,6.45,22,7.5,6.06,7.54,0.35,0.1
23,87.75,Raina - II,West Bengal,0,0,0.65,0.76,4.42,5.21,10.93,4.64,4.78,6.03,1.01,0.54
23,88,Jamalpur,West Bengal,0,0,0.87,0.38,3.62,5.74,14.06,7.72,5.26,9.07,0.84,0.76
23,88.25,Polba - Dadpur,West Bengal,0,0,0.59,0.26,1.58,7.2,15.6,8.55,5.89,7.1,0.57,0.58
23,88.5,Kalyani,West Bengal,0,0,1.4,0.3,2.74,7.91,15.67,5.35,6.52,9.91,1.18,1.11
23,88.75,Bongaon,West Bengal,0,0,1.64,0.22,2.99,8.47,15.39,7.18,6.06,9.1,1.03,1.07
23.25,86,Bagmundi,West Bengal,0,0,0.26,0.92,2.82,8.53,16.82,7.93,5.78,7.05,0.41,0.02
23.25,86.25,Arsha,West Bengal,0,0,0.31,1.47,3.23,6.81,18.58,6.54,5.72,6.84,0.31,0.05
23.25,86.5,Purulia - I,West Bengal,0,0,0.5,2.45,2.52,6.48,26.4,10.1,3.76,8.23,0.34,0.12
23.25,86.75,Hura,West Bengal,0,0,0.45,2.3,2.41,11.9,35.59,20.55,5.07,13.74,0.44,0.16
23.25,87,Bankura - I,West Bengal,0,0,1.14,1.12,3.58,7.9,17.48,10.29,9.2,9.35,0.58,0.13
23.25,87.25,Sonamukhi,West Bengal,0,0,1.03,0.67,4.31,5.79,16.41,7.41,6.87,6.98,1.37,0.3
23.25,87.5,Patrasayer,West Bengal,0,0,0.2,0.91,4.74,8.6,13.38,10.01,7.38,8.87,1.08,0.48
23.25,87.75,Galsi - II,West Bengal,0,0,0.27,0.95,4.5,7.45,12.42,7.75,4.23,5.6,1.06,0.52
23.25,88,Burdwan - II,West Bengal,0,0,0.66,0.98,3.21,9.06,12.32,7.53,4.35,6.04,1.01,0.69
23.25,88.25,Kalna - I,West Bengal,0,0,0.67,0.57,3.39,9.23,15.32,8.59,6.95,6.22,0.87,0.59
23.25,88.5,Santipur,West Bengal,0,0,0.85,0.47,3.18,8.42,15.03,6.38,6.65,8.36,1.11,0.92
23.5,86.5,Para,West Bengal,0.14,0,0.43,2.12,2.83,3.82,23.18,4.2,2.39,6.06,0.1,0.08
23.5,86.75,Raghunathpur - I,West Bengal,0.12,0,0.67,0.87,4.6,7.4,22.64,7.71,5.35,11.19,0.1,0.15
23.5,87,Saltora,West Bengal,0,0,1.01,0.99,6.19,12.21,15.97,7.46,11.68,10.01,0.21,0.04
23.5,87.25,Barjora,West Bengal,0.02,0,1.25,1.23,7.91,8.47,15.44,9.5,6.53,9.7,0.45,0.17
23.5,87.5,Ausgram - II,West Bengal,0.03,0,0.11,0.79,5.96,7.47,12.94,10.35,4.65,7.07,0.19,0.17
23.5,87.75,Mangolkote,West Bengal,0.02,0,0.12,0.72,4.16,6.65,12.01,6.86,1.69,3.54,0.79,0.72
23.5,88,Mangolkote,West Bengal,0,0,0.54,0.56,3.77,5.81,10.95,4.85,3.55,4.29,0.73,1.02
23.5,88.25,Purbasthali - II,West Bengal,0,0,0.7,0.46,3.9,7.27,11.18,6.28,5.86,4.89,0.88,0.95
23.5,88.5,Krishnagar-II,West Bengal,0,0,0.7,0.44,3.56,7.62,13.55,6.39,6.18,6.87,0.98,0.9
23.75,87,Barabani,West Bengal,0.12,0,0.87,1,4.93,7.41,15.76,4.37,6.63,7.61,0.26,0.17
23.75,87.25,Khoyrasol,West Bengal,0.17,0,0.1,0.91,4.47,6.22,18.12,5.59,4.35,7.54,0.13,0.2
23.75,87.5,Dubrajpur,West Bengal,0.06,0,0.04,0.54,6.32,5.43,12.76,7.74,2.94,5.07,0.03,0.04
23.75,87.75,Bolpur Sriniketan,West Bengal,0.13,0,0.07,0.69,4.02,5.27,12.96,3.84,7.26,4.72,0.18,0.44
23.75,88,Ketugram - I,West Bengal,0.05,0,0.55,0.73,4.27,8.02,12.11,3.86,3.36,4.78,0.51,0.93
23.75,88.25,Kaliganj,West Bengal,0.04,0,0.61,0.85,4.12,6.74,11.07,4.71,4.43,4.73,0.67,0.78
23.75,88.5,Tehatta-I,West Bengal,0.03,0,0.63,0.64,3.97,7.23,12.1,5.36,5.05,5.21,0.74,0.7
24,87.25,Rajnagar,West Bengal,0.31,0,0.15,0.9,3.98,4.79,21.34,5.56,5.62,6.79,0.14,0.24
24,87.5,Mohammad Bazar,West Bengal,0.35,0,0.28,1.04,6.55,4.74,13.1,6.54,5.63,5.82,0.1,0.22
24,87.75,Mayureswar - II,West Bengal,0.16,0,0.44,1.77,4.39,3.76,11.85,3.82,5.89,1.78,0,0.38
24,88,Khargram,West Bengal,0.11,0,0.52,1.75,3.92,5.15,7.87,6.3,4.39,3.34,0.04,0.4
24,88.25,Beldanga - I,West Bengal,0.08,0,0.62,1.34,4.14,5.39,9.21,6.34,4.88,4,0.19,0.56
24,88.5,Domkal,West Bengal,0.06,0,0.63,1.22,4.18,5.66,9.59,5.99,4.79,4.19,0.32,0.62
24.25,87.75,Rampurhat - I,West Bengal,0.15,0,0.47,1.22,5.12,5.51,10.54,10.16,5.03,3.52,0.01,0.74
24.25,88,Nalhati - II,West Bengal,0.11,0,0.5,1.3,3.94,4.83,10.38,8.38,6.46,4.1,0.1,0.6
24.25,88.25,Murshidabad Jiaganj,West Bengal,0.15,0,0.47,1.5,4.22,4.88,8.93,8.83,4.98,3.55,0.06,0.52
24.25,88.5,Raninagar - II,West Bengal,0.07,0,0.76,1.5,4.29,5.12,8.89,8.75,4.95,3.52,0.12,0.58
24.5,88,Suti - I,West Bengal,0.14,0,0.37,1.71,4.28,5.14,9.93,10.94,4.64,3.05,0.05,0.54
24.75,88,Kaliachak - III,West Bengal,0.05,0,0.26,2.33,3.08,2.91,10.19,13.44,5.4,3.73,0.01,0.31
25,88,English Bazar,West Bengal,0,0,0.56,2.6,2.02,2.07,9.62,14.55,5.32,4.11,0,0.26
25,88.25,Habibpur,West Bengal,0,0,1.22,2.75,1.36,3.56,6.05,14.36,3.49,2.85,0,0.05
25.25,88,Ratua - I,West Bengal,0,0,0.65,4.19,1.72,3.24,8.63,17.12,4.65,4.66,0,0.09
25.25,88.25,Gazole,West Bengal,0,0,1.35,3.44,1.09,2.82,5.03,19.33,3.49,3.13,0,0
25.25,88.5,Tapan,West Bengal,0,0,1.42,2.44,1.02,6.26,3.68,13.19,2.07,1.39,0,0
25.25,88.75,Balurghat,West Bengal,0,0,1.47,3.96,1.38,6.76,5.67,16.48,4.38,2.47,0,0
25.5,88.25,Itahar,West Bengal,0,0,1.27,4.94,1.23,5.17,7.01,19.51,4.1,3.96,0,0
25.5,88.5,Kushmundi,West Bengal,0,0,1.51,4.97,1.73,8.63,7.3,18.89,5.74,3.17,0,0
25.75,88,Unknown,West Bengal,0,0,2.3,7.1,4.99,6.67,11.48,19.74,4.61,5.45,0,0
25.75,88.25,Hemtabad,West Bengal,0.01,0,2.27,6.47,3.5,6.66,8.7,19.92,4.69,4.82,0,0
26,88,Goalpokhar - II,West Bengal,0,0,2.62,3.32,6.17,4.34,12.75,19.25,4.4,9.93,0,0
26.25,88.25,Islampur,West Bengal,0.11,0.03,2.75,2.47,9.84,10.27,13.95,38.5,9.77,6.68,0.01,0
26.25,89,Mekliganj,West Bengal,0.01,0,2.53,5.67,11.6,17.44,13.43,31.16,14.97,6.98,0,0.02
26.25,89.25,Mathabhanga - I,West Bengal,0,0,3.11,7.2,11.72,15.01,14.3,35.68,14.92,8.49,0.01,0
26.25,89.5,Cooch Behar - I,West Bengal,0,0,3.23,8.11,11.26,15.52,15.05,38.39,17.74,8.72,0.02,0
26.5,88.25,Phansidewa,West Bengal,0.12,0.04,2.75,1.58,9.96,13.73,15.96,29.79,12.6,5.06,0.01,0
26.5,88.75,Jalpaiguri Sadar Block,West Bengal,0.12,0.02,2.85,1.99,8.98,17.62,22.46,27.1,18.94,3.45,0.07,0
26.5,89,Mekliganj,West Bengal,0,0.07,2.21,4.19,8.36,20.13,17.63,37.19,14.68,6.06,0.18,0
26.5,89.25,Falakata,West Bengal,0,0,2.13,3.71,8.07,20.78,14.26,43.04,23.02,9.54,0.01,0.22
26.5,89.5,Alipurduar - I,West Bengal,0,0,2.81,5.54,10.78,21.11,16.45,44.36,22.67,10,0.04,0
26.5,89.75,Kumargram,West Bengal,0,0.03,2.98,11.03,11.28,17.86,19.37,40.95,22.46,10.26,0.02,0
26.75,88.25,Naxalbari block,West Bengal,0.03,0.22,3.33,1.68,10.51,21.12,21.93,31.08,21.33,2.8,0.15,0
26.75,88.5,Rajganj,West Bengal,0.02,0.01,3.46,3.39,9.55,27.11,20.41,31.63,22.38,2.99,0.22,0
26.75,88.75,Mal,West Bengal,0.15,0.03,2.68,3.58,9.27,20.13,18.84,32.06,19.58,3.91,0.24,0
26.75,89,Dhupguri,West Bengal,0.01,0.12,2,3.31,6.16,20.55,22.03,40.04,19.21,6.49,0.32,0.02
26.75,89.25,Madarihat,West Bengal,0,0.06,2.39,3.91,7.73,24.27,20.78,45.49,22.97,9.42,0.16,0.13
26.75,89.5,Alipurduar - I,West Bengal,0,0,2.68,5.96,9.77,26.38,21.79,48.4,25.18,11.25,0.03,0.08
27,88.25,Jorebunglow Sukiapokhri,West Bengal,0.12,0.02,3.31,3.53,8.06,25.65,30.73,28.82,23.37,2.71,0.46,0
27,88.5,Kalimpong -I,West Bengal,0.04,0.01,3.34,4.32,9.92,33.72,28.42,38.94,27.78,2.97,0.17,0
27,88.75,Gorubathan,West Bengal,0.13,0.03,2.39,4.8,9.69,24.83,20.31,34.87,22.92,2.88,0.21,0
34.5,78.75,Hotan County,Xinjiang,0.35,0.82,0.01,1.67,0.17,0.78,0.21,0.35,0.02,0,0,0.07
34.5,79,Hotan County,Xinjiang,0.45,0.83,0.06,1.72,0.18,0.79,0.22,0.35,0.07,0,0,0.08
34.5,79.25,Hotan County,Xinjiang,0.73,0.89,0.23,1.88,0.21,0.83,0.28,0.38,0.24,0,0.01,0.13
34.5,79.5,Hotan County,Xinjiang,1.16,0.98,0.49,2.12,0.27,0.89,0.39,0.43,0.5,0,0.03,0.2
34.5,79.75,Hotan County,Xinjiang,1.68,1.08,0.81,2.43,0.34,0.97,0.58,0.52,0.83,0,0.05,0.29
34.75,78.25,Hotan County,Xinjiang,0.39,1.74,0.02,1.48,0.11,0.67,0.2,0.22,0.02,0,0,0.06
34.75,78.5,Hotan County,Xinjiang,0.37,1.22,0.01,1.58,0.14,0.73,0.2,0.29,0.02,0,0,0.06
34.75,78.75,Hotan County,Xinjiang,0.35,0.82,0.01,1.67,0.17,0.78,0.21,0.35,0.02,0,0,0.07
34.75,79,Hotan County,Xinjiang,0.39,0.82,0.03,1.69,0.17,0.78,0.21,0.35,0.04,0,0,0.07
34.75,79.25,Hotan County,Xinjiang,0.56,0.86,0.13,1.78,0.19,0.81,0.24,0.36,0.14,0,0.01,0.1
34.75,79.5,Hotan County,Xinjiang,0.86,0.92,0.31,1.95,0.23,0.85,0.32,0.4,0.32,0,0.02,0.15
34.75,79.75,Hotan County,Xinjiang,1.27,1,0.56,2.19,0.29,0.91,0.44,0.46,0.58,0,0.03,0.22
35,78.25,Hotan County,Xinjiang,0.42,2.6,0.03,1.32,0.06,0.56,0.2,0.1,0.03,0,0,0.05
35,78.5,Hotan County,Xinjiang,0.42,2.45,0.03,1.35,0.07,0.57,0.2,0.12,0.03,0,0,0.05
35,78.75,Hotan County,Xinjiang,0.38,1.63,0.02,1.5,0.11,0.68,0.2,0.23,0.02,0,0,0.06
35,79,Hotan County,Xinjiang,0.39,1.23,0.01,1.59,0.14,0.73,0.21,0.29,0.03,0,0,0.06
35,79.25,Hotan County,Xinjiang,0.47,1.04,0.07,1.69,0.17,0.77,0.22,0.32,0.09,0,0,0.08
35,79.5,Hotan County,Xinjiang,0.67,0.98,0.2,1.82,0.2,0.81,0.26,0.36,0.2,0,0.01,0.12
35,79.75,Hotan County,Xinjiang,0.97,0.99,0.38,2.01,0.24,0.86,0.35,0.41,0.39,0,0.02,0.17
35,80,Hotan County,Xinjiang,1.35,1.04,0.62,2.24,0.3,0.92,0.5,0.49,0.64,0,0.04,0.23
35.25,78.25,Hotan County,Xinjiang,0.45,3.22,0.04,1.19,0.02,0.48,0.19,0.01,0.04,0,0,0.05
35.25,78.5,Hotan County,Xinjiang,0.45,3.29,0.05,1.18,0.02,0.47,0.19,0,0.04,0,0,0.05
35.25,78.75,Hotan County,Xinjiang,0.42,2.46,0.03,1.34,0.07,0.57,0.2,0.12,0.03,0,0,0.05
35.25,79,Hotan County,Xinjiang,0.4,1.84,0.02,1.47,0.11,0.65,0.2,0.2,0.02,0,0,0.06
35.25,79.25,Hotan County,Xinjiang,0.43,1.44,0.05,1.58,0.13,0.71,0.21,0.26,0.05,0,0,0.07
35.25,79.5,Hotan County,Xinjiang,0.55,1.21,0.12,1.7,0.17,0.76,0.23,0.31,0.13,0,0,0.09
35.25,79.75,Hotan County,Xinjiang,0.76,1.1,0.25,1.85,0.21,0.81,0.29,0.36,0.26,0,0.02,0.13
35.25,80,Hotan County,Xinjiang,1.06,1.07,0.44,2.05,0.25,0.86,0.4,0.43,0.45,0,0.03,0.18
35.5,77.5,Unknown,Xinjiang,0.45,3.28,0.05,1.18,0.02,0.47,0.19,0,0.04,0,0,0.05
35.5,77.75,Unknown,Xinjiang,0.45,3.28,0.05,1.18,0.02,0.47,0.19,0,0.04,0,0,0.05
35.5,78,Unknown,Xinjiang,0.45,3.29,0.05,1.18,0.02,0.47,0.19,0,0.04,0,0,0.05
35.5,78.25,Hotan County,Xinjiang,0.45,3.29,0.05,1.18,0.02,0.47,0.19,0,0.04,0,0,0.05
35.5,78.5,Hotan County,Xinjiang,0.45,3.29,0.05,1.18,0.02,0.47,0.19,0,0.04,0,0,0.05
35.5,78.75,Hotan County,Xinjiang,0.43,2.87,0.04,1.26,0.04,0.52,0.2,0.06,0.03,0,0,0.05
35.5,79,Hotan County,Xinjiang,0.42,2.36,0.03,1.37,0.07,0.58,0.2,0.13,0.03,0,0,0.05
35.5,79.25,Hotan County,Xinjiang,0.42,1.9,0.03,1.47,0.1,0.65,0.21,0.2,0.04,0,0,0.06
35.5,79.5,Hotan County,Xinjiang,0.49,1.55,0.08,1.58,0.14,0.7,0.22,0.25,0.08,0,0,0.08
35.5,79.75,Hotan County,Xinjiang,0.63,1.33,0.17,1.72,0.17,0.76,0.25,0.3,0.17,0,0.01,0.11
35.5,80,Hotan County,Xinjiang,0.85,1.2,0.3,1.89,0.21,0.81,0.32,0.36,0.31,0,0.02,0.14
35.5,80.25,Hotan County,Xinjiang,1.13,1.15,0.49,2.08,0.26,0.87,0.44,0.44,0.5,0,0.03,0.19
35.75,76.75,Unknown,Xinjiang,0.45,3.28,0.05,1.61,0.02,0.47,0.19,0,0.04,0,0,0.05
35.75,77,Unknown,Xinjiang,0.45,3.29,0.05,1.56,0.02,0.47,0.19,0,0.04,0,0,0.05
35.75,77.25,Unknown,Xinjiang,0.45,3.29,0.05,1.37,0.02,0.47,0.19,0,0.04,0,0,0.05
35.75,77.75,Unknown,Xinjiang,0.45,3.29,0.05,1.23,0.02,0.47,0.19,0,0.04,0,0,0.05
35.75,78,Unknown,Xinjiang,0.45,3.29,0.05,1.2,0.02,0.47,0.19,0,0.04,0,0,0.05
35.75,78.25,Unknown,Xinjiang,0.45,3.29,0.05,1.19,0.02,0.47,0.19,0,0.04,0,0,0.05
35.75,78.5,Unknown,Xinjiang,0.45,3.29,0.05,1.19,0.02,0.47,0.19,0,0.04,0,0,0.05
35.75,78.75,Hotan County,Xinjiang,0.44,3.08,0.04,1.22,0.03,0.5,0.19,0.03,0.04,0,0,0.05
35.75,79,Hotan County,Xinjiang,0.43,2.72,0.03,1.29,0.05,0.54,0.2,0.08,0.03,0,0,0.05
35.75,79.25,Hotan County,Xinjiang,0.43,2.31,0.03,1.38,0.08,0.59,0.2,0.14,0.03,0,0,0.05
35.75,79.5,Hotan County,Xinjiang,0.45,1.92,0.06,1.48,0.1,0.65,0.21,0.19,0.06,0,0,0.07
35.75,79.75,Hotan County,Xinjiang,0.54,1.63,0.11,1.6,0.14,0.7,0.23,0.25,0.11,0,0,0.08
35.75,80,Hotan County,Xinjiang,0.69,1.41,0.21,1.75,0.17,0.76,0.27,0.3,0.21,0,0.01,0.11
35.75,80.25,Hotan County,Xinjiang,0.91,1.28,0.35,1.91,0.22,0.82,0.35,0.37,0.36,0,0.02,0.15
36,76.25,Unknown,Xinjiang,1.36,0.52,0.14,3.09,0,0.13,1.26,0.12,0.01,0,0,0.74
36,76.5,Unknown,Xinjiang,0.75,2.04,0.09,2.25,0.01,0.32,0.67,0.05,0.03,0,0,0.35
36,76.75,Unknown,Xinjiang,0.45,3.29,0.05,1.61,0.02,0.47,0.19,0,0.04,0,0,0.05
36,77,Unknown,Xinjiang,0.45,3.29,0.05,1.58,0.02,0.47,0.19,0,0.04,0,0,0.05
36,78.5,Unknown,Xinjiang,0.45,3.29,0.05,1.2,0.02,0.47,0.19,0,0.04,0,0,0.05
36,78.75,Hotan County,Xinjiang,0.45,3.18,0.04,1.21,0.02,0.48,0.19,0.02,0.04,0,0,0.05
36,79,Hotan County,Xinjiang,0.44,2.95,0.04,1.25,0.04,0.51,0.2,0.05,0.03,0,0,0.05
36,79.25,Hotan County,Xinjiang,0.43,2.63,0.03,1.32,0.06,0.55,0.2,0.1,0.03,0,0,0.05
36,79.5,Hotan County,Xinjiang,0.44,2.28,0.04,1.4,0.08,0.6,0.2,0.14,0.04,0,0,0.06
36,79.75,Hotan County,Xinjiang,0.49,1.95,0.08,1.5,0.11,0.65,0.21,0.19,0.08,0,0,0.07
36,80,Hotan County,Xinjiang,0.59,1.68,0.15,1.62,0.14,0.7,0.24,0.25,0.15,0,0.01,0.09
36.25,76.25,Unknown,Xinjiang,2.23,0.77,0.35,3.49,0.06,0.33,1.34,0.32,0.04,0,0.04,0.82
36.25,76.5,Unknown,Xinjiang,1.48,1.4,0.22,2.86,0.03,0.32,1,0.19,0.03,0,0.01,0.59
36.25,76.75,Unknown,Xinjiang,0.96,2.34,0.13,2.23,0.02,0.39,0.59,0.08,0.03,0,0.01,0.31
36.5,76,Taxkorgan Tajik Autonomous County,Xinjiang,3.91,1.72,1.2,4.52,0.3,1.04,1.65,1.07,0.12,0,0.21,1.03
36.5,76.25,Taxkorgan Tajik Autonomous County,Xinjiang,3.07,1.24,0.78,4,0.18,0.68,1.49,0.69,0.08,0,0.12,0.93
36.75,75.5,Taxkorgan Tajik Autonomous County,Xinjiang,5.81,3.77,3.03,6.3,0.76,2.47,2.41,2.53,0.3,0,0.53,1.37
36.75,75.75,Taxkorgan Tajik Autonomous County,Xinjiang,5.26,3.09,2.43,5.73,0.62,2.02,2.15,2.07,0.24,0,0.43,1.27
37,75,Taxkorgan Tajik Autonomous County,Xinjiang,5.43,3.76,3.08,6.01,0.68,2.55,3.21,2.54,0.34,0,0.52,1.27
37,75.25,Taxkorgan Tajik Autonomous County,Xinjiang,5.79,3.99,3.26,6.35,0.76,2.64,2.92,2.66,0.34,0,0.55,1.34
37,75.5,Taxkorgan Tajik Autonomous County,Xinjiang,5.8,3.88,3.14,6.33,0.76,2.55,2.67,2.6,0.32,0,0.54,1.35
37.25,74.75,Taxkorgan Tajik Autonomous County,Xinjiang,3.84,2.64,2.16,4.27,0.46,2.23,4.12,2.23,0.33,0,0.37,0.95
37.25,75,Taxkorgan Tajik Autonomous County,Xinjiang,4.63,3.2,2.62,5.14,0.57,2.39,3.66,2.38,0.34,0,0.45,1.11
37.25,75.25,Taxkorgan Tajik Autonomous County,Xinjiang,5.21,3.59,2.94,5.75,0.67,2.51,3.29,2.52,0.34,0,0.5,1.23
27,90.75,Phangkhar Gewog,Zhemgang District,0,1.29,1.35,11.76,9.31,22.68,15.64,28.38,31.72,8.16,0.76,0
27,91,Bjoka Gewog,Zhemgang District,0,1.57,1.47,11.53,8.9,18.31,11.24,15.6,20.59,5.73,0.58,0
